event_id,resource_id,origin_time,latitude,longitude,depth_km,magnitude,mag_type,event_type,client,split,quality,nph,rms,catalog
14566868,scedc:14566868,2010-01-01T02:27:45.960000Z,32.470666666666666,-115.214,6.0,2.2,,,SCEDC,,C,24,0.39,SCSN
14566876,scedc:14566876,2010-01-01T02:33:42.820000Z,32.453833333333336,-115.20283333333332,6.0,3.2,,,SCEDC,,C,38,0.48,SCSN
14566884,scedc:14566884,2010-01-01T02:55:04.370000Z,35.985166666666665,-117.29833333333332,0.66,2.8,,,SCEDC,,A,59,0.23,SCSN
14566908,scedc:14566908,2010-01-01T03:25:30.180000Z,36.0325,-117.78283333333331,0.71,2.9,,,SCEDC,,A,57,0.22,SCSN
14567060,scedc:14567060,2010-01-01T06:52:51.400000Z,32.465333333333334,-115.215,6.0,2.6,,,SCEDC,,C,29,0.33,SCSN
14567084,scedc:14567084,2010-01-01T07:36:17.140000Z,32.4905,-115.19283333333334,5.97,2.1,,,SCEDC,,C,18,0.29,SCSN
14567092,scedc:14567092,2010-01-01T07:40:08.080000Z,32.4555,-115.19816666666668,6.0,2.5,,,SCEDC,,C,32,0.39,SCSN
24949759,scedc:24949759,2010-01-01T07:52:00.460000Z,32.492,-115.20016666666666,5.97,2.2,,,SCEDC,,C,12,0.17,SCSN
14567140,scedc:14567140,2010-01-01T09:30:55.040000Z,32.48766666666667,-115.27266666666668,6.0,2.1,,,SCEDC,,C,25,0.29,SCSN
14567220,scedc:14567220,2010-01-01T14:06:44.280000Z,32.44683333333333,-115.208,6.0,2.8,,,SCEDC,,C,35,0.36,SCSN
14567284,scedc:14567284,2010-01-01T15:43:02.440000Z,32.268166666666666,-115.3355,6.0,2.5,,,SCEDC,,C,19,0.25,SCSN
14567300,scedc:14567300,2010-01-01T17:51:53.430000Z,32.361666666666665,-115.2505,6.0,2.6,,,SCEDC,,C,25,0.32,SCSN
14567420,scedc:14567420,2010-01-02T03:15:45.200000Z,33.575833333333335,-118.88866666666668,11.21,2.8,,,SCEDC,,C,35,0.44,SCSN
14567428,scedc:14567428,2010-01-02T04:08:49.180000Z,34.580333333333336,-119.84583333333332,4.75,2.1,,,SCEDC,,C,12,0.27,SCSN
14567580,scedc:14567580,2010-01-02T14:04:21.080000Z,34.6705,-116.33633333333331,4.84,2.0,,,SCEDC,,C,31,0.12,SCSN
14567676,scedc:14567676,2010-01-02T22:37:14.140000Z,32.545,-115.2295,5.98,2.4,,,SCEDC,,C,28,0.23,SCSN
14567700,scedc:14567700,2010-01-02T23:11:22.500000Z,32.937666666666665,-115.55416666666666,15.06,2.0,,,SCEDC,,C,29,0.23,SCSN
14567900,scedc:14567900,2010-01-03T07:04:44.230000Z,32.471666666666664,-115.20866666666667,5.97,2.8,,,SCEDC,,C,22,0.26,SCSN
14567988,scedc:14567988,2010-01-03T17:25:52.940000Z,32.545,-115.23883333333332,6.0,2.9,,,SCEDC,,C,42,0.33,SCSN
14567996,scedc:14567996,2010-01-03T17:32:28.330000Z,32.54566666666667,-115.22716666666666,5.96,2.0,,,SCEDC,,C,11,0.28,SCSN
14568004,scedc:14568004,2010-01-03T17:56:19.700000Z,32.55,-115.234,5.99,2.1,,,SCEDC,,C,38,0.36,SCSN
14568092,scedc:14568092,2010-01-03T22:15:47.810000Z,32.38433333333333,-115.11933333333332,5.95,2.9,,,SCEDC,,C,22,0.26,SCSN
14568100,scedc:14568100,2010-01-03T22:17:19.130000Z,32.37566666666667,-115.13116666666669,5.97,2.7,,,SCEDC,,C,8,0.26,SCSN
14568108,scedc:14568108,2010-01-03T23:22:49.420000Z,32.359833333333334,-115.11616666666669,5.96,2.2,,,SCEDC,,C,11,0.31,SCSN
14568116,scedc:14568116,2010-01-03T23:49:44.410000Z,32.34766666666667,-115.11633333333332,5.96,2.1,,,SCEDC,,C,16,0.34,SCSN
14568124,scedc:14568124,2010-01-04T00:02:17.990000Z,32.1915,-116.655,5.63,3.8,,,SCEDC,,C,79,0.16,SCSN
14568244,scedc:14568244,2010-01-04T04:35:59.300000Z,33.999833333333335,-116.29366666666668,4.03,2.4,,,SCEDC,,A,34,0.17,SCSN
14568468,scedc:14568468,2010-01-04T17:29:05.910000Z,35.986666666666665,-117.2895,1.92,2.2,,,SCEDC,,A,43,0.23,SCSN
14568516,scedc:14568516,2010-01-04T20:07:59.930000Z,35.711666666666666,-117.48216666666669,8.64,3.4,,,SCEDC,,A,78,0.17,SCSN
14568532,scedc:14568532,2010-01-04T20:11:25.790000Z,35.7115,-117.485,9.2,3.1,,,SCEDC,,A,70,0.21,SCSN
14568620,scedc:14568620,2010-01-04T23:45:28.380000Z,32.74,-115.42216666666668,17.91,2.5,,,SCEDC,,A,32,0.32,SCSN
14568628,scedc:14568628,2010-01-04T23:57:37.750000Z,32.738166666666665,-115.41866666666668,17.51,2.1,,,SCEDC,,B,29,0.27,SCSN
14568716,scedc:14568716,2010-01-05T04:44:42.270000Z,35.958333333333336,-117.3335,0.33,2.8,,,SCEDC,,A,41,0.17,SCSN
14568868,scedc:14568868,2010-01-05T12:04:40.130000Z,32.276666666666664,-115.33666666666667,5.97,2.4,,,SCEDC,,C,25,0.26,SCSN
14568900,scedc:14568900,2010-01-05T15:18:07.960000Z,33.86816666666667,-117.84283333333332,10.23,2.0,,,SCEDC,,A,57,0.18,SCSN
14568956,scedc:14568956,2010-01-05T19:11:15.410000Z,32.716833333333334,-115.41783333333332,15.01,2.0,,,SCEDC,,C,22,0.3,SCSN
14569156,scedc:14569156,2010-01-06T02:22:36.660000Z,36.09633333333333,-117.89033333333332,4.47,2.0,,,SCEDC,,A,86,0.25,SCSN
14569356,scedc:14569356,2010-01-06T16:56:06.300000Z,32.40116666666667,-115.12316666666666,5.96,2.2,,,SCEDC,,C,10,0.27,SCSN
14569404,scedc:14569404,2010-01-06T20:27:05.780000Z,32.368833333333335,-115.10133333333332,5.96,2.0,,,SCEDC,,C,11,0.45,SCSN
14569508,scedc:14569508,2010-01-07T01:42:02.790000Z,32.518,-115.2405,6.0,2.9,,,SCEDC,,C,32,0.41,SCSN
14569572,scedc:14569572,2010-01-07T04:44:41.120000Z,32.44083333333333,-115.17583333333332,0.56,2.1,,,SCEDC,,B,20,0.4,SCSN
14569652,scedc:14569652,2010-01-07T10:40:30.670000Z,33.6655,-116.74766666666666,15.72,2.0,,,SCEDC,,A,42,0.18,SCSN
14569668,scedc:14569668,2010-01-07T11:01:28.540000Z,32.36333333333334,-115.11433333333332,5.99,2.0,,,SCEDC,,C,14,0.29,SCSN
14569804,scedc:14569804,2010-01-07T20:16:51.260000Z,32.31216666666667,-115.31533333333331,5.96,2.6,,,SCEDC,,C,25,0.28,SCSN
14569820,scedc:14569820,2010-01-07T20:37:21.010000Z,32.31466666666667,-115.313,2.35,2.4,,,SCEDC,,C,15,0.34,SCSN
14569860,scedc:14569860,2010-01-07T22:33:59.930000Z,32.21783333333333,-115.35416666666669,5.96,2.1,,,SCEDC,,C,10,0.32,SCSN
14569948,scedc:14569948,2010-01-08T02:36:13.090000Z,35.31033333333333,-118.607,3.98,2.0,,,SCEDC,,A,59,0.24,SCSN
14570236,scedc:14570236,2010-01-09T00:07:24.150000Z,33.46233333333333,-116.443,1.56,2.6,,,SCEDC,,A,91,0.23,SCSN
14570300,scedc:14570300,2010-01-09T02:12:49.210000Z,33.463166666666666,-116.44183333333334,4.7,2.0,,,SCEDC,,C,80,0.26,SCSN
14570372,scedc:14570372,2010-01-09T04:49:04.290000Z,32.687666666666665,-115.91833333333334,5.55,2.1,,,SCEDC,,A,45,0.23,SCSN
14570436,scedc:14570436,2010-01-09T10:25:50.180000Z,32.11416666666667,-115.36783333333334,5.96,2.1,,,SCEDC,,C,15,0.32,SCSN
14570468,scedc:14570468,2010-01-09T12:56:11.530000Z,33.58283333333333,-117.2275,12.19,2.2,,,SCEDC,,A,82,0.23,SCSN
14570524,scedc:14570524,2010-01-09T17:37:56.050000Z,33.240833333333335,-116.0505,3.74,2.3,,,SCEDC,,A,27,0.2,SCSN
14570732,scedc:14570732,2010-01-10T02:55:06.750000Z,36.40133333333333,-117.86866666666668,3.93,3.0,,,SCEDC,,C,60,0.24,SCSN
14570852,scedc:14570852,2010-01-10T06:35:53.560000Z,32.403333333333336,-115.1755,5.99,4.1,,,SCEDC,,C,68,0.44,SCSN
14570924,scedc:14570924,2010-01-10T08:43:55.850000Z,32.3955,-115.22133333333332,6.0,2.5,,,SCEDC,,C,16,0.29,SCSN
14570988,scedc:14570988,2010-01-10T12:29:04.630000Z,32.465,-117.59383333333334,6.79,2.4,,,SCEDC,,C,92,0.19,SCSN
14571052,scedc:14571052,2010-01-10T15:19:47.050000Z,32.454166666666666,-115.17716666666666,5.99,2.2,,,SCEDC,,C,22,0.29,SCSN
14571148,scedc:14571148,2010-01-10T17:45:48.930000Z,36.016,-117.874,3.59,2.1,,,SCEDC,,A,61,0.23,SCSN
14571340,scedc:14571340,2010-01-10T23:48:11.760000Z,33.179,-115.60633333333334,3.37,2.0,,,SCEDC,,A,29,0.22,SCSN
14571476,scedc:14571476,2010-01-11T05:24:05.960000Z,32.42016666666667,-115.17366666666666,5.99,2.1,,,SCEDC,,C,19,0.38,SCSN
14571820,scedc:14571820,2010-01-12T01:29:16.940000Z,32.74916666666667,-115.627,14.77,2.2,,,SCEDC,,A,52,0.34,SCSN
14571948,scedc:14571948,2010-01-12T08:31:36.360000Z,32.12083333333333,-115.35966666666668,5.97,2.2,,,SCEDC,,C,13,0.51,SCSN
14571972,scedc:14571972,2010-01-12T10:26:12.830000Z,32.366,-115.14133333333334,5.95,2.0,,,SCEDC,,C,11,0.24,SCSN
14572196,scedc:14572196,2010-01-12T20:11:34.300000Z,33.82783333333333,-115.56016666666666,2.99,2.0,,,SCEDC,,A,56,0.18,SCSN
10525653,scedc:10525653,2010-01-13T00:56:13.420000Z,33.9365,-118.34583333333332,11.73,2.0,,,SCEDC,,A,39,0.26,SCSN
10525669,scedc:10525669,2010-01-13T02:43:38.980000Z,36.400666666666666,-117.878,2.27,2.6,,,SCEDC,,A,42,0.26,SCSN
10525701,scedc:10525701,2010-01-13T03:30:40.290000Z,32.465333333333334,-115.181,5.97,2.6,,,SCEDC,,C,28,0.41,SCSN
10525741,scedc:10525741,2010-01-13T07:37:08.710000Z,32.357,-115.18616666666668,5.99,2.4,,,SCEDC,,C,30,0.46,SCSN
10525917,scedc:10525917,2010-01-13T16:40:59.710000Z,32.1395,-115.37166666666668,5.94,2.2,,,SCEDC,,C,9,0.33,SCSN
10526237,scedc:10526237,2010-01-14T11:07:42.100000Z,36.04083333333333,-117.83383333333332,0.43,2.3,,,SCEDC,,A,47,0.21,SCSN
10526285,scedc:10526285,2010-01-14T12:10:05.290000Z,36.03783333333333,-117.8355,0.05,3.5,,,SCEDC,,A,54,0.18,SCSN
10526373,scedc:10526373,2010-01-14T12:57:12.580000Z,36.03966666666667,-117.834,0.37,3.2,,,SCEDC,,A,54,0.19,SCSN
10526397,scedc:10526397,2010-01-14T13:02:45.200000Z,36.03916666666667,-117.836,0.39,2.0,,,SCEDC,,A,38,0.18,SCSN
10526413,scedc:10526413,2010-01-14T13:37:00.910000Z,36.038,-117.83633333333331,0.35,3.4,,,SCEDC,,A,68,0.19,SCSN
10526469,scedc:10526469,2010-01-14T14:43:38.180000Z,36.0315,-117.83466666666666,1.05,2.0,,,SCEDC,,A,16,0.13,SCSN
10526477,scedc:10526477,2010-01-14T14:57:13.640000Z,36.037333333333336,-117.83766666666666,0.21,2.1,,,SCEDC,,A,33,0.23,SCSN
10526509,scedc:10526509,2010-01-14T15:07:31.930000Z,33.745,-116.03383333333332,7.72,2.0,,,SCEDC,,A,79,0.17,SCSN
10526525,scedc:10526525,2010-01-14T15:14:27.460000Z,34.349333333333334,-116.46366666666668,8.54,2.0,,,SCEDC,,A,59,0.13,SCSN
10526869,scedc:10526869,2010-01-15T02:01:34.480000Z,33.183,-115.60516666666666,2.54,3.1,,,SCEDC,,A,86,0.28,SCSN
10526893,scedc:10526893,2010-01-15T02:03:14.910000Z,33.17933333333333,-115.60183333333332,2.7,2.3,,,SCEDC,,A,51,0.22,SCSN
10526965,scedc:10526965,2010-01-15T02:13:52.130000Z,33.17933333333333,-115.60833333333332,1.8,3.5,,,SCEDC,,A,58,0.28,SCSN
10527413,scedc:10527413,2010-01-15T03:57:30.250000Z,32.388666666666666,-115.0965,5.97,2.0,,,SCEDC,,C,19,0.4,SCSN
10527509,scedc:10527509,2010-01-15T04:52:33.480000Z,36.0325,-117.839,0.6,2.5,,,SCEDC,,A,49,0.2,SCSN
10527613,scedc:10527613,2010-01-15T06:19:27.460000Z,33.18483333333333,-115.60566666666666,2.67,2.0,,,SCEDC,,A,30,0.25,SCSN
10527701,scedc:10527701,2010-01-15T07:45:08.930000Z,36.02766666666667,-117.842,0.92,2.0,,,SCEDC,,A,64,0.26,SCSN
10527789,scedc:10527789,2010-01-15T08:23:27.340000Z,36.031,-117.843,0.1,4.4,,,SCEDC,,A,87,0.19,SCSN
25301767,scedc:25301767,2010-01-15T08:24:37.640000Z,36.023,-117.83366666666667,3.96,2.0,,,SCEDC,,C,5,0.01,SCSN
25301759,scedc:25301759,2010-01-15T08:25:23.100000Z,36.03033333333333,-117.8325,2.03,2.5,,,SCEDC,,C,5,0.02,SCSN
10527821,scedc:10527821,2010-01-15T08:35:27.150000Z,36.033166666666666,-117.84216666666669,0.36,2.0,,,SCEDC,,A,49,0.27,SCSN
10527877,scedc:10527877,2010-01-15T08:44:38.630000Z,36.0265,-117.83716666666666,0.12,2.2,,,SCEDC,,A,48,0.26,SCSN
10527989,scedc:10527989,2010-01-15T09:24:32.370000Z,36.03366666666667,-117.83983333333332,1.06,2.0,,,SCEDC,,A,43,0.21,SCSN
10527997,scedc:10527997,2010-01-15T09:25:13.940000Z,36.03416666666666,-117.84283333333332,0.48,3.0,,,SCEDC,,A,79,0.22,SCSN
10528149,scedc:10528149,2010-01-15T10:29:58.630000Z,36.02916666666667,-117.83983333333332,0.44,3.6,,,SCEDC,,A,72,0.19,SCSN
10528285,scedc:10528285,2010-01-15T11:27:48.460000Z,33.18533333333333,-115.61116666666666,3.05,2.0,,,SCEDC,,A,66,0.25,SCSN
10528517,scedc:10528517,2010-01-15T13:39:31.390000Z,36.036,-117.84833333333331,0.01,3.4,,,SCEDC,,A,72,0.24,SCSN
10528533,scedc:10528533,2010-01-15T13:40:50.870000Z,36.033166666666666,-117.8445,0.08,2.0,,,SCEDC,,A,53,0.3,SCSN
10528541,scedc:10528541,2010-01-15T13:42:13.380000Z,36.0375,-117.84283333333332,0.22,2.2,,,SCEDC,,A,56,0.24,SCSN
10528549,scedc:10528549,2010-01-15T13:42:17.590000Z,32.14683333333333,-115.3745,5.96,3.1,,,SCEDC,,C,23,0.25,SCSN
10528629,scedc:10528629,2010-01-15T14:17:43.220000Z,32.189,-115.36716666666666,6.0,2.9,,,SCEDC,,C,20,0.42,SCSN
10528645,scedc:10528645,2010-01-15T14:20:49.500000Z,36.03716666666666,-117.84616666666666,1.65,2.9,,,SCEDC,,A,59,0.21,SCSN
10528733,scedc:10528733,2010-01-15T16:04:02.750000Z,32.14666666666667,-116.06916666666666,4.69,2.2,,,SCEDC,,C,8,0.07,SCSN
10529013,scedc:10529013,2010-01-15T19:46:20.250000Z,32.30833333333333,-115.17533333333331,5.98,2.8,,,SCEDC,,C,12,0.31,SCSN
10529093,scedc:10529093,2010-01-15T20:31:32.750000Z,36.04016666666666,-117.829,0.43,2.2,,,SCEDC,,A,51,0.19,SCSN
10529109,scedc:10529109,2010-01-15T20:47:26.640000Z,33.184333333333335,-115.60866666666666,2.17,2.0,,,SCEDC,,A,57,0.25,SCSN
10529245,scedc:10529245,2010-01-15T23:12:24.370000Z,32.198166666666665,-115.35883333333334,5.96,2.4,,,SCEDC,,C,10,0.22,SCSN
10529581,scedc:10529581,2010-01-16T04:21:20.420000Z,32.14233333333333,-115.374,5.96,2.3,,,SCEDC,,C,17,0.29,SCSN
10529597,scedc:10529597,2010-01-16T04:58:58.940000Z,32.23133333333333,-115.3985,5.98,2.0,,,SCEDC,,C,10,0.21,SCSN
10529669,scedc:10529669,2010-01-16T06:28:39.440000Z,36.023666666666664,-117.78416666666666,1.22,2.1,,,SCEDC,,A,42,0.18,SCSN
10529677,scedc:10529677,2010-01-16T06:36:18.600000Z,36.03766666666667,-117.84433333333334,0.12,3.4,,,SCEDC,,A,75,0.23,SCSN
10529709,scedc:10529709,2010-01-16T06:46:18.890000Z,36.026,-117.83933333333331,1.97,2.2,,,SCEDC,,A,38,0.21,SCSN
10529773,scedc:10529773,2010-01-16T07:04:40.450000Z,36.031,-117.84366666666666,0.38,2.0,,,SCEDC,,A,44,0.21,SCSN
10530245,scedc:10530245,2010-01-16T17:51:41.440000Z,32.3205,-115.16483333333332,5.95,2.3,,,SCEDC,,C,11,0.39,SCSN
10530685,scedc:10530685,2010-01-17T08:00:57.410000Z,32.157833333333336,-115.377,6.0,3.2,,,SCEDC,,C,36,0.4,SCSN
10530749,scedc:10530749,2010-01-17T09:42:32.200000Z,33.95,-118.40016666666666,15.29,2.0,,,SCEDC,,A,72,0.31,SCSN
10530789,scedc:10530789,2010-01-17T11:42:57.160000Z,32.17883333333333,-115.38766666666666,5.95,2.0,,,SCEDC,,C,13,0.23,SCSN
10530869,scedc:10530869,2010-01-17T15:44:19.460000Z,32.144,-115.319,6.0,2.7,,,SCEDC,,C,26,0.41,SCSN
10530909,scedc:10530909,2010-01-17T17:36:00.630000Z,35.82366666666667,-118.54166666666669,4.28,2.2,,,SCEDC,,C,52,0.24,SCSN
10530949,scedc:10530949,2010-01-17T18:48:31.120000Z,36.03483333333333,-117.84516666666669,1.29,2.3,,,SCEDC,,A,48,0.25,SCSN
10530973,scedc:10530973,2010-01-17T19:12:20.600000Z,36.0345,-117.84416666666668,0.75,2.1,,,SCEDC,,A,46,0.26,SCSN
10531029,scedc:10531029,2010-01-17T19:50:42.440000Z,32.1825,-115.37366666666668,6.0,2.7,,,SCEDC,,C,37,0.51,SCSN
10531149,scedc:10531149,2010-01-17T23:23:14.680000Z,32.1445,-115.32383333333334,6.0,2.6,,,SCEDC,,C,23,0.4,SCSN
10531237,scedc:10531237,2010-01-18T02:30:18.580000Z,32.18716666666667,-115.37916666666666,6.0,2.8,,,SCEDC,,C,30,0.45,SCSN
10531317,scedc:10531317,2010-01-18T04:49:38.250000Z,32.1675,-115.4045,6.97,2.1,,,SCEDC,,C,16,0.4,SCSN
10531309,scedc:10531309,2010-01-18T04:50:45.680000Z,36.03333333333333,-117.84466666666668,0.82,2.9,,,SCEDC,,A,56,0.23,SCSN
10531325,scedc:10531325,2010-01-18T04:56:08.790000Z,32.20216666666666,-115.37416666666668,6.0,2.5,,,SCEDC,,C,29,0.35,SCSN
10531429,scedc:10531429,2010-01-18T06:07:45.330000Z,32.20433333333333,-115.3655,6.0,2.4,,,SCEDC,,C,35,0.46,SCSN
10531453,scedc:10531453,2010-01-18T06:34:55.830000Z,36.036,-117.84116666666668,1.78,2.8,,,SCEDC,,A,55,0.22,SCSN
10531525,scedc:10531525,2010-01-18T07:27:41.210000Z,32.28783333333333,-115.40516666666667,16.69,2.0,,,SCEDC,,C,18,0.27,SCSN
10531589,scedc:10531589,2010-01-18T09:01:44.560000Z,32.618,-115.6605,11.71,2.2,,,SCEDC,,A,52,0.4,SCSN
10531653,scedc:10531653,2010-01-18T11:25:35.390000Z,32.2025,-115.194,5.97,2.3,,,SCEDC,,C,19,0.34,SCSN
10531741,scedc:10531741,2010-01-18T14:47:58.990000Z,33.68383333333333,-116.70516666666668,15.0,2.4,,,SCEDC,,A,26,0.09,SCSN
10531805,scedc:10531805,2010-01-18T16:46:43.360000Z,36.029833333333336,-117.845,2.08,2.1,,,SCEDC,,A,63,0.24,SCSN
10531845,scedc:10531845,2010-01-18T17:55:53.330000Z,35.73566666666667,-117.63883333333334,8.66,2.5,,,SCEDC,,A,68,0.21,SCSN
10532317,scedc:10532317,2010-01-20T00:18:28.120000Z,32.99133333333333,-116.35866666666666,7.74,2.0,,,SCEDC,,B,68,0.25,SCSN
10532333,scedc:10532333,2010-01-20T02:33:55.010000Z,32.99033333333333,-116.3635,4.03,2.4,,,SCEDC,,A,80,0.22,SCSN
10532389,scedc:10532389,2010-01-20T04:57:55.500000Z,32.355333333333334,-115.24616666666668,5.98,2.1,,,SCEDC,,C,19,0.28,SCSN
10532405,scedc:10532405,2010-01-20T05:51:08.620000Z,33.523,-118.24416666666669,0.83,2.6,,,SCEDC,,A,84,0.53,SCSN
10532509,scedc:10532509,2010-01-20T11:52:51.170000Z,32.99483333333333,-116.36016666666669,4.94,2.3,,,SCEDC,,C,75,0.29,SCSN
10532533,scedc:10532533,2010-01-20T12:29:52.250000Z,36.028333333333336,-117.84816666666669,1.62,2.0,,,SCEDC,,A,40,0.21,SCSN
10532981,scedc:10532981,2010-01-22T06:52:29.840000Z,33.474,-116.46516666666666,10.55,2.4,,,SCEDC,,A,97,0.24,SCSN
26429759,scedc:26429759,2010-01-22T07:25:12.300000Z,33.4805,-116.45716666666668,8.2,2.4,,,SCEDC,,A,35,0.2,SCSN
10533133,scedc:10533133,2010-01-22T14:30:08.480000Z,33.744166666666665,-116.90966666666668,10.75,2.1,,,SCEDC,,A,85,0.24,SCSN
10533141,scedc:10533141,2010-01-22T14:34:31.280000Z,32.4725,-115.18266666666666,5.98,2.6,,,SCEDC,,C,22,0.33,SCSN
10533437,scedc:10533437,2010-01-23T13:16:16.800000Z,33.1545,-115.64033333333332,1.82,2.6,,,SCEDC,,A,58,0.23,SCSN
10533565,scedc:10533565,2010-01-23T13:33:55.510000Z,33.158,-115.64316666666669,1.19,2.1,,,SCEDC,,A,47,0.23,SCSN
10533597,scedc:10533597,2010-01-23T13:40:34.150000Z,33.15716666666667,-115.64316666666669,1.7,2.5,,,SCEDC,,A,49,0.18,SCSN
10533725,scedc:10533725,2010-01-23T17:54:50.500000Z,32.253166666666665,-116.577,5.61,2.3,,,SCEDC,,C,19,0.08,SCSN
10533877,scedc:10533877,2010-01-23T21:36:25.650000Z,36.11083333333333,-117.6555,0.05,2.0,,,SCEDC,,A,33,0.19,SCSN
10534013,scedc:10534013,2010-01-24T11:24:47.180000Z,34.474833333333336,-116.51316666666666,7.92,2.9,,,SCEDC,,A,89,0.17,SCSN
10534021,scedc:10534021,2010-01-24T12:34:14.750000Z,32.248,-116.57966666666668,6.61,2.1,,,SCEDC,,C,24,0.11,SCSN
10534181,scedc:10534181,2010-01-24T22:41:19.970000Z,33.924,-116.57333333333334,11.64,2.6,,,SCEDC,,A,78,0.18,SCSN
10534581,scedc:10534581,2010-01-25T23:48:52.590000Z,32.211166666666664,-115.32316666666668,5.93,2.1,,,SCEDC,,C,9,0.26,SCSN
10534645,scedc:10534645,2010-01-26T04:04:57.540000Z,32.332166666666666,-115.149,5.98,2.2,,,SCEDC,,C,13,0.22,SCSN
10534661,scedc:10534661,2010-01-26T04:36:22.150000Z,32.3495,-115.14683333333332,5.98,2.0,,,SCEDC,,C,13,0.19,SCSN
14581700,scedc:14581700,2010-01-27T04:55:12.530000Z,33.29983333333333,-116.313,11.47,2.6,,,SCEDC,,A,98,0.26,SCSN
14581836,scedc:14581836,2010-01-27T12:35:52.110000Z,32.778166666666664,-115.4425,14.38,2.2,,,SCEDC,,A,42,0.36,SCSN
14582100,scedc:14582100,2010-01-28T01:02:06.710000Z,33.899166666666666,-117.778,0.25,2.3,,,SCEDC,,C,35,0.37,SCSN
10535613,scedc:10535613,2010-01-28T10:30:39.540000Z,32.737833333333334,-115.406,14.99,3.3,,,SCEDC,,C,54,0.27,SCSN
10535661,scedc:10535661,2010-01-28T14:56:55.690000Z,35.397166666666664,-118.64033333333332,5.04,2.4,,,SCEDC,,C,63,0.25,SCSN
10536037,scedc:10536037,2010-01-29T11:04:12.100000Z,32.7165,-115.39883333333331,14.99,2.6,,,SCEDC,,C,30,0.23,SCSN
10536109,scedc:10536109,2010-01-29T15:33:11.980000Z,32.743,-115.408,18.73,2.1,,,SCEDC,,B,15,0.31,SCSN
10536253,scedc:10536253,2010-01-29T22:04:35.990000Z,32.757,-115.41316666666668,18.81,2.1,,,SCEDC,,B,15,0.24,SCSN
10536397,scedc:10536397,2010-01-30T11:25:59.720000Z,36.1025,-117.89033333333332,3.33,2.6,,,SCEDC,,A,57,0.2,SCSN
10536405,scedc:10536405,2010-01-30T12:50:12.440000Z,32.74033333333333,-115.408,19.93,2.2,,,SCEDC,,A,32,0.23,SCSN
10536509,scedc:10536509,2010-01-30T21:36:53.330000Z,36.10683333333333,-117.721,1.24,2.4,,,SCEDC,,A,34,0.14,SCSN
10536629,scedc:10536629,2010-01-31T05:38:58.740000Z,32.735,-115.40216666666667,14.99,3.1,,,SCEDC,,C,37,0.28,SCSN
10536637,scedc:10536637,2010-01-31T05:41:02.880000Z,32.738,-115.40583333333332,16.61,2.4,,,SCEDC,,B,25,0.33,SCSN
10536645,scedc:10536645,2010-01-31T06:14:03.180000Z,32.73316666666667,-115.39766666666668,17.09,2.8,,,SCEDC,,A,45,0.35,SCSN
10536669,scedc:10536669,2010-01-31T06:26:09.150000Z,32.357,-115.24566666666666,5.99,2.2,,,SCEDC,,C,14,0.37,SCSN
10536677,scedc:10536677,2010-01-31T06:26:54.860000Z,32.3465,-115.25483333333334,5.99,2.5,,,SCEDC,,C,14,0.33,SCSN
10536725,scedc:10536725,2010-01-31T11:54:59.000000Z,32.327,-115.11166666666666,5.97,3.3,,,SCEDC,,C,21,0.27,SCSN
10536741,scedc:10536741,2010-01-31T13:31:59.850000Z,36.1095,-117.72033333333331,1.18,2.2,,,SCEDC,,A,37,0.18,SCSN
10536757,scedc:10536757,2010-01-31T14:04:07.300000Z,32.314,-115.17766666666668,5.97,2.2,,,SCEDC,,C,12,0.29,SCSN
10536957,scedc:10536957,2010-02-01T04:21:55.200000Z,35.23383333333334,-118.59083333333334,5.01,2.8,,,SCEDC,,A,71,0.22,SCSN
14584260,scedc:14584260,2010-02-02T06:42:50.950000Z,35.26983333333333,-118.58916666666669,8.23,2.0,,,SCEDC,,A,72,0.22,SCSN
14584324,scedc:14584324,2010-02-02T12:15:09.040000Z,32.409333333333336,-115.17483333333334,5.99,2.0,,,SCEDC,,C,14,0.3,SCSN
14584380,scedc:14584380,2010-02-02T13:50:00.890000Z,33.175333333333334,-115.60466666666667,2.16,2.4,,,SCEDC,,A,41,0.25,SCSN
14584476,scedc:14584476,2010-02-02T17:30:19.830000Z,35.397333333333336,-119.106,23.18,2.1,,,SCEDC,,A,26,0.23,SCSN
14585188,scedc:14585188,2010-02-04T00:24:55.840000Z,32.510333333333335,-115.24466666666666,5.99,2.4,,,SCEDC,,C,32,0.46,SCSN
14585308,scedc:14585308,2010-02-04T20:10:28.260000Z,32.13516666666666,-115.54266666666666,5.97,2.1,,,SCEDC,,C,14,0.25,SCSN
14585452,scedc:14585452,2010-02-05T01:50:46.010000Z,32.13616666666667,-116.42183333333334,5.55,2.1,,,SCEDC,,C,16,0.15,SCSN
14585468,scedc:14585468,2010-02-05T03:52:16.240000Z,33.00483333333333,-115.82916666666668,3.85,2.1,,,SCEDC,,A,69,0.27,SCSN
14585612,scedc:14585612,2010-02-05T15:34:21.860000Z,33.6175,-116.7185,17.2,2.3,,,SCEDC,,A,91,0.2,SCSN
14585708,scedc:14585708,2010-02-05T19:22:40.620000Z,32.094166666666666,-116.69766666666666,5.77,2.1,,,SCEDC,,C,22,0.13,SCSN
14585724,scedc:14585724,2010-02-05T20:17:35.840000Z,35.890166666666666,-118.65483333333331,11.74,2.5,,,SCEDC,,A,52,0.23,SCSN
14585900,scedc:14585900,2010-02-06T03:57:12.860000Z,32.751,-115.64066666666666,14.75,2.6,,,SCEDC,,A,51,0.29,SCSN
26965759,scedc:26965759,2010-02-06T03:57:42.480000Z,32.779666666666664,-115.67116666666666,7.28,2.4,,,SCEDC,,A,17,0.22,SCSN
14585932,scedc:14585932,2010-02-06T04:02:40.560000Z,32.7505,-115.62616666666666,14.8,2.1,,,SCEDC,,A,47,0.34,SCSN
14585940,scedc:14585940,2010-02-06T04:10:30.170000Z,32.76,-115.6455,11.28,2.0,,,SCEDC,,B,25,0.26,SCSN
14586036,scedc:14586036,2010-02-06T09:12:27.220000Z,32.758833333333335,-115.62916666666666,15.37,3.1,,,SCEDC,,A,77,0.3,SCSN
14586060,scedc:14586060,2010-02-06T11:34:00.270000Z,32.75516666666667,-115.6475,14.84,2.0,,,SCEDC,,A,38,0.29,SCSN
14586116,scedc:14586116,2010-02-06T15:47:07.660000Z,35.039,-119.04233333333332,11.01,2.4,,,SCEDC,,A,37,0.28,SCSN
14586236,scedc:14586236,2010-02-06T22:02:59.300000Z,32.121833333333335,-116.43,5.56,2.1,,,SCEDC,,C,12,0.14,SCSN
14586268,scedc:14586268,2010-02-07T00:25:45.730000Z,33.179,-115.6045,3.09,2.0,,,SCEDC,,A,37,0.24,SCSN
14586308,scedc:14586308,2010-02-07T02:01:24.450000Z,35.801,-120.3435,5.03,3.5,,,SCEDC,,C,30,0.2,SCSN
14586380,scedc:14586380,2010-02-07T10:21:59.260000Z,32.428666666666665,-115.17366666666666,5.81,2.0,,,SCEDC,,C,28,0.28,SCSN
14586388,scedc:14586388,2010-02-07T11:10:08.040000Z,32.38283333333333,-115.23233333333332,8.29,2.2,,,SCEDC,,C,26,0.34,SCSN
14586396,scedc:14586396,2010-02-07T12:09:06.690000Z,33.58133333333333,-118.32516666666666,0.22,2.2,,,SCEDC,,A,83,0.32,SCSN
14586412,scedc:14586412,2010-02-07T12:34:37.660000Z,36.013666666666666,-117.7895,0.41,2.9,,,SCEDC,,A,80,0.24,SCSN
14586476,scedc:14586476,2010-02-07T17:51:26.210000Z,32.306333333333335,-115.2975,6.95,2.2,,,SCEDC,,C,13,0.33,SCSN
14586644,scedc:14586644,2010-02-08T02:47:05.290000Z,36.028333333333336,-117.78183333333334,1.28,2.0,,,SCEDC,,A,36,0.2,SCSN
14586684,scedc:14586684,2010-02-08T04:41:45.640000Z,33.9465,-116.65033333333334,11.52,2.5,,,SCEDC,,A,91,0.16,SCSN
14586748,scedc:14586748,2010-02-08T05:16:05.590000Z,33.352833333333336,-116.43533333333332,12.92,2.3,,,SCEDC,,A,58,0.26,SCSN
14586788,scedc:14586788,2010-02-08T06:18:51.730000Z,35.970666666666666,-117.663,1.64,2.5,,,SCEDC,,A,37,0.19,SCSN
14586876,scedc:14586876,2010-02-08T10:30:15.000000Z,32.12566666666667,-115.73633333333332,5.97,2.1,,,SCEDC,,C,20,0.3,SCSN
14586932,scedc:14586932,2010-02-08T17:13:53.990000Z,35.37116666666667,-117.8745,5.93,2.0,,,SCEDC,,C,39,0.19,SCSN
14586980,scedc:14586980,2010-02-08T19:03:10.480000Z,32.836166666666664,-116.13766666666666,7.57,2.2,,,SCEDC,,C,82,0.27,SCSN
14587012,scedc:14587012,2010-02-08T20:48:32.520000Z,32.5275,-115.23383333333334,27.17,2.3,,,SCEDC,,C,25,0.29,SCSN
14587124,scedc:14587124,2010-02-09T05:14:40.780000Z,34.712666666666664,-116.29516666666666,7.51,2.0,,,SCEDC,,A,36,0.13,SCSN
14587204,scedc:14587204,2010-02-09T11:56:30.200000Z,33.387166666666666,-116.34633333333332,7.17,2.2,,,SCEDC,,A,73,0.23,SCSN
14587460,scedc:14587460,2010-02-10T06:48:41.750000Z,32.04533333333333,-116.23716666666668,5.62,2.3,,,SCEDC,,C,25,0.16,SCSN
14587468,scedc:14587468,2010-02-10T09:06:17.280000Z,32.75783333333333,-115.6265,14.23,2.0,,,SCEDC,,A,34,0.31,SCSN
14587508,scedc:14587508,2010-02-10T11:27:44.550000Z,33.69133333333333,-116.81916666666666,15.24,2.8,,,SCEDC,,A,95,0.22,SCSN
10541133,scedc:10541133,2010-02-11T08:33:43.010000Z,35.92733333333334,-120.4765,6.47,3.3,,,SCEDC,,C,43,0.3,SCSN
10541141,scedc:10541141,2010-02-11T09:15:36.010000Z,32.052,-115.6945,14.75,3.1,,,SCEDC,,C,28,0.71,SCSN
10541205,scedc:10541205,2010-02-11T15:35:40.660000Z,32.624,-115.59283333333332,15.81,2.8,,,SCEDC,,A,67,0.4,SCSN
10541237,scedc:10541237,2010-02-11T18:31:49.500000Z,36.3765,-117.8385,0.91,2.0,,,SCEDC,,A,40,0.21,SCSN
10541709,scedc:10541709,2010-02-13T02:10:19.380000Z,33.3515,-116.389,9.81,2.2,,,SCEDC,,A,87,0.23,SCSN
10541789,scedc:10541789,2010-02-13T12:53:33.540000Z,32.592333333333336,-115.59433333333334,5.46,2.0,,,SCEDC,,C,19,0.17,SCSN
10541813,scedc:10541813,2010-02-13T13:48:10.960000Z,35.3095,-118.59383333333334,4.54,2.0,,,SCEDC,,A,30,0.23,SCSN
10541845,scedc:10541845,2010-02-13T16:34:39.030000Z,32.708666666666666,-116.01333333333334,6.36,3.4,,,SCEDC,,C,66,0.26,SCSN
10541869,scedc:10541869,2010-02-13T16:48:33.560000Z,32.708666666666666,-116.01116666666668,5.39,2.4,,,SCEDC,,C,55,0.24,SCSN
10541933,scedc:10541933,2010-02-13T19:38:03.740000Z,34.3945,-116.46033333333334,4.36,2.2,,,SCEDC,,C,67,0.13,SCSN
10541973,scedc:10541973,2010-02-13T21:41:31.170000Z,34.0005,-117.186,9.53,2.4,,,SCEDC,,A,99,0.15,SCSN
10542085,scedc:10542085,2010-02-13T21:54:40.880000Z,34.0045,-117.1865,8.95,2.5,,,SCEDC,,A,91,0.18,SCSN
10542149,scedc:10542149,2010-02-13T23:25:41.870000Z,33.99883333333333,-117.18566666666666,8.37,2.1,,,SCEDC,,A,76,0.13,SCSN
10542165,scedc:10542165,2010-02-14T00:01:13.800000Z,32.68666666666667,-116.008,13.43,3.1,,,SCEDC,,A,87,0.4,SCSN
10542181,scedc:10542181,2010-02-14T00:37:58.040000Z,36.1125,-117.715,0.99,3.0,,,SCEDC,,A,46,0.21,SCSN
10542293,scedc:10542293,2010-02-14T06:58:27.140000Z,33.233333333333334,-115.6995,3.29,3.0,,,SCEDC,,A,93,0.22,SCSN
10542349,scedc:10542349,2010-02-14T12:44:06.220000Z,36.059666666666665,-117.87066666666666,2.86,2.2,,,SCEDC,,A,27,0.27,SCSN
10542421,scedc:10542421,2010-02-14T17:57:26.310000Z,36.06916666666667,-117.86583333333331,0.59,2.1,,,SCEDC,,A,31,0.21,SCSN
10542461,scedc:10542461,2010-02-14T19:43:07.040000Z,34.004,-117.19516666666668,7.29,2.0,,,SCEDC,,A,71,0.13,SCSN
10542469,scedc:10542469,2010-02-14T19:43:37.140000Z,34.0045,-117.19333333333331,7.16,2.2,,,SCEDC,,A,86,0.16,SCSN
27965759,scedc:27965759,2010-02-14T19:43:43.450000Z,34.00083333333333,-117.19233333333334,4.9,2.4,,,SCEDC,,A,57,0.28,SCSN
10542533,scedc:10542533,2010-02-14T21:40:41.980000Z,32.25366666666667,-116.58866666666668,1.01,3.0,,,SCEDC,,B,61,0.21,SCSN
10542549,scedc:10542549,2010-02-14T22:10:14.520000Z,32.253,-116.5895,11.98,2.2,,,SCEDC,,C,35,0.16,SCSN
10542573,scedc:10542573,2010-02-14T23:06:59.420000Z,32.240833333333335,-116.59333333333332,4.37,2.6,,,SCEDC,,C,40,0.14,SCSN
10542661,scedc:10542661,2010-02-15T02:23:37.610000Z,34.18866666666667,-117.735,3.93,2.1,,,SCEDC,,A,86,0.3,SCSN
10542973,scedc:10542973,2010-02-16T06:39:46.130000Z,34.23766666666667,-118.43416666666668,10.91,2.0,,,SCEDC,,A,50,0.21,SCSN
10543077,scedc:10543077,2010-02-16T14:49:13.150000Z,33.51983333333333,-116.49866666666668,4.82,2.7,,,SCEDC,,A,87,0.25,SCSN
10543173,scedc:10543173,2010-02-16T18:42:51.910000Z,34.003166666666665,-117.195,5.73,2.6,,,SCEDC,,B,95,0.2,SCSN
10543277,scedc:10543277,2010-02-16T21:13:47.270000Z,32.160333333333334,-115.67966666666666,5.94,2.7,,,SCEDC,,C,9,0.19,SCSN
10543317,scedc:10543317,2010-02-16T22:56:28.140000Z,33.976,-116.37366666666668,5.75,2.1,,,SCEDC,,A,69,0.17,SCSN
10543389,scedc:10543389,2010-02-17T01:54:29.080000Z,32.48266666666667,-115.19233333333334,14.98,2.0,,,SCEDC,,C,11,0.22,SCSN
10543469,scedc:10543469,2010-02-17T05:17:53.790000Z,34.00183333333333,-117.19416666666666,7.73,2.1,,,SCEDC,,A,96,0.16,SCSN
10543501,scedc:10543501,2010-02-17T05:55:42.170000Z,34.00633333333333,-117.192,7.08,2.0,,,SCEDC,,A,83,0.15,SCSN
10543725,scedc:10543725,2010-02-17T15:23:32.740000Z,34.0075,-117.1875,7.87,2.2,,,SCEDC,,A,67,0.15,SCSN
10543733,scedc:10543733,2010-02-17T15:30:52.830000Z,33.987833333333334,-118.78766666666668,10.46,2.0,,,SCEDC,,A,20,0.12,SCSN
10543781,scedc:10543781,2010-02-17T16:52:06.000000Z,32.242,-116.58916666666669,5.61,2.2,,,SCEDC,,C,18,0.1,SCSN
10543965,scedc:10543965,2010-02-17T22:22:58.620000Z,34.00416666666667,-117.19383333333332,4.5,2.0,,,SCEDC,,C,88,0.19,SCSN
10544117,scedc:10544117,2010-02-18T03:05:45.630000Z,34.001666666666665,-117.19483333333334,8.34,2.1,,,SCEDC,,A,80,0.18,SCSN
10544189,scedc:10544189,2010-02-18T05:53:26.510000Z,36.108,-117.71966666666668,0.89,2.4,,,SCEDC,,A,28,0.21,SCSN
10544221,scedc:10544221,2010-02-18T07:41:19.740000Z,33.961333333333336,-116.73216666666669,18.14,2.7,,,SCEDC,,A,98,0.15,SCSN
10544237,scedc:10544237,2010-02-18T08:59:34.210000Z,33.9995,-117.18316666666666,7.05,2.0,,,SCEDC,,A,84,0.15,SCSN
10544349,scedc:10544349,2010-02-18T14:56:14.330000Z,32.34916666666667,-116.28616666666667,15.58,2.0,,,SCEDC,,C,29,0.34,SCSN
10544557,scedc:10544557,2010-02-18T22:32:54.590000Z,34.01,-117.18566666666666,5.71,2.1,,,SCEDC,,B,92,0.21,SCSN
10544573,scedc:10544573,2010-02-18T22:43:49.550000Z,34.0095,-117.18666666666668,6.84,2.1,,,SCEDC,,A,95,0.19,SCSN
10544621,scedc:10544621,2010-02-19T00:35:31.790000Z,34.00983333333333,-117.187,7.55,2.3,,,SCEDC,,A,92,0.19,SCSN
10544645,scedc:10544645,2010-02-19T01:56:03.250000Z,32.56,-115.27283333333334,28.68,2.6,,,SCEDC,,C,24,0.32,SCSN
10544925,scedc:10544925,2010-02-19T19:57:11.940000Z,34.013333333333335,-117.189,7.35,2.5,,,SCEDC,,A,75,0.17,SCSN
10544965,scedc:10544965,2010-02-19T20:13:05.000000Z,34.01283333333333,-117.188,7.8,2.1,,,SCEDC,,A,59,0.17,SCSN
10544989,scedc:10544989,2010-02-19T20:24:53.520000Z,34.013666666666666,-117.18716666666668,6.42,2.2,,,SCEDC,,A,96,0.18,SCSN
10545077,scedc:10545077,2010-02-19T22:11:26.750000Z,36.06216666666667,-117.85916666666668,1.18,2.7,,,SCEDC,,A,28,0.23,SCSN
10545085,scedc:10545085,2010-02-19T22:56:52.500000Z,34.00483333333333,-117.19016666666668,6.24,2.1,,,SCEDC,,A,89,0.18,SCSN
10545389,scedc:10545389,2010-02-20T17:05:43.290000Z,34.01083333333333,-117.18833333333332,8.32,2.3,,,SCEDC,,A,87,0.23,SCSN
10545613,scedc:10545613,2010-02-21T07:57:56.110000Z,34.7855,-118.9265,12.52,2.7,,,SCEDC,,A,63,0.38,SCSN
10546189,scedc:10546189,2010-02-22T21:55:30.570000Z,35.752833333333335,-118.9995,20.8,2.5,,,SCEDC,,A,74,0.32,SCSN
10546221,scedc:10546221,2010-02-23T01:16:50.440000Z,34.030833333333334,-116.318,10.6,2.2,,,SCEDC,,A,75,0.18,SCSN
10546229,scedc:10546229,2010-02-23T01:20:27.310000Z,32.61783333333333,-115.758,8.57,2.3,,,SCEDC,,A,35,0.24,SCSN
10546253,scedc:10546253,2010-02-23T01:57:27.450000Z,34.71933333333333,-116.29433333333331,4.64,2.3,,,SCEDC,,C,37,0.15,SCSN
10546757,scedc:10546757,2010-02-24T00:30:19.390000Z,36.06366666666667,-117.86683333333332,2.95,2.3,,,SCEDC,,A,22,0.2,SCSN
10546781,scedc:10546781,2010-02-24T01:29:10.640000Z,34.00416666666667,-117.19233333333334,6.88,2.0,,,SCEDC,,A,94,0.18,SCSN
10547333,scedc:10547333,2010-02-25T06:02:19.320000Z,32.1575,-115.61083333333332,5.97,2.6,,,SCEDC,,C,28,0.38,SCSN
14594708,scedc:14594708,2010-02-26T12:46:42.920000Z,36.063,-117.8715,1.26,2.6,,,SCEDC,,A,45,0.24,SCSN
14594724,scedc:14594724,2010-02-26T13:22:53.020000Z,36.072833333333335,-117.88033333333334,1.36,2.7,,,SCEDC,,A,36,0.33,SCSN
14594756,scedc:14594756,2010-02-26T15:02:31.670000Z,32.551833333333335,-115.25666666666666,14.99,3.9,,,SCEDC,,C,46,0.3,SCSN
14594804,scedc:14594804,2010-02-26T16:00:32.070000Z,34.158833333333334,-116.42466666666668,10.31,2.0,,,SCEDC,,A,85,0.19,SCSN
14594828,scedc:14594828,2010-02-26T16:46:47.230000Z,32.55833333333333,-115.25433333333334,7.0,2.0,,,SCEDC,,C,34,0.29,SCSN
14594860,scedc:14594860,2010-02-26T20:12:04.580000Z,36.064,-117.87216666666669,1.25,2.8,,,SCEDC,,A,49,0.23,SCSN
14594876,scedc:14594876,2010-02-26T21:05:25.670000Z,34.80683333333333,-116.30083333333332,2.74,2.8,,,SCEDC,,A,58,0.2,SCSN
14594964,scedc:14594964,2010-02-27T05:31:51.530000Z,34.0065,-117.193,6.14,2.0,,,SCEDC,,A,98,0.17,SCSN
14594996,scedc:14594996,2010-02-27T06:56:03.120000Z,36.072833333333335,-117.87766666666668,1.14,2.9,,,SCEDC,,A,25,0.15,SCSN
14595004,scedc:14595004,2010-02-27T07:01:03.130000Z,36.07066666666667,-117.8815,0.14,2.1,,,SCEDC,,A,22,0.18,SCSN
14595020,scedc:14595020,2010-02-27T07:21:54.600000Z,36.06916666666667,-117.8875,0.66,2.3,,,SCEDC,,A,24,0.17,SCSN
14595052,scedc:14595052,2010-02-27T08:18:40.820000Z,34.00216666666667,-117.18533333333332,8.36,2.0,,,SCEDC,,A,36,0.14,SCSN
14595164,scedc:14595164,2010-02-27T13:56:38.760000Z,36.065666666666665,-117.883,0.44,3.1,,,SCEDC,,A,54,0.24,SCSN
14595172,scedc:14595172,2010-02-27T15:01:35.910000Z,36.060833333333335,-117.87733333333334,0.99,3.3,,,SCEDC,,A,59,0.24,SCSN
14595260,scedc:14595260,2010-02-27T19:11:36.640000Z,32.76866666666667,-117.33116666666666,11.31,2.3,,,SCEDC,,A,42,0.11,SCSN
14595468,scedc:14595468,2010-02-28T06:56:28.810000Z,36.061166666666665,-117.8795,1.12,3.1,,,SCEDC,,A,62,0.23,SCSN
14595476,scedc:14595476,2010-02-28T07:08:47.920000Z,36.0625,-117.879,0.83,2.6,,,SCEDC,,A,42,0.22,SCSN
14595572,scedc:14595572,2010-02-28T16:00:24.730000Z,33.55866666666667,-118.249,1.02,2.6,,,SCEDC,,A,34,0.36,SCSN
14595636,scedc:14595636,2010-02-28T23:39:31.830000Z,32.38183333333333,-115.33833333333334,5.99,2.2,,,SCEDC,,C,19,0.41,SCSN
14595660,scedc:14595660,2010-03-01T00:02:42.010000Z,32.38966666666666,-115.338,9.04,2.4,,,SCEDC,,C,23,0.41,SCSN
14595780,scedc:14595780,2010-03-01T06:21:11.670000Z,32.715833333333336,-116.067,2.76,3.5,,,SCEDC,,A,90,0.26,SCSN
14595828,scedc:14595828,2010-03-01T09:16:04.350000Z,36.06916666666667,-117.87116666666668,0.66,2.1,,,SCEDC,,A,34,0.27,SCSN
14595868,scedc:14595868,2010-03-01T10:32:07.540000Z,36.06433333333333,-117.87,0.59,2.8,,,SCEDC,,A,44,0.24,SCSN
14595876,scedc:14595876,2010-03-01T10:39:40.260000Z,36.0645,-117.87583333333332,1.16,2.6,,,SCEDC,,A,41,0.21,SCSN
10144402,scedc:10144402,2010-03-01T10:40:00.040000Z,36.065333333333335,-117.88166666666666,0.59,2.8,,,SCEDC,,A,25,0.27,SCSN
14595916,scedc:14595916,2010-03-01T12:36:38.460000Z,36.0685,-117.88083333333331,0.87,2.1,,,SCEDC,,A,39,0.2,SCSN
14596140,scedc:14596140,2010-03-02T02:58:14.310000Z,32.713,-116.06666666666666,2.97,2.0,,,SCEDC,,A,54,0.23,SCSN
14596188,scedc:14596188,2010-03-02T05:58:59.120000Z,32.711666666666666,-116.06783333333334,2.79,2.3,,,SCEDC,,A,84,0.26,SCSN
14596204,scedc:14596204,2010-03-02T07:22:53.990000Z,36.0645,-117.87316666666666,1.17,3.5,,,SCEDC,,A,66,0.22,SCSN
10144482,scedc:10144482,2010-03-02T07:23:28.060000Z,36.06283333333333,-117.86,2.05,2.2,,,SCEDC,,B,8,0.1,SCSN
14596580,scedc:14596580,2010-03-03T13:44:40.430000Z,34.81016666666667,-116.30183333333332,2.95,2.8,,,SCEDC,,A,49,0.15,SCSN
14596740,scedc:14596740,2010-03-04T00:25:29.580000Z,33.685,-116.68483333333332,15.55,2.0,,,SCEDC,,A,87,0.19,SCSN
14596884,scedc:14596884,2010-03-04T12:32:29.400000Z,32.37133333333333,-116.27966666666669,5.58,2.1,,,SCEDC,,C,32,0.29,SCSN
14596908,scedc:14596908,2010-03-04T17:32:50.610000Z,34.08583333333333,-116.41833333333334,11.2,2.4,,,SCEDC,,A,90,0.17,SCSN
14596980,scedc:14596980,2010-03-05T00:11:56.690000Z,34.059666666666665,-117.6495,12.25,2.1,,,SCEDC,,A,55,0.22,SCSN
14597036,scedc:14597036,2010-03-05T08:31:38.560000Z,33.99333333333333,-118.34233333333331,12.85,2.1,,,SCEDC,,A,73,0.24,SCSN
14597092,scedc:14597092,2010-03-05T11:43:22.290000Z,35.7115,-117.63266666666668,12.15,2.1,,,SCEDC,,A,46,0.21,SCSN
14597404,scedc:14597404,2010-03-06T07:00:28.280000Z,34.28966666666667,-116.4505,4.46,2.2,,,SCEDC,,C,74,0.16,SCSN
14597420,scedc:14597420,2010-03-06T13:08:58.420000Z,35.36833333333333,-118.52066666666668,0.16,2.4,,,SCEDC,,A,48,0.3,SCSN
14597452,scedc:14597452,2010-03-06T16:42:12.830000Z,36.404,-117.8115,4.3,2.4,,,SCEDC,,C,26,0.22,SCSN
14597500,scedc:14597500,2010-03-06T23:56:37.080000Z,36.1615,-120.22366666666667,5.38,2.5,,,SCEDC,,D,7,0.32,SCSN
14597572,scedc:14597572,2010-03-07T04:33:37.920000Z,33.99616666666667,-118.35666666666668,12.36,2.2,,,SCEDC,,A,74,0.3,SCSN
14597620,scedc:14597620,2010-03-07T07:48:26.240000Z,32.522333333333336,-115.54733333333331,13.54,2.0,,,SCEDC,,B,24,0.38,SCSN
14597804,scedc:14597804,2010-03-08T03:43:20.980000Z,36.05983333333333,-117.88133333333332,1.46,3.3,,,SCEDC,,A,57,0.24,SCSN
14597812,scedc:14597812,2010-03-08T03:44:48.090000Z,36.061,-117.86683333333332,2.79,2.1,,,SCEDC,,A,32,0.23,SCSN
14597860,scedc:14597860,2010-03-08T07:00:45.260000Z,36.060833333333335,-117.883,1.39,3.2,,,SCEDC,,A,49,0.21,SCSN
14597876,scedc:14597876,2010-03-08T07:18:22.070000Z,36.057,-117.8845,1.3,2.9,,,SCEDC,,A,42,0.22,SCSN
14597964,scedc:14597964,2010-03-08T14:08:10.570000Z,35.50266666666667,-118.30166666666666,3.43,2.5,,,SCEDC,,A,58,0.2,SCSN
14598044,scedc:14598044,2010-03-08T18:46:54.890000Z,36.06133333333333,-117.87316666666666,1.43,2.6,,,SCEDC,,A,42,0.25,SCSN
14598156,scedc:14598156,2010-03-09T00:47:50.440000Z,32.70316666666667,-116.0655,5.4,2.5,,,SCEDC,,C,62,0.29,SCSN
14598260,scedc:14598260,2010-03-09T04:31:53.350000Z,32.99316666666667,-116.35233333333332,4.92,2.0,,,SCEDC,,C,75,0.27,SCSN
14598292,scedc:14598292,2010-03-09T06:08:38.330000Z,32.99466666666667,-116.35783333333332,4.96,2.5,,,SCEDC,,C,82,0.27,SCSN
14598340,scedc:14598340,2010-03-09T07:54:27.830000Z,36.06433333333333,-117.882,0.99,3.3,,,SCEDC,,A,40,0.19,SCSN
14598348,scedc:14598348,2010-03-09T07:56:55.700000Z,36.0595,-117.87233333333332,2.65,2.0,,,SCEDC,,A,27,0.23,SCSN
14598372,scedc:14598372,2010-03-09T09:20:46.070000Z,36.059333333333335,-117.883,2.29,2.1,,,SCEDC,,A,28,0.28,SCSN
14598476,scedc:14598476,2010-03-09T19:18:27.930000Z,32.9955,-116.3565,5.01,2.0,,,SCEDC,,C,78,0.23,SCSN
14598492,scedc:14598492,2010-03-09T19:38:00.260000Z,32.714333333333336,-116.06333333333332,3.11,2.4,,,SCEDC,,A,62,0.26,SCSN
14598516,scedc:14598516,2010-03-09T20:05:12.870000Z,36.059666666666665,-117.87266666666666,0.84,3.7,,,SCEDC,,A,55,0.23,SCSN
14598524,scedc:14598524,2010-03-09T20:12:10.890000Z,33.42133333333334,-119.1475,11.42,3.0,,,SCEDC,,A,69,0.31,SCSN
14598532,scedc:14598532,2010-03-09T20:45:44.300000Z,36.06133333333333,-117.871,2.76,2.0,,,SCEDC,,A,32,0.24,SCSN
14598564,scedc:14598564,2010-03-09T23:43:59.740000Z,36.0555,-117.88083333333331,1.17,2.6,,,SCEDC,,A,40,0.22,SCSN
14598644,scedc:14598644,2010-03-10T04:36:38.330000Z,36.061,-117.87733333333334,1.32,3.0,,,SCEDC,,A,47,0.24,SCSN
14598820,scedc:14598820,2010-03-10T16:55:35.850000Z,33.469166666666666,-118.2625,0.78,2.8,,,SCEDC,,A,33,0.24,SCSN
14598964,scedc:14598964,2010-03-10T22:20:40.610000Z,33.46366666666667,-118.28516666666668,5.41,2.5,,,SCEDC,,C,27,0.27,SCSN
14599060,scedc:14599060,2010-03-11T03:29:53.770000Z,34.428,-119.98283333333332,10.35,2.5,,,SCEDC,,A,38,0.34,SCSN
14599076,scedc:14599076,2010-03-11T04:09:07.450000Z,36.063,-117.88633333333334,1.7,2.1,,,SCEDC,,A,30,0.23,SCSN
14599140,scedc:14599140,2010-03-11T05:30:10.950000Z,34.4195,-119.981,6.32,2.9,,,SCEDC,,C,55,0.29,SCSN
14599220,scedc:14599220,2010-03-11T11:47:55.040000Z,33.954166666666666,-117.06116666666668,17.22,2.0,,,SCEDC,,A,92,0.16,SCSN
14599396,scedc:14599396,2010-03-11T21:09:25.790000Z,32.692166666666665,-116.06533333333331,3.24,3.4,,,SCEDC,,A,96,0.34,SCSN
14599404,scedc:14599404,2010-03-11T21:15:25.340000Z,35.3255,-119.36316666666669,26.87,2.5,,,SCEDC,,A,61,0.22,SCSN
14599484,scedc:14599484,2010-03-12T01:19:37.610000Z,36.38283333333333,-117.861,3.91,2.3,,,SCEDC,,C,61,0.25,SCSN
14599652,scedc:14599652,2010-03-12T09:18:51.730000Z,35.97366666666667,-117.6545,1.35,2.4,,,SCEDC,,A,48,0.16,SCSN
14599716,scedc:14599716,2010-03-12T13:24:04.820000Z,35.97683333333333,-117.65083333333334,2.04,2.7,,,SCEDC,,A,41,0.15,SCSN
14599756,scedc:14599756,2010-03-12T15:55:49.730000Z,33.249833333333335,-116.68216666666666,4.46,2.2,,,SCEDC,,C,95,0.25,SCSN
14599932,scedc:14599932,2010-03-13T01:04:28.450000Z,33.24883333333333,-116.68933333333334,4.39,2.1,,,SCEDC,,C,89,0.24,SCSN
14600324,scedc:14600324,2010-03-13T17:15:12.650000Z,32.987833333333334,-116.35133333333332,9.06,2.2,,,SCEDC,,A,73,0.21,SCSN
14600452,scedc:14600452,2010-03-13T23:16:27.810000Z,32.988166666666665,-116.3535,6.36,2.2,,,SCEDC,,C,83,0.28,SCSN
14600540,scedc:14600540,2010-03-14T02:04:43.980000Z,33.25116666666667,-116.67583333333332,4.4,2.0,,,SCEDC,,C,72,0.21,SCSN
14600604,scedc:14600604,2010-03-14T06:53:48.280000Z,32.722833333333334,-115.84016666666666,2.92,2.5,,,SCEDC,,A,40,0.21,SCSN
14600868,scedc:14600868,2010-03-15T06:18:04.380000Z,32.72533333333333,-115.84433333333334,1.39,2.2,,,SCEDC,,A,39,0.21,SCSN
14600916,scedc:14600916,2010-03-15T10:08:46.400000Z,32.251,-115.36316666666669,5.8,2.2,,,SCEDC,,C,12,0.2,SCSN
14600924,scedc:14600924,2010-03-15T11:24:26.800000Z,32.9685,-117.6945,5.76,2.8,,,SCEDC,,C,31,0.13,SCSN
14600964,scedc:14600964,2010-03-15T17:26:14.300000Z,33.7275,-117.50466666666668,11.65,2.0,,,SCEDC,,A,86,0.18,SCSN
14601132,scedc:14601132,2010-03-16T06:32:29.880000Z,32.992,-116.34133333333334,4.94,2.0,,,SCEDC,,C,67,0.24,SCSN
14601196,scedc:14601196,2010-03-16T12:10:04.090000Z,32.264,-115.28683333333332,5.95,2.0,,,SCEDC,,C,14,0.35,SCSN
14601212,scedc:14601212,2010-03-16T13:54:28.030000Z,33.999,-116.93283333333332,15.41,2.4,,,SCEDC,,A,96,0.14,SCSN
14601332,scedc:14601332,2010-03-16T21:44:49.720000Z,32.37083333333333,-115.2115,5.98,2.4,,,SCEDC,,C,21,0.38,SCSN
14601388,scedc:14601388,2010-03-17T02:44:08.430000Z,32.42366666666667,-115.17916666666666,5.99,2.6,,,SCEDC,,C,35,0.42,SCSN
14601396,scedc:14601396,2010-03-17T03:31:41.970000Z,32.402166666666666,-115.3515,6.01,2.0,,,SCEDC,,C,15,0.3,SCSN
14601460,scedc:14601460,2010-03-17T09:50:05.390000Z,32.806666666666665,-115.60033333333334,15.86,2.1,,,SCEDC,,A,35,0.26,SCSN
14601476,scedc:14601476,2010-03-17T10:35:14.550000Z,32.72866666666667,-115.842,1.64,2.8,,,SCEDC,,A,55,0.26,SCSN
14601532,scedc:14601532,2010-03-17T17:01:01.520000Z,32.32183333333333,-115.3065,5.99,4.0,,,SCEDC,,C,34,0.41,SCSN
14601972,scedc:14601972,2010-03-18T17:34:29.520000Z,35.069,-119.023,14.45,2.6,,,SCEDC,,A,49,0.36,SCSN
14602164,scedc:14602164,2010-03-19T07:56:53.730000Z,32.23466666666667,-116.44833333333334,5.61,2.2,,,SCEDC,,C,26,0.21,SCSN
14602292,scedc:14602292,2010-03-19T17:16:41.160000Z,35.504333333333335,-118.25833333333334,3.21,2.6,,,SCEDC,,A,48,0.26,SCSN
14602548,scedc:14602548,2010-03-20T09:05:14.650000Z,32.522333333333336,-115.55616666666668,14.72,2.1,,,SCEDC,,B,27,0.39,SCSN
14602556,scedc:14602556,2010-03-20T09:14:55.460000Z,32.53633333333333,-115.552,14.93,3.2,,,SCEDC,,B,43,0.32,SCSN
14602596,scedc:14602596,2010-03-20T09:48:47.450000Z,32.507666666666665,-115.54916666666666,14.26,3.5,,,SCEDC,,A,52,0.35,SCSN
14602620,scedc:14602620,2010-03-20T11:10:41.520000Z,32.529833333333336,-115.5565,13.4,2.1,,,SCEDC,,A,34,0.27,SCSN
14602628,scedc:14602628,2010-03-20T11:41:58.690000Z,32.50983333333333,-115.5555,14.58,2.2,,,SCEDC,,A,41,0.32,SCSN
14602660,scedc:14602660,2010-03-20T13:16:08.280000Z,32.729166666666664,-115.84483333333333,0.88,2.0,,,SCEDC,,A,45,0.3,SCSN
14602740,scedc:14602740,2010-03-20T15:38:25.210000Z,32.53033333333333,-115.5525,13.69,2.3,,,SCEDC,,A,35,0.32,SCSN
14602860,scedc:14602860,2010-03-21T01:25:38.510000Z,32.733333333333334,-115.83666666666667,6.0,2.5,,,SCEDC,,C,45,0.33,SCSN
14602948,scedc:14602948,2010-03-21T06:09:25.000000Z,33.915333333333336,-119.56083333333332,12.05,2.0,,,SCEDC,,A,41,0.29,SCSN
14602988,scedc:14602988,2010-03-21T06:37:19.890000Z,32.26433333333333,-115.26333333333334,5.82,2.1,,,SCEDC,,C,12,0.49,SCSN
14602996,scedc:14602996,2010-03-21T06:46:29.730000Z,32.736,-115.85016666666668,0.03,2.1,,,SCEDC,,A,45,0.22,SCSN
14603252,scedc:14603252,2010-03-21T19:06:42.350000Z,32.72933333333334,-115.81433333333334,10.39,2.3,,,SCEDC,,A,15,0.27,SCSN
14603412,scedc:14603412,2010-03-21T23:46:08.330000Z,32.243833333333335,-115.257,5.75,2.2,,,SCEDC,,C,10,0.53,SCSN
14603476,scedc:14603476,2010-03-22T03:17:14.630000Z,32.26466666666666,-115.25166666666668,5.82,2.3,,,SCEDC,,C,14,0.46,SCSN
14603644,scedc:14603644,2010-03-22T13:27:29.500000Z,34.82683333333333,-116.3385,5.33,2.3,,,SCEDC,,A,28,0.12,SCSN
14603812,scedc:14603812,2010-03-23T08:36:55.210000Z,33.345333333333336,-116.37233333333332,9.76,2.2,,,SCEDC,,A,98,0.23,SCSN
14603884,scedc:14603884,2010-03-23T13:41:15.260000Z,34.54483333333334,-120.71433333333331,13.86,3.1,,,SCEDC,,B,38,0.35,SCSN
14603892,scedc:14603892,2010-03-23T13:57:04.020000Z,32.73166666666667,-115.83733333333332,1.86,2.0,,,SCEDC,,A,35,0.21,SCSN
14603996,scedc:14603996,2010-03-23T18:38:05.030000Z,32.22966666666667,-115.3135,7.21,2.2,,,SCEDC,,C,10,0.12,SCSN
14604028,scedc:14604028,2010-03-23T19:43:03.360000Z,33.249,-116.68866666666666,4.4,2.1,,,SCEDC,,C,77,0.26,SCSN
14604196,scedc:14604196,2010-03-24T04:11:31.320000Z,33.8995,-118.46533333333332,12.61,2.0,,,SCEDC,,A,55,0.38,SCSN
14604516,scedc:14604516,2010-03-25T08:25:58.930000Z,32.712833333333336,-116.07383333333334,0.7,2.6,,,SCEDC,,A,90,0.25,SCSN
14604604,scedc:14604604,2010-03-25T12:20:09.370000Z,32.987833333333334,-116.35083333333333,5.63,2.3,,,SCEDC,,C,85,0.22,SCSN
14604732,scedc:14604732,2010-03-25T20:26:25.450000Z,32.2445,-115.30133333333332,6.0,2.6,,,SCEDC,,C,28,0.22,SCSN
14604780,scedc:14604780,2010-03-25T22:44:50.190000Z,35.95,-120.507,9.31,3.6,,,SCEDC,,C,32,0.27,SCSN
14604796,scedc:14604796,2010-03-26T01:12:54.820000Z,32.4755,-117.7035,6.84,2.3,,,SCEDC,,C,29,0.39,SCSN
14604868,scedc:14604868,2010-03-26T08:55:28.580000Z,32.5225,-115.5575,12.18,2.3,,,SCEDC,,B,27,0.22,SCSN
14604932,scedc:14604932,2010-03-26T17:07:21.090000Z,33.590666666666664,-118.33433333333332,5.64,2.0,,,SCEDC,,C,35,0.34,SCSN
14605036,scedc:14605036,2010-03-26T22:33:53.380000Z,33.93716666666667,-120.41833333333334,5.41,3.4,,,SCEDC,,C,50,0.29,SCSN
14605204,scedc:14605204,2010-03-27T15:05:11.670000Z,32.2735,-115.30083333333332,6.0,3.6,,,SCEDC,,C,21,0.19,SCSN
14605452,scedc:14605452,2010-03-28T15:50:52.630000Z,32.5185,-115.55,2.17,2.4,,,SCEDC,,A,34,0.29,SCSN
14605636,scedc:14605636,2010-03-29T05:34:49.870000Z,32.272333333333336,-115.299,6.0,2.0,,,SCEDC,,C,16,0.28,SCSN
14605804,scedc:14605804,2010-03-29T18:20:47.900000Z,33.86383333333333,-118.49316666666668,14.32,2.4,,,SCEDC,,A,59,0.34,SCSN
14605828,scedc:14605828,2010-03-29T19:15:58.030000Z,35.972,-117.85666666666668,3.49,2.1,,,SCEDC,,A,45,0.19,SCSN
14605924,scedc:14605924,2010-03-29T22:43:18.550000Z,32.26683333333333,-115.32383333333334,5.95,2.2,,,SCEDC,,C,18,0.18,SCSN
14606108,scedc:14606108,2010-03-30T13:58:11.580000Z,33.78033333333333,-116.14883333333331,4.74,2.0,,,SCEDC,,C,78,0.16,SCSN
14606196,scedc:14606196,2010-03-30T21:12:11.770000Z,32.3885,-115.27116666666667,3.98,2.3,,,SCEDC,,C,20,0.34,SCSN
14606228,scedc:14606228,2010-03-31T02:32:53.490000Z,32.23266666666667,-115.3115,6.96,2.2,,,SCEDC,,C,12,0.21,SCSN
14606268,scedc:14606268,2010-03-31T09:20:26.070000Z,32.354,-115.22883333333333,5.99,4.2,,,SCEDC,,C,51,0.45,SCSN
14606340,scedc:14606340,2010-03-31T17:05:58.790000Z,33.18116666666667,-115.61583333333331,1.56,2.1,,,SCEDC,,A,61,0.28,SCSN
14606380,scedc:14606380,2010-03-31T20:10:55.300000Z,34.3395,-120.89333333333332,5.64,2.9,,,SCEDC,,C,36,0.22,SCSN
14606532,scedc:14606532,2010-04-01T07:11:50.570000Z,32.381166666666665,-115.20166666666668,6.96,2.0,,,SCEDC,,C,15,0.17,SCSN
14606540,scedc:14606540,2010-04-01T07:41:47.420000Z,32.246,-116.5845,5.61,2.4,,,SCEDC,,C,51,0.16,SCSN
14606796,scedc:14606796,2010-04-02T10:08:33.100000Z,36.108,-117.71516666666666,1.83,2.1,,,SCEDC,,A,40,0.17,SCSN
14606804,scedc:14606804,2010-04-02T10:33:19.910000Z,32.152833333333334,-115.67583333333332,5.97,2.5,,,SCEDC,,C,18,0.19,SCSN
14606836,scedc:14606836,2010-04-02T16:35:01.740000Z,34.583666666666666,-116.59583333333332,6.8,2.2,,,SCEDC,,A,72,0.15,SCSN
14606844,scedc:14606844,2010-04-02T16:36:06.370000Z,34.582166666666666,-116.59766666666668,1.78,2.1,,,SCEDC,,A,63,0.14,SCSN
14606860,scedc:14606860,2010-04-02T16:40:28.680000Z,34.5815,-116.5955,5.83,2.0,,,SCEDC,,A,32,0.11,SCSN
14607012,scedc:14607012,2010-04-03T03:47:59.290000Z,32.23266666666667,-116.59766666666668,5.61,3.3,,,SCEDC,,C,68,0.19,SCSN
14607020,scedc:14607020,2010-04-03T04:06:52.210000Z,32.25066666666667,-116.58033333333331,5.61,2.2,,,SCEDC,,C,26,0.12,SCSN
14607068,scedc:14607068,2010-04-03T12:19:30.450000Z,33.498,-116.51283333333332,11.83,2.1,,,SCEDC,,A,92,0.2,SCSN
14607140,scedc:14607140,2010-04-03T17:03:34.870000Z,32.22683333333333,-115.3065,9.94,2.1,,,SCEDC,,C,11,0.09,SCSN
14607164,scedc:14607164,2010-04-03T19:38:51.150000Z,32.24916666666667,-115.29716666666668,9.99,2.7,,,SCEDC,,C,19,0.14,SCSN
14607188,scedc:14607188,2010-04-03T20:49:04.400000Z,32.234833333333334,-115.3,9.99,3.3,,,SCEDC,,C,20,0.15,SCSN
14607204,scedc:14607204,2010-04-03T22:16:47.500000Z,32.251666666666665,-115.29966666666668,9.95,2.1,,,SCEDC,,C,11,0.12,SCSN
14607212,scedc:14607212,2010-04-03T22:47:45.410000Z,32.21783333333333,-115.307,9.95,2.0,,,SCEDC,,C,12,0.16,SCSN
14607220,scedc:14607220,2010-04-03T23:03:47.690000Z,32.26583333333333,-115.29333333333334,9.97,4.3,,,SCEDC,,C,26,0.35,SCSN
14607228,scedc:14607228,2010-04-03T23:14:08.490000Z,32.273666666666664,-115.301,9.96,2.3,,,SCEDC,,C,17,0.05,SCSN
14607244,scedc:14607244,2010-04-03T23:25:47.370000Z,32.250166666666665,-115.30216666666666,9.95,2.1,,,SCEDC,,C,13,0.13,SCSN
14607260,scedc:14607260,2010-04-03T23:37:23.690000Z,32.240833333333335,-115.303,9.95,2.4,,,SCEDC,,C,13,0.18,SCSN
14607268,scedc:14607268,2010-04-03T23:39:03.830000Z,32.229,-115.30816666666666,9.95,2.1,,,SCEDC,,C,11,0.2,SCSN
14607284,scedc:14607284,2010-04-04T00:50:20.990000Z,32.24183333333333,-115.30383333333332,9.99,2.8,,,SCEDC,,C,18,0.16,SCSN
14607292,scedc:14607292,2010-04-04T02:19:18.740000Z,32.25083333333333,-116.589,11.11,2.1,,,SCEDC,,A,26,0.1,SCSN
14607340,scedc:14607340,2010-04-04T03:29:06.680000Z,32.23016666666667,-115.307,9.99,2.3,,,SCEDC,,C,17,0.1,SCSN
14607364,scedc:14607364,2010-04-04T05:05:09.520000Z,32.256166666666665,-115.30033333333331,9.99,3.3,,,SCEDC,,C,19,0.31,SCSN
14607396,scedc:14607396,2010-04-04T07:51:38.030000Z,32.251,-115.301,9.99,3.1,,,SCEDC,,C,36,0.15,SCSN
14607412,scedc:14607412,2010-04-04T09:36:25.560000Z,32.221833333333336,-115.29433333333331,9.99,3.4,,,SCEDC,,C,27,0.18,SCSN
14607428,scedc:14607428,2010-04-04T10:44:54.400000Z,32.57566666666666,-115.33183333333334,14.99,2.1,,,SCEDC,,C,22,0.24,SCSN
30677759,scedc:30677759,2010-04-04T15:07:53.430000Z,32.25966666666667,-115.30483333333332,5.67,2.1,,,SCEDC,,C,13,0.11,SCSN
14607524,scedc:14607524,2010-04-04T16:21:10.240000Z,32.27033333333333,-115.3005,5.68,2.4,,,SCEDC,,C,19,0.16,SCSN
14607556,scedc:14607556,2010-04-04T17:18:00.850000Z,32.24783333333333,-115.30533333333334,9.99,2.2,,,SCEDC,,C,10,0.09,SCSN
14607564,scedc:14607564,2010-04-04T17:19:07.300000Z,32.265,-115.307,9.99,2.1,,,SCEDC,,C,10,0.12,SCSN
10169070,scedc:10169070,2010-04-04T22:39:57.210000Z,32.23566666666667,-115.30616666666668,9.99,2.9,,,SCEDC,,C,13,0.19,SCSN
10184394,scedc:10184394,2010-04-04T22:43:00.430000Z,32.45333333333333,-115.632,9.98,5.3,,,SCEDC,,C,24,0.26,SCSN
10184834,scedc:10184834,2010-04-04T22:44:36.140000Z,32.483,-115.6785,6.99,3.0,,,SCEDC,,C,13,0.33,SCSN
10184870,scedc:10184870,2010-04-04T22:45:20.320000Z,32.46966666666667,-115.62133333333334,6.12,3.0,,,SCEDC,,C,14,0.2,SCSN
10184874,scedc:10184874,2010-04-04T22:46:09.740000Z,32.441,-115.61116666666666,10.04,3.5,,,SCEDC,,C,14,0.36,SCSN
14607684,scedc:14607684,2010-04-04T22:47:57.980000Z,32.8985,-116.26516666666669,13.51,3.3,,,SCEDC,,A,27,0.16,SCSN
14607700,scedc:14607700,2010-04-04T22:54:13.970000Z,32.436,-115.49733333333332,9.98,4.0,,,SCEDC,,C,16,0.32,SCSN
14607748,scedc:14607748,2010-04-04T22:56:40.430000Z,33.15083333333333,-116.48233333333332,10.66,3.9,,,SCEDC,,A,77,0.29,SCSN
30269759,scedc:30269759,2010-04-04T22:58:00.010000Z,33.228833333333334,-116.34266666666667,11.45,2.7,,,SCEDC,,B,17,0.41,SCSN
30277759,scedc:30277759,2010-04-04T22:58:27.070000Z,32.565,-115.7655,5.97,3.8,,,SCEDC,,C,23,0.33,SCSN
31981759,scedc:31981759,2010-04-04T22:58:47.480000Z,32.538666666666664,-115.74166666666666,5.61,3.9,,,SCEDC,,C,18,0.4,SCSN
10169074,scedc:10169074,2010-04-04T22:59:09.070000Z,32.489,-115.726,2.85,2.5,,,SCEDC,,B,10,0.24,SCSN
14607804,scedc:14607804,2010-04-04T23:06:55.070000Z,32.333666666666666,-115.37433333333334,10.01,3.9,,,SCEDC,,C,17,0.54,SCSN
31997759,scedc:31997759,2010-04-04T23:07:51.030000Z,32.452333333333335,-115.662,9.99,3.8,,,SCEDC,,C,12,0.21,SCSN
14607828,scedc:14607828,2010-04-04T23:10:14.850000Z,33.98016666666667,-118.68183333333332,8.82,2.8,,,SCEDC,,A,41,0.26,SCSN
10169082,scedc:10169082,2010-04-04T23:11:02.880000Z,32.60583333333334,-115.765,5.93,2.5,,,SCEDC,,C,10,0.18,SCSN
14607844,scedc:14607844,2010-04-04T23:19:17.520000Z,32.775166666666664,-116.05883333333334,8.24,3.1,,,SCEDC,,C,15,0.27,SCSN
14607852,scedc:14607852,2010-04-04T23:19:32.280000Z,32.63366666666667,-115.76216666666669,1.29,4.0,,,SCEDC,,A,28,0.2,SCSN
10169098,scedc:10169098,2010-04-04T23:19:55.250000Z,32.461,-115.60283333333334,9.97,3.7,,,SCEDC,,C,16,0.12,SCSN
10169106,scedc:10169106,2010-04-04T23:20:25.800000Z,32.5145,-115.68916666666668,9.98,3.4,,,SCEDC,,C,9,0.25,SCSN
14607868,scedc:14607868,2010-04-04T23:23:10.510000Z,32.55833333333333,-115.7905,5.2,3.6,,,SCEDC,,B,21,0.13,SCSN
10169110,scedc:10169110,2010-04-04T23:23:45.800000Z,32.613,-115.82933333333334,5.6,3.2,,,SCEDC,,C,9,0.25,SCSN
10169114,scedc:10169114,2010-04-04T23:26:39.410000Z,32.3935,-115.6555,5.57,4.4,,,SCEDC,,C,17,0.3,SCSN
14607916,scedc:14607916,2010-04-04T23:27:22.600000Z,33.0575,-116.38383333333331,13.38,3.3,,,SCEDC,,A,21,0.22,SCSN
14607964,scedc:14607964,2010-04-04T23:34:28.290000Z,32.6025,-115.761,3.27,4.1,,,SCEDC,,A,32,0.22,SCSN
10147522,scedc:10147522,2010-04-04T23:36:20.700000Z,32.653333333333336,-115.75166666666668,4.55,3.1,,,SCEDC,,A,16,0.18,SCSN
14607972,scedc:14607972,2010-04-04T23:37:33.490000Z,32.46233333333333,-115.59783333333333,9.97,4.7,,,SCEDC,,C,44,0.25,SCSN
10169130,scedc:10169130,2010-04-04T23:37:34.610000Z,32.649166666666666,-115.74616666666668,4.73,2.0,,,SCEDC,,B,7,0.1,SCSN
10169126,scedc:10169126,2010-04-04T23:38:41.850000Z,32.48083333333334,-115.534,5.58,2.0,,,SCEDC,,C,7,0.18,SCSN
10147530,scedc:10147530,2010-04-04T23:39:35.040000Z,32.58833333333333,-115.78066666666666,6.97,3.0,,,SCEDC,,C,7,0.16,SCSN
14607988,scedc:14607988,2010-04-04T23:39:44.590000Z,32.4535,-115.62633333333332,7.26,3.5,,,SCEDC,,C,16,0.13,SCSN
30317767,scedc:30317767,2010-04-04T23:44:43.380000Z,32.315666666666665,-115.37333333333332,10.02,4.0,,,SCEDC,,C,19,0.18,SCSN
14608012,scedc:14608012,2010-04-04T23:46:30.320000Z,32.6825,-115.795,6.55,3.3,,,SCEDC,,C,33,0.19,SCSN
10147762,scedc:10147762,2010-04-04T23:47:20.590000Z,32.624833333333335,-115.74366666666668,1.97,3.0,,,SCEDC,,B,10,0.16,SCSN
36880167,scedc:36880167,2010-04-04T23:49:01.610000Z,32.64216666666667,-115.73716666666668,9.95,3.0,,,SCEDC,,C,10,0.35,SCSN
10147770,scedc:10147770,2010-04-04T23:49:22.890000Z,32.453,-115.59333333333332,9.97,3.3,,,SCEDC,,C,13,0.23,SCSN
14608052,scedc:14608052,2010-04-04T23:50:07.420000Z,32.632333333333335,-115.76766666666668,3.31,3.4,,,SCEDC,,A,25,0.16,SCSN
14608076,scedc:14608076,2010-04-04T23:53:44.800000Z,32.615833333333335,-115.78433333333334,2.32,3.6,,,SCEDC,,A,29,0.19,SCSN
10169330,scedc:10169330,2010-04-04T23:54:52.140000Z,32.462666666666664,-115.7145,6.96,3.2,,,SCEDC,,C,18,0.23,SCSN
14608092,scedc:14608092,2010-04-04T23:56:30.710000Z,32.494166666666665,-115.75433333333334,5.58,3.2,,,SCEDC,,C,15,0.36,SCSN
14608116,scedc:14608116,2010-04-04T23:57:13.520000Z,32.58533333333333,-115.74833333333332,4.22,3.8,,,SCEDC,,A,42,0.18,SCSN
10169334,scedc:10169334,2010-04-05T00:01:47.360000Z,32.658166666666666,-115.7725,4.3,3.1,,,SCEDC,,A,30,0.15,SCSN
14608172,scedc:14608172,2010-04-05T00:01:49.190000Z,33.18183333333333,-116.37616666666666,9.01,2.3,,,SCEDC,,A,38,0.19,SCSN
10169338,scedc:10169338,2010-04-05T00:02:03.950000Z,32.62866666666667,-115.77983333333331,0.27,2.7,,,SCEDC,,C,6,0.04,SCSN
14608180,scedc:14608180,2010-04-05T00:02:46.310000Z,32.645833333333336,-115.75516666666668,3.52,2.9,,,SCEDC,,A,22,0.1,SCSN
14608188,scedc:14608188,2010-04-05T00:03:09.460000Z,32.5965,-115.88283333333334,14.22,3.2,,,SCEDC,,A,24,0.15,SCSN
14608196,scedc:14608196,2010-04-05T00:04:11.860000Z,33.2075,-116.40566666666666,9.93,2.1,,,SCEDC,,C,12,0.44,SCSN
14608204,scedc:14608204,2010-04-05T00:04:52.020000Z,32.679,-115.84383333333334,5.96,3.4,,,SCEDC,,C,38,0.21,SCSN
14608212,scedc:14608212,2010-04-05T00:06:01.430000Z,32.53183333333333,-115.68733333333331,3.36,3.6,,,SCEDC,,B,26,0.17,SCSN
14608228,scedc:14608228,2010-04-05T00:11:36.120000Z,32.63283333333333,-115.73833333333332,7.51,3.9,,,SCEDC,,B,36,0.18,SCSN
14608236,scedc:14608236,2010-04-05T00:12:23.540000Z,32.572833333333335,-115.72166666666666,10.93,3.9,,,SCEDC,,A,45,0.22,SCSN
14608244,scedc:14608244,2010-04-05T00:14:10.540000Z,32.65266666666667,-115.77133333333332,2.5,3.2,,,SCEDC,,B,39,0.19,SCSN
14608260,scedc:14608260,2010-04-05T00:17:25.230000Z,32.64366666666667,-115.75633333333332,4.08,2.8,,,SCEDC,,B,18,0.15,SCSN
10170646,scedc:10170646,2010-04-05T00:17:47.320000Z,32.5565,-116.411,5.57,2.8,,,SCEDC,,C,11,0.24,SCSN
14608268,scedc:14608268,2010-04-05T00:18:06.530000Z,32.642,-115.75016666666669,2.74,3.3,,,SCEDC,,A,33,0.21,SCSN
14608276,scedc:14608276,2010-04-05T00:19:35.560000Z,32.619,-115.75183333333334,2.51,3.1,,,SCEDC,,A,28,0.2,SCSN
14608284,scedc:14608284,2010-04-05T00:20:14.590000Z,32.5075,-115.64516666666668,5.5,3.6,,,SCEDC,,C,33,0.24,SCSN
14608292,scedc:14608292,2010-04-05T00:21:28.520000Z,32.62733333333333,-115.7645,2.15,3.6,,,SCEDC,,A,35,0.16,SCSN
14608308,scedc:14608308,2010-04-05T00:22:12.470000Z,32.4265,-115.5855,14.99,3.9,,,SCEDC,,C,51,0.25,SCSN
14608316,scedc:14608316,2010-04-05T00:23:57.770000Z,33.15983333333333,-116.422,9.43,2.2,,,SCEDC,,A,28,0.19,SCSN
14608324,scedc:14608324,2010-04-05T00:25:22.720000Z,33.18516666666667,-116.41266666666668,11.04,2.9,,,SCEDC,,A,73,0.25,SCSN
14608332,scedc:14608332,2010-04-05T00:26:03.770000Z,32.47933333333334,-115.65166666666669,3.35,3.3,,,SCEDC,,A,24,0.22,SCSN
14608404,scedc:14608404,2010-04-05T00:30:02.020000Z,32.59883333333333,-115.774,2.83,3.5,,,SCEDC,,B,53,0.22,SCSN
10170682,scedc:10170682,2010-04-05T00:30:25.410000Z,32.57366666666667,-115.73433333333334,3.13,3.0,,,SCEDC,,D,7,0.12,SCSN
14608412,scedc:14608412,2010-04-05T00:30:47.840000Z,32.719166666666666,-115.84183333333333,0.97,2.8,,,SCEDC,,A,12,0.15,SCSN
14608420,scedc:14608420,2010-04-05T00:31:16.910000Z,32.3925,-115.47466666666666,14.97,3.3,,,SCEDC,,C,39,0.24,SCSN
14608428,scedc:14608428,2010-04-05T00:32:10.880000Z,32.6025,-115.74683333333331,5.4,3.9,,,SCEDC,,A,45,0.22,SCSN
14608436,scedc:14608436,2010-04-05T00:33:15.090000Z,33.186,-116.38466666666666,10.06,2.3,,,SCEDC,,B,22,0.21,SCSN
10170702,scedc:10170702,2010-04-05T00:33:25.230000Z,32.627833333333335,-115.782,3.42,2.8,,,SCEDC,,A,17,0.15,SCSN
14608444,scedc:14608444,2010-04-05T00:35:25.360000Z,32.942,-116.21066666666668,8.14,2.4,,,SCEDC,,C,15,0.4,SCSN
14608452,scedc:14608452,2010-04-05T00:38:10.470000Z,32.522166666666664,-115.60783333333332,14.99,3.6,,,SCEDC,,C,38,0.18,SCSN
30533759,scedc:30533759,2010-04-05T00:39:20.990000Z,32.5625,-115.748,1.61,2.9,,,SCEDC,,B,20,0.15,SCSN
10170722,scedc:10170722,2010-04-05T00:39:49.590000Z,32.67933333333333,-115.76016666666666,0.58,2.6,,,SCEDC,,C,7,0.37,SCSN
14608468,scedc:14608468,2010-04-05T00:40:52.550000Z,32.688,-115.82666666666668,4.3,3.3,,,SCEDC,,A,49,0.21,SCSN
30557767,scedc:30557767,2010-04-05T00:42:10.090000Z,32.6725,-115.81333333333332,1.11,3.4,,,SCEDC,,A,49,0.24,SCSN
14608484,scedc:14608484,2010-04-05T00:42:40.030000Z,32.28066666666667,-115.35783333333332,9.96,4.2,,,SCEDC,,C,28,0.32,SCSN
30565775,scedc:30565775,2010-04-05T00:44:00.020000Z,32.613,-115.82733333333331,6.29,2.8,,,SCEDC,,C,8,0.11,SCSN
14608492,scedc:14608492,2010-04-05T00:44:22.160000Z,32.306666666666665,-115.42966666666666,9.96,4.0,,,SCEDC,,C,26,0.29,SCSN
14608532,scedc:14608532,2010-04-05T00:46:52.840000Z,32.61783333333333,-115.82883333333334,5.59,3.6,,,SCEDC,,C,37,0.29,SCSN
14608508,scedc:14608508,2010-04-05T00:48:54.280000Z,32.61416666666667,-115.7755,0.73,2.6,,,SCEDC,,B,24,0.11,SCSN
30581759,scedc:30581759,2010-04-05T00:49:06.220000Z,32.474333333333334,-115.66266666666668,0.96,2.9,,,SCEDC,,A,26,0.13,SCSN
30589759,scedc:30589759,2010-04-05T00:50:10.360000Z,32.423833333333334,-115.52883333333334,7.1,3.4,,,SCEDC,,C,32,0.14,SCSN
10170766,scedc:10170766,2010-04-05T00:53:17.420000Z,32.57633333333333,-115.785,6.33,2.5,,,SCEDC,,C,19,0.19,SCSN
14608612,scedc:14608612,2010-04-05T00:53:31.530000Z,32.621,-115.76183333333331,0.86,3.3,,,SCEDC,,B,38,0.19,SCSN
14608620,scedc:14608620,2010-04-05T00:54:32.810000Z,33.63066666666667,-116.73166666666668,14.5,2.8,,,SCEDC,,A,19,0.06,SCSN
30613759,scedc:30613759,2010-04-05T00:54:36.750000Z,32.598333333333336,-115.7415,1.66,3.0,,,SCEDC,,A,43,0.17,SCSN
14608644,scedc:14608644,2010-04-05T00:56:06.570000Z,32.55416666666667,-115.6735,13.76,3.2,,,SCEDC,,A,32,0.22,SCSN
30621759,scedc:30621759,2010-04-05T01:01:00.500000Z,32.65116666666667,-115.76733333333334,0.88,3.1,,,SCEDC,,A,29,0.11,SCSN
10170802,scedc:10170802,2010-04-05T01:01:53.940000Z,32.603,-115.77166666666666,4.83,2.3,,,SCEDC,,B,13,0.21,SCSN
14608668,scedc:14608668,2010-04-05T01:05:28.330000Z,32.67133333333334,-115.81433333333334,0.92,2.8,,,SCEDC,,A,40,0.2,SCSN
30685759,scedc:30685759,2010-04-05T01:09:31.630000Z,32.2185,-115.46333333333334,9.97,3.1,,,SCEDC,,C,12,0.31,SCSN
14608724,scedc:14608724,2010-04-05T01:10:38.720000Z,33.264,-116.26783333333331,4.38,2.0,,,SCEDC,,A,19,0.14,SCSN
14608732,scedc:14608732,2010-04-05T01:11:08.600000Z,32.3075,-115.33766666666666,10.0,3.0,,,SCEDC,,C,24,0.28,SCSN
14608740,scedc:14608740,2010-04-05T01:13:58.150000Z,32.6165,-115.77683333333331,1.93,3.2,,,SCEDC,,B,63,0.2,SCSN
30693759,scedc:30693759,2010-04-05T01:14:25.050000Z,32.6075,-115.77033333333333,0.12,3.3,,,SCEDC,,B,18,0.16,SCSN
14608748,scedc:14608748,2010-04-05T01:16:46.860000Z,32.56133333333333,-115.727,2.66,3.0,,,SCEDC,,A,40,0.14,SCSN
14608772,scedc:14608772,2010-04-05T01:19:42.310000Z,32.63316666666667,-115.7725,1.65,2.9,,,SCEDC,,A,39,0.13,SCSN
10148082,scedc:10148082,2010-04-05T01:19:51.380000Z,32.627,-115.81733333333334,8.52,2.6,,,SCEDC,,B,8,0.04,SCSN
14608780,scedc:14608780,2010-04-05T01:20:47.670000Z,32.3755,-115.576,5.97,3.5,,,SCEDC,,C,33,0.23,SCSN
10170834,scedc:10170834,2010-04-05T01:21:17.240000Z,32.57566666666666,-115.74183333333332,7.51,2.8,,,SCEDC,,B,14,0.18,SCSN
14608804,scedc:14608804,2010-04-05T01:21:30.940000Z,32.532666666666664,-115.68516666666666,13.27,3.5,,,SCEDC,,A,48,0.24,SCSN
14608812,scedc:14608812,2010-04-05T01:22:44.680000Z,32.52183333333333,-115.676,3.56,3.9,,,SCEDC,,A,57,0.25,SCSN
10170838,scedc:10170838,2010-04-05T01:23:56.810000Z,32.60633333333333,-115.66766666666666,12.36,2.0,,,SCEDC,,B,8,0.18,SCSN
14608828,scedc:14608828,2010-04-05T01:25:01.420000Z,32.4,-115.59866666666667,15.24,3.7,,,SCEDC,,B,30,0.16,SCSN
10170842,scedc:10170842,2010-04-05T01:25:17.070000Z,32.48166666666667,-115.6495,5.56,3.7,,,SCEDC,,C,12,0.17,SCSN
10170846,scedc:10170846,2010-04-05T01:27:09.190000Z,32.60633333333333,-115.771,1.23,3.9,,,SCEDC,,A,29,0.17,SCSN
14608836,scedc:14608836,2010-04-05T01:28:13.970000Z,32.629666666666665,-115.70266666666669,8.88,3.5,,,SCEDC,,A,56,0.23,SCSN
10170862,scedc:10170862,2010-04-05T01:29:43.390000Z,32.63133333333333,-115.78916666666667,8.49,2.9,,,SCEDC,,C,12,0.18,SCSN
14608844,scedc:14608844,2010-04-05T01:29:48.080000Z,32.535,-115.70983333333334,5.79,3.3,,,SCEDC,,C,24,0.23,SCSN
14608852,scedc:14608852,2010-04-05T01:31:33.360000Z,32.61083333333333,-115.7685,2.38,2.9,,,SCEDC,,B,26,0.22,SCSN
10170882,scedc:10170882,2010-04-05T01:31:51.010000Z,32.53066666666667,-115.7205,5.61,3.3,,,SCEDC,,C,24,0.26,SCSN
10170922,scedc:10170922,2010-04-05T01:34:42.650000Z,32.35166666666667,-115.4065,9.96,3.1,,,SCEDC,,C,31,0.17,SCSN
10170902,scedc:10170902,2010-04-05T01:35:15.030000Z,32.560833333333335,-115.71083333333333,3.7,2.7,,,SCEDC,,B,20,0.16,SCSN
14608884,scedc:14608884,2010-04-05T01:35:44.050000Z,32.68866666666667,-115.82,0.32,3.4,,,SCEDC,,A,99,0.21,SCSN
10170962,scedc:10170962,2010-04-05T01:36:53.740000Z,32.69766666666666,-115.793,5.38,2.2,,,SCEDC,,B,13,0.14,SCSN
10170966,scedc:10170966,2010-04-05T01:39:31.780000Z,32.35616666666667,-115.4365,9.94,3.0,,,SCEDC,,C,8,0.38,SCSN
14608908,scedc:14608908,2010-04-05T01:39:36.150000Z,32.277833333333334,-115.38616666666668,9.98,3.9,,,SCEDC,,C,28,0.22,SCSN
10170982,scedc:10170982,2010-04-05T01:40:28.080000Z,32.47233333333333,-115.5815,6.97,3.2,,,SCEDC,,C,11,0.16,SCSN
10170986,scedc:10170986,2010-04-05T01:40:41.840000Z,33.260333333333335,-115.659,1.77,2.0,,,SCEDC,,C,7,0.26,SCSN
10170970,scedc:10170970,2010-04-05T01:40:49.770000Z,32.54266666666667,-115.76983333333334,5.58,2.9,,,SCEDC,,C,10,0.12,SCSN
14608916,scedc:14608916,2010-04-05T01:42:20.650000Z,32.512,-115.6785,5.8,3.1,,,SCEDC,,C,41,0.19,SCSN
14608932,scedc:14608932,2010-04-05T01:43:28.280000Z,32.667,-115.81483333333334,2.66,3.0,,,SCEDC,,A,17,0.19,SCSN
14608940,scedc:14608940,2010-04-05T01:46:21.830000Z,32.6885,-115.986,5.52,2.6,,,SCEDC,,C,70,0.22,SCSN
10171006,scedc:10171006,2010-04-05T01:46:55.000000Z,32.442,-115.49416666666669,14.97,2.8,,,SCEDC,,C,15,0.32,SCSN
14608948,scedc:14608948,2010-04-05T01:48:48.160000Z,32.6755,-115.82183333333332,5.77,2.2,,,SCEDC,,C,28,0.23,SCSN
14608956,scedc:14608956,2010-04-05T01:50:03.160000Z,32.654333333333334,-115.78266666666669,0.75,3.2,,,SCEDC,,A,66,0.22,SCSN
10171026,scedc:10171026,2010-04-05T01:51:06.420000Z,32.617333333333335,-115.76633333333334,3.21,2.6,,,SCEDC,,B,11,0.16,SCSN
10171042,scedc:10171042,2010-04-05T01:52:18.200000Z,32.56933333333333,-115.72966666666667,3.26,3.0,,,SCEDC,,B,20,0.19,SCSN
14608980,scedc:14608980,2010-04-05T01:52:25.420000Z,32.593333333333334,-115.77333333333333,4.08,4.7,,,SCEDC,,A,64,0.23,SCSN
14608988,scedc:14608988,2010-04-05T01:54:06.310000Z,33.77466666666667,-116.08566666666668,4.53,2.8,,,SCEDC,,A,69,0.22,SCSN
10171046,scedc:10171046,2010-04-05T01:54:42.060000Z,32.34166666666667,-115.4655,9.99,3.2,,,SCEDC,,C,11,0.16,SCSN
10148246,scedc:10148246,2010-04-05T01:59:52.120000Z,32.68816666666667,-115.78316666666667,3.77,3.4,,,SCEDC,,B,23,0.24,SCSN
14609028,scedc:14609028,2010-04-05T02:03:57.170000Z,32.772,-116.08816666666668,1.89,2.4,,,SCEDC,,A,27,0.23,SCSN
14609044,scedc:14609044,2010-04-05T02:05:29.670000Z,32.62583333333333,-115.78116666666666,4.55,3.0,,,SCEDC,,B,33,0.17,SCSN
14609060,scedc:14609060,2010-04-05T02:10:18.840000Z,33.17633333333333,-116.4155,11.05,2.8,,,SCEDC,,A,37,0.22,SCSN
14609108,scedc:14609108,2010-04-05T02:11:33.200000Z,32.631,-115.73466666666668,7.72,2.6,,,SCEDC,,C,14,0.13,SCSN
14609116,scedc:14609116,2010-04-05T02:12:56.590000Z,32.54333333333334,-115.79166666666669,5.94,3.1,,,SCEDC,,C,20,0.15,SCSN
14609124,scedc:14609124,2010-04-05T02:16:31.360000Z,32.618833333333335,-115.73783333333331,6.51,2.2,,,SCEDC,,A,17,0.18,SCSN
10171342,scedc:10171342,2010-04-05T02:16:46.800000Z,32.49,-115.56716666666668,5.57,2.9,,,SCEDC,,C,24,0.29,SCSN
10148322,scedc:10148322,2010-04-05T02:17:43.560000Z,32.53183333333333,-115.60766666666666,6.36,2.8,,,SCEDC,,C,26,0.17,SCSN
14609212,scedc:14609212,2010-04-05T02:19:03.130000Z,32.498333333333335,-115.76633333333334,1.15,3.4,,,SCEDC,,B,20,0.23,SCSN
14609228,scedc:14609228,2010-04-05T02:23:59.330000Z,32.590333333333334,-115.78466666666668,1.1,3.3,,,SCEDC,,A,53,0.23,SCSN
14609244,scedc:14609244,2010-04-05T02:26:52.610000Z,33.204166666666666,-116.333,7.96,2.1,,,SCEDC,,A,26,0.16,SCSN
10171374,scedc:10171374,2010-04-05T02:29:16.280000Z,32.67316666666667,-115.71716666666669,4.84,2.0,,,SCEDC,,B,6,0.09,SCSN
14609252,scedc:14609252,2010-04-05T02:29:16.310000Z,32.644666666666666,-115.76533333333332,3.64,2.8,,,SCEDC,,B,24,0.17,SCSN
10171378,scedc:10171378,2010-04-05T02:29:52.570000Z,32.57633333333333,-115.77066666666668,0.09,2.5,,,SCEDC,,B,11,0.16,SCSN
14609260,scedc:14609260,2010-04-05T02:30:52.910000Z,33.7735,-116.0825,5.03,2.1,,,SCEDC,,A,78,0.22,SCSN
14609268,scedc:14609268,2010-04-05T02:33:21.070000Z,32.56733333333333,-115.768,2.51,3.0,,,SCEDC,,A,49,0.21,SCSN
10148402,scedc:10148402,2010-04-05T02:34:00.100000Z,32.576,-115.721,2.26,2.7,,,SCEDC,,B,9,0.12,SCSN
14609292,scedc:14609292,2010-04-05T02:34:49.570000Z,32.611,-115.7425,4.25,2.8,,,SCEDC,,B,32,0.18,SCSN
14609316,scedc:14609316,2010-04-05T02:36:55.830000Z,32.62416666666667,-115.75216666666668,4.29,2.2,,,SCEDC,,B,8,0.09,SCSN
14609332,scedc:14609332,2010-04-05T02:37:19.110000Z,32.617666666666665,-115.78166666666668,5.58,2.8,,,SCEDC,,C,35,0.26,SCSN
14609364,scedc:14609364,2010-04-05T02:38:56.640000Z,32.3555,-115.404,9.99,3.1,,,SCEDC,,C,27,0.39,SCSN
14609348,scedc:14609348,2010-04-05T02:40:10.470000Z,32.54833333333333,-115.66533333333334,5.84,3.4,,,SCEDC,,C,34,0.17,SCSN
10171402,scedc:10171402,2010-04-05T02:40:18.080000Z,32.52583333333333,-115.66233333333334,10.01,3.0,,,SCEDC,,D,6,0.52,SCSN
14609356,scedc:14609356,2010-04-05T02:41:30.690000Z,32.58,-115.723,3.03,2.9,,,SCEDC,,B,16,0.12,SCSN
14609372,scedc:14609372,2010-04-05T02:42:11.540000Z,32.620666666666665,-115.76616666666666,2.67,2.9,,,SCEDC,,A,15,0.15,SCSN
10171406,scedc:10171406,2010-04-05T02:42:54.010000Z,32.4725,-115.68266666666666,5.56,2.4,,,SCEDC,,C,7,0.26,SCSN
14609380,scedc:14609380,2010-04-05T02:43:34.040000Z,32.55266666666667,-115.73883333333332,5.61,2.7,,,SCEDC,,C,32,0.28,SCSN
10171410,scedc:10171410,2010-04-05T02:43:52.440000Z,32.43983333333333,-115.59316666666666,14.99,2.4,,,SCEDC,,D,11,0.4,SCSN
10171414,scedc:10171414,2010-04-05T02:44:38.580000Z,32.58433333333333,-115.74283333333334,5.57,2.4,,,SCEDC,,C,13,0.2,SCSN
14609436,scedc:14609436,2010-04-05T02:46:17.500000Z,32.6025,-115.77733333333332,7.51,3.2,,,SCEDC,,C,38,0.21,SCSN
14609452,scedc:14609452,2010-04-05T02:47:25.660000Z,32.59,-115.75783333333334,4.84,2.8,,,SCEDC,,B,17,0.19,SCSN
30389759,scedc:30389759,2010-04-05T02:47:27.410000Z,32.28516666666667,-115.3025,10.0,4.5,,,SCEDC,,C,22,0.19,SCSN
10171422,scedc:10171422,2010-04-05T02:50:13.010000Z,32.5575,-115.78216666666668,3.8,2.5,,,SCEDC,,B,12,0.12,SCSN
14609484,scedc:14609484,2010-04-05T02:51:31.100000Z,32.638666666666666,-115.794,4.64,2.6,,,SCEDC,,A,38,0.16,SCSN
14609500,scedc:14609500,2010-04-05T02:54:34.450000Z,32.472833333333334,-115.62933333333334,13.77,4.3,,,SCEDC,,B,64,0.25,SCSN
10171442,scedc:10171442,2010-04-05T02:56:03.360000Z,32.60616666666667,-115.7405,5.3,2.5,,,SCEDC,,B,7,0.13,SCSN
10171446,scedc:10171446,2010-04-05T02:57:01.320000Z,32.62083333333333,-115.75716666666666,4.01,2.5,,,SCEDC,,B,6,0.21,SCSN
10171450,scedc:10171450,2010-04-05T02:58:21.740000Z,32.531666666666666,-115.727,0.03,2.8,,,SCEDC,,B,11,0.09,SCSN
14609516,scedc:14609516,2010-04-05T02:59:05.230000Z,32.651,-115.745,3.62,3.2,,,SCEDC,,A,24,0.12,SCSN
10171454,scedc:10171454,2010-04-05T02:59:15.280000Z,32.565666666666665,-115.7595,14.06,3.3,,,SCEDC,,B,21,0.23,SCSN
10171462,scedc:10171462,2010-04-05T03:00:02.620000Z,32.552,-115.76133333333334,5.76,2.3,,,SCEDC,,C,8,0.15,SCSN
14609532,scedc:14609532,2010-04-05T03:00:28.980000Z,35.897666666666666,-120.47533333333334,6.4,2.4,,,SCEDC,,C,18,0.21,SCSN
10171458,scedc:10171458,2010-04-05T03:00:33.350000Z,32.55583333333333,-115.73666666666666,5.57,2.6,,,SCEDC,,D,11,0.18,SCSN
14609540,scedc:14609540,2010-04-05T03:01:14.800000Z,32.63583333333333,-115.74433333333332,3.4,3.0,,,SCEDC,,A,40,0.17,SCSN
14609548,scedc:14609548,2010-04-05T03:02:35.840000Z,32.6555,-115.79533333333332,0.23,3.5,,,SCEDC,,A,83,0.2,SCSN
14609556,scedc:14609556,2010-04-05T03:03:41.030000Z,32.648,-115.79133333333333,0.07,3.1,,,SCEDC,,A,50,0.18,SCSN
10171582,scedc:10171582,2010-04-05T03:04:45.800000Z,32.69083333333333,-115.80533333333334,0.01,2.5,,,SCEDC,,A,13,0.19,SCSN
14609572,scedc:14609572,2010-04-05T03:04:50.640000Z,32.60066666666667,-115.75866666666668,6.36,3.3,,,SCEDC,,C,56,0.24,SCSN
14609580,scedc:14609580,2010-04-05T03:05:56.030000Z,32.671166666666664,-115.81483333333334,0.27,2.7,,,SCEDC,,A,39,0.2,SCSN
10171626,scedc:10171626,2010-04-05T03:09:36.650000Z,32.4895,-115.70783333333333,5.59,2.8,,,SCEDC,,C,19,0.2,SCSN
14609604,scedc:14609604,2010-04-05T03:09:53.750000Z,32.541333333333334,-115.6515,13.55,3.9,,,SCEDC,,A,59,0.25,SCSN
14609620,scedc:14609620,2010-04-05T03:12:26.200000Z,32.970166666666664,-115.6,6.62,2.0,,,SCEDC,,C,8,0.06,SCSN
14609628,scedc:14609628,2010-04-05T03:13:13.820000Z,32.977,-115.62683333333334,1.07,2.8,,,SCEDC,,C,12,0.2,SCSN
10171682,scedc:10171682,2010-04-05T03:14:51.990000Z,32.546166666666664,-115.771,4.48,3.4,,,SCEDC,,B,18,0.23,SCSN
14609668,scedc:14609668,2010-04-05T03:17:24.660000Z,32.652,-115.8,4.96,2.5,,,SCEDC,,A,20,0.17,SCSN
10171726,scedc:10171726,2010-04-05T03:18:06.290000Z,32.619166666666665,-115.71033333333334,6.19,2.0,,,SCEDC,,B,8,0.09,SCSN
10171762,scedc:10171762,2010-04-05T03:19:12.740000Z,33.00033333333333,-115.585,9.59,2.5,,,SCEDC,,C,10,0.06,SCSN
14609676,scedc:14609676,2010-04-05T03:20:24.100000Z,32.69166666666667,-115.7945,3.75,2.9,,,SCEDC,,A,58,0.24,SCSN
10171786,scedc:10171786,2010-04-05T03:21:20.270000Z,32.571666666666665,-115.68583333333332,3.06,2.0,,,SCEDC,,D,7,0.22,SCSN
10171782,scedc:10171782,2010-04-05T03:21:28.940000Z,32.6465,-115.76016666666666,0.4,2.2,,,SCEDC,,C,8,0.08,SCSN
10171766,scedc:10171766,2010-04-05T03:21:41.460000Z,32.56166666666667,-115.769,1.6,2.7,,,SCEDC,,B,17,0.23,SCSN
10171802,scedc:10171802,2010-04-05T03:22:00.420000Z,33.25366666666667,-115.66566666666668,3.13,2.0,,,SCEDC,,C,9,0.12,SCSN
14609724,scedc:14609724,2010-04-05T03:23:12.650000Z,32.605,-115.7595,4.09,2.8,,,SCEDC,,B,24,0.19,SCSN
10171806,scedc:10171806,2010-04-05T03:23:23.780000Z,33.041,-115.58366666666667,5.65,2.8,,,SCEDC,,B,17,0.08,SCSN
10171810,scedc:10171810,2010-04-05T03:23:50.160000Z,33.029833333333336,-115.57983333333334,1.07,2.4,,,SCEDC,,C,11,0.1,SCSN
10171822,scedc:10171822,2010-04-05T03:24:32.980000Z,32.66416666666667,-115.8745,3.64,2.7,,,SCEDC,,A,15,0.12,SCSN
14609780,scedc:14609780,2010-04-05T03:24:37.080000Z,32.923833333333334,-115.62966666666668,5.86,2.0,,,SCEDC,,C,12,0.11,SCSN
14609788,scedc:14609788,2010-04-05T03:27:56.390000Z,32.572,-115.74566666666666,3.53,3.2,,,SCEDC,,B,57,0.23,SCSN
10171870,scedc:10171870,2010-04-05T03:28:46.610000Z,32.5045,-115.793,5.86,2.3,,,SCEDC,,C,6,0.33,SCSN
14609900,scedc:14609900,2010-04-05T03:29:44.890000Z,33.07533333333333,-115.58766666666666,1.07,2.1,,,SCEDC,,C,13,0.27,SCSN
10171862,scedc:10171862,2010-04-05T03:29:54.530000Z,32.61183333333334,-115.74566666666666,3.74,2.9,,,SCEDC,,B,17,0.15,SCSN
14609828,scedc:14609828,2010-04-05T03:31:42.570000Z,32.709666666666664,-115.8435,0.98,2.1,,,SCEDC,,A,25,0.19,SCSN
10171882,scedc:10171882,2010-04-05T03:34:04.060000Z,32.370666666666665,-115.52766666666666,9.97,2.5,,,SCEDC,,C,12,0.18,SCSN
10171886,scedc:10171886,2010-04-05T03:34:26.150000Z,32.4685,-115.6435,9.96,2.0,,,SCEDC,,C,6,0.21,SCSN
14609932,scedc:14609932,2010-04-05T03:37:54.590000Z,33.04633333333334,-115.57683333333334,7.22,3.1,,,SCEDC,,A,29,0.18,SCSN
30901767,scedc:30901767,2010-04-05T03:38:06.920000Z,33.0295,-115.54416666666668,15.73,2.5,,,SCEDC,,B,18,0.12,SCSN
30893767,scedc:30893767,2010-04-05T03:38:25.520000Z,32.54533333333333,-115.71466666666667,0.75,2.0,,,SCEDC,,C,6,0.08,SCSN
14609940,scedc:14609940,2010-04-05T03:42:37.250000Z,32.62,-115.80633333333331,4.25,2.3,,,SCEDC,,B,13,0.17,SCSN
14609948,scedc:14609948,2010-04-05T03:43:09.780000Z,32.67883333333333,-115.80966666666669,1.03,2.8,,,SCEDC,,A,51,0.19,SCSN
10171914,scedc:10171914,2010-04-05T03:43:54.830000Z,32.62566666666667,-115.47416666666666,15.02,2.7,,,SCEDC,,C,6,0.05,SCSN
14609972,scedc:14609972,2010-04-05T03:44:40.210000Z,33.05616666666667,-115.5795,7.52,2.8,,,SCEDC,,A,51,0.19,SCSN
10171922,scedc:10171922,2010-04-05T03:44:56.070000Z,32.5815,-115.7005,4.69,3.2,,,SCEDC,,B,14,0.09,SCSN
10171942,scedc:10171942,2010-04-05T03:45:42.720000Z,32.61066666666667,-115.705,4.63,2.0,,,SCEDC,,D,7,0.33,SCSN
14609988,scedc:14609988,2010-04-05T03:45:50.560000Z,32.64266666666666,-115.75616666666669,2.69,3.3,,,SCEDC,,A,70,0.22,SCSN
10171962,scedc:10171962,2010-04-05T03:46:35.730000Z,32.5545,-115.70816666666668,6.92,2.0,,,SCEDC,,D,7,0.32,SCSN
10171966,scedc:10171966,2010-04-05T03:48:08.380000Z,32.495333333333335,-115.63116666666669,7.93,2.4,,,SCEDC,,C,33,0.19,SCSN
14610020,scedc:14610020,2010-04-05T03:49:17.320000Z,32.6365,-115.783,4.48,2.6,,,SCEDC,,B,17,0.27,SCSN
10171986,scedc:10171986,2010-04-05T03:49:32.620000Z,32.635666666666665,-115.78283333333331,5.66,2.6,,,SCEDC,,C,13,0.2,SCSN
14610044,scedc:14610044,2010-04-05T03:53:11.850000Z,32.68566666666667,-115.80966666666669,0.24,2.4,,,SCEDC,,A,30,0.14,SCSN
14610060,scedc:14610060,2010-04-05T03:55:59.600000Z,32.6855,-115.83616666666668,0.01,2.6,,,SCEDC,,A,24,0.15,SCSN
10172034,scedc:10172034,2010-04-05T03:56:18.110000Z,32.513333333333335,-115.81383333333332,5.81,2.4,,,SCEDC,,C,9,0.19,SCSN
14610068,scedc:14610068,2010-04-05T03:56:30.130000Z,32.545,-115.74666666666668,1.83,3.1,,,SCEDC,,B,34,0.25,SCSN
14610076,scedc:14610076,2010-04-05T03:57:03.130000Z,32.490833333333335,-115.663,5.74,2.6,,,SCEDC,,C,19,0.18,SCSN
10172038,scedc:10172038,2010-04-05T03:57:33.600000Z,32.58016666666666,-115.63833333333334,5.57,2.2,,,SCEDC,,C,10,0.22,SCSN
10172054,scedc:10172054,2010-04-05T03:59:22.450000Z,32.60966666666667,-115.77516666666666,3.76,2.3,,,SCEDC,,B,10,0.08,SCSN
14610100,scedc:14610100,2010-04-05T03:59:25.460000Z,32.47833333333333,-115.65933333333334,0.45,3.5,,,SCEDC,,B,63,0.23,SCSN
10172058,scedc:10172058,2010-04-05T03:59:57.650000Z,32.512,-115.81366666666666,5.57,2.0,,,SCEDC,,C,9,0.24,SCSN
14610108,scedc:14610108,2010-04-05T04:02:33.590000Z,32.48616666666667,-115.662,13.13,3.1,,,SCEDC,,A,46,0.21,SCSN
10172078,scedc:10172078,2010-04-05T04:03:05.030000Z,32.571,-115.86683333333332,0.12,2.2,,,SCEDC,,B,9,0.17,SCSN
10172074,scedc:10172074,2010-04-05T04:03:26.400000Z,32.48583333333333,-115.60766666666666,6.06,3.2,,,SCEDC,,C,26,0.19,SCSN
10172086,scedc:10172086,2010-04-05T04:03:54.910000Z,32.461666666666666,-115.77783333333332,7.0,2.0,,,SCEDC,,C,8,0.12,SCSN
10172118,scedc:10172118,2010-04-05T04:06:22.730000Z,32.48,-115.59016666666666,6.08,2.7,,,SCEDC,,C,22,0.2,SCSN
14610148,scedc:14610148,2010-04-05T04:07:42.090000Z,32.43983333333333,-115.5735,6.27,3.6,,,SCEDC,,C,46,0.25,SCSN
14610164,scedc:14610164,2010-04-05T04:09:41.410000Z,32.464,-115.55733333333332,1.75,2.0,,,SCEDC,,B,22,0.21,SCSN
14610172,scedc:14610172,2010-04-05T04:10:13.840000Z,32.39,-115.58333333333331,14.97,4.3,,,SCEDC,,C,66,0.2,SCSN
10148482,scedc:10148482,2010-04-05T04:12:50.600000Z,32.644333333333336,-115.756,2.22,2.0,,,SCEDC,,B,8,0.08,SCSN
14610180,scedc:14610180,2010-04-05T04:13:03.860000Z,32.686,-115.80783333333332,0.38,2.7,,,SCEDC,,A,43,0.14,SCSN
10172190,scedc:10172190,2010-04-05T04:13:25.970000Z,32.650333333333336,-115.74666666666668,4.63,2.0,,,SCEDC,,B,6,0.01,SCSN
14610188,scedc:14610188,2010-04-05T04:14:22.490000Z,32.334,-115.56516666666668,6.77,3.2,,,SCEDC,,C,33,0.18,SCSN
14610196,scedc:14610196,2010-04-05T04:16:31.110000Z,32.27133333333333,-115.3505,9.99,3.2,,,SCEDC,,C,38,0.3,SCSN
10172310,scedc:10172310,2010-04-05T04:16:44.190000Z,32.900666666666666,-115.66783333333332,5.42,2.0,,,SCEDC,,C,11,0.18,SCSN
14610204,scedc:14610204,2010-04-05T04:18:10.150000Z,32.556333333333335,-115.67066666666666,10.49,2.9,,,SCEDC,,A,63,0.24,SCSN
10172330,scedc:10172330,2010-04-05T04:19:18.660000Z,32.3515,-115.333,10.0,2.9,,,SCEDC,,C,24,0.27,SCSN
14610244,scedc:14610244,2010-04-05T04:24:07.250000Z,32.62433333333333,-115.79033333333334,0.51,2.8,,,SCEDC,,A,35,0.22,SCSN
10172350,scedc:10172350,2010-04-05T04:25:02.530000Z,32.650666666666666,-115.82383333333334,5.53,2.5,,,SCEDC,,C,14,0.25,SCSN
14610260,scedc:14610260,2010-04-05T04:25:33.930000Z,32.643166666666666,-115.86216666666668,11.4,3.0,,,SCEDC,,C,18,0.19,SCSN
14610276,scedc:14610276,2010-04-05T04:27:59.750000Z,32.612833333333334,-115.77083333333331,4.99,2.2,,,SCEDC,,B,15,0.19,SCSN
10172390,scedc:10172390,2010-04-05T04:28:30.740000Z,32.318666666666665,-115.56033333333332,9.97,2.9,,,SCEDC,,C,13,0.24,SCSN
14610284,scedc:14610284,2010-04-05T04:30:02.360000Z,32.653666666666666,-115.7965,1.9,2.1,,,SCEDC,,A,19,0.24,SCSN
14610300,scedc:14610300,2010-04-05T04:31:20.560000Z,32.734,-115.8425,1.57,2.4,,,SCEDC,,A,21,0.18,SCSN
14610316,scedc:14610316,2010-04-05T04:31:55.930000Z,32.593666666666664,-115.71033333333334,4.86,3.0,,,SCEDC,,B,36,0.27,SCSN
10172490,scedc:10172490,2010-04-05T04:34:28.400000Z,32.63766666666667,-115.78533333333333,5.57,2.0,,,SCEDC,,C,8,0.16,SCSN
14610332,scedc:14610332,2010-04-05T04:34:46.790000Z,32.612833333333334,-115.76033333333334,2.36,3.2,,,SCEDC,,A,87,0.24,SCSN
10172498,scedc:10172498,2010-04-05T04:36:39.600000Z,32.62,-115.77266666666668,0.28,3.5,,,SCEDC,,A,33,0.19,SCSN
14610364,scedc:14610364,2010-04-05T04:39:34.510000Z,33.19983333333333,-115.6455,1.25,2.0,,,SCEDC,,A,21,0.23,SCSN
10172510,scedc:10172510,2010-04-05T04:39:56.720000Z,32.36833333333333,-115.5215,9.97,2.6,,,SCEDC,,C,16,0.16,SCSN
14610380,scedc:14610380,2010-04-05T04:42:52.540000Z,32.597166666666666,-115.76,2.96,2.3,,,SCEDC,,B,10,0.13,SCSN
10172522,scedc:10172522,2010-04-05T04:44:10.690000Z,32.4865,-115.61483333333334,1.2,2.0,,,SCEDC,,D,8,0.23,SCSN
14610428,scedc:14610428,2010-04-05T04:44:17.730000Z,32.65866666666667,-115.7475,4.4,3.0,,,SCEDC,,A,54,0.14,SCSN
10172526,scedc:10172526,2010-04-05T04:45:08.110000Z,32.4325,-115.58083333333332,6.97,2.7,,,SCEDC,,C,19,0.24,SCSN
14610436,scedc:14610436,2010-04-05T04:45:56.380000Z,32.613,-115.774,3.51,2.5,,,SCEDC,,B,25,0.19,SCSN
10172538,scedc:10172538,2010-04-05T04:47:31.230000Z,32.597833333333334,-115.77783333333332,11.77,2.3,,,SCEDC,,C,15,0.11,SCSN
14610476,scedc:14610476,2010-04-05T04:50:03.840000Z,32.4525,-115.59383333333334,6.63,3.1,,,SCEDC,,C,45,0.17,SCSN
14610492,scedc:14610492,2010-04-05T04:53:50.630000Z,32.509,-115.66516666666666,3.67,2.4,,,SCEDC,,B,25,0.16,SCSN
10172634,scedc:10172634,2010-04-05T04:58:38.980000Z,32.716833333333334,-115.8335,10.93,2.0,,,SCEDC,,C,9,0.15,SCSN
14610540,scedc:14610540,2010-04-05T05:03:19.470000Z,32.2595,-115.37216666666669,9.99,2.9,,,SCEDC,,C,22,0.26,SCSN
14610548,scedc:14610548,2010-04-05T05:05:00.970000Z,32.62983333333333,-115.7515,0.15,2.1,,,SCEDC,,B,13,0.16,SCSN
14610556,scedc:14610556,2010-04-05T05:05:41.900000Z,32.46366666666667,-115.66316666666668,2.46,2.4,,,SCEDC,,B,14,0.2,SCSN
14610564,scedc:14610564,2010-04-05T05:06:20.500000Z,32.468833333333336,-115.61466666666666,5.61,2.7,,,SCEDC,,C,22,0.16,SCSN
10172682,scedc:10172682,2010-04-05T05:09:47.650000Z,32.3055,-115.41,9.97,3.4,,,SCEDC,,C,27,0.2,SCSN
10172686,scedc:10172686,2010-04-05T05:11:07.130000Z,32.644666666666666,-115.748,5.66,2.0,,,SCEDC,,B,10,0.17,SCSN
14610596,scedc:14610596,2010-04-05T05:13:09.450000Z,34.1585,-116.43433333333331,11.22,2.1,,,SCEDC,,A,45,0.12,SCSN
10172690,scedc:10172690,2010-04-05T05:14:33.410000Z,32.6415,-115.75583333333331,10.17,2.6,,,SCEDC,,B,16,0.24,SCSN
14610612,scedc:14610612,2010-04-05T05:16:45.920000Z,32.67733333333334,-115.76033333333334,5.58,3.5,,,SCEDC,,C,28,0.26,SCSN
14610620,scedc:14610620,2010-04-05T05:18:08.100000Z,32.786833333333334,-116.05416666666666,4.95,2.5,,,SCEDC,,A,34,0.22,SCSN
10172710,scedc:10172710,2010-04-05T05:18:57.750000Z,32.564,-115.75,4.43,2.0,,,SCEDC,,B,17,0.19,SCSN
14610628,scedc:14610628,2010-04-05T05:19:07.980000Z,32.5935,-115.79466666666669,0.86,2.9,,,SCEDC,,A,29,0.17,SCSN
10172714,scedc:10172714,2010-04-05T05:21:27.710000Z,32.45816666666666,-115.60483333333332,1.97,2.9,,,SCEDC,,C,14,0.23,SCSN
14610644,scedc:14610644,2010-04-05T05:21:28.610000Z,32.67633333333333,-115.843,5.36,2.2,,,SCEDC,,B,14,0.18,SCSN
10172722,scedc:10172722,2010-04-05T05:22:05.040000Z,32.37616666666667,-115.5305,10.0,3.1,,,SCEDC,,C,13,0.31,SCSN
14610652,scedc:14610652,2010-04-05T05:28:05.490000Z,32.683,-115.85116666666669,3.46,3.4,,,SCEDC,,A,33,0.21,SCSN
10172726,scedc:10172726,2010-04-05T05:28:24.730000Z,32.660333333333334,-115.76433333333334,4.71,2.5,,,SCEDC,,A,8,0.06,SCSN
10172750,scedc:10172750,2010-04-05T05:28:45.230000Z,32.58583333333333,-115.74966666666668,0.0,3.5,,,SCEDC,,B,14,0.24,SCSN
14610660,scedc:14610660,2010-04-05T05:30:48.350000Z,32.52,-115.6065,14.24,3.3,,,SCEDC,,B,52,0.26,SCSN
14610692,scedc:14610692,2010-04-05T05:32:06.460000Z,32.22383333333333,-115.447,9.97,2.9,,,SCEDC,,C,22,0.19,SCSN
14610700,scedc:14610700,2010-04-05T05:35:19.230000Z,32.63633333333333,-115.74233333333332,0.31,2.4,,,SCEDC,,B,15,0.2,SCSN
10172802,scedc:10172802,2010-04-05T05:35:47.420000Z,32.48883333333333,-115.668,13.41,2.6,,,SCEDC,,B,15,0.17,SCSN
14610708,scedc:14610708,2010-04-05T05:36:39.380000Z,32.53066666666667,-115.64616666666667,9.6,2.4,,,SCEDC,,C,25,0.13,SCSN
14610716,scedc:14610716,2010-04-05T05:37:49.620000Z,32.58283333333333,-115.786,0.66,2.6,,,SCEDC,,B,34,0.26,SCSN
14610724,scedc:14610724,2010-04-05T05:39:05.500000Z,32.665333333333336,-115.7935,5.4,2.4,,,SCEDC,,B,15,0.17,SCSN
14610732,scedc:14610732,2010-04-05T05:39:50.910000Z,32.3005,-115.43933333333334,9.97,3.3,,,SCEDC,,C,19,0.3,SCSN
14610748,scedc:14610748,2010-04-05T05:41:37.780000Z,32.62983333333333,-115.77816666666666,0.04,4.0,,,SCEDC,,A,90,0.25,SCSN
14610756,scedc:14610756,2010-04-05T05:42:18.830000Z,33.463,-116.4545,10.22,2.8,,,SCEDC,,A,60,0.19,SCSN
10172818,scedc:10172818,2010-04-05T05:44:07.640000Z,32.585166666666666,-115.687,8.08,2.2,,,SCEDC,,B,10,0.16,SCSN
14610764,scedc:14610764,2010-04-05T05:44:57.470000Z,32.64383333333333,-115.739,5.07,2.5,,,SCEDC,,B,26,0.26,SCSN
14610772,scedc:14610772,2010-04-05T05:46:10.080000Z,32.713166666666666,-115.8025,2.9,2.6,,,SCEDC,,A,42,0.2,SCSN
10172870,scedc:10172870,2010-04-05T05:47:07.040000Z,32.39366666666667,-115.78766666666668,5.78,2.4,,,SCEDC,,C,13,0.13,SCSN
14610788,scedc:14610788,2010-04-05T05:48:13.220000Z,32.68333333333333,-115.79783333333332,9.94,2.0,,,SCEDC,,C,20,0.25,SCSN
14610796,scedc:14610796,2010-04-05T05:51:19.760000Z,32.385,-115.58883333333333,9.97,3.0,,,SCEDC,,C,33,0.16,SCSN
10172878,scedc:10172878,2010-04-05T05:51:56.860000Z,32.387166666666666,-115.5925,6.91,2.8,,,SCEDC,,C,10,0.26,SCSN
14610828,scedc:14610828,2010-04-05T05:54:03.750000Z,32.62116666666667,-115.80683333333332,0.03,2.2,,,SCEDC,,B,13,0.15,SCSN
14610852,scedc:14610852,2010-04-05T05:59:20.270000Z,32.45,-115.607,7.77,2.7,,,SCEDC,,C,36,0.24,SCSN
14610860,scedc:14610860,2010-04-05T06:01:57.800000Z,32.595,-115.74483333333332,3.57,2.4,,,SCEDC,,B,28,0.1,SCSN
10172898,scedc:10172898,2010-04-05T06:02:15.630000Z,32.648,-115.78183333333334,4.38,2.1,,,SCEDC,,B,11,0.14,SCSN
14610868,scedc:14610868,2010-04-05T06:03:19.390000Z,32.718666666666664,-115.8775,1.34,3.4,,,SCEDC,,A,88,0.21,SCSN
14610876,scedc:14610876,2010-04-05T06:04:54.450000Z,32.655166666666666,-115.79416666666668,4.97,2.3,,,SCEDC,,B,14,0.14,SCSN
10149446,scedc:10149446,2010-04-05T06:05:29.830000Z,32.289833333333334,-115.39416666666666,9.96,2.8,,,SCEDC,,C,19,0.37,SCSN
14610892,scedc:14610892,2010-04-05T06:06:14.130000Z,32.71,-115.8825,0.0,2.5,,,SCEDC,,A,44,0.21,SCSN
14610900,scedc:14610900,2010-04-05T06:10:21.370000Z,32.614666666666665,-115.789,10.1,2.6,,,SCEDC,,B,11,0.2,SCSN
10173030,scedc:10173030,2010-04-05T06:11:20.140000Z,32.337666666666664,-115.43883333333332,9.97,3.0,,,SCEDC,,C,23,0.22,SCSN
10173034,scedc:10173034,2010-04-05T06:11:57.640000Z,32.444,-115.65233333333332,0.48,2.2,,,SCEDC,,B,11,0.12,SCSN
14610924,scedc:14610924,2010-04-05T06:14:10.980000Z,32.54533333333333,-115.65933333333334,3.56,2.2,,,SCEDC,,A,17,0.21,SCSN
10173070,scedc:10173070,2010-04-05T06:19:16.680000Z,32.93,-115.875,16.66,2.3,,,SCEDC,,B,17,0.13,SCSN
10173078,scedc:10173078,2010-04-05T06:20:28.560000Z,32.391333333333336,-115.60283333333334,14.97,2.5,,,SCEDC,,D,9,0.33,SCSN
14610972,scedc:14610972,2010-04-05T06:23:09.680000Z,32.66566666666667,-115.821,7.72,2.6,,,SCEDC,,A,66,0.2,SCSN
14610980,scedc:14610980,2010-04-05T06:25:25.720000Z,32.72266666666667,-115.8445,1.66,2.6,,,SCEDC,,A,68,0.2,SCSN
10149538,scedc:10149538,2010-04-05T06:26:29.390000Z,32.648,-115.757,4.26,2.4,,,SCEDC,,A,9,0.09,SCSN
14610996,scedc:14610996,2010-04-05T06:27:08.290000Z,32.633833333333335,-115.75566666666668,4.11,3.1,,,SCEDC,,A,79,0.22,SCSN
14611004,scedc:14611004,2010-04-05T06:28:37.450000Z,32.611666666666665,-115.75416666666666,3.78,2.2,,,SCEDC,,B,15,0.11,SCSN
10149606,scedc:10149606,2010-04-05T06:31:23.900000Z,32.6725,-115.80583333333334,0.31,2.7,,,SCEDC,,A,21,0.17,SCSN
14611076,scedc:14611076,2010-04-05T06:31:28.350000Z,32.609833333333334,-115.7925,0.0,3.4,,,SCEDC,,A,22,0.29,SCSN
14611084,scedc:14611084,2010-04-05T06:37:13.600000Z,32.6825,-115.82983333333334,4.49,2.6,,,SCEDC,,A,64,0.22,SCSN
14611092,scedc:14611092,2010-04-05T06:40:35.360000Z,32.64083333333333,-115.76466666666668,6.01,2.6,,,SCEDC,,A,41,0.17,SCSN
14611108,scedc:14611108,2010-04-05T06:41:28.730000Z,32.627833333333335,-115.76,2.67,2.5,,,SCEDC,,B,22,0.19,SCSN
14611132,scedc:14611132,2010-04-05T06:44:06.230000Z,32.347,-115.40783333333331,9.96,2.8,,,SCEDC,,C,18,0.26,SCSN
14611124,scedc:14611124,2010-04-05T06:45:28.980000Z,32.63666666666667,-115.74583333333334,1.96,2.7,,,SCEDC,,A,58,0.24,SCSN
14611140,scedc:14611140,2010-04-05T06:47:22.010000Z,32.7265,-115.87716666666668,0.84,2.1,,,SCEDC,,A,16,0.2,SCSN
10149930,scedc:10149930,2010-04-05T06:47:42.340000Z,32.712666666666664,-115.87466666666668,6.76,2.0,,,SCEDC,,C,10,0.17,SCSN
14611148,scedc:14611148,2010-04-05T06:48:01.040000Z,32.56033333333333,-115.831,0.68,2.6,,,SCEDC,,B,17,0.17,SCSN
14611156,scedc:14611156,2010-04-05T06:49:07.920000Z,32.71333333333333,-115.82116666666668,8.03,2.2,,,SCEDC,,B,22,0.2,SCSN
10149934,scedc:10149934,2010-04-05T06:49:23.550000Z,32.289,-115.4335,5.75,3.0,,,SCEDC,,C,17,0.16,SCSN
14611180,scedc:14611180,2010-04-05T06:49:46.340000Z,32.681333333333335,-115.86333333333332,7.16,3.5,,,SCEDC,,B,67,0.25,SCSN
14611188,scedc:14611188,2010-04-05T06:56:01.580000Z,32.6515,-115.801,4.72,2.2,,,SCEDC,,A,24,0.14,SCSN
14611196,scedc:14611196,2010-04-05T06:58:24.650000Z,32.626333333333335,-115.84666666666666,3.65,2.2,,,SCEDC,,B,12,0.09,SCSN
14611212,scedc:14611212,2010-04-05T06:59:12.700000Z,32.38916666666667,-115.619,5.6,3.2,,,SCEDC,,C,35,0.22,SCSN
14611236,scedc:14611236,2010-04-05T07:00:08.050000Z,33.05416666666667,-116.43066666666668,11.75,2.1,,,SCEDC,,C,13,0.2,SCSN
14611244,scedc:14611244,2010-04-05T07:02:28.420000Z,32.392,-115.58716666666666,5.57,3.0,,,SCEDC,,C,24,0.18,SCSN
10173198,scedc:10173198,2010-04-05T07:05:25.660000Z,32.63783333333333,-115.74583333333334,0.73,2.1,,,SCEDC,,C,5,0.02,SCSN
14611268,scedc:14611268,2010-04-05T07:06:20.150000Z,32.63766666666667,-115.7405,3.09,2.8,,,SCEDC,,A,35,0.26,SCSN
14611276,scedc:14611276,2010-04-05T07:08:02.880000Z,32.644,-115.76216666666669,3.1,2.5,,,SCEDC,,A,29,0.2,SCSN
14611292,scedc:14611292,2010-04-05T07:09:25.870000Z,32.443,-115.54916666666666,14.99,2.5,,,SCEDC,,C,14,0.11,SCSN
14611308,scedc:14611308,2010-04-05T07:10:19.220000Z,32.54716666666667,-115.6095,8.3,2.2,,,SCEDC,,C,14,0.22,SCSN
14611300,scedc:14611300,2010-04-05T07:11:06.860000Z,32.687666666666665,-115.8205,1.92,2.0,,,SCEDC,,A,17,0.16,SCSN
14611316,scedc:14611316,2010-04-05T07:13:25.760000Z,32.53816666666667,-115.7895,5.59,2.4,,,SCEDC,,C,16,0.22,SCSN
14611332,scedc:14611332,2010-04-05T07:15:34.590000Z,32.279,-115.3505,9.98,4.1,,,SCEDC,,C,40,0.19,SCSN
14611356,scedc:14611356,2010-04-05T07:17:04.800000Z,32.538333333333334,-115.78966666666666,1.11,2.0,,,SCEDC,,B,9,0.08,SCSN
14611364,scedc:14611364,2010-04-05T07:19:30.120000Z,32.5685,-115.704,4.92,2.6,,,SCEDC,,A,32,0.15,SCSN
10173310,scedc:10173310,2010-04-05T07:19:44.820000Z,32.5915,-115.778,0.11,2.7,,,SCEDC,,A,24,0.11,SCSN
14611388,scedc:14611388,2010-04-05T07:20:55.490000Z,32.68933333333333,-115.86516666666668,5.84,2.3,,,SCEDC,,C,22,0.17,SCSN
10173318,scedc:10173318,2010-04-05T07:25:50.710000Z,32.67283333333334,-115.80466666666666,5.21,2.0,,,SCEDC,,B,9,0.08,SCSN
10173334,scedc:10173334,2010-04-05T07:26:16.950000Z,32.90233333333333,-116.2555,10.59,2.0,,,SCEDC,,A,11,0.13,SCSN
10173370,scedc:10173370,2010-04-05T07:29:03.630000Z,32.33166666666666,-115.57866666666666,9.97,3.1,,,SCEDC,,C,7,0.13,SCSN
14611428,scedc:14611428,2010-04-05T07:30:46.230000Z,32.55133333333333,-115.72416666666666,4.32,2.7,,,SCEDC,,B,31,0.18,SCSN
14611436,scedc:14611436,2010-04-05T07:33:10.050000Z,32.437,-115.50383333333332,6.14,2.3,,,SCEDC,,C,16,0.17,SCSN
14611444,scedc:14611444,2010-04-05T07:34:18.900000Z,32.644666666666666,-115.7805,4.77,2.3,,,SCEDC,,A,34,0.2,SCSN
14611452,scedc:14611452,2010-04-05T07:35:29.470000Z,32.781,-115.988,4.83,2.1,,,SCEDC,,A,47,0.22,SCSN
14611460,scedc:14611460,2010-04-05T07:36:10.330000Z,32.654,-115.79183333333332,0.13,2.2,,,SCEDC,,A,15,0.24,SCSN
14611468,scedc:14611468,2010-04-05T07:37:17.610000Z,32.60883333333334,-115.75883333333331,0.68,2.4,,,SCEDC,,A,56,0.22,SCSN
14611476,scedc:14611476,2010-04-05T07:38:13.200000Z,32.644666666666666,-115.752,3.95,2.4,,,SCEDC,,A,21,0.16,SCSN
14611484,scedc:14611484,2010-04-05T07:39:42.220000Z,32.57266666666666,-115.69216666666668,5.47,2.4,,,SCEDC,,C,39,0.17,SCSN
14611492,scedc:14611492,2010-04-05T07:43:37.590000Z,32.6055,-115.9745,4.93,2.3,,,SCEDC,,C,28,0.23,SCSN
14611508,scedc:14611508,2010-04-05T07:46:23.680000Z,32.549166666666665,-115.68266666666666,4.98,2.7,,,SCEDC,,B,16,0.19,SCSN
14611516,scedc:14611516,2010-04-05T07:46:40.830000Z,32.59016666666667,-115.71083333333333,5.97,2.6,,,SCEDC,,B,59,0.21,SCSN
10173454,scedc:10173454,2010-04-05T07:46:50.480000Z,32.63166666666667,-115.72566666666668,9.76,2.6,,,SCEDC,,B,20,0.43,SCSN
14611532,scedc:14611532,2010-04-05T07:49:06.180000Z,32.38033333333333,-115.578,6.99,2.6,,,SCEDC,,C,20,0.24,SCSN
14611540,scedc:14611540,2010-04-05T07:49:22.190000Z,32.55416666666667,-115.72633333333332,5.42,2.6,,,SCEDC,,A,26,0.11,SCSN
14611548,scedc:14611548,2010-04-05T07:52:04.190000Z,32.53766666666667,-115.7705,2.77,2.3,,,SCEDC,,B,11,0.18,SCSN
14611564,scedc:14611564,2010-04-05T07:54:50.010000Z,32.499833333333335,-115.64733333333334,5.63,2.8,,,SCEDC,,C,50,0.22,SCSN
10173798,scedc:10173798,2010-04-05T08:01:42.040000Z,32.40116666666667,-115.608,6.83,2.6,,,SCEDC,,C,28,0.19,SCSN
10173806,scedc:10173806,2010-04-05T08:02:38.050000Z,32.279833333333336,-115.462,9.97,2.8,,,SCEDC,,C,8,0.15,SCSN
10173830,scedc:10173830,2010-04-05T08:03:30.040000Z,32.58133333333333,-115.8065,2.94,2.2,,,SCEDC,,B,13,0.21,SCSN
10173854,scedc:10173854,2010-04-05T08:06:08.900000Z,32.659166666666664,-115.784,14.48,2.6,,,SCEDC,,B,13,0.24,SCSN
10150014,scedc:10150014,2010-04-05T08:06:51.680000Z,32.630833333333335,-115.79516666666666,3.71,2.0,,,SCEDC,,B,11,0.22,SCSN
10173890,scedc:10173890,2010-04-05T08:09:12.780000Z,32.56016666666667,-115.752,9.97,2.0,,,SCEDC,,C,7,0.2,SCSN
14611620,scedc:14611620,2010-04-05T08:09:52.350000Z,32.48316666666667,-115.62383333333334,5.63,3.2,,,SCEDC,,C,20,0.14,SCSN
10173894,scedc:10173894,2010-04-05T08:10:15.390000Z,32.666666666666664,-115.865,0.02,2.1,,,SCEDC,,C,9,0.17,SCSN
14611628,scedc:14611628,2010-04-05T08:10:48.960000Z,33.71633333333333,-116.76116666666668,15.9,2.1,,,SCEDC,,A,45,0.15,SCSN
14611652,scedc:14611652,2010-04-05T08:12:45.150000Z,32.634,-115.7685,5.97,3.3,,,SCEDC,,C,59,0.27,SCSN
10173910,scedc:10173910,2010-04-05T08:13:40.220000Z,32.5895,-115.73766666666668,3.18,2.3,,,SCEDC,,B,10,0.17,SCSN
14611660,scedc:14611660,2010-04-05T08:16:03.770000Z,32.657833333333336,-115.79633333333334,0.07,2.6,,,SCEDC,,A,61,0.23,SCSN
10173970,scedc:10173970,2010-04-05T08:16:34.300000Z,32.61966666666667,-115.7915,1.23,2.6,,,SCEDC,,A,28,0.21,SCSN
14611684,scedc:14611684,2010-04-05T08:19:05.750000Z,32.483333333333334,-115.6305,9.95,2.1,,,SCEDC,,C,16,0.17,SCSN
10173978,scedc:10173978,2010-04-05T08:21:48.320000Z,32.492333333333335,-115.742,0.38,2.1,,,SCEDC,,C,13,0.23,SCSN
10173982,scedc:10173982,2010-04-05T08:24:17.670000Z,32.6205,-115.7865,4.46,2.8,,,SCEDC,,B,11,0.15,SCSN
10173986,scedc:10173986,2010-04-05T08:25:29.420000Z,32.667833333333334,-115.80283333333334,3.49,2.0,,,SCEDC,,B,11,0.2,SCSN
10173990,scedc:10173990,2010-04-05T08:25:38.100000Z,32.620333333333335,-115.78283333333331,0.21,2.1,,,SCEDC,,C,6,0.13,SCSN
14611716,scedc:14611716,2010-04-05T08:27:37.160000Z,32.608333333333334,-115.7385,6.43,2.7,,,SCEDC,,A,51,0.21,SCSN
10150410,scedc:10150410,2010-04-05T08:28:35.880000Z,32.6985,-115.83583333333333,4.6,2.1,,,SCEDC,,B,11,0.2,SCSN
14611740,scedc:14611740,2010-04-05T08:30:49.910000Z,32.6665,-115.82583333333334,5.15,3.1,,,SCEDC,,A,58,0.24,SCSN
14611764,scedc:14611764,2010-04-05T08:37:46.090000Z,32.46233333333333,-115.644,6.29,3.1,,,SCEDC,,C,34,0.24,SCSN
10174034,scedc:10174034,2010-04-05T08:38:19.230000Z,32.658833333333334,-115.81183333333334,3.49,2.9,,,SCEDC,,B,10,0.09,SCSN
14611788,scedc:14611788,2010-04-05T08:40:44.960000Z,32.624833333333335,-115.90166666666669,2.6,2.2,,,SCEDC,,B,8,0.22,SCSN
14611772,scedc:14611772,2010-04-05T08:42:23.350000Z,32.656666666666666,-115.80583333333334,9.71,2.8,,,SCEDC,,A,40,0.29,SCSN
14611780,scedc:14611780,2010-04-05T08:42:35.690000Z,32.61683333333333,-115.72566666666668,4.27,3.4,,,SCEDC,,A,40,0.18,SCSN
14611796,scedc:14611796,2010-04-05T08:45:11.660000Z,32.55566666666667,-115.74016666666668,10.07,2.2,,,SCEDC,,B,15,0.17,SCSN
10151602,scedc:10151602,2010-04-05T08:46:00.450000Z,32.8115,-115.96533333333332,2.77,2.2,,,SCEDC,,A,20,0.16,SCSN
14611812,scedc:14611812,2010-04-05T08:47:45.480000Z,32.508,-115.676,5.5,3.1,,,SCEDC,,C,70,0.23,SCSN
10174046,scedc:10174046,2010-04-05T08:48:05.300000Z,32.67183333333333,-115.81016666666666,0.07,3.3,,,SCEDC,,A,19,0.18,SCSN
10174050,scedc:10174050,2010-04-05T08:48:34.740000Z,32.45733333333333,-115.58833333333334,7.17,2.0,,,SCEDC,,C,8,0.18,SCSN
10151762,scedc:10151762,2010-04-05T08:49:24.150000Z,32.659333333333336,-115.80683333333332,4.79,2.4,,,SCEDC,,B,15,0.22,SCSN
10174074,scedc:10174074,2010-04-05T08:53:47.290000Z,32.50666666666667,-115.74583333333334,12.38,2.1,,,SCEDC,,C,12,0.33,SCSN
14611860,scedc:14611860,2010-04-05T08:57:17.080000Z,32.379,-115.53866666666669,9.97,2.8,,,SCEDC,,C,33,0.23,SCSN
14611868,scedc:14611868,2010-04-05T08:59:54.910000Z,32.60783333333333,-115.7405,5.13,2.4,,,SCEDC,,A,24,0.14,SCSN
10174094,scedc:10174094,2010-04-05T09:03:56.100000Z,32.664833333333334,-115.99333333333334,3.88,2.1,,,SCEDC,,A,22,0.11,SCSN
14611900,scedc:14611900,2010-04-05T09:04:49.340000Z,32.48,-115.6165,9.97,3.0,,,SCEDC,,C,52,0.24,SCSN
10174098,scedc:10174098,2010-04-05T09:05:33.960000Z,32.54,-115.70816666666668,1.3,2.6,,,SCEDC,,B,21,0.2,SCSN
14611916,scedc:14611916,2010-04-05T09:09:08.860000Z,32.54633333333334,-115.63983333333331,11.98,2.7,,,SCEDC,,B,19,0.24,SCSN
10174106,scedc:10174106,2010-04-05T09:09:52.940000Z,32.699666666666666,-115.74283333333334,4.98,2.0,,,SCEDC,,D,9,0.22,SCSN
10174130,scedc:10174130,2010-04-05T09:13:38.780000Z,32.64983333333333,-115.7365,5.63,2.7,,,SCEDC,,A,30,0.22,SCSN
14611972,scedc:14611972,2010-04-05T09:17:06.320000Z,32.627,-115.7455,2.59,2.4,,,SCEDC,,B,16,0.13,SCSN
14611980,scedc:14611980,2010-04-05T09:18:52.290000Z,32.31916666666667,-115.55383333333332,6.86,2.2,,,SCEDC,,C,17,0.16,SCSN
14612012,scedc:14612012,2010-04-05T09:20:14.880000Z,32.635,-115.74833333333332,3.28,2.8,,,SCEDC,,B,21,0.21,SCSN
10174194,scedc:10174194,2010-04-05T09:20:28.930000Z,32.68383333333333,-115.81783333333334,1.72,2.5,,,SCEDC,,C,10,0.16,SCSN
10174190,scedc:10174190,2010-04-05T09:21:01.520000Z,32.64066666666667,-115.76416666666668,3.61,2.0,,,SCEDC,,B,10,0.21,SCSN
14612004,scedc:14612004,2010-04-05T09:22:26.420000Z,32.404333333333334,-115.56916666666666,10.33,3.0,,,SCEDC,,C,26,0.18,SCSN
10174202,scedc:10174202,2010-04-05T09:23:00.780000Z,32.77283333333333,-116.0035,5.46,2.4,,,SCEDC,,C,33,0.26,SCSN
14612028,scedc:14612028,2010-04-05T09:23:54.090000Z,32.609,-115.785,1.37,2.4,,,SCEDC,,A,50,0.19,SCSN
14612036,scedc:14612036,2010-04-05T09:26:31.680000Z,32.38333333333333,-115.57583333333334,4.19,3.0,,,SCEDC,,C,22,0.2,SCSN
10174206,scedc:10174206,2010-04-05T09:27:39.790000Z,32.575833333333335,-115.75266666666668,0.58,2.0,,,SCEDC,,C,12,0.11,SCSN
14612044,scedc:14612044,2010-04-05T09:29:11.480000Z,32.684666666666665,-115.8155,4.55,2.4,,,SCEDC,,A,18,0.15,SCSN
10174250,scedc:10174250,2010-04-05T09:36:31.610000Z,32.642833333333336,-115.7505,0.2,2.0,,,SCEDC,,C,9,0.15,SCSN
14612052,scedc:14612052,2010-04-05T09:37:00.540000Z,32.573,-115.69883333333334,4.87,2.0,,,SCEDC,,B,12,0.12,SCSN
14612068,scedc:14612068,2010-04-05T09:40:00.690000Z,32.67366666666667,-115.78583333333331,3.36,2.9,,,SCEDC,,A,52,0.22,SCSN
14612084,scedc:14612084,2010-04-05T09:44:34.800000Z,32.278166666666664,-115.38466666666666,9.96,2.8,,,SCEDC,,C,14,0.33,SCSN
14612092,scedc:14612092,2010-04-05T09:50:27.180000Z,32.6245,-115.72583333333333,8.11,2.6,,,SCEDC,,A,42,0.2,SCSN
14612100,scedc:14612100,2010-04-05T09:52:10.940000Z,32.643,-115.75233333333334,2.7,2.4,,,SCEDC,,B,30,0.22,SCSN
14612108,scedc:14612108,2010-04-05T09:52:56.210000Z,32.265,-115.38483333333332,9.99,3.9,,,SCEDC,,C,33,0.23,SCSN
10174270,scedc:10174270,2010-04-05T09:54:23.360000Z,32.670833333333334,-115.80516666666666,3.27,2.3,,,SCEDC,,A,26,0.2,SCSN
14612116,scedc:14612116,2010-04-05T09:55:37.760000Z,32.60216666666667,-115.75016666666669,5.29,2.1,,,SCEDC,,B,11,0.11,SCSN
14612124,scedc:14612124,2010-04-05T09:56:03.900000Z,32.634,-115.76883333333332,2.7,3.0,,,SCEDC,,A,66,0.22,SCSN
14612140,scedc:14612140,2010-04-05T09:57:25.850000Z,32.59466666666667,-115.738,4.97,2.3,,,SCEDC,,B,15,0.2,SCSN
10174274,scedc:10174274,2010-04-05T10:00:10.030000Z,32.617,-115.81066666666666,6.92,2.1,,,SCEDC,,C,11,0.22,SCSN
14612156,scedc:14612156,2010-04-05T10:01:11.430000Z,32.52466666666667,-115.6835,2.95,2.9,,,SCEDC,,B,28,0.18,SCSN
14612172,scedc:14612172,2010-04-05T10:05:37.080000Z,32.634,-115.80933333333331,10.06,4.0,,,SCEDC,,A,98,0.23,SCSN
10174350,scedc:10174350,2010-04-05T10:13:53.130000Z,32.53333333333333,-115.71216666666666,3.34,2.6,,,SCEDC,,B,7,0.05,SCSN
10151842,scedc:10151842,2010-04-05T10:14:02.020000Z,32.67933333333333,-115.83733333333332,0.0,2.8,,,SCEDC,,A,23,0.18,SCSN
14612212,scedc:14612212,2010-04-05T10:15:42.120000Z,32.604,-115.74616666666668,4.11,2.5,,,SCEDC,,A,44,0.18,SCSN
10174370,scedc:10174370,2010-04-05T10:16:13.810000Z,32.64116666666666,-115.809,4.73,2.0,,,SCEDC,,B,10,0.35,SCSN
14612220,scedc:14612220,2010-04-05T10:17:22.900000Z,32.55866666666667,-115.675,8.34,2.6,,,SCEDC,,B,23,0.13,SCSN
14612228,scedc:14612228,2010-04-05T10:17:48.990000Z,32.686,-115.87466666666668,7.82,2.2,,,SCEDC,,B,21,0.22,SCSN
10174410,scedc:10174410,2010-04-05T10:19:54.090000Z,32.55883333333333,-115.68533333333332,0.04,2.5,,,SCEDC,,B,17,0.27,SCSN
14612244,scedc:14612244,2010-04-05T10:20:00.750000Z,32.58716666666667,-115.699,9.98,3.0,,,SCEDC,,C,30,0.27,SCSN
10174414,scedc:10174414,2010-04-05T10:20:38.030000Z,32.58683333333333,-115.701,6.05,2.0,,,SCEDC,,B,9,0.07,SCSN
10174418,scedc:10174418,2010-04-05T10:24:09.520000Z,32.54716666666667,-115.48516666666669,5.51,2.0,,,SCEDC,,C,10,0.05,SCSN
10174422,scedc:10174422,2010-04-05T10:27:20.320000Z,32.693333333333335,-115.8535,5.47,2.7,,,SCEDC,,C,10,0.19,SCSN
10174462,scedc:10174462,2010-04-05T10:29:36.710000Z,32.49016666666667,-115.65483333333331,1.85,3.0,,,SCEDC,,A,30,0.16,SCSN
14612300,scedc:14612300,2010-04-05T10:29:52.380000Z,33.37716666666667,-116.30816666666666,7.33,2.6,,,SCEDC,,B,82,0.21,SCSN
10174470,scedc:10174470,2010-04-05T10:30:31.230000Z,32.33983333333333,-115.60266666666666,9.97,2.5,,,SCEDC,,C,12,0.18,SCSN
10174466,scedc:10174466,2010-04-05T10:32:27.820000Z,32.39066666666667,-115.47333333333331,6.98,2.7,,,SCEDC,,C,20,0.18,SCSN
14612324,scedc:14612324,2010-04-05T10:33:03.300000Z,32.65266666666667,-115.79716666666668,1.64,3.4,,,SCEDC,,A,79,0.2,SCSN
14612332,scedc:14612332,2010-04-05T10:36:31.390000Z,32.6155,-115.78083333333332,2.83,2.6,,,SCEDC,,B,21,0.19,SCSN
14612364,scedc:14612364,2010-04-05T10:39:21.370000Z,32.6245,-115.7465,3.05,3.4,,,SCEDC,,A,63,0.2,SCSN
10174510,scedc:10174510,2010-04-05T10:40:36.320000Z,32.64233333333333,-115.79866666666666,5.69,2.1,,,SCEDC,,C,11,0.18,SCSN
14612372,scedc:14612372,2010-04-05T10:43:23.910000Z,32.653666666666666,-115.79966666666668,2.97,3.3,,,SCEDC,,A,96,0.25,SCSN
14612388,scedc:14612388,2010-04-05T10:48:02.670000Z,32.5965,-115.77283333333334,11.45,3.0,,,SCEDC,,A,64,0.23,SCSN
14612396,scedc:14612396,2010-04-05T10:49:44.840000Z,32.280166666666666,-115.34266666666667,9.99,3.0,,,SCEDC,,C,22,0.18,SCSN
10174534,scedc:10174534,2010-04-05T10:50:04.890000Z,32.285833333333336,-115.349,10.01,2.9,,,SCEDC,,C,16,0.24,SCSN
10174538,scedc:10174538,2010-04-05T10:50:42.810000Z,32.44166666666667,-115.65533333333332,6.98,2.4,,,SCEDC,,C,12,0.2,SCSN
10174550,scedc:10174550,2010-04-05T10:54:51.880000Z,32.63133333333333,-115.784,0.0,2.2,,,SCEDC,,B,9,0.12,SCSN
14612444,scedc:14612444,2010-04-05T10:55:54.060000Z,32.50216666666667,-115.65716666666668,10.49,2.6,,,SCEDC,,C,21,0.3,SCSN
14612436,scedc:14612436,2010-04-05T10:58:38.240000Z,32.6615,-115.78583333333331,0.03,2.8,,,SCEDC,,A,65,0.21,SCSN
10174582,scedc:10174582,2010-04-05T11:03:25.620000Z,32.59583333333333,-115.7955,0.01,2.0,,,SCEDC,,C,8,0.24,SCSN
10174578,scedc:10174578,2010-04-05T11:03:42.140000Z,32.50116666666667,-115.6355,5.73,2.1,,,SCEDC,,C,11,0.08,SCSN
14612460,scedc:14612460,2010-04-05T11:04:42.350000Z,32.6885,-115.83883333333333,5.2,2.3,,,SCEDC,,A,43,0.24,SCSN
10174590,scedc:10174590,2010-04-05T11:05:26.240000Z,32.596333333333334,-115.81516666666668,1.44,2.0,,,SCEDC,,B,22,0.23,SCSN
14612468,scedc:14612468,2010-04-05T11:08:11.790000Z,33.18983333333333,-116.41066666666669,10.18,2.4,,,SCEDC,,A,75,0.24,SCSN
10174610,scedc:10174610,2010-04-05T11:13:14.770000Z,32.68333333333333,-115.9885,5.37,2.1,,,SCEDC,,A,21,0.18,SCSN
10174614,scedc:10174614,2010-04-05T11:13:35.070000Z,32.64366666666667,-115.75883333333331,0.01,2.1,,,SCEDC,,B,11,0.16,SCSN
10174850,scedc:10174850,2010-04-05T11:18:40.890000Z,32.699666666666666,-115.85033333333334,0.03,2.5,,,SCEDC,,B,12,0.17,SCSN
14612524,scedc:14612524,2010-04-05T11:20:27.970000Z,32.68383333333333,-115.84266666666667,2.11,2.5,,,SCEDC,,A,32,0.18,SCSN
14612532,scedc:14612532,2010-04-05T11:20:41.630000Z,32.69533333333333,-115.81016666666666,5.44,3.7,,,SCEDC,,A,69,0.22,SCSN
10174870,scedc:10174870,2010-04-05T11:21:39.050000Z,32.5705,-115.73633333333332,4.51,2.5,,,SCEDC,,B,9,0.1,SCSN
14612540,scedc:14612540,2010-04-05T11:23:18.600000Z,32.64783333333333,-115.74583333333334,4.0,2.9,,,SCEDC,,A,35,0.17,SCSN
14612548,scedc:14612548,2010-04-05T11:23:41.570000Z,32.602833333333336,-115.76733333333334,2.62,3.1,,,SCEDC,,A,52,0.22,SCSN
10174930,scedc:10174930,2010-04-05T11:24:22.380000Z,32.65533333333333,-115.799,5.31,2.3,,,SCEDC,,B,12,0.29,SCSN
10175090,scedc:10175090,2010-04-05T11:24:40.070000Z,32.43233333333333,-115.59633333333332,7.44,2.5,,,SCEDC,,C,10,0.16,SCSN
14612580,scedc:14612580,2010-04-05T11:25:10.410000Z,32.6975,-115.83333333333331,1.8,2.6,,,SCEDC,,A,32,0.2,SCSN
14612588,scedc:14612588,2010-04-05T11:25:59.230000Z,32.63933333333333,-115.73683333333334,4.62,3.3,,,SCEDC,,A,35,0.17,SCSN
10174990,scedc:10174990,2010-04-05T11:26:38.070000Z,32.637166666666666,-115.7545,0.02,2.4,,,SCEDC,,C,10,0.17,SCSN
10174994,scedc:10174994,2010-04-05T11:26:45.520000Z,32.687,-115.83933333333331,0.99,2.3,,,SCEDC,,C,9,0.16,SCSN
14612596,scedc:14612596,2010-04-05T11:27:08.090000Z,32.6185,-115.76266666666666,1.81,3.3,,,SCEDC,,A,59,0.18,SCSN
10175010,scedc:10175010,2010-04-05T11:28:08.640000Z,32.674,-115.8085,5.23,2.2,,,SCEDC,,A,9,0.07,SCSN
10175030,scedc:10175030,2010-04-05T11:28:24.040000Z,32.63183333333333,-115.7595,1.89,2.4,,,SCEDC,,B,9,0.13,SCSN
14612612,scedc:14612612,2010-04-05T11:31:21.830000Z,32.64833333333333,-115.758,0.87,2.7,,,SCEDC,,A,51,0.22,SCSN
10175130,scedc:10175130,2010-04-05T11:32:13.100000Z,32.404666666666664,-115.39766666666668,9.99,2.5,,,SCEDC,,D,12,0.3,SCSN
14612620,scedc:14612620,2010-04-05T11:33:46.500000Z,32.667833333333334,-115.811,9.24,2.5,,,SCEDC,,A,62,0.23,SCSN
10175190,scedc:10175190,2010-04-05T11:37:05.210000Z,32.457166666666666,-115.6515,9.97,2.4,,,SCEDC,,C,14,0.29,SCSN
14612636,scedc:14612636,2010-04-05T11:37:53.550000Z,32.7095,-115.82233333333332,3.47,2.2,,,SCEDC,,A,18,0.17,SCSN
14612644,scedc:14612644,2010-04-05T11:39:45.490000Z,32.651666666666664,-115.80683333333332,11.3,2.0,,,SCEDC,,A,17,0.17,SCSN
14612652,scedc:14612652,2010-04-05T11:40:33.110000Z,32.61483333333334,-115.78166666666668,2.24,3.1,,,SCEDC,,A,78,0.2,SCSN
10175330,scedc:10175330,2010-04-05T11:41:04.620000Z,32.32383333333333,-115.42116666666666,9.96,2.5,,,SCEDC,,C,8,0.36,SCSN
10175310,scedc:10175310,2010-04-05T11:41:07.930000Z,32.7085,-115.80066666666669,2.86,2.9,,,SCEDC,,A,29,0.13,SCSN
14612676,scedc:14612676,2010-04-05T11:44:03.280000Z,32.524166666666666,-115.67766666666668,1.53,2.7,,,SCEDC,,A,41,0.17,SCSN
14612684,scedc:14612684,2010-04-05T11:44:27.680000Z,33.18783333333333,-116.40716666666668,10.89,2.3,,,SCEDC,,A,56,0.24,SCSN
10175390,scedc:10175390,2010-04-05T11:44:37.010000Z,32.6265,-115.78683333333332,5.4,2.0,,,SCEDC,,B,8,0.18,SCSN
10175410,scedc:10175410,2010-04-05T11:44:45.000000Z,32.3445,-115.526,9.97,2.5,,,SCEDC,,C,9,0.14,SCSN
14612692,scedc:14612692,2010-04-05T11:45:45.730000Z,32.61566666666667,-115.73333333333332,6.16,2.0,,,SCEDC,,A,20,0.12,SCSN
14612700,scedc:14612700,2010-04-05T11:46:51.490000Z,32.621,-115.7345,7.91,2.4,,,SCEDC,,A,49,0.18,SCSN
14612708,scedc:14612708,2010-04-05T11:48:11.230000Z,32.627,-115.7475,8.5,3.3,,,SCEDC,,A,70,0.21,SCSN
14612716,scedc:14612716,2010-04-05T11:49:55.280000Z,32.605666666666664,-115.72483333333334,4.87,2.4,,,SCEDC,,A,25,0.17,SCSN
10175530,scedc:10175530,2010-04-05T11:50:14.420000Z,32.29366666666667,-115.30683333333332,9.98,2.5,,,SCEDC,,D,11,0.45,SCSN
14612724,scedc:14612724,2010-04-05T11:53:53.830000Z,32.622,-115.74433333333332,9.62,2.9,,,SCEDC,,A,66,0.2,SCSN
10175570,scedc:10175570,2010-04-05T11:54:34.730000Z,32.6095,-115.75016666666669,0.68,2.0,,,SCEDC,,C,7,0.04,SCSN
14612732,scedc:14612732,2010-04-05T11:56:14.210000Z,32.670833333333334,-115.826,6.86,2.9,,,SCEDC,,A,76,0.24,SCSN
14612740,scedc:14612740,2010-04-05T11:57:41.050000Z,32.550333333333334,-115.8225,1.18,2.4,,,SCEDC,,A,23,0.06,SCSN
10162246,scedc:10162246,2010-04-05T11:58:26.010000Z,32.593333333333334,-115.806,5.03,2.0,,,SCEDC,,B,8,0.17,SCSN
10175670,scedc:10175670,2010-04-05T11:58:39.740000Z,32.551833333333335,-115.83233333333334,5.59,2.4,,,SCEDC,,C,12,0.12,SCSN
10162322,scedc:10162322,2010-04-05T11:58:59.740000Z,32.76566666666667,-115.88766666666666,1.22,2.0,,,SCEDC,,A,18,0.18,SCSN
14612756,scedc:14612756,2010-04-05T12:03:08.040000Z,32.901666666666664,-115.88966666666668,2.82,2.3,,,SCEDC,,A,67,0.22,SCSN
14612764,scedc:14612764,2010-04-05T12:04:14.440000Z,32.58583333333333,-115.7245,12.67,2.3,,,SCEDC,,B,35,0.23,SCSN
14612772,scedc:14612772,2010-04-05T12:05:51.770000Z,32.644333333333336,-115.7605,3.6,2.7,,,SCEDC,,A,35,0.18,SCSN
14612780,scedc:14612780,2010-04-05T12:06:29.530000Z,32.678,-115.81333333333332,11.09,3.2,,,SCEDC,,A,67,0.23,SCSN
10162326,scedc:10162326,2010-04-05T12:08:41.160000Z,32.29633333333334,-115.40166666666669,9.98,2.9,,,SCEDC,,C,30,0.13,SCSN
10175750,scedc:10175750,2010-04-05T12:09:29.980000Z,32.6065,-115.83366666666667,5.54,2.1,,,SCEDC,,C,7,0.16,SCSN
14612804,scedc:14612804,2010-04-05T12:10:05.800000Z,32.5165,-115.645,4.76,2.6,,,SCEDC,,B,38,0.17,SCSN
10162402,scedc:10162402,2010-04-05T12:13:59.450000Z,32.26233333333333,-115.41733333333332,9.97,2.7,,,SCEDC,,C,17,0.22,SCSN
14612828,scedc:14612828,2010-04-05T12:17:09.760000Z,32.5005,-115.69166666666666,14.97,3.1,,,SCEDC,,C,40,0.36,SCSN
14612836,scedc:14612836,2010-04-05T12:22:23.360000Z,32.62766666666667,-115.743,4.41,2.5,,,SCEDC,,A,42,0.19,SCSN
10175910,scedc:10175910,2010-04-05T12:22:56.100000Z,32.56516666666667,-115.70333333333332,4.11,2.2,,,SCEDC,,B,13,0.16,SCSN
10175930,scedc:10175930,2010-04-05T12:23:14.320000Z,32.6685,-115.81316666666666,15.94,2.1,,,SCEDC,,C,6,0.15,SCSN
14612844,scedc:14612844,2010-04-05T12:24:49.410000Z,32.68216666666667,-115.8505,8.41,2.2,,,SCEDC,,C,17,0.24,SCSN
14612852,scedc:14612852,2010-04-05T12:25:26.850000Z,32.85066666666667,-116.02533333333334,2.63,2.5,,,SCEDC,,A,44,0.24,SCSN
14612868,scedc:14612868,2010-04-05T12:26:49.820000Z,32.299,-115.46083333333333,9.97,3.0,,,SCEDC,,C,38,0.24,SCSN
14612876,scedc:14612876,2010-04-05T12:27:39.690000Z,32.676833333333335,-115.838,6.97,2.7,,,SCEDC,,B,43,0.2,SCSN
10175970,scedc:10175970,2010-04-05T12:27:55.040000Z,32.6775,-115.76016666666666,9.96,2.1,,,SCEDC,,C,9,0.22,SCSN
10175990,scedc:10175990,2010-04-05T12:28:16.870000Z,32.61783333333333,-115.77566666666668,4.93,2.3,,,SCEDC,,B,10,0.21,SCSN
14612884,scedc:14612884,2010-04-05T12:29:34.860000Z,32.664,-115.80833333333334,7.48,2.2,,,SCEDC,,B,23,0.13,SCSN
14612892,scedc:14612892,2010-04-05T12:31:04.200000Z,32.62266666666667,-115.74833333333332,4.23,2.2,,,SCEDC,,B,19,0.2,SCSN
10176030,scedc:10176030,2010-04-05T12:31:29.690000Z,32.43683333333333,-115.57766666666669,5.74,2.0,,,SCEDC,,C,8,0.26,SCSN
14612916,scedc:14612916,2010-04-05T12:35:37.960000Z,32.5335,-115.66916666666668,14.05,2.8,,,SCEDC,,B,43,0.27,SCSN
14612940,scedc:14612940,2010-04-05T12:37:41.240000Z,32.65533333333333,-115.77483333333332,4.57,2.1,,,SCEDC,,A,16,0.18,SCSN
10176150,scedc:10176150,2010-04-05T12:39:53.310000Z,32.2835,-115.50283333333331,9.97,2.3,,,SCEDC,,C,14,0.32,SCSN
14612972,scedc:14612972,2010-04-05T12:45:47.850000Z,32.5815,-115.73,8.81,2.4,,,SCEDC,,A,33,0.19,SCSN
10176290,scedc:10176290,2010-04-05T12:46:04.880000Z,32.56766666666667,-115.76116666666668,0.65,2.0,,,SCEDC,,C,7,0.15,SCSN
14612988,scedc:14612988,2010-04-05T12:47:36.770000Z,32.657333333333334,-115.80766666666666,0.15,3.2,,,SCEDC,,A,59,0.17,SCSN
10176330,scedc:10176330,2010-04-05T12:48:17.550000Z,32.689,-115.85283333333334,0.46,2.3,,,SCEDC,,C,7,0.12,SCSN
14612996,scedc:14612996,2010-04-05T12:49:36.230000Z,32.587,-115.76033333333334,3.32,3.9,,,SCEDC,,A,84,0.22,SCSN
14613012,scedc:14613012,2010-04-05T12:52:57.670000Z,33.259,-116.13883333333334,10.48,2.4,,,SCEDC,,A,66,0.26,SCSN
10176390,scedc:10176390,2010-04-05T12:53:00.270000Z,32.61666666666667,-115.747,4.14,2.7,,,SCEDC,,B,21,0.19,SCSN
14613020,scedc:14613020,2010-04-05T12:54:39.310000Z,32.5265,-115.68616666666668,10.76,2.1,,,SCEDC,,B,23,0.14,SCSN
14613028,scedc:14613028,2010-04-05T12:55:57.290000Z,32.6185,-115.78516666666668,5.1,2.3,,,SCEDC,,A,32,0.18,SCSN
14613044,scedc:14613044,2010-04-05T12:57:43.400000Z,33.673,-117.95783333333333,15.39,2.8,,,SCEDC,,A,53,0.18,SCSN
14613052,scedc:14613052,2010-04-05T12:59:26.990000Z,32.573,-115.90683333333334,2.33,2.0,,,SCEDC,,B,10,0.27,SCSN
14613060,scedc:14613060,2010-04-05T12:59:50.720000Z,32.615833333333335,-115.767,0.05,3.1,,,SCEDC,,A,53,0.16,SCSN
14613068,scedc:14613068,2010-04-05T13:03:20.920000Z,32.612,-115.75633333333332,4.76,2.2,,,SCEDC,,B,17,0.24,SCSN
14613084,scedc:14613084,2010-04-05T13:07:28.620000Z,32.61216666666667,-115.76533333333332,0.47,3.6,,,SCEDC,,A,56,0.21,SCSN
14613092,scedc:14613092,2010-04-05T13:07:36.770000Z,33.263666666666666,-116.14483333333334,9.39,2.2,,,SCEDC,,C,25,0.23,SCSN
14613100,scedc:14613100,2010-04-05T13:10:37.450000Z,32.7135,-115.8335,1.23,2.3,,,SCEDC,,A,29,0.17,SCSN
14613124,scedc:14613124,2010-04-05T13:13:14.030000Z,36.10183333333333,-117.85216666666666,2.34,2.2,,,SCEDC,,A,39,0.16,SCSN
10176450,scedc:10176450,2010-04-05T13:13:23.340000Z,32.60216666666667,-115.76116666666668,3.62,2.1,,,SCEDC,,B,10,0.09,SCSN
14613140,scedc:14613140,2010-04-05T13:16:56.760000Z,32.64483333333333,-115.7865,4.21,2.4,,,SCEDC,,B,34,0.16,SCSN
10176534,scedc:10176534,2010-04-05T13:20:01.720000Z,32.30533333333333,-115.35316666666668,9.95,2.5,,,SCEDC,,C,15,0.43,SCSN
14613180,scedc:14613180,2010-04-05T13:22:03.490000Z,32.679833333333335,-115.925,6.84,2.2,,,SCEDC,,A,40,0.19,SCSN
10176550,scedc:10176550,2010-04-05T13:22:22.120000Z,32.409166666666664,-115.65266666666666,5.57,2.6,,,SCEDC,,C,24,0.31,SCSN
14613188,scedc:14613188,2010-04-05T13:24:56.270000Z,32.631166666666665,-115.78666666666666,4.56,3.4,,,SCEDC,,B,22,0.2,SCSN
10176570,scedc:10176570,2010-04-05T13:25:53.540000Z,32.589,-115.736,3.69,2.3,,,SCEDC,,B,8,0.05,SCSN
14613196,scedc:14613196,2010-04-05T13:26:39.000000Z,32.65716666666667,-115.83633333333331,9.56,2.5,,,SCEDC,,A,66,0.2,SCSN
10176590,scedc:10176590,2010-04-05T13:27:16.410000Z,32.498333333333335,-115.69466666666666,6.46,2.0,,,SCEDC,,C,11,0.16,SCSN
14613204,scedc:14613204,2010-04-05T13:27:27.710000Z,32.2175,-115.33383333333332,9.98,3.5,,,SCEDC,,C,28,0.26,SCSN
14613220,scedc:14613220,2010-04-05T13:31:37.020000Z,32.63966666666666,-115.82533333333332,12.35,2.3,,,SCEDC,,C,14,0.5,SCSN
10176650,scedc:10176650,2010-04-05T13:35:55.360000Z,32.653333333333336,-115.83366666666667,3.53,2.0,,,SCEDC,,C,6,0.22,SCSN
30405759,scedc:30405759,2010-04-05T13:35:56.300000Z,32.668166666666664,-115.849,5.47,3.5,,,SCEDC,,C,56,0.26,SCSN
14613236,scedc:14613236,2010-04-05T13:44:15.670000Z,32.68966666666667,-115.83183333333334,9.18,2.2,,,SCEDC,,A,34,0.19,SCSN
10176710,scedc:10176710,2010-04-05T13:46:14.700000Z,32.56316666666667,-115.662,16.45,2.0,,,SCEDC,,C,14,0.38,SCSN
14613252,scedc:14613252,2010-04-05T13:46:17.830000Z,32.61566666666667,-115.786,3.46,2.7,,,SCEDC,,B,50,0.23,SCSN
10176770,scedc:10176770,2010-04-05T13:48:37.500000Z,32.56333333333333,-115.7265,10.76,2.1,,,SCEDC,,C,17,0.18,SCSN
14613268,scedc:14613268,2010-04-05T13:50:33.140000Z,32.31733333333333,-115.36883333333331,9.99,2.6,,,SCEDC,,C,59,0.27,SCSN
14613276,scedc:14613276,2010-04-05T13:53:55.650000Z,32.6455,-115.79733333333331,3.4,2.7,,,SCEDC,,A,73,0.24,SCSN
14613284,scedc:14613284,2010-04-05T13:54:53.630000Z,32.609,-115.7965,0.7,2.9,,,SCEDC,,A,67,0.22,SCSN
10176870,scedc:10176870,2010-04-05T13:59:26.320000Z,32.288,-115.44683333333332,10.01,4.0,,,SCEDC,,C,23,0.2,SCSN
14613316,scedc:14613316,2010-04-05T14:03:16.000000Z,32.604,-115.71783333333332,8.7,2.8,,,SCEDC,,B,78,0.23,SCSN
14613332,scedc:14613332,2010-04-05T14:04:49.150000Z,32.637,-115.7375,2.24,2.6,,,SCEDC,,B,15,0.22,SCSN
10176910,scedc:10176910,2010-04-05T14:05:05.240000Z,32.608333333333334,-115.71866666666666,0.75,2.1,,,SCEDC,,C,9,0.25,SCSN
10176950,scedc:10176950,2010-04-05T14:08:45.500000Z,32.58433333333333,-115.77766666666666,3.9,2.5,,,SCEDC,,B,15,0.23,SCSN
14613364,scedc:14613364,2010-04-05T14:10:14.640000Z,32.663333333333334,-115.79333333333334,0.25,3.4,,,SCEDC,,A,43,0.23,SCSN
10177010,scedc:10177010,2010-04-05T14:11:46.200000Z,32.69533333333333,-115.781,4.47,4.0,,,SCEDC,,A,11,0.16,SCSN
14613372,scedc:14613372,2010-04-05T14:12:48.560000Z,32.4495,-115.623,14.97,2.4,,,SCEDC,,C,26,0.24,SCSN
14613380,scedc:14613380,2010-04-05T14:13:24.830000Z,32.567166666666665,-115.69766666666666,4.46,2.5,,,SCEDC,,A,44,0.15,SCSN
14613388,scedc:14613388,2010-04-05T14:14:28.570000Z,32.61216666666667,-115.7755,5.39,2.1,,,SCEDC,,A,22,0.15,SCSN
14613412,scedc:14613412,2010-04-05T14:14:54.710000Z,34.19316666666667,-117.53,7.88,2.3,,,SCEDC,,A,80,0.19,SCSN
10177070,scedc:10177070,2010-04-05T14:15:11.710000Z,32.540333333333336,-115.73916666666666,2.71,2.4,,,SCEDC,,B,29,0.27,SCSN
14613420,scedc:14613420,2010-04-05T14:16:35.690000Z,32.655166666666666,-115.791,1.98,3.0,,,SCEDC,,A,78,0.2,SCSN
10177130,scedc:10177130,2010-04-05T14:19:19.730000Z,32.4075,-115.69416666666666,9.97,2.0,,,SCEDC,,D,7,0.33,SCSN
14613428,scedc:14613428,2010-04-05T14:19:22.690000Z,32.42283333333334,-115.62916666666666,9.99,2.3,,,SCEDC,,C,14,0.45,SCSN
10177134,scedc:10177134,2010-04-05T14:19:51.140000Z,32.4835,-115.61033333333332,9.95,2.2,,,SCEDC,,C,7,0.2,SCSN
14613436,scedc:14613436,2010-04-05T14:23:03.310000Z,32.637166666666666,-115.79216666666667,4.14,2.1,,,SCEDC,,B,21,0.2,SCSN
10177150,scedc:10177150,2010-04-05T14:23:14.640000Z,32.596333333333334,-115.80766666666666,4.0,2.0,,,SCEDC,,B,10,0.16,SCSN
14613444,scedc:14613444,2010-04-05T14:27:05.190000Z,32.631166666666665,-115.748,2.93,2.7,,,SCEDC,,A,30,0.22,SCSN
10177170,scedc:10177170,2010-04-05T14:28:26.870000Z,32.64933333333333,-115.85083333333333,13.32,2.0,,,SCEDC,,A,10,0.2,SCSN
10177230,scedc:10177230,2010-04-05T14:31:04.280000Z,32.653666666666666,-115.67033333333332,9.02,2.7,,,SCEDC,,A,20,0.14,SCSN
10177250,scedc:10177250,2010-04-05T14:31:36.850000Z,32.575,-115.72233333333334,5.65,2.3,,,SCEDC,,C,20,0.28,SCSN
14613476,scedc:14613476,2010-04-05T14:32:17.960000Z,32.68,-115.82116666666668,4.59,2.3,,,SCEDC,,A,35,0.19,SCSN
10177330,scedc:10177330,2010-04-05T14:33:00.510000Z,32.521,-115.7315,5.55,2.2,,,SCEDC,,C,10,0.3,SCSN
14613492,scedc:14613492,2010-04-05T14:34:44.060000Z,32.61866666666667,-115.79016666666666,3.01,3.0,,,SCEDC,,A,78,0.2,SCSN
10177370,scedc:10177370,2010-04-05T14:35:15.410000Z,32.8085,-115.60316666666668,14.09,2.7,,,SCEDC,,C,14,0.15,SCSN
14613500,scedc:14613500,2010-04-05T14:37:52.320000Z,32.6065,-115.7345,4.85,2.0,,,SCEDC,,B,13,0.16,SCSN
14613508,scedc:14613508,2010-04-05T14:40:43.370000Z,32.643166666666666,-115.73766666666668,5.33,2.3,,,SCEDC,,A,21,0.16,SCSN
10177410,scedc:10177410,2010-04-05T14:41:14.760000Z,32.62383333333333,-115.752,2.27,2.2,,,SCEDC,,B,15,0.21,SCSN
14613532,scedc:14613532,2010-04-05T14:44:19.010000Z,32.55316666666667,-115.69133333333332,4.7,2.4,,,SCEDC,,A,30,0.16,SCSN
10177490,scedc:10177490,2010-04-05T14:45:27.460000Z,32.661,-115.747,10.03,2.5,,,SCEDC,,B,24,0.25,SCSN
14613564,scedc:14613564,2010-04-05T14:47:16.250000Z,32.631166666666665,-115.75533333333334,1.09,2.0,,,SCEDC,,A,17,0.24,SCSN
10177570,scedc:10177570,2010-04-05T14:49:31.030000Z,32.38,-115.4985,9.97,2.3,,,SCEDC,,C,14,0.21,SCSN
10177550,scedc:10177550,2010-04-05T14:49:46.770000Z,32.619,-115.77516666666666,-0.0,2.0,,,SCEDC,,B,15,0.23,SCSN
14613556,scedc:14613556,2010-04-05T14:50:04.740000Z,32.60183333333333,-115.8085,10.39,2.2,,,SCEDC,,C,10,0.18,SCSN
14613572,scedc:14613572,2010-04-05T14:51:39.250000Z,32.46666666666667,-115.6005,14.97,2.7,,,SCEDC,,C,37,0.17,SCSN
14613588,scedc:14613588,2010-04-05T15:01:43.290000Z,32.453833333333336,-115.65016666666666,0.65,3.6,,,SCEDC,,A,78,0.21,SCSN
10177670,scedc:10177670,2010-04-05T15:02:43.510000Z,32.868833333333335,-115.97366666666667,6.6,2.2,,,SCEDC,,C,7,0.29,SCSN
10177674,scedc:10177674,2010-04-05T15:03:55.250000Z,32.62983333333333,-115.74216666666666,3.8,2.0,,,SCEDC,,C,5,0.08,SCSN
10177690,scedc:10177690,2010-04-05T15:05:35.130000Z,32.525166666666664,-115.67733333333334,0.17,2.0,,,SCEDC,,C,7,0.27,SCSN
14613620,scedc:14613620,2010-04-05T15:15:26.070000Z,32.586166666666664,-115.78166666666668,2.37,3.5,,,SCEDC,,A,99,0.26,SCSN
10177790,scedc:10177790,2010-04-05T15:16:48.810000Z,32.577,-115.70983333333334,5.91,2.4,,,SCEDC,,A,19,0.14,SCSN
14613636,scedc:14613636,2010-04-05T15:18:15.220000Z,32.686166666666665,-115.82066666666668,2.75,2.8,,,SCEDC,,A,25,0.27,SCSN
10177830,scedc:10177830,2010-04-05T15:18:50.080000Z,32.569,-115.74116666666669,4.24,2.3,,,SCEDC,,B,19,0.21,SCSN
10177910,scedc:10177910,2010-04-05T15:20:58.320000Z,32.638333333333335,-115.75016666666669,0.67,2.0,,,SCEDC,,B,10,0.19,SCSN
10177930,scedc:10177930,2010-04-05T15:21:27.840000Z,32.3085,-115.61316666666669,9.95,2.6,,,SCEDC,,C,10,0.16,SCSN
14613660,scedc:14613660,2010-04-05T15:23:10.000000Z,32.65133333333333,-115.7945,3.4,2.8,,,SCEDC,,A,49,0.26,SCSN
14613668,scedc:14613668,2010-04-05T15:26:46.070000Z,32.689,-115.811,8.48,2.0,,,SCEDC,,A,22,0.17,SCSN
10177990,scedc:10177990,2010-04-05T15:26:55.980000Z,32.53933333333333,-115.775,12.35,2.1,,,SCEDC,,C,14,0.3,SCSN
14613676,scedc:14613676,2010-04-05T15:28:07.600000Z,32.5405,-115.6275,12.16,2.0,,,SCEDC,,C,13,0.33,SCSN
10178014,scedc:10178014,2010-04-05T15:28:52.810000Z,32.32383333333333,-115.5815,9.97,2.5,,,SCEDC,,C,17,0.25,SCSN
14613684,scedc:14613684,2010-04-05T15:29:15.880000Z,32.651,-115.79433333333331,0.02,2.1,,,SCEDC,,C,11,0.23,SCSN
14613692,scedc:14613692,2010-04-05T15:33:28.020000Z,32.48433333333333,-115.714,9.95,2.0,,,SCEDC,,C,7,0.13,SCSN
14613700,scedc:14613700,2010-04-05T15:34:40.730000Z,32.60066666666667,-115.7325,12.77,3.7,,,SCEDC,,A,89,0.3,SCSN
14613708,scedc:14613708,2010-04-05T15:36:23.590000Z,32.6395,-115.74866666666668,3.28,2.2,,,SCEDC,,A,14,0.17,SCSN
14613716,scedc:14613716,2010-04-05T15:44:05.600000Z,32.4915,-115.647,2.94,2.6,,,SCEDC,,A,38,0.18,SCSN
10178150,scedc:10178150,2010-04-05T15:44:28.280000Z,32.6075,-115.779,3.99,2.0,,,SCEDC,,B,10,0.19,SCSN
10178154,scedc:10178154,2010-04-05T15:44:37.510000Z,32.6505,-115.878,3.82,2.0,,,SCEDC,,B,7,0.1,SCSN
10178170,scedc:10178170,2010-04-05T15:47:32.830000Z,32.621,-115.7985,1.48,2.8,,,SCEDC,,C,30,0.23,SCSN
14613732,scedc:14613732,2010-04-05T15:47:34.480000Z,32.578,-115.69466666666666,7.3,3.6,,,SCEDC,,C,43,0.27,SCSN
10178190,scedc:10178190,2010-04-05T15:49:09.650000Z,32.663,-115.83383333333332,6.0,2.0,,,SCEDC,,C,15,0.22,SCSN
14613748,scedc:14613748,2010-04-05T15:50:42.540000Z,32.69316666666667,-115.9135,1.21,2.2,,,SCEDC,,A,30,0.21,SCSN
14613756,scedc:14613756,2010-04-05T15:52:40.900000Z,32.562666666666665,-115.75533333333334,3.08,2.7,,,SCEDC,,A,38,0.15,SCSN
14613772,scedc:14613772,2010-04-05T15:56:53.010000Z,32.41833333333334,-115.5365,14.89,2.7,,,SCEDC,,B,21,0.21,SCSN
14613780,scedc:14613780,2010-04-05T15:57:45.880000Z,32.587,-115.74883333333334,2.1,2.8,,,SCEDC,,B,33,0.22,SCSN
10178250,scedc:10178250,2010-04-05T15:58:39.120000Z,33.0225,-115.9095,3.26,2.0,,,SCEDC,,B,12,0.26,SCSN
10178270,scedc:10178270,2010-04-05T15:59:26.850000Z,32.6715,-115.67116666666666,6.7,2.2,,,SCEDC,,B,9,0.19,SCSN
10178274,scedc:10178274,2010-04-05T16:00:34.540000Z,32.45516666666666,-115.61616666666669,5.57,2.1,,,SCEDC,,C,12,0.18,SCSN
14613804,scedc:14613804,2010-04-05T16:01:39.290000Z,32.579,-115.72466666666666,2.64,3.1,,,SCEDC,,A,84,0.24,SCSN
10178290,scedc:10178290,2010-04-05T16:02:18.000000Z,32.67283333333334,-115.74716666666669,9.87,2.3,,,SCEDC,,A,19,0.24,SCSN
10178370,scedc:10178370,2010-04-05T16:07:07.040000Z,32.68716666666667,-115.87633333333332,0.57,2.7,,,SCEDC,,A,24,0.23,SCSN
10178350,scedc:10178350,2010-04-05T16:08:04.140000Z,33.022166666666664,-115.83816666666668,18.31,2.1,,,SCEDC,,B,8,0.1,SCSN
14613852,scedc:14613852,2010-04-05T16:12:55.490000Z,33.04116666666667,-115.92116666666666,2.09,2.9,,,SCEDC,,A,59,0.24,SCSN
10178390,scedc:10178390,2010-04-05T16:13:15.400000Z,32.5345,-115.73783333333331,5.54,2.6,,,SCEDC,,C,12,0.18,SCSN
14613860,scedc:14613860,2010-04-05T16:14:43.210000Z,32.61416666666667,-115.74483333333332,1.7,3.1,,,SCEDC,,A,70,0.2,SCSN
10178430,scedc:10178430,2010-04-05T16:15:57.040000Z,32.6325,-115.7585,8.76,2.1,,,SCEDC,,B,8,0.19,SCSN
10178454,scedc:10178454,2010-04-05T16:18:13.450000Z,32.64933333333333,-115.81766666666668,16.4,2.1,,,SCEDC,,B,8,0.18,SCSN
10178458,scedc:10178458,2010-04-05T16:18:30.650000Z,32.597166666666666,-115.715,7.7,2.0,,,SCEDC,,B,7,0.18,SCSN
14613884,scedc:14613884,2010-04-05T16:19:46.880000Z,32.654333333333334,-115.79216666666667,1.68,2.2,,,SCEDC,,B,13,0.28,SCSN
14613900,scedc:14613900,2010-04-05T16:22:14.540000Z,32.653333333333336,-115.82966666666668,10.19,2.9,,,SCEDC,,A,58,0.26,SCSN
14613908,scedc:14613908,2010-04-05T16:24:33.600000Z,32.59316666666667,-115.78266666666669,2.02,2.6,,,SCEDC,,B,31,0.31,SCSN
14613916,scedc:14613916,2010-04-05T16:25:07.190000Z,32.564166666666665,-115.71533333333332,3.38,2.8,,,SCEDC,,A,39,0.19,SCSN
10178530,scedc:10178530,2010-04-05T16:25:34.450000Z,32.60733333333334,-115.72483333333334,4.82,2.2,,,SCEDC,,B,7,0.12,SCSN
14613940,scedc:14613940,2010-04-05T16:29:29.080000Z,32.54783333333334,-115.7115,4.18,3.5,,,SCEDC,,A,94,0.23,SCSN
14613948,scedc:14613948,2010-04-05T16:31:02.360000Z,32.595,-115.74716666666669,3.71,2.2,,,SCEDC,,B,28,0.12,SCSN
10178650,scedc:10178650,2010-04-05T16:31:18.300000Z,32.59466666666667,-115.7425,6.36,2.0,,,SCEDC,,B,9,0.08,SCSN
14613956,scedc:14613956,2010-04-05T16:31:29.540000Z,32.560833333333335,-115.7035,9.62,2.4,,,SCEDC,,A,34,0.15,SCSN
10178810,scedc:10178810,2010-04-05T16:37:22.120000Z,32.468666666666664,-115.7025,9.97,2.6,,,SCEDC,,C,21,0.22,SCSN
10178690,scedc:10178690,2010-04-05T16:37:52.640000Z,32.63466666666667,-115.7855,0.73,2.8,,,SCEDC,,A,21,0.16,SCSN
14613988,scedc:14613988,2010-04-05T16:40:38.580000Z,32.3895,-115.5255,9.97,2.3,,,SCEDC,,C,16,0.22,SCSN
14613996,scedc:14613996,2010-04-05T16:41:39.530000Z,32.63166666666667,-115.77066666666668,7.67,2.1,,,SCEDC,,B,16,0.23,SCSN
10178730,scedc:10178730,2010-04-05T16:42:06.790000Z,32.5945,-115.783,3.93,2.4,,,SCEDC,,A,44,0.24,SCSN
14614004,scedc:14614004,2010-04-05T16:42:21.160000Z,32.5115,-115.6805,10.68,2.4,,,SCEDC,,C,21,0.19,SCSN
14614028,scedc:14614028,2010-04-05T16:48:32.160000Z,32.65233333333333,-115.828,11.33,3.4,,,SCEDC,,A,87,0.25,SCSN
10178870,scedc:10178870,2010-04-05T16:49:29.600000Z,32.638666666666666,-115.79316666666666,4.69,2.6,,,SCEDC,,B,10,0.19,SCSN
10178890,scedc:10178890,2010-04-05T16:53:08.860000Z,32.562666666666665,-115.76583333333332,4.57,2.1,,,SCEDC,,B,7,0.13,SCSN
14614044,scedc:14614044,2010-04-05T16:53:47.570000Z,32.602333333333334,-115.7785,1.67,3.0,,,SCEDC,,A,68,0.21,SCSN
14614052,scedc:14614052,2010-04-05T16:56:09.280000Z,32.6655,-115.79583333333332,0.03,3.0,,,SCEDC,,A,57,0.2,SCSN
14614060,scedc:14614060,2010-04-05T16:57:23.740000Z,32.48616666666667,-115.661,5.54,2.4,,,SCEDC,,C,17,0.34,SCSN
10178910,scedc:10178910,2010-04-05T16:57:49.300000Z,32.51316666666666,-115.71383333333333,0.31,2.3,,,SCEDC,,B,12,0.16,SCSN
14614068,scedc:14614068,2010-04-05T16:59:02.160000Z,32.634166666666665,-115.77933333333333,0.01,3.1,,,SCEDC,,C,35,0.26,SCSN
10178950,scedc:10178950,2010-04-05T16:59:24.220000Z,32.48916666666667,-115.6605,2.72,2.6,,,SCEDC,,B,15,0.22,SCSN
14614084,scedc:14614084,2010-04-05T17:01:24.320000Z,32.63433333333333,-115.81766666666668,4.89,2.2,,,SCEDC,,B,23,0.23,SCSN
14614092,scedc:14614092,2010-04-05T17:03:09.390000Z,32.6065,-115.78466666666668,2.75,3.4,,,SCEDC,,A,83,0.23,SCSN
14614116,scedc:14614116,2010-04-05T17:11:04.200000Z,32.5425,-115.63066666666668,9.92,2.1,,,SCEDC,,C,15,0.2,SCSN
14614108,scedc:14614108,2010-04-05T17:11:51.380000Z,32.65083333333333,-115.80416666666666,0.44,2.0,,,SCEDC,,B,15,0.28,SCSN
14614124,scedc:14614124,2010-04-05T17:15:35.010000Z,32.649166666666666,-115.78583333333331,4.67,2.5,,,SCEDC,,A,46,0.18,SCSN
14614132,scedc:14614132,2010-04-05T17:16:02.230000Z,32.396166666666666,-115.57633333333334,0.67,2.8,,,SCEDC,,A,24,0.22,SCSN
14614148,scedc:14614148,2010-04-05T17:22:58.820000Z,32.779666666666664,-115.9915,5.09,2.4,,,SCEDC,,A,57,0.17,SCSN
10179010,scedc:10179010,2010-04-05T17:23:18.670000Z,32.68216666666667,-115.751,8.62,2.8,,,SCEDC,,A,31,0.2,SCSN
14614156,scedc:14614156,2010-04-05T17:23:44.240000Z,32.49733333333333,-115.7365,5.78,2.3,,,SCEDC,,C,8,0.12,SCSN
14614164,scedc:14614164,2010-04-05T17:26:43.800000Z,32.468333333333334,-115.66933333333331,3.44,2.2,,,SCEDC,,B,13,0.2,SCSN
10179070,scedc:10179070,2010-04-05T17:27:33.050000Z,32.628166666666665,-115.7435,4.0,2.4,,,SCEDC,,B,7,0.05,SCSN
10179090,scedc:10179090,2010-04-05T17:28:23.270000Z,32.367333333333335,-115.45083333333334,9.99,2.8,,,SCEDC,,C,24,0.28,SCSN
14614188,scedc:14614188,2010-04-05T17:28:28.760000Z,33.04366666666667,-116.4095,13.2,3.2,,,SCEDC,,A,89,0.2,SCSN
14614196,scedc:14614196,2010-04-05T17:29:21.730000Z,33.044,-116.41116666666667,11.35,2.0,,,SCEDC,,A,33,0.21,SCSN
10179134,scedc:10179134,2010-04-05T17:30:32.240000Z,33.0465,-116.4205,12.91,2.1,,,SCEDC,,A,67,0.18,SCSN
14614228,scedc:14614228,2010-04-05T17:33:05.110000Z,32.4635,-115.61733333333332,15.65,3.0,,,SCEDC,,B,52,0.21,SCSN
10179170,scedc:10179170,2010-04-05T17:33:31.450000Z,32.721833333333336,-115.91233333333334,5.55,2.3,,,SCEDC,,C,12,0.09,SCSN
14614252,scedc:14614252,2010-04-05T17:37:06.310000Z,32.63216666666667,-115.81033333333332,14.66,2.3,,,SCEDC,,A,27,0.25,SCSN
14614300,scedc:14614300,2010-04-05T17:42:44.240000Z,32.623,-115.76066666666668,2.21,3.4,,,SCEDC,,A,73,0.21,SCSN
14614332,scedc:14614332,2010-04-05T17:50:06.240000Z,32.69233333333333,-115.8155,5.29,2.3,,,SCEDC,,B,18,0.24,SCSN
14614340,scedc:14614340,2010-04-05T17:51:20.550000Z,32.677,-115.90583333333332,8.92,2.8,,,SCEDC,,C,71,0.24,SCSN
14614364,scedc:14614364,2010-04-05T17:57:34.420000Z,32.672333333333334,-115.81,1.05,2.5,,,SCEDC,,A,69,0.2,SCSN
14614388,scedc:14614388,2010-04-05T18:01:36.020000Z,32.513666666666666,-115.66066666666669,9.19,2.7,,,SCEDC,,C,30,0.17,SCSN
10179430,scedc:10179430,2010-04-05T18:03:55.890000Z,32.551833333333335,-115.7445,0.16,2.6,,,SCEDC,,B,16,0.2,SCSN
10179434,scedc:10179434,2010-04-05T18:03:59.300000Z,32.55733333333333,-115.78666666666666,3.14,3.3,,,SCEDC,,A,23,0.22,SCSN
14614420,scedc:14614420,2010-04-05T18:07:15.430000Z,32.754,-116.04533333333332,3.75,2.1,,,SCEDC,,A,40,0.2,SCSN
14614428,scedc:14614428,2010-04-05T18:07:30.040000Z,34.267833333333336,-117.03083333333332,0.45,2.4,,,SCEDC,,A,89,0.18,SCSN
10179450,scedc:10179450,2010-04-05T18:08:49.410000Z,32.458333333333336,-115.63983333333331,6.06,2.2,,,SCEDC,,C,9,0.18,SCSN
10179490,scedc:10179490,2010-04-05T18:12:53.840000Z,32.30016666666667,-115.4045,9.97,2.8,,,SCEDC,,C,22,0.32,SCSN
10179550,scedc:10179550,2010-04-05T18:15:18.440000Z,32.6275,-115.7875,0.0,3.4,,,SCEDC,,A,53,0.26,SCSN
14614460,scedc:14614460,2010-04-05T18:16:21.330000Z,32.635333333333335,-115.77216666666666,4.75,2.5,,,SCEDC,,B,20,0.23,SCSN
10179530,scedc:10179530,2010-04-05T18:16:58.870000Z,32.70066666666666,-115.757,5.53,2.7,,,SCEDC,,C,15,0.14,SCSN
14614468,scedc:14614468,2010-04-05T18:21:36.220000Z,32.629666666666665,-115.77983333333331,4.8,2.5,,,SCEDC,,A,57,0.23,SCSN
10179610,scedc:10179610,2010-04-05T18:21:38.470000Z,32.26016666666666,-115.50316666666669,9.88,3.1,,,SCEDC,,D,16,0.42,SCSN
10180330,scedc:10180330,2010-04-05T18:23:29.290000Z,32.590833333333336,-115.733,4.04,2.5,,,SCEDC,,A,30,0.19,SCSN
14614484,scedc:14614484,2010-04-05T18:25:24.660000Z,32.651,-115.83366666666667,9.87,2.3,,,SCEDC,,A,41,0.24,SCSN
14614492,scedc:14614492,2010-04-05T18:26:02.450000Z,32.599333333333334,-115.741,1.66,2.8,,,SCEDC,,B,37,0.24,SCSN
14614500,scedc:14614500,2010-04-05T18:26:13.470000Z,32.65133333333333,-115.83716666666666,9.2,3.0,,,SCEDC,,A,60,0.27,SCSN
14614516,scedc:14614516,2010-04-05T18:29:27.230000Z,32.65233333333333,-115.771,11.26,2.0,,,SCEDC,,C,19,0.24,SCSN
14614524,scedc:14614524,2010-04-05T18:30:13.670000Z,32.684333333333335,-115.83933333333331,5.48,2.2,,,SCEDC,,C,21,0.22,SCSN
14614532,scedc:14614532,2010-04-05T18:31:10.510000Z,32.721833333333336,-115.86766666666666,1.66,2.6,,,SCEDC,,A,49,0.18,SCSN
14614540,scedc:14614540,2010-04-05T18:34:09.600000Z,32.659166666666664,-115.79466666666669,5.77,2.2,,,SCEDC,,C,28,0.22,SCSN
14614548,scedc:14614548,2010-04-05T18:39:22.420000Z,32.72233333333333,-115.87483333333331,0.0,2.7,,,SCEDC,,A,59,0.23,SCSN
14614556,scedc:14614556,2010-04-05T18:42:53.340000Z,32.6595,-115.8125,2.65,2.8,,,SCEDC,,A,44,0.25,SCSN
10179870,scedc:10179870,2010-04-05T18:44:29.380000Z,32.633,-115.74066666666668,8.15,2.3,,,SCEDC,,C,14,0.16,SCSN
14614580,scedc:14614580,2010-04-05T18:47:11.590000Z,32.66,-115.81216666666668,1.3,3.6,,,SCEDC,,A,54,0.24,SCSN
10179910,scedc:10179910,2010-04-05T18:49:30.330000Z,32.676,-115.81233333333331,5.23,2.0,,,SCEDC,,B,9,0.21,SCSN
14614588,scedc:14614588,2010-04-05T18:51:33.430000Z,32.66983333333334,-115.824,7.0,2.8,,,SCEDC,,B,55,0.24,SCSN
14614620,scedc:14614620,2010-04-05T18:53:27.600000Z,32.32383333333333,-115.339,9.97,2.7,,,SCEDC,,C,20,0.31,SCSN
14614604,scedc:14614604,2010-04-05T18:54:54.610000Z,32.70166666666667,-115.795,3.43,2.3,,,SCEDC,,A,23,0.2,SCSN
14614612,scedc:14614612,2010-04-05T18:55:43.760000Z,32.7155,-116.05283333333334,3.92,2.1,,,SCEDC,,A,36,0.19,SCSN
10180050,scedc:10180050,2010-04-05T18:56:08.050000Z,32.657833333333336,-115.79783333333332,5.21,2.1,,,SCEDC,,A,15,0.14,SCSN
14614652,scedc:14614652,2010-04-05T19:01:33.800000Z,32.67066666666667,-115.816,4.68,2.8,,,SCEDC,,A,80,0.24,SCSN
14614660,scedc:14614660,2010-04-05T19:02:26.210000Z,32.50966666666667,-115.65233333333332,3.47,2.3,,,SCEDC,,A,16,0.19,SCSN
14614668,scedc:14614668,2010-04-05T19:06:30.040000Z,32.6305,-115.75266666666668,2.45,3.1,,,SCEDC,,A,82,0.22,SCSN
14614676,scedc:14614676,2010-04-05T19:08:59.930000Z,32.418,-115.58533333333334,0.0,2.7,,,SCEDC,,A,30,0.17,SCSN
10180130,scedc:10180130,2010-04-05T19:09:17.070000Z,32.539833333333334,-115.63683333333331,5.53,2.3,,,SCEDC,,C,8,0.25,SCSN
14614684,scedc:14614684,2010-04-05T19:10:08.600000Z,32.67733333333334,-115.8155,0.96,3.1,,,SCEDC,,A,81,0.26,SCSN
10180190,scedc:10180190,2010-04-05T19:10:34.800000Z,32.40233333333333,-115.59016666666666,3.76,3.0,,,SCEDC,,C,15,0.21,SCSN
10180210,scedc:10180210,2010-04-05T19:11:25.510000Z,32.637,-115.76216666666669,3.58,2.3,,,SCEDC,,A,16,0.16,SCSN
10180230,scedc:10180230,2010-04-05T19:15:11.300000Z,32.408166666666666,-115.579,0.56,2.9,,,SCEDC,,B,17,0.15,SCSN
10180370,scedc:10180370,2010-04-05T19:15:41.090000Z,32.6965,-115.86616666666669,6.52,2.0,,,SCEDC,,C,8,0.16,SCSN
14614700,scedc:14614700,2010-04-05T19:16:33.440000Z,32.399,-115.55166666666666,14.31,3.7,,,SCEDC,,B,61,0.3,SCSN
10180250,scedc:10180250,2010-04-05T19:17:10.670000Z,32.68566666666667,-115.8255,4.21,2.5,,,SCEDC,,A,12,0.17,SCSN
14614716,scedc:14614716,2010-04-05T19:20:39.530000Z,32.421166666666664,-115.56783333333334,1.92,2.8,,,SCEDC,,B,35,0.21,SCSN
10180398,scedc:10180398,2010-04-05T19:21:46.350000Z,32.59466666666667,-115.743,5.63,2.0,,,SCEDC,,A,15,0.11,SCSN
14614740,scedc:14614740,2010-04-05T19:25:45.910000Z,32.64516666666667,-115.80216666666666,6.0,2.4,,,SCEDC,,C,52,0.23,SCSN
14614756,scedc:14614756,2010-04-05T19:28:06.100000Z,32.632666666666665,-115.75633333333332,2.43,2.6,,,SCEDC,,A,36,0.17,SCSN
10180430,scedc:10180430,2010-04-05T19:40:31.850000Z,32.38133333333333,-115.49883333333334,9.97,2.3,,,SCEDC,,C,13,0.32,SCSN
14614796,scedc:14614796,2010-04-05T19:42:36.450000Z,32.65833333333333,-115.82266666666666,2.33,3.3,,,SCEDC,,A,53,0.2,SCSN
14614828,scedc:14614828,2010-04-05T19:45:56.540000Z,32.626,-115.794,4.17,2.2,,,SCEDC,,B,15,0.21,SCSN
14614820,scedc:14614820,2010-04-05T19:47:29.600000Z,32.61483333333334,-115.81066666666666,0.12,2.7,,,SCEDC,,A,62,0.21,SCSN
14614844,scedc:14614844,2010-04-05T19:51:22.500000Z,32.66016666666667,-115.83816666666668,5.91,2.9,,,SCEDC,,C,60,0.23,SCSN
10180554,scedc:10180554,2010-04-05T19:52:15.480000Z,32.678,-115.8525,4.89,2.3,,,SCEDC,,A,18,0.19,SCSN
10180574,scedc:10180574,2010-04-05T19:52:42.200000Z,32.55416666666667,-115.73433333333334,4.63,2.0,,,SCEDC,,B,24,0.25,SCSN
14614884,scedc:14614884,2010-04-05T19:55:13.770000Z,32.55866666666667,-115.6385,4.56,2.2,,,SCEDC,,B,14,0.19,SCSN
14614868,scedc:14614868,2010-04-05T19:56:23.490000Z,32.601,-115.742,5.16,2.1,,,SCEDC,,B,14,0.12,SCSN
10180650,scedc:10180650,2010-04-05T19:58:09.540000Z,32.322,-115.3155,9.99,2.5,,,SCEDC,,C,15,0.36,SCSN
14614892,scedc:14614892,2010-04-05T19:59:29.820000Z,32.60166666666667,-115.735,4.95,2.1,,,SCEDC,,B,33,0.23,SCSN
14614900,scedc:14614900,2010-04-05T20:00:59.280000Z,32.704,-115.88016666666668,0.79,2.3,,,SCEDC,,A,40,0.22,SCSN
14614908,scedc:14614908,2010-04-05T20:02:44.660000Z,32.50566666666667,-115.65133333333333,2.88,2.5,,,SCEDC,,A,31,0.15,SCSN
14614916,scedc:14614916,2010-04-05T20:04:31.190000Z,32.705333333333336,-115.90116666666668,0.04,2.1,,,SCEDC,,B,14,0.21,SCSN
14614956,scedc:14614956,2010-04-05T20:18:07.640000Z,32.663333333333334,-115.82666666666668,9.51,2.9,,,SCEDC,,A,52,0.26,SCSN
10180870,scedc:10180870,2010-04-05T20:18:22.030000Z,32.691,-115.8385,2.09,2.6,,,SCEDC,,A,19,0.15,SCSN
14614980,scedc:14614980,2010-04-05T20:20:45.050000Z,32.61333333333333,-115.78133333333334,4.81,2.4,,,SCEDC,,A,29,0.15,SCSN
10180910,scedc:10180910,2010-04-05T20:21:07.600000Z,32.702666666666666,-115.9065,5.87,2.1,,,SCEDC,,C,10,0.12,SCSN
14615012,scedc:14615012,2010-04-05T20:26:49.820000Z,32.70016666666667,-115.85583333333334,2.09,2.2,,,SCEDC,,A,28,0.25,SCSN
10181110,scedc:10181110,2010-04-05T20:27:05.000000Z,32.70366666666666,-115.76516666666669,4.62,2.1,,,SCEDC,,A,10,0.12,SCSN
14615036,scedc:14615036,2010-04-05T20:29:48.720000Z,32.651,-115.80466666666666,4.5,2.2,,,SCEDC,,A,14,0.14,SCSN
14615060,scedc:14615060,2010-04-05T20:34:51.050000Z,32.554,-115.74483333333332,0.9,2.3,,,SCEDC,,B,24,0.2,SCSN
14615068,scedc:14615068,2010-04-05T20:36:14.810000Z,32.717,-115.79683333333334,6.67,2.1,,,SCEDC,,A,31,0.16,SCSN
10181190,scedc:10181190,2010-04-05T20:39:29.280000Z,32.30583333333333,-115.3435,9.99,3.8,,,SCEDC,,C,18,0.22,SCSN
14615076,scedc:14615076,2010-04-05T20:40:58.150000Z,32.67216666666667,-115.8195,0.01,2.9,,,SCEDC,,A,35,0.22,SCSN
10181210,scedc:10181210,2010-04-05T20:41:28.960000Z,32.538333333333334,-115.6965,3.88,2.3,,,SCEDC,,B,6,0.09,SCSN
14615100,scedc:14615100,2010-04-05T20:45:05.320000Z,32.6825,-115.85266666666666,3.35,2.5,,,SCEDC,,A,41,0.22,SCSN
10181250,scedc:10181250,2010-04-05T20:45:57.960000Z,32.713,-115.9415,4.36,2.0,,,SCEDC,,A,19,0.2,SCSN
14615108,scedc:14615108,2010-04-05T20:46:42.160000Z,32.6675,-115.85366666666668,4.46,2.5,,,SCEDC,,A,41,0.26,SCSN
10181270,scedc:10181270,2010-04-05T20:47:07.580000Z,32.697833333333335,-115.9495,6.77,2.9,,,SCEDC,,B,43,0.28,SCSN
14615124,scedc:14615124,2010-04-05T20:48:24.990000Z,32.67366666666667,-115.99916666666668,5.88,2.3,,,SCEDC,,C,38,0.2,SCSN
14615156,scedc:14615156,2010-04-05T20:49:35.610000Z,32.64683333333333,-115.74183333333332,7.81,2.0,,,SCEDC,,A,20,0.18,SCSN
14615148,scedc:14615148,2010-04-05T20:52:14.270000Z,32.62616666666667,-115.79666666666668,4.53,2.1,,,SCEDC,,B,12,0.18,SCSN
10181350,scedc:10181350,2010-04-05T20:52:42.840000Z,32.466166666666666,-115.64983333333332,6.71,2.0,,,SCEDC,,C,6,0.28,SCSN
10181390,scedc:10181390,2010-04-05T20:52:57.020000Z,32.605666666666664,-115.79633333333334,4.96,2.5,,,SCEDC,,A,25,0.29,SCSN
14615164,scedc:14615164,2010-04-05T20:53:21.410000Z,32.600833333333334,-115.7395,8.25,2.0,,,SCEDC,,B,5,0.02,SCSN
14615220,scedc:14615220,2010-04-05T21:01:42.270000Z,32.653,-115.77916666666668,3.73,2.9,,,SCEDC,,A,35,0.24,SCSN
14615196,scedc:14615196,2010-04-05T21:02:44.920000Z,33.31366666666667,-116.23416666666668,5.07,2.2,,,SCEDC,,C,31,0.19,SCSN
14615204,scedc:14615204,2010-04-05T21:03:19.440000Z,33.0455,-116.41333333333333,13.57,2.0,,,SCEDC,,A,51,0.19,SCSN
14615212,scedc:14615212,2010-04-05T21:04:36.440000Z,32.67816666666667,-115.85883333333334,2.02,3.7,,,SCEDC,,A,97,0.23,SCSN
10181470,scedc:10181470,2010-04-05T21:06:16.160000Z,32.623333333333335,-115.7495,2.21,2.2,,,SCEDC,,B,12,0.15,SCSN
10181490,scedc:10181490,2010-04-05T21:06:33.510000Z,32.669666666666664,-115.811,4.59,2.4,,,SCEDC,,B,14,0.17,SCSN
10181510,scedc:10181510,2010-04-05T21:06:50.220000Z,32.681333333333335,-115.863,0.51,3.3,,,SCEDC,,A,38,0.24,SCSN
14615252,scedc:14615252,2010-04-05T21:07:50.420000Z,32.684333333333335,-115.85883333333334,1.45,3.5,,,SCEDC,,A,76,0.22,SCSN
14615260,scedc:14615260,2010-04-05T21:12:25.620000Z,32.65683333333333,-115.789,3.8,2.7,,,SCEDC,,A,69,0.23,SCSN
10181610,scedc:10181610,2010-04-05T21:15:31.290000Z,32.375,-115.55766666666666,6.98,3.0,,,SCEDC,,C,24,0.39,SCSN
14615276,scedc:14615276,2010-04-05T21:18:11.690000Z,32.6875,-115.86116666666666,0.84,3.1,,,SCEDC,,A,62,0.2,SCSN
10181670,scedc:10181670,2010-04-05T21:19:26.820000Z,32.554833333333335,-115.76416666666668,7.87,2.1,,,SCEDC,,C,9,0.18,SCSN
14615292,scedc:14615292,2010-04-05T21:25:28.850000Z,32.68383333333333,-115.926,7.85,2.9,,,SCEDC,,A,57,0.23,SCSN
14615300,scedc:14615300,2010-04-05T21:29:36.460000Z,32.64183333333333,-115.79016666666666,4.88,2.5,,,SCEDC,,A,24,0.15,SCSN
10181690,scedc:10181690,2010-04-05T21:29:47.270000Z,32.636,-115.80266666666668,2.9,2.7,,,SCEDC,,A,21,0.16,SCSN
10181710,scedc:10181710,2010-04-05T21:30:38.580000Z,32.55916666666667,-115.78833333333333,4.52,2.2,,,SCEDC,,B,8,0.1,SCSN
14615332,scedc:14615332,2010-04-05T21:31:35.760000Z,32.682,-115.86033333333332,1.06,3.1,,,SCEDC,,A,65,0.24,SCSN
10181810,scedc:10181810,2010-04-05T21:32:10.490000Z,32.663833333333336,-115.85616666666668,6.69,2.3,,,SCEDC,,C,6,0.13,SCSN
14615364,scedc:14615364,2010-04-05T21:39:09.540000Z,32.416333333333334,-115.58883333333333,7.09,2.5,,,SCEDC,,C,12,0.19,SCSN
14615356,scedc:14615356,2010-04-05T21:41:02.410000Z,32.72383333333333,-115.89283333333331,0.66,3.0,,,SCEDC,,A,46,0.2,SCSN
10181870,scedc:10181870,2010-04-05T21:42:05.650000Z,32.60033333333333,-115.74083333333331,1.82,2.2,,,SCEDC,,B,11,0.17,SCSN
14615372,scedc:14615372,2010-04-05T21:43:43.930000Z,32.634,-115.746,2.92,3.4,,,SCEDC,,A,76,0.17,SCSN
10181890,scedc:10181890,2010-04-05T21:45:11.890000Z,32.7245,-115.88416666666669,2.08,2.5,,,SCEDC,,A,22,0.16,SCSN
14615388,scedc:14615388,2010-04-05T21:49:34.140000Z,32.57666666666667,-115.764,4.71,2.0,,,SCEDC,,B,11,0.21,SCSN
14615404,scedc:14615404,2010-04-05T21:51:05.870000Z,32.722166666666666,-115.89116666666666,0.89,3.0,,,SCEDC,,A,43,0.19,SCSN
10181950,scedc:10181950,2010-04-05T21:51:08.350000Z,33.24466666666667,-116.14116666666666,10.21,2.1,,,SCEDC,,C,17,0.22,SCSN
10181990,scedc:10181990,2010-04-05T21:51:49.820000Z,32.592666666666666,-115.71733333333331,0.32,2.3,,,SCEDC,,C,7,0.14,SCSN
10181970,scedc:10181970,2010-04-05T21:52:10.370000Z,32.678666666666665,-115.821,5.51,2.1,,,SCEDC,,C,13,0.2,SCSN
14615420,scedc:14615420,2010-04-05T21:54:09.540000Z,32.72566666666667,-115.8695,2.2,2.0,,,SCEDC,,A,20,0.16,SCSN
14615436,scedc:14615436,2010-04-05T21:59:08.250000Z,32.69466666666667,-115.82716666666668,5.19,2.5,,,SCEDC,,A,36,0.19,SCSN
10182070,scedc:10182070,2010-04-05T22:02:06.790000Z,32.7105,-115.799,4.86,2.0,,,SCEDC,,A,15,0.2,SCSN
14615452,scedc:14615452,2010-04-05T22:04:58.840000Z,32.57266666666666,-115.7405,5.09,2.2,,,SCEDC,,A,19,0.19,SCSN
14615460,scedc:14615460,2010-04-05T22:05:23.670000Z,32.342666666666666,-115.39,14.99,3.5,,,SCEDC,,C,14,0.14,SCSN
10182170,scedc:10182170,2010-04-05T22:06:07.200000Z,32.2665,-115.47083333333332,9.95,3.3,,,SCEDC,,C,9,0.03,SCSN
10182150,scedc:10182150,2010-04-05T22:07:17.090000Z,32.701166666666666,-115.92883333333332,9.13,2.2,,,SCEDC,,B,9,0.12,SCSN
10182190,scedc:10182190,2010-04-05T22:07:36.310000Z,32.620666666666665,-115.7625,12.92,2.6,,,SCEDC,,B,11,0.23,SCSN
10182210,scedc:10182210,2010-04-05T22:09:51.990000Z,32.60816666666667,-115.75733333333334,10.25,2.0,,,SCEDC,,B,8,0.16,SCSN
14615476,scedc:14615476,2010-04-05T22:16:11.690000Z,32.67183333333333,-115.7945,5.3,2.4,,,SCEDC,,A,22,0.14,SCSN
14615500,scedc:14615500,2010-04-05T22:20:58.440000Z,32.63633333333333,-115.74916666666668,4.73,2.2,,,SCEDC,,A,15,0.13,SCSN
14615540,scedc:14615540,2010-04-05T22:27:35.970000Z,32.66316666666667,-115.83566666666668,6.76,2.0,,,SCEDC,,C,10,0.17,SCSN
14615548,scedc:14615548,2010-04-05T22:30:13.740000Z,32.6705,-115.845,5.75,2.2,,,SCEDC,,C,15,0.27,SCSN
10182470,scedc:10182470,2010-04-05T22:30:40.210000Z,32.409666666666666,-115.61516666666668,5.53,2.4,,,SCEDC,,C,14,0.22,SCSN
14615564,scedc:14615564,2010-04-05T22:33:51.860000Z,33.599333333333334,-116.74166666666666,12.05,2.0,,,SCEDC,,A,59,0.14,SCSN
14615572,scedc:14615572,2010-04-05T22:37:48.690000Z,32.48683333333334,-115.63616666666668,5.94,2.2,,,SCEDC,,C,24,0.21,SCSN
14615588,scedc:14615588,2010-04-05T22:38:44.730000Z,32.477333333333334,-115.62216666666669,5.92,2.4,,,SCEDC,,C,20,0.17,SCSN
10182510,scedc:10182510,2010-04-05T22:38:58.120000Z,32.61983333333333,-115.7695,3.93,2.2,,,SCEDC,,B,18,0.17,SCSN
14615596,scedc:14615596,2010-04-05T22:41:31.050000Z,32.60966666666667,-115.77166666666666,3.38,3.1,,,SCEDC,,B,33,0.27,SCSN
14615604,scedc:14615604,2010-04-05T22:42:40.950000Z,32.5555,-115.73533333333332,4.16,2.0,,,SCEDC,,B,9,0.13,SCSN
10182630,scedc:10182630,2010-04-05T22:43:15.070000Z,32.51133333333333,-115.72866666666668,5.57,2.0,,,SCEDC,,D,8,0.29,SCSN
10182610,scedc:10182610,2010-04-05T22:43:17.350000Z,32.544333333333334,-115.81866666666669,5.67,2.6,,,SCEDC,,C,10,0.14,SCSN
14615636,scedc:14615636,2010-04-05T22:54:39.970000Z,32.544666666666664,-115.70116666666668,5.74,3.3,,,SCEDC,,C,34,0.24,SCSN
10182650,scedc:10182650,2010-04-05T22:55:25.440000Z,32.58983333333333,-115.737,0.28,2.2,,,SCEDC,,D,6,0.15,SCSN
14615660,scedc:14615660,2010-04-05T22:59:35.070000Z,32.796,-115.45116666666668,6.54,2.5,,,SCEDC,,A,13,0.16,SCSN
10182690,scedc:10182690,2010-04-05T23:00:11.890000Z,32.80266666666667,-115.44033333333331,7.91,2.2,,,SCEDC,,A,18,0.23,SCSN
14615652,scedc:14615652,2010-04-05T23:02:30.540000Z,32.647666666666666,-115.76316666666666,9.97,3.6,,,SCEDC,,C,48,0.32,SCSN
10182750,scedc:10182750,2010-04-05T23:04:29.280000Z,32.504333333333335,-115.63716666666669,5.78,2.5,,,SCEDC,,C,24,0.25,SCSN
14615676,scedc:14615676,2010-04-05T23:09:39.900000Z,32.64333333333333,-115.7685,4.56,3.4,,,SCEDC,,A,36,0.24,SCSN
14615684,scedc:14615684,2010-04-05T23:12:57.170000Z,32.35583333333334,-115.50216666666668,9.97,2.3,,,SCEDC,,C,14,0.22,SCSN
10182810,scedc:10182810,2010-04-05T23:13:30.000000Z,32.371,-115.52033333333333,6.96,2.1,,,SCEDC,,C,8,0.32,SCSN
14615700,scedc:14615700,2010-04-05T23:14:53.180000Z,32.4045,-115.396,9.96,2.8,,,SCEDC,,C,13,0.17,SCSN
14615708,scedc:14615708,2010-04-05T23:15:58.380000Z,32.6495,-115.76466666666668,2.74,2.2,,,SCEDC,,B,15,0.27,SCSN
14615692,scedc:14615692,2010-04-05T23:17:41.480000Z,32.3595,-115.55633333333331,-0.0,2.6,,,SCEDC,,B,21,0.17,SCSN
14615716,scedc:14615716,2010-04-05T23:21:13.610000Z,32.674,-115.80283333333334,4.71,2.4,,,SCEDC,,A,30,0.21,SCSN
10182850,scedc:10182850,2010-04-05T23:22:08.440000Z,32.533833333333334,-115.46416666666669,5.92,2.3,,,SCEDC,,C,14,0.18,SCSN
10183350,scedc:10183350,2010-04-05T23:22:36.380000Z,32.31366666666667,-115.3735,9.99,2.7,,,SCEDC,,C,13,0.23,SCSN
14615740,scedc:14615740,2010-04-05T23:27:27.210000Z,32.63016666666667,-115.79766666666669,5.58,2.3,,,SCEDC,,B,28,0.15,SCSN
10182910,scedc:10182910,2010-04-05T23:28:04.960000Z,32.54816666666667,-115.70583333333332,3.66,2.3,,,SCEDC,,B,11,0.11,SCSN
10182970,scedc:10182970,2010-04-05T23:31:24.650000Z,32.275333333333336,-115.34016666666666,9.99,2.6,,,SCEDC,,C,11,0.29,SCSN
14615756,scedc:14615756,2010-04-05T23:32:27.130000Z,32.614333333333335,-115.782,2.41,3.2,,,SCEDC,,A,39,0.2,SCSN
14615780,scedc:14615780,2010-04-05T23:38:06.580000Z,32.626333333333335,-115.74583333333334,7.92,2.3,,,SCEDC,,A,24,0.16,SCSN
14615788,scedc:14615788,2010-04-05T23:39:30.680000Z,32.28216666666667,-115.41066666666669,9.97,3.7,,,SCEDC,,C,17,0.25,SCSN
10183010,scedc:10183010,2010-04-05T23:40:07.680000Z,32.31333333333333,-115.48883333333332,9.97,2.8,,,SCEDC,,C,8,0.23,SCSN
10183030,scedc:10183030,2010-04-05T23:41:37.870000Z,32.5885,-115.77116666666667,5.11,2.3,,,SCEDC,,B,12,0.13,SCSN
14615796,scedc:14615796,2010-04-05T23:42:30.660000Z,32.589166666666664,-115.76716666666668,2.52,3.1,,,SCEDC,,A,44,0.2,SCSN
10183130,scedc:10183130,2010-04-05T23:43:08.530000Z,32.62233333333333,-115.78183333333334,3.13,2.7,,,SCEDC,,B,27,0.23,SCSN
14615844,scedc:14615844,2010-04-05T23:43:25.800000Z,32.52633333333333,-115.75733333333334,5.65,2.7,,,SCEDC,,C,17,0.36,SCSN
14615876,scedc:14615876,2010-04-05T23:45:29.820000Z,32.535833333333336,-115.6935,2.43,2.6,,,SCEDC,,A,31,0.19,SCSN
14615892,scedc:14615892,2010-04-05T23:50:59.330000Z,32.69983333333333,-115.85533333333332,3.11,2.1,,,SCEDC,,A,19,0.18,SCSN
10183230,scedc:10183230,2010-04-05T23:51:32.220000Z,32.69766666666666,-115.7895,16.11,2.0,,,SCEDC,,B,9,0.12,SCSN
10183390,scedc:10183390,2010-04-06T00:01:59.210000Z,32.60816666666667,-115.721,9.99,2.3,,,SCEDC,,B,15,0.18,SCSN
10183430,scedc:10183430,2010-04-06T00:04:08.410000Z,32.771166666666666,-115.42383333333332,16.07,2.5,,,SCEDC,,B,20,0.27,SCSN
14615964,scedc:14615964,2010-04-06T00:07:57.760000Z,32.62866666666667,-115.79233333333332,4.54,2.2,,,SCEDC,,B,23,0.2,SCSN
30501759,scedc:30501759,2010-04-06T00:08:29.710000Z,32.67066666666667,-115.67366666666666,3.69,2.2,,,SCEDC,,A,12,0.16,SCSN
14615980,scedc:14615980,2010-04-06T00:09:28.720000Z,32.646166666666666,-115.78416666666666,9.32,2.0,,,SCEDC,,A,14,0.19,SCSN
14615988,scedc:14615988,2010-04-06T00:10:46.340000Z,32.546,-115.66966666666669,5.5,2.1,,,SCEDC,,C,15,0.17,SCSN
14616004,scedc:14616004,2010-04-06T00:13:46.720000Z,32.6245,-115.75116666666666,5.14,2.1,,,SCEDC,,A,16,0.19,SCSN
14616020,scedc:14616020,2010-04-06T00:14:50.170000Z,32.31183333333333,-115.34316666666666,9.99,2.9,,,SCEDC,,C,15,0.21,SCSN
14616012,scedc:14616012,2010-04-06T00:16:55.460000Z,32.60466666666667,-115.77766666666666,4.49,3.4,,,SCEDC,,A,48,0.19,SCSN
10183510,scedc:10183510,2010-04-06T00:17:43.840000Z,32.715333333333334,-115.89,7.83,2.1,,,SCEDC,,C,9,0.13,SCSN
10183550,scedc:10183550,2010-04-06T00:18:20.320000Z,32.5765,-115.78216666666668,12.36,2.3,,,SCEDC,,B,9,0.09,SCSN
14616028,scedc:14616028,2010-04-06T00:19:05.070000Z,32.5935,-115.726,3.98,3.0,,,SCEDC,,A,44,0.21,SCSN
14616044,scedc:14616044,2010-04-06T00:20:50.900000Z,32.629666666666665,-115.79983333333334,14.17,2.0,,,SCEDC,,C,8,0.21,SCSN
14616052,scedc:14616052,2010-04-06T00:24:20.190000Z,32.620666666666665,-115.77283333333334,6.29,2.3,,,SCEDC,,A,27,0.15,SCSN
10183770,scedc:10183770,2010-04-06T00:29:34.560000Z,32.60033333333333,-115.7835,0.67,2.4,,,SCEDC,,C,7,0.1,SCSN
14616124,scedc:14616124,2010-04-06T00:35:34.710000Z,32.315666666666665,-115.32083333333334,10.0,2.3,,,SCEDC,,C,10,0.27,SCSN
14616108,scedc:14616108,2010-04-06T00:36:39.790000Z,34.26883333333333,-117.02783333333332,0.48,2.4,,,SCEDC,,A,92,0.17,SCSN
14616140,scedc:14616140,2010-04-06T00:41:37.870000Z,32.5915,-115.756,4.35,3.3,,,SCEDC,,A,40,0.18,SCSN
10184010,scedc:10184010,2010-04-06T00:46:49.640000Z,32.73733333333333,-115.66816666666666,15.01,2.0,,,SCEDC,,C,5,0.12,SCSN
30565759,scedc:30565759,2010-04-06T00:50:19.460000Z,32.61366666666667,-115.74833333333332,5.08,2.0,,,SCEDC,,B,10,0.18,SCSN
14616188,scedc:14616188,2010-04-06T00:51:01.000000Z,32.62416666666667,-115.77816666666666,7.96,2.2,,,SCEDC,,A,26,0.14,SCSN
14616196,scedc:14616196,2010-04-06T00:51:19.920000Z,32.61516666666667,-115.79666666666668,2.27,3.7,,,SCEDC,,A,44,0.2,SCSN
14616204,scedc:14616204,2010-04-06T00:53:53.530000Z,32.5755,-115.78416666666666,1.48,3.8,,,SCEDC,,A,45,0.26,SCSN
10184170,scedc:10184170,2010-04-06T00:58:30.440000Z,32.629666666666665,-115.90216666666667,4.97,2.0,,,SCEDC,,C,8,0.15,SCSN
14616228,scedc:14616228,2010-04-06T00:59:57.930000Z,32.663,-115.83916666666669,7.3,2.6,,,SCEDC,,A,31,0.23,SCSN
10184254,scedc:10184254,2010-04-06T01:02:47.500000Z,32.62566666666667,-115.77083333333331,4.34,2.0,,,SCEDC,,B,10,0.11,SCSN
14616252,scedc:14616252,2010-04-06T01:04:00.680000Z,32.570166666666665,-115.72933333333332,4.23,3.0,,,SCEDC,,A,44,0.23,SCSN
30605759,scedc:30605759,2010-04-06T01:04:35.540000Z,32.6405,-115.807,0.37,4.0,,,SCEDC,,A,52,0.21,SCSN
10184290,scedc:10184290,2010-04-06T01:06:44.880000Z,32.27633333333333,-115.567,9.97,2.5,,,SCEDC,,C,5,0.14,SCSN
10184294,scedc:10184294,2010-04-06T01:07:20.700000Z,32.642,-115.74266666666666,4.9,2.0,,,SCEDC,,B,12,0.2,SCSN
14616300,scedc:14616300,2010-04-06T01:07:50.620000Z,32.66583333333333,-115.8055,4.6,2.0,,,SCEDC,,A,10,0.09,SCSN
14616324,scedc:14616324,2010-04-06T01:10:51.290000Z,32.907,-116.27283333333334,11.73,2.2,,,SCEDC,,A,55,0.21,SCSN
14616340,scedc:14616340,2010-04-06T01:13:25.550000Z,32.62866666666667,-115.784,4.52,2.0,,,SCEDC,,A,13,0.14,SCSN
14616356,scedc:14616356,2010-04-06T01:17:54.280000Z,32.6635,-115.79883333333332,4.65,2.1,,,SCEDC,,A,27,0.2,SCSN
14616372,scedc:14616372,2010-04-06T01:21:45.120000Z,33.0985,-115.94866666666668,3.49,2.4,,,SCEDC,,A,59,0.24,SCSN
10184490,scedc:10184490,2010-04-06T01:25:15.800000Z,32.424,-115.4695,6.86,3.0,,,SCEDC,,C,10,0.35,SCSN
10184498,scedc:10184498,2010-04-06T01:27:15.540000Z,32.439,-115.67983333333332,14.84,2.8,,,SCEDC,,C,9,0.21,SCSN
14616388,scedc:14616388,2010-04-06T01:28:46.770000Z,32.66,-115.74466666666666,6.08,3.0,,,SCEDC,,A,42,0.19,SCSN
10184550,scedc:10184550,2010-04-06T01:34:31.990000Z,32.687,-115.726,0.1,2.0,,,SCEDC,,C,6,0.32,SCSN
30629759,scedc:30629759,2010-04-06T01:37:00.340000Z,32.556,-115.72016666666669,4.36,2.0,,,SCEDC,,B,11,0.08,SCSN
14616420,scedc:14616420,2010-04-06T01:44:23.180000Z,32.537333333333336,-115.76733333333334,9.97,2.1,,,SCEDC,,C,17,0.24,SCSN
10184630,scedc:10184630,2010-04-06T01:46:55.280000Z,32.592333333333336,-115.718,3.35,2.6,,,SCEDC,,A,14,0.08,SCSN
30661759,scedc:30661759,2010-04-06T01:48:11.180000Z,32.61083333333333,-115.78516666666668,7.87,2.0,,,SCEDC,,B,14,0.16,SCSN
10184650,scedc:10184650,2010-04-06T01:49:27.450000Z,32.6195,-115.77766666666666,0.59,2.0,,,SCEDC,,C,7,0.08,SCSN
14616436,scedc:14616436,2010-04-06T01:50:12.540000Z,32.67466666666667,-115.83083333333332,6.12,2.2,,,SCEDC,,C,20,0.15,SCSN
14616460,scedc:14616460,2010-04-06T01:52:37.320000Z,32.632,-115.79116666666668,3.97,2.3,,,SCEDC,,B,30,0.2,SCSN
14616468,scedc:14616468,2010-04-06T01:54:27.590000Z,32.606833333333334,-115.77683333333331,4.89,2.0,,,SCEDC,,B,16,0.17,SCSN
14616516,scedc:14616516,2010-04-06T02:06:00.310000Z,32.70516666666666,-115.86433333333332,2.38,2.1,,,SCEDC,,A,23,0.21,SCSN
10184730,scedc:10184730,2010-04-06T02:17:19.830000Z,32.6265,-115.781,3.38,2.0,,,SCEDC,,B,12,0.16,SCSN
14616572,scedc:14616572,2010-04-06T02:22:21.390000Z,32.64383333333333,-115.79133333333333,4.72,2.1,,,SCEDC,,A,21,0.19,SCSN
14616580,scedc:14616580,2010-04-06T02:24:11.720000Z,32.69533333333333,-115.98183333333331,5.87,2.0,,,SCEDC,,C,26,0.19,SCSN
14616620,scedc:14616620,2010-04-06T02:26:07.870000Z,32.588166666666666,-115.76266666666666,4.65,2.3,,,SCEDC,,B,13,0.25,SCSN
14616604,scedc:14616604,2010-04-06T02:27:05.440000Z,32.650333333333336,-115.799,3.04,2.6,,,SCEDC,,A,33,0.19,SCSN
30733759,scedc:30733759,2010-04-06T02:27:34.170000Z,32.659166666666664,-115.81633333333332,5.44,2.0,,,SCEDC,,B,12,0.17,SCSN
14616612,scedc:14616612,2010-04-06T02:29:08.260000Z,32.675333333333334,-115.814,6.69,3.5,,,SCEDC,,A,48,0.23,SCSN
30749759,scedc:30749759,2010-04-06T02:30:14.700000Z,32.344,-115.5625,15.15,2.9,,,SCEDC,,B,16,0.2,SCSN
14616644,scedc:14616644,2010-04-06T02:32:17.650000Z,32.54983333333333,-115.66583333333334,4.89,2.1,,,SCEDC,,B,13,0.19,SCSN
10185370,scedc:10185370,2010-04-06T02:33:31.630000Z,32.66916666666667,-115.80783333333332,10.15,2.0,,,SCEDC,,B,10,0.17,SCSN
14616652,scedc:14616652,2010-04-06T02:38:04.120000Z,32.811166666666665,-116.05433333333332,0.88,2.6,,,SCEDC,,A,63,0.23,SCSN
14616660,scedc:14616660,2010-04-06T02:39:09.650000Z,32.658833333333334,-115.836,9.97,3.0,,,SCEDC,,C,34,0.22,SCSN
10185470,scedc:10185470,2010-04-06T02:41:26.900000Z,32.407,-115.20516666666668,14.97,2.4,,,SCEDC,,C,9,0.2,SCSN
14616676,scedc:14616676,2010-04-06T02:44:44.220000Z,32.61983333333333,-115.792,2.67,2.5,,,SCEDC,,A,30,0.2,SCSN
14616692,scedc:14616692,2010-04-06T02:53:13.310000Z,32.814166666666665,-115.60466666666667,13.13,2.0,,,SCEDC,,A,14,0.17,SCSN
10185530,scedc:10185530,2010-04-06T02:54:16.050000Z,32.682833333333335,-115.95766666666668,7.6,2.0,,,SCEDC,,B,21,0.16,SCSN
14616708,scedc:14616708,2010-04-06T02:54:40.170000Z,32.62833333333333,-115.785,2.68,2.6,,,SCEDC,,A,38,0.22,SCSN
14616732,scedc:14616732,2010-04-06T02:56:59.820000Z,32.6085,-115.70883333333332,8.95,2.1,,,SCEDC,,B,18,0.19,SCSN
14616716,scedc:14616716,2010-04-06T02:58:30.880000Z,32.607166666666664,-115.77733333333332,3.26,2.4,,,SCEDC,,A,30,0.19,SCSN
14616724,scedc:14616724,2010-04-06T02:59:22.750000Z,32.602833333333336,-115.75833333333334,2.96,2.1,,,SCEDC,,B,9,0.29,SCSN
14616764,scedc:14616764,2010-04-06T03:09:53.100000Z,32.3115,-115.37966666666668,9.99,3.1,,,SCEDC,,C,24,0.33,SCSN
14616772,scedc:14616772,2010-04-06T03:13:34.440000Z,32.637166666666666,-115.7385,7.34,2.8,,,SCEDC,,A,28,0.17,SCSN
30877767,scedc:30877767,2010-04-06T03:13:46.500000Z,32.617,-115.851,3.72,3.0,,,SCEDC,,A,41,0.2,SCSN
10185690,scedc:10185690,2010-04-06T03:14:09.740000Z,32.5925,-115.77183333333332,5.63,2.1,,,SCEDC,,C,6,0.03,SCSN
14616788,scedc:14616788,2010-04-06T03:14:33.600000Z,32.6995,-115.91533333333334,6.87,2.0,,,SCEDC,,B,15,0.14,SCSN
10185730,scedc:10185730,2010-04-06T03:15:00.140000Z,32.591833333333334,-115.748,3.02,2.2,,,SCEDC,,B,15,0.19,SCSN
14616804,scedc:14616804,2010-04-06T03:18:27.020000Z,32.318333333333335,-115.33183333333334,9.99,2.6,,,SCEDC,,C,19,0.19,SCSN
14616836,scedc:14616836,2010-04-06T03:19:35.230000Z,32.32533333333333,-115.42633333333332,9.96,2.5,,,SCEDC,,C,13,0.23,SCSN
10185910,scedc:10185910,2010-04-06T03:20:25.500000Z,32.61783333333333,-115.77266666666668,3.81,2.4,,,SCEDC,,B,14,0.17,SCSN
10185930,scedc:10185930,2010-04-06T03:20:52.150000Z,32.6695,-115.85366666666668,7.46,2.2,,,SCEDC,,C,8,0.15,SCSN
14616828,scedc:14616828,2010-04-06T03:22:19.810000Z,32.6305,-115.703,6.86,2.3,,,SCEDC,,B,12,0.07,SCSN
14616844,scedc:14616844,2010-04-06T03:22:48.780000Z,32.612833333333334,-115.63916666666668,12.79,2.2,,,SCEDC,,B,15,0.14,SCSN
14616860,scedc:14616860,2010-04-06T03:25:13.510000Z,32.647,-115.76116666666668,4.71,2.0,,,SCEDC,,B,18,0.2,SCSN
10186110,scedc:10186110,2010-04-06T03:28:46.820000Z,32.550666666666665,-115.69383333333332,4.53,2.0,,,SCEDC,,B,8,0.04,SCSN
14616876,scedc:14616876,2010-04-06T03:30:07.020000Z,32.68866666666667,-115.835,2.22,2.1,,,SCEDC,,A,32,0.21,SCSN
14616884,scedc:14616884,2010-04-06T03:31:23.040000Z,32.68666666666667,-115.8565,1.11,2.9,,,SCEDC,,A,54,0.22,SCSN
14616900,scedc:14616900,2010-04-06T03:32:44.060000Z,32.66433333333333,-115.771,5.24,2.2,,,SCEDC,,A,20,0.17,SCSN
14616892,scedc:14616892,2010-04-06T03:34:14.470000Z,32.61716666666667,-115.7845,3.63,2.6,,,SCEDC,,A,28,0.2,SCSN
14616908,scedc:14616908,2010-04-06T03:36:55.850000Z,32.70316666666667,-115.96033333333334,6.33,2.3,,,SCEDC,,A,40,0.19,SCSN
14616948,scedc:14616948,2010-04-06T03:38:08.920000Z,32.29866666666667,-115.39133333333334,9.96,3.2,,,SCEDC,,C,17,0.28,SCSN
10186190,scedc:10186190,2010-04-06T03:38:16.780000Z,32.46216666666667,-115.769,6.97,2.7,,,SCEDC,,C,8,0.1,SCSN
14616956,scedc:14616956,2010-04-06T03:41:26.990000Z,32.675333333333334,-115.919,3.9,2.0,,,SCEDC,,A,25,0.16,SCSN
14616964,scedc:14616964,2010-04-06T03:42:01.270000Z,32.628166666666665,-115.80033333333331,5.47,2.1,,,SCEDC,,C,17,0.15,SCSN
14617004,scedc:14617004,2010-04-06T03:52:18.590000Z,32.66716666666667,-115.801,4.91,3.0,,,SCEDC,,A,29,0.19,SCSN
10186370,scedc:10186370,2010-04-06T03:52:51.290000Z,32.659166666666664,-115.82316666666668,0.03,2.7,,,SCEDC,,B,9,0.2,SCSN
14617012,scedc:14617012,2010-04-06T03:54:43.040000Z,32.69983333333333,-115.80016666666668,5.27,2.2,,,SCEDC,,A,11,0.14,SCSN
14617028,scedc:14617028,2010-04-06T03:55:39.010000Z,32.6195,-115.78483333333334,3.42,2.0,,,SCEDC,,B,15,0.17,SCSN
10186418,scedc:10186418,2010-04-06T03:55:58.580000Z,32.24616666666667,-115.39716666666666,9.97,2.8,,,SCEDC,,C,16,0.24,SCSN
14617036,scedc:14617036,2010-04-06T03:58:49.210000Z,32.55616666666667,-115.69633333333331,3.67,2.9,,,SCEDC,,A,33,0.19,SCSN
10186430,scedc:10186430,2010-04-06T03:59:22.160000Z,32.36516666666667,-115.57866666666666,9.97,2.6,,,SCEDC,,C,11,0.18,SCSN
14617044,scedc:14617044,2010-04-06T04:00:43.430000Z,32.35733333333334,-115.48266666666666,9.97,2.6,,,SCEDC,,C,19,0.3,SCSN
14617060,scedc:14617060,2010-04-06T04:03:32.300000Z,32.60783333333333,-115.74766666666666,6.0,2.2,,,SCEDC,,A,28,0.15,SCSN
14617068,scedc:14617068,2010-04-06T04:04:07.330000Z,32.42066666666667,-115.58283333333333,0.23,2.2,,,SCEDC,,B,15,0.14,SCSN
14617076,scedc:14617076,2010-04-06T04:08:43.950000Z,32.61716666666667,-115.78133333333334,9.96,2.1,,,SCEDC,,D,7,0.43,SCSN
14617100,scedc:14617100,2010-04-06T04:12:21.260000Z,32.593666666666664,-115.77383333333331,3.98,4.6,,,SCEDC,,A,54,0.23,SCSN
10188150,scedc:10188150,2010-04-06T04:16:33.580000Z,32.699,-115.7905,1.04,2.0,,,SCEDC,,C,11,0.17,SCSN
14617108,scedc:14617108,2010-04-06T04:17:09.650000Z,32.64683333333333,-115.775,0.12,2.8,,,SCEDC,,A,37,0.21,SCSN
10188190,scedc:10188190,2010-04-06T04:17:33.780000Z,32.61033333333334,-115.76866666666666,4.13,2.1,,,SCEDC,,B,8,0.1,SCSN
10188210,scedc:10188210,2010-04-06T04:17:52.840000Z,32.54833333333333,-115.78733333333334,11.9,2.0,,,SCEDC,,C,10,0.23,SCSN
14617116,scedc:14617116,2010-04-06T04:20:07.130000Z,32.59166666666667,-115.781,3.86,3.2,,,SCEDC,,A,48,0.24,SCSN
10188250,scedc:10188250,2010-04-06T04:20:58.870000Z,32.261,-115.39233333333334,9.99,2.7,,,SCEDC,,D,8,0.28,SCSN
14617124,scedc:14617124,2010-04-06T04:24:03.220000Z,32.6135,-115.74333333333334,1.15,2.2,,,SCEDC,,B,22,0.25,SCSN
14617132,scedc:14617132,2010-04-06T04:25:13.390000Z,32.55733333333333,-115.754,2.9,2.0,,,SCEDC,,B,18,0.31,SCSN
10188750,scedc:10188750,2010-04-06T04:25:20.830000Z,32.30916666666667,-115.5835,9.97,2.9,,,SCEDC,,C,19,0.2,SCSN
14617140,scedc:14617140,2010-04-06T04:26:38.270000Z,32.6755,-115.867,0.01,2.2,,,SCEDC,,A,11,0.13,SCSN
14617148,scedc:14617148,2010-04-06T04:28:13.160000Z,32.5855,-115.76783333333331,4.5,2.3,,,SCEDC,,A,37,0.18,SCSN
10188810,scedc:10188810,2010-04-06T04:28:36.790000Z,32.5875,-115.77533333333334,3.51,2.4,,,SCEDC,,A,27,0.26,SCSN
10188830,scedc:10188830,2010-04-06T04:28:54.200000Z,32.60616666666667,-115.7465,4.67,2.1,,,SCEDC,,B,9,0.17,SCSN
14617156,scedc:14617156,2010-04-06T04:31:35.340000Z,32.63616666666667,-115.76333333333334,1.05,2.3,,,SCEDC,,A,35,0.22,SCSN
14617164,scedc:14617164,2010-04-06T04:33:22.960000Z,32.392833333333336,-115.476,9.97,2.0,,,SCEDC,,C,16,0.34,SCSN
14617180,scedc:14617180,2010-04-06T04:37:32.550000Z,32.53183333333333,-115.66583333333334,8.75,2.0,,,SCEDC,,C,17,0.16,SCSN
14617252,scedc:14617252,2010-04-06T04:47:18.660000Z,32.62683333333333,-115.79266666666666,0.03,2.4,,,SCEDC,,A,28,0.26,SCSN
14617260,scedc:14617260,2010-04-06T04:49:33.950000Z,32.563833333333335,-115.70016666666666,9.71,2.7,,,SCEDC,,B,36,0.18,SCSN
14617268,scedc:14617268,2010-04-06T04:51:32.720000Z,32.70733333333333,-115.86516666666668,3.77,2.7,,,SCEDC,,A,44,0.23,SCSN
14617276,scedc:14617276,2010-04-06T04:53:02.370000Z,32.6025,-115.7815,4.54,2.8,,,SCEDC,,A,38,0.22,SCSN
10189010,scedc:10189010,2010-04-06T04:53:51.480000Z,32.60916666666667,-115.78183333333334,2.73,2.1,,,SCEDC,,B,9,0.11,SCSN
14617292,scedc:14617292,2010-04-06T04:55:09.100000Z,32.325833333333335,-115.49516666666666,9.97,2.4,,,SCEDC,,C,16,0.28,SCSN
14617300,scedc:14617300,2010-04-06T04:56:10.090000Z,32.629666666666665,-115.75583333333331,0.37,2.6,,,SCEDC,,A,31,0.21,SCSN
10189110,scedc:10189110,2010-04-06T04:56:20.330000Z,32.64966666666667,-115.7975,4.35,2.4,,,SCEDC,,B,10,0.06,SCSN
14617324,scedc:14617324,2010-04-06T05:03:22.920000Z,32.598333333333336,-115.78683333333332,3.52,2.5,,,SCEDC,,A,32,0.17,SCSN
14617332,scedc:14617332,2010-04-06T05:03:45.450000Z,32.638333333333335,-115.782,4.58,2.4,,,SCEDC,,A,22,0.12,SCSN
10189150,scedc:10189150,2010-04-06T05:05:14.440000Z,32.68833333333333,-115.82966666666668,2.45,2.1,,,SCEDC,,A,28,0.17,SCSN
14617340,scedc:14617340,2010-04-06T05:05:17.870000Z,32.60333333333333,-115.76666666666668,2.54,2.5,,,SCEDC,,A,21,0.2,SCSN
14617348,scedc:14617348,2010-04-06T05:06:44.270000Z,32.476,-115.6455,5.75,2.6,,,SCEDC,,C,23,0.25,SCSN
10189230,scedc:10189230,2010-04-06T05:07:00.610000Z,32.75933333333333,-115.8215,3.36,2.2,,,SCEDC,,C,10,0.44,SCSN
14617356,scedc:14617356,2010-04-06T05:07:51.590000Z,32.63,-115.78716666666666,2.98,2.5,,,SCEDC,,A,39,0.19,SCSN
14617364,scedc:14617364,2010-04-06T05:09:48.100000Z,32.67183333333333,-115.80983333333332,2.05,2.3,,,SCEDC,,A,32,0.21,SCSN
14617380,scedc:14617380,2010-04-06T05:10:44.790000Z,32.911833333333334,-116.2555,12.45,2.0,,,SCEDC,,A,34,0.23,SCSN
14617396,scedc:14617396,2010-04-06T05:13:35.730000Z,32.596666666666664,-115.77883333333334,2.63,3.0,,,SCEDC,,A,40,0.26,SCSN
14617404,scedc:14617404,2010-04-06T05:15:55.780000Z,32.42216666666667,-115.66333333333333,5.62,3.0,,,SCEDC,,C,20,0.35,SCSN
14617412,scedc:14617412,2010-04-06T05:19:51.970000Z,32.650333333333336,-115.7975,4.71,3.1,,,SCEDC,,A,46,0.24,SCSN
10189810,scedc:10189810,2010-04-06T05:19:59.570000Z,32.579,-115.76666666666668,10.45,2.8,,,SCEDC,,C,9,0.42,SCSN
14617428,scedc:14617428,2010-04-06T05:25:36.600000Z,32.6665,-115.801,4.58,2.0,,,SCEDC,,A,25,0.24,SCSN
14617436,scedc:14617436,2010-04-06T05:25:50.870000Z,32.66316666666667,-115.81133333333334,5.06,2.9,,,SCEDC,,A,27,0.23,SCSN
14617444,scedc:14617444,2010-04-06T05:28:06.980000Z,32.651,-115.74466666666666,5.78,2.6,,,SCEDC,,C,30,0.2,SCSN
10189994,scedc:10189994,2010-04-06T05:28:23.830000Z,32.61933333333333,-115.79533333333332,3.17,2.1,,,SCEDC,,B,13,0.21,SCSN
10189998,scedc:10189998,2010-04-06T05:28:39.680000Z,32.32983333333333,-115.4285,9.97,2.5,,,SCEDC,,C,11,0.24,SCSN
14617452,scedc:14617452,2010-04-06T05:29:53.240000Z,32.684,-115.823,2.55,2.0,,,SCEDC,,A,18,0.19,SCSN
14617460,scedc:14617460,2010-04-06T05:31:00.880000Z,32.65083333333333,-115.8035,4.66,2.5,,,SCEDC,,A,38,0.22,SCSN
10190030,scedc:10190030,2010-04-06T05:33:14.040000Z,32.31183333333333,-115.50666666666666,9.97,2.0,,,SCEDC,,C,10,0.22,SCSN
14617468,scedc:14617468,2010-04-06T05:34:26.030000Z,32.683,-115.8165,4.93,2.2,,,SCEDC,,A,35,0.22,SCSN
10190050,scedc:10190050,2010-04-06T05:34:40.070000Z,32.55883333333333,-115.78183333333334,0.52,2.1,,,SCEDC,,B,10,0.2,SCSN
14617492,scedc:14617492,2010-04-06T05:36:20.710000Z,32.26016666666666,-115.52983333333331,9.96,2.5,,,SCEDC,,C,9,0.13,SCSN
10190062,scedc:10190062,2010-04-06T05:36:20.880000Z,32.657833333333336,-115.7905,5.25,2.0,,,SCEDC,,A,22,0.15,SCSN
14617500,scedc:14617500,2010-04-06T05:37:44.270000Z,32.59433333333333,-115.74366666666668,3.94,2.5,,,SCEDC,,A,38,0.19,SCSN
10190070,scedc:10190070,2010-04-06T05:38:04.380000Z,32.733,-115.83266666666668,0.36,2.1,,,SCEDC,,A,10,0.17,SCSN
10190110,scedc:10190110,2010-04-06T05:41:16.140000Z,32.675666666666665,-115.8505,4.72,2.2,,,SCEDC,,B,9,0.14,SCSN
14617532,scedc:14617532,2010-04-06T05:41:49.560000Z,32.631,-115.808,5.52,2.8,,,SCEDC,,C,35,0.25,SCSN
14617540,scedc:14617540,2010-04-06T05:43:47.000000Z,32.723166666666664,-115.834,6.99,2.1,,,SCEDC,,B,18,0.26,SCSN
14617548,scedc:14617548,2010-04-06T05:47:08.980000Z,32.5935,-115.74033333333334,2.73,2.6,,,SCEDC,,A,36,0.33,SCSN
14617564,scedc:14617564,2010-04-06T05:54:50.700000Z,32.7215,-115.87516666666669,1.05,2.1,,,SCEDC,,A,26,0.18,SCSN
14617580,scedc:14617580,2010-04-06T05:55:39.630000Z,32.592333333333336,-115.78666666666666,3.83,2.4,,,SCEDC,,A,42,0.24,SCSN
14617604,scedc:14617604,2010-04-06T05:59:10.310000Z,32.619,-115.79133333333333,3.23,2.3,,,SCEDC,,A,32,0.2,SCSN
14617620,scedc:14617620,2010-04-06T06:03:54.910000Z,32.6595,-115.82966666666668,5.02,2.9,,,SCEDC,,A,39,0.22,SCSN
14617636,scedc:14617636,2010-04-06T06:07:28.540000Z,32.69533333333333,-115.94316666666668,5.64,2.2,,,SCEDC,,C,31,0.19,SCSN
14617644,scedc:14617644,2010-04-06T06:10:15.750000Z,32.62,-115.77466666666666,3.77,2.4,,,SCEDC,,A,31,0.19,SCSN
14617676,scedc:14617676,2010-04-06T06:12:18.550000Z,32.658,-115.7975,4.87,2.7,,,SCEDC,,A,32,0.19,SCSN
14617708,scedc:14617708,2010-04-06T06:19:12.940000Z,32.708666666666666,-115.87133333333334,2.51,2.3,,,SCEDC,,A,31,0.19,SCSN
14617716,scedc:14617716,2010-04-06T06:19:49.040000Z,32.6735,-115.7695,1.96,3.1,,,SCEDC,,A,45,0.23,SCSN
14617732,scedc:14617732,2010-04-06T06:23:26.660000Z,32.41016666666667,-115.55566666666668,5.9,2.4,,,SCEDC,,C,23,0.23,SCSN
14617748,scedc:14617748,2010-04-06T06:27:59.030000Z,32.71233333333333,-115.87116666666668,1.64,2.9,,,SCEDC,,A,39,0.21,SCSN
10190570,scedc:10190570,2010-04-06T06:29:12.660000Z,32.64533333333333,-115.736,1.63,2.0,,,SCEDC,,A,13,0.12,SCSN
14617756,scedc:14617756,2010-04-06T06:31:16.400000Z,32.71366666666667,-115.86983333333332,2.62,2.0,,,SCEDC,,A,27,0.21,SCSN
14617764,scedc:14617764,2010-04-06T06:31:52.980000Z,32.621,-115.75333333333332,1.63,2.0,,,SCEDC,,A,18,0.17,SCSN
10191162,scedc:10191162,2010-04-06T06:34:20.520000Z,32.635,-115.841,6.98,2.4,,,SCEDC,,C,10,0.12,SCSN
14617804,scedc:14617804,2010-04-06T06:38:02.540000Z,32.60333333333333,-115.76883333333332,3.32,2.9,,,SCEDC,,A,40,0.22,SCSN
10191170,scedc:10191170,2010-04-06T06:38:20.760000Z,32.710166666666666,-115.82633333333334,5.11,2.2,,,SCEDC,,A,6,0.13,SCSN
10191210,scedc:10191210,2010-04-06T06:39:44.260000Z,32.614,-115.77316666666668,0.28,2.3,,,SCEDC,,C,9,0.29,SCSN
14617820,scedc:14617820,2010-04-06T06:39:50.750000Z,32.3985,-115.4975,10.96,3.6,,,SCEDC,,C,22,0.18,SCSN
14617828,scedc:14617828,2010-04-06T06:44:01.880000Z,32.696333333333335,-115.90316666666666,3.46,2.2,,,SCEDC,,A,32,0.2,SCSN
10191270,scedc:10191270,2010-04-06T06:44:27.450000Z,32.74033333333333,-115.986,0.01,2.0,,,SCEDC,,A,9,0.16,SCSN
14617836,scedc:14617836,2010-04-06T06:44:53.220000Z,32.66733333333333,-115.85516666666666,4.81,2.2,,,SCEDC,,A,24,0.23,SCSN
14617844,scedc:14617844,2010-04-06T06:45:30.090000Z,33.461666666666666,-116.41116666666667,4.24,2.3,,,SCEDC,,A,94,0.25,SCSN
14617852,scedc:14617852,2010-04-06T06:46:20.680000Z,32.634166666666665,-115.7575,0.48,2.8,,,SCEDC,,A,35,0.19,SCSN
14617860,scedc:14617860,2010-04-06T06:51:57.610000Z,32.693666666666665,-115.82633333333334,2.79,2.1,,,SCEDC,,A,37,0.21,SCSN
10191330,scedc:10191330,2010-04-06T06:53:33.830000Z,32.669,-115.8515,6.99,3.0,,,SCEDC,,C,19,0.23,SCSN
10191334,scedc:10191334,2010-04-06T06:54:02.220000Z,32.718,-115.88083333333331,11.45,2.4,,,SCEDC,,C,5,0.06,SCSN
14617884,scedc:14617884,2010-04-06T06:54:30.000000Z,32.47533333333333,-115.64383333333332,9.97,2.3,,,SCEDC,,C,9,0.27,SCSN
14617892,scedc:14617892,2010-04-06T06:58:43.450000Z,32.580333333333336,-115.77216666666666,2.04,2.5,,,SCEDC,,A,36,0.28,SCSN
14617900,scedc:14617900,2010-04-06T07:01:05.370000Z,32.266333333333336,-115.381,9.99,3.1,,,SCEDC,,C,19,0.21,SCSN
14617932,scedc:14617932,2010-04-06T07:12:48.120000Z,32.26283333333333,-115.3505,9.99,2.4,,,SCEDC,,C,15,0.11,SCSN
14617964,scedc:14617964,2010-04-06T07:19:29.120000Z,32.623666666666665,-115.74866666666668,1.93,3.3,,,SCEDC,,A,45,0.23,SCSN
10191550,scedc:10191550,2010-04-06T07:20:26.390000Z,32.2895,-115.40316666666666,10.0,2.9,,,SCEDC,,C,16,0.07,SCSN
14617980,scedc:14617980,2010-04-06T07:21:17.980000Z,32.699333333333335,-115.85283333333334,7.44,2.6,,,SCEDC,,A,40,0.17,SCSN
10191650,scedc:10191650,2010-04-06T07:21:48.330000Z,32.61266666666667,-115.7805,3.82,2.7,,,SCEDC,,A,29,0.19,SCSN
14617996,scedc:14617996,2010-04-06T07:23:02.170000Z,32.708,-115.87316666666666,4.36,3.7,,,SCEDC,,A,67,0.3,SCSN
10191670,scedc:10191670,2010-04-06T07:24:51.430000Z,32.643166666666666,-115.73516666666669,4.25,2.2,,,SCEDC,,B,9,0.14,SCSN
14618004,scedc:14618004,2010-04-06T07:25:06.390000Z,32.706,-115.87616666666666,1.54,3.1,,,SCEDC,,A,22,0.18,SCSN
10191690,scedc:10191690,2010-04-06T07:26:05.570000Z,32.719,-115.87266666666666,0.03,2.4,,,SCEDC,,A,13,0.15,SCSN
14618020,scedc:14618020,2010-04-06T07:28:05.940000Z,32.613,-115.76933333333334,6.27,2.9,,,SCEDC,,A,31,0.16,SCSN
14618036,scedc:14618036,2010-04-06T07:29:10.230000Z,32.57633333333333,-115.74966666666668,1.39,2.4,,,SCEDC,,A,36,0.24,SCSN
14618060,scedc:14618060,2010-04-06T07:32:49.060000Z,32.54266666666667,-115.73116666666668,1.22,2.3,,,SCEDC,,A,22,0.17,SCSN
10191750,scedc:10191750,2010-04-06T07:32:51.850000Z,32.37716666666667,-115.47416666666666,9.96,2.5,,,SCEDC,,C,16,0.1,SCSN
10191774,scedc:10191774,2010-04-06T07:40:34.170000Z,32.3485,-115.61033333333332,0.97,2.3,,,SCEDC,,C,10,0.15,SCSN
14618108,scedc:14618108,2010-04-06T07:42:44.950000Z,32.506166666666665,-115.6605,2.6,2.5,,,SCEDC,,A,27,0.17,SCSN
14618116,scedc:14618116,2010-04-06T07:43:23.940000Z,32.697833333333335,-115.86516666666668,4.74,2.4,,,SCEDC,,A,53,0.24,SCSN
14618124,scedc:14618124,2010-04-06T07:47:28.580000Z,32.65266666666667,-115.78466666666668,0.58,2.3,,,SCEDC,,A,27,0.2,SCSN
14618156,scedc:14618156,2010-04-06T07:50:18.360000Z,32.6695,-115.7845,0.0,2.2,,,SCEDC,,A,20,0.24,SCSN
14618180,scedc:14618180,2010-04-06T07:56:51.890000Z,32.63433333333333,-115.73883333333332,3.73,3.8,,,SCEDC,,A,42,0.17,SCSN
14618228,scedc:14618228,2010-04-06T08:11:52.890000Z,32.6475,-115.774,7.09,2.1,,,SCEDC,,A,24,0.18,SCSN
14618244,scedc:14618244,2010-04-06T08:18:51.650000Z,32.64033333333333,-115.74733333333332,3.35,2.7,,,SCEDC,,A,27,0.17,SCSN
14618252,scedc:14618252,2010-04-06T08:19:43.800000Z,32.574,-115.688,6.05,3.1,,,SCEDC,,B,26,0.16,SCSN
14618260,scedc:14618260,2010-04-06T08:21:19.020000Z,32.62716666666667,-115.798,3.09,2.3,,,SCEDC,,A,24,0.22,SCSN
14618268,scedc:14618268,2010-04-06T08:22:34.580000Z,32.61416666666667,-115.7985,2.92,2.7,,,SCEDC,,A,40,0.19,SCSN
10191994,scedc:10191994,2010-04-06T08:23:35.540000Z,32.719,-115.9395,4.74,2.1,,,SCEDC,,A,16,0.12,SCSN
10191990,scedc:10191990,2010-04-06T08:23:47.430000Z,32.57716666666666,-115.72266666666668,1.11,2.0,,,SCEDC,,B,9,0.21,SCSN
10192010,scedc:10192010,2010-04-06T08:23:57.130000Z,32.60166666666667,-115.75016666666669,0.02,2.0,,,SCEDC,,D,8,0.27,SCSN
14618300,scedc:14618300,2010-04-06T08:27:12.450000Z,32.70333333333333,-115.84766666666668,1.7,3.1,,,SCEDC,,A,43,0.24,SCSN
14618308,scedc:14618308,2010-04-06T08:27:30.360000Z,32.6955,-115.855,1.04,3.8,,,SCEDC,,A,40,0.23,SCSN
10192030,scedc:10192030,2010-04-06T08:28:43.030000Z,32.68083333333333,-115.7885,1.25,3.0,,,SCEDC,,A,25,0.2,SCSN
14618316,scedc:14618316,2010-04-06T08:29:22.700000Z,32.59766666666667,-115.76883333333332,2.9,2.5,,,SCEDC,,B,11,0.07,SCSN
14618324,scedc:14618324,2010-04-06T08:30:12.380000Z,32.67316666666667,-115.80183333333332,5.06,2.2,,,SCEDC,,A,19,0.17,SCSN
14618332,scedc:14618332,2010-04-06T08:31:01.730000Z,32.71066666666667,-115.84433333333334,0.62,2.1,,,SCEDC,,A,27,0.18,SCSN
14618356,scedc:14618356,2010-04-06T08:37:51.110000Z,32.691833333333335,-115.79466666666669,0.28,2.5,,,SCEDC,,A,25,0.18,SCSN
14618372,scedc:14618372,2010-04-06T08:39:37.790000Z,32.62733333333333,-115.76566666666666,4.43,2.4,,,SCEDC,,B,15,0.24,SCSN
14618388,scedc:14618388,2010-04-06T08:40:33.590000Z,32.69766666666666,-115.86,6.79,3.3,,,SCEDC,,B,49,0.21,SCSN
14618396,scedc:14618396,2010-04-06T08:41:58.240000Z,32.728833333333334,-115.8475,0.75,2.3,,,SCEDC,,A,29,0.2,SCSN
14618412,scedc:14618412,2010-04-06T08:49:57.110000Z,32.633,-115.76083333333334,0.57,2.4,,,SCEDC,,A,22,0.24,SCSN
14618428,scedc:14618428,2010-04-06T08:52:55.120000Z,32.6345,-115.73733333333334,7.98,3.3,,,SCEDC,,A,38,0.2,SCSN
14618436,scedc:14618436,2010-04-06T08:54:49.590000Z,32.272,-115.3965,5.77,2.6,,,SCEDC,,C,20,0.27,SCSN
14618444,scedc:14618444,2010-04-06T08:55:46.780000Z,33.305166666666665,-116.251,4.79,2.0,,,SCEDC,,C,78,0.23,SCSN
14618468,scedc:14618468,2010-04-06T08:58:51.600000Z,32.672333333333334,-115.86466666666666,6.18,3.0,,,SCEDC,,B,53,0.24,SCSN
14618476,scedc:14618476,2010-04-06T09:01:00.430000Z,32.25066666666667,-115.328,9.99,2.8,,,SCEDC,,C,14,0.23,SCSN
14618484,scedc:14618484,2010-04-06T09:01:49.480000Z,32.661833333333334,-115.789,0.72,2.6,,,SCEDC,,A,34,0.2,SCSN
10192130,scedc:10192130,2010-04-06T09:06:39.200000Z,32.628166666666665,-115.743,5.41,2.0,,,SCEDC,,B,15,0.15,SCSN
14618500,scedc:14618500,2010-04-06T09:08:20.060000Z,32.4755,-115.6245,1.82,2.0,,,SCEDC,,B,12,0.15,SCSN
14618508,scedc:14618508,2010-04-06T09:09:13.860000Z,32.62416666666667,-115.79216666666667,2.54,2.8,,,SCEDC,,A,41,0.21,SCSN
10192190,scedc:10192190,2010-04-06T09:09:26.730000Z,32.60066666666667,-115.698,6.92,2.4,,,SCEDC,,A,13,0.18,SCSN
10192210,scedc:10192210,2010-04-06T09:13:24.260000Z,32.60583333333334,-115.78166666666668,3.24,2.0,,,SCEDC,,B,9,0.13,SCSN
14618548,scedc:14618548,2010-04-06T09:21:14.790000Z,32.807,-116.06116666666668,5.39,2.2,,,SCEDC,,C,66,0.27,SCSN
14618556,scedc:14618556,2010-04-06T09:22:22.500000Z,32.358333333333334,-115.5,14.97,3.2,,,SCEDC,,C,38,0.26,SCSN
14618572,scedc:14618572,2010-04-06T09:24:18.670000Z,32.81466666666667,-116.06166666666668,4.57,2.0,,,SCEDC,,A,45,0.3,SCSN
14618588,scedc:14618588,2010-04-06T09:28:36.880000Z,32.618833333333335,-115.785,2.06,3.1,,,SCEDC,,B,42,0.23,SCSN
14618596,scedc:14618596,2010-04-06T09:29:12.940000Z,32.676,-115.7875,4.59,3.4,,,SCEDC,,A,42,0.23,SCSN
14618604,scedc:14618604,2010-04-06T09:30:33.820000Z,33.069,-115.56083333333332,10.38,2.2,,,SCEDC,,A,21,0.11,SCSN
14618620,scedc:14618620,2010-04-06T09:32:07.940000Z,32.533166666666666,-115.711,2.19,2.2,,,SCEDC,,A,20,0.19,SCSN
14618660,scedc:14618660,2010-04-06T09:41:05.160000Z,32.407,-115.381,9.99,3.6,,,SCEDC,,C,18,0.26,SCSN
37005167,scedc:37005167,2010-04-06T09:42:30.450000Z,32.6275,-115.752,0.11,2.2,,,SCEDC,,A,14,0.17,SCSN
14618684,scedc:14618684,2010-04-06T09:49:44.170000Z,32.608333333333334,-115.77833333333334,4.09,2.1,,,SCEDC,,A,28,0.14,SCSN
14618732,scedc:14618732,2010-04-06T09:59:41.700000Z,32.34766666666667,-115.539,14.97,2.7,,,SCEDC,,C,25,0.26,SCSN
37005279,scedc:37005279,2010-04-06T10:00:01.710000Z,32.66433333333333,-115.8085,0.63,2.5,,,SCEDC,,A,14,0.18,SCSN
14618748,scedc:14618748,2010-04-06T10:01:32.410000Z,32.4805,-115.63966666666668,5.7,2.4,,,SCEDC,,C,12,0.16,SCSN
14618756,scedc:14618756,2010-04-06T10:03:00.250000Z,32.614,-115.7815,3.84,2.7,,,SCEDC,,A,47,0.21,SCSN
10192730,scedc:10192730,2010-04-06T10:03:30.230000Z,32.6405,-115.7615,3.1,2.5,,,SCEDC,,B,12,0.18,SCSN
14618764,scedc:14618764,2010-04-06T10:03:34.200000Z,32.6665,-115.83316666666668,4.88,2.7,,,SCEDC,,B,13,0.26,SCSN
14618772,scedc:14618772,2010-04-06T10:06:37.750000Z,32.665166666666664,-115.81066666666666,1.73,4.5,,,SCEDC,,A,56,0.23,SCSN
14618780,scedc:14618780,2010-04-06T10:11:59.520000Z,32.6965,-115.83116666666666,0.22,2.0,,,SCEDC,,A,19,0.18,SCSN
14618788,scedc:14618788,2010-04-06T10:13:03.190000Z,32.617666666666665,-115.7885,2.66,2.4,,,SCEDC,,A,36,0.24,SCSN
10192890,scedc:10192890,2010-04-06T10:13:12.320000Z,32.48433333333333,-115.74633333333334,5.56,2.4,,,SCEDC,,C,14,0.1,SCSN
14618804,scedc:14618804,2010-04-06T10:15:14.610000Z,32.25566666666667,-115.36833333333334,9.99,3.2,,,SCEDC,,C,19,0.19,SCSN
14618836,scedc:14618836,2010-04-06T10:23:20.460000Z,32.6405,-115.78083333333332,1.28,2.8,,,SCEDC,,A,35,0.21,SCSN
10192990,scedc:10192990,2010-04-06T10:24:01.760000Z,32.627,-115.78283333333331,4.32,2.1,,,SCEDC,,B,17,0.16,SCSN
14618852,scedc:14618852,2010-04-06T10:27:54.560000Z,32.605,-115.73883333333332,3.25,2.5,,,SCEDC,,A,31,0.17,SCSN
14618884,scedc:14618884,2010-04-06T10:33:00.480000Z,32.60633333333333,-115.7395,3.52,2.0,,,SCEDC,,B,19,0.19,SCSN
14618916,scedc:14618916,2010-04-06T10:36:52.080000Z,32.581833333333336,-115.735,3.45,2.9,,,SCEDC,,A,33,0.16,SCSN
14618932,scedc:14618932,2010-04-06T10:45:25.860000Z,32.49783333333333,-115.613,10.54,2.1,,,SCEDC,,C,14,0.13,SCSN
14618948,scedc:14618948,2010-04-06T10:46:57.780000Z,32.38133333333333,-115.3295,17.99,3.2,,,SCEDC,,C,24,0.21,SCSN
10193230,scedc:10193230,2010-04-06T10:48:26.840000Z,32.6055,-115.79766666666669,4.5,2.0,,,SCEDC,,B,10,0.22,SCSN
14618988,scedc:14618988,2010-04-06T10:51:07.150000Z,32.29683333333333,-115.38033333333334,9.97,2.8,,,SCEDC,,C,12,0.21,SCSN
14618980,scedc:14618980,2010-04-06T10:52:28.580000Z,32.644333333333336,-115.73133333333334,3.89,2.3,,,SCEDC,,A,31,0.1,SCSN
10193290,scedc:10193290,2010-04-06T10:52:45.260000Z,32.24033333333333,-115.32216666666666,10.0,3.1,,,SCEDC,,C,15,0.18,SCSN
10193330,scedc:10193330,2010-04-06T10:54:20.160000Z,32.246,-115.33533333333334,19.41,2.6,,,SCEDC,,B,8,0.17,SCSN
14618996,scedc:14618996,2010-04-06T10:55:18.950000Z,35.29966666666667,-118.57033333333334,3.56,2.0,,,SCEDC,,A,49,0.14,SCSN
10193390,scedc:10193390,2010-04-06T10:55:42.450000Z,32.6265,-115.73816666666669,6.64,2.5,,,SCEDC,,A,35,0.26,SCSN
14619020,scedc:14619020,2010-04-06T10:58:55.570000Z,32.68183333333333,-115.81,2.09,2.1,,,SCEDC,,A,23,0.24,SCSN
14619036,scedc:14619036,2010-04-06T11:05:06.390000Z,32.62733333333333,-115.78033333333332,3.86,2.1,,,SCEDC,,A,36,0.15,SCSN
10193734,scedc:10193734,2010-04-06T11:10:03.110000Z,32.384,-115.34533333333331,9.98,2.7,,,SCEDC,,C,15,0.07,SCSN
14619132,scedc:14619132,2010-04-06T11:33:21.330000Z,32.617333333333335,-115.78516666666668,6.32,3.1,,,SCEDC,,A,46,0.16,SCSN
10193910,scedc:10193910,2010-04-06T11:34:02.930000Z,32.657,-115.7755,0.03,2.2,,,SCEDC,,C,11,0.15,SCSN
10193918,scedc:10193918,2010-04-06T11:34:17.830000Z,33.2695,-116.20433333333334,8.54,2.1,,,SCEDC,,A,31,0.14,SCSN
14619156,scedc:14619156,2010-04-06T11:35:49.350000Z,32.25683333333333,-115.351,7.08,2.5,,,SCEDC,,C,15,0.2,SCSN
14619164,scedc:14619164,2010-04-06T11:37:04.250000Z,32.62616666666667,-115.763,5.41,2.7,,,SCEDC,,A,43,0.14,SCSN
10194014,scedc:10194014,2010-04-06T11:41:57.180000Z,32.52466666666667,-115.68366666666668,0.99,2.2,,,SCEDC,,B,13,0.15,SCSN
14619196,scedc:14619196,2010-04-06T11:43:52.230000Z,32.37733333333333,-115.55233333333334,4.45,2.3,,,SCEDC,,C,23,0.22,SCSN
14619212,scedc:14619212,2010-04-06T11:46:18.590000Z,32.30533333333333,-115.33983333333332,14.99,2.5,,,SCEDC,,C,13,0.13,SCSN
10194054,scedc:10194054,2010-04-06T11:47:02.190000Z,32.654833333333336,-115.76333333333334,3.02,2.3,,,SCEDC,,A,23,0.14,SCSN
10194090,scedc:10194090,2010-04-06T11:47:51.570000Z,32.397166666666664,-115.51766666666668,6.24,2.0,,,SCEDC,,C,10,0.12,SCSN
14619236,scedc:14619236,2010-04-06T11:48:02.580000Z,32.5945,-115.78183333333334,2.09,2.1,,,SCEDC,,B,11,0.18,SCSN
10194094,scedc:10194094,2010-04-06T11:48:07.680000Z,32.595166666666664,-115.784,5.7,2.3,,,SCEDC,,C,6,0.21,SCSN
14619252,scedc:14619252,2010-04-06T11:57:57.190000Z,32.56216666666667,-115.71766666666667,4.55,2.1,,,SCEDC,,A,27,0.12,SCSN
10194294,scedc:10194294,2010-04-06T12:04:45.410000Z,32.71083333333333,-115.90516666666667,5.53,2.0,,,SCEDC,,C,26,0.22,SCSN
14619276,scedc:14619276,2010-04-06T12:05:24.790000Z,32.715,-115.92933333333332,8.36,2.1,,,SCEDC,,A,27,0.15,SCSN
10194370,scedc:10194370,2010-04-06T12:12:18.950000Z,32.5995,-115.7625,8.13,2.3,,,SCEDC,,B,11,0.15,SCSN
14619316,scedc:14619316,2010-04-06T12:13:12.070000Z,32.59283333333333,-115.74466666666666,9.89,2.3,,,SCEDC,,A,34,0.24,SCSN
14619324,scedc:14619324,2010-04-06T12:14:30.910000Z,32.72266666666667,-115.87383333333334,1.4,2.7,,,SCEDC,,A,56,0.22,SCSN
14619356,scedc:14619356,2010-04-06T12:20:20.370000Z,32.4395,-115.58333333333331,6.25,2.9,,,SCEDC,,C,34,0.24,SCSN
14619364,scedc:14619364,2010-04-06T12:24:59.310000Z,32.411833333333334,-115.6335,6.03,2.0,,,SCEDC,,C,12,0.16,SCSN
14619380,scedc:14619380,2010-04-06T12:29:39.200000Z,32.66416666666667,-115.80766666666666,1.25,2.6,,,SCEDC,,A,45,0.22,SCSN
14619396,scedc:14619396,2010-04-06T12:30:36.880000Z,32.68816666666667,-115.8165,5.04,2.0,,,SCEDC,,A,28,0.22,SCSN
14619404,scedc:14619404,2010-04-06T12:32:29.830000Z,32.62116666666667,-115.7595,0.33,2.0,,,SCEDC,,B,20,0.31,SCSN
10194570,scedc:10194570,2010-04-06T12:32:39.280000Z,32.293,-115.3345,9.99,2.4,,,SCEDC,,C,17,0.11,SCSN
10194590,scedc:10194590,2010-04-06T12:35:02.640000Z,32.706833333333336,-115.85966666666668,3.97,2.0,,,SCEDC,,A,15,0.12,SCSN
10194630,scedc:10194630,2010-04-06T12:41:19.160000Z,32.361333333333334,-115.56416666666668,9.96,2.0,,,SCEDC,,D,11,0.18,SCSN
14619452,scedc:14619452,2010-04-06T12:42:44.460000Z,32.23116666666667,-115.34433333333334,9.99,2.8,,,SCEDC,,C,18,0.2,SCSN
14619468,scedc:14619468,2010-04-06T12:43:23.360000Z,32.6285,-115.7365,7.73,2.6,,,SCEDC,,A,39,0.2,SCSN
14619500,scedc:14619500,2010-04-06T12:44:57.820000Z,32.314166666666665,-115.33183333333334,9.99,3.1,,,SCEDC,,C,17,0.22,SCSN
14619492,scedc:14619492,2010-04-06T12:47:05.020000Z,32.32333333333333,-115.41866666666668,9.97,2.8,,,SCEDC,,C,20,0.36,SCSN
10194710,scedc:10194710,2010-04-06T12:51:15.540000Z,32.608,-115.78283333333331,1.28,2.1,,,SCEDC,,C,4,0.0,SCSN
10194690,scedc:10194690,2010-04-06T12:51:46.920000Z,32.608,-115.7555,3.21,2.2,,,SCEDC,,B,14,0.18,SCSN
14619524,scedc:14619524,2010-04-06T12:53:40.210000Z,32.7015,-115.86066666666666,4.63,2.4,,,SCEDC,,A,42,0.23,SCSN
14619540,scedc:14619540,2010-04-06T12:56:00.250000Z,32.69916666666667,-115.861,1.52,2.3,,,SCEDC,,A,30,0.21,SCSN
14619564,scedc:14619564,2010-04-06T12:58:24.520000Z,32.685,-115.85516666666666,1.68,2.5,,,SCEDC,,A,31,0.25,SCSN
14619588,scedc:14619588,2010-04-06T12:59:33.490000Z,32.5965,-115.73083333333334,4.39,2.2,,,SCEDC,,B,15,0.15,SCSN
10194850,scedc:10194850,2010-04-06T13:02:03.270000Z,32.662333333333336,-115.79916666666666,1.85,2.9,,,SCEDC,,A,15,0.19,SCSN
14619604,scedc:14619604,2010-04-06T13:10:38.320000Z,32.62566666666667,-115.72266666666668,5.58,2.2,,,SCEDC,,A,22,0.22,SCSN
14619612,scedc:14619612,2010-04-06T13:13:00.760000Z,32.4175,-115.55016666666668,6.01,2.4,,,SCEDC,,C,26,0.27,SCSN
14619628,scedc:14619628,2010-04-06T13:17:11.930000Z,32.599333333333334,-115.779,2.94,2.7,,,SCEDC,,A,41,0.22,SCSN
14619636,scedc:14619636,2010-04-06T13:18:16.800000Z,32.409166666666664,-115.60416666666669,1.35,2.5,,,SCEDC,,B,19,0.15,SCSN
14619644,scedc:14619644,2010-04-06T13:19:38.960000Z,32.603833333333334,-115.714,8.22,2.6,,,SCEDC,,A,31,0.15,SCSN
14619652,scedc:14619652,2010-04-06T13:21:55.130000Z,32.592333333333336,-115.74466666666666,8.9,2.7,,,SCEDC,,A,34,0.21,SCSN
10194910,scedc:10194910,2010-04-06T13:22:29.900000Z,32.62083333333333,-115.7005,8.48,2.1,,,SCEDC,,A,12,0.13,SCSN
10194914,scedc:10194914,2010-04-06T13:22:53.740000Z,32.7055,-115.79633333333334,5.23,2.3,,,SCEDC,,A,11,0.16,SCSN
14619668,scedc:14619668,2010-04-06T13:24:56.140000Z,32.62683333333333,-115.78466666666668,6.67,3.1,,,SCEDC,,A,42,0.21,SCSN
10194930,scedc:10194930,2010-04-06T13:28:06.660000Z,32.668,-115.80166666666666,3.91,2.1,,,SCEDC,,A,22,0.13,SCSN
14619692,scedc:14619692,2010-04-06T13:32:01.350000Z,32.265,-115.39983333333332,9.97,3.8,,,SCEDC,,C,23,0.31,SCSN
10195014,scedc:10195014,2010-04-06T13:34:19.410000Z,32.54416666666667,-115.66916666666668,7.04,2.5,,,SCEDC,,A,28,0.06,SCSN
14619732,scedc:14619732,2010-04-06T13:36:34.320000Z,32.29866666666667,-115.32033333333334,9.99,2.6,,,SCEDC,,C,15,0.26,SCSN
10195070,scedc:10195070,2010-04-06T13:44:18.730000Z,33.16466666666667,-115.93916666666668,8.8,2.4,,,SCEDC,,B,49,0.19,SCSN
14619748,scedc:14619748,2010-04-06T13:44:22.350000Z,33.154833333333336,-115.93033333333334,11.24,2.7,,,SCEDC,,A,62,0.2,SCSN
14619756,scedc:14619756,2010-04-06T13:46:32.340000Z,32.649,-115.77616666666668,1.04,2.3,,,SCEDC,,A,24,0.2,SCSN
10195090,scedc:10195090,2010-04-06T13:48:46.510000Z,32.66883333333333,-115.80266666666668,4.68,2.2,,,SCEDC,,A,12,0.15,SCSN
14619780,scedc:14619780,2010-04-06T13:51:51.030000Z,32.63883333333333,-115.758,1.11,3.1,,,SCEDC,,A,37,0.22,SCSN
14619788,scedc:14619788,2010-04-06T13:57:04.760000Z,32.61216666666667,-115.78383333333332,7.85,2.1,,,SCEDC,,A,23,0.19,SCSN
10195134,scedc:10195134,2010-04-06T14:00:33.000000Z,32.523666666666664,-115.608,2.91,2.0,,,SCEDC,,C,10,0.17,SCSN
14619812,scedc:14619812,2010-04-06T14:05:07.980000Z,32.467666666666666,-115.6485,0.46,2.2,,,SCEDC,,B,23,0.15,SCSN
10195150,scedc:10195150,2010-04-06T14:07:33.110000Z,32.35733333333334,-115.25866666666668,9.98,2.6,,,SCEDC,,C,9,0.17,SCSN
14619852,scedc:14619852,2010-04-06T14:07:39.200000Z,32.653166666666664,-115.751,5.06,2.3,,,SCEDC,,B,23,0.2,SCSN
10195230,scedc:10195230,2010-04-06T14:18:24.210000Z,32.608666666666664,-115.75233333333334,4.01,2.1,,,SCEDC,,B,14,0.28,SCSN
14619940,scedc:14619940,2010-04-06T14:27:23.390000Z,32.61066666666667,-115.78483333333334,3.94,3.2,,,SCEDC,,A,44,0.22,SCSN
14619956,scedc:14619956,2010-04-06T14:32:05.220000Z,32.57683333333333,-115.67483333333334,8.43,2.4,,,SCEDC,,B,23,0.2,SCSN
10195338,scedc:10195338,2010-04-06T14:33:50.530000Z,32.5345,-115.66133333333332,4.17,2.0,,,SCEDC,,B,12,0.13,SCSN
14619988,scedc:14619988,2010-04-06T14:33:55.060000Z,32.6265,-115.78616666666667,4.08,2.4,,,SCEDC,,B,12,0.16,SCSN
14619996,scedc:14619996,2010-04-06T14:39:37.690000Z,32.2385,-115.36266666666668,9.99,2.7,,,SCEDC,,C,16,0.21,SCSN
14620004,scedc:14620004,2010-04-06T14:42:56.110000Z,32.64816666666667,-115.7515,6.94,2.9,,,SCEDC,,A,27,0.21,SCSN
14620036,scedc:14620036,2010-04-06T14:44:40.820000Z,32.23916666666667,-115.3335,9.95,2.9,,,SCEDC,,C,13,0.11,SCSN
14620052,scedc:14620052,2010-04-06T14:52:16.530000Z,32.7015,-115.80283333333334,2.33,2.4,,,SCEDC,,A,31,0.15,SCSN
14620060,scedc:14620060,2010-04-06T14:55:48.640000Z,32.632,-115.7855,2.19,2.4,,,SCEDC,,A,28,0.21,SCSN
14620068,scedc:14620068,2010-04-06T14:56:17.980000Z,32.657,-115.782,3.74,2.6,,,SCEDC,,A,19,0.22,SCSN
10195454,scedc:10195454,2010-04-06T14:56:32.550000Z,32.628166666666665,-115.78783333333334,1.28,2.8,,,SCEDC,,A,22,0.21,SCSN
14620076,scedc:14620076,2010-04-06T14:58:38.010000Z,32.633833333333335,-115.77116666666667,2.45,3.5,,,SCEDC,,A,37,0.22,SCSN
14620108,scedc:14620108,2010-04-06T15:10:17.870000Z,32.3125,-115.35316666666668,9.99,2.8,,,SCEDC,,C,20,0.26,SCSN
14620132,scedc:14620132,2010-04-06T15:11:25.910000Z,32.35166666666667,-115.488,9.97,2.2,,,SCEDC,,C,15,0.2,SCSN
14620124,scedc:14620124,2010-04-06T15:13:19.980000Z,32.727666666666664,-115.88,14.62,3.9,,,SCEDC,,C,74,0.23,SCSN
14620156,scedc:14620156,2010-04-06T15:19:33.860000Z,32.63066666666667,-115.77633333333333,4.48,2.3,,,SCEDC,,B,19,0.18,SCSN
10195550,scedc:10195550,2010-04-06T15:19:37.280000Z,32.6965,-115.89183333333334,5.75,2.3,,,SCEDC,,C,4,0.22,SCSN
14620148,scedc:14620148,2010-04-06T15:21:20.260000Z,32.39033333333333,-115.60033333333334,7.37,2.6,,,SCEDC,,C,22,0.16,SCSN
14620164,scedc:14620164,2010-04-06T15:25:33.650000Z,32.667833333333334,-115.83133333333332,6.17,2.7,,,SCEDC,,B,45,0.22,SCSN
14620172,scedc:14620172,2010-04-06T15:27:00.090000Z,32.71366666666667,-115.88216666666666,3.55,2.6,,,SCEDC,,A,41,0.2,SCSN
14620196,scedc:14620196,2010-04-06T15:28:07.420000Z,32.61966666666667,-115.77483333333332,3.76,2.0,,,SCEDC,,B,11,0.17,SCSN
10195602,scedc:10195602,2010-04-06T15:28:41.350000Z,32.31216666666667,-115.37583333333332,9.99,2.3,,,SCEDC,,C,13,0.3,SCSN
10195650,scedc:10195650,2010-04-06T15:35:54.110000Z,32.688,-115.78383333333332,5.36,2.1,,,SCEDC,,B,10,0.15,SCSN
14620252,scedc:14620252,2010-04-06T15:41:33.700000Z,32.3955,-115.3595,9.95,2.0,,,SCEDC,,C,12,0.24,SCSN
14620260,scedc:14620260,2010-04-06T15:44:57.460000Z,32.61066666666667,-115.71933333333334,2.27,2.3,,,SCEDC,,B,27,0.22,SCSN
14620268,scedc:14620268,2010-04-06T15:46:06.900000Z,32.648833333333336,-115.75016666666669,5.04,2.1,,,SCEDC,,A,19,0.14,SCSN
10195670,scedc:10195670,2010-04-06T15:47:48.260000Z,32.24666666666667,-115.46466666666667,9.97,2.2,,,SCEDC,,C,11,0.31,SCSN
14620284,scedc:14620284,2010-04-06T15:50:01.730000Z,32.639833333333335,-115.73583333333332,7.19,2.3,,,SCEDC,,A,17,0.17,SCSN
10195674,scedc:10195674,2010-04-06T15:50:11.760000Z,32.675333333333334,-115.77816666666666,5.15,2.7,,,SCEDC,,A,34,0.16,SCSN
14620300,scedc:14620300,2010-04-06T15:54:23.730000Z,32.6535,-115.75816666666668,5.25,2.4,,,SCEDC,,A,29,0.19,SCSN
14620332,scedc:14620332,2010-04-06T15:58:56.260000Z,32.4925,-115.62716666666668,6.2,2.0,,,SCEDC,,C,12,0.18,SCSN
14620340,scedc:14620340,2010-04-06T16:00:17.960000Z,32.634166666666665,-115.7445,8.42,2.1,,,SCEDC,,A,23,0.17,SCSN
10195742,scedc:10195742,2010-04-06T16:06:28.760000Z,32.40566666666667,-115.6705,6.34,2.2,,,SCEDC,,C,10,0.13,SCSN
14620404,scedc:14620404,2010-04-06T16:12:29.630000Z,32.5295,-115.6745,2.53,2.1,,,SCEDC,,B,17,0.15,SCSN
14620428,scedc:14620428,2010-04-06T16:16:52.840000Z,32.64216666666667,-115.75833333333334,3.2,2.5,,,SCEDC,,A,33,0.23,SCSN
14620444,scedc:14620444,2010-04-06T16:23:23.510000Z,32.27,-115.35366666666668,9.99,3.2,,,SCEDC,,C,18,0.26,SCSN
10195790,scedc:10195790,2010-04-06T16:26:13.930000Z,32.609833333333334,-115.78983333333332,4.82,2.3,,,SCEDC,,B,8,0.2,SCSN
14620476,scedc:14620476,2010-04-06T16:33:58.050000Z,32.665,-115.85966666666668,5.95,3.2,,,SCEDC,,A,41,0.21,SCSN
10195818,scedc:10195818,2010-04-06T16:36:50.680000Z,32.71,-115.8715,4.71,2.0,,,SCEDC,,A,7,0.12,SCSN
14620508,scedc:14620508,2010-04-06T16:42:45.380000Z,32.591833333333334,-115.756,6.76,2.2,,,SCEDC,,B,26,0.22,SCSN
14620532,scedc:14620532,2010-04-06T16:53:05.790000Z,32.63916666666667,-115.77183333333332,3.29,2.5,,,SCEDC,,A,36,0.2,SCSN
14620556,scedc:14620556,2010-04-06T16:59:25.980000Z,32.665,-115.84333333333332,4.91,2.0,,,SCEDC,,A,16,0.17,SCSN
14620588,scedc:14620588,2010-04-06T17:02:19.150000Z,32.30766666666667,-115.44333333333331,9.97,2.6,,,SCEDC,,C,12,0.3,SCSN
14620580,scedc:14620580,2010-04-06T17:04:49.420000Z,32.671166666666664,-115.91766666666666,3.36,2.0,,,SCEDC,,A,17,0.16,SCSN
14620596,scedc:14620596,2010-04-06T17:08:07.380000Z,32.63316666666667,-115.79466666666669,3.88,2.6,,,SCEDC,,A,38,0.21,SCSN
14620612,scedc:14620612,2010-04-06T17:10:46.490000Z,32.68066666666667,-115.84083333333334,5.26,2.7,,,SCEDC,,A,39,0.2,SCSN
14620620,scedc:14620620,2010-04-06T17:15:50.520000Z,32.667,-115.77,3.41,2.2,,,SCEDC,,A,16,0.16,SCSN
10196010,scedc:10196010,2010-04-06T17:17:11.510000Z,32.68416666666667,-115.849,5.71,2.1,,,SCEDC,,C,10,0.06,SCSN
10196030,scedc:10196030,2010-04-06T17:20:53.960000Z,32.63483333333333,-115.7345,5.75,2.6,,,SCEDC,,A,13,0.07,SCSN
14620684,scedc:14620684,2010-04-06T17:33:22.610000Z,32.70366666666666,-115.864,6.33,3.0,,,SCEDC,,C,34,0.24,SCSN
10196090,scedc:10196090,2010-04-06T17:34:21.580000Z,32.6775,-115.80666666666669,5.67,2.1,,,SCEDC,,C,11,0.16,SCSN
14620692,scedc:14620692,2010-04-06T17:39:23.890000Z,32.42166666666667,-115.58416666666666,6.39,2.3,,,SCEDC,,C,14,0.15,SCSN
14620724,scedc:14620724,2010-04-06T17:46:23.540000Z,32.621,-115.7455,4.58,2.2,,,SCEDC,,A,25,0.15,SCSN
14620732,scedc:14620732,2010-04-06T17:50:05.020000Z,32.585166666666666,-115.7065,4.44,2.1,,,SCEDC,,A,20,0.21,SCSN
14620764,scedc:14620764,2010-04-06T17:56:36.540000Z,32.703833333333336,-115.87566666666666,3.63,2.8,,,SCEDC,,A,52,0.25,SCSN
14620772,scedc:14620772,2010-04-06T17:57:37.420000Z,32.699,-115.7905,5.25,2.7,,,SCEDC,,A,26,0.19,SCSN
10196170,scedc:10196170,2010-04-06T17:58:31.600000Z,32.659666666666666,-115.7945,6.07,2.5,,,SCEDC,,C,7,0.15,SCSN
14620780,scedc:14620780,2010-04-06T17:58:33.070000Z,32.616166666666665,-115.77333333333333,5.22,3.3,,,SCEDC,,C,35,0.16,SCSN
10196174,scedc:10196174,2010-04-06T17:58:59.770000Z,32.7185,-115.89266666666668,4.43,2.5,,,SCEDC,,A,7,0.13,SCSN
14620796,scedc:14620796,2010-04-06T18:00:22.750000Z,32.729166666666664,-115.87983333333334,2.59,2.0,,,SCEDC,,A,16,0.09,SCSN
14620804,scedc:14620804,2010-04-06T18:01:17.270000Z,32.6225,-115.7485,4.63,2.3,,,SCEDC,,B,19,0.16,SCSN
14620812,scedc:14620812,2010-04-06T18:01:52.850000Z,32.6165,-115.78433333333334,3.69,2.8,,,SCEDC,,A,34,0.2,SCSN
14620820,scedc:14620820,2010-04-06T18:05:13.760000Z,32.654333333333334,-115.72783333333334,5.04,2.4,,,SCEDC,,A,23,0.16,SCSN
14620844,scedc:14620844,2010-04-06T18:08:48.790000Z,32.71666666666667,-115.87383333333334,2.75,2.1,,,SCEDC,,A,13,0.17,SCSN
14620860,scedc:14620860,2010-04-06T18:09:56.500000Z,32.562333333333335,-115.67683333333332,5.57,2.4,,,SCEDC,,C,17,0.11,SCSN
10196274,scedc:10196274,2010-04-06T18:10:06.400000Z,32.66,-115.7195,6.71,2.5,,,SCEDC,,B,9,0.05,SCSN
10196278,scedc:10196278,2010-04-06T18:10:11.410000Z,32.64233333333333,-115.73183333333331,8.66,2.8,,,SCEDC,,B,10,0.15,SCSN
14620868,scedc:14620868,2010-04-06T18:11:45.950000Z,32.615833333333335,-115.78066666666666,4.22,2.1,,,SCEDC,,B,22,0.2,SCSN
14620884,scedc:14620884,2010-04-06T18:15:18.260000Z,32.725,-115.88733333333332,0.0,2.0,,,SCEDC,,A,32,0.21,SCSN
14620892,scedc:14620892,2010-04-06T18:16:04.930000Z,32.595166666666664,-115.77866666666668,4.76,2.2,,,SCEDC,,B,14,0.21,SCSN
10196310,scedc:10196310,2010-04-06T18:16:19.590000Z,32.68,-115.794,4.79,2.3,,,SCEDC,,B,13,0.25,SCSN
14620916,scedc:14620916,2010-04-06T18:16:55.220000Z,32.590833333333336,-115.78483333333334,2.44,3.4,,,SCEDC,,B,15,0.19,SCSN
14620956,scedc:14620956,2010-04-06T18:22:19.270000Z,32.660666666666664,-115.80516666666666,3.1,2.4,,,SCEDC,,A,35,0.22,SCSN
14620996,scedc:14620996,2010-04-06T18:23:40.280000Z,32.278666666666666,-115.343,9.95,2.6,,,SCEDC,,C,14,0.22,SCSN
14620980,scedc:14620980,2010-04-06T18:25:27.410000Z,32.573166666666665,-115.723,8.01,2.4,,,SCEDC,,B,20,0.21,SCSN
14620988,scedc:14620988,2010-04-06T18:25:56.760000Z,32.4165,-115.5835,0.15,2.9,,,SCEDC,,B,33,0.2,SCSN
10196390,scedc:10196390,2010-04-06T18:26:26.820000Z,32.656333333333336,-115.749,4.81,2.0,,,SCEDC,,B,6,0.01,SCSN
14621004,scedc:14621004,2010-04-06T18:28:05.410000Z,32.61783333333333,-115.7545,4.06,2.0,,,SCEDC,,B,15,0.2,SCSN
14621028,scedc:14621028,2010-04-06T18:33:41.960000Z,32.608,-115.78216666666668,3.78,2.7,,,SCEDC,,A,37,0.19,SCSN
14621044,scedc:14621044,2010-04-06T18:35:58.480000Z,32.67583333333333,-115.78716666666666,5.22,2.0,,,SCEDC,,A,16,0.21,SCSN
14621092,scedc:14621092,2010-04-06T18:48:18.400000Z,32.61416666666667,-115.78266666666669,4.25,2.3,,,SCEDC,,B,17,0.18,SCSN
14621124,scedc:14621124,2010-04-06T18:51:01.300000Z,32.805,-115.60766666666666,12.28,2.1,,,SCEDC,,A,27,0.21,SCSN
14621132,scedc:14621132,2010-04-06T18:52:06.550000Z,32.6405,-115.78166666666668,5.42,2.0,,,SCEDC,,A,17,0.16,SCSN
14621140,scedc:14621140,2010-04-06T18:54:38.460000Z,32.304833333333335,-115.38966666666668,9.99,3.0,,,SCEDC,,C,16,0.36,SCSN
10197030,scedc:10197030,2010-04-06T18:55:20.780000Z,32.54833333333333,-115.7245,3.49,2.0,,,SCEDC,,B,8,0.06,SCSN
14621156,scedc:14621156,2010-04-06T18:59:08.840000Z,32.61366666666667,-115.735,18.6,2.2,,,SCEDC,,B,23,0.3,SCSN
14621164,scedc:14621164,2010-04-06T19:02:00.880000Z,32.70466666666667,-115.86033333333332,5.15,3.6,,,SCEDC,,A,65,0.24,SCSN
14621180,scedc:14621180,2010-04-06T19:08:41.040000Z,32.709666666666664,-115.8095,2.68,2.1,,,SCEDC,,A,19,0.24,SCSN
14621228,scedc:14621228,2010-04-06T19:11:51.290000Z,32.32266666666666,-115.4315,9.97,2.5,,,SCEDC,,C,14,0.27,SCSN
14621212,scedc:14621212,2010-04-06T19:13:01.790000Z,32.47083333333333,-115.61066666666666,5.68,2.3,,,SCEDC,,C,25,0.2,SCSN
14621236,scedc:14621236,2010-04-06T19:15:10.350000Z,32.661833333333334,-115.79566666666666,6.77,2.0,,,SCEDC,,B,19,0.19,SCSN
14621308,scedc:14621308,2010-04-06T19:29:15.730000Z,34.26533333333333,-117.02816666666666,1.1,2.1,,,SCEDC,,A,76,0.16,SCSN
14621316,scedc:14621316,2010-04-06T19:30:20.360000Z,32.622166666666665,-115.7855,5.0,2.0,,,SCEDC,,B,14,0.2,SCSN
10197134,scedc:10197134,2010-04-06T19:32:56.430000Z,32.4985,-115.66166666666666,5.62,2.2,,,SCEDC,,C,12,0.15,SCSN
10197142,scedc:10197142,2010-04-06T19:34:05.200000Z,32.25216666666667,-115.38366666666668,9.99,2.9,,,SCEDC,,C,12,0.21,SCSN
14621364,scedc:14621364,2010-04-06T19:38:55.130000Z,32.701,-115.8655,4.73,2.5,,,SCEDC,,A,46,0.23,SCSN
14621372,scedc:14621372,2010-04-06T19:43:17.460000Z,32.688,-115.80666666666669,4.74,3.2,,,SCEDC,,A,46,0.23,SCSN
10197214,scedc:10197214,2010-04-06T19:58:00.000000Z,32.643166666666666,-115.78866666666669,2.74,2.2,,,SCEDC,,B,16,0.25,SCSN
14621452,scedc:14621452,2010-04-06T20:02:33.660000Z,32.47833333333333,-115.63683333333331,5.8,2.3,,,SCEDC,,C,20,0.2,SCSN
10197290,scedc:10197290,2010-04-06T20:08:19.060000Z,32.5025,-115.60583333333334,6.38,2.3,,,SCEDC,,C,6,0.34,SCSN
14621532,scedc:14621532,2010-04-06T20:22:20.840000Z,32.619,-115.78016666666667,3.71,2.1,,,SCEDC,,B,24,0.21,SCSN
14621540,scedc:14621540,2010-04-06T20:26:03.720000Z,32.674166666666665,-115.81016666666666,4.64,2.0,,,SCEDC,,A,29,0.2,SCSN
14621556,scedc:14621556,2010-04-06T20:29:07.340000Z,32.3195,-115.4305,9.97,2.4,,,SCEDC,,C,8,0.36,SCSN
14621572,scedc:14621572,2010-04-06T20:33:37.680000Z,32.4225,-115.58016666666668,9.99,2.5,,,SCEDC,,C,12,0.13,SCSN
10197390,scedc:10197390,2010-04-06T20:45:52.380000Z,32.49583333333333,-115.6145,5.57,2.2,,,SCEDC,,C,26,0.21,SCSN
14621652,scedc:14621652,2010-04-06T20:46:34.010000Z,32.5545,-115.694,4.12,2.3,,,SCEDC,,B,14,0.19,SCSN
10197430,scedc:10197430,2010-04-06T20:47:19.080000Z,32.715666666666664,-115.89183333333334,10.22,2.0,,,SCEDC,,C,10,0.14,SCSN
14621644,scedc:14621644,2010-04-06T20:48:38.130000Z,32.34616666666667,-115.58166666666666,14.79,2.7,,,SCEDC,,B,19,0.2,SCSN
14621660,scedc:14621660,2010-04-06T20:50:53.250000Z,32.603833333333334,-115.77833333333334,2.31,2.9,,,SCEDC,,A,39,0.2,SCSN
10197450,scedc:10197450,2010-04-06T20:52:30.780000Z,32.555166666666665,-115.75616666666669,0.35,2.1,,,SCEDC,,B,9,0.1,SCSN
14621740,scedc:14621740,2010-04-06T21:10:25.660000Z,32.681666666666665,-115.81816666666668,1.77,2.4,,,SCEDC,,A,21,0.21,SCSN
14621756,scedc:14621756,2010-04-06T21:11:31.430000Z,32.720666666666666,-115.8745,1.23,2.8,,,SCEDC,,A,47,0.2,SCSN
10197670,scedc:10197670,2010-04-06T21:14:52.170000Z,32.66983333333334,-115.78833333333333,11.47,2.4,,,SCEDC,,B,12,0.16,SCSN
10197710,scedc:10197710,2010-04-06T21:23:14.350000Z,32.446,-115.58216666666668,5.57,2.3,,,SCEDC,,C,15,0.25,SCSN
14621828,scedc:14621828,2010-04-06T21:24:59.310000Z,32.600833333333334,-115.77116666666667,2.84,2.8,,,SCEDC,,A,35,0.19,SCSN
10197730,scedc:10197730,2010-04-06T21:25:20.810000Z,32.282666666666664,-115.382,9.96,2.8,,,SCEDC,,C,8,0.2,SCSN
14621916,scedc:14621916,2010-04-06T21:32:55.720000Z,32.62566666666667,-115.77916666666668,5.09,2.2,,,SCEDC,,A,27,0.17,SCSN
14621956,scedc:14621956,2010-04-06T21:35:56.900000Z,32.424166666666665,-115.5145,0.59,2.1,,,SCEDC,,B,14,0.2,SCSN
10197870,scedc:10197870,2010-04-06T21:49:32.720000Z,32.511,-115.71116666666668,2.75,2.1,,,SCEDC,,B,13,0.14,SCSN
14622012,scedc:14622012,2010-04-06T22:03:14.600000Z,32.6045,-115.71716666666669,9.04,2.2,,,SCEDC,,A,27,0.21,SCSN
10197950,scedc:10197950,2010-04-06T22:05:59.560000Z,32.476,-115.67083333333332,5.61,2.3,,,SCEDC,,C,12,0.38,SCSN
14622036,scedc:14622036,2010-04-06T22:09:10.430000Z,32.63316666666667,-115.753,1.04,4.2,,,SCEDC,,A,52,0.23,SCSN
10197970,scedc:10197970,2010-04-06T22:10:56.490000Z,32.6335,-115.742,0.16,2.3,,,SCEDC,,C,6,0.1,SCSN
14622052,scedc:14622052,2010-04-06T22:12:06.710000Z,32.621833333333335,-115.72016666666669,9.68,2.3,,,SCEDC,,B,18,0.2,SCSN
14622076,scedc:14622076,2010-04-06T22:13:49.930000Z,32.645833333333336,-115.74633333333334,3.36,2.0,,,SCEDC,,B,9,0.12,SCSN
14622060,scedc:14622060,2010-04-06T22:14:30.040000Z,32.64783333333333,-115.79783333333332,5.0,2.8,,,SCEDC,,A,40,0.23,SCSN
10198010,scedc:10198010,2010-04-06T22:14:42.010000Z,32.589,-115.74366666666668,1.83,2.5,,,SCEDC,,B,12,0.13,SCSN
14622068,scedc:14622068,2010-04-06T22:15:41.650000Z,32.623,-115.74683333333331,0.06,2.4,,,SCEDC,,C,12,0.21,SCSN
14622084,scedc:14622084,2010-04-06T22:17:22.950000Z,32.64983333333333,-115.74966666666668,0.85,2.2,,,SCEDC,,A,26,0.24,SCSN
14622116,scedc:14622116,2010-04-06T22:30:35.600000Z,32.55533333333333,-115.697,3.25,2.3,,,SCEDC,,A,30,0.22,SCSN
14622124,scedc:14622124,2010-04-06T22:32:36.470000Z,32.717666666666666,-115.921,1.39,2.1,,,SCEDC,,A,21,0.18,SCSN
14622140,scedc:14622140,2010-04-06T22:33:30.770000Z,32.29533333333333,-115.36766666666666,10.0,2.6,,,SCEDC,,C,12,0.21,SCSN
10198110,scedc:10198110,2010-04-06T22:33:58.640000Z,32.3855,-115.5605,9.97,2.1,,,SCEDC,,C,7,0.13,SCSN
10198130,scedc:10198130,2010-04-06T22:39:27.370000Z,32.31,-115.36716666666666,9.96,2.3,,,SCEDC,,C,13,0.39,SCSN
14622156,scedc:14622156,2010-04-06T22:42:15.600000Z,32.61033333333334,-115.77933333333333,4.21,3.0,,,SCEDC,,A,32,0.18,SCSN
10198170,scedc:10198170,2010-04-06T22:50:00.070000Z,32.6145,-115.77566666666668,5.91,2.4,,,SCEDC,,A,34,0.19,SCSN
14622220,scedc:14622220,2010-04-06T22:50:52.340000Z,32.637,-115.7385,4.85,2.1,,,SCEDC,,A,21,0.18,SCSN
14622228,scedc:14622228,2010-04-06T22:54:46.070000Z,32.3685,-115.55916666666668,5.06,2.0,,,SCEDC,,C,11,0.18,SCSN
14622244,scedc:14622244,2010-04-06T22:58:59.810000Z,32.6315,-115.77733333333332,0.86,2.4,,,SCEDC,,A,26,0.24,SCSN
10198230,scedc:10198230,2010-04-06T23:01:48.420000Z,32.61783333333333,-115.78066666666666,4.13,2.0,,,SCEDC,,B,10,0.14,SCSN
30453759,scedc:30453759,2010-04-06T23:02:35.800000Z,32.359833333333334,-115.69183333333334,9.97,2.2,,,SCEDC,,C,7,0.25,SCSN
14622260,scedc:14622260,2010-04-06T23:02:36.990000Z,32.26,-115.27716666666667,17.42,3.1,,,SCEDC,,C,20,0.44,SCSN
14622276,scedc:14622276,2010-04-06T23:09:23.090000Z,32.6785,-115.82433333333331,5.22,2.2,,,SCEDC,,A,30,0.21,SCSN
14622300,scedc:14622300,2010-04-06T23:10:30.970000Z,32.7005,-115.77,3.39,2.2,,,SCEDC,,A,15,0.18,SCSN
14622308,scedc:14622308,2010-04-06T23:11:24.600000Z,32.45,-115.4915,5.96,2.3,,,SCEDC,,C,15,0.31,SCSN
14622332,scedc:14622332,2010-04-06T23:15:48.460000Z,32.606,-115.78466666666668,4.38,2.0,,,SCEDC,,B,12,0.21,SCSN
14622356,scedc:14622356,2010-04-06T23:18:56.980000Z,32.707,-115.868,4.48,2.5,,,SCEDC,,A,36,0.22,SCSN
14622388,scedc:14622388,2010-04-06T23:26:16.960000Z,32.85583333333334,-116.04816666666666,0.57,2.2,,,SCEDC,,A,10,0.18,SCSN
14622420,scedc:14622420,2010-04-06T23:35:51.680000Z,32.35633333333333,-115.29566666666666,9.99,2.0,,,SCEDC,,C,11,0.24,SCSN
14622436,scedc:14622436,2010-04-06T23:39:26.890000Z,32.63633333333333,-115.73966666666666,3.33,2.2,,,SCEDC,,B,25,0.24,SCSN
14622444,scedc:14622444,2010-04-06T23:40:26.520000Z,32.62833333333333,-115.7535,2.58,2.7,,,SCEDC,,B,22,0.2,SCSN
14622460,scedc:14622460,2010-04-06T23:41:19.480000Z,32.289833333333334,-115.42266666666669,9.97,3.9,,,SCEDC,,C,21,0.34,SCSN
10198370,scedc:10198370,2010-04-06T23:43:10.520000Z,32.60766666666667,-115.75333333333332,0.0,2.2,,,SCEDC,,C,7,0.15,SCSN
14622468,scedc:14622468,2010-04-06T23:49:12.180000Z,32.63766666666667,-115.74516666666666,3.71,2.3,,,SCEDC,,A,22,0.22,SCSN
14622476,scedc:14622476,2010-04-06T23:50:45.970000Z,32.618,-115.784,4.71,2.6,,,SCEDC,,A,22,0.13,SCSN
14622484,scedc:14622484,2010-04-06T23:56:28.100000Z,32.269666666666666,-115.34283333333332,5.96,2.3,,,SCEDC,,C,12,0.31,SCSN
14622492,scedc:14622492,2010-04-07T00:00:10.100000Z,32.5195,-115.6155,0.31,2.2,,,SCEDC,,C,16,0.22,SCSN
14622516,scedc:14622516,2010-04-07T00:07:56.040000Z,32.23833333333334,-115.38016666666668,9.99,2.4,,,SCEDC,,C,13,0.26,SCSN
14622532,scedc:14622532,2010-04-07T00:09:13.970000Z,32.71516666666667,-115.86566666666668,0.7,2.5,,,SCEDC,,A,46,0.18,SCSN
10198630,scedc:10198630,2010-04-07T00:14:53.600000Z,32.353,-115.358,9.99,2.1,,,SCEDC,,C,12,0.39,SCSN
14622612,scedc:14622612,2010-04-07T00:30:21.960000Z,32.6695,-115.927,3.42,2.1,,,SCEDC,,A,22,0.2,SCSN
14622636,scedc:14622636,2010-04-07T00:31:29.370000Z,32.26116666666667,-115.35633333333334,9.99,2.5,,,SCEDC,,C,17,0.22,SCSN
14622644,scedc:14622644,2010-04-07T00:35:15.800000Z,32.4065,-115.56716666666668,10.4,2.1,,,SCEDC,,C,13,0.17,SCSN
14622668,scedc:14622668,2010-04-07T00:42:22.610000Z,32.296,-115.31683333333334,9.54,2.5,,,SCEDC,,C,16,0.21,SCSN
14622684,scedc:14622684,2010-04-07T00:45:50.150000Z,32.30466666666667,-115.34183333333333,1.51,2.4,,,SCEDC,,C,14,0.11,SCSN
37009999,scedc:37009999,2010-04-07T00:46:16.480000Z,32.272166666666664,-115.304,9.54,2.4,,,SCEDC,,C,10,0.2,SCSN
14622692,scedc:14622692,2010-04-07T00:50:00.980000Z,32.598166666666664,-115.78166666666668,4.42,2.7,,,SCEDC,,A,46,0.22,SCSN
14622700,scedc:14622700,2010-04-07T00:51:20.220000Z,32.667,-115.83316666666668,7.52,2.8,,,SCEDC,,A,42,0.24,SCSN
14622724,scedc:14622724,2010-04-07T00:55:40.670000Z,32.6995,-115.86816666666668,4.01,2.2,,,SCEDC,,A,20,0.18,SCSN
14622732,scedc:14622732,2010-04-07T00:59:44.840000Z,32.647666666666666,-115.76333333333334,4.77,2.2,,,SCEDC,,B,14,0.17,SCSN
37010103,scedc:37010103,2010-04-07T01:00:10.090000Z,32.64266666666666,-115.786,1.03,2.0,,,SCEDC,,A,13,0.18,SCSN
14622740,scedc:14622740,2010-04-07T01:00:38.120000Z,32.681333333333335,-115.813,4.94,2.2,,,SCEDC,,A,24,0.23,SCSN
14622756,scedc:14622756,2010-04-07T01:06:43.100000Z,32.4315,-115.54966666666668,5.05,2.6,,,SCEDC,,C,20,0.12,SCSN
14622772,scedc:14622772,2010-04-07T01:10:59.110000Z,32.223,-115.30016666666668,9.99,2.8,,,SCEDC,,C,19,0.16,SCSN
14622780,scedc:14622780,2010-04-07T01:12:04.100000Z,32.627833333333335,-115.7735,7.67,2.8,,,SCEDC,,A,49,0.23,SCSN
14622788,scedc:14622788,2010-04-07T01:15:04.960000Z,32.3525,-115.4045,7.46,2.3,,,SCEDC,,C,15,0.16,SCSN
14622796,scedc:14622796,2010-04-07T01:17:12.480000Z,32.265,-115.38933333333334,9.99,2.2,,,SCEDC,,C,16,0.26,SCSN
14622836,scedc:14622836,2010-04-07T01:20:58.190000Z,32.23433333333333,-115.26016666666666,7.0,2.2,,,SCEDC,,C,12,0.24,SCSN
14622804,scedc:14622804,2010-04-07T01:22:17.550000Z,32.5085,-115.68116666666668,1.34,2.1,,,SCEDC,,B,19,0.19,SCSN
14622828,scedc:14622828,2010-04-07T01:23:16.370000Z,32.6715,-115.84,7.19,2.5,,,SCEDC,,A,51,0.25,SCSN
14622852,scedc:14622852,2010-04-07T01:24:49.280000Z,32.6105,-115.77416666666667,4.9,2.6,,,SCEDC,,A,41,0.15,SCSN
14622860,scedc:14622860,2010-04-07T01:26:53.990000Z,32.69133333333333,-115.87033333333332,3.72,2.7,,,SCEDC,,A,53,0.27,SCSN
14622868,scedc:14622868,2010-04-07T01:28:11.160000Z,32.6685,-115.86066666666666,7.51,2.1,,,SCEDC,,A,37,0.41,SCSN
14622876,scedc:14622876,2010-04-07T01:29:00.040000Z,32.252833333333335,-115.31133333333334,9.54,2.7,,,SCEDC,,C,22,0.21,SCSN
37010279,scedc:37010279,2010-04-07T01:29:30.610000Z,32.62166666666667,-115.80066666666669,4.33,2.1,,,SCEDC,,B,9,0.24,SCSN
14622900,scedc:14622900,2010-04-07T01:37:03.670000Z,32.651833333333336,-115.74133333333332,5.03,2.3,,,SCEDC,,A,27,0.2,SCSN
14622908,scedc:14622908,2010-04-07T01:38:15.690000Z,32.68083333333333,-115.7815,4.16,2.8,,,SCEDC,,A,44,0.19,SCSN
14622916,scedc:14622916,2010-04-07T01:40:56.020000Z,34.56733333333333,-116.47366666666667,2.03,2.1,,,SCEDC,,A,83,0.14,SCSN
14622948,scedc:14622948,2010-04-07T01:48:14.140000Z,32.608333333333334,-115.7695,4.73,2.1,,,SCEDC,,A,35,0.24,SCSN
37010407,scedc:37010407,2010-04-07T01:49:12.150000Z,32.630833333333335,-115.73966666666666,12.92,2.0,,,SCEDC,,C,10,0.21,SCSN
14622988,scedc:14622988,2010-04-07T01:56:40.640000Z,32.638,-115.71483333333332,3.54,2.0,,,SCEDC,,A,21,0.2,SCSN
37010415,scedc:37010415,2010-04-07T01:56:45.720000Z,32.345,-115.43283333333332,10.0,2.3,,,SCEDC,,C,14,0.31,SCSN
14623012,scedc:14623012,2010-04-07T01:59:56.640000Z,32.60183333333333,-115.76983333333334,5.09,2.6,,,SCEDC,,A,43,0.25,SCSN
14623028,scedc:14623028,2010-04-07T02:02:13.230000Z,32.6335,-115.74333333333334,3.68,2.1,,,SCEDC,,A,28,0.21,SCSN
14623036,scedc:14623036,2010-04-07T02:03:12.740000Z,32.302166666666665,-115.33266666666668,9.95,2.2,,,SCEDC,,C,12,0.19,SCSN
14623068,scedc:14623068,2010-04-07T02:14:14.550000Z,32.618833333333335,-115.729,3.54,2.1,,,SCEDC,,A,31,0.23,SCSN
14623108,scedc:14623108,2010-04-07T02:30:46.980000Z,32.60616666666667,-115.77,4.46,3.1,,,SCEDC,,A,47,0.21,SCSN
37010527,scedc:37010527,2010-04-07T02:31:34.910000Z,32.577333333333335,-115.75433333333334,5.46,2.3,,,SCEDC,,C,8,0.13,SCSN
14623124,scedc:14623124,2010-04-07T02:35:19.010000Z,32.215333333333334,-115.37066666666666,9.99,2.2,,,SCEDC,,C,10,0.26,SCSN
14623156,scedc:14623156,2010-04-07T02:42:19.830000Z,32.274,-115.34283333333332,1.65,2.5,,,SCEDC,,C,16,0.14,SCSN
14623172,scedc:14623172,2010-04-07T02:47:16.250000Z,32.64483333333333,-115.71716666666669,9.65,2.9,,,SCEDC,,A,34,0.17,SCSN
30549759,scedc:30549759,2010-04-07T02:47:30.770000Z,32.63333333333333,-115.73166666666668,4.21,2.5,,,SCEDC,,A,14,0.17,SCSN
14623204,scedc:14623204,2010-04-07T02:57:21.910000Z,32.3025,-115.3585,9.99,2.3,,,SCEDC,,C,13,0.19,SCSN
14623220,scedc:14623220,2010-04-07T02:58:46.740000Z,32.60516666666667,-115.59516666666669,8.56,2.4,,,SCEDC,,B,31,0.25,SCSN
14623236,scedc:14623236,2010-04-07T03:01:29.100000Z,32.63433333333333,-115.73733333333334,2.42,2.4,,,SCEDC,,A,33,0.15,SCSN
14623244,scedc:14623244,2010-04-07T03:05:38.240000Z,32.32416666666666,-115.41916666666668,9.97,2.3,,,SCEDC,,C,21,0.23,SCSN
14623260,scedc:14623260,2010-04-07T03:08:51.370000Z,32.67316666666667,-115.793,8.38,2.2,,,SCEDC,,A,42,0.16,SCSN
14623284,scedc:14623284,2010-04-07T03:15:13.090000Z,32.70916666666667,-115.90516666666667,5.99,2.0,,,SCEDC,,A,42,0.21,SCSN
14623300,scedc:14623300,2010-04-07T03:22:40.110000Z,32.406166666666664,-115.571,1.05,2.2,,,SCEDC,,A,28,0.2,SCSN
14623332,scedc:14623332,2010-04-07T03:27:10.560000Z,32.618,-115.80483333333332,0.02,2.0,,,SCEDC,,C,21,0.2,SCSN
10198890,scedc:10198890,2010-04-07T03:27:30.480000Z,32.38016666666667,-115.55616666666668,7.0,2.0,,,SCEDC,,C,8,0.07,SCSN
14623396,scedc:14623396,2010-04-07T03:37:47.030000Z,32.63316666666667,-115.74733333333332,4.72,3.6,,,SCEDC,,A,40,0.2,SCSN
14623428,scedc:14623428,2010-04-07T03:46:09.110000Z,32.3375,-115.57383333333334,6.57,2.5,,,SCEDC,,C,21,0.24,SCSN
14623436,scedc:14623436,2010-04-07T03:47:21.320000Z,32.663,-115.80133333333332,7.93,2.9,,,SCEDC,,A,52,0.25,SCSN
14623444,scedc:14623444,2010-04-07T03:50:34.450000Z,32.62,-115.809,0.82,2.0,,,SCEDC,,A,24,0.22,SCSN
14623452,scedc:14623452,2010-04-07T03:52:59.600000Z,32.603833333333334,-115.76133333333334,5.18,2.3,,,SCEDC,,A,33,0.25,SCSN
14623476,scedc:14623476,2010-04-07T03:58:04.280000Z,32.63766666666667,-115.76666666666668,5.04,2.1,,,SCEDC,,A,25,0.15,SCSN
14623492,scedc:14623492,2010-04-07T03:59:27.070000Z,32.628,-115.79433333333331,4.14,2.0,,,SCEDC,,B,12,0.19,SCSN
14623516,scedc:14623516,2010-04-07T04:05:07.960000Z,32.71966666666667,-115.90933333333334,2.24,2.0,,,SCEDC,,A,40,0.25,SCSN
14623540,scedc:14623540,2010-04-07T04:10:43.670000Z,32.625,-115.777,2.8,2.1,,,SCEDC,,A,34,0.22,SCSN
14623548,scedc:14623548,2010-04-07T04:15:47.040000Z,32.6825,-115.82333333333334,5.01,2.1,,,SCEDC,,A,32,0.18,SCSN
14623564,scedc:14623564,2010-04-07T04:17:50.830000Z,32.60066666666667,-115.74966666666668,5.07,2.1,,,SCEDC,,B,16,0.17,SCSN
14623572,scedc:14623572,2010-04-07T04:18:34.310000Z,32.72266666666667,-115.88166666666666,3.38,3.0,,,SCEDC,,A,62,0.18,SCSN
10199282,scedc:10199282,2010-04-07T04:19:04.770000Z,32.315,-115.35766666666666,6.95,2.7,,,SCEDC,,C,8,0.24,SCSN
14623580,scedc:14623580,2010-04-07T04:21:11.770000Z,32.347166666666666,-115.5585,0.37,2.2,,,SCEDC,,A,16,0.2,SCSN
14623596,scedc:14623596,2010-04-07T04:35:15.820000Z,32.65983333333333,-115.7725,10.41,2.3,,,SCEDC,,A,33,0.25,SCSN
14623612,scedc:14623612,2010-04-07T04:40:30.140000Z,32.661,-115.80183333333332,5.01,2.2,,,SCEDC,,A,39,0.24,SCSN
14623628,scedc:14623628,2010-04-07T04:48:23.550000Z,32.635666666666665,-115.7775,9.87,2.3,,,SCEDC,,A,44,0.16,SCSN
14623748,scedc:14623748,2010-04-07T05:14:40.350000Z,32.61066666666667,-115.74733333333332,4.31,2.2,,,SCEDC,,A,42,0.21,SCSN
14623756,scedc:14623756,2010-04-07T05:16:12.020000Z,32.655833333333334,-115.81866666666669,9.57,2.5,,,SCEDC,,A,48,0.28,SCSN
14623772,scedc:14623772,2010-04-07T05:20:19.070000Z,32.342333333333336,-115.40766666666669,15.0,2.5,,,SCEDC,,C,19,0.12,SCSN
14623796,scedc:14623796,2010-04-07T05:21:13.070000Z,32.67283333333334,-115.827,4.09,2.6,,,SCEDC,,A,38,0.23,SCSN
14623804,scedc:14623804,2010-04-07T05:21:25.940000Z,32.7335,-115.9045,1.95,4.3,,,SCEDC,,A,65,0.22,SCSN
30461759,scedc:30461759,2010-04-07T05:21:41.570000Z,32.711666666666666,-115.89233333333334,7.26,4.3,,,SCEDC,,A,22,0.21,SCSN
30469759,scedc:30469759,2010-04-07T05:23:39.970000Z,32.721333333333334,-115.8955,6.04,2.7,,,SCEDC,,A,33,0.27,SCSN
14623812,scedc:14623812,2010-04-07T05:25:32.000000Z,32.7185,-115.91183333333332,1.95,3.8,,,SCEDC,,A,79,0.25,SCSN
10199650,scedc:10199650,2010-04-07T05:27:08.510000Z,32.573166666666665,-115.75083333333332,4.57,2.6,,,SCEDC,,B,15,0.21,SCSN
14623828,scedc:14623828,2010-04-07T05:27:36.790000Z,32.719833333333334,-115.90166666666669,0.22,2.0,,,SCEDC,,A,40,0.21,SCSN
14623820,scedc:14623820,2010-04-07T05:27:41.380000Z,32.7315,-115.913,1.69,3.6,,,SCEDC,,A,49,0.22,SCSN
14623836,scedc:14623836,2010-04-07T05:29:42.750000Z,32.716166666666666,-115.90033333333334,4.14,2.0,,,SCEDC,,A,16,0.18,SCSN
30701759,scedc:30701759,2010-04-07T05:29:56.150000Z,32.72,-115.9075,2.79,2.5,,,SCEDC,,A,28,0.25,SCSN
14623876,scedc:14623876,2010-04-07T05:37:02.160000Z,32.573166666666665,-115.6175,8.25,2.1,,,SCEDC,,A,18,0.14,SCSN
14623868,scedc:14623868,2010-04-07T05:39:07.650000Z,32.73433333333333,-115.908,2.27,3.1,,,SCEDC,,A,73,0.25,SCSN
14623900,scedc:14623900,2010-04-07T05:41:16.350000Z,32.714,-115.90166666666669,4.17,2.3,,,SCEDC,,A,30,0.21,SCSN
10199810,scedc:10199810,2010-04-07T05:46:06.610000Z,32.41433333333333,-115.6645,6.25,2.2,,,SCEDC,,C,7,0.11,SCSN
14623924,scedc:14623924,2010-04-07T05:46:10.430000Z,32.7035,-115.85366666666668,6.24,2.1,,,SCEDC,,A,32,0.18,SCSN
10199850,scedc:10199850,2010-04-07T05:47:07.420000Z,32.33583333333333,-115.40983333333334,10.0,2.5,,,SCEDC,,C,10,0.23,SCSN
14623932,scedc:14623932,2010-04-07T05:48:23.660000Z,32.71033333333333,-115.88883333333334,6.08,3.4,,,SCEDC,,A,44,0.21,SCSN
10199894,scedc:10199894,2010-04-07T05:49:49.120000Z,32.724666666666664,-115.89833333333333,3.72,2.1,,,SCEDC,,A,11,0.16,SCSN
14623972,scedc:14623972,2010-04-07T05:53:19.720000Z,32.62616666666667,-115.75816666666668,4.91,2.1,,,SCEDC,,C,12,0.09,SCSN
14623956,scedc:14623956,2010-04-07T05:54:40.030000Z,32.72933333333334,-115.89833333333333,0.16,2.4,,,SCEDC,,A,40,0.27,SCSN
14623964,scedc:14623964,2010-04-07T05:55:21.430000Z,32.716,-115.90883333333332,2.31,2.2,,,SCEDC,,A,41,0.24,SCSN
14623980,scedc:14623980,2010-04-07T05:56:29.830000Z,32.654833333333336,-115.849,10.18,2.6,,,SCEDC,,A,48,0.24,SCSN
14623996,scedc:14623996,2010-04-07T06:01:45.140000Z,32.62466666666667,-115.73666666666666,8.28,2.7,,,SCEDC,,A,40,0.23,SCSN
14624012,scedc:14624012,2010-04-07T06:04:32.440000Z,32.38166666666667,-115.56083333333332,14.87,3.7,,,SCEDC,,B,39,0.25,SCSN
10200014,scedc:10200014,2010-04-07T06:05:49.290000Z,32.711,-115.90033333333334,8.85,2.0,,,SCEDC,,B,8,0.15,SCSN
10200010,scedc:10200010,2010-04-07T06:05:56.930000Z,32.614333333333335,-115.7365,7.64,2.3,,,SCEDC,,A,15,0.11,SCSN
10200018,scedc:10200018,2010-04-07T06:06:15.490000Z,32.43333333333333,-115.64716666666666,9.96,2.5,,,SCEDC,,C,11,0.3,SCSN
10200022,scedc:10200022,2010-04-07T06:06:32.270000Z,32.46183333333333,-115.65033333333334,2.79,2.5,,,SCEDC,,B,10,0.2,SCSN
14624036,scedc:14624036,2010-04-07T06:07:43.240000Z,32.674,-115.80033333333331,2.61,2.5,,,SCEDC,,A,15,0.14,SCSN
14624028,scedc:14624028,2010-04-07T06:10:22.930000Z,32.714333333333336,-115.86183333333334,2.94,3.1,,,SCEDC,,A,69,0.19,SCSN
10200050,scedc:10200050,2010-04-07T06:11:31.730000Z,32.6745,-115.8235,4.64,2.0,,,SCEDC,,A,18,0.19,SCSN
14624076,scedc:14624076,2010-04-07T06:15:27.060000Z,32.59916666666667,-115.72316666666669,4.16,2.3,,,SCEDC,,A,38,0.18,SCSN
10200134,scedc:10200134,2010-04-07T06:15:48.000000Z,32.35,-115.58133333333332,9.96,2.3,,,SCEDC,,C,11,0.2,SCSN
14624084,scedc:14624084,2010-04-07T06:16:21.670000Z,32.67366666666667,-115.8575,8.67,2.0,,,SCEDC,,A,15,0.21,SCSN
14624092,scedc:14624092,2010-04-07T06:18:30.560000Z,32.47966666666667,-115.57983333333334,0.91,2.1,,,SCEDC,,B,13,0.11,SCSN
14624108,scedc:14624108,2010-04-07T06:21:05.270000Z,32.722166666666666,-115.8355,6.46,2.0,,,SCEDC,,A,16,0.25,SCSN
14624124,scedc:14624124,2010-04-07T06:23:35.970000Z,32.68933333333333,-115.79866666666666,4.95,2.0,,,SCEDC,,A,33,0.2,SCSN
14624132,scedc:14624132,2010-04-07T06:24:08.740000Z,32.72533333333333,-115.90366666666668,1.48,2.3,,,SCEDC,,A,34,0.23,SCSN
14624140,scedc:14624140,2010-04-07T06:24:56.090000Z,32.7165,-115.89533333333333,2.87,2.9,,,SCEDC,,A,52,0.17,SCSN
14624156,scedc:14624156,2010-04-07T06:30:35.170000Z,32.42483333333333,-115.54983333333334,12.36,3.2,,,SCEDC,,B,43,0.19,SCSN
14624172,scedc:14624172,2010-04-07T06:35:37.290000Z,32.61683333333333,-115.76333333333334,9.25,2.1,,,SCEDC,,A,26,0.12,SCSN
14624228,scedc:14624228,2010-04-07T06:42:26.970000Z,32.719166666666666,-115.90766666666669,2.19,2.2,,,SCEDC,,A,43,0.24,SCSN
14624244,scedc:14624244,2010-04-07T06:45:21.430000Z,32.2475,-115.29066666666668,9.99,2.0,,,SCEDC,,C,13,0.08,SCSN
14624268,scedc:14624268,2010-04-07T06:52:17.220000Z,32.410333333333334,-115.5475,8.26,2.5,,,SCEDC,,B,20,0.15,SCSN
10200390,scedc:10200390,2010-04-07T07:01:49.310000Z,32.278,-115.349,9.99,2.3,,,SCEDC,,C,13,0.2,SCSN
14624308,scedc:14624308,2010-04-07T07:13:20.490000Z,32.5425,-115.648,12.05,2.1,,,SCEDC,,A,26,0.11,SCSN
10200470,scedc:10200470,2010-04-07T07:16:46.230000Z,32.67316666666667,-115.77133333333332,9.54,2.0,,,SCEDC,,A,11,0.07,SCSN
14624324,scedc:14624324,2010-04-07T07:18:12.490000Z,32.68416666666667,-115.8125,6.98,2.0,,,SCEDC,,A,30,0.22,SCSN
14624356,scedc:14624356,2010-04-07T07:26:01.350000Z,32.6385,-115.7405,3.61,2.3,,,SCEDC,,A,36,0.2,SCSN
14624388,scedc:14624388,2010-04-07T07:33:11.560000Z,32.632666666666665,-115.73816666666669,2.1,2.1,,,SCEDC,,A,16,0.19,SCSN
14624396,scedc:14624396,2010-04-07T07:33:57.190000Z,32.73566666666667,-115.904,1.0,3.3,,,SCEDC,,A,63,0.22,SCSN
10200790,scedc:10200790,2010-04-07T07:34:44.740000Z,32.607,-115.76616666666666,8.79,2.2,,,SCEDC,,B,10,0.14,SCSN
10200786,scedc:10200786,2010-04-07T07:35:00.310000Z,32.714166666666664,-115.8495,4.37,2.1,,,SCEDC,,A,12,0.16,SCSN
14624436,scedc:14624436,2010-04-07T07:39:57.430000Z,32.71666666666667,-115.895,4.14,2.0,,,SCEDC,,A,18,0.13,SCSN
14624412,scedc:14624412,2010-04-07T07:41:09.950000Z,32.715,-115.90766666666669,2.05,2.1,,,SCEDC,,A,37,0.26,SCSN
14624428,scedc:14624428,2010-04-07T07:42:22.110000Z,32.63883333333333,-115.74283333333334,3.93,3.4,,,SCEDC,,A,51,0.19,SCSN
14624444,scedc:14624444,2010-04-07T07:43:58.280000Z,32.632333333333335,-115.7745,3.76,2.4,,,SCEDC,,A,38,0.19,SCSN
14624460,scedc:14624460,2010-04-07T07:47:11.220000Z,32.73083333333334,-115.88566666666668,3.44,2.0,,,SCEDC,,A,39,0.14,SCSN
14624476,scedc:14624476,2010-04-07T07:50:25.710000Z,32.647333333333336,-115.78983333333332,4.51,2.4,,,SCEDC,,A,23,0.16,SCSN
14624484,scedc:14624484,2010-04-07T07:54:22.940000Z,32.625,-115.78566666666669,3.15,3.3,,,SCEDC,,A,55,0.23,SCSN
10200930,scedc:10200930,2010-04-07T07:55:36.860000Z,32.634166666666665,-115.76733333333334,3.66,2.1,,,SCEDC,,A,18,0.11,SCSN
14624492,scedc:14624492,2010-04-07T07:59:50.350000Z,32.28616666666667,-115.3315,9.99,2.9,,,SCEDC,,C,22,0.16,SCSN
14624500,scedc:14624500,2010-04-07T08:01:39.370000Z,32.67633333333333,-115.7945,5.75,3.0,,,SCEDC,,A,46,0.17,SCSN
14624508,scedc:14624508,2010-04-07T08:04:23.900000Z,32.465833333333336,-115.56783333333334,5.05,2.0,,,SCEDC,,C,18,0.13,SCSN
14624516,scedc:14624516,2010-04-07T08:09:23.830000Z,32.6725,-115.83866666666668,6.45,2.4,,,SCEDC,,A,45,0.22,SCSN
14624532,scedc:14624532,2010-04-07T08:18:00.800000Z,32.678666666666665,-115.79266666666666,2.33,2.1,,,SCEDC,,A,15,0.25,SCSN
14624556,scedc:14624556,2010-04-07T08:21:00.870000Z,32.651,-115.76766666666668,3.06,2.7,,,SCEDC,,A,30,0.22,SCSN
14624580,scedc:14624580,2010-04-07T08:25:31.020000Z,32.7105,-115.90083333333334,3.87,2.0,,,SCEDC,,A,38,0.21,SCSN
14624596,scedc:14624596,2010-04-07T08:29:24.150000Z,32.561,-115.70066666666666,8.75,2.4,,,SCEDC,,A,31,0.19,SCSN
14624604,scedc:14624604,2010-04-07T08:29:53.640000Z,32.662166666666664,-115.7995,6.59,2.3,,,SCEDC,,B,34,0.26,SCSN
14624620,scedc:14624620,2010-04-07T08:32:40.640000Z,32.708333333333336,-115.903,4.0,2.2,,,SCEDC,,A,37,0.2,SCSN
14624628,scedc:14624628,2010-04-07T08:35:10.820000Z,32.34866666666667,-115.4195,4.31,2.3,,,SCEDC,,C,24,0.19,SCSN
14624644,scedc:14624644,2010-04-07T08:36:04.580000Z,32.7365,-115.88666666666668,3.14,2.0,,,SCEDC,,A,25,0.19,SCSN
10201130,scedc:10201130,2010-04-07T08:42:42.290000Z,32.67466666666667,-115.8145,2.25,2.3,,,SCEDC,,A,18,0.25,SCSN
14624780,scedc:14624780,2010-04-07T09:11:11.130000Z,32.635,-115.74916666666668,0.22,2.1,,,SCEDC,,A,23,0.2,SCSN
10201314,scedc:10201314,2010-04-07T09:14:17.100000Z,32.7175,-116.0155,10.07,2.0,,,SCEDC,,A,19,0.15,SCSN
14624812,scedc:14624812,2010-04-07T09:16:01.030000Z,32.61833333333333,-115.787,3.59,2.2,,,SCEDC,,A,34,0.21,SCSN
14624828,scedc:14624828,2010-04-07T09:18:12.510000Z,32.42216666666667,-115.53083333333332,13.89,2.4,,,SCEDC,,B,24,0.13,SCSN
10201370,scedc:10201370,2010-04-07T09:21:47.640000Z,32.27066666666666,-115.44466666666666,9.96,2.5,,,SCEDC,,C,22,0.29,SCSN
14624868,scedc:14624868,2010-04-07T09:25:51.760000Z,32.73266666666667,-115.902,2.53,3.6,,,SCEDC,,A,70,0.24,SCSN
10202374,scedc:10202374,2010-04-07T09:27:31.330000Z,32.66283333333333,-115.798,5.07,2.0,,,SCEDC,,A,14,0.18,SCSN
14624948,scedc:14624948,2010-04-07T09:27:35.890000Z,32.737,-115.885,3.4,3.8,,,SCEDC,,A,34,0.17,SCSN
10201490,scedc:10201490,2010-04-07T09:30:43.360000Z,32.64216666666667,-115.7555,2.88,2.2,,,SCEDC,,A,15,0.2,SCSN
14624964,scedc:14624964,2010-04-07T09:30:54.370000Z,32.733666666666664,-115.88933333333334,4.62,2.0,,,SCEDC,,A,25,0.18,SCSN
14624988,scedc:14624988,2010-04-07T09:37:41.540000Z,32.70516666666666,-115.90216666666667,9.52,2.0,,,SCEDC,,A,37,0.13,SCSN
14625020,scedc:14625020,2010-04-07T09:48:13.840000Z,32.65983333333333,-115.83783333333334,8.77,2.0,,,SCEDC,,A,43,0.25,SCSN
14625052,scedc:14625052,2010-04-07T09:52:04.800000Z,32.2845,-115.3135,9.99,3.0,,,SCEDC,,C,16,0.2,SCSN
37228773,scedc:37228773,2010-04-07T09:52:38.430000Z,32.27333333333333,-115.33316666666668,9.96,2.7,,,SCEDC,,C,7,0.19,SCSN
14625060,scedc:14625060,2010-04-07T09:57:00.110000Z,32.56783333333333,-115.6955,7.01,2.3,,,SCEDC,,A,34,0.13,SCSN
14625100,scedc:14625100,2010-04-07T10:04:09.550000Z,32.6175,-115.78866666666669,4.0,3.0,,,SCEDC,,A,52,0.22,SCSN
14625124,scedc:14625124,2010-04-07T10:06:54.100000Z,32.64816666666667,-115.71916666666668,8.82,2.3,,,SCEDC,,A,29,0.16,SCSN
10201690,scedc:10201690,2010-04-07T10:12:57.070000Z,32.7135,-115.90666666666668,4.02,2.4,,,SCEDC,,A,19,0.2,SCSN
14625188,scedc:14625188,2010-04-07T10:18:54.500000Z,32.71383333333333,-115.8995,4.32,2.0,,,SCEDC,,A,22,0.18,SCSN
14625204,scedc:14625204,2010-04-07T10:20:53.870000Z,32.86233333333333,-115.99166666666666,6.75,2.1,,,SCEDC,,A,73,0.25,SCSN
14625212,scedc:14625212,2010-04-07T10:25:11.170000Z,32.483666666666664,-115.63133333333332,7.64,2.4,,,SCEDC,,A,31,0.15,SCSN
14625284,scedc:14625284,2010-04-07T10:43:33.620000Z,32.65416666666667,-115.788,8.22,2.6,,,SCEDC,,A,38,0.15,SCSN
14625300,scedc:14625300,2010-04-07T10:47:05.270000Z,32.717,-115.91566666666668,1.48,2.7,,,SCEDC,,A,50,0.26,SCSN
14625316,scedc:14625316,2010-04-07T10:50:05.890000Z,32.6765,-115.82683333333334,4.73,2.1,,,SCEDC,,A,22,0.22,SCSN
10201994,scedc:10201994,2010-04-07T10:51:52.880000Z,32.246833333333335,-115.282,10.58,2.6,,,SCEDC,,C,17,0.22,SCSN
14625332,scedc:14625332,2010-04-07T10:52:24.020000Z,32.63366666666667,-115.77116666666667,3.79,2.4,,,SCEDC,,A,26,0.21,SCSN
14625364,scedc:14625364,2010-04-07T10:55:26.210000Z,32.6385,-115.76516666666669,4.05,2.5,,,SCEDC,,A,26,0.12,SCSN
14625372,scedc:14625372,2010-04-07T10:58:57.940000Z,32.647666666666666,-115.742,6.06,2.6,,,SCEDC,,A,39,0.2,SCSN
14625404,scedc:14625404,2010-04-07T11:00:40.400000Z,32.625,-115.799,3.17,3.4,,,SCEDC,,A,49,0.25,SCSN
30477759,scedc:30477759,2010-04-07T11:01:40.830000Z,32.6285,-115.78683333333332,2.64,2.7,,,SCEDC,,A,36,0.21,SCSN
14625420,scedc:14625420,2010-04-07T11:04:13.670000Z,32.29533333333333,-115.41933333333331,10.0,3.9,,,SCEDC,,C,31,0.19,SCSN
10202070,scedc:10202070,2010-04-07T11:05:58.050000Z,32.25966666666667,-115.464,9.96,2.6,,,SCEDC,,C,10,0.3,SCSN
37228789,scedc:37228789,2010-04-07T11:07:21.690000Z,32.419666666666664,-115.54266666666666,0.1,2.0,,,SCEDC,,C,14,0.09,SCSN
14625436,scedc:14625436,2010-04-07T11:11:45.290000Z,32.49066666666667,-115.65016666666666,0.56,2.0,,,SCEDC,,A,23,0.16,SCSN
14625468,scedc:14625468,2010-04-07T11:23:34.370000Z,32.643,-115.742,3.86,2.4,,,SCEDC,,A,36,0.21,SCSN
37228605,scedc:37228605,2010-04-07T11:31:15.020000Z,32.660666666666664,-115.76266666666666,8.38,2.0,,,SCEDC,,A,11,0.07,SCSN
14625540,scedc:14625540,2010-04-07T11:35:38.150000Z,32.593333333333334,-115.74283333333334,6.06,2.2,,,SCEDC,,A,31,0.17,SCSN
14625580,scedc:14625580,2010-04-07T11:43:54.970000Z,32.70916666666667,-115.88933333333334,5.07,2.0,,,SCEDC,,A,27,0.14,SCSN
14625588,scedc:14625588,2010-04-07T11:44:56.160000Z,32.2525,-115.38783333333332,10.0,2.4,,,SCEDC,,C,21,0.26,SCSN
14625596,scedc:14625596,2010-04-07T11:46:12.740000Z,32.42966666666667,-115.54583333333332,7.82,2.1,,,SCEDC,,A,22,0.13,SCSN
14625628,scedc:14625628,2010-04-07T11:49:07.920000Z,32.7215,-115.9125,1.57,3.2,,,SCEDC,,A,69,0.24,SCSN
14625636,scedc:14625636,2010-04-07T11:51:55.870000Z,32.414833333333334,-115.54166666666669,7.32,2.5,,,SCEDC,,C,20,0.17,SCSN
14625668,scedc:14625668,2010-04-07T11:55:38.020000Z,32.26133333333333,-115.40766666666669,10.0,2.4,,,SCEDC,,C,13,0.21,SCSN
14625660,scedc:14625660,2010-04-07T11:57:54.970000Z,32.2745,-115.33466666666666,9.99,2.9,,,SCEDC,,C,30,0.15,SCSN
14625676,scedc:14625676,2010-04-07T12:03:28.400000Z,32.397,-115.50966666666666,9.77,2.3,,,SCEDC,,A,17,0.15,SCSN
10202510,scedc:10202510,2010-04-07T12:06:51.630000Z,32.311,-115.28316666666667,9.95,2.7,,,SCEDC,,C,12,0.25,SCSN
14625692,scedc:14625692,2010-04-07T12:06:53.580000Z,32.612833333333334,-115.77766666666666,4.57,2.2,,,SCEDC,,A,35,0.18,SCSN
14625700,scedc:14625700,2010-04-07T12:08:18.630000Z,32.27316666666667,-115.3635,9.99,3.2,,,SCEDC,,C,14,0.12,SCSN
14625716,scedc:14625716,2010-04-07T12:09:32.630000Z,32.659,-115.80033333333331,4.14,2.7,,,SCEDC,,A,44,0.23,SCSN
14625724,scedc:14625724,2010-04-07T12:12:13.750000Z,32.64783333333333,-115.75633333333332,3.48,2.1,,,SCEDC,,A,14,0.23,SCSN
14625732,scedc:14625732,2010-04-07T12:15:47.080000Z,32.26316666666666,-115.33316666666668,9.99,3.4,,,SCEDC,,C,26,0.14,SCSN
14625740,scedc:14625740,2010-04-07T12:17:59.500000Z,32.647166666666664,-115.77583333333334,8.77,2.2,,,SCEDC,,A,24,0.09,SCSN
14625748,scedc:14625748,2010-04-07T12:18:38.150000Z,32.275,-115.34633333333332,9.99,3.1,,,SCEDC,,C,19,0.14,SCSN
14625756,scedc:14625756,2010-04-07T12:22:56.890000Z,32.66016666666667,-115.79883333333332,3.68,2.0,,,SCEDC,,A,27,0.25,SCSN
14625764,scedc:14625764,2010-04-07T12:23:17.220000Z,32.29,-115.3275,6.75,2.5,,,SCEDC,,C,15,0.06,SCSN
14625772,scedc:14625772,2010-04-07T12:24:00.460000Z,32.672666666666665,-115.77716666666667,6.16,2.2,,,SCEDC,,A,29,0.14,SCSN
10202590,scedc:10202590,2010-04-07T12:24:20.920000Z,32.71333333333333,-115.90616666666666,2.51,2.3,,,SCEDC,,A,20,0.21,SCSN
14625780,scedc:14625780,2010-04-07T12:25:02.260000Z,32.718666666666664,-115.89416666666666,3.05,2.2,,,SCEDC,,A,24,0.12,SCSN
14625804,scedc:14625804,2010-04-07T12:30:45.810000Z,32.69766666666666,-116.03666666666666,7.87,2.2,,,SCEDC,,A,37,0.2,SCSN
14625812,scedc:14625812,2010-04-07T12:33:07.430000Z,32.66416666666667,-115.9105,4.31,2.2,,,SCEDC,,A,31,0.15,SCSN
10202630,scedc:10202630,2010-04-07T12:33:17.190000Z,32.62266666666667,-115.78233333333333,6.73,2.3,,,SCEDC,,A,18,0.14,SCSN
14625828,scedc:14625828,2010-04-07T12:34:38.380000Z,32.60666666666667,-115.77783333333332,4.62,3.2,,,SCEDC,,A,45,0.2,SCSN
14625836,scedc:14625836,2010-04-07T12:41:40.610000Z,32.62,-115.7835,3.4,2.5,,,SCEDC,,A,26,0.19,SCSN
14625852,scedc:14625852,2010-04-07T12:43:03.040000Z,32.25266666666667,-115.33866666666668,9.99,3.7,,,SCEDC,,C,21,0.15,SCSN
14625868,scedc:14625868,2010-04-07T12:47:31.590000Z,32.66316666666667,-115.79616666666666,7.57,3.3,,,SCEDC,,A,43,0.24,SCSN
14625884,scedc:14625884,2010-04-07T12:49:56.140000Z,32.6645,-115.80433333333332,3.14,3.2,,,SCEDC,,A,35,0.25,SCSN
14625892,scedc:14625892,2010-04-07T12:54:23.620000Z,32.6565,-115.77633333333333,4.34,2.3,,,SCEDC,,A,26,0.19,SCSN
37228893,scedc:37228893,2010-04-07T12:55:56.760000Z,32.525,-115.6485,1.2,2.0,,,SCEDC,,B,11,0.14,SCSN
14625908,scedc:14625908,2010-04-07T13:01:36.920000Z,32.599666666666664,-115.74816666666666,2.17,2.6,,,SCEDC,,A,29,0.17,SCSN
14625916,scedc:14625916,2010-04-07T13:04:11.840000Z,32.3035,-115.3325,7.74,2.7,,,SCEDC,,B,21,0.11,SCSN
14625924,scedc:14625924,2010-04-07T13:05:57.770000Z,32.58116666666667,-115.726,6.22,2.2,,,SCEDC,,A,36,0.17,SCSN
14625988,scedc:14625988,2010-04-07T13:20:49.510000Z,32.663333333333334,-115.65766666666669,8.85,2.3,,,SCEDC,,A,22,0.09,SCSN
14625996,scedc:14625996,2010-04-07T13:23:02.170000Z,32.717166666666664,-115.89533333333333,2.85,2.5,,,SCEDC,,A,29,0.19,SCSN
14626004,scedc:14626004,2010-04-07T13:24:04.240000Z,32.6265,-115.7365,4.38,2.1,,,SCEDC,,A,22,0.14,SCSN
10202938,scedc:10202938,2010-04-07T13:27:59.850000Z,32.93116666666667,-115.874,5.11,2.0,,,SCEDC,,A,11,0.18,SCSN
14626036,scedc:14626036,2010-04-07T13:29:36.120000Z,32.60583333333334,-115.76,2.94,2.3,,,SCEDC,,A,37,0.22,SCSN
14626044,scedc:14626044,2010-04-07T13:31:57.800000Z,32.49166666666667,-115.59683333333334,8.76,2.9,,,SCEDC,,B,33,0.18,SCSN
14626068,scedc:14626068,2010-04-07T13:36:41.020000Z,32.6225,-115.78066666666666,4.66,2.2,,,SCEDC,,A,36,0.22,SCSN
14626092,scedc:14626092,2010-04-07T13:44:25.790000Z,32.23383333333334,-115.28683333333332,9.99,3.2,,,SCEDC,,C,19,0.16,SCSN
14626108,scedc:14626108,2010-04-07T13:51:29.120000Z,32.68216666666667,-115.8085,5.08,2.9,,,SCEDC,,C,46,0.17,SCSN
14626116,scedc:14626116,2010-04-07T13:55:13.330000Z,32.30616666666667,-115.33766666666666,7.63,2.4,,,SCEDC,,C,19,0.13,SCSN
14626140,scedc:14626140,2010-04-07T13:57:28.700000Z,32.71183333333333,-115.731,8.12,2.0,,,SCEDC,,A,21,0.11,SCSN
14626148,scedc:14626148,2010-04-07T13:59:17.300000Z,32.65383333333333,-115.78466666666668,5.2,2.2,,,SCEDC,,A,34,0.2,SCSN
10203130,scedc:10203130,2010-04-07T14:04:32.980000Z,32.279333333333334,-115.33666666666667,9.99,2.0,,,SCEDC,,C,11,0.31,SCSN
14626228,scedc:14626228,2010-04-07T14:26:21.330000Z,32.671166666666664,-115.82716666666668,8.21,2.3,,,SCEDC,,A,35,0.15,SCSN
14626260,scedc:14626260,2010-04-07T14:33:09.500000Z,32.717,-115.81783333333334,3.85,2.7,,,SCEDC,,A,42,0.16,SCSN
14626268,scedc:14626268,2010-04-07T14:33:25.100000Z,34.269666666666666,-119.83566666666668,1.49,2.5,,,SCEDC,,C,22,0.28,SCSN
14626276,scedc:14626276,2010-04-07T14:33:34.350000Z,32.61933333333333,-115.78633333333332,2.72,2.7,,,SCEDC,,A,27,0.16,SCSN
14626284,scedc:14626284,2010-04-07T14:35:21.340000Z,32.35666666666667,-115.45683333333334,15.0,2.5,,,SCEDC,,C,16,0.16,SCSN
14626300,scedc:14626300,2010-04-07T14:45:41.750000Z,32.540333333333336,-115.6265,9.73,2.2,,,SCEDC,,A,23,0.14,SCSN
10203218,scedc:10203218,2010-04-07T14:49:14.400000Z,32.265166666666666,-115.3665,9.99,2.7,,,SCEDC,,C,20,0.2,SCSN
37228989,scedc:37228989,2010-04-07T14:50:03.380000Z,32.285833333333336,-115.32166666666669,5.36,2.8,,,SCEDC,,C,20,0.17,SCSN
14626324,scedc:14626324,2010-04-07T14:54:08.580000Z,32.63066666666667,-115.74833333333332,9.2,2.0,,,SCEDC,,A,26,0.12,SCSN
14626380,scedc:14626380,2010-04-07T15:02:18.850000Z,32.474833333333336,-115.45566666666669,6.45,2.3,,,SCEDC,,C,18,0.18,SCSN
14626372,scedc:14626372,2010-04-07T15:04:43.170000Z,32.69266666666667,-115.857,6.6,3.5,,,SCEDC,,A,74,0.21,SCSN
14626388,scedc:14626388,2010-04-07T15:07:47.370000Z,32.61,-115.757,6.29,2.4,,,SCEDC,,A,32,0.15,SCSN
14626404,scedc:14626404,2010-04-07T15:14:05.440000Z,32.3865,-115.4085,10.13,2.6,,,SCEDC,,C,24,0.2,SCSN
37229037,scedc:37229037,2010-04-07T15:14:16.290000Z,32.64333333333333,-115.77016666666668,4.46,2.1,,,SCEDC,,B,8,0.07,SCSN
14626412,scedc:14626412,2010-04-07T15:17:56.660000Z,32.62266666666667,-115.70233333333331,8.64,2.2,,,SCEDC,,A,24,0.16,SCSN
14626428,scedc:14626428,2010-04-07T15:19:16.030000Z,32.431666666666665,-115.52116666666667,11.14,2.5,,,SCEDC,,C,18,0.13,SCSN
14626452,scedc:14626452,2010-04-07T15:29:18.630000Z,34.29866666666667,-119.84416666666668,5.09,2.8,,,SCEDC,,C,32,0.27,SCSN
37229069,scedc:37229069,2010-04-07T15:30:25.690000Z,32.32783333333333,-115.34116666666668,9.55,2.6,,,SCEDC,,C,19,0.2,SCSN
14626468,scedc:14626468,2010-04-07T15:32:37.260000Z,32.3325,-115.44166666666666,5.13,2.7,,,SCEDC,,C,22,0.12,SCSN
14626540,scedc:14626540,2010-04-07T15:50:43.830000Z,32.75083333333333,-115.83216666666668,9.18,2.3,,,SCEDC,,A,31,0.11,SCSN
14626548,scedc:14626548,2010-04-07T15:52:50.980000Z,32.3215,-115.29783333333332,9.99,3.5,,,SCEDC,,C,21,0.26,SCSN
10203370,scedc:10203370,2010-04-07T15:53:47.100000Z,32.596666666666664,-115.7625,5.13,2.4,,,SCEDC,,C,15,0.16,SCSN
14626556,scedc:14626556,2010-04-07T15:56:06.220000Z,32.636,-115.762,8.72,2.1,,,SCEDC,,A,19,0.1,SCSN
14626596,scedc:14626596,2010-04-07T16:01:30.210000Z,32.45066666666666,-115.55983333333332,4.97,2.1,,,SCEDC,,C,13,0.23,SCSN
14626636,scedc:14626636,2010-04-07T16:09:11.020000Z,34.278166666666664,-119.8505,5.09,2.2,,,SCEDC,,C,20,0.29,SCSN
30757759,scedc:30757759,2010-04-07T16:15:30.980000Z,32.638333333333335,-115.77033333333333,9.44,2.2,,,SCEDC,,A,23,0.12,SCSN
14626660,scedc:14626660,2010-04-07T16:22:35.700000Z,32.2715,-115.369,8.55,3.5,,,SCEDC,,B,26,0.17,SCSN
10203410,scedc:10203410,2010-04-07T16:24:17.540000Z,32.41266666666667,-115.54833333333332,4.92,2.5,,,SCEDC,,C,18,0.15,SCSN
14626668,scedc:14626668,2010-04-07T16:24:22.240000Z,33.45283333333333,-116.416,8.97,2.0,,,SCEDC,,A,41,0.18,SCSN
14626684,scedc:14626684,2010-04-07T16:27:56.530000Z,32.6695,-115.77766666666666,6.13,2.0,,,SCEDC,,C,12,0.26,SCSN
14626700,scedc:14626700,2010-04-07T16:36:06.460000Z,32.672,-115.80683333333332,7.52,2.1,,,SCEDC,,A,25,0.12,SCSN
14626708,scedc:14626708,2010-04-07T16:38:37.620000Z,32.590833333333336,-115.72916666666669,3.62,3.7,,,SCEDC,,A,43,0.15,SCSN
14626716,scedc:14626716,2010-04-07T16:41:35.620000Z,32.54683333333333,-115.667,9.18,2.4,,,SCEDC,,A,29,0.19,SCSN
14626724,scedc:14626724,2010-04-07T16:46:33.910000Z,32.565333333333335,-115.67316666666666,9.83,2.7,,,SCEDC,,A,38,0.13,SCSN
14626732,scedc:14626732,2010-04-07T16:48:08.990000Z,32.717,-115.88766666666666,6.76,2.0,,,SCEDC,,A,38,0.19,SCSN
14626740,scedc:14626740,2010-04-07T16:49:29.540000Z,32.61416666666667,-115.7575,3.43,2.1,,,SCEDC,,A,23,0.14,SCSN
14626756,scedc:14626756,2010-04-07T16:54:53.480000Z,32.607166666666664,-115.76566666666666,3.01,2.5,,,SCEDC,,A,36,0.18,SCSN
14626764,scedc:14626764,2010-04-07T16:55:55.100000Z,32.60583333333334,-115.70683333333334,8.37,2.4,,,SCEDC,,A,42,0.16,SCSN
14626788,scedc:14626788,2010-04-07T16:56:50.470000Z,32.37416666666667,-115.426,9.96,2.1,,,SCEDC,,C,15,0.17,SCSN
14626772,scedc:14626772,2010-04-07T16:57:38.970000Z,32.525333333333336,-115.59716666666668,11.15,2.0,,,SCEDC,,B,19,0.16,SCSN
10203498,scedc:10203498,2010-04-07T17:02:44.590000Z,32.496,-115.59783333333333,10.49,3.1,,,SCEDC,,B,16,0.09,SCSN
14626860,scedc:14626860,2010-04-07T17:15:13.830000Z,33.090666666666664,-115.94,1.02,2.6,,,SCEDC,,A,48,0.14,SCSN
10203650,scedc:10203650,2010-04-07T17:27:37.980000Z,32.578833333333336,-115.66333333333333,10.07,2.2,,,SCEDC,,B,13,0.07,SCSN
14626948,scedc:14626948,2010-04-07T17:38:27.860000Z,32.627,-115.71683333333333,3.79,2.0,,,SCEDC,,A,14,0.09,SCSN
10203890,scedc:10203890,2010-04-07T17:39:09.760000Z,32.611,-115.70083333333334,4.03,2.0,,,SCEDC,,B,13,0.15,SCSN
14626956,scedc:14626956,2010-04-07T17:41:02.070000Z,32.7175,-115.889,5.16,3.0,,,SCEDC,,A,69,0.17,SCSN
14626996,scedc:14626996,2010-04-07T17:47:57.070000Z,32.5235,-115.649,1.25,2.9,,,SCEDC,,A,24,0.12,SCSN
14627036,scedc:14627036,2010-04-07T17:59:31.990000Z,32.876,-115.97866666666668,8.72,2.1,,,SCEDC,,A,58,0.13,SCSN
14627060,scedc:14627060,2010-04-07T18:06:45.640000Z,32.60783333333333,-115.7605,4.7,2.2,,,SCEDC,,A,30,0.17,SCSN
14627124,scedc:14627124,2010-04-07T18:21:13.480000Z,32.60766666666667,-115.75633333333332,9.37,2.0,,,SCEDC,,A,24,0.12,SCSN
14627132,scedc:14627132,2010-04-07T18:24:44.740000Z,32.339333333333336,-115.49183333333332,0.48,2.2,,,SCEDC,,C,13,0.16,SCSN
14627156,scedc:14627156,2010-04-07T18:33:08.610000Z,32.647,-115.728,3.31,2.8,,,SCEDC,,A,42,0.18,SCSN
10204014,scedc:10204014,2010-04-07T18:33:31.660000Z,32.641333333333336,-115.71933333333334,3.74,2.2,,,SCEDC,,A,10,0.07,SCSN
14627172,scedc:14627172,2010-04-07T18:34:47.440000Z,32.72116666666667,-115.893,2.83,2.1,,,SCEDC,,A,21,0.13,SCSN
14627180,scedc:14627180,2010-04-07T18:35:53.290000Z,32.6315,-115.779,3.98,2.4,,,SCEDC,,A,43,0.15,SCSN
14627188,scedc:14627188,2010-04-07T18:38:34.670000Z,32.620333333333335,-115.777,4.08,2.2,,,SCEDC,,A,28,0.18,SCSN
37229277,scedc:37229277,2010-04-07T18:39:25.530000Z,32.48266666666667,-115.599,4.96,2.3,,,SCEDC,,C,17,0.15,SCSN
14627220,scedc:14627220,2010-04-07T18:45:40.430000Z,32.61383333333333,-115.764,6.97,3.4,,,SCEDC,,A,56,0.18,SCSN
10204090,scedc:10204090,2010-04-07T18:46:49.350000Z,32.655166666666666,-115.73,9.0,2.2,,,SCEDC,,A,17,0.16,SCSN
37229301,scedc:37229301,2010-04-07T18:47:24.840000Z,32.2565,-115.38483333333332,14.99,2.3,,,SCEDC,,C,8,0.16,SCSN
14627252,scedc:14627252,2010-04-07T18:51:46.970000Z,32.3215,-115.2945,9.99,2.5,,,SCEDC,,C,18,0.19,SCSN
14627284,scedc:14627284,2010-04-07T18:55:04.570000Z,32.37583333333333,-115.376,9.99,2.7,,,SCEDC,,C,21,0.18,SCSN
14627268,scedc:14627268,2010-04-07T18:57:04.500000Z,32.39816666666667,-115.43733333333331,15.0,2.5,,,SCEDC,,C,28,0.18,SCSN
14627292,scedc:14627292,2010-04-07T18:59:22.450000Z,32.720666666666666,-115.8875,5.54,2.0,,,SCEDC,,A,26,0.13,SCSN
14627308,scedc:14627308,2010-04-07T19:01:29.910000Z,32.558,-115.60683333333331,11.86,2.1,,,SCEDC,,B,17,0.09,SCSN
14627316,scedc:14627316,2010-04-07T19:02:30.390000Z,32.57216666666667,-115.71166666666667,8.15,2.1,,,SCEDC,,A,19,0.11,SCSN
14627372,scedc:14627372,2010-04-07T19:26:17.800000Z,34.23466666666667,-117.52766666666666,6.71,2.0,,,SCEDC,,A,45,0.16,SCSN
14627380,scedc:14627380,2010-04-07T19:31:33.860000Z,32.33283333333333,-115.28866666666669,4.99,2.9,,,SCEDC,,C,19,0.22,SCSN
14627388,scedc:14627388,2010-04-07T19:33:20.630000Z,32.61083333333333,-115.777,3.56,2.1,,,SCEDC,,A,20,0.18,SCSN
14627412,scedc:14627412,2010-04-07T19:44:11.170000Z,32.69166666666667,-115.79,8.15,3.1,,,SCEDC,,A,50,0.18,SCSN
14627428,scedc:14627428,2010-04-07T19:51:37.620000Z,32.659166666666664,-115.73016666666666,9.41,2.0,,,SCEDC,,A,25,0.15,SCSN
14627436,scedc:14627436,2010-04-07T19:54:25.480000Z,32.75516666666667,-115.83116666666666,9.42,2.1,,,SCEDC,,A,20,0.08,SCSN
37229381,scedc:37229381,2010-04-07T19:55:49.880000Z,32.30916666666667,-115.333,10.45,2.2,,,SCEDC,,C,10,0.16,SCSN
37229389,scedc:37229389,2010-04-07T19:56:04.490000Z,32.299166666666665,-115.33783333333334,9.94,2.2,,,SCEDC,,C,7,0.09,SCSN
14627452,scedc:14627452,2010-04-07T19:56:41.160000Z,32.30883333333333,-115.34183333333333,14.99,2.8,,,SCEDC,,C,22,0.14,SCSN
14627500,scedc:14627500,2010-04-07T20:11:10.720000Z,32.67516666666667,-115.76766666666668,3.9,3.9,,,SCEDC,,A,43,0.2,SCSN
10204210,scedc:10204210,2010-04-07T20:12:53.520000Z,32.311166666666665,-115.40716666666668,9.96,2.5,,,SCEDC,,C,12,0.05,SCSN
14627516,scedc:14627516,2010-04-07T20:14:57.500000Z,32.39516666666667,-115.50866666666668,13.72,3.0,,,SCEDC,,A,31,0.14,SCSN
14627564,scedc:14627564,2010-04-07T20:30:08.190000Z,32.653333333333336,-115.7135,9.28,2.0,,,SCEDC,,A,27,0.11,SCSN
14627572,scedc:14627572,2010-04-07T20:31:07.600000Z,32.297333333333334,-115.38183333333332,17.32,2.3,,,SCEDC,,C,18,0.2,SCSN
10204270,scedc:10204270,2010-04-07T20:37:11.370000Z,32.62616666666667,-115.76283333333332,2.83,2.0,,,SCEDC,,A,17,0.12,SCSN
14627652,scedc:14627652,2010-04-07T20:48:47.420000Z,32.632666666666665,-115.7425,3.64,3.1,,,SCEDC,,A,34,0.15,SCSN
10204350,scedc:10204350,2010-04-07T20:55:48.880000Z,32.352833333333336,-115.3495,10.0,2.4,,,SCEDC,,C,13,0.2,SCSN
14627700,scedc:14627700,2010-04-07T20:57:43.750000Z,32.575,-115.701,8.14,2.5,,,SCEDC,,A,42,0.21,SCSN
14627708,scedc:14627708,2010-04-07T21:00:43.810000Z,32.61933333333333,-115.78383333333332,4.5,2.3,,,SCEDC,,A,17,0.1,SCSN
10204370,scedc:10204370,2010-04-07T21:00:45.380000Z,32.315666666666665,-115.25883333333331,14.99,4.3,,,SCEDC,,C,14,0.23,SCSN
14627724,scedc:14627724,2010-04-07T21:08:33.090000Z,32.63133333333333,-115.72933333333332,2.57,2.3,,,SCEDC,,A,35,0.19,SCSN
37229445,scedc:37229445,2010-04-07T21:21:44.040000Z,32.64816666666667,-115.74133333333332,3.46,2.1,,,SCEDC,,A,13,0.06,SCSN
14627772,scedc:14627772,2010-04-07T21:21:52.460000Z,32.636833333333335,-115.74816666666666,2.3,3.4,,,SCEDC,,A,23,0.14,SCSN
14627780,scedc:14627780,2010-04-07T21:26:39.230000Z,32.3465,-115.33566666666668,9.99,2.6,,,SCEDC,,C,15,0.17,SCSN
14627804,scedc:14627804,2010-04-07T21:39:33.580000Z,32.608333333333334,-115.7665,5.13,2.0,,,SCEDC,,A,28,0.16,SCSN
14627828,scedc:14627828,2010-04-07T21:45:41.260000Z,32.65266666666667,-115.73833333333332,4.62,2.1,,,SCEDC,,A,24,0.1,SCSN
14627844,scedc:14627844,2010-04-07T21:48:36.260000Z,32.6165,-115.76716666666668,4.01,2.8,,,SCEDC,,A,45,0.14,SCSN
10204478,scedc:10204478,2010-04-07T21:48:47.220000Z,32.693,-115.8315,4.08,2.7,,,SCEDC,,A,16,0.12,SCSN
10204490,scedc:10204490,2010-04-07T21:51:44.260000Z,32.62533333333333,-115.765,12.21,2.3,,,SCEDC,,B,11,0.18,SCSN
14627868,scedc:14627868,2010-04-07T21:57:00.910000Z,32.70583333333333,-115.93433333333331,9.5,2.1,,,SCEDC,,A,29,0.1,SCSN
10204554,scedc:10204554,2010-04-07T22:06:01.890000Z,32.667833333333334,-115.91766666666666,4.42,2.5,,,SCEDC,,A,25,0.11,SCSN
10584261,scedc:10584261,2010-04-07T22:07:56.370000Z,32.669,-115.787,8.62,2.2,,,SCEDC,,A,31,0.11,SCSN
10584285,scedc:10584285,2010-04-07T22:18:12.440000Z,32.57183333333333,-115.66316666666668,11.47,3.2,,,SCEDC,,A,50,0.12,SCSN
10584301,scedc:10584301,2010-04-07T22:20:08.700000Z,32.55766666666667,-115.66066666666669,8.09,2.0,,,SCEDC,,A,23,0.14,SCSN
10584317,scedc:10584317,2010-04-07T22:23:52.110000Z,32.6365,-115.749,10.01,2.1,,,SCEDC,,A,35,0.11,SCSN
10584325,scedc:10584325,2010-04-07T22:24:50.950000Z,32.496,-115.59416666666668,11.06,2.5,,,SCEDC,,A,45,0.14,SCSN
10584333,scedc:10584333,2010-04-07T22:29:08.130000Z,32.67333333333333,-115.75233333333334,5.53,2.6,,,SCEDC,,A,33,0.15,SCSN
10204614,scedc:10204614,2010-04-07T22:29:24.010000Z,32.649166666666666,-115.7485,5.12,2.1,,,SCEDC,,B,10,0.2,SCSN
10584357,scedc:10584357,2010-04-07T22:30:07.960000Z,32.271166666666666,-115.34366666666666,9.99,3.1,,,SCEDC,,C,18,0.14,SCSN
10204630,scedc:10204630,2010-04-07T22:30:40.640000Z,32.704,-115.856,7.36,2.4,,,SCEDC,,A,19,0.1,SCSN
10584365,scedc:10584365,2010-04-07T22:33:07.040000Z,32.29516666666667,-115.37466666666668,10.0,2.6,,,SCEDC,,C,26,0.15,SCSN
10584389,scedc:10584389,2010-04-07T22:40:30.810000Z,35.937666666666665,-120.48583333333332,5.84,4.1,,,SCEDC,,C,21,0.25,SCSN
10584405,scedc:10584405,2010-04-07T22:43:22.650000Z,32.478,-115.591,7.28,2.2,,,SCEDC,,C,22,0.13,SCSN
10584413,scedc:10584413,2010-04-07T22:43:48.110000Z,32.499,-115.632,0.58,2.5,,,SCEDC,,A,18,0.15,SCSN
10584421,scedc:10584421,2010-04-07T22:45:31.960000Z,32.654833333333336,-115.73233333333332,9.66,2.2,,,SCEDC,,A,34,0.11,SCSN
10584429,scedc:10584429,2010-04-07T22:47:15.730000Z,32.43416666666667,-115.53383333333332,9.72,3.1,,,SCEDC,,A,34,0.14,SCSN
10584461,scedc:10584461,2010-04-07T22:55:01.440000Z,32.8055,-116.0545,9.45,2.2,,,SCEDC,,A,36,0.17,SCSN
10584509,scedc:10584509,2010-04-07T23:07:52.450000Z,32.650333333333336,-115.731,3.87,2.3,,,SCEDC,,A,32,0.13,SCSN
37229525,scedc:37229525,2010-04-07T23:09:29.600000Z,32.302,-115.41783333333332,14.93,2.2,,,SCEDC,,C,10,0.21,SCSN
10204754,scedc:10204754,2010-04-07T23:15:31.810000Z,32.6205,-115.63133333333332,7.76,2.2,,,SCEDC,,B,12,0.27,SCSN
10204818,scedc:10204818,2010-04-07T23:23:20.370000Z,32.68,-115.91033333333333,2.72,2.2,,,SCEDC,,A,14,0.06,SCSN
10584573,scedc:10584573,2010-04-07T23:23:22.720000Z,32.605,-115.77983333333331,0.09,2.7,,,SCEDC,,B,20,0.23,SCSN
10204822,scedc:10204822,2010-04-07T23:23:47.760000Z,32.67316666666667,-115.92233333333331,3.23,2.6,,,SCEDC,,A,24,0.15,SCSN
10584581,scedc:10584581,2010-04-07T23:28:25.300000Z,32.6645,-115.78233333333333,5.38,2.1,,,SCEDC,,A,23,0.1,SCSN
10584597,scedc:10584597,2010-04-07T23:34:29.700000Z,32.64983333333333,-115.72066666666667,9.19,2.1,,,SCEDC,,A,34,0.12,SCSN
10584605,scedc:10584605,2010-04-07T23:41:02.380000Z,32.6215,-115.77,3.29,2.0,,,SCEDC,,A,19,0.12,SCSN
10584621,scedc:10584621,2010-04-07T23:42:31.350000Z,32.652,-115.72733333333332,9.71,2.5,,,SCEDC,,A,47,0.14,SCSN
10584653,scedc:10584653,2010-04-07T23:49:44.520000Z,32.39383333333333,-115.547,12.76,2.4,,,SCEDC,,B,23,0.17,SCSN
10205138,scedc:10205138,2010-04-08T00:04:28.160000Z,32.669,-115.91316666666668,3.58,2.0,,,SCEDC,,A,20,0.09,SCSN
10584717,scedc:10584717,2010-04-08T00:08:10.210000Z,32.6245,-115.75433333333334,7.5,2.6,,,SCEDC,,A,57,0.17,SCSN
37229701,scedc:37229701,2010-04-08T00:20:27.410000Z,32.335166666666666,-115.33083333333332,18.17,2.3,,,SCEDC,,C,13,0.13,SCSN
10204970,scedc:10204970,2010-04-08T00:28:50.410000Z,32.63783333333333,-115.72066666666667,3.57,2.2,,,SCEDC,,B,13,0.09,SCSN
10584845,scedc:10584845,2010-04-08T00:34:45.290000Z,32.66883333333333,-115.78333333333332,8.24,2.3,,,SCEDC,,A,33,0.21,SCSN
10584853,scedc:10584853,2010-04-08T00:36:03.160000Z,32.614,-115.78016666666667,5.41,3.4,,,SCEDC,,A,54,0.18,SCSN
10205030,scedc:10205030,2010-04-08T00:36:39.840000Z,32.701,-115.83083333333332,8.03,2.4,,,SCEDC,,B,14,0.16,SCSN
10205034,scedc:10205034,2010-04-08T00:36:54.830000Z,32.624833333333335,-115.70966666666666,2.6,2.4,,,SCEDC,,B,14,0.09,SCSN
10584893,scedc:10584893,2010-04-08T00:49:39.190000Z,32.667833333333334,-115.9095,5.12,2.1,,,SCEDC,,A,41,0.22,SCSN
10584901,scedc:10584901,2010-04-08T00:50:41.780000Z,32.62283333333333,-115.74116666666669,9.5,2.0,,,SCEDC,,A,43,0.12,SCSN
10584909,scedc:10584909,2010-04-08T00:54:36.920000Z,32.61533333333333,-115.76433333333334,5.65,2.0,,,SCEDC,,A,31,0.11,SCSN
10205270,scedc:10205270,2010-04-08T01:11:27.980000Z,32.61566666666667,-115.75516666666668,6.88,2.6,,,SCEDC,,B,14,0.17,SCSN
10584997,scedc:10584997,2010-04-08T01:13:20.500000Z,32.71233333333333,-115.89966666666666,8.13,2.0,,,SCEDC,,A,40,0.1,SCSN
10585005,scedc:10585005,2010-04-08T01:15:39.310000Z,32.69683333333333,-115.84383333333334,4.5,2.8,,,SCEDC,,A,48,0.18,SCSN
10205294,scedc:10205294,2010-04-08T01:17:44.000000Z,32.21333333333333,-115.33016666666668,9.95,2.3,,,SCEDC,,C,10,0.18,SCSN
10585045,scedc:10585045,2010-04-08T01:29:07.360000Z,32.631166666666665,-116.11583333333331,6.73,2.1,,,SCEDC,,A,16,0.09,SCSN
10585061,scedc:10585061,2010-04-08T01:31:42.130000Z,32.62883333333333,-116.12016666666666,5.84,2.3,,,SCEDC,,A,38,0.18,SCSN
10205314,scedc:10205314,2010-04-08T01:31:52.270000Z,32.6145,-116.127,6.19,2.5,,,SCEDC,,A,24,0.21,SCSN
10585093,scedc:10585093,2010-04-08T01:44:33.340000Z,32.627,-116.12383333333334,6.88,3.1,,,SCEDC,,A,82,0.19,SCSN
10585109,scedc:10585109,2010-04-08T01:47:37.330000Z,32.620333333333335,-116.1275,6.1,2.8,,,SCEDC,,A,81,0.16,SCSN
10585117,scedc:10585117,2010-04-08T01:49:53.680000Z,32.34433333333333,-115.41266666666668,18.77,3.0,,,SCEDC,,B,25,0.15,SCSN
10585149,scedc:10585149,2010-04-08T01:59:22.540000Z,32.51416666666667,-115.636,1.18,2.1,,,SCEDC,,A,25,0.12,SCSN
10205454,scedc:10205454,2010-04-08T02:05:49.190000Z,32.413,-115.55433333333332,10.9,2.3,,,SCEDC,,C,20,0.13,SCSN
10585205,scedc:10585205,2010-04-08T02:08:23.820000Z,32.69533333333333,-115.78966666666666,7.6,3.0,,,SCEDC,,A,62,0.14,SCSN
37229773,scedc:37229773,2010-04-08T02:09:03.580000Z,32.39,-115.3145,12.17,2.4,,,SCEDC,,C,11,0.15,SCSN
10585237,scedc:10585237,2010-04-08T02:18:01.010000Z,32.7215,-115.8885,3.62,2.9,,,SCEDC,,A,64,0.16,SCSN
10585253,scedc:10585253,2010-04-08T02:24:14.810000Z,32.458333333333336,-115.57166666666669,0.02,2.1,,,SCEDC,,A,25,0.14,SCSN
10585285,scedc:10585285,2010-04-08T02:32:01.720000Z,32.32516666666667,-115.34266666666667,0.04,2.3,,,SCEDC,,C,27,0.16,SCSN
10585293,scedc:10585293,2010-04-08T02:33:12.030000Z,32.67016666666667,-115.78166666666668,9.24,2.5,,,SCEDC,,A,55,0.14,SCSN
10585341,scedc:10585341,2010-04-08T02:38:20.780000Z,32.617666666666665,-115.77816666666666,5.46,3.1,,,SCEDC,,A,67,0.18,SCSN
10585349,scedc:10585349,2010-04-08T02:41:01.160000Z,32.2765,-115.38433333333332,9.99,2.9,,,SCEDC,,C,29,0.18,SCSN
10585357,scedc:10585357,2010-04-08T02:41:39.690000Z,32.28933333333333,-115.38433333333332,10.2,3.1,,,SCEDC,,C,35,0.14,SCSN
10585365,scedc:10585365,2010-04-08T02:43:46.020000Z,32.69983333333333,-115.84383333333334,4.4,2.0,,,SCEDC,,A,34,0.13,SCSN
37016851,scedc:37016851,2010-04-08T02:47:41.990000Z,32.66766666666667,-115.7655,5.43,2.1,,,SCEDC,,A,22,0.15,SCSN
37016843,scedc:37016843,2010-04-08T02:47:48.020000Z,32.679,-115.75966666666666,5.46,2.4,,,SCEDC,,A,16,0.1,SCSN
10585381,scedc:10585381,2010-04-08T02:47:57.030000Z,32.6855,-115.7635,3.99,4.2,,,SCEDC,,A,60,0.23,SCSN
37016683,scedc:37016683,2010-04-08T02:48:47.270000Z,32.699,-115.74716666666669,5.84,2.0,,,SCEDC,,A,14,0.15,SCSN
10205614,scedc:10205614,2010-04-08T02:49:08.440000Z,32.69433333333333,-115.75816666666668,3.28,2.0,,,SCEDC,,A,10,0.06,SCSN
10205610,scedc:10205610,2010-04-08T02:50:29.640000Z,32.6855,-115.75816666666668,4.63,2.0,,,SCEDC,,A,14,0.09,SCSN
10585389,scedc:10585389,2010-04-08T02:52:56.360000Z,32.657,-115.7845,9.14,2.6,,,SCEDC,,A,40,0.13,SCSN
10585397,scedc:10585397,2010-04-08T02:53:06.590000Z,32.727833333333336,-116.01116666666668,1.96,3.1,,,SCEDC,,A,27,0.12,SCSN
37017163,scedc:37017163,2010-04-08T02:53:29.750000Z,32.67933333333333,-115.75966666666666,4.25,2.3,,,SCEDC,,A,15,0.09,SCSN
10585445,scedc:10585445,2010-04-08T03:04:47.260000Z,32.61033333333334,-115.75233333333334,8.76,2.2,,,SCEDC,,A,37,0.13,SCSN
10585469,scedc:10585469,2010-04-08T03:09:25.230000Z,32.617666666666665,-115.72633333333332,5.38,2.0,,,SCEDC,,B,26,0.18,SCSN
10585525,scedc:10585525,2010-04-08T03:22:08.020000Z,32.63366666666667,-116.12,7.55,2.1,,,SCEDC,,A,38,0.15,SCSN
10585533,scedc:10585533,2010-04-08T03:22:32.670000Z,32.714333333333336,-115.87383333333334,2.68,3.6,,,SCEDC,,A,78,0.19,SCSN
10585541,scedc:10585541,2010-04-08T03:24:43.800000Z,32.6905,-115.76133333333334,5.68,2.2,,,SCEDC,,A,40,0.14,SCSN
10585549,scedc:10585549,2010-04-08T03:25:35.940000Z,32.594166666666666,-115.722,10.63,2.5,,,SCEDC,,A,51,0.18,SCSN
10585565,scedc:10585565,2010-04-08T03:27:52.900000Z,32.422333333333334,-115.53616666666667,11.53,3.9,,,SCEDC,,B,40,0.14,SCSN
37018771,scedc:37018771,2010-04-08T03:29:33.790000Z,32.70616666666667,-115.80366666666669,7.61,2.6,,,SCEDC,,A,20,0.16,SCSN
10585581,scedc:10585581,2010-04-08T03:31:28.460000Z,32.2795,-115.33216666666668,5.51,3.0,,,SCEDC,,C,20,0.07,SCSN
10585573,scedc:10585573,2010-04-08T03:32:41.650000Z,32.69083333333333,-115.75666666666666,4.98,2.2,,,SCEDC,,A,22,0.11,SCSN
10585589,scedc:10585589,2010-04-08T03:34:38.680000Z,32.67583333333333,-115.91683333333332,3.29,2.9,,,SCEDC,,A,74,0.2,SCSN
37020363,scedc:37020363,2010-04-08T03:34:52.870000Z,32.68833333333333,-115.75966666666666,6.04,2.3,,,SCEDC,,A,9,0.07,SCSN
37020523,scedc:37020523,2010-04-08T03:35:30.160000Z,32.400666666666666,-115.56883333333332,9.99,2.4,,,SCEDC,,C,14,0.19,SCSN
10585597,scedc:10585597,2010-04-08T03:36:28.590000Z,32.4245,-115.55766666666666,0.09,2.6,,,SCEDC,,A,35,0.14,SCSN
37020699,scedc:37020699,2010-04-08T03:37:12.090000Z,32.404,-115.5445,9.96,2.3,,,SCEDC,,C,11,0.13,SCSN
10585621,scedc:10585621,2010-04-08T03:37:46.260000Z,32.3925,-115.55916666666668,8.23,3.1,,,SCEDC,,A,46,0.19,SCSN
37020843,scedc:37020843,2010-04-08T03:38:17.860000Z,32.686,-115.76033333333334,6.41,2.7,,,SCEDC,,A,20,0.1,SCSN
10585629,scedc:10585629,2010-04-08T03:38:58.270000Z,35.35933333333333,-118.55183333333332,2.59,2.1,,,SCEDC,,A,66,0.19,SCSN
10585645,scedc:10585645,2010-04-08T03:43:55.120000Z,32.703,-115.97466666666666,8.79,2.7,,,SCEDC,,A,67,0.19,SCSN
10585661,scedc:10585661,2010-04-08T03:49:21.060000Z,32.34316666666667,-115.44933333333331,10.0,2.3,,,SCEDC,,C,20,0.13,SCSN
10585701,scedc:10585701,2010-04-08T03:56:41.330000Z,32.41283333333333,-115.55283333333334,7.88,2.8,,,SCEDC,,A,42,0.16,SCSN
37022139,scedc:37022139,2010-04-08T04:04:08.390000Z,32.434666666666665,-115.53166666666668,2.39,2.6,,,SCEDC,,B,20,0.16,SCSN
10585749,scedc:10585749,2010-04-08T04:13:43.880000Z,32.422333333333334,-115.53583333333331,13.68,3.1,,,SCEDC,,A,64,0.27,SCSN
10585757,scedc:10585757,2010-04-08T04:14:48.180000Z,32.617,-115.74433333333332,7.05,2.5,,,SCEDC,,A,49,0.21,SCSN
10585765,scedc:10585765,2010-04-08T04:16:23.050000Z,32.623666666666665,-116.1245,4.12,2.3,,,SCEDC,,A,72,0.23,SCSN
10585837,scedc:10585837,2010-04-08T04:34:41.080000Z,32.61933333333333,-115.75566666666668,6.62,2.8,,,SCEDC,,A,60,0.2,SCSN
10585845,scedc:10585845,2010-04-08T04:35:31.510000Z,32.485166666666665,-115.5835,5.68,2.2,,,SCEDC,,C,28,0.26,SCSN
37023259,scedc:37023259,2010-04-08T04:41:46.800000Z,32.6875,-115.74216666666666,6.78,2.0,,,SCEDC,,A,24,0.2,SCSN
10585877,scedc:10585877,2010-04-08T04:44:21.010000Z,32.690333333333335,-115.75033333333332,4.17,2.3,,,SCEDC,,A,53,0.23,SCSN
37023411,scedc:37023411,2010-04-08T04:46:58.310000Z,32.697,-115.75583333333331,10.06,2.2,,,SCEDC,,B,14,0.26,SCSN
10585909,scedc:10585909,2010-04-08T04:49:41.660000Z,32.658166666666666,-115.69416666666666,8.65,2.0,,,SCEDC,,A,25,0.19,SCSN
10585917,scedc:10585917,2010-04-08T04:51:15.460000Z,32.30016666666667,-115.378,9.96,2.5,,,SCEDC,,C,14,0.24,SCSN
10585925,scedc:10585925,2010-04-08T04:52:46.820000Z,32.29533333333333,-115.2855,9.95,2.5,,,SCEDC,,C,12,0.2,SCSN
10585965,scedc:10585965,2010-04-08T05:03:29.180000Z,32.277,-115.35416666666669,13.86,2.8,,,SCEDC,,A,33,0.23,SCSN
10585973,scedc:10585973,2010-04-08T05:07:50.490000Z,32.63583333333333,-116.12333333333332,6.52,2.1,,,SCEDC,,A,45,0.21,SCSN
10586005,scedc:10586005,2010-04-08T05:12:05.140000Z,32.699333333333335,-115.74416666666669,4.38,2.1,,,SCEDC,,A,42,0.22,SCSN
10586021,scedc:10586021,2010-04-08T05:14:29.520000Z,32.691833333333335,-115.74666666666668,4.08,2.5,,,SCEDC,,A,51,0.25,SCSN
37026283,scedc:37026283,2010-04-08T05:25:07.010000Z,32.6205,-115.756,7.01,2.0,,,SCEDC,,B,16,0.19,SCSN
37026291,scedc:37026291,2010-04-08T05:25:36.220000Z,32.612833333333334,-115.73766666666668,5.37,2.0,,,SCEDC,,B,13,0.17,SCSN
10586045,scedc:10586045,2010-04-08T05:26:39.450000Z,32.2325,-115.29483333333332,9.98,2.4,,,SCEDC,,C,23,0.34,SCSN
10586053,scedc:10586053,2010-04-08T05:30:19.520000Z,32.223166666666664,-115.331,9.99,3.6,,,SCEDC,,C,24,0.13,SCSN
37026443,scedc:37026443,2010-04-08T05:31:40.020000Z,32.678,-115.75116666666666,11.05,2.1,,,SCEDC,,A,22,0.16,SCSN
37027083,scedc:37027083,2010-04-08T05:41:34.580000Z,32.687666666666665,-115.73783333333331,3.85,2.3,,,SCEDC,,A,20,0.18,SCSN
10586125,scedc:10586125,2010-04-08T05:43:47.330000Z,32.25216666666667,-115.31733333333334,9.99,2.2,,,SCEDC,,C,15,0.13,SCSN
37027091,scedc:37027091,2010-04-08T05:46:21.260000Z,32.6775,-115.911,6.05,2.0,,,SCEDC,,A,8,0.11,SCSN
37027243,scedc:37027243,2010-04-08T05:47:26.000000Z,32.39633333333333,-115.37883333333332,6.99,2.2,,,SCEDC,,C,22,0.33,SCSN
10586173,scedc:10586173,2010-04-08T05:59:30.650000Z,32.604,-115.75966666666666,4.22,2.2,,,SCEDC,,A,46,0.22,SCSN
37027723,scedc:37027723,2010-04-08T05:59:33.450000Z,32.3605,-115.41066666666669,10.01,2.7,,,SCEDC,,C,29,0.32,SCSN
10586237,scedc:10586237,2010-04-08T06:17:08.470000Z,32.6755,-115.733,10.48,2.1,,,SCEDC,,A,40,0.22,SCSN
10586261,scedc:10586261,2010-04-08T06:21:14.890000Z,32.67633333333333,-115.75983333333332,7.55,2.7,,,SCEDC,,A,75,0.24,SCSN
10586317,scedc:10586317,2010-04-08T06:33:41.600000Z,32.3635,-115.51483333333331,1.19,2.2,,,SCEDC,,A,37,0.25,SCSN
37029963,scedc:37029963,2010-04-08T06:34:50.790000Z,32.66833333333334,-115.76483333333331,9.27,2.0,,,SCEDC,,A,31,0.18,SCSN
10586325,scedc:10586325,2010-04-08T06:34:53.070000Z,32.662166666666664,-115.76633333333334,9.26,2.6,,,SCEDC,,A,47,0.23,SCSN
10586373,scedc:10586373,2010-04-08T06:40:23.050000Z,32.523,-115.59433333333334,13.76,2.8,,,SCEDC,,A,61,0.17,SCSN
10586381,scedc:10586381,2010-04-08T06:42:05.340000Z,32.665166666666664,-115.7655,9.16,2.0,,,SCEDC,,A,39,0.18,SCSN
10586397,scedc:10586397,2010-04-08T06:46:58.260000Z,32.44833333333333,-115.56683333333334,5.14,2.0,,,SCEDC,,C,17,0.11,SCSN
10586405,scedc:10586405,2010-04-08T06:50:37.150000Z,32.51,-115.60883333333334,12.32,2.5,,,SCEDC,,A,56,0.19,SCSN
10586421,scedc:10586421,2010-04-08T06:52:55.400000Z,32.67816666666667,-115.75666666666666,7.36,2.2,,,SCEDC,,A,47,0.26,SCSN
10586453,scedc:10586453,2010-04-08T06:56:44.420000Z,32.282333333333334,-115.3805,9.96,2.4,,,SCEDC,,D,11,0.28,SCSN
10586445,scedc:10586445,2010-04-08T06:59:53.120000Z,32.66683333333334,-115.785,9.2,2.0,,,SCEDC,,A,54,0.22,SCSN
37228541,scedc:37228541,2010-04-08T07:02:02.320000Z,32.42433333333334,-115.53866666666669,7.01,2.0,,,SCEDC,,C,11,0.06,SCSN
10586461,scedc:10586461,2010-04-08T07:04:13.990000Z,32.67183333333333,-115.7845,8.12,2.1,,,SCEDC,,A,50,0.21,SCSN
10586485,scedc:10586485,2010-04-08T07:09:01.740000Z,32.611333333333334,-115.75066666666666,8.47,2.5,,,SCEDC,,A,62,0.19,SCSN
10586517,scedc:10586517,2010-04-08T07:11:33.760000Z,32.687333333333335,-115.7935,7.96,2.1,,,SCEDC,,A,71,0.2,SCSN
10586541,scedc:10586541,2010-04-08T07:23:49.340000Z,32.593,-115.768,6.37,2.6,,,SCEDC,,A,62,0.24,SCSN
37032203,scedc:37032203,2010-04-08T07:26:42.250000Z,32.395,-115.56716666666668,9.98,2.2,,,SCEDC,,A,24,0.13,SCSN
10586565,scedc:10586565,2010-04-08T07:27:16.820000Z,32.6735,-115.7925,8.12,2.0,,,SCEDC,,A,37,0.18,SCSN
10586573,scedc:10586573,2010-04-08T07:29:22.020000Z,32.23733333333333,-115.3195,9.98,2.5,,,SCEDC,,C,24,0.25,SCSN
10586581,scedc:10586581,2010-04-08T07:30:36.710000Z,32.690666666666665,-115.91,10.02,2.7,,,SCEDC,,A,72,0.21,SCSN
10586613,scedc:10586613,2010-04-08T07:39:26.500000Z,32.63283333333333,-115.73083333333334,4.77,2.3,,,SCEDC,,A,52,0.19,SCSN
10586645,scedc:10586645,2010-04-08T07:47:05.430000Z,32.665166666666664,-115.76433333333334,10.21,2.6,,,SCEDC,,A,63,0.21,SCSN
10586701,scedc:10586701,2010-04-08T08:03:39.710000Z,32.5715,-115.71916666666668,4.78,2.0,,,SCEDC,,A,37,0.23,SCSN
10586709,scedc:10586709,2010-04-08T08:06:32.650000Z,32.61383333333333,-115.78583333333331,4.5,3.1,,,SCEDC,,A,63,0.2,SCSN
37032843,scedc:37032843,2010-04-08T08:07:18.220000Z,32.62616666666667,-116.1145,7.09,2.0,,,SCEDC,,B,17,0.14,SCSN
37032851,scedc:37032851,2010-04-08T08:07:33.540000Z,32.703,-115.91016666666668,9.82,2.2,,,SCEDC,,A,22,0.1,SCSN
10586741,scedc:10586741,2010-04-08T08:15:34.590000Z,32.266,-115.40666666666668,9.99,2.6,,,SCEDC,,C,33,0.2,SCSN
37033163,scedc:37033163,2010-04-08T08:15:55.030000Z,32.2395,-115.38716666666669,9.95,2.3,,,SCEDC,,C,11,0.15,SCSN
10586797,scedc:10586797,2010-04-08T08:25:54.220000Z,32.715666666666664,-115.87983333333334,2.98,2.2,,,SCEDC,,A,46,0.24,SCSN
10586829,scedc:10586829,2010-04-08T08:32:47.170000Z,32.602833333333336,-115.75883333333331,8.23,2.9,,,SCEDC,,A,54,0.22,SCSN
37033211,scedc:37033211,2010-04-08T08:33:02.460000Z,32.65566666666667,-115.70466666666668,8.57,2.1,,,SCEDC,,A,13,0.12,SCSN
37033339,scedc:37033339,2010-04-08T08:34:14.630000Z,32.239,-115.39483333333334,9.98,2.6,,,SCEDC,,C,12,0.24,SCSN
10586861,scedc:10586861,2010-04-08T08:38:42.750000Z,32.589166666666664,-115.7475,3.62,2.4,,,SCEDC,,A,54,0.23,SCSN
10586877,scedc:10586877,2010-04-08T08:40:37.150000Z,32.235,-115.33083333333332,9.99,2.4,,,SCEDC,,C,24,0.2,SCSN
10586909,scedc:10586909,2010-04-08T08:45:17.050000Z,32.24633333333333,-115.2935,7.97,2.0,,,SCEDC,,B,21,0.19,SCSN
10586925,scedc:10586925,2010-04-08T08:49:48.660000Z,32.5735,-115.722,5.99,2.0,,,SCEDC,,A,46,0.18,SCSN
10586933,scedc:10586933,2010-04-08T08:51:46.520000Z,32.253166666666665,-115.32583333333334,4.38,2.4,,,SCEDC,,C,29,0.23,SCSN
10586941,scedc:10586941,2010-04-08T08:52:36.930000Z,32.6655,-115.77183333333332,9.4,2.5,,,SCEDC,,A,59,0.23,SCSN
10586965,scedc:10586965,2010-04-08T09:00:54.760000Z,32.608,-115.76016666666666,8.7,2.8,,,SCEDC,,A,66,0.18,SCSN
10586989,scedc:10586989,2010-04-08T09:03:16.790000Z,32.390166666666666,-115.53933333333332,9.03,2.7,,,SCEDC,,A,45,0.2,SCSN
37033595,scedc:37033595,2010-04-08T09:03:33.470000Z,32.3855,-115.54033333333334,6.5,2.2,,,SCEDC,,C,15,0.17,SCSN
37033603,scedc:37033603,2010-04-08T09:03:49.620000Z,32.6715,-115.78416666666666,11.93,2.0,,,SCEDC,,A,23,0.17,SCSN
10587029,scedc:10587029,2010-04-08T09:14:35.660000Z,32.7105,-115.84783333333333,8.78,2.6,,,SCEDC,,A,83,0.17,SCSN
10587061,scedc:10587061,2010-04-08T09:19:06.650000Z,32.66583333333333,-115.91966666666669,4.01,2.7,,,SCEDC,,A,79,0.21,SCSN
10587101,scedc:10587101,2010-04-08T09:29:20.000000Z,32.70166666666667,-115.859,5.08,2.0,,,SCEDC,,A,44,0.18,SCSN
10587133,scedc:10587133,2010-04-08T09:33:18.170000Z,32.67166666666667,-115.788,8.15,2.0,,,SCEDC,,A,45,0.21,SCSN
37033787,scedc:37033787,2010-04-08T09:33:27.950000Z,32.3175,-115.30916666666668,9.98,2.6,,,SCEDC,,C,34,0.29,SCSN
10587157,scedc:10587157,2010-04-08T09:34:11.720000Z,32.60916666666667,-115.7775,4.91,2.4,,,SCEDC,,A,36,0.21,SCSN
10587237,scedc:10587237,2010-04-08T09:42:09.830000Z,32.306333333333335,-115.3305,9.99,2.1,,,SCEDC,,C,14,0.36,SCSN
10587229,scedc:10587229,2010-04-08T09:44:50.860000Z,32.21383333333333,-115.34166666666668,9.99,2.7,,,SCEDC,,C,36,0.22,SCSN
10587261,scedc:10587261,2010-04-08T09:46:52.870000Z,32.67883333333333,-115.817,9.26,2.2,,,SCEDC,,A,47,0.18,SCSN
37034467,scedc:37034467,2010-04-08T09:49:24.050000Z,32.49466666666667,-115.62066666666666,13.71,2.2,,,SCEDC,,B,24,0.18,SCSN
10587309,scedc:10587309,2010-04-08T10:02:46.830000Z,32.657333333333334,-115.78066666666666,10.26,2.2,,,SCEDC,,A,49,0.19,SCSN
10587325,scedc:10587325,2010-04-08T10:04:28.570000Z,32.275333333333336,-115.32,9.98,3.0,,,SCEDC,,C,35,0.23,SCSN
10587381,scedc:10587381,2010-04-08T10:19:17.350000Z,32.63016666666667,-115.763,4.49,2.2,,,SCEDC,,A,49,0.17,SCSN
37034763,scedc:37034763,2010-04-08T10:28:05.730000Z,32.23433333333333,-115.28033333333332,9.98,2.0,,,SCEDC,,C,9,0.41,SCSN
10587437,scedc:10587437,2010-04-08T10:35:32.270000Z,32.63816666666666,-115.7135,9.19,2.5,,,SCEDC,,A,66,0.22,SCSN
10587445,scedc:10587445,2010-04-08T10:37:59.700000Z,32.67166666666667,-115.81666666666666,10.2,2.9,,,SCEDC,,A,70,0.17,SCSN
10587461,scedc:10587461,2010-04-08T10:40:56.630000Z,32.655166666666666,-115.79383333333334,4.21,2.8,,,SCEDC,,A,61,0.24,SCSN
10587485,scedc:10587485,2010-04-08T10:45:07.820000Z,32.5905,-115.74866666666668,1.72,2.2,,,SCEDC,,A,49,0.24,SCSN
10587509,scedc:10587509,2010-04-08T10:50:23.070000Z,32.401833333333336,-115.5275,14.75,2.4,,,SCEDC,,A,46,0.17,SCSN
10587549,scedc:10587549,2010-04-08T10:56:10.530000Z,32.594166666666666,-115.76733333333334,4.97,2.6,,,SCEDC,,A,62,0.23,SCSN
37034955,scedc:37034955,2010-04-08T10:56:48.490000Z,32.604166666666664,-115.76066666666668,8.98,2.6,,,SCEDC,,A,47,0.19,SCSN
10587621,scedc:10587621,2010-04-08T11:12:38.000000Z,32.67216666666667,-115.8155,10.41,2.0,,,SCEDC,,A,48,0.18,SCSN
10587709,scedc:10587709,2010-04-08T11:26:01.160000Z,32.27733333333333,-115.32316666666668,9.98,2.5,,,SCEDC,,C,25,0.16,SCSN
10587701,scedc:10587701,2010-04-08T11:28:21.100000Z,32.614666666666665,-115.759,7.83,2.5,,,SCEDC,,A,50,0.21,SCSN
37040956,scedc:37040956,2010-04-08T11:33:33.910000Z,32.50783333333333,-115.63316666666668,14.42,2.5,,,SCEDC,,A,24,0.22,SCSN
37035243,scedc:37035243,2010-04-08T11:33:55.270000Z,32.68366666666667,-115.84316666666666,2.82,2.2,,,SCEDC,,A,26,0.17,SCSN
10587757,scedc:10587757,2010-04-08T11:36:17.450000Z,32.272666666666666,-115.34583333333332,9.99,2.7,,,SCEDC,,C,37,0.19,SCSN
37035259,scedc:37035259,2010-04-08T11:38:50.730000Z,32.46483333333333,-115.607,9.76,2.4,,,SCEDC,,A,24,0.2,SCSN
10587789,scedc:10587789,2010-04-08T11:43:37.310000Z,32.68866666666667,-115.93716666666668,3.93,2.0,,,SCEDC,,A,32,0.12,SCSN
10587797,scedc:10587797,2010-04-08T11:45:39.280000Z,32.66566666666667,-115.7735,2.6,2.6,,,SCEDC,,A,50,0.19,SCSN
10587813,scedc:10587813,2010-04-08T11:47:59.020000Z,32.693,-116.028,10.67,2.3,,,SCEDC,,A,70,0.18,SCSN
10587821,scedc:10587821,2010-04-08T11:48:36.220000Z,32.64566666666666,-115.76566666666666,9.05,2.2,,,SCEDC,,A,45,0.16,SCSN
10587829,scedc:10587829,2010-04-08T11:52:11.960000Z,32.614666666666665,-115.75366666666666,4.24,2.2,,,SCEDC,,A,45,0.16,SCSN
37035291,scedc:37035291,2010-04-08T11:52:17.550000Z,32.611666666666665,-115.7215,3.69,2.2,,,SCEDC,,B,12,0.34,SCSN
10587853,scedc:10587853,2010-04-08T12:02:12.190000Z,32.72966666666667,-115.89016666666669,2.3,2.4,,,SCEDC,,A,64,0.21,SCSN
10587861,scedc:10587861,2010-04-08T12:03:50.380000Z,32.60666666666667,-115.66316666666668,4.07,2.3,,,SCEDC,,A,18,0.11,SCSN
10587901,scedc:10587901,2010-04-08T12:13:36.740000Z,32.392833333333336,-115.51016666666666,13.78,2.2,,,SCEDC,,B,37,0.21,SCSN
10587933,scedc:10587933,2010-04-08T12:18:42.630000Z,32.714666666666666,-116.01383333333334,7.47,2.0,,,SCEDC,,A,65,0.2,SCSN
10587981,scedc:10587981,2010-04-08T12:35:07.260000Z,32.230333333333334,-115.32166666666669,10.81,2.7,,,SCEDC,,C,35,0.22,SCSN
10588005,scedc:10588005,2010-04-08T12:38:44.320000Z,32.6915,-115.83516666666668,10.99,3.7,,,SCEDC,,A,76,0.22,SCSN
10588013,scedc:10588013,2010-04-08T12:40:41.580000Z,32.68116666666667,-115.83766666666666,11.09,2.5,,,SCEDC,,A,62,0.18,SCSN
10588069,scedc:10588069,2010-04-08T12:50:13.860000Z,32.701166666666666,-115.8295,10.15,2.5,,,SCEDC,,A,64,0.17,SCSN
10588109,scedc:10588109,2010-04-08T13:01:42.520000Z,32.6985,-115.86,4.7,2.2,,,SCEDC,,A,45,0.21,SCSN
30853759,scedc:30853759,2010-04-08T13:05:20.800000Z,32.74033333333333,-115.83533333333334,3.77,2.2,,,SCEDC,,A,20,0.11,SCSN
10588157,scedc:10588157,2010-04-08T13:06:54.030000Z,32.68566666666667,-115.7415,8.46,2.0,,,SCEDC,,A,36,0.17,SCSN
10588165,scedc:10588165,2010-04-08T13:07:17.810000Z,32.73616666666667,-115.84133333333334,3.61,2.0,,,SCEDC,,A,36,0.19,SCSN
10588173,scedc:10588173,2010-04-08T13:08:25.430000Z,32.30733333333333,-115.327,9.98,2.0,,,SCEDC,,C,14,0.08,SCSN
10588197,scedc:10588197,2010-04-08T13:12:32.660000Z,32.335166666666666,-115.375,9.96,2.5,,,SCEDC,,C,18,0.11,SCSN
10588189,scedc:10588189,2010-04-08T13:13:53.000000Z,32.6985,-115.835,8.5,2.2,,,SCEDC,,A,46,0.19,SCSN
10588213,scedc:10588213,2010-04-08T13:19:50.380000Z,32.67433333333334,-115.77,9.06,2.1,,,SCEDC,,A,36,0.15,SCSN
10588237,scedc:10588237,2010-04-08T13:21:45.810000Z,32.736333333333334,-115.831,2.62,2.4,,,SCEDC,,A,19,0.14,SCSN
37037347,scedc:37037347,2010-04-08T13:22:48.430000Z,32.574333333333335,-115.612,0.08,2.1,,,SCEDC,,A,22,0.16,SCSN
10588293,scedc:10588293,2010-04-08T13:46:57.820000Z,32.212833333333336,-115.339,9.99,3.1,,,SCEDC,,C,36,0.23,SCSN
37037387,scedc:37037387,2010-04-08T13:47:35.790000Z,32.66566666666667,-115.76283333333332,9.48,2.1,,,SCEDC,,A,21,0.12,SCSN
10588317,scedc:10588317,2010-04-08T13:52:15.260000Z,32.7065,-115.90666666666668,9.43,2.8,,,SCEDC,,A,58,0.19,SCSN
37037419,scedc:37037419,2010-04-08T13:52:53.470000Z,32.70733333333333,-115.90233333333332,11.26,2.7,,,SCEDC,,A,23,0.09,SCSN
10588413,scedc:10588413,2010-04-08T14:25:19.470000Z,32.66433333333333,-115.7875,8.37,2.3,,,SCEDC,,A,41,0.18,SCSN
10588421,scedc:10588421,2010-04-08T14:26:05.480000Z,32.60166666666667,-115.76566666666666,6.18,3.1,,,SCEDC,,A,72,0.21,SCSN
10588469,scedc:10588469,2010-04-08T14:38:53.300000Z,32.2475,-115.39633333333332,9.99,2.5,,,SCEDC,,C,26,0.26,SCSN
10588493,scedc:10588493,2010-04-08T14:43:03.680000Z,32.39116666666666,-115.505,9.97,2.0,,,SCEDC,,C,8,0.33,SCSN
10588477,scedc:10588477,2010-04-08T14:44:57.850000Z,32.67916666666667,-115.7965,8.38,2.0,,,SCEDC,,A,44,0.17,SCSN
10588501,scedc:10588501,2010-04-08T14:48:24.710000Z,32.818,-116.0925,9.25,2.7,,,SCEDC,,A,98,0.21,SCSN
10588509,scedc:10588509,2010-04-08T14:50:14.200000Z,32.641,-115.78916666666667,2.5,2.8,,,SCEDC,,A,56,0.2,SCSN
10588541,scedc:10588541,2010-04-08T14:57:29.990000Z,32.498333333333335,-115.63016666666668,1.14,2.2,,,SCEDC,,A,29,0.17,SCSN
37039099,scedc:37039099,2010-04-08T14:57:43.340000Z,32.419,-115.55416666666666,13.29,2.9,,,SCEDC,,A,23,0.16,SCSN
37039299,scedc:37039299,2010-04-08T15:05:25.550000Z,32.669666666666664,-115.77283333333334,8.92,2.1,,,SCEDC,,A,22,0.17,SCSN
10588589,scedc:10588589,2010-04-08T15:06:35.550000Z,32.40983333333333,-115.54966666666668,0.54,3.1,,,SCEDC,,A,45,0.22,SCSN
10588613,scedc:10588613,2010-04-08T15:10:28.990000Z,32.6155,-115.74966666666668,9.04,2.1,,,SCEDC,,A,38,0.26,SCSN
10588661,scedc:10588661,2010-04-08T15:15:34.930000Z,32.460166666666666,-115.614,0.69,2.9,,,SCEDC,,A,56,0.24,SCSN
10588693,scedc:10588693,2010-04-08T15:26:02.740000Z,32.68533333333333,-115.80683333333332,8.39,2.1,,,SCEDC,,A,36,0.13,SCSN
10588725,scedc:10588725,2010-04-08T15:34:14.850000Z,32.470333333333336,-115.6465,0.75,2.1,,,SCEDC,,A,31,0.22,SCSN
37039443,scedc:37039443,2010-04-08T15:35:01.430000Z,32.2985,-115.39416666666666,14.99,2.9,,,SCEDC,,C,37,0.19,SCSN
10588749,scedc:10588749,2010-04-08T15:36:34.930000Z,32.584833333333336,-115.733,4.83,2.2,,,SCEDC,,A,35,0.15,SCSN
37039507,scedc:37039507,2010-04-08T15:38:51.420000Z,32.327,-115.44583333333334,9.59,2.1,,,SCEDC,,D,7,0.24,SCSN
10588773,scedc:10588773,2010-04-08T15:42:51.000000Z,32.70583333333333,-115.898,10.97,2.0,,,SCEDC,,A,44,0.12,SCSN
10588789,scedc:10588789,2010-04-08T15:44:58.950000Z,32.61,-115.76116666666668,7.75,4.4,,,SCEDC,,A,62,0.18,SCSN
10588797,scedc:10588797,2010-04-08T15:47:46.400000Z,32.60433333333334,-115.74816666666666,8.63,2.8,,,SCEDC,,A,31,0.15,SCSN
37040203,scedc:37040203,2010-04-08T15:48:06.830000Z,32.614333333333335,-115.7575,7.76,2.3,,,SCEDC,,A,23,0.13,SCSN
10588805,scedc:10588805,2010-04-08T15:49:57.080000Z,32.6165,-115.74283333333334,9.46,2.2,,,SCEDC,,A,28,0.19,SCSN
10588861,scedc:10588861,2010-04-08T16:07:06.980000Z,32.611,-115.75733333333334,8.29,2.0,,,SCEDC,,A,38,0.14,SCSN
10588949,scedc:10588949,2010-04-08T16:27:11.910000Z,32.67616666666667,-115.855,8.01,2.1,,,SCEDC,,A,35,0.16,SCSN
37041171,scedc:37041171,2010-04-08T16:27:21.630000Z,32.47683333333333,-115.58966666666667,13.88,2.8,,,SCEDC,,A,38,0.19,SCSN
10589013,scedc:10589013,2010-04-08T16:41:30.140000Z,32.41,-115.55866666666668,12.33,2.8,,,SCEDC,,A,55,0.19,SCSN
37041963,scedc:37041963,2010-04-08T16:42:01.090000Z,32.33716666666667,-115.282,9.98,2.3,,,SCEDC,,D,12,0.27,SCSN
36013759,scedc:36013759,2010-04-08T16:48:49.010000Z,32.6305,-115.709,4.82,2.4,,,SCEDC,,B,12,0.08,SCSN
37228469,scedc:37228469,2010-04-08T16:50:03.280000Z,32.63616666666667,-115.71366666666668,6.22,2.7,,,SCEDC,,B,13,0.06,SCSN
10589045,scedc:10589045,2010-04-08T16:54:13.340000Z,32.61,-115.75366666666666,4.21,2.6,,,SCEDC,,A,32,0.17,SCSN
10589053,scedc:10589053,2010-04-08T16:54:34.140000Z,32.68483333333333,-115.8365,9.43,3.3,,,SCEDC,,A,76,0.2,SCSN
10589069,scedc:10589069,2010-04-08T17:00:26.270000Z,32.5955,-115.69166666666666,8.14,2.4,,,SCEDC,,A,31,0.13,SCSN
10589077,scedc:10589077,2010-04-08T17:01:20.560000Z,32.60966666666667,-115.74616666666668,8.12,2.0,,,SCEDC,,A,28,0.17,SCSN
10589149,scedc:10589149,2010-04-08T17:17:57.880000Z,32.653333333333336,-115.77566666666668,3.52,2.6,,,SCEDC,,A,48,0.23,SCSN
10589157,scedc:10589157,2010-04-08T17:20:28.310000Z,32.47366666666667,-115.59683333333334,14.46,2.6,,,SCEDC,,A,49,0.22,SCSN
10589165,scedc:10589165,2010-04-08T17:23:51.700000Z,32.68816666666667,-115.83333333333331,9.85,2.3,,,SCEDC,,A,46,0.16,SCSN
10589181,scedc:10589181,2010-04-08T17:29:03.320000Z,33.28483333333333,-116.23916666666666,1.66,2.0,,,SCEDC,,A,78,0.2,SCSN
10589189,scedc:10589189,2010-04-08T17:29:28.580000Z,32.45433333333333,-115.602,13.43,3.3,,,SCEDC,,A,54,0.22,SCSN
37043083,scedc:37043083,2010-04-08T17:30:24.990000Z,32.63783333333333,-115.75316666666669,5.24,2.0,,,SCEDC,,B,13,0.08,SCSN
10589213,scedc:10589213,2010-04-08T17:40:57.200000Z,32.260333333333335,-115.40583333333332,9.99,2.5,,,SCEDC,,C,27,0.14,SCSN
10589229,scedc:10589229,2010-04-08T17:45:29.600000Z,32.60216666666667,-115.6955,7.89,2.2,,,SCEDC,,A,36,0.14,SCSN
10589237,scedc:10589237,2010-04-08T17:46:57.640000Z,32.58,-115.736,2.04,2.4,,,SCEDC,,A,55,0.21,SCSN
10589253,scedc:10589253,2010-04-08T17:48:17.770000Z,32.642833333333336,-115.71733333333331,9.11,2.0,,,SCEDC,,A,29,0.15,SCSN
10589261,scedc:10589261,2010-04-08T17:48:39.510000Z,32.580333333333336,-115.73583333333332,2.34,3.3,,,SCEDC,,A,48,0.19,SCSN
37043347,scedc:37043347,2010-04-08T17:49:04.130000Z,32.58833333333333,-115.7345,3.7,3.1,,,SCEDC,,A,28,0.17,SCSN
10589269,scedc:10589269,2010-04-08T17:50:04.430000Z,32.58383333333333,-115.73766666666668,3.63,3.0,,,SCEDC,,A,49,0.2,SCSN
10589277,scedc:10589277,2010-04-08T17:52:29.910000Z,32.584,-115.73416666666668,2.35,2.2,,,SCEDC,,A,30,0.14,SCSN
10589285,scedc:10589285,2010-04-08T17:53:02.390000Z,32.57816666666667,-115.72166666666666,2.56,2.7,,,SCEDC,,A,40,0.18,SCSN
37043403,scedc:37043403,2010-04-08T17:53:11.620000Z,32.588,-115.70766666666668,4.05,2.5,,,SCEDC,,B,12,0.11,SCSN
37043411,scedc:37043411,2010-04-08T17:53:19.050000Z,32.593666666666664,-115.70366666666666,4.38,2.4,,,SCEDC,,B,9,0.11,SCSN
10589293,scedc:10589293,2010-04-08T17:55:27.630000Z,32.656,-115.7555,9.12,2.2,,,SCEDC,,A,45,0.21,SCSN
10589301,scedc:10589301,2010-04-08T17:55:59.120000Z,32.57,-115.7205,2.19,2.3,,,SCEDC,,A,25,0.13,SCSN
37043963,scedc:37043963,2010-04-08T17:57:32.400000Z,32.603,-115.76233333333332,4.22,2.0,,,SCEDC,,A,22,0.2,SCSN
10589365,scedc:10589365,2010-04-08T18:09:54.720000Z,32.68216666666667,-116.03283333333331,10.18,2.1,,,SCEDC,,A,52,0.16,SCSN
10589381,scedc:10589381,2010-04-08T18:10:45.700000Z,34.2715,-118.50033333333332,11.75,2.3,,,SCEDC,,A,36,0.16,SCSN
10589389,scedc:10589389,2010-04-08T18:16:08.310000Z,32.57633333333333,-115.7275,2.48,2.6,,,SCEDC,,A,50,0.2,SCSN
10589397,scedc:10589397,2010-04-08T18:19:43.660000Z,32.673,-115.74816666666666,10.52,2.0,,,SCEDC,,A,25,0.14,SCSN
10589437,scedc:10589437,2010-04-08T18:26:09.300000Z,32.694833333333335,-115.78766666666668,7.66,2.1,,,SCEDC,,A,46,0.15,SCSN
37228461,scedc:37228461,2010-04-08T18:30:35.270000Z,32.3365,-115.32283333333334,9.97,2.4,,,SCEDC,,C,18,0.17,SCSN
10589469,scedc:10589469,2010-04-08T18:34:56.220000Z,32.684333333333335,-115.7455,8.46,2.1,,,SCEDC,,A,32,0.15,SCSN
10589509,scedc:10589509,2010-04-08T18:50:44.800000Z,32.721666666666664,-115.887,4.85,2.1,,,SCEDC,,A,50,0.19,SCSN
10589549,scedc:10589549,2010-04-08T18:59:59.030000Z,32.6745,-115.76783333333331,4.54,2.7,,,SCEDC,,A,66,0.22,SCSN
10589613,scedc:10589613,2010-04-08T19:14:35.210000Z,32.28333333333333,-115.4095,9.99,2.9,,,SCEDC,,C,40,0.18,SCSN
10589645,scedc:10589645,2010-04-08T19:20:02.570000Z,32.361333333333334,-115.36816666666668,9.97,2.1,,,SCEDC,,C,10,0.1,SCSN
10589677,scedc:10589677,2010-04-08T19:27:36.350000Z,32.669333333333334,-115.82016666666668,11.21,3.3,,,SCEDC,,A,72,0.21,SCSN
37046347,scedc:37046347,2010-04-08T19:28:04.280000Z,32.599666666666664,-115.74466666666666,8.14,2.9,,,SCEDC,,A,22,0.15,SCSN
10589725,scedc:10589725,2010-04-08T19:34:57.320000Z,32.7065,-115.85616666666668,4.89,2.1,,,SCEDC,,A,23,0.13,SCSN
10589741,scedc:10589741,2010-04-08T19:44:54.260000Z,32.687666666666665,-115.8145,10.24,2.0,,,SCEDC,,A,34,0.15,SCSN
10589773,scedc:10589773,2010-04-08T19:50:39.860000Z,32.623333333333335,-115.70216666666668,7.71,2.0,,,SCEDC,,A,38,0.21,SCSN
10589885,scedc:10589885,2010-04-08T20:17:46.880000Z,32.325833333333335,-115.37066666666666,9.55,2.1,,,SCEDC,,C,17,0.17,SCSN
10589941,scedc:10589941,2010-04-08T20:30:01.330000Z,32.64383333333333,-115.723,8.88,2.0,,,SCEDC,,A,25,0.14,SCSN
10589957,scedc:10589957,2010-04-08T20:41:58.400000Z,32.621,-115.771,10.22,2.0,,,SCEDC,,A,44,0.16,SCSN
10589965,scedc:10589965,2010-04-08T20:44:03.930000Z,32.41433333333333,-115.42666666666666,17.28,2.4,,,SCEDC,,C,28,0.18,SCSN
10589989,scedc:10589989,2010-04-08T20:49:57.020000Z,32.54783333333334,-115.63516666666666,14.01,2.4,,,SCEDC,,A,41,0.22,SCSN
10589997,scedc:10589997,2010-04-08T20:52:44.610000Z,32.6855,-115.94333333333331,2.72,2.4,,,SCEDC,,A,53,0.2,SCSN
10590013,scedc:10590013,2010-04-08T21:01:11.310000Z,32.68866666666667,-115.91016666666668,10.17,3.4,,,SCEDC,,A,77,0.21,SCSN
10590037,scedc:10590037,2010-04-08T21:05:39.370000Z,32.703833333333336,-115.844,7.59,2.2,,,SCEDC,,A,32,0.18,SCSN
10590061,scedc:10590061,2010-04-08T21:14:29.250000Z,32.701166666666666,-115.89033333333332,7.59,2.9,,,SCEDC,,A,58,0.18,SCSN
10590125,scedc:10590125,2010-04-08T21:32:52.160000Z,32.33416666666667,-115.40533333333332,19.12,3.3,,,SCEDC,,A,40,0.13,SCSN
10590141,scedc:10590141,2010-04-08T21:37:15.930000Z,32.671166666666664,-115.78533333333333,9.7,2.0,,,SCEDC,,A,36,0.15,SCSN
10590173,scedc:10590173,2010-04-08T21:45:55.400000Z,32.52,-115.66433333333332,6.87,2.2,,,SCEDC,,B,34,0.21,SCSN
10590181,scedc:10590181,2010-04-08T21:47:13.850000Z,32.68333333333333,-115.84,5.62,2.1,,,SCEDC,,A,46,0.19,SCSN
10590253,scedc:10590253,2010-04-08T22:02:48.870000Z,32.66416666666667,-115.75933333333332,9.28,2.0,,,SCEDC,,A,42,0.13,SCSN
10590269,scedc:10590269,2010-04-08T22:04:28.760000Z,32.76283333333333,-115.49666666666668,16.02,2.1,,,SCEDC,,A,23,0.18,SCSN
37050475,scedc:37050475,2010-04-08T22:04:47.860000Z,32.632,-116.11683333333332,7.26,2.0,,,SCEDC,,A,18,0.11,SCSN
10590293,scedc:10590293,2010-04-08T22:16:52.460000Z,32.67366666666667,-115.84866666666667,8.27,2.0,,,SCEDC,,A,40,0.17,SCSN
10590325,scedc:10590325,2010-04-08T22:23:09.410000Z,32.698166666666665,-115.90816666666667,9.71,3.3,,,SCEDC,,A,80,0.18,SCSN
10590333,scedc:10590333,2010-04-08T22:24:34.910000Z,32.665,-115.774,8.46,2.1,,,SCEDC,,A,44,0.19,SCSN
10590365,scedc:10590365,2010-04-08T22:32:47.610000Z,32.38483333333333,-115.3875,9.44,2.4,,,SCEDC,,C,15,0.22,SCSN
10590373,scedc:10590373,2010-04-08T22:35:22.070000Z,32.705666666666666,-115.88983333333331,6.7,2.3,,,SCEDC,,A,65,0.18,SCSN
10590381,scedc:10590381,2010-04-08T22:37:26.270000Z,32.31616666666667,-115.3885,9.44,2.6,,,SCEDC,,C,25,0.19,SCSN
37052235,scedc:37052235,2010-04-08T22:37:34.310000Z,32.30566666666667,-115.35583333333334,9.43,2.3,,,SCEDC,,D,8,0.33,SCSN
37052243,scedc:37052243,2010-04-08T22:37:54.640000Z,32.618833333333335,-115.76483333333331,4.79,2.3,,,SCEDC,,A,23,0.17,SCSN
37052259,scedc:37052259,2010-04-08T22:42:38.720000Z,32.70366666666666,-115.90583333333332,10.27,2.1,,,SCEDC,,A,38,0.12,SCSN
10590389,scedc:10590389,2010-04-08T22:42:40.350000Z,32.69583333333333,-115.9105,9.88,2.4,,,SCEDC,,A,38,0.21,SCSN
10590405,scedc:10590405,2010-04-08T22:44:37.130000Z,32.26416666666667,-115.38033333333334,9.44,2.9,,,SCEDC,,C,39,0.22,SCSN
37052283,scedc:37052283,2010-04-08T22:45:16.310000Z,32.652166666666666,-115.72566666666668,10.54,2.1,,,SCEDC,,A,29,0.15,SCSN
10590429,scedc:10590429,2010-04-08T22:53:53.790000Z,32.64966666666667,-115.7345,8.19,2.1,,,SCEDC,,A,35,0.17,SCSN
10590437,scedc:10590437,2010-04-08T22:54:50.450000Z,32.36233333333333,-115.457,9.99,2.0,,,SCEDC,,C,26,0.16,SCSN
10590461,scedc:10590461,2010-04-08T23:01:36.180000Z,32.30766666666667,-115.3255,18.44,2.5,,,SCEDC,,A,26,0.17,SCSN
10590493,scedc:10590493,2010-04-08T23:06:22.520000Z,32.56766666666667,-115.68033333333334,11.33,2.7,,,SCEDC,,A,52,0.18,SCSN
10590517,scedc:10590517,2010-04-08T23:17:46.010000Z,32.27,-115.431,9.44,2.3,,,SCEDC,,C,19,0.17,SCSN
10590525,scedc:10590525,2010-04-08T23:19:14.110000Z,32.63516666666666,-115.73666666666666,10.03,2.6,,,SCEDC,,A,59,0.16,SCSN
10590533,scedc:10590533,2010-04-08T23:21:00.820000Z,32.602333333333334,-115.75433333333334,8.49,2.5,,,SCEDC,,A,36,0.22,SCSN
10590541,scedc:10590541,2010-04-08T23:22:53.680000Z,32.3765,-115.55666666666669,9.99,2.4,,,SCEDC,,C,17,0.16,SCSN
37228453,scedc:37228453,2010-04-08T23:24:37.060000Z,32.24816666666667,-115.407,14.99,2.2,,,SCEDC,,C,15,0.13,SCSN
10590565,scedc:10590565,2010-04-08T23:33:42.900000Z,32.52166666666667,-115.606,11.91,2.0,,,SCEDC,,B,27,0.2,SCSN
37053323,scedc:37053323,2010-04-08T23:34:03.470000Z,32.708333333333336,-115.97916666666669,8.96,2.6,,,SCEDC,,A,61,0.18,SCSN
10590621,scedc:10590621,2010-04-08T23:46:48.030000Z,32.70766666666667,-115.89183333333334,4.96,2.1,,,SCEDC,,C,13,0.19,SCSN
10590653,scedc:10590653,2010-04-08T23:53:10.820000Z,32.689166666666665,-115.7935,10.1,2.0,,,SCEDC,,A,43,0.16,SCSN
10590661,scedc:10590661,2010-04-08T23:55:11.240000Z,32.62416666666667,-115.76733333333334,4.84,3.2,,,SCEDC,,A,65,0.19,SCSN
10590669,scedc:10590669,2010-04-08T23:56:09.070000Z,32.6145,-115.76516666666669,4.21,3.4,,,SCEDC,,A,62,0.15,SCSN
10590677,scedc:10590677,2010-04-08T23:59:23.540000Z,32.607,-115.75233333333334,7.05,2.3,,,SCEDC,,A,47,0.18,SCSN
37053803,scedc:37053803,2010-04-09T00:00:59.240000Z,32.348166666666664,-115.47966666666667,9.43,3.0,,,SCEDC,,C,11,0.29,SCSN
30933767,scedc:30933767,2010-04-09T00:01:01.370000Z,32.61666666666667,-115.76383333333334,4.43,2.9,,,SCEDC,,A,58,0.19,SCSN
10590701,scedc:10590701,2010-04-09T00:07:21.150000Z,32.70483333333333,-115.8895,7.84,2.4,,,SCEDC,,A,67,0.22,SCSN
30997759,scedc:30997759,2010-04-09T00:14:42.720000Z,32.3425,-115.40016666666666,9.43,2.8,,,SCEDC,,C,26,0.19,SCSN
10590733,scedc:10590733,2010-04-09T00:16:45.670000Z,32.32116666666667,-115.39866666666668,9.99,2.5,,,SCEDC,,C,37,0.13,SCSN
10590725,scedc:10590725,2010-04-09T00:19:01.070000Z,32.282833333333336,-115.39766666666668,9.44,4.1,,,SCEDC,,C,28,0.23,SCSN
31021759,scedc:31021759,2010-04-09T00:21:01.400000Z,32.5075,-115.66316666666668,0.3,2.1,,,SCEDC,,C,15,0.26,SCSN
31029759,scedc:31029759,2010-04-09T00:21:07.720000Z,32.60883333333334,-115.69083333333332,11.96,2.5,,,SCEDC,,B,22,0.16,SCSN
10590741,scedc:10590741,2010-04-09T00:22:10.360000Z,32.66133333333333,-115.79483333333332,8.1,2.9,,,SCEDC,,A,58,0.24,SCSN
10590757,scedc:10590757,2010-04-09T00:26:34.870000Z,32.689166666666665,-115.90933333333334,10.62,3.1,,,SCEDC,,A,73,0.23,SCSN
31253759,scedc:31253759,2010-04-09T00:27:23.120000Z,32.6785,-115.79716666666668,8.63,2.3,,,SCEDC,,A,58,0.18,SCSN
10590821,scedc:10590821,2010-04-09T00:38:07.780000Z,32.3095,-115.383,9.44,2.4,,,SCEDC,,C,36,0.16,SCSN
31293759,scedc:31293759,2010-04-09T00:38:32.000000Z,32.31183333333333,-115.31566666666669,18.44,2.4,,,SCEDC,,A,33,0.16,SCSN
10590837,scedc:10590837,2010-04-09T00:43:27.750000Z,32.658,-115.77616666666668,8.96,2.6,,,SCEDC,,A,72,0.31,SCSN
10590869,scedc:10590869,2010-04-09T00:51:19.830000Z,32.6655,-115.777,8.72,2.4,,,SCEDC,,A,54,0.19,SCSN
31357759,scedc:31357759,2010-04-09T00:51:35.600000Z,32.698,-115.90716666666668,10.76,2.1,,,SCEDC,,A,42,0.14,SCSN
31365759,scedc:31365759,2010-04-09T00:51:59.050000Z,32.696333333333335,-115.907,10.46,2.0,,,SCEDC,,A,43,0.2,SCSN
10590885,scedc:10590885,2010-04-09T00:52:34.270000Z,32.63733333333333,-115.70516666666668,9.54,2.3,,,SCEDC,,A,54,0.18,SCSN
10590893,scedc:10590893,2010-04-09T00:53:33.880000Z,32.4775,-115.62316666666666,8.66,3.1,,,SCEDC,,A,60,0.21,SCSN
10590917,scedc:10590917,2010-04-09T00:59:37.270000Z,32.623333333333335,-116.12683333333334,6.16,2.4,,,SCEDC,,A,60,0.22,SCSN
10590941,scedc:10590941,2010-04-09T01:10:20.540000Z,32.68083333333333,-115.7525,8.6,2.4,,,SCEDC,,A,53,0.18,SCSN
10590957,scedc:10590957,2010-04-09T01:17:48.580000Z,32.407833333333336,-115.46916666666668,9.44,2.0,,,SCEDC,,C,24,0.21,SCSN
10591013,scedc:10591013,2010-04-09T01:34:17.970000Z,32.313,-115.448,9.44,2.1,,,SCEDC,,C,29,0.19,SCSN
10591069,scedc:10591069,2010-04-09T01:49:52.530000Z,34.002,-116.80383333333332,17.8,2.1,,,SCEDC,,A,78,0.15,SCSN
10591093,scedc:10591093,2010-04-09T01:57:48.970000Z,32.6135,-115.73683333333334,2.61,2.2,,,SCEDC,,A,41,0.22,SCSN
10591101,scedc:10591101,2010-04-09T02:06:49.580000Z,32.31366666666667,-115.29333333333334,14.44,2.0,,,SCEDC,,C,22,0.14,SCSN
10591109,scedc:10591109,2010-04-09T02:12:05.060000Z,32.70016666666667,-115.78533333333333,10.34,2.0,,,SCEDC,,A,52,0.22,SCSN
10591125,scedc:10591125,2010-04-09T02:16:19.440000Z,32.6865,-115.85833333333332,7.09,3.1,,,SCEDC,,A,64,0.19,SCSN
10591165,scedc:10591165,2010-04-09T02:31:06.900000Z,32.69433333333333,-115.90966666666668,10.38,2.3,,,SCEDC,,A,60,0.2,SCSN
10591261,scedc:10591261,2010-04-09T02:46:37.340000Z,32.60783333333333,-115.7595,8.66,2.9,,,SCEDC,,A,61,0.19,SCSN
10591269,scedc:10591269,2010-04-09T02:49:39.760000Z,32.69916666666667,-115.7885,8.74,2.2,,,SCEDC,,A,51,0.18,SCSN
31653759,scedc:31653759,2010-04-09T02:52:19.400000Z,32.2535,-115.34983333333334,18.02,2.3,,,SCEDC,,A,24,0.21,SCSN
37065499,scedc:37065499,2010-04-09T02:52:48.980000Z,32.222833333333334,-115.38233333333334,9.44,2.0,,,SCEDC,,C,9,0.14,SCSN
10591285,scedc:10591285,2010-04-09T02:53:22.070000Z,32.650666666666666,-115.72283333333333,9.76,2.0,,,SCEDC,,A,43,0.19,SCSN
10591293,scedc:10591293,2010-04-09T02:53:31.150000Z,32.41116666666667,-115.56566666666669,0.06,2.2,,,SCEDC,,A,35,0.14,SCSN
10591317,scedc:10591317,2010-04-09T03:00:08.770000Z,32.28183333333333,-115.36133333333332,9.44,2.6,,,SCEDC,,C,18,0.24,SCSN
10591349,scedc:10591349,2010-04-09T03:22:25.920000Z,32.39233333333333,-115.495,14.9,2.6,,,SCEDC,,A,45,0.2,SCSN
10591381,scedc:10591381,2010-04-09T03:53:43.400000Z,32.29383333333333,-115.3315,18.18,2.3,,,SCEDC,,A,29,0.23,SCSN
10591437,scedc:10591437,2010-04-09T04:25:21.080000Z,32.55716666666667,-115.679,11.09,2.0,,,SCEDC,,A,37,0.15,SCSN
30917759,scedc:30917759,2010-04-09T04:26:53.390000Z,32.684333333333335,-115.75233333333334,7.19,2.3,,,SCEDC,,A,28,0.2,SCSN
10591461,scedc:10591461,2010-04-09T04:27:53.620000Z,32.554,-115.69883333333334,7.54,2.2,,,SCEDC,,A,31,0.17,SCSN
10591493,scedc:10591493,2010-04-09T04:29:47.910000Z,34.2725,-118.4965,10.71,2.0,,,SCEDC,,A,40,0.2,SCSN
30925759,scedc:30925759,2010-04-09T04:34:40.000000Z,32.7935,-116.02383333333331,12.01,2.0,,,SCEDC,,A,47,0.17,SCSN
10591525,scedc:10591525,2010-04-09T04:34:44.960000Z,32.788833333333336,-116.0315,11.83,3.4,,,SCEDC,,A,48,0.18,SCSN
37066451,scedc:37066451,2010-04-09T04:34:46.260000Z,32.3315,-115.357,9.44,3.7,,,SCEDC,,C,17,0.19,SCSN
10591549,scedc:10591549,2010-04-09T04:37:00.890000Z,32.68833333333333,-115.834,8.53,2.2,,,SCEDC,,A,35,0.15,SCSN
37066467,scedc:37066467,2010-04-09T04:37:43.890000Z,32.65266666666667,-115.65233333333332,4.62,2.0,,,SCEDC,,B,9,0.09,SCSN
10591557,scedc:10591557,2010-04-09T04:38:13.920000Z,32.7905,-116.03183333333334,10.88,2.1,,,SCEDC,,A,44,0.19,SCSN
10591573,scedc:10591573,2010-04-09T04:40:38.250000Z,32.67483333333333,-115.78983333333332,8.3,2.0,,,SCEDC,,A,41,0.17,SCSN
10591581,scedc:10591581,2010-04-09T04:43:00.540000Z,32.31633333333333,-115.49266666666666,9.97,2.1,,,SCEDC,,C,10,0.14,SCSN
10591669,scedc:10591669,2010-04-09T05:17:13.820000Z,32.33,-115.45583333333332,7.87,2.1,,,SCEDC,,B,29,0.18,SCSN
10591685,scedc:10591685,2010-04-09T05:20:13.090000Z,32.66866666666667,-115.77466666666666,8.8,2.4,,,SCEDC,,A,46,0.17,SCSN
10591717,scedc:10591717,2010-04-09T05:31:19.660000Z,32.650666666666666,-115.78,3.85,2.3,,,SCEDC,,A,42,0.17,SCSN
37067731,scedc:37067731,2010-04-09T05:38:00.710000Z,32.2455,-115.39816666666668,9.43,2.5,,,SCEDC,,C,19,0.28,SCSN
10591741,scedc:10591741,2010-04-09T05:38:28.360000Z,32.211666666666666,-115.36683333333332,9.43,3.1,,,SCEDC,,C,20,0.18,SCSN
37067755,scedc:37067755,2010-04-09T05:39:56.900000Z,32.5895,-115.7045,2.58,2.0,,,SCEDC,,A,23,0.16,SCSN
10591757,scedc:10591757,2010-04-09T05:44:03.430000Z,32.6825,-115.804,9.56,2.7,,,SCEDC,,A,57,0.22,SCSN
10591797,scedc:10591797,2010-04-09T05:55:23.590000Z,32.295833333333334,-115.44983333333332,14.43,2.8,,,SCEDC,,C,18,0.23,SCSN
37070283,scedc:37070283,2010-04-09T05:55:39.790000Z,32.67966666666667,-115.77083333333331,7.54,2.1,,,SCEDC,,A,20,0.16,SCSN
10591805,scedc:10591805,2010-04-09T06:01:13.010000Z,32.6845,-115.755,6.94,2.1,,,SCEDC,,A,43,0.21,SCSN
10591829,scedc:10591829,2010-04-09T06:10:04.780000Z,32.259,-115.31266666666669,6.41,2.7,,,SCEDC,,C,24,0.2,SCSN
37070467,scedc:37070467,2010-04-09T06:11:26.510000Z,32.267833333333336,-115.37466666666668,17.32,2.3,,,SCEDC,,C,23,0.15,SCSN
10591845,scedc:10591845,2010-04-09T06:12:25.740000Z,32.716833333333334,-115.82316666666668,3.67,2.6,,,SCEDC,,A,60,0.2,SCSN
10591853,scedc:10591853,2010-04-09T06:15:07.100000Z,32.6215,-115.76216666666669,3.02,2.3,,,SCEDC,,A,59,0.2,SCSN
37070523,scedc:37070523,2010-04-09T06:23:38.420000Z,32.6785,-115.80783333333332,7.17,2.2,,,SCEDC,,A,22,0.07,SCSN
10591965,scedc:10591965,2010-04-09T06:28:33.480000Z,32.6785,-115.9145,4.24,2.0,,,SCEDC,,A,46,0.23,SCSN
10591973,scedc:10591973,2010-04-09T06:29:40.500000Z,32.679,-115.84616666666666,9.67,2.3,,,SCEDC,,A,61,0.2,SCSN
10591981,scedc:10591981,2010-04-09T06:30:45.940000Z,32.61983333333333,-115.77716666666667,4.61,2.6,,,SCEDC,,A,52,0.2,SCSN
10592021,scedc:10592021,2010-04-09T06:41:53.330000Z,32.69116666666667,-115.79716666666668,9.43,2.6,,,SCEDC,,A,66,0.18,SCSN
10592029,scedc:10592029,2010-04-09T06:43:35.350000Z,32.5655,-115.6905,6.9,2.2,,,SCEDC,,A,40,0.16,SCSN
10592045,scedc:10592045,2010-04-09T06:48:19.140000Z,32.247166666666665,-115.3755,9.96,2.2,,,SCEDC,,C,14,0.27,SCSN
37070955,scedc:37070955,2010-04-09T06:52:31.380000Z,32.64516666666667,-115.70283333333332,8.66,2.7,,,SCEDC,,A,18,0.19,SCSN
37070963,scedc:37070963,2010-04-09T06:53:27.980000Z,32.50683333333333,-115.5075,2.57,2.5,,,SCEDC,,C,14,0.25,SCSN
10592077,scedc:10592077,2010-04-09T07:00:46.690000Z,32.684333333333335,-115.80316666666668,9.7,2.3,,,SCEDC,,A,57,0.2,SCSN
10592141,scedc:10592141,2010-04-09T07:17:13.730000Z,32.294,-115.33033333333331,18.2,2.4,,,SCEDC,,A,21,0.17,SCSN
10592181,scedc:10592181,2010-04-09T07:29:57.710000Z,32.3735,-115.39766666666668,14.44,2.4,,,SCEDC,,C,32,0.16,SCSN
10592213,scedc:10592213,2010-04-09T07:47:30.880000Z,32.3295,-115.422,14.44,3.8,,,SCEDC,,C,43,0.22,SCSN
10592237,scedc:10592237,2010-04-09T07:54:17.840000Z,32.589333333333336,-115.6815,10.96,2.5,,,SCEDC,,A,57,0.22,SCSN
10592277,scedc:10592277,2010-04-09T08:03:50.890000Z,32.54816666666667,-115.6055,12.86,2.0,,,SCEDC,,B,31,0.2,SCSN
37071531,scedc:37071531,2010-04-09T08:04:25.990000Z,32.446333333333335,-115.76566666666666,9.7,2.0,,,SCEDC,,A,28,0.11,SCSN
37071731,scedc:37071731,2010-04-09T08:15:08.490000Z,32.721,-115.78133333333334,15.01,2.0,,,SCEDC,,C,15,0.19,SCSN
10592341,scedc:10592341,2010-04-09T08:18:28.380000Z,32.58566666666667,-115.71283333333334,3.5,2.7,,,SCEDC,,A,52,0.22,SCSN
10592365,scedc:10592365,2010-04-09T08:28:08.940000Z,32.5165,-115.62683333333334,12.87,2.2,,,SCEDC,,A,48,0.25,SCSN
10592389,scedc:10592389,2010-04-09T08:33:24.920000Z,32.23716666666667,-115.34,4.86,2.0,,,SCEDC,,C,14,0.07,SCSN
10592405,scedc:10592405,2010-04-09T08:38:53.000000Z,32.93933333333333,-116.29033333333334,8.96,2.1,,,SCEDC,,A,52,0.21,SCSN
10592445,scedc:10592445,2010-04-09T08:50:34.400000Z,32.3265,-115.4685,18.51,3.0,,,SCEDC,,A,38,0.14,SCSN
10592461,scedc:10592461,2010-04-09T08:53:54.320000Z,32.26916666666666,-115.45283333333332,10.0,2.0,,,SCEDC,,C,16,0.16,SCSN
10592453,scedc:10592453,2010-04-09T08:56:14.510000Z,32.632333333333335,-115.73483333333331,4.22,2.1,,,SCEDC,,A,35,0.21,SCSN
10592469,scedc:10592469,2010-04-09T08:57:31.040000Z,32.32233333333333,-115.345,12.89,2.4,,,SCEDC,,A,25,0.12,SCSN
10592477,scedc:10592477,2010-04-09T08:58:21.110000Z,32.5035,-115.6285,13.77,2.4,,,SCEDC,,A,32,0.22,SCSN
10592517,scedc:10592517,2010-04-09T09:04:38.350000Z,32.2795,-115.37483333333331,9.96,2.1,,,SCEDC,,C,12,0.4,SCSN
10592501,scedc:10592501,2010-04-09T09:06:06.510000Z,32.72083333333333,-115.9005,2.49,2.7,,,SCEDC,,A,50,0.21,SCSN
10592605,scedc:10592605,2010-04-09T09:36:28.910000Z,32.36,-115.4155,8.75,2.3,,,SCEDC,,B,30,0.22,SCSN
10592613,scedc:10592613,2010-04-09T09:40:02.530000Z,32.602666666666664,-115.75216666666668,4.16,2.4,,,SCEDC,,A,49,0.18,SCSN
10592621,scedc:10592621,2010-04-09T09:42:16.630000Z,32.42216666666667,-115.4575,14.44,2.8,,,SCEDC,,C,39,0.19,SCSN
10592717,scedc:10592717,2010-04-09T10:06:02.030000Z,32.28216666666667,-115.3465,14.43,2.8,,,SCEDC,,C,30,0.23,SCSN
10592725,scedc:10592725,2010-04-09T10:09:04.150000Z,32.374833333333335,-115.3905,14.43,3.3,,,SCEDC,,C,33,0.19,SCSN
37073019,scedc:37073019,2010-04-09T10:10:16.220000Z,32.60016666666667,-115.74683333333331,7.95,2.0,,,SCEDC,,A,20,0.12,SCSN
10592781,scedc:10592781,2010-04-09T10:28:02.750000Z,32.66316666666667,-115.76583333333332,9.57,2.5,,,SCEDC,,A,47,0.18,SCSN
10592829,scedc:10592829,2010-04-09T10:34:51.500000Z,32.49666666666667,-115.62583333333332,13.65,2.8,,,SCEDC,,A,49,0.23,SCSN
10592837,scedc:10592837,2010-04-09T10:35:58.350000Z,32.63,-116.12283333333332,5.08,2.3,,,SCEDC,,C,45,0.2,SCSN
10592853,scedc:10592853,2010-04-09T10:47:02.730000Z,32.57816666666667,-115.67466666666668,11.24,2.3,,,SCEDC,,A,45,0.18,SCSN
10592861,scedc:10592861,2010-04-09T10:48:44.340000Z,32.66983333333334,-115.8425,7.91,2.5,,,SCEDC,,A,55,0.2,SCSN
10592925,scedc:10592925,2010-04-09T11:02:30.960000Z,32.581,-115.7515,3.1,2.9,,,SCEDC,,A,54,0.22,SCSN
37073803,scedc:37073803,2010-04-09T11:03:16.120000Z,32.60333333333333,-115.73916666666666,4.86,2.0,,,SCEDC,,A,16,0.13,SCSN
10592933,scedc:10592933,2010-04-09T11:08:00.900000Z,32.67216666666667,-115.91883333333334,3.99,2.1,,,SCEDC,,A,46,0.18,SCSN
10592941,scedc:10592941,2010-04-09T11:09:49.030000Z,32.30433333333333,-115.3385,14.43,2.5,,,SCEDC,,C,26,0.18,SCSN
10592949,scedc:10592949,2010-04-09T11:12:08.010000Z,32.60633333333333,-115.76283333333332,6.74,2.6,,,SCEDC,,A,49,0.17,SCSN
10592981,scedc:10592981,2010-04-09T11:23:40.480000Z,32.473,-115.60516666666666,13.31,2.5,,,SCEDC,,A,46,0.17,SCSN
10592997,scedc:10592997,2010-04-09T11:26:58.400000Z,32.66866666666667,-115.78733333333334,9.09,2.2,,,SCEDC,,A,56,0.19,SCSN
10593013,scedc:10593013,2010-04-09T11:30:22.100000Z,32.512,-115.63216666666666,12.18,2.0,,,SCEDC,,A,34,0.23,SCSN
10593021,scedc:10593021,2010-04-09T11:33:23.710000Z,32.4045,-115.4955,9.45,2.3,,,SCEDC,,C,15,0.24,SCSN
10593045,scedc:10593045,2010-04-09T11:39:05.280000Z,32.617666666666665,-115.76166666666668,6.67,2.5,,,SCEDC,,A,29,0.18,SCSN
10593061,scedc:10593061,2010-04-09T11:41:56.540000Z,32.63033333333333,-115.72583333333333,9.01,2.0,,,SCEDC,,A,18,0.22,SCSN
10593077,scedc:10593077,2010-04-09T11:48:03.490000Z,32.689166666666665,-115.792,8.71,2.2,,,SCEDC,,A,54,0.18,SCSN
10593093,scedc:10593093,2010-04-09T11:48:44.110000Z,32.428333333333335,-115.55866666666668,7.53,2.1,,,SCEDC,,C,36,0.17,SCSN
10593117,scedc:10593117,2010-04-09T11:54:08.490000Z,32.588,-115.75133333333332,7.92,2.0,,,SCEDC,,A,35,0.19,SCSN
10593125,scedc:10593125,2010-04-09T11:56:24.080000Z,32.602666666666664,-115.763,7.29,2.6,,,SCEDC,,A,53,0.21,SCSN
10593133,scedc:10593133,2010-04-09T11:58:42.250000Z,32.608333333333334,-115.76283333333332,6.82,2.4,,,SCEDC,,A,34,0.15,SCSN
10593141,scedc:10593141,2010-04-09T11:59:02.040000Z,32.606833333333334,-115.76483333333331,7.25,3.5,,,SCEDC,,A,59,0.19,SCSN
10593149,scedc:10593149,2010-04-09T12:03:04.480000Z,32.6275,-115.72066666666667,4.92,2.2,,,SCEDC,,A,48,0.22,SCSN
10593181,scedc:10593181,2010-04-09T12:04:05.900000Z,32.252833333333335,-115.412,8.98,2.7,,,SCEDC,,C,22,0.29,SCSN
10593165,scedc:10593165,2010-04-09T12:05:27.560000Z,32.53,-115.64116666666666,13.04,2.2,,,SCEDC,,A,42,0.16,SCSN
10593189,scedc:10593189,2010-04-09T12:07:26.270000Z,32.5685,-115.6785,9.41,2.1,,,SCEDC,,A,41,0.16,SCSN
10593197,scedc:10593197,2010-04-09T12:11:24.200000Z,32.32366666666667,-115.4025,14.44,2.6,,,SCEDC,,C,27,0.24,SCSN
10593205,scedc:10593205,2010-04-09T12:13:32.540000Z,32.6575,-115.72083333333332,10.62,2.1,,,SCEDC,,A,35,0.18,SCSN
10593221,scedc:10593221,2010-04-09T12:15:05.390000Z,32.592666666666666,-115.74433333333332,3.75,2.1,,,SCEDC,,A,38,0.2,SCSN
10593245,scedc:10593245,2010-04-09T12:19:42.100000Z,32.7265,-115.88583333333334,4.76,2.2,,,SCEDC,,A,38,0.18,SCSN
10593309,scedc:10593309,2010-04-09T12:30:57.060000Z,32.655833333333334,-115.72816666666668,10.29,2.4,,,SCEDC,,A,54,0.19,SCSN
10593333,scedc:10593333,2010-04-09T12:41:50.520000Z,32.73083333333334,-115.88683333333331,2.86,2.1,,,SCEDC,,A,57,0.18,SCSN
10593357,scedc:10593357,2010-04-09T12:50:14.350000Z,32.45916666666667,-115.574,7.59,2.8,,,SCEDC,,B,31,0.24,SCSN
10593381,scedc:10593381,2010-04-09T12:55:10.930000Z,32.66716666666667,-115.79216666666667,8.96,2.8,,,SCEDC,,A,68,0.21,SCSN
37074619,scedc:37074619,2010-04-09T12:57:24.330000Z,32.4375,-115.59116666666668,9.17,2.2,,,SCEDC,,C,30,0.2,SCSN
10593413,scedc:10593413,2010-04-09T13:13:58.950000Z,32.60766666666667,-115.72133333333332,10.87,2.1,,,SCEDC,,A,55,0.18,SCSN
10593493,scedc:10593493,2010-04-09T13:36:58.240000Z,32.60516666666667,-115.76266666666666,7.39,2.1,,,SCEDC,,A,47,0.18,SCSN
30957759,scedc:30957759,2010-04-09T13:48:18.090000Z,32.261833333333335,-115.40583333333332,9.44,2.0,,,SCEDC,,C,21,0.26,SCSN
10593557,scedc:10593557,2010-04-09T13:49:49.960000Z,32.317,-115.44033333333331,13.78,2.5,,,SCEDC,,A,25,0.21,SCSN
10593597,scedc:10593597,2010-04-09T13:57:50.320000Z,32.72083333333333,-115.8935,2.93,2.7,,,SCEDC,,A,52,0.21,SCSN
10593605,scedc:10593605,2010-04-09T13:59:47.250000Z,32.62916666666667,-115.72266666666668,2.72,2.4,,,SCEDC,,A,39,0.19,SCSN
10593621,scedc:10593621,2010-04-09T14:02:54.410000Z,32.718666666666664,-115.8875,5.14,2.1,,,SCEDC,,A,35,0.16,SCSN
10593685,scedc:10593685,2010-04-09T14:19:29.240000Z,32.5305,-115.59533333333331,13.15,2.6,,,SCEDC,,A,36,0.16,SCSN
31037759,scedc:31037759,2010-04-09T14:19:50.310000Z,32.644333333333336,-115.70516666666668,7.25,2.3,,,SCEDC,,A,19,0.11,SCSN
10593701,scedc:10593701,2010-04-09T14:22:58.790000Z,32.39183333333333,-115.51983333333334,7.89,2.3,,,SCEDC,,A,35,0.17,SCSN
10593733,scedc:10593733,2010-04-09T14:34:33.460000Z,32.587833333333336,-115.71483333333332,8.02,2.1,,,SCEDC,,A,39,0.19,SCSN
10593797,scedc:10593797,2010-04-09T14:44:54.800000Z,32.70816666666666,-115.8915,10.45,2.8,,,SCEDC,,A,75,0.18,SCSN
10593813,scedc:10593813,2010-04-09T14:47:48.340000Z,32.32483333333333,-115.37,18.47,2.3,,,SCEDC,,B,19,0.13,SCSN
10593901,scedc:10593901,2010-04-09T15:09:50.210000Z,32.53033333333333,-115.63116666666669,13.06,2.0,,,SCEDC,,A,25,0.15,SCSN
10593909,scedc:10593909,2010-04-09T15:15:39.290000Z,32.711333333333336,-115.89133333333334,10.74,2.1,,,SCEDC,,A,52,0.19,SCSN
10593917,scedc:10593917,2010-04-09T15:22:20.800000Z,32.72566666666667,-115.88766666666666,5.42,2.0,,,SCEDC,,A,42,0.15,SCSN
10593925,scedc:10593925,2010-04-09T15:25:20.810000Z,32.54383333333333,-115.6235,12.08,2.0,,,SCEDC,,A,42,0.16,SCSN
10594005,scedc:10594005,2010-04-09T15:48:57.920000Z,32.32183333333333,-115.398,9.96,2.1,,,SCEDC,,C,13,0.17,SCSN
37075907,scedc:37075907,2010-04-09T16:01:36.320000Z,32.596333333333334,-115.74333333333334,8.99,2.1,,,SCEDC,,A,31,0.16,SCSN
10594045,scedc:10594045,2010-04-09T16:02:43.570000Z,32.67216666666667,-115.7695,9.8,2.0,,,SCEDC,,A,48,0.18,SCSN
10594061,scedc:10594061,2010-04-09T16:08:07.920000Z,32.597166666666666,-115.74733333333332,4.54,3.5,,,SCEDC,,A,56,0.19,SCSN
37075923,scedc:37075923,2010-04-09T16:08:17.830000Z,32.5965,-115.73133333333334,5.37,3.2,,,SCEDC,,A,11,0.06,SCSN
10594077,scedc:10594077,2010-04-09T16:12:21.900000Z,32.435833333333335,-115.55983333333332,8.93,2.4,,,SCEDC,,B,25,0.15,SCSN
10594085,scedc:10594085,2010-04-09T16:13:05.700000Z,32.596333333333334,-115.742,4.29,2.5,,,SCEDC,,A,46,0.17,SCSN
37075955,scedc:37075955,2010-04-09T16:13:21.400000Z,32.60516666666667,-115.73833333333332,4.24,2.1,,,SCEDC,,B,16,0.14,SCSN
10594101,scedc:10594101,2010-04-09T16:17:27.860000Z,32.59583333333333,-115.74733333333332,4.99,2.6,,,SCEDC,,A,51,0.19,SCSN
10594125,scedc:10594125,2010-04-09T16:19:10.340000Z,32.3775,-115.50316666666669,14.54,2.2,,,SCEDC,,C,27,0.19,SCSN
37076539,scedc:37076539,2010-04-09T16:19:24.330000Z,32.61083333333333,-115.72333333333331,2.33,2.1,,,SCEDC,,A,22,0.19,SCSN
10594109,scedc:10594109,2010-04-09T16:20:22.230000Z,32.523833333333336,-115.606,10.45,2.4,,,SCEDC,,B,35,0.2,SCSN
10594157,scedc:10594157,2010-04-09T16:29:53.680000Z,32.685,-115.8075,7.25,2.1,,,SCEDC,,A,48,0.18,SCSN
10594181,scedc:10594181,2010-04-09T16:34:32.230000Z,32.6815,-115.807,8.87,2.1,,,SCEDC,,A,54,0.21,SCSN
10594221,scedc:10594221,2010-04-09T16:49:36.960000Z,32.6465,-115.78383333333332,4.18,2.3,,,SCEDC,,A,44,0.2,SCSN
10594229,scedc:10594229,2010-04-09T16:53:05.290000Z,32.53616666666667,-115.60683333333331,14.06,2.3,,,SCEDC,,A,43,0.2,SCSN
10594261,scedc:10594261,2010-04-09T17:06:47.820000Z,32.663666666666664,-115.78533333333333,6.25,2.3,,,SCEDC,,A,42,0.22,SCSN
37077499,scedc:37077499,2010-04-09T17:20:15.010000Z,32.3495,-115.3355,9.43,2.4,,,SCEDC,,C,15,0.15,SCSN
10594301,scedc:10594301,2010-04-09T17:20:20.670000Z,32.3625,-115.3095,9.43,2.7,,,SCEDC,,C,13,0.37,SCSN
10594293,scedc:10594293,2010-04-09T17:21:39.830000Z,32.61333333333333,-115.7615,4.96,2.2,,,SCEDC,,A,44,0.23,SCSN
10594309,scedc:10594309,2010-04-09T17:24:09.360000Z,32.56033333333333,-115.6985,4.16,2.1,,,SCEDC,,A,42,0.2,SCSN
10594317,scedc:10594317,2010-04-09T17:27:55.920000Z,32.60766666666667,-115.77883333333334,4.51,2.7,,,SCEDC,,A,59,0.22,SCSN
10594325,scedc:10594325,2010-04-09T17:33:46.960000Z,32.594,-115.73383333333334,4.94,2.0,,,SCEDC,,A,39,0.15,SCSN
10594357,scedc:10594357,2010-04-09T17:35:49.990000Z,32.653666666666666,-115.72766666666666,10.28,2.7,,,SCEDC,,A,46,0.19,SCSN
31629759,scedc:31629759,2010-04-09T17:36:13.920000Z,32.65266666666667,-115.7255,9.69,3.0,,,SCEDC,,A,58,0.2,SCSN
37077803,scedc:37077803,2010-04-09T17:41:10.030000Z,32.324333333333335,-115.34716666666668,9.45,2.6,,,SCEDC,,C,13,0.32,SCSN
10594397,scedc:10594397,2010-04-09T17:54:28.540000Z,32.322833333333335,-115.30433333333332,4.5,2.3,,,SCEDC,,C,26,0.2,SCSN
10594421,scedc:10594421,2010-04-09T18:13:06.170000Z,32.55883333333333,-115.68733333333331,8.91,2.6,,,SCEDC,,A,44,0.18,SCSN
10594453,scedc:10594453,2010-04-09T18:27:26.170000Z,32.7125,-115.87166666666668,2.4,2.4,,,SCEDC,,A,53,0.19,SCSN
10594461,scedc:10594461,2010-04-09T18:31:20.310000Z,32.721,-115.88683333333331,6.26,3.3,,,SCEDC,,A,69,0.24,SCSN
10594469,scedc:10594469,2010-04-09T18:37:35.130000Z,32.62616666666667,-115.75466666666668,10.36,2.0,,,SCEDC,,A,45,0.18,SCSN
10594589,scedc:10594589,2010-04-09T19:24:13.930000Z,32.6685,-116.00183333333334,12.25,3.2,,,SCEDC,,A,82,0.24,SCSN
10594597,scedc:10594597,2010-04-09T19:25:19.400000Z,32.66583333333333,-116.00583333333331,10.12,2.6,,,SCEDC,,A,62,0.2,SCSN
10594629,scedc:10594629,2010-04-09T19:50:09.840000Z,32.69316666666667,-115.7925,4.53,2.4,,,SCEDC,,A,53,0.22,SCSN
10594637,scedc:10594637,2010-04-09T20:08:58.830000Z,32.664833333333334,-115.78466666666668,8.14,2.7,,,SCEDC,,A,48,0.2,SCSN
10594645,scedc:10594645,2010-04-09T20:12:14.040000Z,32.7175,-115.87483333333331,3.98,2.3,,,SCEDC,,A,45,0.18,SCSN
10594661,scedc:10594661,2010-04-09T20:17:25.180000Z,32.69566666666667,-115.79366666666668,9.39,2.0,,,SCEDC,,A,35,0.14,SCSN
10594669,scedc:10594669,2010-04-09T20:20:51.410000Z,32.671,-115.7605,10.62,2.5,,,SCEDC,,A,63,0.21,SCSN
10594677,scedc:10594677,2010-04-09T20:29:51.240000Z,32.71083333333333,-115.8765,1.71,2.4,,,SCEDC,,A,55,0.21,SCSN
10594693,scedc:10594693,2010-04-09T20:35:15.660000Z,32.64683333333333,-115.70583333333332,8.53,2.0,,,SCEDC,,A,31,0.13,SCSN
10594733,scedc:10594733,2010-04-09T20:51:28.080000Z,32.61183333333334,-115.74983333333331,7.47,2.2,,,SCEDC,,A,42,0.14,SCSN
10594757,scedc:10594757,2010-04-09T20:53:26.560000Z,32.308,-115.35916666666668,9.43,4.1,,,SCEDC,,C,42,0.24,SCSN
37080683,scedc:37080683,2010-04-09T21:04:49.940000Z,32.28633333333333,-115.36366666666666,7.66,2.8,,,SCEDC,,B,16,0.24,SCSN
10594781,scedc:10594781,2010-04-09T21:07:42.780000Z,32.31766666666667,-115.37483333333331,10.48,2.7,,,SCEDC,,C,23,0.16,SCSN
10594789,scedc:10594789,2010-04-09T21:11:44.080000Z,32.332166666666666,-115.3675,15.03,2.0,,,SCEDC,,C,17,0.17,SCSN
10594829,scedc:10594829,2010-04-09T21:16:00.460000Z,32.257666666666665,-115.386,9.96,2.6,,,SCEDC,,C,16,0.28,SCSN
10594805,scedc:10594805,2010-04-09T21:16:59.530000Z,32.646166666666666,-115.722,9.04,2.3,,,SCEDC,,A,41,0.19,SCSN
10594813,scedc:10594813,2010-04-09T21:17:22.620000Z,32.68183333333333,-115.63316666666668,10.72,2.7,,,SCEDC,,A,41,0.15,SCSN
10594837,scedc:10594837,2010-04-09T21:25:16.530000Z,32.663333333333334,-116.00416666666666,11.91,2.8,,,SCEDC,,A,79,0.2,SCSN
10594885,scedc:10594885,2010-04-09T21:33:42.490000Z,32.30383333333333,-115.36466666666666,9.43,2.4,,,SCEDC,,C,19,0.13,SCSN
10594893,scedc:10594893,2010-04-09T21:37:46.900000Z,32.70483333333333,-115.77716666666667,9.68,2.5,,,SCEDC,,A,49,0.25,SCSN
10594933,scedc:10594933,2010-04-09T21:48:33.820000Z,32.124,-116.66216666666666,5.61,2.8,,,SCEDC,,C,58,0.16,SCSN
10594941,scedc:10594941,2010-04-09T21:55:26.190000Z,32.50483333333333,-115.65533333333332,8.58,2.7,,,SCEDC,,A,52,0.22,SCSN
10594949,scedc:10594949,2010-04-09T21:57:19.920000Z,32.70516666666666,-115.78283333333331,9.46,2.0,,,SCEDC,,A,27,0.24,SCSN
10594957,scedc:10594957,2010-04-09T21:58:00.420000Z,32.66683333333334,-115.78333333333332,9.46,3.6,,,SCEDC,,A,73,0.23,SCSN
37081323,scedc:37081323,2010-04-09T21:59:17.760000Z,32.6225,-115.66366666666669,9.72,2.2,,,SCEDC,,B,16,0.15,SCSN
10594965,scedc:10594965,2010-04-09T22:06:34.290000Z,32.676833333333335,-115.77816666666666,9.99,2.1,,,SCEDC,,A,35,0.17,SCSN
10594989,scedc:10594989,2010-04-09T22:17:20.800000Z,32.47383333333333,-115.62866666666666,3.32,3.2,,,SCEDC,,C,48,0.21,SCSN
10595005,scedc:10595005,2010-04-09T22:27:26.920000Z,32.702,-115.7765,10.18,2.4,,,SCEDC,,A,51,0.2,SCSN
10595013,scedc:10595013,2010-04-09T22:29:19.200000Z,32.71183333333333,-115.77266666666668,9.98,2.3,,,SCEDC,,A,42,0.17,SCSN
10595037,scedc:10595037,2010-04-09T22:37:49.000000Z,32.668166666666664,-115.77716666666667,9.98,2.3,,,SCEDC,,C,40,0.2,SCSN
10595053,scedc:10595053,2010-04-09T22:40:24.720000Z,32.407,-115.48583333333332,14.2,3.0,,,SCEDC,,A,43,0.18,SCSN
10595141,scedc:10595141,2010-04-09T23:16:33.040000Z,33.31183333333333,-116.32966666666668,10.88,2.0,,,SCEDC,,A,71,0.18,SCSN
10595165,scedc:10595165,2010-04-09T23:34:52.680000Z,32.646166666666666,-115.71816666666666,4.53,2.0,,,SCEDC,,A,18,0.17,SCSN
37083563,scedc:37083563,2010-04-09T23:43:13.470000Z,32.28633333333333,-115.423,10.0,2.1,,,SCEDC,,C,17,0.2,SCSN
10595229,scedc:10595229,2010-04-09T23:52:20.960000Z,32.324,-115.28583333333331,11.16,2.2,,,SCEDC,,C,17,0.16,SCSN
10595261,scedc:10595261,2010-04-10T00:08:46.200000Z,32.3415,-115.331,12.8,2.8,,,SCEDC,,A,25,0.11,SCSN
32125759,scedc:32125759,2010-04-10T00:09:39.570000Z,32.26866666666667,-115.33216666666668,9.43,2.5,,,SCEDC,,C,15,0.22,SCSN
10595285,scedc:10595285,2010-04-10T00:17:38.850000Z,32.319,-115.33116666666666,12.81,2.8,,,SCEDC,,A,23,0.13,SCSN
10595301,scedc:10595301,2010-04-10T00:23:28.570000Z,32.70616666666667,-115.7785,8.42,2.1,,,SCEDC,,A,29,0.12,SCSN
10595325,scedc:10595325,2010-04-10T00:28:10.050000Z,32.31316666666667,-115.32366666666668,13.03,2.7,,,SCEDC,,A,26,0.08,SCSN
10595341,scedc:10595341,2010-04-10T00:34:45.120000Z,32.32633333333333,-115.37733333333334,13.98,2.3,,,SCEDC,,C,17,0.13,SCSN
10595373,scedc:10595373,2010-04-10T00:40:16.790000Z,32.6475,-115.587,2.34,2.0,,,SCEDC,,A,27,0.19,SCSN
10595413,scedc:10595413,2010-04-10T00:47:18.110000Z,32.35333333333333,-115.4775,13.98,2.8,,,SCEDC,,C,27,0.19,SCSN
37203261,scedc:37203261,2010-04-10T00:48:00.450000Z,32.299166666666665,-115.34616666666666,18.75,2.4,,,SCEDC,,A,19,0.11,SCSN
37203269,scedc:37203269,2010-04-10T00:48:06.010000Z,32.322,-115.47683333333332,14.54,2.5,,,SCEDC,,C,19,0.14,SCSN
37203277,scedc:37203277,2010-04-10T00:56:25.720000Z,32.39416666666666,-115.548,14.99,2.1,,,SCEDC,,C,20,0.23,SCSN
10595429,scedc:10595429,2010-04-10T00:57:48.900000Z,32.73766666666667,-115.86966666666666,8.88,2.0,,,SCEDC,,A,41,0.15,SCSN
10595445,scedc:10595445,2010-04-10T01:00:05.860000Z,32.275,-115.37316666666666,14.44,2.2,,,SCEDC,,C,15,0.13,SCSN
10595461,scedc:10595461,2010-04-10T01:05:24.000000Z,32.653166666666664,-115.7375,2.67,3.3,,,SCEDC,,A,35,0.16,SCSN
10595469,scedc:10595469,2010-04-10T01:08:08.600000Z,32.672,-115.778,9.46,2.2,,,SCEDC,,A,36,0.12,SCSN
10595477,scedc:10595477,2010-04-10T01:09:09.280000Z,32.65233333333333,-115.739,2.73,2.1,,,SCEDC,,A,18,0.1,SCSN
10595493,scedc:10595493,2010-04-10T01:24:32.940000Z,32.59883333333333,-115.7335,4.48,2.1,,,SCEDC,,A,25,0.13,SCSN
37203349,scedc:37203349,2010-04-10T01:26:41.200000Z,32.330666666666666,-115.38366666666668,14.2,2.0,,,SCEDC,,B,12,0.13,SCSN
10595533,scedc:10595533,2010-04-10T01:32:15.850000Z,32.61816666666667,-115.765,7.27,2.0,,,SCEDC,,A,27,0.1,SCSN
10595653,scedc:10595653,2010-04-10T02:05:23.820000Z,32.33733333333333,-115.28383333333332,14.45,2.3,,,SCEDC,,C,15,0.4,SCSN
10595661,scedc:10595661,2010-04-10T02:10:46.260000Z,32.703833333333336,-115.7815,9.09,2.1,,,SCEDC,,A,29,0.13,SCSN
10595677,scedc:10595677,2010-04-10T02:16:04.260000Z,32.66883333333333,-115.778,8.53,3.4,,,SCEDC,,A,48,0.18,SCSN
10595685,scedc:10595685,2010-04-10T02:18:09.580000Z,32.60766666666667,-115.75766666666668,7.81,3.6,,,SCEDC,,A,48,0.16,SCSN
10595701,scedc:10595701,2010-04-10T02:23:33.360000Z,32.60466666666667,-115.75633333333332,8.65,2.0,,,SCEDC,,A,22,0.11,SCSN
10595717,scedc:10595717,2010-04-10T02:26:51.180000Z,32.611,-115.75983333333332,8.01,2.1,,,SCEDC,,A,34,0.14,SCSN
10595781,scedc:10595781,2010-04-10T02:32:21.060000Z,32.64483333333333,-115.7325,2.62,2.3,,,SCEDC,,A,17,0.08,SCSN
10595805,scedc:10595805,2010-04-10T02:39:19.430000Z,32.534333333333336,-115.66133333333332,8.32,3.0,,,SCEDC,,A,33,0.15,SCSN
37203461,scedc:37203461,2010-04-10T02:40:21.620000Z,32.508,-115.58783333333334,4.26,2.0,,,SCEDC,,D,13,0.15,SCSN
10595845,scedc:10595845,2010-04-10T02:44:35.240000Z,32.6325,-115.761,5.58,2.3,,,SCEDC,,A,33,0.15,SCSN
10595877,scedc:10595877,2010-04-10T02:50:19.420000Z,32.6265,-115.72383333333332,2.81,2.0,,,SCEDC,,A,18,0.12,SCSN
10595885,scedc:10595885,2010-04-10T02:57:09.710000Z,32.4435,-115.56066666666666,9.82,2.3,,,SCEDC,,A,30,0.16,SCSN
10595917,scedc:10595917,2010-04-10T03:09:32.530000Z,32.6745,-115.80233333333334,8.04,3.8,,,SCEDC,,A,53,0.2,SCSN
37203741,scedc:37203741,2010-04-10T03:10:51.490000Z,32.56633333333333,-115.66766666666666,8.31,2.2,,,SCEDC,,B,8,0.04,SCSN
10595933,scedc:10595933,2010-04-10T03:15:07.000000Z,32.682833333333335,-115.80116666666666,8.42,2.1,,,SCEDC,,A,40,0.16,SCSN
10595965,scedc:10595965,2010-04-10T03:21:02.110000Z,32.637,-115.719,3.94,2.5,,,SCEDC,,A,29,0.13,SCSN
10595973,scedc:10595973,2010-04-10T03:23:19.690000Z,32.861,-116.06233333333331,2.72,2.1,,,SCEDC,,A,41,0.17,SCSN
10596029,scedc:10596029,2010-04-10T03:32:44.990000Z,32.67816666666667,-115.79866666666666,8.48,2.5,,,SCEDC,,A,47,0.18,SCSN
10596037,scedc:10596037,2010-04-10T03:33:31.030000Z,32.71366666666667,-115.87133333333334,2.3,2.3,,,SCEDC,,A,28,0.12,SCSN
37203845,scedc:37203845,2010-04-10T03:35:38.040000Z,32.4005,-115.46366666666668,14.32,2.1,,,SCEDC,,B,23,0.14,SCSN
10596061,scedc:10596061,2010-04-10T03:37:55.750000Z,32.657333333333334,-115.7335,6.47,2.8,,,SCEDC,,A,27,0.12,SCSN
10596069,scedc:10596069,2010-04-10T03:39:26.500000Z,32.709666666666664,-115.87233333333332,2.41,2.0,,,SCEDC,,A,23,0.13,SCSN
10596077,scedc:10596077,2010-04-10T03:40:41.500000Z,32.688833333333335,-115.79933333333334,8.95,3.2,,,SCEDC,,A,56,0.2,SCSN
10596093,scedc:10596093,2010-04-10T03:43:27.560000Z,32.69116666666667,-115.797,9.02,3.0,,,SCEDC,,A,49,0.19,SCSN
37203941,scedc:37203941,2010-04-10T03:45:15.000000Z,32.357,-115.43566666666666,6.57,2.2,,,SCEDC,,C,12,0.17,SCSN
10596133,scedc:10596133,2010-04-10T03:57:03.030000Z,32.662,-115.76583333333332,8.46,2.3,,,SCEDC,,A,40,0.13,SCSN
10596141,scedc:10596141,2010-04-10T03:57:48.740000Z,32.5055,-115.64033333333332,7.07,2.5,,,SCEDC,,B,37,0.16,SCSN
10596165,scedc:10596165,2010-04-10T04:04:17.070000Z,32.568666666666665,-115.7345,6.5,2.0,,,SCEDC,,B,19,0.19,SCSN
10596173,scedc:10596173,2010-04-10T04:05:13.970000Z,32.6515,-115.7315,7.29,3.3,,,SCEDC,,A,43,0.16,SCSN
37204013,scedc:37204013,2010-04-10T04:06:47.980000Z,32.60166666666667,-115.7415,8.04,2.0,,,SCEDC,,B,23,0.14,SCSN
10596205,scedc:10596205,2010-04-10T04:12:27.970000Z,32.66433333333333,-115.722,8.78,3.4,,,SCEDC,,A,37,0.12,SCSN
37204053,scedc:37204053,2010-04-10T04:14:44.960000Z,32.258,-115.2595,15.16,2.5,,,SCEDC,,B,14,0.08,SCSN
10596317,scedc:10596317,2010-04-10T04:41:10.150000Z,32.645,-115.77866666666668,9.24,2.2,,,SCEDC,,A,24,0.08,SCSN
10596325,scedc:10596325,2010-04-10T04:41:46.650000Z,32.64366666666667,-115.77183333333332,8.15,2.4,,,SCEDC,,A,38,0.15,SCSN
10596365,scedc:10596365,2010-04-10T04:51:25.290000Z,32.7285,-116.0735,8.61,2.3,,,SCEDC,,A,48,0.17,SCSN
10596373,scedc:10596373,2010-04-10T04:55:30.490000Z,32.64483333333333,-115.7775,9.21,2.0,,,SCEDC,,A,33,0.09,SCSN
10596397,scedc:10596397,2010-04-10T04:59:27.810000Z,32.501333333333335,-115.62333333333332,2.04,2.3,,,SCEDC,,B,23,0.14,SCSN
10596413,scedc:10596413,2010-04-10T05:10:54.620000Z,32.321333333333335,-115.3395,17.89,2.7,,,SCEDC,,B,24,0.16,SCSN
37204197,scedc:37204197,2010-04-10T05:17:46.150000Z,32.66166666666667,-115.76416666666668,8.76,2.5,,,SCEDC,,A,37,0.15,SCSN
10596429,scedc:10596429,2010-04-10T05:17:50.680000Z,32.731,-115.82133333333331,4.1,2.5,,,SCEDC,,A,29,0.19,SCSN
37204205,scedc:37204205,2010-04-10T05:18:08.770000Z,32.686166666666665,-115.79783333333332,7.89,2.0,,,SCEDC,,A,17,0.1,SCSN
10596437,scedc:10596437,2010-04-10T05:20:32.880000Z,32.655166666666666,-115.76666666666668,8.46,2.8,,,SCEDC,,A,45,0.18,SCSN
10596453,scedc:10596453,2010-04-10T05:28:01.520000Z,32.26733333333333,-115.348,13.75,2.2,,,SCEDC,,B,21,0.14,SCSN
10596525,scedc:10596525,2010-04-10T05:50:33.190000Z,32.550333333333334,-115.622,12.26,2.1,,,SCEDC,,A,29,0.17,SCSN
10596565,scedc:10596565,2010-04-10T06:10:33.790000Z,32.33883333333333,-115.33883333333333,18.8,2.2,,,SCEDC,,B,16,0.13,SCSN
10596589,scedc:10596589,2010-04-10T06:20:48.210000Z,32.273833333333336,-115.34483333333333,16.98,2.3,,,SCEDC,,C,12,0.19,SCSN
37204485,scedc:37204485,2010-04-10T06:43:19.810000Z,32.4015,-115.17066666666666,14.44,2.1,,,SCEDC,,C,11,0.13,SCSN
10596629,scedc:10596629,2010-04-10T06:43:54.160000Z,32.67466666666667,-115.78116666666666,8.71,2.0,,,SCEDC,,A,35,0.12,SCSN
10596645,scedc:10596645,2010-04-10T06:54:55.830000Z,32.86266666666667,-116.06183333333334,5.24,2.2,,,SCEDC,,C,28,0.16,SCSN
37204517,scedc:37204517,2010-04-10T06:57:53.090000Z,32.30383333333333,-115.33233333333334,8.28,2.2,,,SCEDC,,B,15,0.12,SCSN
37204533,scedc:37204533,2010-04-10T07:00:07.210000Z,32.658833333333334,-115.7845,6.35,2.2,,,SCEDC,,A,18,0.12,SCSN
10596685,scedc:10596685,2010-04-10T07:11:14.950000Z,32.537,-115.648,10.37,2.7,,,SCEDC,,A,37,0.13,SCSN
10596741,scedc:10596741,2010-04-10T07:29:47.920000Z,32.59133333333333,-115.7145,8.36,2.9,,,SCEDC,,A,40,0.13,SCSN
10596781,scedc:10596781,2010-04-10T07:47:20.550000Z,32.224333333333334,-115.32816666666666,16.86,2.6,,,SCEDC,,A,27,0.15,SCSN
37204701,scedc:37204701,2010-04-10T07:48:01.430000Z,32.351166666666664,-115.39883333333331,18.91,2.4,,,SCEDC,,A,27,0.17,SCSN
10596789,scedc:10596789,2010-04-10T07:49:32.930000Z,32.578833333333336,-115.70066666666666,8.2,2.3,,,SCEDC,,A,30,0.09,SCSN
10596813,scedc:10596813,2010-04-10T07:54:43.300000Z,32.66316666666667,-115.76266666666666,8.27,2.0,,,SCEDC,,A,27,0.11,SCSN
10596845,scedc:10596845,2010-04-10T07:58:18.570000Z,32.67466666666667,-115.913,4.01,2.0,,,SCEDC,,A,27,0.11,SCSN
10596901,scedc:10596901,2010-04-10T08:18:23.860000Z,32.670833333333334,-115.77633333333333,9.71,2.0,,,SCEDC,,A,38,0.11,SCSN
37205125,scedc:37205125,2010-04-10T08:22:26.880000Z,32.33133333333333,-115.36133333333332,18.61,2.2,,,SCEDC,,A,20,0.13,SCSN
10596949,scedc:10596949,2010-04-10T08:38:59.120000Z,32.618,-115.737,2.21,2.1,,,SCEDC,,A,29,0.13,SCSN
10596973,scedc:10596973,2010-04-10T08:45:17.790000Z,32.67333333333333,-115.79383333333334,6.8,2.1,,,SCEDC,,A,30,0.14,SCSN
10596981,scedc:10596981,2010-04-10T08:46:19.600000Z,32.681333333333335,-115.80816666666666,7.04,2.0,,,SCEDC,,A,30,0.12,SCSN
10597045,scedc:10597045,2010-04-10T09:02:59.470000Z,32.52633333333333,-115.65616666666666,1.81,2.2,,,SCEDC,,A,19,0.09,SCSN
10597061,scedc:10597061,2010-04-10T09:12:28.030000Z,32.675333333333334,-115.75816666666668,9.71,4.5,,,SCEDC,,A,53,0.2,SCSN
37205253,scedc:37205253,2010-04-10T09:13:22.660000Z,32.67666666666667,-115.7505,9.87,3.6,,,SCEDC,,A,13,0.11,SCSN
10597069,scedc:10597069,2010-04-10T09:17:14.130000Z,32.681,-115.75983333333332,10.24,3.2,,,SCEDC,,A,50,0.19,SCSN
10597077,scedc:10597077,2010-04-10T09:19:05.010000Z,32.6855,-115.757,10.79,3.1,,,SCEDC,,A,54,0.18,SCSN
10597093,scedc:10597093,2010-04-10T09:21:27.030000Z,32.6805,-115.75466666666668,10.22,2.1,,,SCEDC,,A,35,0.11,SCSN
10597101,scedc:10597101,2010-04-10T09:23:55.340000Z,32.6815,-115.75716666666666,9.39,3.0,,,SCEDC,,A,42,0.13,SCSN
10597109,scedc:10597109,2010-04-10T09:24:42.380000Z,32.429833333333335,-115.52766666666666,13.43,3.0,,,SCEDC,,B,21,0.15,SCSN
10597213,scedc:10597213,2010-04-10T09:31:59.540000Z,32.6805,-115.75516666666668,9.43,2.7,,,SCEDC,,A,37,0.15,SCSN
10597197,scedc:10597197,2010-04-10T09:33:25.140000Z,32.7145,-115.79066666666668,1.34,2.2,,,SCEDC,,A,28,0.13,SCSN
10597221,scedc:10597221,2010-04-10T09:35:24.610000Z,32.288666666666664,-115.349,18.53,2.2,,,SCEDC,,A,21,0.14,SCSN
10597293,scedc:10597293,2010-04-10T09:52:01.200000Z,32.6805,-115.76,10.36,3.6,,,SCEDC,,A,45,0.18,SCSN
10597357,scedc:10597357,2010-04-10T10:04:12.030000Z,32.6895,-115.7655,8.77,2.7,,,SCEDC,,A,27,0.09,SCSN
10597365,scedc:10597365,2010-04-10T10:04:50.160000Z,32.6875,-115.758,10.78,2.0,,,SCEDC,,A,21,0.12,SCSN
31109759,scedc:31109759,2010-04-10T10:04:56.150000Z,32.6805,-115.766,8.53,2.5,,,SCEDC,,A,24,0.17,SCSN
10597389,scedc:10597389,2010-04-10T10:06:34.440000Z,32.60633333333333,-115.7235,9.15,2.1,,,SCEDC,,A,30,0.13,SCSN
10597445,scedc:10597445,2010-04-10T10:33:04.210000Z,32.664,-115.784,5.47,2.0,,,SCEDC,,A,35,0.15,SCSN
37205749,scedc:37205749,2010-04-10T10:33:10.830000Z,32.245,-115.42583333333332,18.41,2.1,,,SCEDC,,B,11,0.25,SCSN
10597469,scedc:10597469,2010-04-10T10:40:09.850000Z,32.48416666666667,-115.5785,5.53,2.3,,,SCEDC,,C,17,0.09,SCSN
37205765,scedc:37205765,2010-04-10T10:40:30.810000Z,32.71933333333333,-115.84933333333332,5.48,2.0,,,SCEDC,,A,24,0.18,SCSN
10597477,scedc:10597477,2010-04-10T10:41:26.450000Z,32.67616666666667,-115.7925,9.24,2.2,,,SCEDC,,A,33,0.15,SCSN
10597493,scedc:10597493,2010-04-10T10:44:01.370000Z,32.55883333333333,-115.64533333333333,12.5,2.1,,,SCEDC,,A,30,0.16,SCSN
10597533,scedc:10597533,2010-04-10T10:49:44.190000Z,32.29216666666667,-115.33166666666666,13.91,2.6,,,SCEDC,,B,25,0.1,SCSN
37206493,scedc:37206493,2010-04-10T10:50:23.280000Z,32.184666666666665,-115.43316666666666,6.33,2.1,,,SCEDC,,C,6,0.21,SCSN
10597525,scedc:10597525,2010-04-10T10:51:34.310000Z,32.667833333333334,-115.78433333333334,5.45,2.0,,,SCEDC,,A,23,0.15,SCSN
10597549,scedc:10597549,2010-04-10T10:56:46.660000Z,32.61516666666667,-115.7455,8.21,2.5,,,SCEDC,,A,40,0.18,SCSN
10597589,scedc:10597589,2010-04-10T11:04:35.630000Z,32.658166666666666,-115.737,3.81,2.3,,,SCEDC,,A,37,0.11,SCSN
10597613,scedc:10597613,2010-04-10T11:10:08.800000Z,32.607166666666664,-115.76316666666666,5.05,2.0,,,SCEDC,,A,20,0.18,SCSN
10597621,scedc:10597621,2010-04-10T11:14:16.740000Z,32.669666666666664,-115.785,8.2,2.2,,,SCEDC,,A,41,0.18,SCSN
10597629,scedc:10597629,2010-04-10T11:15:56.860000Z,32.247,-115.39216666666668,13.98,2.4,,,SCEDC,,C,14,0.16,SCSN
31117759,scedc:31117759,2010-04-10T11:22:03.040000Z,32.32066666666667,-115.35266666666666,14.43,2.2,,,SCEDC,,C,12,0.27,SCSN
10597741,scedc:10597741,2010-04-10T11:39:40.300000Z,32.312,-115.48683333333334,13.98,2.4,,,SCEDC,,C,13,0.2,SCSN
10597749,scedc:10597749,2010-04-10T11:40:46.020000Z,32.678333333333335,-115.75416666666666,9.28,2.1,,,SCEDC,,A,31,0.13,SCSN
10597773,scedc:10597773,2010-04-10T11:44:17.740000Z,32.2885,-115.31983333333334,17.43,2.2,,,SCEDC,,C,23,0.2,SCSN
10597829,scedc:10597829,2010-04-10T12:08:04.240000Z,32.66283333333333,-115.74,8.45,2.0,,,SCEDC,,A,23,0.19,SCSN
10597845,scedc:10597845,2010-04-10T12:46:33.150000Z,32.672666666666665,-115.77483333333332,8.97,2.8,,,SCEDC,,A,30,0.11,SCSN
10597853,scedc:10597853,2010-04-10T12:52:58.840000Z,32.59733333333333,-115.7225,8.45,2.8,,,SCEDC,,A,35,0.17,SCSN
10597861,scedc:10597861,2010-04-10T12:53:32.140000Z,32.6785,-115.77416666666667,7.89,2.7,,,SCEDC,,A,36,0.15,SCSN
10597877,scedc:10597877,2010-04-10T13:14:29.800000Z,32.70733333333333,-115.795,2.19,3.0,,,SCEDC,,A,16,0.21,SCSN
10597885,scedc:10597885,2010-04-10T13:21:54.150000Z,32.672,-115.78133333333334,8.48,3.5,,,SCEDC,,A,35,0.17,SCSN
37206917,scedc:37206917,2010-04-10T14:10:09.030000Z,32.7145,-115.90266666666666,3.3,2.5,,,SCEDC,,A,17,0.16,SCSN
10597965,scedc:10597965,2010-04-10T14:16:29.400000Z,32.691,-115.8375,6.81,2.3,,,SCEDC,,A,45,0.19,SCSN
10597989,scedc:10597989,2010-04-10T14:20:46.860000Z,32.281333333333336,-115.332,15.82,2.6,,,SCEDC,,C,21,0.16,SCSN
37206949,scedc:37206949,2010-04-10T14:21:09.600000Z,32.6675,-115.81916666666666,10.88,2.1,,,SCEDC,,A,15,0.15,SCSN
10598037,scedc:10598037,2010-04-10T14:49:04.820000Z,32.672333333333334,-115.74716666666669,9.46,2.0,,,SCEDC,,A,15,0.07,SCSN
10598053,scedc:10598053,2010-04-10T14:49:44.680000Z,32.667,-115.794,8.02,2.4,,,SCEDC,,A,50,0.19,SCSN
37207061,scedc:37207061,2010-04-10T14:56:37.200000Z,32.309666666666665,-115.442,9.99,2.0,,,SCEDC,,C,15,0.17,SCSN
37207085,scedc:37207085,2010-04-10T15:02:47.610000Z,32.267,-115.3565,14.44,2.1,,,SCEDC,,C,19,0.11,SCSN
10598117,scedc:10598117,2010-04-10T15:09:06.240000Z,32.672666666666665,-115.7715,8.41,2.0,,,SCEDC,,A,30,0.12,SCSN
10598141,scedc:10598141,2010-04-10T15:16:21.480000Z,32.32266666666666,-115.331,13.98,2.6,,,SCEDC,,C,24,0.21,SCSN
10598149,scedc:10598149,2010-04-10T15:29:12.260000Z,32.62416666666667,-115.76633333333334,6.22,2.1,,,SCEDC,,A,33,0.13,SCSN
10598157,scedc:10598157,2010-04-10T15:41:11.290000Z,32.53966666666667,-115.628,8.28,2.1,,,SCEDC,,B,27,0.14,SCSN
37207133,scedc:37207133,2010-04-10T15:42:14.190000Z,32.319833333333335,-115.45133333333334,9.99,2.3,,,SCEDC,,C,16,0.09,SCSN
10598181,scedc:10598181,2010-04-10T15:47:40.780000Z,32.3225,-115.32533333333332,6.6,2.2,,,SCEDC,,C,22,0.17,SCSN
10598197,scedc:10598197,2010-04-10T15:55:13.850000Z,32.64216666666667,-115.77333333333333,9.67,2.3,,,SCEDC,,A,34,0.11,SCSN
10598221,scedc:10598221,2010-04-10T16:05:38.630000Z,32.649,-115.72466666666666,3.9,2.0,,,SCEDC,,A,15,0.1,SCSN
10598285,scedc:10598285,2010-04-10T16:21:06.110000Z,32.738,-115.8375,4.8,2.2,,,SCEDC,,A,29,0.14,SCSN
37207245,scedc:37207245,2010-04-10T16:21:11.080000Z,32.569833333333335,-115.72016666666669,9.03,2.2,,,SCEDC,,B,15,0.26,SCSN
10598357,scedc:10598357,2010-04-10T16:43:05.740000Z,32.536,-115.45483333333334,8.9,2.2,,,SCEDC,,A,27,0.16,SCSN
10598381,scedc:10598381,2010-04-10T16:52:43.430000Z,32.58416666666667,-115.6085,5.35,2.4,,,SCEDC,,C,25,0.13,SCSN
10598445,scedc:10598445,2010-04-10T17:07:48.760000Z,32.601166666666664,-115.72533333333334,7.67,2.0,,,SCEDC,,B,21,0.13,SCSN
10598453,scedc:10598453,2010-04-10T17:08:46.880000Z,32.63016666666667,-115.75533333333334,5.47,2.5,,,SCEDC,,A,53,0.18,SCSN
10598469,scedc:10598469,2010-04-10T17:20:07.110000Z,32.6785,-115.773,9.28,2.0,,,SCEDC,,A,27,0.09,SCSN
10598477,scedc:10598477,2010-04-10T17:21:14.160000Z,32.63216666666667,-115.7135,6.84,2.0,,,SCEDC,,A,17,0.06,SCSN
10598485,scedc:10598485,2010-04-10T17:23:04.790000Z,32.41416666666667,-115.53983333333332,10.95,2.0,,,SCEDC,,C,17,0.1,SCSN
10598493,scedc:10598493,2010-04-10T17:31:40.140000Z,32.65866666666667,-115.79216666666667,8.2,3.6,,,SCEDC,,A,47,0.2,SCSN
37207469,scedc:37207469,2010-04-10T17:33:03.910000Z,32.683166666666665,-115.76383333333334,1.45,2.2,,,SCEDC,,A,15,0.12,SCSN
37207613,scedc:37207613,2010-04-10T17:47:57.740000Z,32.26566666666667,-115.37216666666669,4.71,2.0,,,SCEDC,,C,13,0.07,SCSN
10598549,scedc:10598549,2010-04-10T17:48:15.450000Z,32.60466666666667,-115.72083333333332,9.21,2.2,,,SCEDC,,B,20,0.1,SCSN
37207597,scedc:37207597,2010-04-10T17:48:33.410000Z,32.669,-115.77916666666668,9.14,2.4,,,SCEDC,,A,27,0.12,SCSN
10598573,scedc:10598573,2010-04-10T17:53:28.900000Z,32.873,-116.08933333333331,6.66,2.7,,,SCEDC,,A,80,0.18,SCSN
10598597,scedc:10598597,2010-04-10T18:00:59.600000Z,32.67316666666667,-115.74466666666666,9.89,2.0,,,SCEDC,,A,28,0.11,SCSN
10598613,scedc:10598613,2010-04-10T18:04:31.180000Z,32.681666666666665,-115.7635,2.17,2.6,,,SCEDC,,A,32,0.15,SCSN
10598621,scedc:10598621,2010-04-10T18:11:07.130000Z,32.6835,-115.855,6.79,2.2,,,SCEDC,,A,32,0.11,SCSN
37207709,scedc:37207709,2010-04-10T18:21:38.250000Z,32.2895,-115.43916666666668,9.96,2.0,,,SCEDC,,C,17,0.13,SCSN
10598645,scedc:10598645,2010-04-10T18:23:02.740000Z,32.6755,-115.7585,10.06,2.5,,,SCEDC,,A,37,0.17,SCSN
10598653,scedc:10598653,2010-04-10T18:26:25.480000Z,32.6765,-115.7505,9.77,2.1,,,SCEDC,,A,26,0.1,SCSN
10598693,scedc:10598693,2010-04-10T18:47:59.560000Z,32.676,-115.801,8.57,3.8,,,SCEDC,,A,50,0.18,SCSN
10598741,scedc:10598741,2010-04-10T19:07:12.130000Z,32.34616666666667,-115.41966666666669,10.38,2.3,,,SCEDC,,C,16,0.11,SCSN
10598749,scedc:10598749,2010-04-10T19:11:25.790000Z,32.5705,-115.65916666666666,11.02,2.3,,,SCEDC,,A,34,0.18,SCSN
10598757,scedc:10598757,2010-04-10T19:11:52.060000Z,32.2745,-115.31316666666666,13.98,3.0,,,SCEDC,,C,22,0.15,SCSN
37207869,scedc:37207869,2010-04-10T19:12:24.120000Z,32.68533333333333,-115.81683333333334,10.29,2.2,,,SCEDC,,A,11,0.09,SCSN
10598781,scedc:10598781,2010-04-10T19:22:45.640000Z,32.674,-115.75983333333332,9.33,2.4,,,SCEDC,,A,26,0.15,SCSN
10598797,scedc:10598797,2010-04-10T19:29:57.700000Z,32.6755,-115.74833333333332,9.71,2.0,,,SCEDC,,A,29,0.13,SCSN
10598845,scedc:10598845,2010-04-10T19:50:16.160000Z,32.60933333333333,-115.71366666666668,2.9,2.1,,,SCEDC,,B,15,0.07,SCSN
10598861,scedc:10598861,2010-04-10T19:54:28.790000Z,32.306666666666665,-115.38183333333332,18.3,2.2,,,SCEDC,,B,20,0.15,SCSN
10598869,scedc:10598869,2010-04-10T19:57:28.250000Z,32.281333333333336,-115.33816666666668,17.58,2.1,,,SCEDC,,B,21,0.13,SCSN
10598893,scedc:10598893,2010-04-10T20:13:58.780000Z,32.677,-115.80083333333332,8.97,2.1,,,SCEDC,,A,32,0.12,SCSN
37207965,scedc:37207965,2010-04-10T20:15:07.950000Z,32.3405,-115.319,13.98,2.1,,,SCEDC,,C,10,0.17,SCSN
37207997,scedc:37207997,2010-04-10T20:18:43.020000Z,32.510333333333335,-115.62283333333332,8.7,2.2,,,SCEDC,,B,22,0.18,SCSN
10598933,scedc:10598933,2010-04-10T20:27:18.240000Z,32.6775,-115.80116666666666,8.55,2.2,,,SCEDC,,A,40,0.17,SCSN
10599005,scedc:10599005,2010-04-10T20:51:47.610000Z,32.6885,-115.84183333333333,9.37,2.0,,,SCEDC,,A,29,0.12,SCSN
10599061,scedc:10599061,2010-04-10T21:10:19.430000Z,32.58266666666667,-115.7315,3.53,2.5,,,SCEDC,,A,34,0.15,SCSN
10599077,scedc:10599077,2010-04-10T21:12:55.440000Z,33.05116666666667,-116.19416666666666,6.52,2.1,,,SCEDC,,A,58,0.16,SCSN
10599093,scedc:10599093,2010-04-10T21:22:01.070000Z,32.42283333333334,-115.573,5.59,2.0,,,SCEDC,,C,18,0.09,SCSN
10599117,scedc:10599117,2010-04-10T21:33:59.380000Z,32.72083333333333,-115.87083333333334,4.32,2.4,,,SCEDC,,A,50,0.16,SCSN
37208229,scedc:37208229,2010-04-10T21:39:25.110000Z,32.72816666666667,-115.89016666666669,1.53,2.0,,,SCEDC,,A,17,0.08,SCSN
10599133,scedc:10599133,2010-04-10T21:42:42.610000Z,32.66733333333333,-115.78283333333331,7.76,2.6,,,SCEDC,,A,40,0.15,SCSN
10599141,scedc:10599141,2010-04-10T21:44:34.010000Z,32.281,-115.332,13.98,2.5,,,SCEDC,,C,16,0.23,SCSN
10599181,scedc:10599181,2010-04-10T22:03:58.970000Z,32.67583333333333,-115.7595,10.75,3.3,,,SCEDC,,A,45,0.2,SCSN
10599229,scedc:10599229,2010-04-10T22:26:29.840000Z,32.61383333333333,-115.75966666666666,8.77,2.1,,,SCEDC,,A,29,0.12,SCSN
10599237,scedc:10599237,2010-04-10T22:31:57.670000Z,32.683,-115.7505,10.3,2.4,,,SCEDC,,A,40,0.19,SCSN
10599309,scedc:10599309,2010-04-10T22:40:07.450000Z,33.047666666666665,-116.195,9.62,2.2,,,SCEDC,,A,23,0.17,SCSN
10599293,scedc:10599293,2010-04-10T22:42:49.600000Z,35.38966666666666,-117.8925,3.12,2.8,,,SCEDC,,A,54,0.11,SCSN
10599301,scedc:10599301,2010-04-10T22:43:22.880000Z,32.722833333333334,-115.9985,8.53,2.3,,,SCEDC,,A,23,0.09,SCSN
10599357,scedc:10599357,2010-04-10T23:05:24.000000Z,32.632333333333335,-115.71966666666668,2.48,2.2,,,SCEDC,,A,30,0.17,SCSN
10599373,scedc:10599373,2010-04-10T23:11:54.960000Z,32.684,-115.76633333333334,10.42,3.3,,,SCEDC,,A,47,0.17,SCSN
10599389,scedc:10599389,2010-04-10T23:19:03.080000Z,32.69116666666667,-115.7625,9.4,2.0,,,SCEDC,,A,15,0.07,SCSN
10599405,scedc:10599405,2010-04-10T23:30:47.700000Z,32.3295,-115.3365,14.9,2.3,,,SCEDC,,C,21,0.17,SCSN
10599413,scedc:10599413,2010-04-10T23:34:18.750000Z,32.64416666666666,-115.7345,3.48,2.2,,,SCEDC,,A,31,0.15,SCSN
10599421,scedc:10599421,2010-04-10T23:36:40.400000Z,32.353833333333334,-115.34566666666667,10.42,2.3,,,SCEDC,,C,21,0.16,SCSN
10599437,scedc:10599437,2010-04-10T23:43:43.320000Z,32.6155,-115.767,6.35,3.2,,,SCEDC,,A,46,0.16,SCSN
10599453,scedc:10599453,2010-04-10T23:52:24.860000Z,32.67783333333333,-115.74816666666666,9.79,2.0,,,SCEDC,,A,27,0.12,SCSN
10599485,scedc:10599485,2010-04-11T00:07:34.150000Z,32.6005,-115.68216666666666,9.57,2.8,,,SCEDC,,A,35,0.16,SCSN
37225997,scedc:37225997,2010-04-11T00:08:01.510000Z,32.413,-115.576,1.53,2.7,,,SCEDC,,C,18,0.17,SCSN
10599493,scedc:10599493,2010-04-11T00:10:58.650000Z,32.42966666666667,-115.553,0.0,3.0,,,SCEDC,,C,26,0.28,SCSN
10599501,scedc:10599501,2010-04-11T00:11:45.910000Z,32.4205,-115.56233333333331,9.36,3.0,,,SCEDC,,B,31,0.14,SCSN
10599581,scedc:10599581,2010-04-11T00:39:51.530000Z,32.296,-115.365,10.0,2.0,,,SCEDC,,C,16,0.14,SCSN
10599629,scedc:10599629,2010-04-11T00:53:55.530000Z,32.41683333333334,-115.55766666666666,4.98,2.1,,,SCEDC,,C,20,0.14,SCSN
10599645,scedc:10599645,2010-04-11T00:57:54.900000Z,32.343666666666664,-115.3305,12.92,2.2,,,SCEDC,,B,17,0.11,SCSN
37226221,scedc:37226221,2010-04-11T02:25:42.900000Z,32.27333333333333,-115.45633333333332,14.92,2.0,,,SCEDC,,C,13,0.24,SCSN
10600005,scedc:10600005,2010-04-11T02:57:42.300000Z,32.431666666666665,-115.4915,5.9,2.3,,,SCEDC,,C,19,0.16,SCSN
10600013,scedc:10600013,2010-04-11T03:00:39.740000Z,32.651,-115.768,2.5,2.3,,,SCEDC,,A,30,0.12,SCSN
10600029,scedc:10600029,2010-04-11T03:06:28.240000Z,32.280166666666666,-115.36783333333334,15.24,2.8,,,SCEDC,,C,29,0.11,SCSN
10600053,scedc:10600053,2010-04-11T03:20:14.220000Z,32.23583333333333,-115.26633333333334,11.79,2.2,,,SCEDC,,B,25,0.15,SCSN
10600069,scedc:10600069,2010-04-11T03:34:25.830000Z,32.64933333333333,-115.71983333333333,3.17,2.0,,,SCEDC,,A,27,0.11,SCSN
10600101,scedc:10600101,2010-04-11T03:47:29.000000Z,32.64,-115.70016666666666,8.69,2.4,,,SCEDC,,A,29,0.11,SCSN
10600133,scedc:10600133,2010-04-11T03:56:52.180000Z,32.2735,-115.337,10.12,2.5,,,SCEDC,,C,29,0.16,SCSN
10600149,scedc:10600149,2010-04-11T04:06:15.670000Z,32.30533333333333,-115.32983333333334,5.98,2.0,,,SCEDC,,C,8,0.08,SCSN
10600141,scedc:10600141,2010-04-11T04:09:07.510000Z,32.689,-115.8745,8.35,2.1,,,SCEDC,,A,32,0.13,SCSN
10600165,scedc:10600165,2010-04-11T04:10:27.240000Z,32.596,-115.68266666666666,8.82,2.1,,,SCEDC,,A,29,0.1,SCSN
37230029,scedc:37230029,2010-04-11T04:11:28.730000Z,32.23316666666667,-115.341,14.45,2.4,,,SCEDC,,C,13,0.15,SCSN
10600229,scedc:10600229,2010-04-11T04:31:50.950000Z,32.87683333333333,-117.88016666666668,9.69,2.1,,,SCEDC,,C,14,0.19,SCSN
10600245,scedc:10600245,2010-04-11T04:38:23.750000Z,32.55416666666667,-115.62533333333332,10.73,2.0,,,SCEDC,,B,27,0.14,SCSN
10600277,scedc:10600277,2010-04-11T04:57:41.240000Z,32.67366666666667,-115.752,9.43,2.2,,,SCEDC,,A,30,0.09,SCSN
10600301,scedc:10600301,2010-04-11T05:01:30.720000Z,32.330333333333336,-115.32983333333334,9.43,2.1,,,SCEDC,,C,20,0.2,SCSN
37226373,scedc:37226373,2010-04-11T05:02:39.600000Z,32.28666666666667,-115.35416666666669,17.43,2.0,,,SCEDC,,C,10,0.48,SCSN
10600309,scedc:10600309,2010-04-11T05:11:41.730000Z,32.669,-115.7825,8.21,2.2,,,SCEDC,,A,42,0.16,SCSN
10600325,scedc:10600325,2010-04-11T05:15:16.060000Z,32.70916666666667,-115.84716666666668,8.51,2.0,,,SCEDC,,A,39,0.2,SCSN
10600333,scedc:10600333,2010-04-11T05:21:46.090000Z,32.6345,-115.75716666666666,7.04,3.0,,,SCEDC,,A,38,0.16,SCSN
37226389,scedc:37226389,2010-04-11T05:22:21.750000Z,32.447,-115.536,7.02,2.1,,,SCEDC,,C,12,0.09,SCSN
37230053,scedc:37230053,2010-04-11T05:23:05.880000Z,32.28183333333333,-115.3305,7.01,2.3,,,SCEDC,,C,13,0.08,SCSN
10600341,scedc:10600341,2010-04-11T05:28:39.560000Z,32.60033333333333,-115.73233333333332,6.12,2.8,,,SCEDC,,A,40,0.15,SCSN
10600349,scedc:10600349,2010-04-11T05:30:11.700000Z,32.5295,-115.61416666666666,13.78,3.0,,,SCEDC,,A,41,0.15,SCSN
37226413,scedc:37226413,2010-04-11T05:30:40.740000Z,32.69733333333333,-115.7495,5.41,2.5,,,SCEDC,,A,12,0.08,SCSN
10600381,scedc:10600381,2010-04-11T05:45:11.000000Z,32.671,-115.741,9.35,2.2,,,SCEDC,,A,34,0.12,SCSN
37226437,scedc:37226437,2010-04-11T05:45:26.970000Z,32.68783333333333,-115.76,9.45,2.1,,,SCEDC,,A,23,0.11,SCSN
10600397,scedc:10600397,2010-04-11T05:52:27.330000Z,32.60483333333333,-115.70883333333332,11.0,2.2,,,SCEDC,,A,25,0.12,SCSN
10600421,scedc:10600421,2010-04-11T05:55:30.530000Z,32.599833333333336,-115.71016666666668,9.85,2.5,,,SCEDC,,A,30,0.11,SCSN
37226453,scedc:37226453,2010-04-11T05:55:48.400000Z,32.4405,-115.56466666666668,0.36,2.6,,,SCEDC,,A,33,0.18,SCSN
10600437,scedc:10600437,2010-04-11T06:02:24.390000Z,32.32416666666666,-115.3435,18.86,2.7,,,SCEDC,,A,27,0.12,SCSN
10600485,scedc:10600485,2010-04-11T06:12:58.680000Z,32.343666666666664,-115.385,14.44,2.8,,,SCEDC,,C,24,0.21,SCSN
10600493,scedc:10600493,2010-04-11T06:13:51.060000Z,32.64266666666666,-115.73166666666668,2.0,2.5,,,SCEDC,,A,26,0.1,SCSN
10600525,scedc:10600525,2010-04-11T06:21:15.930000Z,32.2405,-115.30866666666668,4.59,2.4,,,SCEDC,,C,20,0.1,SCSN
37230109,scedc:37230109,2010-04-11T06:21:42.190000Z,32.285,-115.298,2.99,2.3,,,SCEDC,,C,19,0.16,SCSN
10600533,scedc:10600533,2010-04-11T06:22:06.000000Z,32.25183333333333,-115.3535,14.44,2.7,,,SCEDC,,C,21,0.16,SCSN
10600549,scedc:10600549,2010-04-11T06:30:26.270000Z,32.63433333333333,-115.71516666666666,7.25,3.3,,,SCEDC,,A,44,0.15,SCSN
10600557,scedc:10600557,2010-04-11T06:34:15.400000Z,32.577666666666666,-115.70916666666666,9.88,2.0,,,SCEDC,,A,34,0.11,SCSN
10600693,scedc:10600693,2010-04-11T07:06:14.280000Z,32.71633333333333,-115.87116666666668,2.61,2.0,,,SCEDC,,A,26,0.14,SCSN
10600709,scedc:10600709,2010-04-11T07:10:47.640000Z,32.527,-115.62783333333331,8.75,2.8,,,SCEDC,,A,37,0.11,SCSN
10600781,scedc:10600781,2010-04-11T07:31:08.390000Z,32.72983333333333,-115.88583333333334,1.77,2.0,,,SCEDC,,A,29,0.1,SCSN
10600797,scedc:10600797,2010-04-11T07:36:59.780000Z,32.706833333333336,-115.88816666666666,6.77,2.2,,,SCEDC,,A,36,0.15,SCSN
10600813,scedc:10600813,2010-04-11T07:40:04.670000Z,32.675,-115.77416666666667,9.78,2.2,,,SCEDC,,A,30,0.11,SCSN
10600829,scedc:10600829,2010-04-11T07:43:52.690000Z,32.319833333333335,-115.4145,14.44,2.2,,,SCEDC,,C,22,0.15,SCSN
10600845,scedc:10600845,2010-04-11T07:46:48.980000Z,32.666333333333334,-115.88133333333332,3.07,2.2,,,SCEDC,,A,37,0.16,SCSN
10600869,scedc:10600869,2010-04-11T07:57:40.220000Z,32.681666666666665,-115.85066666666668,7.14,2.0,,,SCEDC,,A,32,0.09,SCSN
10600877,scedc:10600877,2010-04-11T08:00:45.030000Z,32.32366666666667,-115.32916666666668,11.61,2.4,,,SCEDC,,B,16,0.15,SCSN
10600917,scedc:10600917,2010-04-11T08:13:54.670000Z,32.68,-115.84316666666666,9.14,2.6,,,SCEDC,,A,46,0.15,SCSN
10600941,scedc:10600941,2010-04-11T08:16:27.700000Z,32.68333333333333,-115.84666666666666,8.77,2.0,,,SCEDC,,A,34,0.13,SCSN
10600957,scedc:10600957,2010-04-11T08:26:50.270000Z,32.328,-115.31683333333334,10.29,2.0,,,SCEDC,,C,19,0.14,SCSN
10600981,scedc:10600981,2010-04-11T08:39:29.740000Z,32.43816666666667,-115.536,9.98,2.9,,,SCEDC,,C,26,0.16,SCSN
10600973,scedc:10600973,2010-04-11T08:40:49.510000Z,32.4125,-115.5425,9.0,2.2,,,SCEDC,,C,18,0.08,SCSN
37227053,scedc:37227053,2010-04-11T08:41:25.740000Z,32.4355,-115.553,15.28,2.0,,,SCEDC,,C,20,0.2,SCSN
10600989,scedc:10600989,2010-04-11T08:46:07.650000Z,32.66833333333334,-115.74983333333331,3.29,2.1,,,SCEDC,,A,21,0.12,SCSN
10601005,scedc:10601005,2010-04-11T08:48:55.350000Z,32.628166666666665,-115.76133333333334,2.73,2.6,,,SCEDC,,A,42,0.15,SCSN
37227069,scedc:37227069,2010-04-11T08:49:19.350000Z,32.43,-115.557,0.2,2.7,,,SCEDC,,B,20,0.09,SCSN
10601013,scedc:10601013,2010-04-11T08:50:13.330000Z,32.348,-115.42166666666668,14.23,3.5,,,SCEDC,,A,27,0.12,SCSN
10601133,scedc:10601133,2010-04-11T09:14:28.240000Z,32.4335,-115.5475,8.06,2.0,,,SCEDC,,B,31,0.17,SCSN
10601157,scedc:10601157,2010-04-11T09:21:44.610000Z,32.334666666666664,-115.43,13.19,2.8,,,SCEDC,,B,21,0.09,SCSN
10601213,scedc:10601213,2010-04-11T09:43:35.910000Z,32.69283333333333,-115.78916666666667,5.8,2.3,,,SCEDC,,A,31,0.15,SCSN
10601253,scedc:10601253,2010-04-11T09:52:52.260000Z,32.31133333333333,-115.31816666666668,18.68,3.5,,,SCEDC,,B,31,0.17,SCSN
10601269,scedc:10601269,2010-04-11T09:57:48.010000Z,32.33983333333333,-115.34683333333334,7.49,2.5,,,SCEDC,,B,17,0.08,SCSN
10601277,scedc:10601277,2010-04-11T09:59:09.270000Z,32.28066666666667,-115.35533333333332,14.43,2.5,,,SCEDC,,C,12,0.24,SCSN
10601309,scedc:10601309,2010-04-11T10:15:25.290000Z,32.55983333333333,-115.69233333333334,8.44,2.3,,,SCEDC,,A,29,0.13,SCSN
10601349,scedc:10601349,2010-04-11T10:22:02.020000Z,32.65133333333333,-115.72316666666669,3.27,2.7,,,SCEDC,,A,33,0.13,SCSN
10601357,scedc:10601357,2010-04-11T10:25:47.710000Z,32.6205,-115.75983333333332,8.29,2.4,,,SCEDC,,A,26,0.12,SCSN
10601373,scedc:10601373,2010-04-11T10:30:42.180000Z,32.611333333333334,-115.76366666666668,8.06,2.7,,,SCEDC,,A,42,0.15,SCSN
37227253,scedc:37227253,2010-04-11T10:33:49.840000Z,32.33316666666666,-115.47983333333332,9.43,2.2,,,SCEDC,,C,11,0.21,SCSN
10601405,scedc:10601405,2010-04-11T10:37:48.730000Z,32.300333333333334,-115.3085,13.87,2.0,,,SCEDC,,B,19,0.12,SCSN
10601493,scedc:10601493,2010-04-11T11:09:29.680000Z,32.61566666666667,-115.7575,5.04,2.6,,,SCEDC,,A,33,0.15,SCSN
10601613,scedc:10601613,2010-04-11T11:50:32.780000Z,32.60783333333333,-115.768,5.38,3.1,,,SCEDC,,A,31,0.21,SCSN
10601629,scedc:10601629,2010-04-11T11:57:58.290000Z,32.342333333333336,-115.34166666666668,14.08,2.6,,,SCEDC,,B,27,0.13,SCSN
10601637,scedc:10601637,2010-04-11T11:59:25.670000Z,32.67633333333333,-115.75216666666668,9.25,2.6,,,SCEDC,,A,37,0.15,SCSN
10601797,scedc:10601797,2010-04-11T13:12:05.640000Z,32.722833333333334,-115.78483333333334,1.16,2.4,,,SCEDC,,A,24,0.1,SCSN
10601813,scedc:10601813,2010-04-11T13:15:10.810000Z,32.304,-115.333,17.28,2.7,,,SCEDC,,C,25,0.14,SCSN
37227389,scedc:37227389,2010-04-11T13:21:44.070000Z,32.68216666666667,-115.854,9.19,2.0,,,SCEDC,,A,16,0.06,SCSN
10601853,scedc:10601853,2010-04-11T13:27:10.200000Z,32.67883333333333,-115.81966666666666,8.6,2.0,,,SCEDC,,A,27,0.09,SCSN
37227413,scedc:37227413,2010-04-11T13:29:29.270000Z,32.6835,-115.84483333333333,5.65,2.3,,,SCEDC,,A,11,0.05,SCSN
37227445,scedc:37227445,2010-04-11T13:46:28.880000Z,32.38066666666667,-115.419,9.97,2.1,,,SCEDC,,C,23,0.14,SCSN
10601973,scedc:10601973,2010-04-11T14:04:50.240000Z,32.30866666666667,-115.32516666666666,17.71,2.1,,,SCEDC,,B,20,0.13,SCSN
10601981,scedc:10601981,2010-04-11T14:08:57.450000Z,32.66466666666667,-115.78166666666668,8.45,2.4,,,SCEDC,,A,19,0.07,SCSN
10601989,scedc:10601989,2010-04-11T14:09:20.810000Z,32.694,-115.9185,8.0,2.3,,,SCEDC,,A,35,0.1,SCSN
37227493,scedc:37227493,2010-04-11T14:09:46.000000Z,32.634,-115.753,7.58,2.4,,,SCEDC,,A,23,0.14,SCSN
10602029,scedc:10602029,2010-04-11T14:14:13.170000Z,32.244166666666665,-115.3525,17.44,2.9,,,SCEDC,,C,23,0.19,SCSN
10602061,scedc:10602061,2010-04-11T14:21:32.410000Z,32.33316666666666,-115.3175,14.43,2.0,,,SCEDC,,C,18,0.14,SCSN
10602077,scedc:10602077,2010-04-11T14:29:07.660000Z,32.31166666666667,-115.366,15.13,3.3,,,SCEDC,,C,21,0.14,SCSN
10602085,scedc:10602085,2010-04-11T14:29:53.080000Z,32.71333333333333,-115.98066666666666,3.51,2.9,,,SCEDC,,A,49,0.16,SCSN
10602125,scedc:10602125,2010-04-11T14:46:15.150000Z,32.702666666666666,-115.96416666666669,8.18,2.0,,,SCEDC,,A,37,0.11,SCSN
10602213,scedc:10602213,2010-04-11T15:13:17.160000Z,32.83133333333333,-115.47966666666667,2.48,2.0,,,SCEDC,,A,22,0.16,SCSN
37230413,scedc:37230413,2010-04-11T15:13:27.140000Z,32.82783333333333,-115.47616666666669,2.58,2.0,,,SCEDC,,A,10,0.12,SCSN
10602245,scedc:10602245,2010-04-11T15:27:08.300000Z,32.4005,-115.4895,16.17,2.1,,,SCEDC,,C,24,0.14,SCSN
10602253,scedc:10602253,2010-04-11T15:28:09.970000Z,32.339166666666664,-115.39983333333332,15.23,2.1,,,SCEDC,,C,23,0.09,SCSN
10602261,scedc:10602261,2010-04-11T15:31:44.430000Z,32.632,-115.78316666666667,4.05,2.0,,,SCEDC,,A,30,0.11,SCSN
10602285,scedc:10602285,2010-04-11T15:33:56.660000Z,32.33383333333333,-115.32266666666666,9.17,2.2,,,SCEDC,,B,22,0.12,SCSN
37227621,scedc:37227621,2010-04-11T15:39:08.670000Z,32.3165,-115.3455,17.44,2.2,,,SCEDC,,B,13,0.19,SCSN
10602373,scedc:10602373,2010-04-11T16:08:19.590000Z,32.342666666666666,-115.32483333333332,19.13,2.8,,,SCEDC,,B,29,0.16,SCSN
10602381,scedc:10602381,2010-04-11T16:10:28.920000Z,32.33566666666667,-115.32133333333331,17.2,2.2,,,SCEDC,,C,22,0.17,SCSN
10602397,scedc:10602397,2010-04-11T16:16:49.340000Z,32.3195,-115.40183333333331,13.84,2.1,,,SCEDC,,B,24,0.11,SCSN
10602405,scedc:10602405,2010-04-11T16:23:42.190000Z,32.315333333333335,-115.36516666666668,14.43,3.0,,,SCEDC,,C,25,0.15,SCSN
37227685,scedc:37227685,2010-04-11T16:24:21.970000Z,32.650666666666666,-115.76266666666666,8.48,2.3,,,SCEDC,,A,11,0.06,SCSN
37230445,scedc:37230445,2010-04-11T16:25:28.980000Z,32.29333333333334,-115.36033333333332,6.89,2.0,,,SCEDC,,C,11,0.15,SCSN
10602453,scedc:10602453,2010-04-11T16:42:04.040000Z,32.33266666666667,-115.318,17.55,4.4,,,SCEDC,,B,28,0.14,SCSN
37227701,scedc:37227701,2010-04-11T16:44:42.310000Z,32.2825,-115.31933333333332,14.99,3.1,,,SCEDC,,C,14,0.1,SCSN
10602461,scedc:10602461,2010-04-11T16:48:21.720000Z,32.35766666666667,-115.328,10.23,3.1,,,SCEDC,,C,29,0.15,SCSN
10602469,scedc:10602469,2010-04-11T16:50:58.190000Z,32.69883333333333,-115.8445,8.75,2.1,,,SCEDC,,A,34,0.17,SCSN
10602477,scedc:10602477,2010-04-11T16:51:29.540000Z,32.342,-115.32116666666668,13.87,2.4,,,SCEDC,,A,24,0.16,SCSN
10602493,scedc:10602493,2010-04-11T16:55:48.580000Z,32.328833333333336,-115.322,18.5,2.3,,,SCEDC,,A,28,0.16,SCSN
10602501,scedc:10602501,2010-04-11T16:57:05.730000Z,32.54066666666667,-115.66333333333333,8.27,2.0,,,SCEDC,,A,27,0.09,SCSN
10602557,scedc:10602557,2010-04-11T17:36:45.600000Z,32.713166666666666,-115.84466666666668,4.34,2.2,,,SCEDC,,A,35,0.17,SCSN
10602629,scedc:10602629,2010-04-11T18:08:15.400000Z,32.644666666666666,-115.72816666666668,4.39,2.5,,,SCEDC,,A,42,0.16,SCSN
10602677,scedc:10602677,2010-04-11T18:17:22.620000Z,32.616166666666665,-115.75266666666668,9.43,2.1,,,SCEDC,,A,30,0.12,SCSN
10602757,scedc:10602757,2010-04-11T19:01:44.590000Z,32.602333333333334,-115.71733333333331,3.3,2.8,,,SCEDC,,A,44,0.13,SCSN
10602773,scedc:10602773,2010-04-11T19:06:11.370000Z,32.525666666666666,-115.61783333333334,9.12,2.5,,,SCEDC,,A,32,0.15,SCSN
10602805,scedc:10602805,2010-04-11T19:18:43.560000Z,32.48583333333333,-115.61516666666668,0.79,2.2,,,SCEDC,,A,19,0.07,SCSN
10602821,scedc:10602821,2010-04-11T19:24:15.240000Z,32.709833333333336,-115.85366666666668,4.27,2.1,,,SCEDC,,A,19,0.07,SCSN
10602829,scedc:10602829,2010-04-11T19:24:55.630000Z,32.70666666666666,-115.8525,4.18,2.6,,,SCEDC,,A,36,0.15,SCSN
10602845,scedc:10602845,2010-04-11T19:32:31.880000Z,32.681,-115.76566666666666,8.82,2.3,,,SCEDC,,A,12,0.05,SCSN
10602861,scedc:10602861,2010-04-11T19:36:59.030000Z,32.709666666666664,-115.852,4.51,2.0,,,SCEDC,,A,23,0.12,SCSN
10602885,scedc:10602885,2010-04-11T19:41:36.870000Z,36.07116666666667,-117.85766666666666,0.55,2.4,,,SCEDC,,A,29,0.1,SCSN
37230517,scedc:37230517,2010-04-11T19:48:35.840000Z,32.36833333333333,-115.42883333333332,11.69,2.0,,,SCEDC,,C,15,0.11,SCSN
10602925,scedc:10602925,2010-04-11T19:48:46.210000Z,32.611666666666665,-115.74916666666668,7.54,2.0,,,SCEDC,,A,20,0.1,SCSN
10602917,scedc:10602917,2010-04-11T19:49:55.900000Z,32.646,-115.7595,4.47,2.7,,,SCEDC,,A,32,0.15,SCSN
10602949,scedc:10602949,2010-04-11T19:55:19.860000Z,32.60816666666667,-115.75216666666668,7.87,3.0,,,SCEDC,,A,30,0.15,SCSN
10602989,scedc:10602989,2010-04-11T20:05:47.280000Z,32.6455,-115.7655,4.33,3.4,,,SCEDC,,A,44,0.16,SCSN
10603005,scedc:10603005,2010-04-11T20:07:28.550000Z,32.340666666666664,-115.3355,12.01,2.8,,,SCEDC,,C,25,0.09,SCSN
10603061,scedc:10603061,2010-04-11T20:35:35.290000Z,32.675666666666665,-115.804,9.14,2.2,,,SCEDC,,A,35,0.14,SCSN
10603093,scedc:10603093,2010-04-11T20:46:08.890000Z,32.6125,-115.7615,7.38,2.5,,,SCEDC,,A,37,0.19,SCSN
10603117,scedc:10603117,2010-04-11T20:59:45.890000Z,32.68116666666667,-115.971,9.59,2.0,,,SCEDC,,A,23,0.1,SCSN
10603141,scedc:10603141,2010-04-11T21:09:14.880000Z,32.42883333333333,-115.53883333333332,1.38,3.2,,,SCEDC,,C,29,0.15,SCSN
37227965,scedc:37227965,2010-04-11T21:10:25.790000Z,32.67366666666667,-115.7685,7.58,2.0,,,SCEDC,,A,17,0.06,SCSN
10603221,scedc:10603221,2010-04-11T21:44:05.590000Z,32.50483333333333,-115.5915,13.63,2.6,,,SCEDC,,A,35,0.17,SCSN
10603229,scedc:10603229,2010-04-11T21:45:26.840000Z,32.286833333333334,-115.31216666666668,16.48,2.7,,,SCEDC,,B,24,0.15,SCSN
10603285,scedc:10603285,2010-04-11T21:51:47.540000Z,32.42133333333334,-115.5505,0.19,2.9,,,SCEDC,,A,32,0.17,SCSN
37228013,scedc:37228013,2010-04-11T21:52:05.180000Z,32.413333333333334,-115.55,7.02,2.9,,,SCEDC,,C,10,0.06,SCSN
10603301,scedc:10603301,2010-04-11T22:02:36.240000Z,32.403333333333336,-115.53733333333334,10.89,3.3,,,SCEDC,,C,28,0.12,SCSN
37228029,scedc:37228029,2010-04-11T22:03:13.400000Z,32.2195,-115.316,10.63,2.9,,,SCEDC,,C,12,0.25,SCSN
37228037,scedc:37228037,2010-04-11T22:04:05.350000Z,32.26,-115.349,12.47,2.6,,,SCEDC,,B,27,0.16,SCSN
37230581,scedc:37230581,2010-04-11T22:04:32.470000Z,32.296,-115.35083333333333,12.17,2.5,,,SCEDC,,C,17,0.22,SCSN
10603309,scedc:10603309,2010-04-11T22:09:04.360000Z,32.42016666666667,-115.5465,0.77,2.4,,,SCEDC,,A,32,0.17,SCSN
10603325,scedc:10603325,2010-04-11T22:15:15.180000Z,32.424166666666665,-115.5575,0.01,2.5,,,SCEDC,,B,24,0.11,SCSN
10603333,scedc:10603333,2010-04-11T22:15:59.980000Z,32.52333333333333,-115.579,5.21,2.4,,,SCEDC,,C,17,0.21,SCSN
10603357,scedc:10603357,2010-04-11T22:18:03.690000Z,32.620333333333335,-115.75733333333334,9.2,2.0,,,SCEDC,,A,24,0.1,SCSN
10603373,scedc:10603373,2010-04-11T22:24:34.640000Z,32.616166666666665,-115.762,7.12,2.6,,,SCEDC,,A,32,0.12,SCSN
10603397,scedc:10603397,2010-04-11T22:28:41.350000Z,32.71933333333333,-115.87283333333332,2.79,2.0,,,SCEDC,,A,32,0.15,SCSN
10603429,scedc:10603429,2010-04-11T22:41:53.900000Z,32.71783333333333,-115.87566666666666,3.63,2.0,,,SCEDC,,A,26,0.12,SCSN
10603461,scedc:10603461,2010-04-11T22:50:58.750000Z,32.2295,-115.292,19.14,2.2,,,SCEDC,,B,20,0.09,SCSN
10603477,scedc:10603477,2010-04-11T22:54:32.630000Z,32.308166666666665,-115.41166666666666,6.44,2.0,,,SCEDC,,C,15,0.07,SCSN
10603485,scedc:10603485,2010-04-11T22:55:10.470000Z,32.6455,-115.7635,4.55,3.6,,,SCEDC,,A,42,0.16,SCSN
10603517,scedc:10603517,2010-04-11T23:04:43.560000Z,32.6485,-115.76133333333334,4.62,2.3,,,SCEDC,,A,26,0.14,SCSN
10603565,scedc:10603565,2010-04-11T23:21:29.710000Z,32.623,-115.75416666666666,7.09,2.2,,,SCEDC,,A,19,0.09,SCSN
10603573,scedc:10603573,2010-04-11T23:23:43.320000Z,32.61216666666667,-115.75116666666666,3.73,2.0,,,SCEDC,,A,17,0.1,SCSN
37228125,scedc:37228125,2010-04-11T23:23:45.430000Z,32.3785,-115.54716666666668,8.53,2.7,,,SCEDC,,A,23,0.21,SCSN
10603597,scedc:10603597,2010-04-11T23:27:16.900000Z,32.62916666666667,-115.75716666666666,6.61,2.0,,,SCEDC,,A,22,0.08,SCSN
10603613,scedc:10603613,2010-04-11T23:40:47.700000Z,32.613,-115.7525,4.0,2.2,,,SCEDC,,A,26,0.12,SCSN
10603621,scedc:10603621,2010-04-11T23:42:54.090000Z,32.607,-115.752,4.0,2.6,,,SCEDC,,A,33,0.15,SCSN
10603645,scedc:10603645,2010-04-11T23:58:36.320000Z,32.30283333333333,-115.396,9.68,2.3,,,SCEDC,,C,21,0.12,SCSN
10603661,scedc:10603661,2010-04-12T00:05:27.010000Z,32.645,-115.77433333333332,9.39,2.0,,,SCEDC,,A,27,0.1,SCSN
10603669,scedc:10603669,2010-04-12T00:06:55.060000Z,32.36816666666667,-115.3745,9.44,3.2,,,SCEDC,,C,23,0.22,SCSN
10603701,scedc:10603701,2010-04-12T00:19:40.570000Z,32.387166666666666,-115.55066666666669,8.86,2.5,,,SCEDC,,B,24,0.17,SCSN
31245767,scedc:31245767,2010-04-12T00:20:04.080000Z,32.31766666666667,-115.326,18.2,2.8,,,SCEDC,,A,25,0.16,SCSN
10603709,scedc:10603709,2010-04-12T00:22:34.480000Z,32.6195,-115.75616666666669,4.66,2.2,,,SCEDC,,A,30,0.13,SCSN
10603733,scedc:10603733,2010-04-12T00:47:41.390000Z,32.69316666666667,-115.8305,7.35,2.3,,,SCEDC,,A,28,0.09,SCSN
31429759,scedc:31429759,2010-04-12T00:49:39.780000Z,32.654,-115.7605,8.6,2.0,,,SCEDC,,A,19,0.07,SCSN
10603749,scedc:10603749,2010-04-12T01:09:21.500000Z,32.40716666666667,-115.50583333333331,9.99,2.2,,,SCEDC,,C,19,0.1,SCSN
10603757,scedc:10603757,2010-04-12T01:09:56.760000Z,32.333333333333336,-115.33066666666669,7.76,2.9,,,SCEDC,,B,25,0.26,SCSN
10603789,scedc:10603789,2010-04-12T01:40:00.190000Z,32.341833333333334,-115.32733333333331,9.43,2.6,,,SCEDC,,C,15,0.11,SCSN
10603797,scedc:10603797,2010-04-12T01:41:33.290000Z,32.6835,-115.75583333333331,5.75,2.1,,,SCEDC,,A,28,0.13,SCSN
10603821,scedc:10603821,2010-04-12T01:47:12.010000Z,32.337,-115.366,9.44,2.4,,,SCEDC,,C,17,0.23,SCSN
10603845,scedc:10603845,2010-04-12T01:57:16.460000Z,32.665,-115.7295,9.74,2.1,,,SCEDC,,A,42,0.15,SCSN
10603853,scedc:10603853,2010-04-12T02:04:24.180000Z,32.681333333333335,-115.8015,9.34,3.4,,,SCEDC,,A,56,0.18,SCSN
10603869,scedc:10603869,2010-04-12T02:08:53.110000Z,32.3705,-115.32116666666668,9.44,2.4,,,SCEDC,,C,15,0.17,SCSN
10603877,scedc:10603877,2010-04-12T02:12:01.690000Z,32.2935,-115.35083333333333,9.96,2.1,,,SCEDC,,C,11,0.08,SCSN
10603885,scedc:10603885,2010-04-12T02:19:25.230000Z,32.6165,-115.75683333333332,7.83,2.4,,,SCEDC,,A,47,0.16,SCSN
10603909,scedc:10603909,2010-04-12T02:27:35.710000Z,32.59916666666667,-115.712,9.85,2.5,,,SCEDC,,A,41,0.11,SCSN
10603925,scedc:10603925,2010-04-12T02:32:43.210000Z,32.67333333333333,-115.66183333333332,8.88,2.4,,,SCEDC,,A,39,0.14,SCSN
10603965,scedc:10603965,2010-04-12T02:45:35.850000Z,32.416666666666664,-115.537,0.02,2.4,,,SCEDC,,B,22,0.15,SCSN
10603957,scedc:10603957,2010-04-12T02:47:01.280000Z,32.60766666666667,-115.75216666666668,3.77,3.0,,,SCEDC,,A,46,0.12,SCSN
10603973,scedc:10603973,2010-04-12T02:49:41.990000Z,32.59866666666667,-115.75566666666668,3.29,2.5,,,SCEDC,,A,35,0.16,SCSN
31181767,scedc:31181767,2010-04-12T02:53:57.150000Z,32.73016666666667,-115.8685,2.81,2.3,,,SCEDC,,A,23,0.12,SCSN
31181759,scedc:31181759,2010-04-12T02:54:10.930000Z,32.7265,-115.873,2.11,2.7,,,SCEDC,,A,34,0.16,SCSN
10604013,scedc:10604013,2010-04-12T03:11:11.750000Z,32.6175,-115.717,4.98,2.4,,,SCEDC,,A,39,0.16,SCSN
10604021,scedc:10604021,2010-04-12T03:12:37.010000Z,32.61483333333334,-115.71383333333333,4.8,2.6,,,SCEDC,,A,35,0.15,SCSN
10604029,scedc:10604029,2010-04-12T03:15:04.650000Z,32.6945,-115.802,5.84,2.1,,,SCEDC,,A,32,0.12,SCSN
10604045,scedc:10604045,2010-04-12T03:20:08.340000Z,32.599666666666664,-115.75783333333334,7.46,2.1,,,SCEDC,,A,37,0.15,SCSN
10604053,scedc:10604053,2010-04-12T03:23:31.620000Z,32.314,-115.41266666666668,9.96,2.2,,,SCEDC,,C,16,0.21,SCSN
10604069,scedc:10604069,2010-04-12T03:28:06.950000Z,32.429,-115.53866666666669,0.42,2.3,,,SCEDC,,A,28,0.17,SCSN
37225189,scedc:37225189,2010-04-12T03:29:06.220000Z,32.68483333333333,-115.797,8.66,2.0,,,SCEDC,,A,24,0.1,SCSN
10604093,scedc:10604093,2010-04-12T03:34:08.610000Z,34.3435,-119.46033333333334,15.15,2.2,,,SCEDC,,B,15,0.35,SCSN
10604101,scedc:10604101,2010-04-12T03:37:03.320000Z,32.5125,-115.62866666666666,6.56,3.0,,,SCEDC,,B,40,0.12,SCSN
37225205,scedc:37225205,2010-04-12T03:49:39.230000Z,32.77283333333333,-115.84933333333332,5.0,2.0,,,SCEDC,,D,5,0.3,SCSN
10604149,scedc:10604149,2010-04-12T04:02:07.400000Z,32.67133333333334,-115.77783333333332,8.64,2.4,,,SCEDC,,A,38,0.14,SCSN
10604157,scedc:10604157,2010-04-12T04:03:36.770000Z,32.47833333333333,-115.63166666666666,2.18,2.6,,,SCEDC,,A,28,0.12,SCSN
10604181,scedc:10604181,2010-04-12T04:22:39.010000Z,32.406333333333336,-115.52933333333333,11.72,2.0,,,SCEDC,,C,18,0.12,SCSN
10604197,scedc:10604197,2010-04-12T04:26:23.380000Z,32.716,-115.87166666666668,2.41,2.1,,,SCEDC,,A,33,0.13,SCSN
10604205,scedc:10604205,2010-04-12T04:29:17.220000Z,32.653666666666666,-115.72733333333332,9.86,2.0,,,SCEDC,,A,25,0.09,SCSN
10604221,scedc:10604221,2010-04-12T04:44:22.040000Z,32.475833333333334,-115.62233333333332,0.7,2.5,,,SCEDC,,A,22,0.08,SCSN
10604237,scedc:10604237,2010-04-12T05:00:05.800000Z,32.6965,-115.7695,3.14,2.3,,,SCEDC,,A,34,0.17,SCSN
10604285,scedc:10604285,2010-04-12T05:29:50.660000Z,32.4235,-115.496,15.8,3.3,,,SCEDC,,A,36,0.16,SCSN
10604301,scedc:10604301,2010-04-12T05:35:04.660000Z,32.65,-115.71216666666666,8.04,2.2,,,SCEDC,,A,23,0.13,SCSN
10604309,scedc:10604309,2010-04-12T05:35:22.210000Z,32.56783333333333,-115.65716666666668,11.69,3.2,,,SCEDC,,A,44,0.12,SCSN
31773759,scedc:31773759,2010-04-12T05:36:13.840000Z,32.43783333333333,-115.55366666666669,5.68,2.3,,,SCEDC,,C,14,0.21,SCSN
31789759,scedc:31789759,2010-04-12T05:47:36.370000Z,32.61816666666667,-115.76033333333334,7.11,2.0,,,SCEDC,,A,21,0.14,SCSN
10604349,scedc:10604349,2010-04-12T05:49:26.220000Z,32.709,-115.73133333333334,9.04,2.2,,,SCEDC,,A,40,0.16,SCSN
10604389,scedc:10604389,2010-04-12T06:32:04.930000Z,32.67466666666667,-115.76616666666666,8.65,2.1,,,SCEDC,,A,17,0.12,SCSN
10604397,scedc:10604397,2010-04-12T06:36:56.960000Z,32.30133333333333,-115.33666666666667,14.84,2.4,,,SCEDC,,C,6,0.15,SCSN
10604413,scedc:10604413,2010-04-12T06:48:24.050000Z,32.656666666666666,-115.79,9.13,2.7,,,SCEDC,,A,42,0.14,SCSN
10604421,scedc:10604421,2010-04-12T06:57:47.270000Z,32.6785,-115.795,7.17,2.1,,,SCEDC,,A,39,0.13,SCSN
10604453,scedc:10604453,2010-04-12T07:09:39.550000Z,32.32033333333333,-115.37883333333332,17.92,2.8,,,SCEDC,,B,17,0.07,SCSN
10604461,scedc:10604461,2010-04-12T07:19:56.900000Z,32.713166666666666,-115.78266666666669,9.02,2.0,,,SCEDC,,A,21,0.08,SCSN
37225293,scedc:37225293,2010-04-12T07:43:56.050000Z,32.343333333333334,-115.3695,6.07,2.2,,,SCEDC,,D,6,0.12,SCSN
10604477,scedc:10604477,2010-04-12T07:44:21.480000Z,32.604166666666664,-115.72116666666666,9.72,3.8,,,SCEDC,,A,42,0.15,SCSN
10604517,scedc:10604517,2010-04-12T08:36:16.970000Z,32.57233333333333,-115.70116666666668,8.55,2.2,,,SCEDC,,A,26,0.14,SCSN
10604549,scedc:10604549,2010-04-12T08:46:58.480000Z,32.61483333333334,-115.759,6.21,2.3,,,SCEDC,,A,36,0.15,SCSN
10604557,scedc:10604557,2010-04-12T08:52:53.670000Z,32.61516666666667,-115.7595,5.97,2.2,,,SCEDC,,A,29,0.11,SCSN
10604581,scedc:10604581,2010-04-12T09:08:22.020000Z,32.69283333333333,-115.80283333333334,8.84,3.5,,,SCEDC,,A,45,0.14,SCSN
32005759,scedc:32005759,2010-04-12T09:37:23.510000Z,32.678,-115.79566666666666,7.0,2.1,,,SCEDC,,A,29,0.13,SCSN
10604645,scedc:10604645,2010-04-12T09:42:52.540000Z,32.68033333333333,-116.03833333333333,9.08,2.0,,,SCEDC,,A,23,0.15,SCSN
32013759,scedc:32013759,2010-04-12T09:43:08.730000Z,32.6605,-115.779,2.31,2.0,,,SCEDC,,A,18,0.11,SCSN
10604653,scedc:10604653,2010-04-12T09:49:29.990000Z,32.619166666666665,-115.73816666666669,9.77,2.4,,,SCEDC,,A,36,0.13,SCSN
10604661,scedc:10604661,2010-04-12T09:53:27.820000Z,32.345,-115.43533333333332,14.44,2.5,,,SCEDC,,C,22,0.14,SCSN
10604669,scedc:10604669,2010-04-12T09:57:04.410000Z,32.39216666666667,-115.49016666666668,14.59,2.3,,,SCEDC,,B,30,0.12,SCSN
10604677,scedc:10604677,2010-04-12T09:59:39.200000Z,32.6335,-115.729,3.42,2.3,,,SCEDC,,A,33,0.14,SCSN
10604693,scedc:10604693,2010-04-12T10:07:05.460000Z,32.67883333333333,-115.793,6.99,2.1,,,SCEDC,,A,34,0.13,SCSN
37225405,scedc:37225405,2010-04-12T10:18:27.060000Z,32.63966666666666,-115.7415,7.36,2.0,,,SCEDC,,C,4,0.18,SCSN
10604725,scedc:10604725,2010-04-12T10:31:25.110000Z,32.31583333333333,-115.311,13.97,2.2,,,SCEDC,,B,14,0.1,SCSN
10604733,scedc:10604733,2010-04-12T10:34:37.040000Z,32.656,-115.79416666666668,7.5,2.9,,,SCEDC,,A,32,0.15,SCSN
10604749,scedc:10604749,2010-04-12T10:36:14.280000Z,32.657833333333336,-115.7915,1.62,3.6,,,SCEDC,,A,42,0.18,SCSN
10604757,scedc:10604757,2010-04-12T10:38:35.390000Z,32.661,-115.784,2.36,2.2,,,SCEDC,,A,18,0.12,SCSN
10604773,scedc:10604773,2010-04-12T10:46:00.560000Z,32.663833333333336,-115.78733333333334,0.76,3.2,,,SCEDC,,A,36,0.14,SCSN
10604797,scedc:10604797,2010-04-12T10:57:19.220000Z,32.65833333333333,-115.7875,1.85,2.2,,,SCEDC,,A,33,0.13,SCSN
10604805,scedc:10604805,2010-04-12T10:59:14.290000Z,32.35183333333333,-115.49183333333332,14.43,2.2,,,SCEDC,,C,20,0.3,SCSN
10604813,scedc:10604813,2010-04-12T11:07:19.340000Z,32.69266666666667,-115.803,8.59,2.5,,,SCEDC,,A,32,0.15,SCSN
10604837,scedc:10604837,2010-04-12T11:40:32.980000Z,32.7085,-115.86433333333332,5.18,2.8,,,SCEDC,,A,41,0.19,SCSN
10604861,scedc:10604861,2010-04-12T11:46:52.420000Z,32.63166666666667,-115.73166666666668,4.94,2.2,,,SCEDC,,A,31,0.14,SCSN
10604869,scedc:10604869,2010-04-12T11:49:16.640000Z,32.652,-115.87116666666668,4.93,2.1,,,SCEDC,,A,31,0.1,SCSN
10604885,scedc:10604885,2010-04-12T12:06:50.860000Z,32.67783333333333,-115.77466666666666,6.79,2.2,,,SCEDC,,A,29,0.11,SCSN
10604893,scedc:10604893,2010-04-12T12:07:41.730000Z,32.339,-115.32166666666669,15.72,2.4,,,SCEDC,,C,26,0.14,SCSN
10604949,scedc:10604949,2010-04-12T12:40:22.020000Z,32.38666666666666,-115.53783333333334,5.68,2.5,,,SCEDC,,C,25,0.12,SCSN
10604965,scedc:10604965,2010-04-12T12:49:25.270000Z,32.64216666666667,-115.773,3.02,2.1,,,SCEDC,,A,31,0.13,SCSN
10604973,scedc:10604973,2010-04-12T12:51:48.100000Z,32.28616666666667,-115.4165,9.99,2.5,,,SCEDC,,C,20,0.18,SCSN
10604981,scedc:10604981,2010-04-12T13:01:01.250000Z,32.681333333333335,-115.81016666666666,5.82,2.1,,,SCEDC,,A,23,0.08,SCSN
10604989,scedc:10604989,2010-04-12T13:01:20.960000Z,32.67916666666667,-115.80983333333332,5.79,2.7,,,SCEDC,,A,27,0.09,SCSN
10605005,scedc:10605005,2010-04-12T13:08:47.420000Z,32.637,-115.72666666666667,3.48,2.0,,,SCEDC,,B,19,0.11,SCSN
10605045,scedc:10605045,2010-04-12T13:18:46.320000Z,32.63283333333333,-115.74016666666668,2.8,2.1,,,SCEDC,,A,24,0.1,SCSN
10605053,scedc:10605053,2010-04-12T13:21:19.270000Z,32.41883333333333,-115.53866666666669,0.23,2.6,,,SCEDC,,A,24,0.11,SCSN
37225533,scedc:37225533,2010-04-12T13:21:56.610000Z,32.67183333333333,-115.79666666666668,7.0,2.0,,,SCEDC,,A,28,0.14,SCSN
10605093,scedc:10605093,2010-04-12T13:50:15.000000Z,32.67516666666667,-115.7775,8.9,2.1,,,SCEDC,,A,29,0.11,SCSN
10605117,scedc:10605117,2010-04-12T14:00:30.710000Z,32.6245,-115.7545,6.53,3.0,,,SCEDC,,A,36,0.11,SCSN
10605125,scedc:10605125,2010-04-12T14:12:49.670000Z,32.6725,-115.76933333333334,8.31,2.1,,,SCEDC,,A,22,0.11,SCSN
10605141,scedc:10605141,2010-04-12T14:17:50.700000Z,32.67166666666667,-115.7765,3.35,3.3,,,SCEDC,,A,40,0.17,SCSN
10605149,scedc:10605149,2010-04-12T14:33:51.250000Z,32.65116666666667,-115.72566666666668,9.72,3.1,,,SCEDC,,A,29,0.14,SCSN
10605173,scedc:10605173,2010-04-12T14:47:46.930000Z,32.664,-115.75683333333332,9.01,2.1,,,SCEDC,,A,30,0.11,SCSN
10605229,scedc:10605229,2010-04-12T15:12:44.850000Z,32.51833333333333,-115.59816666666669,13.69,2.2,,,SCEDC,,B,23,0.17,SCSN
10605245,scedc:10605245,2010-04-12T15:20:46.290000Z,32.67316666666667,-115.79033333333334,4.13,2.8,,,SCEDC,,A,26,0.16,SCSN
10605253,scedc:10605253,2010-04-12T15:27:22.880000Z,32.711166666666664,-115.85983333333331,5.35,2.0,,,SCEDC,,A,22,0.11,SCSN
10605269,scedc:10605269,2010-04-12T15:34:55.050000Z,32.6795,-115.79783333333332,8.86,3.2,,,SCEDC,,A,45,0.21,SCSN
10605285,scedc:10605285,2010-04-12T15:53:43.520000Z,32.66116666666667,-115.778,1.88,2.8,,,SCEDC,,A,34,0.17,SCSN
10605293,scedc:10605293,2010-04-12T16:01:57.380000Z,32.66133333333333,-115.789,7.93,2.5,,,SCEDC,,A,34,0.18,SCSN
10605341,scedc:10605341,2010-04-12T16:50:21.560000Z,32.678,-115.79866666666666,8.6,2.0,,,SCEDC,,A,29,0.15,SCSN
10605357,scedc:10605357,2010-04-12T17:00:11.440000Z,32.6755,-115.76583333333332,8.76,2.1,,,SCEDC,,A,23,0.1,SCSN
10605469,scedc:10605469,2010-04-12T18:10:33.500000Z,32.6745,-115.77733333333332,9.18,2.8,,,SCEDC,,A,41,0.15,SCSN
10605477,scedc:10605477,2010-04-12T18:15:59.770000Z,32.6635,-115.76483333333331,8.61,2.2,,,SCEDC,,A,26,0.1,SCSN
10605485,scedc:10605485,2010-04-12T18:20:56.660000Z,32.28766666666667,-115.40933333333334,9.99,2.5,,,SCEDC,,C,26,0.12,SCSN
10605525,scedc:10605525,2010-04-12T18:40:09.620000Z,32.322,-115.3755,18.6,2.6,,,SCEDC,,B,24,0.13,SCSN
10605533,scedc:10605533,2010-04-12T18:49:40.050000Z,32.62766666666667,-115.7535,10.37,2.6,,,SCEDC,,A,37,0.13,SCSN
10605541,scedc:10605541,2010-04-12T18:51:02.370000Z,32.64116666666666,-115.7595,9.26,2.4,,,SCEDC,,A,33,0.1,SCSN
37225661,scedc:37225661,2010-04-12T18:52:47.670000Z,32.345,-115.42433333333334,6.99,2.1,,,SCEDC,,C,13,0.14,SCSN
10605621,scedc:10605621,2010-04-12T19:26:41.930000Z,32.672,-115.76083333333334,9.36,2.4,,,SCEDC,,A,39,0.14,SCSN
10605661,scedc:10605661,2010-04-12T19:43:40.520000Z,32.68666666666667,-115.80933333333331,7.67,2.1,,,SCEDC,,A,28,0.12,SCSN
10605669,scedc:10605669,2010-04-12T19:45:00.840000Z,32.66016666666667,-115.771,3.44,2.3,,,SCEDC,,A,23,0.09,SCSN
10605709,scedc:10605709,2010-04-12T20:05:30.400000Z,32.64983333333333,-115.70716666666668,8.79,2.2,,,SCEDC,,A,27,0.13,SCSN
10605725,scedc:10605725,2010-04-12T20:22:24.850000Z,32.7465,-115.84983333333334,9.25,2.0,,,SCEDC,,A,19,0.12,SCSN
10605749,scedc:10605749,2010-04-12T20:43:13.590000Z,32.544333333333334,-115.6395,9.83,3.1,,,SCEDC,,A,38,0.12,SCSN
10605821,scedc:10605821,2010-04-12T21:07:14.800000Z,32.648666666666664,-115.77583333333334,8.93,2.4,,,SCEDC,,A,36,0.13,SCSN
10605869,scedc:10605869,2010-04-12T21:38:24.050000Z,32.58266666666667,-115.81916666666666,9.58,2.8,,,SCEDC,,A,29,0.12,SCSN
10605909,scedc:10605909,2010-04-12T21:56:47.340000Z,32.30716666666667,-115.40966666666668,15.48,2.9,,,SCEDC,,C,23,0.12,SCSN
10605917,scedc:10605917,2010-04-12T22:05:15.390000Z,32.49816666666667,-115.5605,8.67,2.4,,,SCEDC,,A,26,0.16,SCSN
10605925,scedc:10605925,2010-04-12T22:09:57.670000Z,32.692,-115.82966666666668,7.71,2.0,,,SCEDC,,A,24,0.11,SCSN
10605957,scedc:10605957,2010-04-12T22:18:40.540000Z,32.68566666666667,-115.764,6.68,3.2,,,SCEDC,,A,42,0.19,SCSN
37225941,scedc:37225941,2010-04-12T22:19:21.460000Z,32.30533333333333,-115.36716666666666,9.4,2.4,,,SCEDC,,C,11,0.15,SCSN
10605965,scedc:10605965,2010-04-12T22:28:54.760000Z,32.62833333333333,-115.74933333333334,7.42,2.6,,,SCEDC,,A,32,0.11,SCSN
10605989,scedc:10605989,2010-04-12T22:40:09.930000Z,32.655,-115.77433333333332,2.85,2.9,,,SCEDC,,A,35,0.15,SCSN
10606005,scedc:10606005,2010-04-12T22:51:59.620000Z,32.72233333333333,-115.88666666666668,8.01,2.0,,,SCEDC,,A,29,0.14,SCSN
10606101,scedc:10606101,2010-04-12T23:34:04.940000Z,32.67016666666667,-115.755,9.19,2.9,,,SCEDC,,A,41,0.14,SCSN
37225989,scedc:37225989,2010-04-12T23:39:54.030000Z,32.34916666666667,-115.29933333333334,6.95,2.2,,,SCEDC,,D,9,0.18,SCSN
10606109,scedc:10606109,2010-04-12T23:40:27.050000Z,32.67783333333333,-115.78183333333334,4.7,2.4,,,SCEDC,,A,29,0.13,SCSN
10606125,scedc:10606125,2010-04-12T23:59:13.060000Z,32.584666666666664,-115.62333333333332,8.29,2.0,,,SCEDC,,A,18,0.09,SCSN
10606165,scedc:10606165,2010-04-13T00:31:23.650000Z,32.66833333333334,-115.7535,9.05,2.2,,,SCEDC,,A,29,0.09,SCSN
10606181,scedc:10606181,2010-04-13T00:37:56.410000Z,34.00516666666667,-119.14533333333334,4.84,2.6,,,SCEDC,,C,23,0.22,SCSN
10606197,scedc:10606197,2010-04-13T00:56:29.500000Z,32.71516666666667,-115.94533333333334,10.2,2.3,,,SCEDC,,A,54,0.18,SCSN
10606205,scedc:10606205,2010-04-13T01:01:04.630000Z,32.61533333333333,-115.73783333333331,10.2,2.7,,,SCEDC,,A,43,0.13,SCSN
10606229,scedc:10606229,2010-04-13T01:14:31.140000Z,32.407,-115.41816666666666,13.98,2.2,,,SCEDC,,C,23,0.18,SCSN
10606341,scedc:10606341,2010-04-13T02:10:15.900000Z,32.560833333333335,-115.69816666666668,4.64,2.1,,,SCEDC,,A,23,0.12,SCSN
10606397,scedc:10606397,2010-04-13T02:41:29.960000Z,32.36416666666667,-115.46583333333334,8.75,2.1,,,SCEDC,,B,19,0.12,SCSN
10606445,scedc:10606445,2010-04-13T03:08:52.510000Z,32.68566666666667,-115.80716666666666,9.28,2.9,,,SCEDC,,A,38,0.19,SCSN
10606477,scedc:10606477,2010-04-13T03:33:20.560000Z,32.67783333333333,-115.7505,9.18,2.3,,,SCEDC,,A,32,0.16,SCSN
10606485,scedc:10606485,2010-04-13T03:39:31.740000Z,32.663833333333336,-115.77983333333331,2.25,3.4,,,SCEDC,,A,45,0.17,SCSN
10606501,scedc:10606501,2010-04-13T03:41:23.330000Z,32.66733333333333,-115.77666666666669,2.07,2.5,,,SCEDC,,A,34,0.15,SCSN
10606509,scedc:10606509,2010-04-13T03:47:57.750000Z,32.696666666666665,-115.91566666666668,9.63,2.1,,,SCEDC,,A,48,0.14,SCSN
10606525,scedc:10606525,2010-04-13T03:57:29.900000Z,32.510333333333335,-115.64683333333332,0.94,2.2,,,SCEDC,,A,23,0.11,SCSN
10606549,scedc:10606549,2010-04-13T04:03:22.900000Z,32.67766666666667,-115.78166666666668,5.37,2.3,,,SCEDC,,A,34,0.15,SCSN
10606565,scedc:10606565,2010-04-13T04:11:42.260000Z,32.59283333333333,-115.7125,2.77,2.4,,,SCEDC,,A,26,0.17,SCSN
10606581,scedc:10606581,2010-04-13T04:16:21.250000Z,32.629666666666665,-115.75566666666668,8.3,2.4,,,SCEDC,,A,36,0.13,SCSN
10606605,scedc:10606605,2010-04-13T04:36:25.960000Z,32.617,-115.737,10.62,2.2,,,SCEDC,,A,28,0.11,SCSN
10606629,scedc:10606629,2010-04-13T05:09:43.520000Z,32.71066666666667,-115.89666666666666,2.83,2.4,,,SCEDC,,A,37,0.16,SCSN
10606805,scedc:10606805,2010-04-13T06:45:56.630000Z,32.655166666666666,-115.75466666666668,3.61,2.3,,,SCEDC,,A,35,0.16,SCSN
10606925,scedc:10606925,2010-04-13T07:40:23.280000Z,32.3435,-115.32416666666668,16.88,2.2,,,SCEDC,,B,15,0.09,SCSN
10606973,scedc:10606973,2010-04-13T08:01:00.010000Z,32.693333333333335,-115.83966666666667,2.98,2.2,,,SCEDC,,A,43,0.16,SCSN
10606989,scedc:10606989,2010-04-13T08:29:24.220000Z,32.82866666666666,-115.94566666666668,8.39,2.0,,,SCEDC,,A,51,0.16,SCSN
10607005,scedc:10607005,2010-04-13T08:38:36.820000Z,32.3555,-115.47616666666669,14.94,2.5,,,SCEDC,,C,19,0.12,SCSN
10607045,scedc:10607045,2010-04-13T08:56:25.270000Z,32.306666666666665,-115.374,10.96,2.2,,,SCEDC,,C,19,0.14,SCSN
10607061,scedc:10607061,2010-04-13T09:04:52.290000Z,32.49516666666667,-115.6205,8.32,2.3,,,SCEDC,,A,32,0.15,SCSN
10607125,scedc:10607125,2010-04-13T09:32:30.180000Z,32.7,-115.90866666666666,9.08,2.8,,,SCEDC,,A,50,0.16,SCSN
10607149,scedc:10607149,2010-04-13T09:37:27.290000Z,32.296,-115.42383333333332,10.85,2.6,,,SCEDC,,D,26,0.22,SCSN
10607173,scedc:10607173,2010-04-13T10:08:07.370000Z,32.455333333333336,-115.54633333333334,6.42,2.0,,,SCEDC,,C,18,0.08,SCSN
10607181,scedc:10607181,2010-04-13T10:11:24.840000Z,32.49816666666667,-115.63116666666669,1.81,2.1,,,SCEDC,,B,24,0.12,SCSN
10607189,scedc:10607189,2010-04-13T10:12:44.990000Z,32.66883333333333,-115.77566666666668,3.98,2.4,,,SCEDC,,A,33,0.15,SCSN
10607213,scedc:10607213,2010-04-13T10:21:13.650000Z,32.311,-115.38616666666668,18.67,2.4,,,SCEDC,,B,16,0.17,SCSN
10607205,scedc:10607205,2010-04-13T10:22:51.700000Z,32.3405,-115.3135,16.45,2.5,,,SCEDC,,C,20,0.1,SCSN
10607261,scedc:10607261,2010-04-13T10:47:55.670000Z,32.7175,-115.94616666666668,9.36,2.2,,,SCEDC,,A,50,0.15,SCSN
10607277,scedc:10607277,2010-04-13T11:04:56.220000Z,32.55083333333333,-115.67916666666666,7.81,2.0,,,SCEDC,,A,30,0.11,SCSN
10607301,scedc:10607301,2010-04-13T11:26:05.540000Z,32.29566666666667,-115.40183333333331,14.44,2.5,,,SCEDC,,C,13,0.31,SCSN
10607349,scedc:10607349,2010-04-13T11:52:12.250000Z,32.3395,-115.40883333333332,9.45,2.5,,,SCEDC,,C,28,0.14,SCSN
37230653,scedc:37230653,2010-04-13T11:52:22.180000Z,32.325,-115.41066666666669,11.76,2.2,,,SCEDC,,C,12,0.29,SCSN
10607381,scedc:10607381,2010-04-13T12:08:28.910000Z,32.56216666666667,-115.67833333333331,11.03,2.4,,,SCEDC,,A,37,0.16,SCSN
10607421,scedc:10607421,2010-04-13T12:37:58.260000Z,32.67166666666667,-115.79066666666668,7.95,2.3,,,SCEDC,,A,38,0.13,SCSN
10607485,scedc:10607485,2010-04-13T13:15:36.770000Z,32.71333333333333,-115.85883333333334,2.26,3.4,,,SCEDC,,A,54,0.17,SCSN
10607493,scedc:10607493,2010-04-13T13:20:10.930000Z,32.347166666666666,-115.3425,13.84,2.2,,,SCEDC,,A,24,0.14,SCSN
37220125,scedc:37220125,2010-04-13T13:27:13.830000Z,32.40133333333333,-115.41666666666669,13.22,2.3,,,SCEDC,,C,25,0.2,SCSN
10607517,scedc:10607517,2010-04-13T13:32:40.840000Z,32.653333333333336,-115.78566666666669,3.71,2.0,,,SCEDC,,A,34,0.12,SCSN
10607581,scedc:10607581,2010-04-13T14:38:16.160000Z,32.6715,-115.777,8.1,2.3,,,SCEDC,,A,38,0.17,SCSN
10607597,scedc:10607597,2010-04-13T14:44:43.680000Z,32.623333333333335,-115.74233333333332,8.62,2.4,,,SCEDC,,A,39,0.15,SCSN
37230693,scedc:37230693,2010-04-13T15:06:21.020000Z,32.573166666666665,-115.68283333333332,7.27,2.0,,,SCEDC,,B,16,0.08,SCSN
10607669,scedc:10607669,2010-04-13T15:34:57.280000Z,32.716,-115.97466666666666,5.61,2.2,,,SCEDC,,A,54,0.15,SCSN
10607677,scedc:10607677,2010-04-13T15:36:32.100000Z,32.67616666666667,-115.7865,4.24,4.0,,,SCEDC,,A,54,0.18,SCSN
37220405,scedc:37220405,2010-04-13T15:46:20.960000Z,32.675333333333334,-115.783,5.43,2.0,,,SCEDC,,A,23,0.12,SCSN
10607717,scedc:10607717,2010-04-13T15:56:28.400000Z,32.67216666666667,-115.77683333333331,6.42,2.1,,,SCEDC,,A,28,0.15,SCSN
10607725,scedc:10607725,2010-04-13T15:57:36.650000Z,32.66833333333334,-115.7505,9.41,2.0,,,SCEDC,,A,27,0.12,SCSN
37220445,scedc:37220445,2010-04-13T16:06:21.720000Z,32.34466666666667,-115.33733333333332,14.18,2.6,,,SCEDC,,B,27,0.14,SCSN
37220453,scedc:37220453,2010-04-13T16:08:41.470000Z,32.330333333333336,-115.3445,13.11,2.4,,,SCEDC,,B,25,0.11,SCSN
10607765,scedc:10607765,2010-04-13T16:15:13.840000Z,32.334833333333336,-115.49083333333331,9.4,2.0,,,SCEDC,,B,22,0.21,SCSN
10607773,scedc:10607773,2010-04-13T16:16:15.300000Z,32.57966666666667,-115.69,7.48,2.1,,,SCEDC,,B,26,0.16,SCSN
10607781,scedc:10607781,2010-04-13T16:16:57.160000Z,32.334833333333336,-115.34766666666668,8.67,2.7,,,SCEDC,,A,25,0.12,SCSN
10607813,scedc:10607813,2010-04-13T16:24:56.700000Z,32.711,-115.9815,3.32,3.2,,,SCEDC,,A,48,0.17,SCSN
10607885,scedc:10607885,2010-04-13T17:13:55.930000Z,32.67366666666667,-115.77883333333334,6.37,2.1,,,SCEDC,,A,41,0.15,SCSN
10607917,scedc:10607917,2010-04-13T17:23:11.530000Z,32.3305,-115.30133333333332,17.71,3.0,,,SCEDC,,B,25,0.16,SCSN
10607941,scedc:10607941,2010-04-13T17:33:33.700000Z,32.6775,-115.78316666666667,5.11,2.2,,,SCEDC,,A,31,0.13,SCSN
10607949,scedc:10607949,2010-04-13T17:34:35.040000Z,32.665166666666664,-115.76916666666666,8.22,2.0,,,SCEDC,,A,29,0.08,SCSN
10607957,scedc:10607957,2010-04-13T17:35:08.360000Z,32.696,-115.79416666666668,9.15,2.3,,,SCEDC,,A,53,0.16,SCSN
10607965,scedc:10607965,2010-04-13T17:41:58.050000Z,32.66766666666667,-115.7585,9.99,3.2,,,SCEDC,,C,45,0.13,SCSN
10608021,scedc:10608021,2010-04-13T18:15:06.470000Z,32.53933333333333,-115.60583333333334,12.45,2.6,,,SCEDC,,A,39,0.15,SCSN
10608037,scedc:10608037,2010-04-13T18:27:50.940000Z,32.6775,-115.774,8.64,2.0,,,SCEDC,,A,26,0.08,SCSN
10608045,scedc:10608045,2010-04-13T18:30:16.380000Z,32.605,-115.71716666666669,10.37,2.1,,,SCEDC,,A,23,0.07,SCSN
10608053,scedc:10608053,2010-04-13T18:42:22.640000Z,32.724666666666664,-115.85616666666668,2.84,2.7,,,SCEDC,,A,36,0.14,SCSN
10608061,scedc:10608061,2010-04-13T18:45:44.710000Z,32.57083333333333,-115.68216666666666,8.21,2.1,,,SCEDC,,A,28,0.12,SCSN
10608085,scedc:10608085,2010-04-13T18:58:50.380000Z,32.65083333333333,-115.71866666666666,6.38,2.0,,,SCEDC,,A,29,0.09,SCSN
10608093,scedc:10608093,2010-04-13T18:59:54.510000Z,32.714,-115.97533333333334,5.35,2.3,,,SCEDC,,A,57,0.17,SCSN
10608117,scedc:10608117,2010-04-13T19:16:56.560000Z,32.355333333333334,-115.48316666666666,14.02,2.1,,,SCEDC,,B,22,0.13,SCSN
10608125,scedc:10608125,2010-04-13T19:21:59.410000Z,32.6535,-115.727,7.55,2.4,,,SCEDC,,A,32,0.1,SCSN
10608141,scedc:10608141,2010-04-13T19:34:27.660000Z,32.624,-115.75783333333334,4.88,2.3,,,SCEDC,,A,39,0.11,SCSN
10608157,scedc:10608157,2010-04-13T19:40:14.440000Z,32.675333333333334,-115.76133333333334,9.45,2.8,,,SCEDC,,A,42,0.14,SCSN
10608285,scedc:10608285,2010-04-13T20:54:17.520000Z,32.647,-115.76633333333334,9.18,2.3,,,SCEDC,,A,35,0.12,SCSN
37221853,scedc:37221853,2010-04-13T20:58:17.230000Z,32.3935,-115.54766666666669,3.86,2.1,,,SCEDC,,C,24,0.2,SCSN
10608325,scedc:10608325,2010-04-13T21:18:16.230000Z,32.6815,-115.81316666666666,7.88,2.2,,,SCEDC,,A,38,0.11,SCSN
10608349,scedc:10608349,2010-04-13T21:28:48.310000Z,32.68833333333333,-115.80416666666666,8.69,2.0,,,SCEDC,,A,36,0.14,SCSN
10608357,scedc:10608357,2010-04-13T21:33:50.940000Z,32.265166666666666,-115.35683333333331,8.94,2.5,,,SCEDC,,C,21,0.22,SCSN
10608365,scedc:10608365,2010-04-13T21:37:24.930000Z,32.646166666666666,-115.7135,11.02,2.0,,,SCEDC,,A,32,0.13,SCSN
10608397,scedc:10608397,2010-04-13T21:51:12.000000Z,32.714166666666664,-115.85683333333331,2.78,2.2,,,SCEDC,,A,39,0.16,SCSN
10608421,scedc:10608421,2010-04-13T22:00:25.060000Z,32.82,-116.096,8.99,2.0,,,SCEDC,,A,44,0.15,SCSN
10608429,scedc:10608429,2010-04-13T22:02:16.900000Z,32.285833333333336,-115.38083333333331,14.99,2.0,,,SCEDC,,C,23,0.19,SCSN
10608469,scedc:10608469,2010-04-13T22:16:28.020000Z,32.64783333333333,-115.71133333333331,8.2,3.0,,,SCEDC,,A,37,0.14,SCSN
10608533,scedc:10608533,2010-04-13T22:35:42.570000Z,32.627833333333335,-115.69666666666669,8.97,2.2,,,SCEDC,,A,35,0.14,SCSN
10608565,scedc:10608565,2010-04-13T23:01:52.380000Z,32.23683333333334,-115.263,16.19,2.5,,,SCEDC,,B,20,0.11,SCSN
10608605,scedc:10608605,2010-04-13T23:36:18.390000Z,32.6665,-115.78533333333333,8.36,2.9,,,SCEDC,,A,44,0.16,SCSN
10608613,scedc:10608613,2010-04-13T23:40:01.610000Z,32.668166666666664,-115.77233333333334,4.55,2.6,,,SCEDC,,A,38,0.14,SCSN
10608645,scedc:10608645,2010-04-14T00:10:45.310000Z,32.595666666666666,-115.71466666666667,0.03,2.0,,,SCEDC,,C,27,0.21,SCSN
37197141,scedc:37197141,2010-04-14T00:14:22.700000Z,32.23533333333334,-115.39983333333332,15.84,2.5,,,SCEDC,,C,7,0.1,SCSN
10608661,scedc:10608661,2010-04-14T00:14:32.470000Z,32.717,-115.84433333333334,4.24,2.0,,,SCEDC,,A,15,0.12,SCSN
37197149,scedc:37197149,2010-04-14T00:28:44.690000Z,32.448,-115.56583333333332,2.6,2.1,,,SCEDC,,B,21,0.09,SCSN
10608693,scedc:10608693,2010-04-14T00:29:16.140000Z,32.6775,-115.77966666666669,5.56,2.0,,,SCEDC,,A,21,0.11,SCSN
10608685,scedc:10608685,2010-04-14T00:30:16.010000Z,32.65716666666667,-115.90416666666668,3.83,2.1,,,SCEDC,,A,32,0.17,SCSN
10608701,scedc:10608701,2010-04-14T00:34:15.100000Z,33.023666666666664,-115.87083333333334,7.71,2.1,,,SCEDC,,A,58,0.14,SCSN
37197253,scedc:37197253,2010-04-14T00:50:41.420000Z,32.290333333333336,-115.34333333333332,0.22,2.4,,,SCEDC,,C,15,0.15,SCSN
10608757,scedc:10608757,2010-04-14T01:05:57.810000Z,32.659666666666666,-115.7615,7.42,2.8,,,SCEDC,,A,36,0.14,SCSN
10608821,scedc:10608821,2010-04-14T01:39:37.440000Z,32.278666666666666,-115.354,7.16,2.2,,,SCEDC,,C,18,0.21,SCSN
10608845,scedc:10608845,2010-04-14T01:49:17.530000Z,32.691,-115.91633333333333,9.56,2.3,,,SCEDC,,A,32,0.14,SCSN
10608877,scedc:10608877,2010-04-14T02:04:28.980000Z,32.71233333333333,-115.8495,3.69,2.6,,,SCEDC,,A,38,0.17,SCSN
10608885,scedc:10608885,2010-04-14T02:15:47.300000Z,32.3175,-115.314,8.45,2.2,,,SCEDC,,B,25,0.1,SCSN
10608965,scedc:10608965,2010-04-14T03:18:35.900000Z,32.3385,-115.351,1.77,2.1,,,SCEDC,,B,14,0.11,SCSN
37197925,scedc:37197925,2010-04-14T03:23:14.610000Z,32.280833333333334,-115.33683333333332,13.41,2.2,,,SCEDC,,B,25,0.09,SCSN
10609029,scedc:10609029,2010-04-14T04:11:13.800000Z,32.30983333333333,-115.31583333333332,18.29,2.8,,,SCEDC,,B,20,0.12,SCSN
10609053,scedc:10609053,2010-04-14T04:24:19.400000Z,32.278333333333336,-115.41883333333334,13.98,2.0,,,SCEDC,,C,14,0.16,SCSN
37198309,scedc:37198309,2010-04-14T04:40:42.850000Z,32.3425,-115.3615,14.76,2.2,,,SCEDC,,C,23,0.15,SCSN
10609141,scedc:10609141,2010-04-14T04:59:17.640000Z,32.50266666666667,-115.643,8.35,2.7,,,SCEDC,,A,28,0.16,SCSN
10609181,scedc:10609181,2010-04-14T05:15:33.310000Z,32.25216666666667,-115.31633333333332,18.08,2.1,,,SCEDC,,B,14,0.09,SCSN
10609221,scedc:10609221,2010-04-14T05:23:56.080000Z,32.315333333333335,-115.39566666666668,18.28,2.3,,,SCEDC,,B,21,0.13,SCSN
10609229,scedc:10609229,2010-04-14T05:27:29.510000Z,32.664833333333334,-115.77683333333331,1.73,2.7,,,SCEDC,,A,30,0.2,SCSN
10609237,scedc:10609237,2010-04-14T05:34:21.410000Z,32.647,-115.70116666666668,8.98,2.1,,,SCEDC,,A,25,0.11,SCSN
10609253,scedc:10609253,2010-04-14T05:45:51.130000Z,32.638666666666666,-115.69516666666668,9.61,2.0,,,SCEDC,,A,24,0.11,SCSN
10609269,scedc:10609269,2010-04-14T05:52:20.360000Z,32.62416666666667,-115.7595,5.14,2.9,,,SCEDC,,A,39,0.13,SCSN
10609301,scedc:10609301,2010-04-14T06:10:24.780000Z,32.67783333333333,-115.79983333333334,8.12,2.3,,,SCEDC,,A,33,0.17,SCSN
37198749,scedc:37198749,2010-04-14T06:16:34.190000Z,32.3345,-115.29766666666669,14.9,2.0,,,SCEDC,,C,12,0.22,SCSN
10609325,scedc:10609325,2010-04-14T06:21:14.560000Z,32.67883333333333,-115.80783333333332,7.49,2.1,,,SCEDC,,A,25,0.17,SCSN
37198853,scedc:37198853,2010-04-14T06:22:39.140000Z,32.680166666666665,-115.80283333333334,8.72,2.2,,,SCEDC,,A,18,0.16,SCSN
10609341,scedc:10609341,2010-04-14T06:24:06.040000Z,32.68083333333333,-115.80016666666668,8.62,2.2,,,SCEDC,,A,27,0.13,SCSN
10609373,scedc:10609373,2010-04-14T06:35:30.460000Z,32.360166666666665,-115.40616666666666,17.31,2.5,,,SCEDC,,C,12,0.08,SCSN
10609445,scedc:10609445,2010-04-14T07:12:39.000000Z,32.605333333333334,-115.74566666666666,8.01,2.5,,,SCEDC,,A,28,0.13,SCSN
37199837,scedc:37199837,2010-04-14T07:46:08.030000Z,32.477833333333336,-115.56333333333332,18.41,2.2,,,SCEDC,,A,15,0.17,SCSN
10609613,scedc:10609613,2010-04-14T09:28:11.710000Z,32.53933333333333,-115.63516666666666,4.31,2.4,,,SCEDC,,A,29,0.11,SCSN
10609677,scedc:10609677,2010-04-14T09:58:16.930000Z,32.35516666666667,-115.34433333333334,13.99,2.3,,,SCEDC,,B,18,0.09,SCSN
10609749,scedc:10609749,2010-04-14T10:45:32.840000Z,32.5685,-115.6825,9.4,2.3,,,SCEDC,,A,27,0.15,SCSN
10609773,scedc:10609773,2010-04-14T11:19:59.520000Z,32.678,-115.76733333333334,2.26,3.8,,,SCEDC,,A,47,0.19,SCSN
31653767,scedc:31653767,2010-04-14T11:21:51.540000Z,32.68116666666667,-115.765,2.44,2.6,,,SCEDC,,A,21,0.15,SCSN
10609821,scedc:10609821,2010-04-14T11:45:00.570000Z,32.6775,-115.78383333333332,4.56,2.3,,,SCEDC,,A,32,0.14,SCSN
10609877,scedc:10609877,2010-04-14T12:33:06.500000Z,32.670833333333334,-115.7765,2.26,2.5,,,SCEDC,,A,34,0.2,SCSN
10609901,scedc:10609901,2010-04-14T12:45:47.110000Z,32.382666666666665,-115.49633333333334,9.71,2.3,,,SCEDC,,B,19,0.12,SCSN
37200965,scedc:37200965,2010-04-14T12:47:34.870000Z,32.361666666666665,-115.30566666666668,14.43,2.1,,,SCEDC,,C,15,0.18,SCSN
37200981,scedc:37200981,2010-04-14T12:53:18.710000Z,32.67666666666667,-115.80316666666668,8.23,2.0,,,SCEDC,,A,22,0.13,SCSN
10609949,scedc:10609949,2010-04-14T13:11:10.950000Z,32.62316666666667,-115.7665,5.75,2.0,,,SCEDC,,A,23,0.1,SCSN
10609957,scedc:10609957,2010-04-14T13:11:45.300000Z,32.61683333333333,-115.768,6.12,2.3,,,SCEDC,,A,33,0.14,SCSN
10609973,scedc:10609973,2010-04-14T13:18:17.260000Z,32.6235,-115.762,5.24,2.7,,,SCEDC,,A,36,0.17,SCSN
10610021,scedc:10610021,2010-04-14T13:45:39.460000Z,32.3325,-115.31833333333331,15.56,3.3,,,SCEDC,,C,23,0.18,SCSN
10610029,scedc:10610029,2010-04-14T13:57:37.150000Z,32.5355,-115.49083333333331,8.92,2.0,,,SCEDC,,B,15,0.21,SCSN
10610053,scedc:10610053,2010-04-14T14:22:50.920000Z,32.304833333333335,-115.43183333333332,7.09,2.1,,,SCEDC,,C,13,0.11,SCSN
37201797,scedc:37201797,2010-04-14T14:45:16.530000Z,32.3045,-115.38833333333334,14.44,2.2,,,SCEDC,,C,17,0.2,SCSN
10610173,scedc:10610173,2010-04-14T15:39:21.180000Z,32.669,-115.77816666666666,9.62,2.5,,,SCEDC,,A,38,0.15,SCSN
10610189,scedc:10610189,2010-04-14T15:49:27.650000Z,32.31466666666667,-115.32783333333332,15.65,2.4,,,SCEDC,,C,20,0.13,SCSN
10610197,scedc:10610197,2010-04-14T15:54:13.170000Z,32.6605,-115.83333333333331,6.69,2.2,,,SCEDC,,A,30,0.16,SCSN
10610221,scedc:10610221,2010-04-14T16:15:50.390000Z,32.632,-115.71633333333334,8.63,2.0,,,SCEDC,,A,24,0.21,SCSN
10610229,scedc:10610229,2010-04-14T16:25:00.870000Z,32.45483333333333,-115.56816666666668,7.57,2.1,,,SCEDC,,C,17,0.1,SCSN
37202389,scedc:37202389,2010-04-14T16:25:36.480000Z,32.403,-115.35016666666668,8.68,2.6,,,SCEDC,,B,18,0.16,SCSN
10610237,scedc:10610237,2010-04-14T16:26:09.860000Z,32.67366666666667,-115.78066666666666,9.46,2.4,,,SCEDC,,A,28,0.14,SCSN
37202413,scedc:37202413,2010-04-14T16:42:03.170000Z,32.31733333333333,-115.38016666666668,14.43,2.3,,,SCEDC,,C,17,0.15,SCSN
10610277,scedc:10610277,2010-04-14T16:49:22.780000Z,32.66616666666667,-115.7415,2.92,2.1,,,SCEDC,,A,19,0.16,SCSN
10610293,scedc:10610293,2010-04-14T16:54:20.930000Z,32.3225,-115.32816666666666,15.26,2.4,,,SCEDC,,C,20,0.12,SCSN
10610333,scedc:10610333,2010-04-14T17:23:07.760000Z,32.343833333333336,-115.31333333333332,9.43,3.5,,,SCEDC,,C,22,0.16,SCSN
10610341,scedc:10610341,2010-04-14T17:24:37.020000Z,32.662,-115.75533333333334,3.54,2.7,,,SCEDC,,A,37,0.16,SCSN
10610365,scedc:10610365,2010-04-14T17:36:59.550000Z,32.3965,-115.51833333333332,13.74,2.4,,,SCEDC,,B,23,0.11,SCSN
10610381,scedc:10610381,2010-04-14T17:39:28.570000Z,32.63916666666667,-115.72066666666667,9.29,2.7,,,SCEDC,,A,34,0.15,SCSN
10610413,scedc:10610413,2010-04-14T17:55:10.410000Z,32.428666666666665,-115.542,9.64,2.1,,,SCEDC,,A,24,0.11,SCSN
10610421,scedc:10610421,2010-04-14T18:10:17.640000Z,32.716833333333334,-115.85716666666669,3.02,2.2,,,SCEDC,,A,34,0.11,SCSN
10610461,scedc:10610461,2010-04-14T18:21:48.520000Z,32.7165,-115.85716666666669,3.0,2.0,,,SCEDC,,A,36,0.13,SCSN
10610533,scedc:10610533,2010-04-14T19:11:15.930000Z,32.631,-115.68283333333332,9.86,2.6,,,SCEDC,,A,36,0.11,SCSN
10610541,scedc:10610541,2010-04-14T19:14:39.070000Z,32.58583333333333,-115.689,10.62,3.2,,,SCEDC,,A,48,0.14,SCSN
37202629,scedc:37202629,2010-04-14T19:17:22.540000Z,32.29516666666667,-115.22733333333332,14.42,2.0,,,SCEDC,,C,11,0.1,SCSN
10610565,scedc:10610565,2010-04-14T19:22:03.930000Z,32.2805,-115.317,18.89,2.3,,,SCEDC,,B,18,0.23,SCSN
10610573,scedc:10610573,2010-04-14T19:35:34.250000Z,32.62266666666667,-115.78066666666666,6.16,2.4,,,SCEDC,,A,41,0.16,SCSN
10610597,scedc:10610597,2010-04-14T19:51:19.680000Z,32.341,-115.38683333333331,7.48,2.1,,,SCEDC,,C,17,0.13,SCSN
10610661,scedc:10610661,2010-04-14T20:26:31.480000Z,32.407333333333334,-115.48633333333332,14.7,2.3,,,SCEDC,,C,25,0.19,SCSN
10610749,scedc:10610749,2010-04-14T21:04:06.290000Z,32.32033333333333,-115.43883333333332,15.01,2.2,,,SCEDC,,C,15,0.14,SCSN
10610765,scedc:10610765,2010-04-14T21:11:24.470000Z,32.35316666666667,-115.44633333333331,3.81,2.5,,,SCEDC,,C,19,0.07,SCSN
10610789,scedc:10610789,2010-04-14T21:18:35.830000Z,32.6225,-115.78133333333334,5.64,2.9,,,SCEDC,,A,50,0.16,SCSN
10610813,scedc:10610813,2010-04-14T21:21:33.240000Z,32.31883333333333,-115.42433333333334,13.56,2.1,,,SCEDC,,A,23,0.13,SCSN
10610837,scedc:10610837,2010-04-14T21:36:34.470000Z,32.463,-115.5725,9.05,2.7,,,SCEDC,,A,30,0.14,SCSN
10610845,scedc:10610845,2010-04-14T21:42:13.790000Z,32.617666666666665,-115.77966666666669,5.74,2.3,,,SCEDC,,A,42,0.17,SCSN
10610877,scedc:10610877,2010-04-14T22:05:12.360000Z,32.2355,-115.3465,13.98,2.9,,,SCEDC,,C,21,0.23,SCSN
31813759,scedc:31813759,2010-04-14T22:34:53.470000Z,32.2695,-115.2075,9.44,3.3,,,SCEDC,,C,23,0.22,SCSN
10610949,scedc:10610949,2010-04-14T22:39:19.980000Z,32.6755,-115.76883333333332,4.3,2.2,,,SCEDC,,A,26,0.13,SCSN
37203093,scedc:37203093,2010-04-14T22:42:14.680000Z,32.2655,-115.37583333333332,14.44,2.3,,,SCEDC,,C,22,0.16,SCSN
10610973,scedc:10610973,2010-04-14T22:52:21.300000Z,32.21366666666667,-115.352,9.43,2.4,,,SCEDC,,C,26,0.22,SCSN
10610989,scedc:10610989,2010-04-14T23:25:43.920000Z,32.248666666666665,-115.298,15.08,2.3,,,SCEDC,,C,19,0.11,SCSN
10611045,scedc:10611045,2010-04-15T00:06:03.520000Z,32.666,-115.794,7.49,2.7,,,SCEDC,,A,52,0.17,SCSN
10611077,scedc:10611077,2010-04-15T00:34:25.990000Z,32.32233333333333,-115.33883333333333,9.99,2.0,,,SCEDC,,C,16,0.17,SCSN
10611069,scedc:10611069,2010-04-15T00:37:00.050000Z,32.2425,-115.29166666666669,16.0,3.4,,,SCEDC,,B,24,0.08,SCSN
10611093,scedc:10611093,2010-04-15T00:44:39.010000Z,32.57233333333333,-115.67566666666669,11.29,2.0,,,SCEDC,,A,26,0.1,SCSN
10611157,scedc:10611157,2010-04-15T01:52:10.030000Z,32.63183333333333,-115.78366666666666,5.0,2.0,,,SCEDC,,A,34,0.12,SCSN
10611181,scedc:10611181,2010-04-15T02:00:33.120000Z,32.666666666666664,-115.75833333333334,9.21,2.7,,,SCEDC,,A,36,0.15,SCSN
10611221,scedc:10611221,2010-04-15T02:09:22.580000Z,32.2695,-115.33816666666668,15.05,2.3,,,SCEDC,,C,18,0.08,SCSN
10611269,scedc:10611269,2010-04-15T02:31:54.900000Z,32.672,-115.761,9.33,2.5,,,SCEDC,,A,34,0.13,SCSN
10611277,scedc:10611277,2010-04-15T02:38:29.520000Z,32.6845,-115.8115,9.09,2.0,,,SCEDC,,A,26,0.1,SCSN
10611293,scedc:10611293,2010-04-15T02:44:23.690000Z,32.714333333333336,-115.95233333333331,9.12,2.0,,,SCEDC,,A,32,0.15,SCSN
37179493,scedc:37179493,2010-04-15T02:51:23.870000Z,32.82866666666666,-115.94583333333334,7.86,2.0,,,SCEDC,,A,22,0.11,SCSN
10611309,scedc:10611309,2010-04-15T02:51:29.550000Z,32.599833333333336,-115.70416666666668,7.71,2.7,,,SCEDC,,A,19,0.08,SCSN
10611405,scedc:10611405,2010-04-15T03:22:56.020000Z,32.3115,-115.333,9.45,2.3,,,SCEDC,,C,13,0.24,SCSN
37186373,scedc:37186373,2010-04-15T03:31:39.230000Z,32.23316666666667,-115.3485,9.99,2.1,,,SCEDC,,C,11,0.07,SCSN
37186429,scedc:37186429,2010-04-15T04:05:53.630000Z,32.719,-115.814,2.69,3.3,,,SCEDC,,A,11,0.07,SCSN
10611477,scedc:10611477,2010-04-15T04:07:49.800000Z,32.67933333333333,-116.03333333333332,9.99,2.0,,,SCEDC,,A,47,0.14,SCSN
37186541,scedc:37186541,2010-04-15T04:11:08.030000Z,32.25983333333333,-115.33716666666666,13.29,2.1,,,SCEDC,,B,13,0.08,SCSN
10611525,scedc:10611525,2010-04-15T04:26:13.730000Z,32.651666666666664,-115.7265,3.46,2.9,,,SCEDC,,A,43,0.13,SCSN
37186701,scedc:37186701,2010-04-15T04:26:45.710000Z,32.29683333333333,-115.32216666666666,14.41,2.7,,,SCEDC,,B,17,0.08,SCSN
37186733,scedc:37186733,2010-04-15T04:56:25.530000Z,32.24016666666667,-115.3885,18.0,2.1,,,SCEDC,,B,13,0.2,SCSN
10611605,scedc:10611605,2010-04-15T05:20:20.720000Z,32.630833333333335,-115.7765,3.36,2.2,,,SCEDC,,A,42,0.16,SCSN
37186877,scedc:37186877,2010-04-15T05:20:23.060000Z,32.252,-115.26816666666669,14.3,2.8,,,SCEDC,,B,15,0.14,SCSN
10611677,scedc:10611677,2010-04-15T06:00:48.380000Z,32.3085,-115.35616666666668,14.43,2.4,,,SCEDC,,C,26,0.14,SCSN
10611701,scedc:10611701,2010-04-15T06:19:55.700000Z,32.6115,-115.7615,8.05,3.5,,,SCEDC,,A,51,0.17,SCSN
10611717,scedc:10611717,2010-04-15T06:23:39.910000Z,32.617333333333335,-115.76633333333334,7.33,2.7,,,SCEDC,,A,44,0.11,SCSN
10611741,scedc:10611741,2010-04-15T06:35:20.510000Z,32.70733333333333,-115.85866666666666,6.62,3.2,,,SCEDC,,A,56,0.2,SCSN
10611757,scedc:10611757,2010-04-15T06:42:56.690000Z,32.672,-115.762,8.77,2.0,,,SCEDC,,A,29,0.1,SCSN
37187077,scedc:37187077,2010-04-15T07:05:09.330000Z,32.318333333333335,-115.36433333333332,4.75,2.2,,,SCEDC,,C,13,0.16,SCSN
10611797,scedc:10611797,2010-04-15T07:07:39.530000Z,32.32933333333333,-115.33216666666668,7.7,3.0,,,SCEDC,,B,21,0.09,SCSN
10611805,scedc:10611805,2010-04-15T07:09:39.480000Z,32.32816666666667,-115.32866666666666,9.49,2.7,,,SCEDC,,C,21,0.09,SCSN
10611813,scedc:10611813,2010-04-15T07:11:10.610000Z,32.707166666666666,-115.77166666666666,8.78,2.6,,,SCEDC,,A,39,0.14,SCSN
10611821,scedc:10611821,2010-04-15T07:16:17.180000Z,32.653666666666666,-115.7565,4.61,2.3,,,SCEDC,,A,30,0.11,SCSN
10611837,scedc:10611837,2010-04-15T07:17:22.280000Z,32.366,-115.32516666666666,15.39,3.0,,,SCEDC,,C,20,0.13,SCSN
10611877,scedc:10611877,2010-04-15T07:38:27.720000Z,32.61483333333334,-115.74216666666666,8.5,2.1,,,SCEDC,,A,24,0.08,SCSN
10611917,scedc:10611917,2010-04-15T08:09:04.480000Z,32.3065,-115.39,17.02,2.5,,,SCEDC,,B,26,0.11,SCSN
10611957,scedc:10611957,2010-04-15T08:20:15.090000Z,32.597833333333334,-115.7145,9.88,2.1,,,SCEDC,,A,32,0.12,SCSN
10612045,scedc:10612045,2010-04-15T08:48:44.580000Z,32.62233333333333,-115.76916666666666,7.21,2.4,,,SCEDC,,A,28,0.11,SCSN
10612053,scedc:10612053,2010-04-15T08:51:05.420000Z,32.62233333333333,-115.76733333333334,7.4,3.0,,,SCEDC,,A,44,0.17,SCSN
37188517,scedc:37188517,2010-04-15T08:51:35.380000Z,32.40416666666667,-115.5505,3.93,2.4,,,SCEDC,,C,14,0.13,SCSN
37188509,scedc:37188509,2010-04-15T08:52:08.760000Z,32.409166666666664,-115.556,5.16,2.0,,,SCEDC,,C,11,0.13,SCSN
10612093,scedc:10612093,2010-04-15T09:02:36.020000Z,32.25666666666667,-115.405,2.67,2.0,,,SCEDC,,C,18,0.18,SCSN
10612181,scedc:10612181,2010-04-15T09:25:02.990000Z,32.690333333333335,-115.77966666666669,4.62,2.6,,,SCEDC,,A,30,0.11,SCSN
10612189,scedc:10612189,2010-04-15T09:28:18.550000Z,32.24516666666667,-115.31266666666669,9.39,3.2,,,SCEDC,,C,20,0.11,SCSN
10612197,scedc:10612197,2010-04-15T09:44:07.560000Z,32.26083333333333,-115.3965,14.44,2.3,,,SCEDC,,C,23,0.2,SCSN
10612269,scedc:10612269,2010-04-15T10:19:56.430000Z,32.668,-115.8435,4.45,2.0,,,SCEDC,,A,30,0.15,SCSN
37189157,scedc:37189157,2010-04-15T10:24:38.700000Z,32.693666666666665,-115.817,7.01,2.1,,,SCEDC,,A,16,0.08,SCSN
10612293,scedc:10612293,2010-04-15T10:32:50.340000Z,32.679,-115.89116666666666,5.51,2.1,,,SCEDC,,A,31,0.11,SCSN
10612301,scedc:10612301,2010-04-15T10:33:42.630000Z,32.69283333333333,-115.80533333333334,7.75,2.5,,,SCEDC,,A,38,0.13,SCSN
10612349,scedc:10612349,2010-04-15T11:07:34.550000Z,32.6905,-115.7975,8.79,2.1,,,SCEDC,,A,41,0.14,SCSN
10612373,scedc:10612373,2010-04-15T11:12:19.770000Z,32.23,-115.35683333333331,5.92,2.0,,,SCEDC,,C,11,0.18,SCSN
10612493,scedc:10612493,2010-04-15T11:56:26.480000Z,32.358333333333334,-115.3145,8.94,3.0,,,SCEDC,,C,20,0.15,SCSN
10612533,scedc:10612533,2010-04-15T12:21:06.130000Z,32.703833333333336,-115.78233333333333,8.37,2.1,,,SCEDC,,A,35,0.16,SCSN
10612613,scedc:10612613,2010-04-15T12:49:20.790000Z,32.4825,-115.64166666666668,0.41,2.2,,,SCEDC,,A,31,0.15,SCSN
37192661,scedc:37192661,2010-04-15T12:57:30.430000Z,32.70733333333333,-115.84283333333332,4.43,2.1,,,SCEDC,,A,11,0.03,SCSN
10612637,scedc:10612637,2010-04-15T12:59:21.450000Z,32.27033333333333,-115.27233333333334,19.36,2.7,,,SCEDC,,B,21,0.12,SCSN
10612653,scedc:10612653,2010-04-15T13:18:47.230000Z,32.272666666666666,-115.3585,12.62,2.0,,,SCEDC,,B,21,0.08,SCSN
10612669,scedc:10612669,2010-04-15T13:36:56.730000Z,32.31366666666667,-115.3485,17.71,2.1,,,SCEDC,,B,14,0.15,SCSN
10612717,scedc:10612717,2010-04-15T14:23:07.200000Z,32.66916666666667,-115.75983333333332,9.07,2.2,,,SCEDC,,A,34,0.12,SCSN
10612725,scedc:10612725,2010-04-15T14:28:54.000000Z,32.6735,-115.76433333333334,8.69,3.0,,,SCEDC,,A,41,0.16,SCSN
10612781,scedc:10612781,2010-04-15T15:01:53.780000Z,32.4,-115.55433333333332,8.76,2.6,,,SCEDC,,A,31,0.17,SCSN
10612789,scedc:10612789,2010-04-15T15:07:18.120000Z,32.418,-115.5515,7.75,2.4,,,SCEDC,,B,28,0.12,SCSN
10612821,scedc:10612821,2010-04-15T15:29:47.520000Z,32.631166666666665,-115.763,4.66,2.2,,,SCEDC,,A,44,0.14,SCSN
10612845,scedc:10612845,2010-04-15T15:34:43.900000Z,32.7025,-115.83233333333334,10.19,2.4,,,SCEDC,,A,39,0.14,SCSN
10612877,scedc:10612877,2010-04-15T15:52:11.680000Z,32.69733333333333,-115.77816666666666,8.29,2.2,,,SCEDC,,A,46,0.11,SCSN
37193573,scedc:37193573,2010-04-15T16:02:50.590000Z,32.266,-115.31066666666666,13.47,2.2,,,SCEDC,,B,18,0.27,SCSN
10612917,scedc:10612917,2010-04-15T16:25:03.140000Z,32.248333333333335,-115.27433333333332,13.62,2.3,,,SCEDC,,B,21,0.14,SCSN
10612925,scedc:10612925,2010-04-15T16:32:00.730000Z,32.25066666666667,-115.34866666666667,14.44,2.6,,,SCEDC,,C,26,0.13,SCSN
37193733,scedc:37193733,2010-04-15T17:00:45.950000Z,32.207166666666666,-115.34716666666668,9.99,2.2,,,SCEDC,,C,16,0.3,SCSN
10612997,scedc:10612997,2010-04-15T17:07:27.820000Z,32.349666666666664,-115.319,14.85,2.4,,,SCEDC,,C,19,0.22,SCSN
10613013,scedc:10613013,2010-04-15T17:09:47.690000Z,32.4045,-115.52733333333332,4.11,2.1,,,SCEDC,,C,28,0.16,SCSN
10613029,scedc:10613029,2010-04-15T17:18:47.130000Z,32.56016666666667,-115.66233333333334,10.65,2.2,,,SCEDC,,A,28,0.12,SCSN
10613061,scedc:10613061,2010-04-15T17:40:29.920000Z,32.6695,-115.77916666666668,9.23,2.7,,,SCEDC,,A,45,0.14,SCSN
10613085,scedc:10613085,2010-04-15T18:08:45.850000Z,32.62683333333333,-115.77166666666666,3.79,2.1,,,SCEDC,,A,33,0.13,SCSN
10613125,scedc:10613125,2010-04-15T18:20:36.380000Z,32.7075,-115.8475,7.27,2.1,,,SCEDC,,A,39,0.13,SCSN
10613157,scedc:10613157,2010-04-15T18:50:36.300000Z,32.2465,-115.32583333333334,14.99,2.2,,,SCEDC,,C,14,0.18,SCSN
10613189,scedc:10613189,2010-04-15T19:27:21.850000Z,32.66016666666667,-115.72366666666667,7.3,2.0,,,SCEDC,,A,22,0.14,SCSN
10613213,scedc:10613213,2010-04-15T19:32:44.580000Z,32.399166666666666,-115.49766666666666,11.65,2.0,,,SCEDC,,C,22,0.12,SCSN
10613253,scedc:10613253,2010-04-15T19:54:09.700000Z,32.725833333333334,-115.8935,2.14,2.2,,,SCEDC,,A,25,0.12,SCSN
10613261,scedc:10613261,2010-04-15T19:55:01.370000Z,32.385333333333335,-115.53416666666666,11.67,2.4,,,SCEDC,,C,17,0.14,SCSN
10613293,scedc:10613293,2010-04-15T20:05:47.600000Z,32.332166666666666,-115.371,18.95,2.8,,,SCEDC,,A,27,0.1,SCSN
10613301,scedc:10613301,2010-04-15T20:07:11.870000Z,32.686166666666665,-115.8035,6.17,2.4,,,SCEDC,,A,40,0.14,SCSN
10613357,scedc:10613357,2010-04-15T20:42:29.170000Z,32.59316666666667,-115.70366666666666,9.29,2.0,,,SCEDC,,A,28,0.12,SCSN
10613373,scedc:10613373,2010-04-15T20:47:59.020000Z,32.9925,-116.345,7.32,2.2,,,SCEDC,,A,89,0.2,SCSN
10613469,scedc:10613469,2010-04-15T21:08:49.060000Z,32.48383333333334,-115.6195,15.2,2.6,,,SCEDC,,B,26,0.18,SCSN
10613477,scedc:10613477,2010-04-15T21:10:21.310000Z,32.662166666666664,-115.7585,8.94,2.9,,,SCEDC,,A,40,0.12,SCSN
10613485,scedc:10613485,2010-04-15T21:10:57.630000Z,32.6855,-115.76133333333334,2.33,2.9,,,SCEDC,,A,27,0.1,SCSN
10613493,scedc:10613493,2010-04-15T21:13:05.040000Z,32.6585,-115.76033333333334,8.9,3.0,,,SCEDC,,A,47,0.14,SCSN
37194853,scedc:37194853,2010-04-15T21:14:36.280000Z,32.30916666666667,-115.3235,17.43,2.3,,,SCEDC,,C,15,0.14,SCSN
10613517,scedc:10613517,2010-04-15T21:33:13.140000Z,32.64833333333333,-115.72116666666666,9.41,3.5,,,SCEDC,,A,45,0.17,SCSN
10613525,scedc:10613525,2010-04-15T21:35:57.270000Z,32.6635,-115.784,10.11,2.4,,,SCEDC,,A,19,0.1,SCSN
10613541,scedc:10613541,2010-04-15T21:46:08.750000Z,32.64983333333333,-115.7175,9.98,2.4,,,SCEDC,,A,35,0.14,SCSN
10613581,scedc:10613581,2010-04-15T22:02:21.970000Z,32.66283333333333,-115.7595,8.71,2.3,,,SCEDC,,A,32,0.1,SCSN
10613605,scedc:10613605,2010-04-15T22:31:16.410000Z,32.68116666666667,-115.9135,4.38,2.7,,,SCEDC,,A,47,0.17,SCSN
10613693,scedc:10613693,2010-04-15T23:12:50.110000Z,32.63616666666667,-115.7205,9.02,2.2,,,SCEDC,,A,26,0.11,SCSN
37197109,scedc:37197109,2010-04-15T23:53:53.300000Z,32.31166666666667,-115.322,14.44,2.5,,,SCEDC,,C,13,0.14,SCSN
37197101,scedc:37197101,2010-04-15T23:53:56.320000Z,32.3235,-115.3235,19.28,3.2,,,SCEDC,,B,26,0.13,SCSN
10613869,scedc:10613869,2010-04-16T00:30:54.420000Z,32.659,-115.83816666666668,6.32,2.0,,,SCEDC,,A,39,0.13,SCSN
32117759,scedc:32117759,2010-04-16T00:31:09.520000Z,32.332,-115.4055,9.99,2.0,,,SCEDC,,C,18,0.17,SCSN
10613949,scedc:10613949,2010-04-16T01:09:11.200000Z,32.390166666666666,-115.49366666666668,6.79,2.1,,,SCEDC,,C,35,0.11,SCSN
10613973,scedc:10613973,2010-04-16T01:23:17.600000Z,32.6665,-115.7905,5.31,3.4,,,SCEDC,,A,40,0.13,SCSN
10614005,scedc:10614005,2010-04-16T01:35:06.040000Z,32.35933333333333,-115.32516666666666,9.43,2.7,,,SCEDC,,C,28,0.13,SCSN
32229759,scedc:32229759,2010-04-16T01:35:19.720000Z,32.627,-116.1215,7.02,2.0,,,SCEDC,,B,10,0.17,SCSN
10614037,scedc:10614037,2010-04-16T01:52:49.400000Z,32.346833333333336,-115.32316666666668,13.87,2.5,,,SCEDC,,A,21,0.1,SCSN
10614053,scedc:10614053,2010-04-16T01:56:37.680000Z,32.4355,-115.55033333333331,1.35,2.2,,,SCEDC,,C,22,0.12,SCSN
32509767,scedc:32509767,2010-04-16T02:01:56.880000Z,32.461333333333336,-115.58633333333331,8.48,2.2,,,SCEDC,,C,15,0.17,SCSN
10614085,scedc:10614085,2010-04-16T02:02:52.860000Z,32.34616666666667,-115.43933333333334,10.57,2.2,,,SCEDC,,C,20,0.1,SCSN
10614093,scedc:10614093,2010-04-16T02:09:10.140000Z,32.41616666666667,-115.54966666666668,9.99,2.3,,,SCEDC,,C,24,0.22,SCSN
10614101,scedc:10614101,2010-04-16T02:12:46.160000Z,32.26416666666667,-115.3415,8.98,3.5,,,SCEDC,,C,21,0.11,SCSN
10614125,scedc:10614125,2010-04-16T02:25:33.920000Z,32.30283333333333,-115.33583333333333,8.69,2.7,,,SCEDC,,C,21,0.18,SCSN
10614149,scedc:10614149,2010-04-16T02:36:36.210000Z,32.339,-115.42133333333334,9.99,2.2,,,SCEDC,,C,15,0.2,SCSN
10614157,scedc:10614157,2010-04-16T02:39:18.160000Z,32.23383333333334,-115.29216666666667,10.0,2.1,,,SCEDC,,C,15,0.13,SCSN
10614189,scedc:10614189,2010-04-16T02:56:45.150000Z,32.651,-115.73783333333331,3.69,2.0,,,SCEDC,,A,25,0.15,SCSN
10614229,scedc:10614229,2010-04-16T03:12:10.610000Z,32.67033333333333,-115.786,6.37,2.2,,,SCEDC,,A,42,0.12,SCSN
10614245,scedc:10614245,2010-04-16T03:16:08.930000Z,32.43833333333333,-115.5445,12.51,2.0,,,SCEDC,,B,29,0.17,SCSN
10614269,scedc:10614269,2010-04-16T03:51:08.700000Z,32.821333333333335,-116.09966666666666,9.15,2.2,,,SCEDC,,A,78,0.19,SCSN
10614309,scedc:10614309,2010-04-16T04:03:16.120000Z,32.314,-115.3245,18.45,2.0,,,SCEDC,,A,18,0.1,SCSN
10614317,scedc:10614317,2010-04-16T04:06:10.630000Z,32.30866666666667,-115.436,17.26,3.2,,,SCEDC,,B,24,0.11,SCSN
10614325,scedc:10614325,2010-04-16T04:08:57.040000Z,32.6045,-115.70933333333332,4.01,2.0,,,SCEDC,,A,23,0.1,SCSN
10614373,scedc:10614373,2010-04-16T04:14:46.620000Z,32.356,-115.38016666666668,14.41,2.0,,,SCEDC,,C,16,0.15,SCSN
10614365,scedc:10614365,2010-04-16T04:16:57.850000Z,32.4425,-115.54966666666668,8.21,3.0,,,SCEDC,,A,35,0.15,SCSN
37173741,scedc:37173741,2010-04-16T04:23:11.810000Z,32.61083333333333,-115.73916666666666,9.42,2.1,,,SCEDC,,B,16,0.09,SCSN
10614397,scedc:10614397,2010-04-16T04:30:01.760000Z,32.632333333333335,-115.73416666666668,2.98,3.6,,,SCEDC,,A,37,0.12,SCSN
32069767,scedc:32069767,2010-04-16T04:30:24.060000Z,32.6105,-115.72816666666668,1.97,3.3,,,SCEDC,,A,19,0.15,SCSN
32069759,scedc:32069759,2010-04-16T04:31:21.800000Z,32.608333333333334,-115.731,5.21,2.2,,,SCEDC,,B,14,0.14,SCSN
32061759,scedc:32061759,2010-04-16T04:32:08.450000Z,32.5335,-115.6455,9.6,2.3,,,SCEDC,,A,25,0.11,SCSN
10614405,scedc:10614405,2010-04-16T04:39:30.840000Z,32.616166666666665,-115.735,2.52,2.3,,,SCEDC,,A,28,0.23,SCSN
32045759,scedc:32045759,2010-04-16T04:39:51.040000Z,32.62266666666667,-115.73916666666666,2.62,2.8,,,SCEDC,,A,37,0.17,SCSN
10614421,scedc:10614421,2010-04-16T04:52:35.450000Z,32.223333333333336,-115.362,9.99,2.0,,,SCEDC,,C,16,0.3,SCSN
32149759,scedc:32149759,2010-04-16T05:33:24.580000Z,32.327,-115.34716666666668,9.43,2.1,,,SCEDC,,C,19,0.16,SCSN
10614509,scedc:10614509,2010-04-16T05:46:37.020000Z,35.504666666666665,-118.26466666666668,1.93,2.0,,,SCEDC,,A,48,0.19,SCSN
10614541,scedc:10614541,2010-04-16T05:57:54.020000Z,32.343833333333336,-115.313,8.98,2.6,,,SCEDC,,C,18,0.22,SCSN
37173829,scedc:37173829,2010-04-16T06:01:04.180000Z,32.24883333333333,-115.35783333333332,15.44,2.1,,,SCEDC,,C,18,0.19,SCSN
37173901,scedc:37173901,2010-04-16T06:04:37.320000Z,32.30383333333333,-115.317,14.0,2.4,,,SCEDC,,C,14,0.35,SCSN
10614581,scedc:10614581,2010-04-16T06:14:23.730000Z,32.230333333333334,-115.28483333333334,13.9,2.0,,,SCEDC,,B,17,0.12,SCSN
10614605,scedc:10614605,2010-04-16T06:27:43.230000Z,32.28183333333333,-115.28883333333332,16.27,2.3,,,SCEDC,,B,17,0.14,SCSN
10614629,scedc:10614629,2010-04-16T06:31:39.110000Z,32.69683333333333,-115.84966666666666,4.94,2.5,,,SCEDC,,A,40,0.16,SCSN
10614637,scedc:10614637,2010-04-16T06:34:24.820000Z,32.6775,-115.78316666666667,4.7,2.3,,,SCEDC,,A,35,0.17,SCSN
10614677,scedc:10614677,2010-04-16T06:50:47.060000Z,32.644333333333336,-115.73166666666668,3.67,2.3,,,SCEDC,,A,26,0.14,SCSN
10614853,scedc:10614853,2010-04-16T08:00:02.940000Z,32.438,-115.55066666666669,0.64,2.4,,,SCEDC,,B,31,0.1,SCSN
10614877,scedc:10614877,2010-04-16T08:17:46.230000Z,32.618833333333335,-115.73983333333334,9.31,2.6,,,SCEDC,,A,40,0.12,SCSN
37174485,scedc:37174485,2010-04-16T08:18:06.820000Z,32.267833333333336,-115.346,13.98,2.4,,,SCEDC,,C,11,0.29,SCSN
10614901,scedc:10614901,2010-04-16T08:25:23.500000Z,32.432833333333335,-115.54933333333334,0.33,2.9,,,SCEDC,,A,46,0.18,SCSN
10614941,scedc:10614941,2010-04-16T08:45:49.320000Z,32.66016666666667,-115.84033333333332,6.88,2.5,,,SCEDC,,A,52,0.17,SCSN
10614957,scedc:10614957,2010-04-16T09:01:02.010000Z,32.6985,-116.0295,10.64,2.7,,,SCEDC,,A,46,0.1,SCSN
10614973,scedc:10614973,2010-04-16T09:09:57.300000Z,32.26283333333333,-115.33666666666667,16.98,2.3,,,SCEDC,,C,20,0.2,SCSN
10614981,scedc:10614981,2010-04-16T09:11:49.110000Z,32.47516666666667,-115.62483333333331,6.62,2.2,,,SCEDC,,C,25,0.11,SCSN
10615013,scedc:10615013,2010-04-16T09:24:14.210000Z,32.6895,-115.803,9.1,2.3,,,SCEDC,,A,42,0.15,SCSN
10615101,scedc:10615101,2010-04-16T10:14:34.550000Z,32.699,-115.84016666666666,5.55,2.1,,,SCEDC,,A,36,0.11,SCSN
10615133,scedc:10615133,2010-04-16T10:24:10.490000Z,32.33283333333333,-115.31733333333334,14.43,2.6,,,SCEDC,,C,22,0.16,SCSN
10615157,scedc:10615157,2010-04-16T10:35:41.830000Z,32.65266666666667,-115.85533333333332,9.72,2.7,,,SCEDC,,A,50,0.18,SCSN
10615181,scedc:10615181,2010-04-16T10:49:18.240000Z,32.67016666666667,-115.78033333333332,8.07,2.8,,,SCEDC,,A,39,0.16,SCSN
10615237,scedc:10615237,2010-04-16T11:12:21.180000Z,32.271,-115.414,9.44,2.3,,,SCEDC,,C,11,0.19,SCSN
10615253,scedc:10615253,2010-04-16T11:24:44.170000Z,32.499,-115.63066666666668,2.52,2.2,,,SCEDC,,A,24,0.08,SCSN
32037759,scedc:32037759,2010-04-16T11:25:02.910000Z,32.463,-115.633,5.1,3.0,,,SCEDC,,C,26,0.19,SCSN
10615365,scedc:10615365,2010-04-16T12:09:32.950000Z,32.72083333333333,-115.84666666666666,8.16,2.3,,,SCEDC,,A,42,0.17,SCSN
10615405,scedc:10615405,2010-04-16T12:22:39.230000Z,32.326,-115.41816666666666,15.61,2.1,,,SCEDC,,C,18,0.12,SCSN
10615413,scedc:10615413,2010-04-16T12:28:25.100000Z,32.343833333333336,-115.33216666666668,8.98,2.7,,,SCEDC,,C,21,0.14,SCSN
10615509,scedc:10615509,2010-04-16T13:20:27.910000Z,32.59766666666667,-115.71183333333332,4.28,2.1,,,SCEDC,,A,19,0.1,SCSN
10615573,scedc:10615573,2010-04-16T14:02:21.440000Z,32.678666666666665,-115.6945,8.72,2.0,,,SCEDC,,A,35,0.16,SCSN
10615597,scedc:10615597,2010-04-16T14:17:38.630000Z,32.708666666666666,-115.86016666666669,2.81,2.0,,,SCEDC,,A,23,0.1,SCSN
37176189,scedc:37176189,2010-04-16T14:27:57.580000Z,32.265,-115.4185,9.96,2.0,,,SCEDC,,C,14,0.08,SCSN
10615661,scedc:10615661,2010-04-16T15:08:43.820000Z,32.676,-115.77233333333334,8.82,2.7,,,SCEDC,,A,37,0.15,SCSN
10615685,scedc:10615685,2010-04-16T15:18:44.760000Z,32.62416666666667,-115.74733333333332,8.78,2.0,,,SCEDC,,A,27,0.1,SCSN
10615725,scedc:10615725,2010-04-16T15:44:29.860000Z,32.29633333333334,-115.346,9.43,4.0,,,SCEDC,,C,17,0.12,SCSN
37176781,scedc:37176781,2010-04-16T15:46:47.680000Z,32.62316666666667,-115.69633333333331,7.64,2.0,,,SCEDC,,B,11,0.06,SCSN
37176789,scedc:37176789,2010-04-16T15:47:19.170000Z,32.693333333333335,-115.74816666666666,5.63,2.0,,,SCEDC,,A,8,0.03,SCSN
10615733,scedc:10615733,2010-04-16T15:53:53.260000Z,32.29566666666667,-115.3275,14.58,2.3,,,SCEDC,,C,18,0.14,SCSN
10615741,scedc:10615741,2010-04-16T15:55:14.270000Z,32.635,-115.71066666666668,4.21,2.2,,,SCEDC,,A,21,0.1,SCSN
10615789,scedc:10615789,2010-04-16T16:06:37.760000Z,32.26616666666666,-115.27183333333332,13.08,2.7,,,SCEDC,,B,25,0.09,SCSN
10615797,scedc:10615797,2010-04-16T16:12:26.390000Z,32.261,-115.28016666666667,9.99,2.3,,,SCEDC,,C,23,0.2,SCSN
10615821,scedc:10615821,2010-04-16T16:26:21.580000Z,32.532,-115.624,10.99,2.0,,,SCEDC,,A,20,0.09,SCSN
10615837,scedc:10615837,2010-04-16T16:33:29.090000Z,32.551,-115.61783333333334,12.51,2.1,,,SCEDC,,A,26,0.15,SCSN
10615853,scedc:10615853,2010-04-16T16:39:33.020000Z,32.239,-115.349,9.44,3.0,,,SCEDC,,C,21,0.14,SCSN
10615861,scedc:10615861,2010-04-16T16:56:04.640000Z,32.26283333333333,-115.27533333333334,9.43,2.8,,,SCEDC,,C,22,0.2,SCSN
10615869,scedc:10615869,2010-04-16T16:57:28.360000Z,32.323,-115.38083333333331,14.16,2.5,,,SCEDC,,C,18,0.12,SCSN
10615877,scedc:10615877,2010-04-16T17:04:43.840000Z,32.3025,-115.331,9.43,2.6,,,SCEDC,,C,23,0.12,SCSN
32197759,scedc:32197759,2010-04-16T17:10:01.620000Z,32.29233333333333,-115.333,7.72,2.2,,,SCEDC,,B,25,0.14,SCSN
10615901,scedc:10615901,2010-04-16T17:10:22.820000Z,32.321,-115.331,13.67,2.6,,,SCEDC,,A,22,0.13,SCSN
10615925,scedc:10615925,2010-04-16T17:24:31.160000Z,32.2875,-115.32466666666669,10.05,2.2,,,SCEDC,,C,18,0.15,SCSN
10615933,scedc:10615933,2010-04-16T17:28:37.510000Z,32.69233333333333,-115.89016666666669,7.15,2.0,,,SCEDC,,A,32,0.12,SCSN
10615957,scedc:10615957,2010-04-16T17:35:49.650000Z,32.62433333333333,-115.69533333333334,7.92,2.0,,,SCEDC,,A,23,0.1,SCSN
37177309,scedc:37177309,2010-04-16T17:59:44.060000Z,32.3695,-115.47083333333332,9.99,2.5,,,SCEDC,,C,20,0.15,SCSN
10616061,scedc:10616061,2010-04-16T18:19:02.490000Z,32.26916666666666,-115.318,17.03,2.6,,,SCEDC,,C,23,0.17,SCSN
10616077,scedc:10616077,2010-04-16T18:30:24.820000Z,32.38016666666667,-115.47233333333334,7.83,2.5,,,SCEDC,,B,22,0.12,SCSN
10616125,scedc:10616125,2010-04-16T18:57:10.530000Z,32.349333333333334,-115.485,13.51,2.4,,,SCEDC,,B,22,0.17,SCSN
10616181,scedc:10616181,2010-04-16T19:20:09.480000Z,32.704166666666666,-115.77816666666666,8.66,3.0,,,SCEDC,,A,48,0.2,SCSN
10616197,scedc:10616197,2010-04-16T19:25:37.470000Z,32.6385,-115.73166666666668,2.67,2.4,,,SCEDC,,A,30,0.1,SCSN
10616205,scedc:10616205,2010-04-16T19:26:11.100000Z,32.629333333333335,-115.72716666666666,2.98,2.8,,,SCEDC,,A,28,0.14,SCSN
10616253,scedc:10616253,2010-04-16T19:48:17.770000Z,32.61866666666667,-115.76366666666668,7.6,2.6,,,SCEDC,,A,52,0.14,SCSN
10616301,scedc:10616301,2010-04-16T20:22:12.080000Z,32.24933333333333,-115.34933333333332,16.54,2.5,,,SCEDC,,B,18,0.1,SCSN
10616341,scedc:10616341,2010-04-16T20:57:26.170000Z,32.31466666666667,-115.32033333333334,18.05,2.2,,,SCEDC,,A,22,0.12,SCSN
10616357,scedc:10616357,2010-04-16T21:17:23.560000Z,32.3105,-115.31383333333332,18.81,2.7,,,SCEDC,,B,23,0.13,SCSN
37178413,scedc:37178413,2010-04-16T21:19:20.830000Z,32.289,-115.3135,19.32,2.0,,,SCEDC,,B,14,0.23,SCSN
10616381,scedc:10616381,2010-04-16T21:28:44.080000Z,32.66,-115.77066666666668,8.54,3.4,,,SCEDC,,A,49,0.18,SCSN
10616421,scedc:10616421,2010-04-16T21:56:50.760000Z,32.597,-115.72483333333334,8.12,2.7,,,SCEDC,,A,35,0.16,SCSN
32589759,scedc:32589759,2010-04-16T21:57:19.230000Z,32.5125,-115.642,13.31,2.1,,,SCEDC,,B,10,0.09,SCSN
10616429,scedc:10616429,2010-04-16T21:57:47.150000Z,32.676,-115.764,8.32,2.0,,,SCEDC,,A,26,0.08,SCSN
10616437,scedc:10616437,2010-04-16T21:58:27.540000Z,32.672666666666665,-115.76033333333334,8.91,2.1,,,SCEDC,,A,24,0.11,SCSN
10616461,scedc:10616461,2010-04-16T22:12:31.940000Z,32.607166666666664,-115.75433333333334,3.04,2.8,,,SCEDC,,A,42,0.15,SCSN
10616493,scedc:10616493,2010-04-16T22:21:39.080000Z,32.277166666666666,-115.36566666666668,10.45,2.6,,,SCEDC,,C,18,0.09,SCSN
10616485,scedc:10616485,2010-04-16T22:24:36.980000Z,32.28816666666667,-115.39016666666669,7.04,3.1,,,SCEDC,,C,34,0.13,SCSN
10616501,scedc:10616501,2010-04-16T22:25:57.010000Z,32.69266666666667,-115.77833333333334,5.42,2.1,,,SCEDC,,A,23,0.08,SCSN
10616509,scedc:10616509,2010-04-16T22:26:24.400000Z,32.65566666666667,-115.8415,6.46,2.4,,,SCEDC,,A,43,0.19,SCSN
37178853,scedc:37178853,2010-04-16T22:26:56.620000Z,32.23266666666667,-115.41033333333333,9.55,2.7,,,SCEDC,,C,12,0.08,SCSN
37178869,scedc:37178869,2010-04-16T22:33:59.340000Z,32.257666666666665,-115.366,17.55,2.5,,,SCEDC,,C,23,0.28,SCSN
10616573,scedc:10616573,2010-04-16T23:16:01.260000Z,32.63483333333333,-115.74966666666668,9.88,2.8,,,SCEDC,,A,33,0.12,SCSN
10616597,scedc:10616597,2010-04-16T23:31:19.490000Z,32.316833333333335,-115.37416666666668,10.0,2.3,,,SCEDC,,C,14,0.13,SCSN
10616605,scedc:10616605,2010-04-16T23:35:54.570000Z,32.27183333333333,-115.38483333333332,9.96,2.0,,,SCEDC,,C,16,0.1,SCSN
10616653,scedc:10616653,2010-04-16T23:50:44.390000Z,32.44466666666667,-115.54266666666666,0.06,2.0,,,SCEDC,,B,23,0.12,SCSN
10616661,scedc:10616661,2010-04-16T23:54:50.160000Z,32.609833333333334,-115.75933333333332,7.24,3.7,,,SCEDC,,A,59,0.15,SCSN
10616677,scedc:10616677,2010-04-16T23:59:26.930000Z,32.615833333333335,-115.76066666666668,6.76,2.2,,,SCEDC,,A,28,0.09,SCSN
10616725,scedc:10616725,2010-04-17T00:27:44.180000Z,32.61383333333333,-115.76183333333331,6.33,2.2,,,SCEDC,,A,38,0.1,SCSN
10616749,scedc:10616749,2010-04-17T00:46:04.930000Z,32.41616666666667,-115.56466666666668,13.77,2.0,,,SCEDC,,B,21,0.12,SCSN
10616765,scedc:10616765,2010-04-17T00:49:57.240000Z,33.055166666666665,-116.0315,6.32,2.1,,,SCEDC,,A,65,0.17,SCSN
10616805,scedc:10616805,2010-04-17T01:22:48.060000Z,32.651666666666664,-115.7035,8.76,2.1,,,SCEDC,,A,30,0.12,SCSN
10616813,scedc:10616813,2010-04-17T01:27:51.620000Z,34.370666666666665,-116.45133333333334,7.93,2.0,,,SCEDC,,A,33,0.1,SCSN
10616829,scedc:10616829,2010-04-17T01:30:47.560000Z,32.32366666666667,-115.32683333333334,12.05,2.3,,,SCEDC,,B,23,0.09,SCSN
10616845,scedc:10616845,2010-04-17T01:37:14.840000Z,32.3595,-115.53216666666668,4.07,2.0,,,SCEDC,,C,20,0.14,SCSN
10616877,scedc:10616877,2010-04-17T01:51:02.590000Z,32.336333333333336,-115.31083333333332,9.43,2.2,,,SCEDC,,C,14,0.13,SCSN
10616917,scedc:10616917,2010-04-17T02:46:30.060000Z,32.53516666666667,-115.6465,10.96,2.0,,,SCEDC,,A,42,0.11,SCSN
10616981,scedc:10616981,2010-04-17T03:25:20.100000Z,32.671166666666664,-115.7855,6.83,2.4,,,SCEDC,,A,38,0.14,SCSN
37169469,scedc:37169469,2010-04-17T03:26:04.930000Z,32.2775,-115.41416666666667,9.55,2.0,,,SCEDC,,C,16,0.24,SCSN
10617037,scedc:10617037,2010-04-17T03:53:54.630000Z,32.4805,-115.62833333333332,2.65,2.2,,,SCEDC,,A,40,0.12,SCSN
10617069,scedc:10617069,2010-04-17T04:08:46.450000Z,32.439166666666665,-115.54683333333334,8.53,2.2,,,SCEDC,,A,32,0.14,SCSN
10617149,scedc:10617149,2010-04-17T04:37:03.920000Z,32.373,-115.46683333333333,13.64,2.9,,,SCEDC,,A,35,0.19,SCSN
10617221,scedc:10617221,2010-04-17T05:25:59.950000Z,32.68966666666667,-115.79666666666668,8.87,2.0,,,SCEDC,,A,32,0.12,SCSN
10617277,scedc:10617277,2010-04-17T05:52:57.020000Z,32.23833333333334,-115.26316666666666,15.56,3.4,,,SCEDC,,B,31,0.19,SCSN
32373767,scedc:32373767,2010-04-17T05:53:24.030000Z,32.682833333333335,-115.75916666666669,5.13,2.8,,,SCEDC,,A,8,0.06,SCSN
10617309,scedc:10617309,2010-04-17T06:03:06.090000Z,32.339333333333336,-115.314,7.88,2.4,,,SCEDC,,B,19,0.13,SCSN
10617341,scedc:10617341,2010-04-17T06:23:09.200000Z,32.69383333333333,-116.0295,10.8,2.1,,,SCEDC,,A,36,0.17,SCSN
10617349,scedc:10617349,2010-04-17T06:27:38.130000Z,32.41916666666667,-115.55116666666666,9.54,2.1,,,SCEDC,,C,22,0.11,SCSN
10617373,scedc:10617373,2010-04-17T06:37:55.350000Z,32.5315,-115.63583333333334,8.22,2.7,,,SCEDC,,A,30,0.08,SCSN
10617389,scedc:10617389,2010-04-17T06:49:43.400000Z,32.46333333333333,-115.64766666666668,3.34,2.3,,,SCEDC,,A,18,0.11,SCSN
10617397,scedc:10617397,2010-04-17T06:57:26.540000Z,32.400666666666666,-115.4735,11.23,2.6,,,SCEDC,,A,30,0.19,SCSN
10617429,scedc:10617429,2010-04-17T07:12:41.360000Z,32.7035,-115.77383333333331,8.82,2.3,,,SCEDC,,A,36,0.14,SCSN
10617469,scedc:10617469,2010-04-17T07:33:52.090000Z,32.659,-115.77716666666667,3.5,2.5,,,SCEDC,,A,40,0.19,SCSN
10617541,scedc:10617541,2010-04-17T08:12:19.340000Z,32.319,-115.31033333333332,9.26,2.9,,,SCEDC,,A,30,0.21,SCSN
10617581,scedc:10617581,2010-04-17T08:36:39.900000Z,32.4385,-115.52483333333332,1.72,2.2,,,SCEDC,,C,25,0.19,SCSN
10617605,scedc:10617605,2010-04-17T09:02:34.820000Z,32.43066666666667,-115.54083333333334,2.85,2.2,,,SCEDC,,A,26,0.06,SCSN
10617613,scedc:10617613,2010-04-17T09:06:56.720000Z,32.586166666666664,-115.67416666666666,8.94,3.3,,,SCEDC,,A,48,0.14,SCSN
10617685,scedc:10617685,2010-04-17T10:15:41.740000Z,32.609,-115.70583333333332,6.83,2.8,,,SCEDC,,A,37,0.13,SCSN
10617717,scedc:10617717,2010-04-17T10:28:43.510000Z,32.66883333333333,-115.78483333333334,8.35,2.1,,,SCEDC,,A,19,0.11,SCSN
10617781,scedc:10617781,2010-04-17T10:53:37.380000Z,32.256,-115.308,10.12,2.1,,,SCEDC,,C,27,0.21,SCSN
10617837,scedc:10617837,2010-04-17T11:38:24.470000Z,32.72383333333333,-115.89316666666669,5.56,2.1,,,SCEDC,,A,44,0.13,SCSN
10617885,scedc:10617885,2010-04-17T12:08:38.550000Z,32.348,-115.44233333333334,17.5,2.4,,,SCEDC,,B,26,0.15,SCSN
37171869,scedc:37171869,2010-04-17T12:09:00.720000Z,32.477333333333334,-115.6,7.46,2.1,,,SCEDC,,C,13,0.08,SCSN
10617925,scedc:10617925,2010-04-17T12:20:35.610000Z,32.3495,-115.32133333333331,8.5,2.4,,,SCEDC,,B,19,0.11,SCSN
10617949,scedc:10617949,2010-04-17T12:43:04.130000Z,32.536833333333334,-115.61116666666666,13.99,3.4,,,SCEDC,,A,38,0.17,SCSN
10617989,scedc:10617989,2010-04-17T13:04:29.340000Z,32.614666666666665,-115.72183333333334,9.95,2.0,,,SCEDC,,A,28,0.14,SCSN
10618037,scedc:10618037,2010-04-17T13:18:49.570000Z,32.6075,-115.74433333333332,8.88,2.1,,,SCEDC,,A,24,0.13,SCSN
10618077,scedc:10618077,2010-04-17T13:34:48.690000Z,32.34733333333333,-115.32233333333332,14.87,2.1,,,SCEDC,,C,19,0.13,SCSN
37172069,scedc:37172069,2010-04-17T13:46:46.230000Z,32.614,-115.76233333333332,7.16,2.1,,,SCEDC,,A,23,0.13,SCSN
10618125,scedc:10618125,2010-04-17T14:04:53.060000Z,32.524,-115.608,13.76,2.2,,,SCEDC,,A,29,0.15,SCSN
37172189,scedc:37172189,2010-04-17T14:49:03.160000Z,32.35933333333333,-115.38633333333334,12.49,2.0,,,SCEDC,,A,19,0.13,SCSN
10618205,scedc:10618205,2010-04-17T14:50:05.850000Z,32.4955,-115.63333333333334,7.4,3.0,,,SCEDC,,A,33,0.18,SCSN
10618213,scedc:10618213,2010-04-17T14:52:40.440000Z,32.6385,-115.729,5.92,2.0,,,SCEDC,,A,30,0.14,SCSN
10618237,scedc:10618237,2010-04-17T14:59:06.640000Z,32.4105,-115.54583333333332,6.91,2.1,,,SCEDC,,C,26,0.13,SCSN
10618253,scedc:10618253,2010-04-17T15:25:37.160000Z,32.263333333333335,-115.34,10.75,2.0,,,SCEDC,,C,17,0.12,SCSN
10618293,scedc:10618293,2010-04-17T15:36:31.570000Z,32.6695,-115.82483333333332,8.56,2.0,,,SCEDC,,A,37,0.14,SCSN
10618301,scedc:10618301,2010-04-17T15:52:20.620000Z,33.952666666666666,-117.77166666666666,9.11,2.0,,,SCEDC,,A,69,0.16,SCSN
10618341,scedc:10618341,2010-04-17T16:09:54.080000Z,32.309666666666665,-115.3425,8.97,4.1,,,SCEDC,,B,30,0.21,SCSN
10618373,scedc:10618373,2010-04-17T16:21:50.850000Z,32.64483333333333,-115.70516666666668,8.73,2.3,,,SCEDC,,A,33,0.13,SCSN
10618397,scedc:10618397,2010-04-17T16:31:23.740000Z,32.29116666666667,-115.402,14.46,2.2,,,SCEDC,,A,24,0.12,SCSN
10618405,scedc:10618405,2010-04-17T16:40:56.190000Z,32.696333333333335,-115.781,7.52,2.1,,,SCEDC,,A,31,0.11,SCSN
10618421,scedc:10618421,2010-04-17T16:44:24.060000Z,32.58883333333333,-115.72016666666669,6.97,2.4,,,SCEDC,,A,32,0.16,SCSN
10618445,scedc:10618445,2010-04-17T16:57:48.040000Z,32.302166666666665,-115.364,10.22,2.3,,,SCEDC,,C,24,0.11,SCSN
10618469,scedc:10618469,2010-04-17T17:25:22.550000Z,32.24433333333333,-115.35416666666669,13.98,3.2,,,SCEDC,,C,22,0.17,SCSN
10618509,scedc:10618509,2010-04-17T17:47:34.110000Z,32.41683333333334,-115.49616666666668,10.0,2.1,,,SCEDC,,C,25,0.12,SCSN
10618525,scedc:10618525,2010-04-17T18:21:20.190000Z,32.69283333333333,-115.84116666666668,4.6,2.8,,,SCEDC,,A,53,0.17,SCSN
10618573,scedc:10618573,2010-04-17T18:41:27.910000Z,32.692166666666665,-115.84066666666666,4.52,2.7,,,SCEDC,,A,45,0.16,SCSN
37172365,scedc:37172365,2010-04-17T18:41:49.260000Z,32.44683333333333,-115.576,4.43,2.5,,,SCEDC,,C,17,0.08,SCSN
10618613,scedc:10618613,2010-04-17T18:54:14.540000Z,32.608,-115.7305,9.72,2.0,,,SCEDC,,A,18,0.09,SCSN
10618621,scedc:10618621,2010-04-17T18:55:42.680000Z,32.2565,-115.396,13.94,3.1,,,SCEDC,,C,24,0.22,SCSN
10618645,scedc:10618645,2010-04-17T19:02:41.210000Z,32.284666666666666,-115.35566666666666,17.72,2.1,,,SCEDC,,A,14,0.07,SCSN
10618629,scedc:10618629,2010-04-17T19:04:16.830000Z,32.691,-115.8415,4.71,2.2,,,SCEDC,,A,43,0.16,SCSN
10618725,scedc:10618725,2010-04-17T19:33:52.270000Z,32.381166666666665,-115.47016666666669,0.04,2.0,,,SCEDC,,C,17,0.17,SCSN
10618741,scedc:10618741,2010-04-17T19:41:22.790000Z,32.515166666666666,-115.59616666666666,12.08,3.9,,,SCEDC,,A,59,0.15,SCSN
10618885,scedc:10618885,2010-04-17T20:25:16.420000Z,32.26683333333333,-115.33133333333332,13.92,2.0,,,SCEDC,,B,15,0.09,SCSN
10618925,scedc:10618925,2010-04-17T20:49:26.830000Z,32.502,-115.64516666666668,0.36,2.0,,,SCEDC,,A,25,0.19,SCSN
10618989,scedc:10618989,2010-04-17T21:28:02.760000Z,32.321,-115.38983333333331,3.41,3.7,,,SCEDC,,A,33,0.17,SCSN
10619045,scedc:10619045,2010-04-17T21:46:48.990000Z,32.23016666666667,-115.36866666666668,13.5,2.3,,,SCEDC,,A,24,0.13,SCSN
10619093,scedc:10619093,2010-04-17T22:29:57.160000Z,32.59283333333333,-115.7055,9.86,2.1,,,SCEDC,,A,35,0.12,SCSN
10619141,scedc:10619141,2010-04-17T23:00:15.820000Z,32.25383333333333,-115.37033333333332,9.31,2.4,,,SCEDC,,A,24,0.18,SCSN
10619245,scedc:10619245,2010-04-18T00:05:07.430000Z,32.30866666666667,-115.3855,8.93,2.2,,,SCEDC,,B,24,0.14,SCSN
10619285,scedc:10619285,2010-04-18T00:31:23.560000Z,32.34733333333333,-115.31883333333332,9.21,2.3,,,SCEDC,,A,25,0.2,SCSN
10619293,scedc:10619293,2010-04-18T00:33:04.490000Z,32.274166666666666,-115.26566666666666,13.54,2.2,,,SCEDC,,B,19,0.13,SCSN
10619317,scedc:10619317,2010-04-18T00:36:28.710000Z,32.26883333333333,-115.38083333333331,7.54,2.2,,,SCEDC,,A,23,0.12,SCSN
10619445,scedc:10619445,2010-04-18T01:51:07.260000Z,32.33266666666667,-115.31416666666668,5.48,2.0,,,SCEDC,,C,15,0.09,SCSN
10619493,scedc:10619493,2010-04-18T02:15:34.700000Z,32.6685,-115.8425,4.51,2.0,,,SCEDC,,A,33,0.13,SCSN
10619533,scedc:10619533,2010-04-18T02:27:28.530000Z,32.68716666666667,-115.778,5.45,3.5,,,SCEDC,,A,55,0.17,SCSN
10619541,scedc:10619541,2010-04-18T02:33:42.570000Z,32.620333333333335,-115.77533333333334,4.62,2.6,,,SCEDC,,A,51,0.14,SCSN
10619605,scedc:10619605,2010-04-18T03:12:35.620000Z,32.2775,-115.34433333333334,13.19,3.0,,,SCEDC,,B,32,0.18,SCSN
10619661,scedc:10619661,2010-04-18T03:37:37.880000Z,32.28366666666667,-115.373,7.39,2.5,,,SCEDC,,B,30,0.16,SCSN
10619669,scedc:10619669,2010-04-18T03:39:17.490000Z,32.309666666666665,-115.3775,14.39,2.1,,,SCEDC,,C,11,0.16,SCSN
10619701,scedc:10619701,2010-04-18T04:22:57.240000Z,32.269,-115.27866666666668,12.77,2.2,,,SCEDC,,B,27,0.18,SCSN
10619725,scedc:10619725,2010-04-18T04:31:40.310000Z,32.260333333333335,-115.3435,8.61,2.5,,,SCEDC,,A,28,0.14,SCSN
10619829,scedc:10619829,2010-04-18T05:20:42.860000Z,32.719,-116.0065,3.37,2.3,,,SCEDC,,A,70,0.15,SCSN
10619837,scedc:10619837,2010-04-18T05:23:58.800000Z,32.247,-115.34466666666668,12.52,2.5,,,SCEDC,,B,22,0.12,SCSN
10619885,scedc:10619885,2010-04-18T05:50:20.170000Z,33.33266666666667,-116.24416666666669,11.28,2.4,,,SCEDC,,A,95,0.14,SCSN
10619941,scedc:10619941,2010-04-18T06:21:19.550000Z,32.345666666666666,-115.41066666666669,8.57,2.6,,,SCEDC,,A,32,0.17,SCSN
37165141,scedc:37165141,2010-04-18T06:24:58.970000Z,32.31333333333333,-115.4125,3.49,2.2,,,SCEDC,,B,20,0.1,SCSN
10619949,scedc:10619949,2010-04-18T06:25:48.580000Z,32.720333333333336,-115.87416666666668,0.78,2.7,,,SCEDC,,A,41,0.2,SCSN
37165149,scedc:37165149,2010-04-18T06:26:35.250000Z,32.701166666666666,-115.84466666666668,9.53,2.0,,,SCEDC,,A,14,0.09,SCSN
10620109,scedc:10620109,2010-04-18T07:55:47.360000Z,32.4145,-115.54666666666668,5.74,2.2,,,SCEDC,,C,19,0.14,SCSN
10620133,scedc:10620133,2010-04-18T08:07:25.760000Z,32.727333333333334,-115.89833333333333,1.04,2.4,,,SCEDC,,A,64,0.15,SCSN
10620269,scedc:10620269,2010-04-18T09:30:58.390000Z,32.361,-115.32583333333334,8.98,3.2,,,SCEDC,,C,22,0.17,SCSN
10620285,scedc:10620285,2010-04-18T09:36:34.530000Z,32.397166666666664,-115.54183333333332,13.84,2.6,,,SCEDC,,A,31,0.16,SCSN
10620301,scedc:10620301,2010-04-18T09:40:01.380000Z,32.246833333333335,-115.29,14.6,2.7,,,SCEDC,,B,24,0.1,SCSN
32357759,scedc:32357759,2010-04-18T09:43:55.440000Z,32.24,-115.27383333333331,14.35,2.0,,,SCEDC,,B,18,0.08,SCSN
10620325,scedc:10620325,2010-04-18T09:44:58.620000Z,32.32666666666667,-115.32883333333334,16.56,2.0,,,SCEDC,,C,15,0.19,SCSN
10620349,scedc:10620349,2010-04-18T09:54:18.600000Z,32.30683333333333,-115.3845,9.1,2.3,,,SCEDC,,C,18,0.12,SCSN
10620397,scedc:10620397,2010-04-18T10:18:56.950000Z,32.66833333333334,-115.75183333333334,9.32,2.1,,,SCEDC,,A,31,0.11,SCSN
10620405,scedc:10620405,2010-04-18T10:25:47.200000Z,32.6915,-115.8365,8.63,2.1,,,SCEDC,,A,48,0.17,SCSN
10620421,scedc:10620421,2010-04-18T10:30:52.120000Z,32.686,-115.84216666666669,5.03,3.5,,,SCEDC,,A,66,0.18,SCSN
10620445,scedc:10620445,2010-04-18T10:44:35.210000Z,32.31483333333333,-115.406,16.28,2.3,,,SCEDC,,C,32,0.12,SCSN
10620477,scedc:10620477,2010-04-18T11:02:03.330000Z,32.29483333333334,-115.39483333333334,17.18,2.0,,,SCEDC,,C,18,0.2,SCSN
10620493,scedc:10620493,2010-04-18T11:11:41.190000Z,32.6115,-115.72433333333332,9.12,2.0,,,SCEDC,,A,38,0.12,SCSN
10620525,scedc:10620525,2010-04-18T11:31:09.970000Z,32.599,-115.716,8.72,2.2,,,SCEDC,,A,47,0.14,SCSN
37165773,scedc:37165773,2010-04-18T12:06:15.460000Z,32.197,-115.41533333333334,3.99,2.2,,,SCEDC,,C,14,0.2,SCSN
10620661,scedc:10620661,2010-04-18T12:26:16.640000Z,32.27883333333333,-115.33066666666669,4.61,2.2,,,SCEDC,,C,25,0.12,SCSN
10620645,scedc:10620645,2010-04-18T12:27:41.320000Z,32.727666666666664,-115.8925,2.83,2.0,,,SCEDC,,A,41,0.15,SCSN
10620669,scedc:10620669,2010-04-18T12:38:05.180000Z,32.23016666666667,-115.3745,2.9,2.2,,,SCEDC,,C,15,0.1,SCSN
10620677,scedc:10620677,2010-04-18T12:42:34.980000Z,32.3415,-115.44466666666666,13.11,2.3,,,SCEDC,,B,22,0.09,SCSN
10620757,scedc:10620757,2010-04-18T13:14:17.060000Z,32.25083333333333,-115.32233333333332,9.43,2.2,,,SCEDC,,C,23,0.13,SCSN
10620781,scedc:10620781,2010-04-18T13:24:35.380000Z,32.579166666666666,-115.67666666666666,9.43,2.0,,,SCEDC,,A,32,0.13,SCSN
37165869,scedc:37165869,2010-04-18T13:41:43.460000Z,32.3435,-115.22916666666669,16.56,2.1,,,SCEDC,,D,14,0.39,SCSN
10620869,scedc:10620869,2010-04-18T14:25:01.790000Z,32.697,-115.8005,8.8,2.2,,,SCEDC,,A,34,0.13,SCSN
10620901,scedc:10620901,2010-04-18T14:30:51.000000Z,32.31183333333333,-115.3035,14.22,2.2,,,SCEDC,,B,19,0.17,SCSN
10620933,scedc:10620933,2010-04-18T14:54:23.240000Z,32.61416666666667,-115.76383333333334,5.5,2.7,,,SCEDC,,A,40,0.15,SCSN
10620965,scedc:10620965,2010-04-18T15:02:10.630000Z,32.660333333333334,-115.72333333333331,6.79,2.5,,,SCEDC,,A,34,0.15,SCSN
10620957,scedc:10620957,2010-04-18T15:03:20.310000Z,32.650666666666666,-115.71616666666668,7.16,2.2,,,SCEDC,,A,31,0.14,SCSN
10621021,scedc:10621021,2010-04-18T15:43:07.530000Z,32.30833333333333,-115.3265,19.21,2.1,,,SCEDC,,B,17,0.14,SCSN
10621053,scedc:10621053,2010-04-18T15:48:04.950000Z,32.315,-115.3475,14.43,2.1,,,SCEDC,,C,19,0.19,SCSN
10621061,scedc:10621061,2010-04-18T15:51:34.950000Z,32.6645,-115.85966666666668,9.29,2.9,,,SCEDC,,A,46,0.14,SCSN
10621085,scedc:10621085,2010-04-18T16:03:49.050000Z,32.24666666666667,-115.385,14.44,2.2,,,SCEDC,,C,21,0.11,SCSN
10621093,scedc:10621093,2010-04-18T16:07:45.520000Z,32.2885,-115.36916666666669,14.24,2.5,,,SCEDC,,A,27,0.11,SCSN
10621109,scedc:10621109,2010-04-18T16:38:35.050000Z,32.2285,-115.36816666666668,9.59,2.3,,,SCEDC,,C,19,0.15,SCSN
10621117,scedc:10621117,2010-04-18T16:48:52.210000Z,32.61816666666667,-115.76166666666668,5.89,2.2,,,SCEDC,,A,32,0.13,SCSN
10621125,scedc:10621125,2010-04-18T16:49:29.450000Z,32.288,-115.364,9.44,2.8,,,SCEDC,,C,21,0.22,SCSN
10621173,scedc:10621173,2010-04-18T17:27:00.860000Z,32.290333333333336,-115.40866666666666,6.98,2.0,,,SCEDC,,B,24,0.12,SCSN
10621181,scedc:10621181,2010-04-18T17:29:29.350000Z,32.43816666666667,-115.554,0.09,2.4,,,SCEDC,,B,23,0.12,SCSN
10621245,scedc:10621245,2010-04-18T18:00:04.280000Z,32.243833333333335,-115.309,12.33,2.5,,,SCEDC,,B,27,0.17,SCSN
10621261,scedc:10621261,2010-04-18T18:20:11.760000Z,32.2465,-115.365,9.44,2.1,,,SCEDC,,C,23,0.11,SCSN
10621285,scedc:10621285,2010-04-18T18:36:15.500000Z,32.23266666666667,-115.35733333333332,9.99,2.9,,,SCEDC,,C,23,0.25,SCSN
10621293,scedc:10621293,2010-04-18T18:37:35.290000Z,32.678666666666665,-115.80983333333332,7.3,2.8,,,SCEDC,,A,47,0.16,SCSN
10621301,scedc:10621301,2010-04-18T18:40:42.540000Z,32.419333333333334,-115.52916666666668,13.15,2.6,,,SCEDC,,B,37,0.16,SCSN
10621437,scedc:10621437,2010-04-18T19:49:33.060000Z,32.20883333333333,-115.35633333333334,4.44,2.0,,,SCEDC,,C,14,0.18,SCSN
10621429,scedc:10621429,2010-04-18T19:51:05.820000Z,32.2395,-115.3285,9.99,2.3,,,SCEDC,,C,27,0.14,SCSN
10621469,scedc:10621469,2010-04-18T20:24:03.750000Z,32.675,-115.79166666666669,7.55,2.4,,,SCEDC,,A,47,0.16,SCSN
32413759,scedc:32413759,2010-04-18T20:47:58.870000Z,32.6195,-115.782,4.76,2.1,,,SCEDC,,A,29,0.14,SCSN
10621581,scedc:10621581,2010-04-18T21:15:32.760000Z,32.29783333333334,-115.37416666666668,14.44,2.5,,,SCEDC,,C,25,0.16,SCSN
10621613,scedc:10621613,2010-04-18T21:27:20.030000Z,32.409,-115.5435,8.32,3.3,,,SCEDC,,A,38,0.17,SCSN
10621621,scedc:10621621,2010-04-18T21:31:01.140000Z,32.69416666666667,-115.83616666666668,9.12,2.0,,,SCEDC,,A,20,0.09,SCSN
10621629,scedc:10621629,2010-04-18T21:31:45.210000Z,32.6895,-115.75833333333334,8.78,3.0,,,SCEDC,,A,59,0.17,SCSN
32437759,scedc:32437759,2010-04-18T21:32:30.700000Z,32.477,-115.556,10.32,2.0,,,SCEDC,,C,22,0.2,SCSN
10621685,scedc:10621685,2010-04-18T21:53:45.870000Z,32.30233333333334,-115.3175,13.98,2.3,,,SCEDC,,C,27,0.2,SCSN
10621693,scedc:10621693,2010-04-18T22:00:58.100000Z,32.705333333333336,-115.7745,8.93,2.0,,,SCEDC,,A,30,0.15,SCSN
10621701,scedc:10621701,2010-04-18T22:02:53.620000Z,32.277833333333334,-115.36283333333331,9.44,2.7,,,SCEDC,,C,24,0.12,SCSN
10621717,scedc:10621717,2010-04-18T22:07:32.340000Z,32.57566666666666,-115.70733333333334,6.81,2.6,,,SCEDC,,A,35,0.14,SCSN
10621741,scedc:10621741,2010-04-18T22:11:58.040000Z,32.487833333333334,-115.63833333333334,3.51,2.1,,,SCEDC,,A,28,0.13,SCSN
10621781,scedc:10621781,2010-04-18T22:27:58.410000Z,32.61116666666667,-115.74083333333331,10.11,2.6,,,SCEDC,,A,38,0.15,SCSN
10621805,scedc:10621805,2010-04-18T22:32:35.810000Z,32.595333333333336,-115.7415,10.37,2.3,,,SCEDC,,A,31,0.15,SCSN
10621813,scedc:10621813,2010-04-18T22:43:13.920000Z,32.3835,-115.576,9.98,2.0,,,SCEDC,,C,18,0.17,SCSN
10621829,scedc:10621829,2010-04-18T22:53:32.650000Z,32.68966666666667,-115.79283333333332,8.69,2.0,,,SCEDC,,A,34,0.15,SCSN
10621845,scedc:10621845,2010-04-18T22:55:56.950000Z,34.64533333333333,-116.28616666666667,4.45,2.2,,,SCEDC,,C,38,0.09,SCSN
10621861,scedc:10621861,2010-04-18T23:13:36.150000Z,32.317166666666665,-115.30783333333332,9.43,2.3,,,SCEDC,,C,26,0.29,SCSN
37162837,scedc:37162837,2010-04-19T00:11:49.180000Z,32.263666666666666,-115.34616666666666,17.01,2.0,,,SCEDC,,C,16,0.12,SCSN
37162845,scedc:37162845,2010-04-19T00:33:49.260000Z,32.2605,-115.355,7.34,2.1,,,SCEDC,,B,20,0.14,SCSN
10622029,scedc:10622029,2010-04-19T00:54:26.130000Z,32.216833333333334,-115.36983333333332,15.04,2.0,,,SCEDC,,C,19,0.1,SCSN
10622117,scedc:10622117,2010-04-19T01:25:28.910000Z,32.4435,-115.544,8.56,2.0,,,SCEDC,,B,25,0.18,SCSN
37162933,scedc:37162933,2010-04-19T01:52:13.890000Z,32.36783333333333,-115.492,6.75,2.0,,,SCEDC,,C,14,0.12,SCSN
10622149,scedc:10622149,2010-04-19T01:52:42.350000Z,32.31316666666667,-115.40683333333334,13.68,3.7,,,SCEDC,,A,34,0.13,SCSN
37162949,scedc:37162949,2010-04-19T01:53:53.730000Z,32.672,-115.84,6.55,2.2,,,SCEDC,,A,14,0.08,SCSN
10622189,scedc:10622189,2010-04-19T02:07:38.500000Z,32.345666666666666,-115.3245,14.75,3.6,,,SCEDC,,C,30,0.15,SCSN
10622197,scedc:10622197,2010-04-19T02:12:21.080000Z,32.73133333333333,-115.82116666666668,4.04,2.0,,,SCEDC,,A,32,0.14,SCSN
10622213,scedc:10622213,2010-04-19T02:18:15.740000Z,32.315666666666665,-115.37183333333331,8.77,2.8,,,SCEDC,,A,31,0.15,SCSN
10622229,scedc:10622229,2010-04-19T02:26:46.290000Z,32.35966666666667,-115.33633333333331,1.63,3.2,,,SCEDC,,A,28,0.14,SCSN
37162965,scedc:37162965,2010-04-19T02:28:03.480000Z,32.35666666666667,-115.33366666666667,3.41,2.4,,,SCEDC,,B,9,0.07,SCSN
10622237,scedc:10622237,2010-04-19T02:28:50.070000Z,32.69416666666667,-115.80066666666669,7.32,2.1,,,SCEDC,,A,35,0.15,SCSN
10622245,scedc:10622245,2010-04-19T02:29:26.130000Z,33.590833333333336,-116.8195,14.08,2.1,,,SCEDC,,A,70,0.12,SCSN
10622261,scedc:10622261,2010-04-19T02:33:24.760000Z,32.351,-115.31216666666668,6.62,2.2,,,SCEDC,,A,21,0.18,SCSN
10622309,scedc:10622309,2010-04-19T03:18:19.440000Z,32.327,-115.28833333333333,7.14,2.1,,,SCEDC,,B,21,0.19,SCSN
10622325,scedc:10622325,2010-04-19T03:22:48.720000Z,32.27616666666667,-115.36633333333332,9.2,2.4,,,SCEDC,,B,20,0.16,SCSN
10622333,scedc:10622333,2010-04-19T03:33:56.310000Z,32.498,-115.58516666666668,1.96,2.1,,,SCEDC,,B,20,0.1,SCSN
10622341,scedc:10622341,2010-04-19T03:36:43.410000Z,32.745666666666665,-115.883,9.56,2.8,,,SCEDC,,A,58,0.18,SCSN
10622405,scedc:10622405,2010-04-19T04:26:08.310000Z,32.69533333333333,-115.84266666666667,9.05,4.2,,,SCEDC,,A,67,0.18,SCSN
10622445,scedc:10622445,2010-04-19T04:53:10.710000Z,32.70016666666667,-115.8455,9.21,2.1,,,SCEDC,,A,28,0.11,SCSN
10622453,scedc:10622453,2010-04-19T04:54:38.350000Z,32.70016666666667,-115.84483333333333,8.89,3.0,,,SCEDC,,A,47,0.12,SCSN
10622461,scedc:10622461,2010-04-19T04:58:35.040000Z,32.229166666666664,-115.2795,8.94,2.3,,,SCEDC,,C,19,0.11,SCSN
10622557,scedc:10622557,2010-04-19T05:33:21.380000Z,32.7035,-115.84733333333334,8.31,2.4,,,SCEDC,,A,56,0.18,SCSN
10622613,scedc:10622613,2010-04-19T06:18:28.220000Z,32.68833333333333,-115.801,8.62,2.4,,,SCEDC,,A,47,0.15,SCSN
10622621,scedc:10622621,2010-04-19T06:32:00.970000Z,32.292,-115.35633333333334,8.62,2.2,,,SCEDC,,A,21,0.11,SCSN
10622629,scedc:10622629,2010-04-19T06:38:11.650000Z,32.689166666666665,-115.94433333333332,11.31,2.0,,,SCEDC,,A,54,0.13,SCSN
37163205,scedc:37163205,2010-04-19T06:49:53.970000Z,32.2865,-115.296,9.39,2.2,,,SCEDC,,C,9,0.36,SCSN
10622733,scedc:10622733,2010-04-19T07:26:01.220000Z,32.28483333333333,-115.32166666666669,8.68,2.2,,,SCEDC,,B,24,0.14,SCSN
10622781,scedc:10622781,2010-04-19T07:53:19.290000Z,33.218333333333334,-115.51566666666666,4.73,2.5,,,SCEDC,,A,60,0.24,SCSN
10622877,scedc:10622877,2010-04-19T08:55:32.100000Z,32.29666666666667,-115.39566666666668,8.73,2.4,,,SCEDC,,B,23,0.2,SCSN
10622917,scedc:10622917,2010-04-19T09:17:02.190000Z,32.6725,-115.76516666666669,8.79,2.0,,,SCEDC,,A,51,0.15,SCSN
10622949,scedc:10622949,2010-04-19T09:46:04.390000Z,32.339,-115.29233333333332,8.33,2.2,,,SCEDC,,A,26,0.16,SCSN
10623005,scedc:10623005,2010-04-19T10:09:31.310000Z,32.340666666666664,-115.41983333333332,0.24,2.2,,,SCEDC,,A,24,0.14,SCSN
10623021,scedc:10623021,2010-04-19T10:21:42.780000Z,32.68366666666667,-115.81133333333334,7.3,2.4,,,SCEDC,,A,48,0.16,SCSN
10623045,scedc:10623045,2010-04-19T10:30:39.490000Z,32.64216666666667,-115.7455,4.0,3.0,,,SCEDC,,A,95,0.24,SCSN
37163565,scedc:37163565,2010-04-19T10:35:52.610000Z,32.343333333333334,-115.3615,0.5,2.1,,,SCEDC,,A,16,0.1,SCSN
10623109,scedc:10623109,2010-04-19T10:54:47.170000Z,32.66583333333333,-115.731,9.56,2.5,,,SCEDC,,A,46,0.13,SCSN
10623125,scedc:10623125,2010-04-19T10:59:25.230000Z,32.339333333333336,-115.42,16.17,2.0,,,SCEDC,,B,21,0.14,SCSN
10623117,scedc:10623117,2010-04-19T10:59:58.380000Z,32.3315,-115.4135,8.87,2.5,,,SCEDC,,B,25,0.12,SCSN
10623149,scedc:10623149,2010-04-19T11:06:13.380000Z,32.33416666666667,-115.3235,7.17,2.0,,,SCEDC,,B,22,0.16,SCSN
10623181,scedc:10623181,2010-04-19T11:14:21.960000Z,32.35066666666667,-115.42,14.22,2.2,,,SCEDC,,A,18,0.15,SCSN
10146086,scedc:10146086,2010-04-19T11:43:12.360000Z,32.3505,-115.33583333333333,7.36,2.2,,,SCEDC,,B,20,0.17,SCSN
10623365,scedc:10623365,2010-04-19T12:40:22.860000Z,32.70666666666666,-115.77233333333334,8.83,2.2,,,SCEDC,,A,42,0.13,SCSN
10623469,scedc:10623469,2010-04-19T13:37:08.400000Z,32.2435,-115.35283333333334,11.63,2.2,,,SCEDC,,C,25,0.17,SCSN
10623517,scedc:10623517,2010-04-19T13:56:49.160000Z,32.633833333333335,-115.69466666666666,8.89,2.0,,,SCEDC,,A,32,0.13,SCSN
10623629,scedc:10623629,2010-04-19T15:10:59.280000Z,32.4515,-115.54016666666666,1.77,2.8,,,SCEDC,,B,24,0.11,SCSN
10623637,scedc:10623637,2010-04-19T15:15:05.830000Z,32.3255,-115.39133333333334,13.11,2.2,,,SCEDC,,B,26,0.18,SCSN
10623749,scedc:10623749,2010-04-19T15:48:39.290000Z,32.6895,-115.943,12.35,2.6,,,SCEDC,,A,40,0.12,SCSN
10623781,scedc:10623781,2010-04-19T16:00:27.710000Z,32.32533333333333,-115.3255,6.41,2.2,,,SCEDC,,C,20,0.13,SCSN
10623797,scedc:10623797,2010-04-19T16:02:57.640000Z,32.24816666666667,-115.32383333333334,10.92,2.6,,,SCEDC,,C,26,0.21,SCSN
10623805,scedc:10623805,2010-04-19T16:04:43.930000Z,32.233666666666664,-115.29983333333334,12.75,2.4,,,SCEDC,,B,19,0.17,SCSN
10623813,scedc:10623813,2010-04-19T16:14:40.350000Z,32.678,-115.801,7.67,2.0,,,SCEDC,,A,36,0.15,SCSN
37163941,scedc:37163941,2010-04-19T16:14:43.270000Z,32.33,-115.36716666666666,7.08,2.4,,,SCEDC,,B,11,0.22,SCSN
10623973,scedc:10623973,2010-04-19T17:09:14.380000Z,32.331,-115.3275,3.02,2.3,,,SCEDC,,C,21,0.14,SCSN
10623989,scedc:10623989,2010-04-19T17:16:02.710000Z,32.64566666666666,-115.75616666666669,9.2,2.0,,,SCEDC,,A,31,0.15,SCSN
10145934,scedc:10145934,2010-04-19T17:32:48.780000Z,32.30766666666667,-115.35233333333332,1.73,2.0,,,SCEDC,,B,14,0.13,SCSN
10624085,scedc:10624085,2010-04-19T18:30:53.280000Z,32.3395,-115.29183333333332,8.51,2.1,,,SCEDC,,A,18,0.17,SCSN
10624125,scedc:10624125,2010-04-19T18:48:44.750000Z,32.653,-115.717,8.68,3.0,,,SCEDC,,A,46,0.16,SCSN
10624141,scedc:10624141,2010-04-19T18:54:28.110000Z,32.224666666666664,-115.29533333333332,7.1,2.3,,,SCEDC,,B,19,0.2,SCSN
10624165,scedc:10624165,2010-04-19T18:59:02.190000Z,32.638333333333335,-115.73016666666666,2.67,2.7,,,SCEDC,,A,46,0.17,SCSN
10624189,scedc:10624189,2010-04-19T19:05:14.080000Z,32.253,-115.34683333333334,0.08,2.3,,,SCEDC,,A,31,0.16,SCSN
10145842,scedc:10145842,2010-04-19T19:06:46.750000Z,32.33583333333333,-115.39416666666666,14.38,2.0,,,SCEDC,,B,15,0.16,SCSN
10624237,scedc:10624237,2010-04-19T19:19:19.150000Z,32.35816666666667,-115.32283333333334,5.16,2.3,,,SCEDC,,B,21,0.12,SCSN
10624245,scedc:10624245,2010-04-19T19:27:18.780000Z,32.621833333333335,-115.76733333333334,7.68,2.1,,,SCEDC,,A,30,0.12,SCSN
10624269,scedc:10624269,2010-04-19T19:35:29.710000Z,32.67666666666667,-115.78766666666668,8.43,2.0,,,SCEDC,,A,36,0.13,SCSN
10624285,scedc:10624285,2010-04-19T19:39:23.960000Z,32.285833333333336,-115.3885,9.78,2.1,,,SCEDC,,C,16,0.14,SCSN
10624293,scedc:10624293,2010-04-19T19:42:17.810000Z,32.28,-115.38666666666668,3.37,2.5,,,SCEDC,,C,17,0.11,SCSN
10624357,scedc:10624357,2010-04-19T20:17:07.250000Z,32.406166666666664,-115.47783333333334,7.89,2.0,,,SCEDC,,B,19,0.09,SCSN
37164301,scedc:37164301,2010-04-19T20:26:40.740000Z,32.358333333333334,-115.34,3.06,2.1,,,SCEDC,,A,16,0.1,SCSN
10624477,scedc:10624477,2010-04-19T21:08:03.370000Z,32.561,-115.66416666666667,8.59,2.2,,,SCEDC,,A,30,0.08,SCSN
10624493,scedc:10624493,2010-04-19T21:19:32.750000Z,32.64783333333333,-115.7085,8.31,2.2,,,SCEDC,,A,27,0.1,SCSN
10624549,scedc:10624549,2010-04-19T21:35:21.240000Z,32.3025,-115.40416666666668,7.25,2.5,,,SCEDC,,A,23,0.11,SCSN
37164357,scedc:37164357,2010-04-19T21:35:51.010000Z,32.303,-115.402,17.0,2.3,,,SCEDC,,B,14,0.16,SCSN
10624597,scedc:10624597,2010-04-19T22:08:07.780000Z,32.417,-115.55316666666668,11.99,2.2,,,SCEDC,,B,29,0.19,SCSN
10145522,scedc:10145522,2010-04-19T22:11:55.240000Z,32.31516666666667,-115.39833333333333,11.92,2.2,,,SCEDC,,B,15,0.08,SCSN
10624629,scedc:10624629,2010-04-19T22:22:49.390000Z,32.66433333333333,-115.75516666666668,9.28,2.3,,,SCEDC,,A,34,0.12,SCSN
10624637,scedc:10624637,2010-04-19T22:23:52.780000Z,32.615,-115.75433333333334,8.43,2.0,,,SCEDC,,A,20,0.06,SCSN
10624685,scedc:10624685,2010-04-19T22:44:56.290000Z,32.624833333333335,-115.777,5.25,2.1,,,SCEDC,,A,32,0.1,SCSN
10624725,scedc:10624725,2010-04-19T22:52:12.580000Z,32.680166666666665,-115.7995,7.22,2.3,,,SCEDC,,A,33,0.16,SCSN
10624741,scedc:10624741,2010-04-19T22:54:03.950000Z,32.68116666666667,-115.90966666666668,4.25,2.0,,,SCEDC,,A,32,0.11,SCSN
10624765,scedc:10624765,2010-04-19T23:02:37.360000Z,32.291333333333334,-115.34033333333332,11.96,2.2,,,SCEDC,,B,26,0.14,SCSN
10624789,scedc:10624789,2010-04-19T23:15:34.990000Z,32.678666666666665,-115.75583333333331,5.49,2.1,,,SCEDC,,A,35,0.14,SCSN
10624869,scedc:10624869,2010-04-19T23:39:09.070000Z,36.07116666666667,-117.88833333333334,1.38,2.5,,,SCEDC,,A,32,0.08,SCSN
10624933,scedc:10624933,2010-04-20T00:21:19.960000Z,32.379333333333335,-115.50583333333331,13.04,2.4,,,SCEDC,,B,30,0.12,SCSN
37161125,scedc:37161125,2010-04-20T00:28:55.250000Z,32.284666666666666,-115.4065,5.04,2.1,,,SCEDC,,C,17,0.18,SCSN
10624949,scedc:10624949,2010-04-20T00:41:33.170000Z,36.077666666666666,-117.88416666666669,3.6,2.2,,,SCEDC,,C,40,0.17,SCSN
10624973,scedc:10624973,2010-04-20T00:50:06.850000Z,32.6795,-115.84533333333331,7.42,2.2,,,SCEDC,,A,40,0.11,SCSN
10625013,scedc:10625013,2010-04-20T01:13:21.600000Z,32.676,-115.77566666666668,9.51,2.7,,,SCEDC,,A,43,0.13,SCSN
37161173,scedc:37161173,2010-04-20T01:13:44.300000Z,32.64516666666667,-115.72533333333334,3.88,2.2,,,SCEDC,,B,15,0.07,SCSN
10625021,scedc:10625021,2010-04-20T01:16:27.270000Z,32.64683333333333,-115.73466666666668,4.12,2.6,,,SCEDC,,A,32,0.12,SCSN
10625109,scedc:10625109,2010-04-20T01:55:32.480000Z,32.26733333333333,-115.34183333333333,10.53,2.4,,,SCEDC,,B,23,0.15,SCSN
10625157,scedc:10625157,2010-04-20T02:27:26.270000Z,32.261833333333335,-115.37916666666666,0.61,2.4,,,SCEDC,,B,27,0.25,SCSN
10625213,scedc:10625213,2010-04-20T03:09:44.900000Z,32.362833333333334,-115.31433333333334,8.53,3.2,,,SCEDC,,A,36,0.19,SCSN
10625221,scedc:10625221,2010-04-20T03:14:06.030000Z,32.4545,-115.56716666666668,12.19,2.0,,,SCEDC,,B,20,0.12,SCSN
10625229,scedc:10625229,2010-04-20T03:17:05.330000Z,32.2845,-115.30666666666669,7.55,2.1,,,SCEDC,,B,18,0.12,SCSN
10625253,scedc:10625253,2010-04-20T03:38:10.950000Z,32.312666666666665,-115.33616666666668,13.35,2.3,,,SCEDC,,B,20,0.1,SCSN
10625373,scedc:10625373,2010-04-20T04:27:22.840000Z,32.659333333333336,-115.8405,6.79,2.7,,,SCEDC,,A,50,0.15,SCSN
10625405,scedc:10625405,2010-04-20T04:57:36.910000Z,32.38166666666667,-115.4765,12.8,2.0,,,SCEDC,,B,24,0.1,SCSN
10625469,scedc:10625469,2010-04-20T05:22:54.960000Z,33.671166666666664,-117.93966666666668,8.39,2.7,,,SCEDC,,A,86,0.22,SCSN
10625541,scedc:10625541,2010-04-20T06:28:15.330000Z,32.707,-115.85516666666666,4.6,2.1,,,SCEDC,,A,45,0.12,SCSN
10625565,scedc:10625565,2010-04-20T06:30:30.980000Z,32.725833333333334,-115.8995,1.7,3.0,,,SCEDC,,A,83,0.16,SCSN
37161997,scedc:37161997,2010-04-20T06:34:57.910000Z,32.265166666666666,-115.38883333333334,9.39,2.3,,,SCEDC,,C,17,0.14,SCSN
10625589,scedc:10625589,2010-04-20T06:41:46.210000Z,32.245666666666665,-115.351,12.84,2.3,,,SCEDC,,B,27,0.21,SCSN
10625597,scedc:10625597,2010-04-20T06:53:28.020000Z,32.67766666666667,-116.00316666666669,9.44,2.0,,,SCEDC,,A,39,0.13,SCSN
10625605,scedc:10625605,2010-04-20T07:02:54.440000Z,32.65083333333333,-115.7365,3.29,2.2,,,SCEDC,,A,33,0.16,SCSN
10625629,scedc:10625629,2010-04-20T07:10:36.400000Z,32.28916666666667,-115.413,1.78,2.1,,,SCEDC,,C,24,0.18,SCSN
10625621,scedc:10625621,2010-04-20T07:12:34.590000Z,32.22533333333333,-115.29666666666668,13.05,2.2,,,SCEDC,,A,26,0.13,SCSN
10625661,scedc:10625661,2010-04-20T07:30:25.360000Z,32.2355,-115.25716666666666,12.67,3.2,,,SCEDC,,B,26,0.16,SCSN
10625693,scedc:10625693,2010-04-20T08:00:15.340000Z,32.53033333333333,-115.62683333333334,8.46,2.4,,,SCEDC,,A,32,0.14,SCSN
10625861,scedc:10625861,2010-04-20T09:30:33.280000Z,32.62383333333333,-115.78516666666668,5.61,2.4,,,SCEDC,,A,39,0.16,SCSN
10625941,scedc:10625941,2010-04-20T10:04:46.110000Z,32.69116666666667,-115.79883333333332,8.8,2.5,,,SCEDC,,A,41,0.14,SCSN
10625981,scedc:10625981,2010-04-20T10:34:39.690000Z,32.654333333333334,-115.78916666666667,7.46,2.1,,,SCEDC,,A,40,0.11,SCSN
10625989,scedc:10625989,2010-04-20T10:37:56.160000Z,32.559333333333335,-115.6985,6.71,2.6,,,SCEDC,,A,44,0.15,SCSN
10626069,scedc:10626069,2010-04-20T11:26:56.240000Z,32.263333333333335,-115.36816666666668,12.33,2.3,,,SCEDC,,A,23,0.17,SCSN
10626141,scedc:10626141,2010-04-20T12:36:01.730000Z,32.226,-115.35283333333334,11.36,2.3,,,SCEDC,,C,21,0.17,SCSN
10626173,scedc:10626173,2010-04-20T12:46:42.280000Z,32.6915,-115.79483333333332,9.18,2.2,,,SCEDC,,A,36,0.13,SCSN
37162357,scedc:37162357,2010-04-20T13:21:55.390000Z,32.70516666666666,-115.768,9.24,2.1,,,SCEDC,,A,27,0.13,SCSN
10626229,scedc:10626229,2010-04-20T13:24:17.500000Z,32.444833333333335,-115.54683333333334,8.87,2.1,,,SCEDC,,A,29,0.14,SCSN
10626309,scedc:10626309,2010-04-20T14:21:37.450000Z,32.44016666666667,-115.56133333333334,8.57,2.5,,,SCEDC,,A,31,0.14,SCSN
37162381,scedc:37162381,2010-04-20T14:38:02.710000Z,32.26916666666666,-115.338,2.49,2.2,,,SCEDC,,C,22,0.12,SCSN
10626333,scedc:10626333,2010-04-20T14:43:12.850000Z,36.09666666666666,-117.65483333333331,3.62,2.3,,,SCEDC,,C,32,0.12,SCSN
10626357,scedc:10626357,2010-04-20T15:00:28.810000Z,32.644333333333336,-115.71883333333334,9.71,3.6,,,SCEDC,,A,52,0.17,SCSN
10626373,scedc:10626373,2010-04-20T15:15:16.360000Z,32.678,-115.76166666666668,3.6,2.0,,,SCEDC,,A,32,0.12,SCSN
10626413,scedc:10626413,2010-04-20T15:34:30.240000Z,32.651666666666664,-115.76933333333334,9.95,2.1,,,SCEDC,,A,33,0.14,SCSN
10626445,scedc:10626445,2010-04-20T16:32:34.510000Z,32.2325,-115.28316666666667,9.39,2.3,,,SCEDC,,C,20,0.16,SCSN
37162493,scedc:37162493,2010-04-20T16:32:46.050000Z,32.2875,-115.4235,4.82,2.0,,,SCEDC,,C,9,0.06,SCSN
10626453,scedc:10626453,2010-04-20T16:36:24.070000Z,32.69466666666667,-115.81283333333332,8.28,2.2,,,SCEDC,,A,41,0.14,SCSN
10626469,scedc:10626469,2010-04-20T16:42:45.140000Z,32.220666666666666,-115.33033333333331,7.28,2.1,,,SCEDC,,B,21,0.16,SCSN
10626461,scedc:10626461,2010-04-20T16:44:19.660000Z,32.3345,-115.32516666666666,9.82,2.2,,,SCEDC,,A,20,0.14,SCSN
10626549,scedc:10626549,2010-04-20T17:40:53.990000Z,32.696333333333335,-115.7815,8.0,2.2,,,SCEDC,,A,44,0.11,SCSN
10626597,scedc:10626597,2010-04-20T18:21:10.850000Z,32.65416666666667,-115.716,9.26,2.0,,,SCEDC,,A,29,0.12,SCSN
10626661,scedc:10626661,2010-04-20T19:07:35.860000Z,32.54933333333334,-115.64,10.32,3.0,,,SCEDC,,A,47,0.13,SCSN
10626765,scedc:10626765,2010-04-20T19:58:55.170000Z,32.266,-115.27083333333331,13.67,2.2,,,SCEDC,,B,19,0.12,SCSN
10626757,scedc:10626757,2010-04-20T20:00:18.620000Z,32.501333333333335,-115.635,0.67,2.2,,,SCEDC,,A,24,0.1,SCSN
10626805,scedc:10626805,2010-04-20T20:22:33.450000Z,32.320166666666665,-115.49083333333331,14.23,2.2,,,SCEDC,,A,21,0.19,SCSN
10626845,scedc:10626845,2010-04-20T20:50:24.600000Z,32.339666666666666,-115.33083333333332,7.26,2.1,,,SCEDC,,B,22,0.13,SCSN
10626861,scedc:10626861,2010-04-20T21:08:20.080000Z,32.705666666666666,-115.76383333333334,8.98,2.3,,,SCEDC,,A,34,0.13,SCSN
10626957,scedc:10626957,2010-04-20T22:34:31.960000Z,32.32483333333333,-115.34733333333334,2.95,2.4,,,SCEDC,,B,15,0.09,SCSN
10626973,scedc:10626973,2010-04-20T22:40:07.680000Z,32.28966666666667,-115.37533333333332,12.63,2.7,,,SCEDC,,B,25,0.17,SCSN
10627013,scedc:10627013,2010-04-20T23:42:33.740000Z,32.26433333333333,-115.34466666666668,8.25,2.0,,,SCEDC,,A,21,0.16,SCSN
10627045,scedc:10627045,2010-04-21T00:06:17.940000Z,32.318,-115.40383333333334,0.8,2.1,,,SCEDC,,B,15,0.06,SCSN
10627061,scedc:10627061,2010-04-21T00:15:10.930000Z,32.26383333333333,-115.375,4.35,2.6,,,SCEDC,,C,31,0.25,SCSN
10627077,scedc:10627077,2010-04-21T00:27:01.550000Z,32.70766666666667,-115.95183333333334,7.61,2.0,,,SCEDC,,A,30,0.13,SCSN
10627093,scedc:10627093,2010-04-21T00:28:40.510000Z,32.23466666666667,-115.33883333333333,12.97,2.6,,,SCEDC,,A,30,0.2,SCSN
10627141,scedc:10627141,2010-04-21T01:31:02.990000Z,32.69166666666667,-115.863,7.67,2.1,,,SCEDC,,A,44,0.2,SCSN
10627149,scedc:10627149,2010-04-21T01:34:49.220000Z,32.69283333333333,-115.77566666666668,8.1,2.0,,,SCEDC,,A,20,0.11,SCSN
10627173,scedc:10627173,2010-04-21T02:00:30.030000Z,32.244166666666665,-115.29816666666666,15.88,2.3,,,SCEDC,,C,16,0.16,SCSN
10627221,scedc:10627221,2010-04-21T03:41:41.100000Z,32.707,-116.02866666666668,9.79,2.6,,,SCEDC,,A,42,0.14,SCSN
10627245,scedc:10627245,2010-04-21T04:06:19.400000Z,32.2605,-115.3075,17.63,2.8,,,SCEDC,,B,25,0.18,SCSN
10627317,scedc:10627317,2010-04-21T05:01:29.360000Z,32.34283333333333,-115.4405,13.48,2.0,,,SCEDC,,C,16,0.12,SCSN
10627309,scedc:10627309,2010-04-21T05:03:48.330000Z,32.7405,-115.81916666666666,2.84,2.2,,,SCEDC,,A,29,0.09,SCSN
10627357,scedc:10627357,2010-04-21T05:27:29.160000Z,32.714333333333336,-115.87816666666669,4.58,2.1,,,SCEDC,,A,36,0.17,SCSN
10627365,scedc:10627365,2010-04-21T05:28:07.870000Z,32.24466666666667,-115.31,1.34,2.6,,,SCEDC,,C,20,0.2,SCSN
10627373,scedc:10627373,2010-04-21T05:37:36.480000Z,32.51883333333333,-115.61683333333332,12.31,2.3,,,SCEDC,,A,41,0.16,SCSN
10627437,scedc:10627437,2010-04-21T07:57:14.320000Z,32.347833333333334,-115.336,8.94,2.3,,,SCEDC,,A,19,0.15,SCSN
10627445,scedc:10627445,2010-04-21T08:02:42.900000Z,32.709666666666664,-115.87983333333334,5.22,2.6,,,SCEDC,,A,67,0.2,SCSN
10627493,scedc:10627493,2010-04-21T08:57:23.950000Z,32.659166666666664,-115.78533333333333,4.89,2.0,,,SCEDC,,A,23,0.13,SCSN
10627557,scedc:10627557,2010-04-21T09:31:20.230000Z,32.64566666666666,-115.716,10.59,2.0,,,SCEDC,,A,23,0.14,SCSN
10627565,scedc:10627565,2010-04-21T09:33:32.960000Z,32.4355,-115.54316666666666,12.67,2.9,,,SCEDC,,A,31,0.2,SCSN
10627645,scedc:10627645,2010-04-21T10:32:23.030000Z,32.29966666666667,-115.31416666666668,9.63,2.5,,,SCEDC,,C,22,0.17,SCSN
10627653,scedc:10627653,2010-04-21T10:37:14.570000Z,32.52583333333333,-115.61816666666668,12.99,4.2,,,SCEDC,,A,47,0.14,SCSN
10627669,scedc:10627669,2010-04-21T10:53:47.810000Z,32.29666666666667,-115.33916666666669,9.22,2.8,,,SCEDC,,A,42,0.15,SCSN
10627685,scedc:10627685,2010-04-21T11:01:06.700000Z,32.68333333333333,-115.84016666666666,8.63,2.9,,,SCEDC,,A,54,0.16,SCSN
32541759,scedc:32541759,2010-04-21T11:01:36.300000Z,32.54833333333333,-115.68033333333334,8.55,2.2,,,SCEDC,,A,27,0.15,SCSN
10627701,scedc:10627701,2010-04-21T11:15:48.940000Z,32.2965,-115.34433333333334,0.45,3.0,,,SCEDC,,A,25,0.17,SCSN
10627749,scedc:10627749,2010-04-21T12:33:58.760000Z,32.431,-115.56416666666668,7.09,2.1,,,SCEDC,,C,19,0.11,SCSN
10627757,scedc:10627757,2010-04-21T12:40:45.560000Z,32.39,-115.52316666666668,8.52,2.4,,,SCEDC,,B,23,0.12,SCSN
10627853,scedc:10627853,2010-04-21T14:39:20.610000Z,32.423,-115.5555,10.03,2.4,,,SCEDC,,C,21,0.1,SCSN
10627869,scedc:10627869,2010-04-21T14:55:17.890000Z,32.68266666666667,-115.80583333333334,8.13,2.3,,,SCEDC,,A,40,0.15,SCSN
10627901,scedc:10627901,2010-04-21T15:36:56.830000Z,32.658833333333334,-115.70666666666666,9.72,2.0,,,SCEDC,,A,25,0.11,SCSN
10627917,scedc:10627917,2010-04-21T15:43:04.410000Z,32.524166666666666,-115.637,11.04,2.2,,,SCEDC,,A,29,0.21,SCSN
10627925,scedc:10627925,2010-04-21T15:44:58.120000Z,32.592166666666664,-115.7265,10.82,2.1,,,SCEDC,,A,29,0.15,SCSN
10627957,scedc:10627957,2010-04-21T16:46:42.810000Z,32.315666666666665,-115.316,9.2,2.7,,,SCEDC,,B,21,0.2,SCSN
10627973,scedc:10627973,2010-04-21T16:53:19.100000Z,32.548833333333334,-115.63266666666668,9.27,2.0,,,SCEDC,,A,19,0.17,SCSN
10627981,scedc:10627981,2010-04-21T17:23:48.960000Z,32.413833333333336,-115.53,5.33,2.2,,,SCEDC,,C,20,0.08,SCSN
10628021,scedc:10628021,2010-04-21T17:57:30.490000Z,32.67916666666667,-115.8525,4.68,2.2,,,SCEDC,,A,30,0.11,SCSN
10628037,scedc:10628037,2010-04-21T18:01:22.800000Z,32.31366666666667,-115.4105,7.61,2.5,,,SCEDC,,B,19,0.14,SCSN
37172099,scedc:37172099,2010-04-21T18:48:49.030000Z,32.2815,-115.44783333333334,5.89,2.1,,,SCEDC,,C,16,0.25,SCSN
10628085,scedc:10628085,2010-04-21T19:07:43.690000Z,32.303666666666665,-115.3435,7.64,2.2,,,SCEDC,,B,18,0.16,SCSN
10628109,scedc:10628109,2010-04-21T19:18:00.390000Z,32.4165,-115.56066666666666,5.14,2.3,,,SCEDC,,C,25,0.09,SCSN
10628197,scedc:10628197,2010-04-21T20:37:21.960000Z,32.446,-115.576,0.03,2.2,,,SCEDC,,A,27,0.16,SCSN
10628237,scedc:10628237,2010-04-21T21:43:22.380000Z,32.51466666666666,-115.62766666666668,9.63,3.2,,,SCEDC,,A,55,0.13,SCSN
10628245,scedc:10628245,2010-04-21T21:57:11.620000Z,32.666333333333334,-115.83366666666667,7.0,2.3,,,SCEDC,,A,43,0.14,SCSN
10628261,scedc:10628261,2010-04-21T21:59:48.530000Z,32.314166666666665,-115.396,7.65,2.5,,,SCEDC,,B,23,0.23,SCSN
10628269,scedc:10628269,2010-04-21T22:05:06.030000Z,32.7,-115.7465,9.32,2.6,,,SCEDC,,A,36,0.13,SCSN
10628293,scedc:10628293,2010-04-21T22:45:19.550000Z,32.65233333333333,-115.74466666666666,3.08,3.4,,,SCEDC,,A,36,0.14,SCSN
10628325,scedc:10628325,2010-04-21T23:43:26.770000Z,32.403166666666664,-115.52883333333334,8.93,2.3,,,SCEDC,,A,16,0.07,SCSN
10628405,scedc:10628405,2010-04-22T01:53:08.580000Z,32.39833333333333,-115.33383333333332,6.69,2.0,,,SCEDC,,B,16,0.08,SCSN
10628421,scedc:10628421,2010-04-22T02:09:45.110000Z,32.296,-115.36116666666666,8.79,2.6,,,SCEDC,,B,24,0.14,SCSN
10628493,scedc:10628493,2010-04-22T03:36:53.480000Z,32.3235,-115.30983333333332,11.3,2.5,,,SCEDC,,B,19,0.17,SCSN
10628557,scedc:10628557,2010-04-22T04:43:49.470000Z,32.5525,-115.68633333333334,10.39,2.2,,,SCEDC,,B,18,0.1,SCSN
10628589,scedc:10628589,2010-04-22T05:08:32.680000Z,32.31466666666667,-115.3525,12.34,2.4,,,SCEDC,,B,27,0.16,SCSN
10628581,scedc:10628581,2010-04-22T05:09:48.550000Z,32.282,-115.327,9.22,2.5,,,SCEDC,,B,19,0.14,SCSN
10628621,scedc:10628621,2010-04-22T05:33:19.760000Z,32.64066666666667,-115.7205,6.99,2.2,,,SCEDC,,A,26,0.09,SCSN
10628629,scedc:10628629,2010-04-22T05:40:26.880000Z,32.6465,-115.743,3.36,2.3,,,SCEDC,,A,28,0.12,SCSN
10628661,scedc:10628661,2010-04-22T06:04:40.410000Z,32.6395,-115.85716666666669,6.59,2.1,,,SCEDC,,A,40,0.17,SCSN
10628669,scedc:10628669,2010-04-22T06:08:01.580000Z,32.6255,-115.726,3.45,2.6,,,SCEDC,,A,35,0.18,SCSN
10628709,scedc:10628709,2010-04-22T06:59:31.110000Z,32.617666666666665,-115.76883333333332,4.38,2.4,,,SCEDC,,A,40,0.14,SCSN
37120220,scedc:37120220,2010-04-22T07:00:04.300000Z,32.63466666666667,-115.71633333333334,4.17,2.0,,,SCEDC,,A,18,0.11,SCSN
10628717,scedc:10628717,2010-04-22T07:05:56.620000Z,32.3215,-115.30616666666668,9.62,2.0,,,SCEDC,,C,11,0.14,SCSN
10628725,scedc:10628725,2010-04-22T07:58:41.340000Z,32.66866666666667,-115.759,9.47,2.0,,,SCEDC,,A,23,0.1,SCSN
10628749,scedc:10628749,2010-04-22T08:18:20.040000Z,32.6955,-115.78183333333334,7.4,2.9,,,SCEDC,,A,42,0.17,SCSN
10628845,scedc:10628845,2010-04-22T09:48:01.420000Z,32.68266666666667,-115.806,7.49,2.2,,,SCEDC,,A,41,0.12,SCSN
10628893,scedc:10628893,2010-04-22T10:24:26.840000Z,32.56933333333333,-115.66333333333333,11.3,2.3,,,SCEDC,,A,37,0.17,SCSN
10628917,scedc:10628917,2010-04-22T10:50:37.840000Z,32.655166666666666,-115.74216666666666,2.81,2.8,,,SCEDC,,A,43,0.13,SCSN
10628941,scedc:10628941,2010-04-22T10:59:04.730000Z,32.6915,-115.79883333333332,8.61,2.1,,,SCEDC,,A,35,0.17,SCSN
10628949,scedc:10628949,2010-04-22T10:59:43.560000Z,32.65,-115.74516666666666,1.7,2.2,,,SCEDC,,A,24,0.15,SCSN
10628973,scedc:10628973,2010-04-22T11:10:33.020000Z,32.2245,-115.34433333333334,12.44,3.0,,,SCEDC,,B,21,0.34,SCSN
32597759,scedc:32597759,2010-04-22T11:11:02.110000Z,32.70516666666666,-115.77883333333334,9.11,2.5,,,SCEDC,,A,38,0.18,SCSN
10628997,scedc:10628997,2010-04-22T11:15:58.450000Z,32.23266666666667,-115.27916666666668,12.57,2.4,,,SCEDC,,B,14,0.07,SCSN
10629029,scedc:10629029,2010-04-22T11:27:06.330000Z,32.63283333333333,-115.74083333333331,9.65,2.2,,,SCEDC,,A,33,0.11,SCSN
10629037,scedc:10629037,2010-04-22T11:28:03.810000Z,32.66133333333333,-115.90933333333334,4.97,2.1,,,SCEDC,,A,41,0.19,SCSN
10629045,scedc:10629045,2010-04-22T11:30:58.040000Z,32.228833333333334,-115.301,11.12,2.7,,,SCEDC,,B,24,0.12,SCSN
10629053,scedc:10629053,2010-04-22T11:40:08.120000Z,32.690333333333335,-115.8405,6.15,2.6,,,SCEDC,,A,57,0.18,SCSN
10629069,scedc:10629069,2010-04-22T11:47:04.400000Z,32.32666666666667,-115.37616666666666,10.86,2.3,,,SCEDC,,C,18,0.16,SCSN
10629077,scedc:10629077,2010-04-22T11:55:14.730000Z,32.7,-115.83816666666668,8.91,2.7,,,SCEDC,,A,41,0.14,SCSN
10629085,scedc:10629085,2010-04-22T12:04:20.550000Z,32.548,-115.64083333333332,11.15,2.2,,,SCEDC,,A,24,0.12,SCSN
10629093,scedc:10629093,2010-04-22T12:05:49.980000Z,32.643,-115.73633333333332,3.79,2.3,,,SCEDC,,A,37,0.13,SCSN
10629125,scedc:10629125,2010-04-22T12:34:26.450000Z,32.28033333333333,-115.33133333333332,14.35,2.3,,,SCEDC,,B,19,0.17,SCSN
10629165,scedc:10629165,2010-04-22T13:49:09.210000Z,32.7,-115.93183333333332,8.43,2.7,,,SCEDC,,A,52,0.14,SCSN
10629189,scedc:10629189,2010-04-22T14:06:32.010000Z,32.36633333333333,-115.38933333333334,7.76,2.1,,,SCEDC,,B,11,0.06,SCSN
10629237,scedc:10629237,2010-04-22T14:32:22.230000Z,32.66866666666667,-115.78916666666667,7.74,2.7,,,SCEDC,,A,48,0.17,SCSN
10629253,scedc:10629253,2010-04-22T14:45:39.830000Z,32.67133333333334,-115.78883333333332,7.55,2.0,,,SCEDC,,A,31,0.12,SCSN
10629269,scedc:10629269,2010-04-22T14:54:51.060000Z,32.67916666666667,-115.78966666666666,7.38,2.1,,,SCEDC,,A,27,0.1,SCSN
10629277,scedc:10629277,2010-04-22T14:58:17.150000Z,32.70633333333333,-115.92566666666669,8.7,2.5,,,SCEDC,,A,44,0.15,SCSN
10629285,scedc:10629285,2010-04-22T15:02:41.840000Z,32.6475,-115.73266666666666,4.68,2.1,,,SCEDC,,A,28,0.11,SCSN
10629293,scedc:10629293,2010-04-22T15:08:10.220000Z,32.621,-115.68416666666668,9.65,2.1,,,SCEDC,,A,24,0.14,SCSN
10629309,scedc:10629309,2010-04-22T15:14:13.090000Z,32.68033333333333,-115.795,6.88,2.1,,,SCEDC,,A,35,0.16,SCSN
10629317,scedc:10629317,2010-04-22T15:26:02.970000Z,33.14983333333333,-116.47183333333334,10.29,2.1,,,SCEDC,,A,74,0.25,SCSN
10629325,scedc:10629325,2010-04-22T15:32:14.870000Z,32.679,-115.764,4.21,2.4,,,SCEDC,,A,35,0.18,SCSN
10629341,scedc:10629341,2010-04-22T15:34:46.760000Z,32.6375,-115.6735,10.35,2.0,,,SCEDC,,A,28,0.12,SCSN
10629373,scedc:10629373,2010-04-22T16:10:09.840000Z,32.732166666666664,-115.88033333333334,2.74,2.0,,,SCEDC,,A,32,0.12,SCSN
10629397,scedc:10629397,2010-04-22T16:22:49.510000Z,32.668166666666664,-115.78683333333332,7.88,2.2,,,SCEDC,,A,38,0.13,SCSN
10629437,scedc:10629437,2010-04-22T16:54:04.940000Z,32.672666666666665,-115.78466666666668,6.07,2.0,,,SCEDC,,A,33,0.14,SCSN
10629445,scedc:10629445,2010-04-22T16:58:44.860000Z,32.67433333333334,-115.7895,8.04,2.7,,,SCEDC,,A,45,0.14,SCSN
10629469,scedc:10629469,2010-04-22T17:01:56.640000Z,32.33883333333333,-115.35416666666669,13.97,2.2,,,SCEDC,,B,20,0.2,SCSN
10629461,scedc:10629461,2010-04-22T17:03:43.340000Z,32.661,-115.78683333333332,8.14,2.7,,,SCEDC,,A,56,0.19,SCSN
10629485,scedc:10629485,2010-04-22T17:19:08.980000Z,32.274,-115.31416666666668,7.77,2.7,,,SCEDC,,B,25,0.3,SCSN
10629501,scedc:10629501,2010-04-22T17:32:39.850000Z,32.71783333333333,-115.78516666666668,1.96,2.3,,,SCEDC,,A,44,0.16,SCSN
10629541,scedc:10629541,2010-04-22T17:52:27.380000Z,32.6615,-115.79783333333332,7.96,3.3,,,SCEDC,,A,57,0.18,SCSN
32605759,scedc:32605759,2010-04-22T17:53:41.120000Z,32.53766666666667,-115.67366666666666,5.16,2.1,,,SCEDC,,C,19,0.14,SCSN
10629573,scedc:10629573,2010-04-22T18:27:24.000000Z,32.67783333333333,-115.809,7.01,2.3,,,SCEDC,,A,45,0.16,SCSN
10629621,scedc:10629621,2010-04-22T18:47:26.390000Z,32.4805,-115.44683333333332,8.19,2.0,,,SCEDC,,B,20,0.22,SCSN
10629613,scedc:10629613,2010-04-22T18:49:00.560000Z,32.60733333333334,-115.75066666666666,4.67,2.3,,,SCEDC,,A,27,0.12,SCSN
10146566,scedc:10146566,2010-04-22T19:16:55.300000Z,32.660833333333336,-115.78616666666667,9.14,2.2,,,SCEDC,,A,27,0.15,SCSN
10629669,scedc:10629669,2010-04-22T19:26:32.680000Z,32.707166666666666,-115.768,9.02,2.2,,,SCEDC,,A,33,0.12,SCSN
10629677,scedc:10629677,2010-04-22T19:39:22.720000Z,32.5975,-115.74316666666668,8.31,2.1,,,SCEDC,,A,38,0.14,SCSN
10629685,scedc:10629685,2010-04-22T19:44:08.050000Z,32.708333333333336,-115.85433333333332,4.74,2.2,,,SCEDC,,A,35,0.14,SCSN
10629733,scedc:10629733,2010-04-22T20:20:52.150000Z,32.295,-115.37833333333332,9.34,2.3,,,SCEDC,,B,15,0.16,SCSN
37169195,scedc:37169195,2010-04-22T20:34:20.570000Z,32.2615,-115.34983333333334,9.98,2.2,,,SCEDC,,C,11,0.08,SCSN
10629789,scedc:10629789,2010-04-22T21:46:08.280000Z,32.438,-115.555,8.44,2.1,,,SCEDC,,B,24,0.13,SCSN
10629829,scedc:10629829,2010-04-22T22:09:12.820000Z,32.65,-115.75883333333331,3.58,2.5,,,SCEDC,,A,48,0.15,SCSN
10629837,scedc:10629837,2010-04-22T22:13:37.360000Z,32.346,-115.331,3.13,2.3,,,SCEDC,,A,19,0.11,SCSN
10629909,scedc:10629909,2010-04-22T22:49:00.060000Z,32.678333333333335,-115.821,9.59,2.6,,,SCEDC,,A,50,0.15,SCSN
10629925,scedc:10629925,2010-04-22T23:03:06.750000Z,33.062333333333335,-116.03316666666667,10.15,2.1,,,SCEDC,,B,71,0.19,SCSN
10630005,scedc:10630005,2010-04-22T23:24:15.680000Z,32.281,-115.3645,14.16,2.1,,,SCEDC,,B,16,0.18,SCSN
10630013,scedc:10630013,2010-04-22T23:28:26.020000Z,32.65416666666667,-115.76266666666666,3.25,3.8,,,SCEDC,,A,44,0.16,SCSN
10630061,scedc:10630061,2010-04-22T23:44:30.960000Z,32.27433333333333,-115.33983333333332,7.66,2.3,,,SCEDC,,A,28,0.21,SCSN
10630077,scedc:10630077,2010-04-22T23:49:42.160000Z,32.442166666666665,-115.55066666666669,1.02,2.6,,,SCEDC,,B,26,0.13,SCSN
10630093,scedc:10630093,2010-04-22T23:58:07.100000Z,32.35,-115.38016666666668,13.77,2.3,,,SCEDC,,B,19,0.25,SCSN
10630141,scedc:10630141,2010-04-23T00:24:49.260000Z,32.656666666666666,-115.788,9.23,2.0,,,SCEDC,,A,54,0.2,SCSN
10630149,scedc:10630149,2010-04-23T00:27:53.690000Z,32.49916666666667,-115.63,9.6,2.1,,,SCEDC,,A,21,0.15,SCSN
10630165,scedc:10630165,2010-04-23T00:52:21.950000Z,32.68083333333333,-115.9595,6.68,2.0,,,SCEDC,,A,26,0.12,SCSN
37117444,scedc:37117444,2010-04-23T01:16:43.690000Z,32.3205,-115.41316666666668,6.39,2.2,,,SCEDC,,C,19,0.17,SCSN
10630253,scedc:10630253,2010-04-23T01:53:14.730000Z,32.705333333333336,-115.77233333333334,8.92,2.4,,,SCEDC,,A,40,0.16,SCSN
32637759,scedc:32637759,2010-04-23T02:11:10.280000Z,32.26733333333333,-115.3435,8.15,2.6,,,SCEDC,,B,14,0.19,SCSN
10630277,scedc:10630277,2010-04-23T02:11:14.320000Z,32.57033333333333,-115.68366666666668,8.51,2.9,,,SCEDC,,A,29,0.08,SCSN
10630365,scedc:10630365,2010-04-23T02:24:12.370000Z,33.18666666666667,-115.60983333333331,0.51,2.3,,,SCEDC,,A,45,0.24,SCSN
10630373,scedc:10630373,2010-04-23T02:26:23.700000Z,33.186,-115.6125,0.68,2.4,,,SCEDC,,A,17,0.15,SCSN
10146342,scedc:10146342,2010-04-23T02:26:33.090000Z,32.73416666666667,-115.88,2.23,2.6,,,SCEDC,,A,26,0.1,SCSN
10630413,scedc:10630413,2010-04-23T02:32:07.750000Z,32.673,-115.77066666666668,8.82,2.2,,,SCEDC,,A,38,0.12,SCSN
10630437,scedc:10630437,2010-04-23T02:35:10.160000Z,32.73166666666667,-115.87966666666668,2.54,2.5,,,SCEDC,,A,46,0.16,SCSN
10630453,scedc:10630453,2010-04-23T02:42:39.620000Z,32.665333333333336,-115.82383333333334,9.62,2.9,,,SCEDC,,A,44,0.16,SCSN
10630469,scedc:10630469,2010-04-23T02:43:46.030000Z,32.744,-115.82266666666666,3.02,2.7,,,SCEDC,,A,30,0.14,SCSN
10630549,scedc:10630549,2010-04-23T03:10:25.500000Z,32.44166666666667,-115.58466666666666,9.45,2.6,,,SCEDC,,A,28,0.11,SCSN
10630557,scedc:10630557,2010-04-23T03:15:12.420000Z,32.668166666666664,-115.795,7.46,2.7,,,SCEDC,,A,40,0.16,SCSN
10630621,scedc:10630621,2010-04-23T03:48:25.160000Z,32.399166666666666,-115.551,9.29,2.1,,,SCEDC,,A,25,0.11,SCSN
10630677,scedc:10630677,2010-04-23T04:39:00.870000Z,32.32,-115.35333333333334,20.55,2.1,,,SCEDC,,B,18,0.15,SCSN
10630717,scedc:10630717,2010-04-23T04:56:50.370000Z,32.24666666666667,-115.288,13.93,2.4,,,SCEDC,,B,19,0.15,SCSN
10630741,scedc:10630741,2010-04-23T05:31:33.570000Z,32.496,-115.6365,0.67,2.8,,,SCEDC,,A,33,0.14,SCSN
10630797,scedc:10630797,2010-04-23T05:52:22.850000Z,32.68033333333333,-115.80683333333332,7.76,2.2,,,SCEDC,,A,42,0.15,SCSN
10630845,scedc:10630845,2010-04-23T06:21:22.640000Z,32.31916666666667,-115.379,7.62,2.3,,,SCEDC,,B,21,0.09,SCSN
10630869,scedc:10630869,2010-04-23T06:38:01.330000Z,32.2415,-115.2605,13.84,2.0,,,SCEDC,,B,19,0.1,SCSN
10630933,scedc:10630933,2010-04-23T07:28:54.580000Z,32.653,-115.78733333333334,2.17,2.1,,,SCEDC,,A,29,0.13,SCSN
10630973,scedc:10630973,2010-04-23T07:56:08.090000Z,32.658833333333334,-115.77483333333332,8.48,2.1,,,SCEDC,,A,38,0.12,SCSN
10631021,scedc:10631021,2010-04-23T08:27:00.580000Z,32.649166666666666,-115.79216666666667,1.4,2.9,,,SCEDC,,A,51,0.14,SCSN
10631045,scedc:10631045,2010-04-23T08:32:58.170000Z,32.25716666666667,-115.28833333333333,12.77,2.4,,,SCEDC,,B,24,0.19,SCSN
10631069,scedc:10631069,2010-04-23T08:56:20.900000Z,32.32716666666666,-115.36483333333334,8.66,2.2,,,SCEDC,,B,24,0.2,SCSN
10631117,scedc:10631117,2010-04-23T09:30:26.130000Z,32.2745,-115.33683333333332,14.3,3.8,,,SCEDC,,B,34,0.15,SCSN
37119212,scedc:37119212,2010-04-23T10:34:40.260000Z,32.61083333333333,-115.69916666666668,8.28,2.1,,,SCEDC,,A,23,0.14,SCSN
10631253,scedc:10631253,2010-04-23T10:54:21.770000Z,32.719,-115.89583333333331,5.57,2.4,,,SCEDC,,A,47,0.17,SCSN
10631261,scedc:10631261,2010-04-23T10:59:18.290000Z,32.36716666666667,-115.37383333333334,0.7,2.1,,,SCEDC,,A,17,0.1,SCSN
10631285,scedc:10631285,2010-04-23T11:18:37.320000Z,32.45066666666666,-115.55716666666666,9.37,2.0,,,SCEDC,,A,23,0.07,SCSN
10631293,scedc:10631293,2010-04-23T11:21:07.300000Z,32.681,-115.81166666666668,7.67,2.4,,,SCEDC,,A,45,0.16,SCSN
10631301,scedc:10631301,2010-04-23T11:23:28.110000Z,32.257,-115.28116666666666,4.39,2.1,,,SCEDC,,C,17,0.27,SCSN
10631349,scedc:10631349,2010-04-23T11:47:04.680000Z,32.294333333333334,-115.35316666666668,9.31,2.0,,,SCEDC,,C,21,0.18,SCSN
10631365,scedc:10631365,2010-04-23T12:02:20.340000Z,32.66866666666667,-115.846,7.58,2.1,,,SCEDC,,A,46,0.16,SCSN
10631381,scedc:10631381,2010-04-23T12:20:15.860000Z,32.69983333333333,-115.8035,9.73,2.1,,,SCEDC,,A,37,0.14,SCSN
10631605,scedc:10631605,2010-04-23T15:35:19.350000Z,32.698166666666665,-115.84783333333333,4.7,2.3,,,SCEDC,,A,40,0.14,SCSN
10631669,scedc:10631669,2010-04-23T16:29:05.580000Z,32.44016666666667,-115.55333333333331,7.75,2.3,,,SCEDC,,A,26,0.1,SCSN
10631709,scedc:10631709,2010-04-23T17:26:26.150000Z,32.683,-115.7475,3.75,2.4,,,SCEDC,,A,31,0.17,SCSN
10631717,scedc:10631717,2010-04-23T17:41:25.440000Z,32.55833333333333,-115.6225,9.81,2.0,,,SCEDC,,A,24,0.11,SCSN
10631813,scedc:10631813,2010-04-23T19:01:26.580000Z,32.31166666666667,-115.42066666666666,6.02,2.8,,,SCEDC,,B,23,0.09,SCSN
10631829,scedc:10631829,2010-04-23T19:20:51.370000Z,32.29066666666667,-115.35883333333334,9.39,2.3,,,SCEDC,,C,18,0.25,SCSN
10631861,scedc:10631861,2010-04-23T19:46:41.090000Z,32.47966666666667,-115.62233333333332,0.06,2.1,,,SCEDC,,C,23,0.13,SCSN
10631885,scedc:10631885,2010-04-23T20:18:34.030000Z,32.58866666666667,-115.71016666666668,3.19,3.1,,,SCEDC,,A,40,0.15,SCSN
10631909,scedc:10631909,2010-04-23T20:21:14.570000Z,32.309333333333335,-115.32683333333334,8.21,2.2,,,SCEDC,,B,23,0.18,SCSN
10631941,scedc:10631941,2010-04-23T20:33:53.580000Z,36.07383333333333,-117.88716666666669,1.22,2.8,,,SCEDC,,A,42,0.11,SCSN
10631949,scedc:10631949,2010-04-23T20:38:04.330000Z,32.703833333333336,-115.84433333333334,4.56,2.0,,,SCEDC,,A,29,0.1,SCSN
10631965,scedc:10631965,2010-04-23T20:42:59.460000Z,36.0725,-117.88583333333334,1.51,2.1,,,SCEDC,,A,25,0.1,SCSN
10632013,scedc:10632013,2010-04-23T20:45:54.550000Z,32.62833333333333,-115.79583333333332,4.11,2.5,,,SCEDC,,A,24,0.15,SCSN
10631997,scedc:10631997,2010-04-23T20:48:39.780000Z,32.63183333333333,-115.79383333333334,4.3,2.1,,,SCEDC,,A,37,0.13,SCSN
10632045,scedc:10632045,2010-04-23T21:07:16.530000Z,32.31616666666667,-115.38516666666666,0.57,2.7,,,SCEDC,,B,20,0.1,SCSN
10632053,scedc:10632053,2010-04-23T21:10:39.700000Z,32.63933333333333,-115.73483333333331,2.98,2.3,,,SCEDC,,A,31,0.11,SCSN
10632077,scedc:10632077,2010-04-23T21:23:51.930000Z,32.360166666666665,-115.302,8.88,2.0,,,SCEDC,,B,18,0.17,SCSN
10632109,scedc:10632109,2010-04-23T22:04:03.670000Z,32.647,-115.72966666666667,4.34,2.7,,,SCEDC,,A,39,0.15,SCSN
10632173,scedc:10632173,2010-04-23T22:57:27.070000Z,32.653666666666666,-115.72666666666667,9.24,2.1,,,SCEDC,,A,31,0.13,SCSN
10632413,scedc:10632413,2010-04-24T00:37:55.600000Z,32.8375,-116.08983333333332,5.36,2.6,,,SCEDC,,C,62,0.17,SCSN
10632477,scedc:10632477,2010-04-24T00:40:40.040000Z,32.7345,-115.8215,4.34,2.5,,,SCEDC,,A,32,0.15,SCSN
10632461,scedc:10632461,2010-04-24T00:43:09.740000Z,36.07333333333333,-117.88966666666668,1.04,2.1,,,SCEDC,,A,39,0.11,SCSN
10632517,scedc:10632517,2010-04-24T01:01:30.790000Z,32.676,-115.77833333333334,7.42,2.4,,,SCEDC,,A,43,0.17,SCSN
10632541,scedc:10632541,2010-04-24T01:28:43.100000Z,32.64333333333333,-115.73666666666666,4.45,2.3,,,SCEDC,,A,30,0.13,SCSN
10632557,scedc:10632557,2010-04-24T01:35:09.660000Z,32.37316666666667,-115.411,19.29,2.6,,,SCEDC,,A,33,0.13,SCSN
10632573,scedc:10632573,2010-04-24T01:47:17.290000Z,32.250166666666665,-115.34316666666666,12.54,2.6,,,SCEDC,,A,25,0.22,SCSN
10632597,scedc:10632597,2010-04-24T01:56:29.080000Z,32.36983333333333,-115.33633333333331,5.75,2.3,,,SCEDC,,B,15,0.1,SCSN
10632629,scedc:10632629,2010-04-24T02:20:42.910000Z,32.3115,-115.30766666666666,13.2,2.0,,,SCEDC,,B,17,0.2,SCSN
10632685,scedc:10632685,2010-04-24T02:58:11.690000Z,32.258833333333335,-115.36583333333331,15.63,2.1,,,SCEDC,,C,10,0.12,SCSN
10632693,scedc:10632693,2010-04-24T03:02:05.770000Z,32.674166666666665,-115.77933333333333,9.12,2.7,,,SCEDC,,A,38,0.14,SCSN
10632853,scedc:10632853,2010-04-24T06:07:49.000000Z,32.64216666666667,-115.73416666666668,3.88,3.2,,,SCEDC,,A,56,0.16,SCSN
10632869,scedc:10632869,2010-04-24T06:17:24.490000Z,32.55833333333333,-115.66716666666667,11.77,2.2,,,SCEDC,,A,47,0.2,SCSN
10632909,scedc:10632909,2010-04-24T06:43:43.520000Z,32.30433333333333,-115.32283333333334,10.73,2.0,,,SCEDC,,C,14,0.19,SCSN
10632981,scedc:10632981,2010-04-24T07:25:16.110000Z,32.6925,-115.70666666666666,8.69,2.1,,,SCEDC,,A,34,0.11,SCSN
10632989,scedc:10632989,2010-04-24T07:26:37.170000Z,32.64483333333333,-115.72733333333332,3.33,2.0,,,SCEDC,,A,25,0.13,SCSN
10633045,scedc:10633045,2010-04-24T08:12:26.740000Z,32.227666666666664,-115.27783333333332,14.79,2.3,,,SCEDC,,B,23,0.12,SCSN
10633053,scedc:10633053,2010-04-24T08:13:34.050000Z,32.346666666666664,-115.33366666666667,2.91,2.2,,,SCEDC,,A,29,0.14,SCSN
10633253,scedc:10633253,2010-04-24T10:43:53.150000Z,32.36066666666667,-115.483,4.92,2.1,,,SCEDC,,C,20,0.13,SCSN
10633413,scedc:10633413,2010-04-24T12:23:02.990000Z,32.75966666666667,-115.82666666666668,7.41,2.1,,,SCEDC,,A,34,0.16,SCSN
10633461,scedc:10633461,2010-04-24T13:05:31.530000Z,32.5785,-115.6695,10.27,2.3,,,SCEDC,,A,35,0.13,SCSN
10633517,scedc:10633517,2010-04-24T13:57:51.710000Z,32.224,-115.294,15.43,3.3,,,SCEDC,,B,28,0.15,SCSN
10633565,scedc:10633565,2010-04-24T14:36:19.530000Z,32.26616666666666,-115.3945,4.15,2.5,,,SCEDC,,C,15,0.19,SCSN
10633597,scedc:10633597,2010-04-24T14:54:15.690000Z,32.421,-115.5635,9.96,2.0,,,SCEDC,,C,23,0.12,SCSN
10633605,scedc:10633605,2010-04-24T14:57:29.850000Z,32.258833333333335,-115.28183333333334,9.82,2.7,,,SCEDC,,C,24,0.19,SCSN
10633621,scedc:10633621,2010-04-24T15:01:52.300000Z,32.6775,-115.77516666666666,9.91,2.4,,,SCEDC,,A,55,0.13,SCSN
10633637,scedc:10633637,2010-04-24T15:13:48.070000Z,32.68416666666667,-115.80483333333332,8.22,2.5,,,SCEDC,,A,44,0.13,SCSN
10633653,scedc:10633653,2010-04-24T15:20:19.580000Z,32.570166666666665,-115.68433333333331,10.94,2.3,,,SCEDC,,A,35,0.14,SCSN
10633677,scedc:10633677,2010-04-24T15:33:37.910000Z,32.29116666666667,-115.33066666666669,7.78,2.2,,,SCEDC,,B,23,0.24,SCSN
10633693,scedc:10633693,2010-04-24T15:47:46.540000Z,32.418,-115.56783333333334,7.67,2.3,,,SCEDC,,B,28,0.13,SCSN
10633701,scedc:10633701,2010-04-24T16:10:13.320000Z,32.25,-115.4335,4.62,2.1,,,SCEDC,,C,23,0.27,SCSN
10633717,scedc:10633717,2010-04-24T16:13:15.350000Z,32.282333333333334,-115.42583333333332,8.12,2.1,,,SCEDC,,A,22,0.17,SCSN
10633757,scedc:10633757,2010-04-24T16:42:02.030000Z,32.409166666666664,-115.54783333333332,7.99,2.4,,,SCEDC,,A,33,0.16,SCSN
10633829,scedc:10633829,2010-04-24T17:18:07.630000Z,32.28333333333333,-115.414,8.21,2.2,,,SCEDC,,A,28,0.12,SCSN
10633837,scedc:10633837,2010-04-24T17:29:46.950000Z,35.3805,-118.63633333333334,6.67,2.1,,,SCEDC,,A,47,0.13,SCSN
10633901,scedc:10633901,2010-04-24T18:18:10.490000Z,32.43783333333333,-115.55966666666669,8.83,2.5,,,SCEDC,,A,39,0.15,SCSN
10634021,scedc:10634021,2010-04-24T19:46:01.100000Z,32.31166666666667,-115.38966666666668,12.63,2.2,,,SCEDC,,B,22,0.14,SCSN
10634045,scedc:10634045,2010-04-24T20:06:59.200000Z,32.2225,-115.34566666666667,9.39,2.9,,,SCEDC,,C,29,0.18,SCSN
10634093,scedc:10634093,2010-04-24T21:01:22.700000Z,32.374833333333335,-115.50466666666668,8.73,2.0,,,SCEDC,,C,20,0.11,SCSN
10634101,scedc:10634101,2010-04-24T21:05:38.890000Z,32.4365,-115.55716666666666,1.71,2.7,,,SCEDC,,A,36,0.16,SCSN
37118596,scedc:37118596,2010-04-24T21:06:31.020000Z,32.43033333333333,-115.55616666666668,5.72,2.1,,,SCEDC,,C,20,0.08,SCSN
10634117,scedc:10634117,2010-04-24T21:07:29.390000Z,32.4325,-115.56716666666668,0.31,2.1,,,SCEDC,,A,19,0.07,SCSN
10634125,scedc:10634125,2010-04-24T21:29:57.790000Z,32.6595,-115.6525,9.96,2.0,,,SCEDC,,A,34,0.12,SCSN
10634133,scedc:10634133,2010-04-24T21:32:36.900000Z,32.279,-115.4165,5.49,2.0,,,SCEDC,,C,23,0.1,SCSN
10634181,scedc:10634181,2010-04-24T22:33:01.140000Z,32.70583333333333,-115.95183333333334,7.98,2.1,,,SCEDC,,A,51,0.16,SCSN
10634221,scedc:10634221,2010-04-24T22:53:12.840000Z,32.352833333333336,-115.32683333333334,9.53,2.9,,,SCEDC,,B,28,0.18,SCSN
10634245,scedc:10634245,2010-04-24T23:11:25.850000Z,32.5895,-115.711,7.73,2.4,,,SCEDC,,A,25,0.08,SCSN
10634341,scedc:10634341,2010-04-25T00:02:23.930000Z,36.094166666666666,-117.85316666666668,0.84,2.2,,,SCEDC,,A,39,0.11,SCSN
10634405,scedc:10634405,2010-04-25T00:31:31.440000Z,32.29816666666667,-115.416,0.31,2.5,,,SCEDC,,B,24,0.15,SCSN
10634533,scedc:10634533,2010-04-25T02:07:56.800000Z,32.3145,-115.36416666666666,9.59,2.0,,,SCEDC,,C,26,0.15,SCSN
10634557,scedc:10634557,2010-04-25T02:33:22.160000Z,32.3545,-115.39933333333332,14.95,3.4,,,SCEDC,,B,30,0.19,SCSN
10634565,scedc:10634565,2010-04-25T02:34:45.200000Z,32.29116666666667,-115.39333333333332,7.26,3.1,,,SCEDC,,C,33,0.17,SCSN
10634693,scedc:10634693,2010-04-25T04:46:04.990000Z,32.61983333333333,-115.78383333333332,6.12,2.4,,,SCEDC,,A,51,0.19,SCSN
10634733,scedc:10634733,2010-04-25T05:27:59.460000Z,32.643166666666666,-115.7305,3.21,2.0,,,SCEDC,,A,39,0.13,SCSN
10634789,scedc:10634789,2010-04-25T05:58:55.250000Z,33.788333333333334,-118.0845,11.55,2.0,,,SCEDC,,A,47,0.26,SCSN
10634869,scedc:10634869,2010-04-25T06:57:17.820000Z,32.26316666666666,-115.34183333333333,11.71,3.3,,,SCEDC,,C,32,0.14,SCSN
10635005,scedc:10635005,2010-04-25T09:12:20.070000Z,32.298,-115.36783333333334,8.65,2.5,,,SCEDC,,B,29,0.15,SCSN
10635029,scedc:10635029,2010-04-25T09:20:42.400000Z,32.6175,-115.78866666666669,4.71,2.0,,,SCEDC,,A,46,0.17,SCSN
10635101,scedc:10635101,2010-04-25T09:50:24.760000Z,32.669333333333334,-115.81683333333334,8.99,2.6,,,SCEDC,,A,54,0.18,SCSN
10635117,scedc:10635117,2010-04-25T09:54:16.810000Z,32.306,-115.32316666666668,12.69,2.2,,,SCEDC,,B,24,0.18,SCSN
10635157,scedc:10635157,2010-04-25T10:36:20.660000Z,32.587833333333336,-115.67783333333334,10.12,2.0,,,SCEDC,,A,31,0.11,SCSN
10635197,scedc:10635197,2010-04-25T10:56:28.900000Z,32.6325,-115.7285,1.96,2.4,,,SCEDC,,A,30,0.15,SCSN
10635229,scedc:10635229,2010-04-25T11:15:49.250000Z,32.709,-116.0275,7.4,2.0,,,SCEDC,,A,45,0.15,SCSN
10635277,scedc:10635277,2010-04-25T11:50:03.060000Z,32.303,-115.32516666666666,13.3,2.2,,,SCEDC,,B,28,0.22,SCSN
10635285,scedc:10635285,2010-04-25T11:58:00.580000Z,32.68566666666667,-115.7915,6.36,2.5,,,SCEDC,,A,42,0.16,SCSN
10635357,scedc:10635357,2010-04-25T12:38:20.910000Z,32.6385,-115.76216666666669,5.26,2.3,,,SCEDC,,A,46,0.14,SCSN
10635381,scedc:10635381,2010-04-25T13:11:03.140000Z,32.23616666666667,-115.3445,13.44,2.0,,,SCEDC,,B,22,0.12,SCSN
10635453,scedc:10635453,2010-04-25T14:06:54.090000Z,32.2355,-115.303,14.89,2.0,,,SCEDC,,C,16,0.2,SCSN
10635461,scedc:10635461,2010-04-25T14:21:36.200000Z,32.225,-115.3195,14.09,2.1,,,SCEDC,,B,25,0.19,SCSN
10635525,scedc:10635525,2010-04-25T14:54:16.790000Z,32.68266666666667,-115.91966666666669,9.85,3.0,,,SCEDC,,A,87,0.21,SCSN
10635573,scedc:10635573,2010-04-25T15:11:42.500000Z,32.96216666666667,-116.274,4.54,2.2,,,SCEDC,,A,85,0.22,SCSN
10635693,scedc:10635693,2010-04-25T16:33:03.390000Z,32.709,-116.02333333333333,8.8,2.0,,,SCEDC,,A,37,0.13,SCSN
10635725,scedc:10635725,2010-04-25T16:58:53.870000Z,32.24816666666667,-115.401,8.94,2.0,,,SCEDC,,C,25,0.17,SCSN
10635733,scedc:10635733,2010-04-25T17:02:24.090000Z,32.57966666666667,-115.69966666666669,9.07,2.4,,,SCEDC,,A,36,0.13,SCSN
10635757,scedc:10635757,2010-04-25T17:39:00.660000Z,32.532,-115.588,2.74,2.3,,,SCEDC,,B,26,0.14,SCSN
10635781,scedc:10635781,2010-04-25T18:04:01.280000Z,32.338,-115.3305,2.99,3.8,,,SCEDC,,B,33,0.19,SCSN
10635797,scedc:10635797,2010-04-25T18:34:21.900000Z,32.236,-115.34333333333332,2.19,2.1,,,SCEDC,,C,18,0.2,SCSN
10635837,scedc:10635837,2010-04-25T18:54:30.410000Z,32.654,-115.70966666666666,9.26,2.1,,,SCEDC,,A,38,0.13,SCSN
10636037,scedc:10636037,2010-04-25T20:58:07.360000Z,32.56966666666667,-115.6905,9.23,2.6,,,SCEDC,,A,50,0.15,SCSN
10636117,scedc:10636117,2010-04-25T21:59:00.180000Z,32.712,-115.86866666666668,3.31,2.2,,,SCEDC,,A,32,0.12,SCSN
10636125,scedc:10636125,2010-04-25T21:59:47.560000Z,32.643166666666666,-115.72516666666668,3.96,2.2,,,SCEDC,,A,29,0.12,SCSN
10636173,scedc:10636173,2010-04-25T22:27:27.460000Z,32.62166666666667,-115.72466666666666,6.5,2.1,,,SCEDC,,A,31,0.12,SCSN
10636405,scedc:10636405,2010-04-26T01:06:17.000000Z,32.265,-115.36216666666668,9.07,2.4,,,SCEDC,,B,32,0.21,SCSN
10636421,scedc:10636421,2010-04-26T01:31:25.010000Z,32.668,-115.77433333333332,9.68,2.0,,,SCEDC,,A,40,0.14,SCSN
10636469,scedc:10636469,2010-04-26T02:21:15.010000Z,32.6765,-115.82416666666668,9.05,2.5,,,SCEDC,,A,62,0.2,SCSN
10636485,scedc:10636485,2010-04-26T02:41:49.160000Z,32.332166666666666,-115.34166666666668,0.31,2.3,,,SCEDC,,A,29,0.14,SCSN
10636501,scedc:10636501,2010-04-26T02:57:00.700000Z,32.6565,-115.77566666666668,8.54,2.0,,,SCEDC,,A,31,0.13,SCSN
10636525,scedc:10636525,2010-04-26T03:10:05.200000Z,32.60316666666667,-115.75266666666668,5.32,2.1,,,SCEDC,,A,39,0.14,SCSN
10636613,scedc:10636613,2010-04-26T04:30:12.200000Z,32.571333333333335,-115.6995,9.15,2.3,,,SCEDC,,A,50,0.15,SCSN
10636661,scedc:10636661,2010-04-26T04:49:33.440000Z,32.27483333333333,-115.31316666666666,9.04,2.0,,,SCEDC,,B,14,0.24,SCSN
10636685,scedc:10636685,2010-04-26T05:08:23.500000Z,32.686166666666665,-115.80583333333334,8.04,2.3,,,SCEDC,,A,43,0.15,SCSN
10636733,scedc:10636733,2010-04-26T05:23:44.110000Z,32.2565,-115.326,9.43,2.2,,,SCEDC,,C,25,0.2,SCSN
10636893,scedc:10636893,2010-04-26T07:54:48.460000Z,32.334,-115.4065,6.95,2.3,,,SCEDC,,B,25,0.17,SCSN
37157411,scedc:37157411,2010-04-26T07:55:26.120000Z,32.285666666666664,-115.28233333333333,12.19,2.1,,,SCEDC,,B,17,0.16,SCSN
10636909,scedc:10636909,2010-04-26T08:04:42.790000Z,34.4025,-119.307,12.88,2.8,,,SCEDC,,A,56,0.45,SCSN
10636973,scedc:10636973,2010-04-26T08:46:01.960000Z,32.67616666666667,-115.8205,8.16,2.3,,,SCEDC,,A,43,0.15,SCSN
10636981,scedc:10636981,2010-04-26T08:48:47.050000Z,32.6565,-115.654,7.92,2.0,,,SCEDC,,A,56,0.15,SCSN
10637005,scedc:10637005,2010-04-26T09:43:25.420000Z,32.37083333333333,-115.52166666666666,9.11,2.1,,,SCEDC,,A,37,0.14,SCSN
10637013,scedc:10637013,2010-04-26T09:46:38.200000Z,32.68566666666667,-115.78883333333332,7.89,2.7,,,SCEDC,,A,61,0.19,SCSN
10637021,scedc:10637021,2010-04-26T09:53:21.210000Z,32.4,-115.4695,7.18,2.1,,,SCEDC,,B,22,0.13,SCSN
10637029,scedc:10637029,2010-04-26T09:53:55.700000Z,32.57083333333333,-115.67866666666669,9.45,2.5,,,SCEDC,,A,30,0.09,SCSN
10637101,scedc:10637101,2010-04-26T11:14:21.450000Z,32.655,-115.7335,9.31,2.0,,,SCEDC,,A,42,0.14,SCSN
10637109,scedc:10637109,2010-04-26T11:18:57.370000Z,32.67433333333334,-115.81133333333334,7.54,2.0,,,SCEDC,,A,41,0.17,SCSN
10637141,scedc:10637141,2010-04-26T11:46:05.720000Z,32.29216666666667,-115.30616666666668,12.83,2.3,,,SCEDC,,B,28,0.16,SCSN
10637165,scedc:10637165,2010-04-26T12:07:54.200000Z,32.40233333333333,-115.51283333333332,13.84,2.5,,,SCEDC,,A,38,0.13,SCSN
10637205,scedc:10637205,2010-04-26T12:47:57.500000Z,32.3425,-115.304,8.07,2.1,,,SCEDC,,B,19,0.18,SCSN
14680332,scedc:14680332,2010-04-26T13:40:12.460000Z,32.263333333333335,-115.33666666666667,14.4,2.1,,,SCEDC,,B,18,0.27,SCSN
14680340,scedc:14680340,2010-04-26T13:55:16.590000Z,34.621833333333335,-116.57766666666669,7.68,2.2,,,SCEDC,,A,46,0.13,SCSN
14680364,scedc:14680364,2010-04-26T14:16:54.600000Z,32.652,-115.73483333333331,3.65,2.2,,,SCEDC,,A,38,0.12,SCSN
14680412,scedc:14680412,2010-04-26T15:04:02.070000Z,32.688,-115.79516666666666,8.97,2.3,,,SCEDC,,A,43,0.18,SCSN
14680428,scedc:14680428,2010-04-26T15:09:05.250000Z,32.540333333333336,-115.67683333333332,4.3,2.5,,,SCEDC,,A,33,0.16,SCSN
14680476,scedc:14680476,2010-04-26T15:43:21.550000Z,32.427,-115.55283333333334,0.02,2.1,,,SCEDC,,A,23,0.1,SCSN
37116476,scedc:37116476,2010-04-26T16:10:52.430000Z,32.452,-115.56116666666668,5.37,2.3,,,SCEDC,,C,21,0.12,SCSN
14680500,scedc:14680500,2010-04-26T16:10:53.490000Z,32.42616666666667,-115.54433333333331,7.64,3.4,,,SCEDC,,A,45,0.18,SCSN
14680580,scedc:14680580,2010-04-26T17:12:22.430000Z,32.642,-115.73933333333332,3.64,2.0,,,SCEDC,,A,31,0.17,SCSN
14680660,scedc:14680660,2010-04-26T18:10:16.150000Z,32.6515,-115.65133333333333,7.84,2.0,,,SCEDC,,A,33,0.12,SCSN
14680788,scedc:14680788,2010-04-26T19:43:48.600000Z,32.451166666666666,-115.56116666666668,9.73,2.7,,,SCEDC,,A,34,0.14,SCSN
14680844,scedc:14680844,2010-04-26T20:23:36.730000Z,32.25833333333333,-115.2855,12.91,2.3,,,SCEDC,,B,18,0.15,SCSN
14680852,scedc:14680852,2010-04-26T20:30:37.160000Z,32.23866666666667,-115.27233333333334,11.06,2.0,,,SCEDC,,B,14,0.06,SCSN
14680868,scedc:14680868,2010-04-26T20:44:40.080000Z,32.266666666666666,-115.4415,4.09,3.0,,,SCEDC,,C,31,0.14,SCSN
14680884,scedc:14680884,2010-04-26T20:47:36.680000Z,32.433166666666665,-115.56316666666666,7.83,2.2,,,SCEDC,,B,25,0.13,SCSN
14680876,scedc:14680876,2010-04-26T20:48:44.540000Z,32.40116666666667,-115.457,9.31,2.2,,,SCEDC,,A,20,0.09,SCSN
14680924,scedc:14680924,2010-04-26T21:04:31.330000Z,32.3035,-115.3875,7.37,2.8,,,SCEDC,,A,31,0.13,SCSN
14680956,scedc:14680956,2010-04-26T21:24:13.140000Z,32.30233333333334,-115.37616666666666,7.71,2.4,,,SCEDC,,B,23,0.14,SCSN
14680972,scedc:14680972,2010-04-26T21:38:58.910000Z,32.2705,-115.34616666666666,8.22,2.3,,,SCEDC,,A,24,0.17,SCSN
14680988,scedc:14680988,2010-04-26T21:54:49.470000Z,32.607,-115.74316666666668,4.51,2.2,,,SCEDC,,A,34,0.11,SCSN
14681004,scedc:14681004,2010-04-26T22:05:16.550000Z,32.22266666666667,-115.2945,14.03,2.3,,,SCEDC,,B,22,0.13,SCSN
14681012,scedc:14681012,2010-04-26T22:14:59.250000Z,32.687333333333335,-115.85166666666667,8.46,2.5,,,SCEDC,,A,44,0.15,SCSN
14681060,scedc:14681060,2010-04-26T23:05:41.120000Z,32.69166666666667,-115.8685,8.0,2.4,,,SCEDC,,A,43,0.17,SCSN
14681076,scedc:14681076,2010-04-26T23:12:45.120000Z,32.5755,-115.661,10.81,2.2,,,SCEDC,,A,32,0.11,SCSN
14681116,scedc:14681116,2010-04-27T00:09:47.420000Z,32.2725,-115.35333333333334,13.47,4.0,,,SCEDC,,B,30,0.17,SCSN
37150451,scedc:37150451,2010-04-27T00:12:58.960000Z,32.271,-115.369,3.2,2.4,,,SCEDC,,B,14,0.1,SCSN
14681124,scedc:14681124,2010-04-27T00:19:01.940000Z,32.274,-115.35366666666668,8.7,3.4,,,SCEDC,,B,27,0.15,SCSN
14681148,scedc:14681148,2010-04-27T00:35:04.270000Z,32.54533333333333,-115.59783333333333,9.24,2.4,,,SCEDC,,A,37,0.18,SCSN
14681164,scedc:14681164,2010-04-27T00:40:57.580000Z,32.644666666666666,-115.718,9.89,2.3,,,SCEDC,,A,34,0.12,SCSN
14681172,scedc:14681172,2010-04-27T00:50:59.970000Z,32.727,-116.01916666666666,7.55,2.0,,,SCEDC,,A,48,0.14,SCSN
14681188,scedc:14681188,2010-04-27T00:54:01.890000Z,32.474,-115.56933333333332,12.65,2.0,,,SCEDC,,B,28,0.16,SCSN
14681204,scedc:14681204,2010-04-27T01:03:52.560000Z,32.227666666666664,-115.34633333333332,8.99,2.1,,,SCEDC,,C,19,0.14,SCSN
14681228,scedc:14681228,2010-04-27T01:39:45.330000Z,32.2365,-115.28,14.25,3.0,,,SCEDC,,B,33,0.15,SCSN
14681276,scedc:14681276,2010-04-27T01:59:38.460000Z,32.723166666666664,-115.85316666666668,3.97,2.6,,,SCEDC,,A,43,0.16,SCSN
14681292,scedc:14681292,2010-04-27T02:03:53.190000Z,32.25233333333333,-115.34883333333332,9.4,2.5,,,SCEDC,,C,21,0.21,SCSN
14681300,scedc:14681300,2010-04-27T02:07:44.520000Z,32.6385,-115.758,5.09,2.1,,,SCEDC,,A,36,0.13,SCSN
14681340,scedc:14681340,2010-04-27T03:02:17.200000Z,32.25116666666667,-115.25083333333332,13.86,2.2,,,SCEDC,,B,20,0.13,SCSN
14681348,scedc:14681348,2010-04-27T03:10:06.890000Z,32.41016666666667,-115.54516666666666,1.36,2.0,,,SCEDC,,B,28,0.14,SCSN
14681364,scedc:14681364,2010-04-27T03:33:56.270000Z,32.2655,-115.34816666666669,9.54,2.7,,,SCEDC,,C,39,0.18,SCSN
14681372,scedc:14681372,2010-04-27T03:37:28.700000Z,32.52183333333333,-115.588,12.12,2.1,,,SCEDC,,A,28,0.17,SCSN
14681412,scedc:14681412,2010-04-27T04:25:56.030000Z,32.2515,-115.30033333333331,15.73,2.2,,,SCEDC,,B,16,0.15,SCSN
14681492,scedc:14681492,2010-04-27T05:15:44.380000Z,32.230333333333334,-115.3595,9.91,2.2,,,SCEDC,,C,6,0.18,SCSN
14681500,scedc:14681500,2010-04-27T05:21:08.160000Z,32.6915,-115.8285,7.81,2.1,,,SCEDC,,A,55,0.15,SCSN
14681516,scedc:14681516,2010-04-27T05:42:32.390000Z,32.658166666666666,-115.8435,5.03,2.1,,,SCEDC,,A,49,0.16,SCSN
14681532,scedc:14681532,2010-04-27T05:45:26.360000Z,32.714333333333336,-115.79116666666668,1.8,2.2,,,SCEDC,,A,37,0.15,SCSN
14681580,scedc:14681580,2010-04-27T06:19:20.700000Z,32.66283333333333,-115.798,7.45,2.3,,,SCEDC,,A,37,0.15,SCSN
14681652,scedc:14681652,2010-04-27T07:07:22.050000Z,32.644,-115.89416666666666,5.76,2.0,,,SCEDC,,A,45,0.14,SCSN
14681676,scedc:14681676,2010-04-27T07:19:47.150000Z,32.264833333333335,-115.42816666666668,9.39,2.0,,,SCEDC,,C,20,0.2,SCSN
14681692,scedc:14681692,2010-04-27T07:24:26.160000Z,32.35433333333334,-115.438,9.39,2.0,,,SCEDC,,C,15,0.15,SCSN
14681756,scedc:14681756,2010-04-27T08:00:08.760000Z,32.7095,-115.84633333333332,6.95,2.0,,,SCEDC,,A,32,0.12,SCSN
14681828,scedc:14681828,2010-04-27T08:57:58.030000Z,32.3005,-115.4005,17.85,2.9,,,SCEDC,,A,33,0.13,SCSN
14681988,scedc:14681988,2010-04-27T10:46:03.120000Z,32.25416666666667,-115.29383333333334,10.91,2.3,,,SCEDC,,B,23,0.15,SCSN
14681996,scedc:14681996,2010-04-27T10:53:08.150000Z,32.69866666666667,-115.89983333333332,9.16,2.0,,,SCEDC,,A,49,0.15,SCSN
35989759,scedc:35989759,2010-04-27T10:57:19.000000Z,32.70433333333333,-115.83816666666668,4.71,3.2,,,SCEDC,,A,24,0.15,SCSN
35997759,scedc:35997759,2010-04-27T10:57:58.360000Z,32.69266666666667,-115.83833333333334,3.24,2.8,,,SCEDC,,A,34,0.18,SCSN
14682028,scedc:14682028,2010-04-27T11:05:44.380000Z,32.685,-115.84366666666666,4.05,2.7,,,SCEDC,,A,47,0.18,SCSN
14682076,scedc:14682076,2010-04-27T11:16:42.600000Z,32.6945,-115.84266666666667,4.4,2.3,,,SCEDC,,A,29,0.11,SCSN
37152235,scedc:37152235,2010-04-27T11:17:11.260000Z,32.6945,-115.84133333333334,2.99,2.2,,,SCEDC,,A,20,0.13,SCSN
14682084,scedc:14682084,2010-04-27T11:19:16.980000Z,32.68383333333333,-115.8475,5.34,2.0,,,SCEDC,,A,25,0.13,SCSN
14682188,scedc:14682188,2010-04-27T11:23:19.430000Z,32.6845,-115.84533333333331,3.13,2.6,,,SCEDC,,A,30,0.15,SCSN
32733759,scedc:32733759,2010-04-27T11:23:22.780000Z,32.69466666666667,-115.835,3.44,3.0,,,SCEDC,,A,12,0.09,SCSN
10147394,scedc:10147394,2010-04-27T11:25:06.500000Z,32.3465,-115.33333333333331,8.44,2.0,,,SCEDC,,B,20,0.11,SCSN
14682284,scedc:14682284,2010-04-27T11:25:09.340000Z,32.327,-115.33333333333331,10.16,3.8,,,SCEDC,,A,28,0.22,SCSN
10147398,scedc:10147398,2010-04-27T11:25:40.350000Z,32.342666666666666,-115.36016666666669,9.42,3.8,,,SCEDC,,C,11,0.1,SCSN
37228413,scedc:37228413,2010-04-27T11:27:23.020000Z,32.713166666666666,-115.8535,4.44,2.0,,,SCEDC,,A,15,0.05,SCSN
37152539,scedc:37152539,2010-04-27T11:35:48.660000Z,32.36383333333333,-115.31616666666666,4.6,2.7,,,SCEDC,,C,12,0.17,SCSN
14682316,scedc:14682316,2010-04-27T11:38:30.240000Z,32.700833333333335,-115.8365,3.15,2.2,,,SCEDC,,A,43,0.13,SCSN
14682500,scedc:14682500,2010-04-27T12:45:14.320000Z,32.69766666666666,-115.83766666666666,4.31,2.0,,,SCEDC,,A,19,0.14,SCSN
14682508,scedc:14682508,2010-04-27T12:48:05.480000Z,32.70183333333333,-115.83666666666667,6.76,2.1,,,SCEDC,,A,36,0.12,SCSN
14682524,scedc:14682524,2010-04-27T12:49:58.630000Z,32.705666666666666,-115.83733333333332,8.75,2.4,,,SCEDC,,A,23,0.1,SCSN
14682532,scedc:14682532,2010-04-27T12:50:18.010000Z,32.695,-115.83266666666668,3.49,2.4,,,SCEDC,,A,46,0.19,SCSN
14682564,scedc:14682564,2010-04-27T13:06:36.870000Z,32.69416666666667,-115.841,7.04,3.1,,,SCEDC,,A,86,0.21,SCSN
14682580,scedc:14682580,2010-04-27T13:14:38.110000Z,32.68416666666667,-115.8535,7.41,2.2,,,SCEDC,,A,25,0.13,SCSN
14682596,scedc:14682596,2010-04-27T13:17:36.050000Z,32.83166666666666,-116.2075,9.53,2.0,,,SCEDC,,A,60,0.23,SCSN
14682604,scedc:14682604,2010-04-27T13:22:18.440000Z,32.6715,-115.8135,11.29,2.2,,,SCEDC,,A,54,0.16,SCSN
14682676,scedc:14682676,2010-04-27T13:29:11.780000Z,32.693666666666665,-115.843,6.34,3.1,,,SCEDC,,A,60,0.19,SCSN
14682692,scedc:14682692,2010-04-27T13:33:04.290000Z,32.673833333333334,-115.91516666666666,4.61,2.7,,,SCEDC,,A,60,0.18,SCSN
14682700,scedc:14682700,2010-04-27T13:34:12.910000Z,32.681333333333335,-115.914,4.36,3.2,,,SCEDC,,A,65,0.16,SCSN
14682716,scedc:14682716,2010-04-27T13:36:43.280000Z,32.696333333333335,-115.84083333333334,7.47,2.9,,,SCEDC,,A,77,0.17,SCSN
14682740,scedc:14682740,2010-04-27T13:41:38.980000Z,32.67916666666667,-115.912,4.06,2.5,,,SCEDC,,A,54,0.15,SCSN
14682796,scedc:14682796,2010-04-27T14:15:00.330000Z,32.2405,-115.3565,9.4,2.2,,,SCEDC,,C,13,0.23,SCSN
14682916,scedc:14682916,2010-04-27T15:50:17.410000Z,32.236666666666665,-115.3055,14.73,2.3,,,SCEDC,,B,24,0.11,SCSN
37154003,scedc:37154003,2010-04-27T15:51:28.620000Z,32.23383333333334,-115.325,11.69,2.2,,,SCEDC,,C,20,0.21,SCSN
14682980,scedc:14682980,2010-04-27T16:10:35.240000Z,32.69866666666667,-115.8395,6.22,2.2,,,SCEDC,,A,35,0.16,SCSN
14682988,scedc:14682988,2010-04-27T16:12:41.770000Z,32.44,-115.49716666666669,9.31,2.1,,,SCEDC,,A,26,0.13,SCSN
14683012,scedc:14683012,2010-04-27T16:30:51.850000Z,32.716166666666666,-115.87883333333332,4.93,2.1,,,SCEDC,,A,45,0.14,SCSN
14683028,scedc:14683028,2010-04-27T16:32:46.650000Z,32.71383333333333,-115.87766666666668,5.13,2.0,,,SCEDC,,A,34,0.15,SCSN
14683052,scedc:14683052,2010-04-27T17:05:47.280000Z,32.67333333333333,-115.91316666666668,4.69,2.2,,,SCEDC,,A,38,0.15,SCSN
14683060,scedc:14683060,2010-04-27T17:10:09.900000Z,32.282333333333334,-115.39016666666669,5.41,2.6,,,SCEDC,,C,20,0.24,SCSN
14683100,scedc:14683100,2010-04-27T17:29:09.210000Z,32.6965,-115.8325,2.99,2.3,,,SCEDC,,A,49,0.15,SCSN
14683124,scedc:14683124,2010-04-27T17:38:24.260000Z,32.2435,-115.279,16.58,2.4,,,SCEDC,,C,28,0.18,SCSN
37154459,scedc:37154459,2010-04-27T17:59:23.080000Z,32.405166666666666,-115.505,13.51,2.1,,,SCEDC,,C,21,0.11,SCSN
14683204,scedc:14683204,2010-04-27T18:12:21.450000Z,32.3355,-115.32883333333334,9.43,2.7,,,SCEDC,,C,25,0.19,SCSN
14683260,scedc:14683260,2010-04-27T18:41:03.790000Z,32.698166666666665,-115.8335,3.96,2.0,,,SCEDC,,A,31,0.11,SCSN
14683268,scedc:14683268,2010-04-27T18:43:01.920000Z,32.6685,-115.792,5.18,3.6,,,SCEDC,,A,51,0.19,SCSN
14683332,scedc:14683332,2010-04-27T19:04:20.320000Z,32.6795,-115.80833333333334,7.29,2.4,,,SCEDC,,A,55,0.17,SCSN
14683348,scedc:14683348,2010-04-27T19:11:11.080000Z,32.701166666666666,-115.84116666666668,9.05,2.4,,,SCEDC,,A,43,0.16,SCSN
14683356,scedc:14683356,2010-04-27T19:12:51.160000Z,32.70633333333333,-115.841,9.15,2.1,,,SCEDC,,A,39,0.15,SCSN
37154923,scedc:37154923,2010-04-27T19:26:13.660000Z,32.2555,-115.29916666666666,12.64,2.1,,,SCEDC,,B,10,0.13,SCSN
14683396,scedc:14683396,2010-04-27T19:39:41.620000Z,32.6845,-115.84166666666668,2.69,2.5,,,SCEDC,,A,38,0.15,SCSN
14683412,scedc:14683412,2010-04-27T19:51:43.250000Z,32.6935,-115.83733333333332,3.15,2.0,,,SCEDC,,A,35,0.16,SCSN
14683436,scedc:14683436,2010-04-27T20:16:45.180000Z,32.694,-115.83516666666668,2.99,2.0,,,SCEDC,,A,22,0.09,SCSN
14683444,scedc:14683444,2010-04-27T20:20:34.120000Z,32.695,-115.7775,8.21,2.3,,,SCEDC,,A,40,0.12,SCSN
37155563,scedc:37155563,2010-04-27T21:07:22.450000Z,32.354,-115.30466666666666,8.45,2.1,,,SCEDC,,B,13,0.19,SCSN
14683540,scedc:14683540,2010-04-27T21:18:12.450000Z,32.69683333333333,-115.84,4.99,2.0,,,SCEDC,,A,32,0.1,SCSN
14683556,scedc:14683556,2010-04-27T21:29:35.520000Z,32.68333333333333,-115.84366666666666,4.55,2.9,,,SCEDC,,A,50,0.16,SCSN
14683588,scedc:14683588,2010-04-27T21:54:04.680000Z,32.40233333333333,-115.55783333333332,9.96,2.1,,,SCEDC,,C,28,0.19,SCSN
32813759,scedc:32813759,2010-04-27T22:53:18.330000Z,32.32866666666666,-115.36933333333332,3.99,2.1,,,SCEDC,,C,16,0.19,SCSN
14683644,scedc:14683644,2010-04-27T22:59:55.150000Z,32.529666666666664,-115.6665,7.95,2.2,,,SCEDC,,A,29,0.2,SCSN
37155915,scedc:37155915,2010-04-27T23:00:29.930000Z,32.37866666666667,-115.47566666666668,8.36,2.2,,,SCEDC,,B,17,0.1,SCSN
14683652,scedc:14683652,2010-04-27T23:01:11.610000Z,32.3125,-115.323,2.36,2.5,,,SCEDC,,A,24,0.15,SCSN
14683756,scedc:14683756,2010-04-28T00:11:14.580000Z,32.678,-115.84883333333332,7.55,2.3,,,SCEDC,,A,35,0.12,SCSN
14683764,scedc:14683764,2010-04-28T00:11:49.590000Z,32.684,-115.84266666666667,3.93,2.3,,,SCEDC,,A,44,0.15,SCSN
14683772,scedc:14683772,2010-04-28T00:15:05.160000Z,32.29816666666667,-115.31366666666666,9.42,2.3,,,SCEDC,,B,16,0.17,SCSN
14683788,scedc:14683788,2010-04-28T00:34:05.070000Z,32.675666666666665,-115.83783333333334,5.22,2.2,,,SCEDC,,A,36,0.18,SCSN
14683836,scedc:14683836,2010-04-28T01:01:16.490000Z,32.6845,-115.84083333333334,2.96,3.4,,,SCEDC,,A,76,0.18,SCSN
32781759,scedc:32781759,2010-04-28T01:02:11.800000Z,32.69166666666667,-115.83783333333334,3.23,2.2,,,SCEDC,,A,23,0.13,SCSN
37148235,scedc:37148235,2010-04-28T01:10:32.580000Z,32.611666666666665,-115.73483333333331,9.21,2.5,,,SCEDC,,A,20,0.07,SCSN
14683860,scedc:14683860,2010-04-28T01:25:21.680000Z,32.69583333333333,-115.83616666666668,3.41,2.0,,,SCEDC,,A,32,0.12,SCSN
14683868,scedc:14683868,2010-04-28T01:36:37.530000Z,32.67816666666667,-115.91183333333332,4.1,2.1,,,SCEDC,,A,45,0.14,SCSN
14683916,scedc:14683916,2010-04-28T02:27:23.920000Z,32.245333333333335,-115.27616666666668,17.12,3.0,,,SCEDC,,A,38,0.13,SCSN
14683948,scedc:14683948,2010-04-28T02:40:49.080000Z,32.322833333333335,-115.33066666666669,1.96,2.2,,,SCEDC,,A,18,0.11,SCSN
14683964,scedc:14683964,2010-04-28T02:45:40.010000Z,32.653,-115.89983333333332,5.08,2.0,,,SCEDC,,A,45,0.16,SCSN
14683996,scedc:14683996,2010-04-28T02:56:57.420000Z,32.699333333333335,-115.83666666666667,3.9,3.1,,,SCEDC,,A,66,0.18,SCSN
14684020,scedc:14684020,2010-04-28T03:05:27.040000Z,32.473166666666664,-115.58466666666666,9.42,2.2,,,SCEDC,,A,30,0.1,SCSN
14684036,scedc:14684036,2010-04-28T03:20:00.090000Z,32.3215,-115.27566666666668,12.28,2.0,,,SCEDC,,B,19,0.22,SCSN
14684060,scedc:14684060,2010-04-28T04:04:27.230000Z,32.224666666666664,-115.30166666666666,9.39,2.8,,,SCEDC,,C,23,0.16,SCSN
14684068,scedc:14684068,2010-04-28T04:09:16.100000Z,32.3965,-115.5465,4.58,2.1,,,SCEDC,,C,24,0.23,SCSN
14684076,scedc:14684076,2010-04-28T04:13:44.400000Z,32.44683333333333,-115.54583333333332,9.69,2.1,,,SCEDC,,A,29,0.12,SCSN
14684092,scedc:14684092,2010-04-28T04:32:31.070000Z,32.560833333333335,-115.67516666666668,10.72,2.0,,,SCEDC,,A,26,0.15,SCSN
14684116,scedc:14684116,2010-04-28T04:39:21.960000Z,32.443,-115.55883333333334,9.85,2.1,,,SCEDC,,A,25,0.16,SCSN
14684132,scedc:14684132,2010-04-28T04:59:14.600000Z,32.338,-115.35016666666668,14.16,2.3,,,SCEDC,,B,21,0.1,SCSN
14684140,scedc:14684140,2010-04-28T05:03:38.220000Z,32.62166666666667,-115.75,9.04,2.1,,,SCEDC,,A,40,0.17,SCSN
14684148,scedc:14684148,2010-04-28T05:05:29.690000Z,32.6515,-115.78083333333332,8.35,2.2,,,SCEDC,,A,40,0.13,SCSN
14684164,scedc:14684164,2010-04-28T05:16:08.300000Z,32.7,-115.90066666666668,5.52,2.2,,,SCEDC,,A,35,0.18,SCSN
14684324,scedc:14684324,2010-04-28T08:27:31.890000Z,32.26866666666667,-115.33766666666666,9.44,2.0,,,SCEDC,,C,16,0.15,SCSN
37148843,scedc:37148843,2010-04-28T10:30:21.900000Z,32.421,-115.56266666666669,12.35,2.1,,,SCEDC,,C,19,0.13,SCSN
14684524,scedc:14684524,2010-04-28T11:10:59.320000Z,32.7065,-115.874,8.84,2.3,,,SCEDC,,A,50,0.14,SCSN
14684532,scedc:14684532,2010-04-28T11:16:17.830000Z,32.6725,-115.813,7.68,2.2,,,SCEDC,,A,48,0.16,SCSN
14684548,scedc:14684548,2010-04-28T11:36:07.490000Z,32.716166666666666,-115.87866666666666,4.75,2.0,,,SCEDC,,A,34,0.13,SCSN
14684556,scedc:14684556,2010-04-28T11:36:42.350000Z,32.714333333333336,-115.8775,4.58,2.1,,,SCEDC,,A,30,0.13,SCSN
14684572,scedc:14684572,2010-04-28T11:49:22.740000Z,32.74166666666667,-115.837,7.37,2.3,,,SCEDC,,A,47,0.17,SCSN
14684732,scedc:14684732,2010-04-28T14:25:46.680000Z,32.68866666666667,-115.851,9.08,2.1,,,SCEDC,,A,38,0.15,SCSN
14684788,scedc:14684788,2010-04-28T15:40:41.480000Z,32.31666666666667,-115.36933333333332,15.27,3.6,,,SCEDC,,B,26,0.17,SCSN
37149979,scedc:37149979,2010-04-28T15:42:03.800000Z,32.330666666666666,-115.38333333333334,13.17,2.0,,,SCEDC,,B,11,0.27,SCSN
14684844,scedc:14684844,2010-04-28T16:57:01.430000Z,32.596666666666664,-115.73333333333332,6.39,2.0,,,SCEDC,,A,31,0.17,SCSN
14684852,scedc:14684852,2010-04-28T17:00:15.160000Z,32.62116666666667,-115.7385,3.82,2.8,,,SCEDC,,A,39,0.15,SCSN
14684900,scedc:14684900,2010-04-28T17:20:26.690000Z,32.342666666666666,-115.4145,6.47,2.5,,,SCEDC,,C,19,0.18,SCSN
14684916,scedc:14684916,2010-04-28T17:26:19.390000Z,32.692,-115.83766666666666,3.4,2.0,,,SCEDC,,A,26,0.12,SCSN
14684940,scedc:14684940,2010-04-28T17:28:56.580000Z,32.409,-115.54783333333332,5.6,2.3,,,SCEDC,,C,26,0.14,SCSN
14685028,scedc:14685028,2010-04-28T19:24:59.040000Z,32.692166666666665,-115.83666666666667,3.63,2.2,,,SCEDC,,A,36,0.15,SCSN
14685036,scedc:14685036,2010-04-28T19:36:53.980000Z,32.698166666666665,-115.77683333333331,8.15,2.0,,,SCEDC,,A,42,0.11,SCSN
14685044,scedc:14685044,2010-04-28T19:52:47.560000Z,32.73233333333334,-116.01516666666669,7.36,2.2,,,SCEDC,,A,56,0.17,SCSN
14685052,scedc:14685052,2010-04-28T19:59:54.730000Z,32.7055,-116.029,8.5,2.4,,,SCEDC,,A,53,0.21,SCSN
14685068,scedc:14685068,2010-04-28T20:17:36.800000Z,36.16983333333334,-118.0825,0.92,2.2,,,SCEDC,,A,38,0.19,SCSN
14685092,scedc:14685092,2010-04-28T20:29:38.060000Z,32.29983333333333,-115.38716666666669,8.39,3.0,,,SCEDC,,B,17,0.17,SCSN
14685124,scedc:14685124,2010-04-28T21:29:06.570000Z,32.707166666666666,-115.94733333333332,9.21,2.7,,,SCEDC,,A,51,0.16,SCSN
14685140,scedc:14685140,2010-04-28T21:43:09.720000Z,36.17666666666667,-118.08066666666669,1.0,2.2,,,SCEDC,,A,36,0.14,SCSN
14685164,scedc:14685164,2010-04-28T22:09:29.140000Z,32.68933333333333,-115.84366666666666,4.65,2.2,,,SCEDC,,A,38,0.15,SCSN
14685188,scedc:14685188,2010-04-28T22:41:08.660000Z,32.319833333333335,-115.33016666666668,9.39,2.6,,,SCEDC,,C,17,0.18,SCSN
37150283,scedc:37150283,2010-04-28T22:46:33.100000Z,32.44766666666666,-115.53183333333334,4.97,2.1,,,SCEDC,,C,12,0.15,SCSN
14685204,scedc:14685204,2010-04-28T23:04:22.730000Z,32.618,-115.73466666666668,10.04,2.3,,,SCEDC,,A,36,0.11,SCSN
14685212,scedc:14685212,2010-04-28T23:06:05.050000Z,32.6185,-115.7365,10.27,2.7,,,SCEDC,,A,38,0.13,SCSN
14685220,scedc:14685220,2010-04-28T23:36:42.480000Z,32.7085,-115.95016666666666,8.96,2.8,,,SCEDC,,A,49,0.16,SCSN
14685236,scedc:14685236,2010-04-29T00:01:31.530000Z,32.690333333333335,-115.83,7.56,2.1,,,SCEDC,,A,37,0.12,SCSN
14685268,scedc:14685268,2010-04-29T00:59:49.950000Z,32.647666666666666,-115.73783333333331,4.22,2.7,,,SCEDC,,A,45,0.15,SCSN
14685308,scedc:14685308,2010-04-29T01:17:46.040000Z,32.412,-115.58133333333332,9.96,2.5,,,SCEDC,,C,23,0.19,SCSN
14685332,scedc:14685332,2010-04-29T01:38:33.230000Z,32.3215,-115.383,12.52,2.6,,,SCEDC,,B,25,0.22,SCSN
14685396,scedc:14685396,2010-04-29T02:51:25.270000Z,32.30983333333333,-115.3205,12.16,2.9,,,SCEDC,,B,31,0.21,SCSN
14685444,scedc:14685444,2010-04-29T04:09:14.570000Z,32.26983333333333,-115.35816666666666,2.99,2.4,,,SCEDC,,C,17,0.15,SCSN
14685460,scedc:14685460,2010-04-29T04:58:58.800000Z,32.41716666666667,-115.54366666666668,9.95,2.1,,,SCEDC,,C,20,0.16,SCSN
14685468,scedc:14685468,2010-04-29T05:21:09.070000Z,32.69266666666667,-115.80916666666668,7.83,2.0,,,SCEDC,,A,33,0.12,SCSN
14685484,scedc:14685484,2010-04-29T05:38:04.270000Z,32.68566666666667,-115.81633333333332,7.71,2.8,,,SCEDC,,A,58,0.17,SCSN
14685516,scedc:14685516,2010-04-29T05:53:48.890000Z,32.276,-115.3095,13.84,3.6,,,SCEDC,,B,22,0.16,SCSN
14685524,scedc:14685524,2010-04-29T06:09:10.990000Z,32.27016666666667,-115.347,13.47,2.3,,,SCEDC,,B,14,0.16,SCSN
14685548,scedc:14685548,2010-04-29T06:28:51.430000Z,32.275,-115.35733333333332,2.58,2.5,,,SCEDC,,A,23,0.12,SCSN
14685588,scedc:14685588,2010-04-29T07:00:17.660000Z,32.245333333333335,-115.33833333333334,13.79,2.3,,,SCEDC,,B,20,0.21,SCSN
14685596,scedc:14685596,2010-04-29T07:08:02.480000Z,32.36716666666667,-115.47716666666666,1.35,2.3,,,SCEDC,,C,17,0.1,SCSN
14685612,scedc:14685612,2010-04-29T07:37:57.440000Z,32.712,-115.94933333333331,7.6,2.4,,,SCEDC,,A,52,0.12,SCSN
14685628,scedc:14685628,2010-04-29T07:48:46.070000Z,32.35583333333334,-115.49116666666669,8.21,2.7,,,SCEDC,,A,34,0.22,SCSN
14685636,scedc:14685636,2010-04-29T08:40:16.140000Z,32.66416666666667,-115.66416666666667,10.01,2.3,,,SCEDC,,A,33,0.12,SCSN
14685644,scedc:14685644,2010-04-29T09:00:44.480000Z,32.50783333333333,-115.64083333333332,0.07,2.0,,,SCEDC,,A,20,0.12,SCSN
37146771,scedc:37146771,2010-04-29T09:01:36.260000Z,32.259166666666665,-115.333,9.95,2.0,,,SCEDC,,C,8,0.11,SCSN
14685652,scedc:14685652,2010-04-29T09:01:38.230000Z,32.305,-115.25983333333332,10.98,2.3,,,SCEDC,,C,14,0.24,SCSN
14685708,scedc:14685708,2010-04-29T09:47:22.640000Z,32.63433333333333,-115.72183333333334,9.21,2.1,,,SCEDC,,A,36,0.17,SCSN
14685724,scedc:14685724,2010-04-29T09:56:08.300000Z,32.7085,-115.78066666666666,8.03,2.5,,,SCEDC,,A,39,0.14,SCSN
14685740,scedc:14685740,2010-04-29T10:18:21.570000Z,32.684333333333335,-115.8455,7.57,2.1,,,SCEDC,,A,37,0.11,SCSN
14685756,scedc:14685756,2010-04-29T10:26:33.160000Z,32.632333333333335,-115.741,2.9,2.4,,,SCEDC,,A,38,0.16,SCSN
14685788,scedc:14685788,2010-04-29T12:54:25.450000Z,32.68716666666667,-115.8105,8.06,2.0,,,SCEDC,,A,46,0.17,SCSN
14685804,scedc:14685804,2010-04-29T13:09:02.000000Z,32.273666666666664,-115.31833333333331,14.93,2.5,,,SCEDC,,B,25,0.19,SCSN
14685812,scedc:14685812,2010-04-29T13:13:05.260000Z,32.71216666666667,-115.99933333333334,7.41,2.3,,,SCEDC,,A,27,0.1,SCSN
14685820,scedc:14685820,2010-04-29T13:21:57.780000Z,32.712,-115.9505,8.68,2.1,,,SCEDC,,A,38,0.13,SCSN
14685844,scedc:14685844,2010-04-29T14:22:40.210000Z,32.29966666666667,-115.405,9.59,2.4,,,SCEDC,,C,10,0.19,SCSN
14685884,scedc:14685884,2010-04-29T15:02:37.670000Z,32.32666666666667,-115.3075,10.86,2.8,,,SCEDC,,B,36,0.2,SCSN
14685908,scedc:14685908,2010-04-29T15:28:48.160000Z,32.611,-115.72533333333334,3.42,2.8,,,SCEDC,,A,40,0.2,SCSN
14685916,scedc:14685916,2010-04-29T15:32:20.100000Z,32.60466666666667,-115.7635,6.26,3.0,,,SCEDC,,A,54,0.2,SCSN
14685948,scedc:14685948,2010-04-29T16:09:31.150000Z,32.38966666666666,-115.58083333333332,9.99,2.1,,,SCEDC,,C,20,0.17,SCSN
14685980,scedc:14685980,2010-04-29T16:28:59.750000Z,32.724,-116.024,3.71,2.0,,,SCEDC,,A,42,0.17,SCSN
14686028,scedc:14686028,2010-04-29T17:51:15.810000Z,32.6125,-115.76733333333334,6.08,4.0,,,SCEDC,,A,74,0.17,SCSN
32829759,scedc:32829759,2010-04-29T17:51:50.430000Z,32.58166666666666,-115.75,6.88,3.4,,,SCEDC,,B,16,0.15,SCSN
37147419,scedc:37147419,2010-04-29T17:53:38.530000Z,32.61416666666667,-115.75383333333332,6.25,2.0,,,SCEDC,,B,14,0.1,SCSN
37147411,scedc:37147411,2010-04-29T17:54:59.250000Z,32.612833333333334,-115.75433333333334,8.01,2.0,,,SCEDC,,B,13,0.09,SCSN
14686036,scedc:14686036,2010-04-29T18:04:34.680000Z,32.24466666666667,-115.336,13.63,2.4,,,SCEDC,,B,18,0.12,SCSN
14686044,scedc:14686044,2010-04-29T18:36:17.070000Z,32.620333333333335,-115.76216666666669,8.39,2.2,,,SCEDC,,A,38,0.15,SCSN
14686060,scedc:14686060,2010-04-29T18:47:20.020000Z,32.63466666666667,-115.77866666666668,5.37,2.4,,,SCEDC,,A,35,0.14,SCSN
14686084,scedc:14686084,2010-04-29T18:55:42.880000Z,32.60016666666667,-115.7605,7.36,2.2,,,SCEDC,,A,35,0.19,SCSN
14686124,scedc:14686124,2010-04-29T19:37:00.150000Z,32.61,-115.76483333333331,7.68,3.2,,,SCEDC,,A,57,0.18,SCSN
14686156,scedc:14686156,2010-04-29T20:16:01.560000Z,32.268166666666666,-115.3245,9.99,2.4,,,SCEDC,,C,22,0.14,SCSN
14686164,scedc:14686164,2010-04-29T20:23:18.050000Z,32.712,-115.86116666666666,3.37,2.1,,,SCEDC,,A,31,0.12,SCSN
14686172,scedc:14686172,2010-04-29T20:25:17.420000Z,32.638333333333335,-115.72366666666667,9.24,3.5,,,SCEDC,,A,45,0.14,SCSN
37147723,scedc:37147723,2010-04-29T20:26:45.730000Z,32.64366666666667,-115.71483333333332,9.77,2.1,,,SCEDC,,A,16,0.07,SCSN
14686188,scedc:14686188,2010-04-29T20:35:51.680000Z,32.597,-115.71366666666668,5.93,2.3,,,SCEDC,,A,37,0.13,SCSN
14686196,scedc:14686196,2010-04-29T20:40:20.600000Z,32.61516666666667,-115.76966666666668,6.21,2.4,,,SCEDC,,A,55,0.15,SCSN
14686212,scedc:14686212,2010-04-29T20:42:05.940000Z,32.61966666666667,-115.77116666666667,5.28,2.0,,,SCEDC,,A,26,0.14,SCSN
14686220,scedc:14686220,2010-04-29T20:49:34.800000Z,32.681666666666665,-115.85666666666668,7.04,2.1,,,SCEDC,,A,37,0.15,SCSN
14686244,scedc:14686244,2010-04-29T20:59:36.150000Z,32.29783333333334,-115.38283333333334,9.99,2.3,,,SCEDC,,C,15,0.16,SCSN
37148051,scedc:37148051,2010-04-29T21:03:30.610000Z,32.69233333333333,-115.84166666666668,4.39,2.1,,,SCEDC,,A,26,0.11,SCSN
37148059,scedc:37148059,2010-04-29T21:03:34.910000Z,32.6985,-115.83566666666668,3.81,2.1,,,SCEDC,,A,13,0.1,SCSN
14686260,scedc:14686260,2010-04-29T21:17:36.560000Z,32.56433333333333,-115.65316666666666,10.51,2.0,,,SCEDC,,A,21,0.09,SCSN
14686292,scedc:14686292,2010-04-29T21:35:06.920000Z,32.61533333333333,-115.757,7.86,2.3,,,SCEDC,,A,35,0.12,SCSN
14686316,scedc:14686316,2010-04-29T21:43:19.260000Z,32.563833333333335,-115.70016666666666,6.68,2.1,,,SCEDC,,A,25,0.11,SCSN
14686324,scedc:14686324,2010-04-29T21:44:52.680000Z,32.696,-115.95416666666668,10.92,2.1,,,SCEDC,,A,42,0.15,SCSN
14686340,scedc:14686340,2010-04-29T21:53:52.900000Z,32.6315,-115.73433333333334,3.36,3.2,,,SCEDC,,A,64,0.22,SCSN
14686364,scedc:14686364,2010-04-29T22:18:49.380000Z,32.609,-115.75016666666669,7.24,2.0,,,SCEDC,,A,29,0.14,SCSN
14686380,scedc:14686380,2010-04-29T22:27:40.740000Z,32.608333333333334,-115.7595,6.64,2.0,,,SCEDC,,A,25,0.13,SCSN
14686396,scedc:14686396,2010-04-29T22:54:59.500000Z,32.277,-115.38216666666666,10.0,2.1,,,SCEDC,,C,15,0.11,SCSN
14686452,scedc:14686452,2010-04-30T00:03:20.660000Z,32.616,-115.77083333333331,6.08,2.6,,,SCEDC,,A,42,0.16,SCSN
14686492,scedc:14686492,2010-04-30T00:29:52.250000Z,32.2485,-115.32283333333334,16.9,2.4,,,SCEDC,,B,23,0.18,SCSN
14686508,scedc:14686508,2010-04-30T00:54:21.510000Z,32.663333333333334,-115.67433333333334,9.31,2.9,,,SCEDC,,A,33,0.11,SCSN
14686516,scedc:14686516,2010-04-30T00:55:14.560000Z,32.609,-115.76883333333332,6.34,2.6,,,SCEDC,,A,36,0.14,SCSN
14686572,scedc:14686572,2010-04-30T02:24:23.800000Z,32.64266666666666,-115.7365,3.88,2.1,,,SCEDC,,A,31,0.13,SCSN
14686676,scedc:14686676,2010-04-30T04:24:02.820000Z,32.312666666666665,-115.352,17.8,2.3,,,SCEDC,,A,17,0.13,SCSN
14686700,scedc:14686700,2010-04-30T05:12:20.670000Z,32.39266666666666,-115.45383333333334,4.74,2.3,,,SCEDC,,C,25,0.08,SCSN
14686724,scedc:14686724,2010-04-30T05:33:52.660000Z,32.69583333333333,-115.80433333333332,9.96,2.1,,,SCEDC,,A,39,0.13,SCSN
14686740,scedc:14686740,2010-04-30T05:43:12.560000Z,32.235,-115.39616666666667,9.44,2.1,,,SCEDC,,C,16,0.09,SCSN
14686836,scedc:14686836,2010-04-30T07:15:41.900000Z,32.56033333333333,-115.688,8.0,2.0,,,SCEDC,,A,42,0.1,SCSN
14686860,scedc:14686860,2010-04-30T07:30:33.800000Z,32.671,-115.82883333333334,8.41,3.0,,,SCEDC,,A,91,0.16,SCSN
14686876,scedc:14686876,2010-04-30T08:28:04.530000Z,32.3065,-115.34616666666666,15.18,2.4,,,SCEDC,,B,28,0.22,SCSN
14686884,scedc:14686884,2010-04-30T08:35:11.060000Z,32.321666666666665,-115.36466666666666,10.13,2.3,,,SCEDC,,A,21,0.12,SCSN
14686900,scedc:14686900,2010-04-30T08:43:05.300000Z,32.723166666666664,-115.94183333333334,3.77,2.0,,,SCEDC,,A,58,0.14,SCSN
14686908,scedc:14686908,2010-04-30T08:47:41.560000Z,32.7005,-115.83783333333334,5.71,2.0,,,SCEDC,,A,39,0.13,SCSN
14686932,scedc:14686932,2010-04-30T09:07:51.180000Z,32.410333333333334,-115.5265,7.82,2.2,,,SCEDC,,C,29,0.18,SCSN
14686980,scedc:14686980,2010-04-30T09:53:00.400000Z,32.312,-115.36533333333334,8.59,2.5,,,SCEDC,,B,21,0.15,SCSN
14686988,scedc:14686988,2010-04-30T10:00:17.340000Z,32.38066666666667,-115.45483333333334,12.92,2.2,,,SCEDC,,A,25,0.15,SCSN
14686996,scedc:14686996,2010-04-30T10:02:14.330000Z,32.2625,-115.33383333333332,11.56,2.2,,,SCEDC,,A,18,0.14,SCSN
14687004,scedc:14687004,2010-04-30T10:05:11.990000Z,32.32716666666666,-115.36716666666666,15.72,2.4,,,SCEDC,,B,24,0.13,SCSN
14687012,scedc:14687012,2010-04-30T10:06:26.070000Z,32.38033333333333,-115.44116666666666,4.46,2.2,,,SCEDC,,C,11,0.14,SCSN
14687036,scedc:14687036,2010-04-30T10:39:23.880000Z,32.438833333333335,-115.5215,14.61,2.0,,,SCEDC,,B,18,0.18,SCSN
14687044,scedc:14687044,2010-04-30T10:53:45.380000Z,32.363,-115.31283333333332,6.85,2.0,,,SCEDC,,A,22,0.16,SCSN
14687052,scedc:14687052,2010-04-30T11:08:14.710000Z,32.61216666666667,-115.7595,5.53,2.0,,,SCEDC,,A,41,0.15,SCSN
14687084,scedc:14687084,2010-04-30T11:28:59.860000Z,32.650666666666666,-115.72733333333332,8.87,2.3,,,SCEDC,,A,32,0.13,SCSN
14687204,scedc:14687204,2010-04-30T14:10:40.990000Z,32.30766666666667,-115.34966666666666,6.39,2.4,,,SCEDC,,B,21,0.14,SCSN
14687212,scedc:14687212,2010-04-30T14:49:19.820000Z,32.28783333333333,-115.39116666666666,8.43,2.1,,,SCEDC,,A,19,0.12,SCSN
14687236,scedc:14687236,2010-04-30T15:12:15.130000Z,33.998333333333335,-116.32866666666666,8.57,2.0,,,SCEDC,,A,66,0.15,SCSN
14687260,scedc:14687260,2010-04-30T15:15:37.680000Z,32.5815,-115.654,12.29,3.2,,,SCEDC,,A,65,0.17,SCSN
14687404,scedc:14687404,2010-04-30T16:47:34.190000Z,32.646,-115.71316666666668,8.66,2.5,,,SCEDC,,A,40,0.14,SCSN
14687420,scedc:14687420,2010-04-30T17:18:00.200000Z,32.494,-115.563,13.73,3.0,,,SCEDC,,A,46,0.16,SCSN
14687468,scedc:14687468,2010-04-30T18:25:54.650000Z,32.673833333333334,-115.76983333333334,2.28,2.7,,,SCEDC,,A,49,0.18,SCSN
14687500,scedc:14687500,2010-04-30T19:10:35.540000Z,32.67633333333333,-115.79483333333332,8.6,2.5,,,SCEDC,,A,57,0.16,SCSN
10148802,scedc:10148802,2010-04-30T20:27:37.350000Z,32.51233333333333,-115.64233333333334,5.87,2.0,,,SCEDC,,C,28,0.1,SCSN
14687676,scedc:14687676,2010-04-30T22:49:54.670000Z,32.370333333333335,-115.3725,13.81,2.2,,,SCEDC,,B,27,0.15,SCSN
14687724,scedc:14687724,2010-05-01T00:19:23.260000Z,32.68566666666667,-115.86916666666669,6.76,2.0,,,SCEDC,,A,37,0.19,SCSN
14687732,scedc:14687732,2010-05-01T00:26:57.940000Z,32.25383333333333,-115.39283333333331,5.59,2.2,,,SCEDC,,C,19,0.27,SCSN
14687740,scedc:14687740,2010-05-01T00:35:27.630000Z,32.257666666666665,-115.3225,2.88,3.6,,,SCEDC,,A,51,0.21,SCSN
14687748,scedc:14687748,2010-05-01T00:46:07.160000Z,32.2375,-115.33233333333334,3.12,2.3,,,SCEDC,,A,28,0.19,SCSN
14687804,scedc:14687804,2010-05-01T01:45:52.090000Z,32.30416666666667,-115.46333333333334,4.91,3.8,,,SCEDC,,C,79,0.22,SCSN
14687836,scedc:14687836,2010-05-01T02:01:12.620000Z,32.638666666666666,-115.7685,9.28,2.1,,,SCEDC,,A,40,0.21,SCSN
14687892,scedc:14687892,2010-05-01T03:04:22.200000Z,32.3055,-115.3085,14.27,2.4,,,SCEDC,,B,21,0.13,SCSN
14687924,scedc:14687924,2010-05-01T03:48:28.820000Z,32.244166666666665,-115.33033333333331,5.64,2.0,,,SCEDC,,C,12,0.29,SCSN
14687980,scedc:14687980,2010-05-01T05:04:52.020000Z,32.498666666666665,-115.63883333333334,3.2,2.4,,,SCEDC,,A,56,0.18,SCSN
14687996,scedc:14687996,2010-05-01T05:06:15.460000Z,32.684,-115.85183333333332,4.1,2.3,,,SCEDC,,A,62,0.22,SCSN
14688028,scedc:14688028,2010-05-01T05:29:51.540000Z,32.639833333333335,-115.74016666666668,9.19,2.2,,,SCEDC,,A,40,0.18,SCSN
14688052,scedc:14688052,2010-05-01T05:49:27.180000Z,32.669333333333334,-115.82633333333334,7.16,2.3,,,SCEDC,,A,66,0.19,SCSN
14688060,scedc:14688060,2010-05-01T05:52:35.060000Z,34.278,-117.49433333333332,9.11,2.2,,,SCEDC,,A,79,0.21,SCSN
14688084,scedc:14688084,2010-05-01T06:01:22.560000Z,32.708333333333336,-115.868,4.03,2.2,,,SCEDC,,A,57,0.21,SCSN
14688132,scedc:14688132,2010-05-01T06:58:03.730000Z,32.70433333333333,-115.91583333333334,7.53,2.1,,,SCEDC,,A,48,0.2,SCSN
14688180,scedc:14688180,2010-05-01T07:18:09.430000Z,32.673,-115.829,5.68,2.9,,,SCEDC,,A,76,0.23,SCSN
14688220,scedc:14688220,2010-05-01T07:46:42.450000Z,32.364,-115.57716666666668,5.55,2.2,,,SCEDC,,C,24,0.23,SCSN
14688228,scedc:14688228,2010-05-01T07:49:02.260000Z,32.251,-115.45333333333332,14.44,2.2,,,SCEDC,,C,20,0.21,SCSN
14688236,scedc:14688236,2010-05-01T08:04:11.700000Z,32.69316666666667,-115.7895,8.26,2.1,,,SCEDC,,A,41,0.16,SCSN
14688244,scedc:14688244,2010-05-01T08:12:02.870000Z,32.339666666666666,-115.56883333333332,5.55,2.0,,,SCEDC,,C,32,0.21,SCSN
14688260,scedc:14688260,2010-05-01T08:43:06.760000Z,32.7165,-115.8905,3.95,3.5,,,SCEDC,,A,93,0.22,SCSN
14688300,scedc:14688300,2010-05-01T09:29:25.460000Z,32.64116666666666,-115.72383333333332,9.45,2.0,,,SCEDC,,A,33,0.17,SCSN
14688372,scedc:14688372,2010-05-01T10:16:56.540000Z,32.6895,-115.86716666666666,8.23,2.1,,,SCEDC,,A,48,0.2,SCSN
14688404,scedc:14688404,2010-05-01T11:15:20.020000Z,32.261833333333335,-115.29683333333334,13.95,2.3,,,SCEDC,,B,29,0.27,SCSN
14688420,scedc:14688420,2010-05-01T11:28:41.280000Z,32.60916666666667,-115.71016666666668,5.24,2.1,,,SCEDC,,B,22,0.19,SCSN
14688444,scedc:14688444,2010-05-01T12:53:38.120000Z,32.39333333333333,-115.587,0.98,2.0,,,SCEDC,,B,29,0.17,SCSN
14688476,scedc:14688476,2010-05-01T13:24:30.780000Z,35.50633333333333,-118.2825,4.45,3.0,,,SCEDC,,C,71,0.23,SCSN
14688500,scedc:14688500,2010-05-01T13:49:36.730000Z,32.416,-115.58816666666668,1.58,2.4,,,SCEDC,,B,40,0.16,SCSN
14688532,scedc:14688532,2010-05-01T14:37:24.810000Z,32.677,-115.81133333333334,8.38,2.3,,,SCEDC,,A,45,0.24,SCSN
14688548,scedc:14688548,2010-05-01T15:00:15.960000Z,32.6375,-115.72916666666669,9.74,2.3,,,SCEDC,,A,51,0.17,SCSN
10169402,scedc:10169402,2010-05-01T15:00:34.300000Z,32.41716666666667,-115.57,5.76,2.4,,,SCEDC,,C,30,0.18,SCSN
14688644,scedc:14688644,2010-05-01T16:44:21.500000Z,32.4755,-115.64033333333332,3.16,2.6,,,SCEDC,,A,56,0.15,SCSN
14688684,scedc:14688684,2010-05-01T17:57:43.680000Z,32.82816666666667,-115.9535,7.82,2.3,,,SCEDC,,A,87,0.21,SCSN
14688692,scedc:14688692,2010-05-01T18:01:41.590000Z,32.2565,-115.39516666666668,5.55,2.3,,,SCEDC,,C,22,0.26,SCSN
14688708,scedc:14688708,2010-05-01T18:03:35.780000Z,32.226,-115.34483333333333,5.47,2.6,,,SCEDC,,C,28,0.18,SCSN
14688732,scedc:14688732,2010-05-01T18:32:12.200000Z,32.255,-115.32,5.54,2.6,,,SCEDC,,C,37,0.16,SCSN
14688740,scedc:14688740,2010-05-01T18:42:08.950000Z,32.661833333333334,-115.75866666666668,3.99,2.5,,,SCEDC,,A,62,0.19,SCSN
14688820,scedc:14688820,2010-05-01T19:43:30.920000Z,32.279333333333334,-115.39016666666669,5.79,3.2,,,SCEDC,,C,49,0.23,SCSN
14688844,scedc:14688844,2010-05-01T19:52:21.800000Z,32.399166666666666,-115.59333333333332,5.82,2.2,,,SCEDC,,C,36,0.22,SCSN
14688900,scedc:14688900,2010-05-01T20:48:17.190000Z,32.37766666666667,-115.52983333333331,14.89,2.4,,,SCEDC,,B,39,0.22,SCSN
14689004,scedc:14689004,2010-05-01T22:31:29.730000Z,32.688,-115.797,5.47,3.0,,,SCEDC,,A,55,0.22,SCSN
14689028,scedc:14689028,2010-05-01T23:00:00.410000Z,32.270833333333336,-115.3425,3.31,2.3,,,SCEDC,,A,30,0.11,SCSN
14689180,scedc:14689180,2010-05-02T00:56:48.750000Z,32.25533333333333,-115.30466666666666,8.15,2.1,,,SCEDC,,D,14,0.07,SCSN
14689196,scedc:14689196,2010-05-02T01:17:00.630000Z,35.50533333333333,-118.28816666666668,4.45,2.4,,,SCEDC,,C,77,0.17,SCSN
14689228,scedc:14689228,2010-05-02T02:06:46.820000Z,32.345333333333336,-115.466,14.39,3.2,,,SCEDC,,C,58,0.21,SCSN
14689244,scedc:14689244,2010-05-02T02:26:57.800000Z,32.67816666666667,-115.8505,3.64,2.0,,,SCEDC,,A,59,0.21,SCSN
14689260,scedc:14689260,2010-05-02T02:45:46.260000Z,32.25116666666667,-115.27616666666668,9.95,2.4,,,SCEDC,,C,18,0.24,SCSN
14689324,scedc:14689324,2010-05-02T03:49:18.780000Z,32.6505,-115.7975,8.45,2.6,,,SCEDC,,A,88,0.24,SCSN
14689396,scedc:14689396,2010-05-02T04:31:47.120000Z,32.289833333333334,-115.333,3.39,2.3,,,SCEDC,,A,38,0.24,SCSN
14689444,scedc:14689444,2010-05-02T05:26:04.880000Z,32.286,-115.45833333333331,4.93,2.3,,,SCEDC,,C,28,0.25,SCSN
14689492,scedc:14689492,2010-05-02T06:31:58.910000Z,33.704,-118.36983333333332,2.63,2.2,,,SCEDC,,A,37,0.35,SCSN
14689500,scedc:14689500,2010-05-02T06:46:02.370000Z,32.6455,-115.69883333333334,10.26,2.0,,,SCEDC,,A,66,0.17,SCSN
14689516,scedc:14689516,2010-05-02T06:53:35.190000Z,32.33,-115.44516666666668,1.37,2.9,,,SCEDC,,B,61,0.22,SCSN
14689532,scedc:14689532,2010-05-02T07:03:46.890000Z,32.7145,-116.03,7.52,2.1,,,SCEDC,,A,62,0.19,SCSN
14689540,scedc:14689540,2010-05-02T07:11:45.260000Z,32.73166666666667,-116.01966666666668,4.13,2.1,,,SCEDC,,A,90,0.2,SCSN
14689572,scedc:14689572,2010-05-02T07:47:04.400000Z,32.69566666666667,-115.79466666666669,8.85,2.1,,,SCEDC,,A,70,0.19,SCSN
14689644,scedc:14689644,2010-05-02T08:40:38.160000Z,32.49066666666667,-115.63666666666668,10.27,2.1,,,SCEDC,,B,38,0.19,SCSN
14689652,scedc:14689652,2010-05-02T08:46:05.310000Z,32.351333333333336,-115.5525,13.94,3.9,,,SCEDC,,A,90,0.21,SCSN
14689692,scedc:14689692,2010-05-02T09:38:18.160000Z,32.27183333333333,-115.40316666666666,2.63,2.3,,,SCEDC,,A,34,0.22,SCSN
14689700,scedc:14689700,2010-05-02T09:41:01.790000Z,32.715833333333336,-115.88716666666669,3.67,2.7,,,SCEDC,,A,86,0.21,SCSN
14689724,scedc:14689724,2010-05-02T10:00:03.450000Z,32.29483333333334,-115.406,4.97,2.2,,,SCEDC,,C,28,0.25,SCSN
14689756,scedc:14689756,2010-05-02T10:52:51.270000Z,32.26133333333333,-115.509,5.01,2.4,,,SCEDC,,C,27,0.22,SCSN
14689764,scedc:14689764,2010-05-02T10:55:39.990000Z,32.34766666666667,-115.55783333333332,5.04,2.3,,,SCEDC,,C,55,0.19,SCSN
14689772,scedc:14689772,2010-05-02T11:03:20.990000Z,32.68483333333333,-115.85566666666666,2.55,2.8,,,SCEDC,,A,96,0.22,SCSN
14689836,scedc:14689836,2010-05-02T11:49:04.980000Z,32.26616666666666,-115.51133333333334,0.22,2.0,,,SCEDC,,C,40,0.18,SCSN
14689852,scedc:14689852,2010-05-02T12:01:44.450000Z,32.3935,-115.59233333333331,0.95,2.3,,,SCEDC,,A,45,0.19,SCSN
14689908,scedc:14689908,2010-05-02T12:47:50.950000Z,32.66116666666667,-115.77783333333332,3.44,2.0,,,SCEDC,,A,73,0.22,SCSN
14689980,scedc:14689980,2010-05-02T13:23:10.180000Z,32.37616666666667,-115.4525,15.05,3.4,,,SCEDC,,B,57,0.25,SCSN
14689988,scedc:14689988,2010-05-02T13:28:42.440000Z,32.825833333333335,-115.88683333333331,9.79,2.0,,,SCEDC,,A,41,0.2,SCSN
14690164,scedc:14690164,2010-05-02T16:47:24.820000Z,32.307,-115.358,0.61,2.2,,,SCEDC,,B,19,0.21,SCSN
14690188,scedc:14690188,2010-05-02T17:14:17.060000Z,32.695,-115.81433333333334,10.44,2.3,,,SCEDC,,A,35,0.19,SCSN
14690252,scedc:14690252,2010-05-02T17:52:43.080000Z,32.277166666666666,-115.32433333333331,2.9,2.3,,,SCEDC,,B,42,0.16,SCSN
14690284,scedc:14690284,2010-05-02T18:07:00.400000Z,32.68216666666667,-115.861,5.92,2.1,,,SCEDC,,A,47,0.18,SCSN
14690308,scedc:14690308,2010-05-02T18:16:31.120000Z,33.47383333333333,-116.39516666666668,7.22,2.3,,,SCEDC,,A,88,0.26,SCSN
14690452,scedc:14690452,2010-05-02T19:47:34.070000Z,32.409166666666664,-115.5965,0.62,2.4,,,SCEDC,,A,43,0.2,SCSN
14690484,scedc:14690484,2010-05-02T20:39:39.100000Z,32.287166666666664,-115.41383333333332,5.45,2.1,,,SCEDC,,C,22,0.21,SCSN
14690492,scedc:14690492,2010-05-02T20:40:51.600000Z,32.246833333333335,-115.41283333333334,7.92,2.0,,,SCEDC,,C,19,0.2,SCSN
14690516,scedc:14690516,2010-05-02T20:57:42.880000Z,32.37766666666667,-115.34133333333334,14.44,2.2,,,SCEDC,,C,30,0.18,SCSN
14690524,scedc:14690524,2010-05-02T21:42:15.880000Z,33.702,-118.36083333333332,3.0,2.6,,,SCEDC,,A,53,0.37,SCSN
14690596,scedc:14690596,2010-05-02T22:27:57.160000Z,32.387166666666666,-115.50283333333331,0.56,2.6,,,SCEDC,,A,56,0.18,SCSN
14690796,scedc:14690796,2010-05-03T01:42:33.110000Z,32.544,-115.658,10.59,2.0,,,SCEDC,,A,33,0.21,SCSN
14690908,scedc:14690908,2010-05-03T03:34:45.910000Z,32.4195,-115.57033333333334,5.64,2.4,,,SCEDC,,C,38,0.18,SCSN
32973759,scedc:32973759,2010-05-03T03:34:48.550000Z,32.394333333333336,-115.56316666666666,12.67,3.1,,,SCEDC,,B,31,0.19,SCSN
14690932,scedc:14690932,2010-05-03T03:42:12.510000Z,32.39783333333333,-115.55883333333334,14.4,3.0,,,SCEDC,,A,74,0.21,SCSN
14690940,scedc:14690940,2010-05-03T03:44:26.470000Z,32.377,-115.59683333333334,5.62,2.6,,,SCEDC,,C,38,0.21,SCSN
14690956,scedc:14690956,2010-05-03T03:51:48.960000Z,32.666,-115.7975,3.56,2.0,,,SCEDC,,A,75,0.22,SCSN
14690980,scedc:14690980,2010-05-03T04:18:28.660000Z,32.32116666666667,-115.549,5.51,2.3,,,SCEDC,,C,49,0.2,SCSN
14691092,scedc:14691092,2010-05-03T05:58:09.850000Z,32.444,-115.6245,11.8,2.0,,,SCEDC,,A,60,0.23,SCSN
14691228,scedc:14691228,2010-05-03T08:32:25.950000Z,32.28666666666667,-115.35383333333333,1.62,2.0,,,SCEDC,,A,38,0.24,SCSN
14691252,scedc:14691252,2010-05-03T09:12:30.210000Z,32.536833333333334,-115.69033333333331,4.75,2.0,,,SCEDC,,A,41,0.21,SCSN
14691260,scedc:14691260,2010-05-03T09:36:20.370000Z,32.72266666666667,-115.8605,3.26,2.3,,,SCEDC,,A,98,0.19,SCSN
14691276,scedc:14691276,2010-05-03T09:50:30.240000Z,32.710166666666666,-115.95133333333334,8.54,2.1,,,SCEDC,,A,81,0.2,SCSN
14691460,scedc:14691460,2010-05-03T12:40:09.840000Z,32.726166666666664,-116.0235,3.61,2.0,,,SCEDC,,A,76,0.22,SCSN
14691500,scedc:14691500,2010-05-03T13:11:49.010000Z,32.278666666666666,-115.3905,5.53,2.7,,,SCEDC,,C,50,0.25,SCSN
14691596,scedc:14691596,2010-05-03T14:37:16.590000Z,32.66583333333333,-115.7905,4.29,2.5,,,SCEDC,,A,75,0.22,SCSN
14691636,scedc:14691636,2010-05-03T15:07:23.820000Z,32.317166666666665,-115.3475,6.25,2.1,,,SCEDC,,C,32,0.19,SCSN
14691644,scedc:14691644,2010-05-03T15:22:11.760000Z,32.4,-115.562,0.65,2.0,,,SCEDC,,A,40,0.19,SCSN
14691660,scedc:14691660,2010-05-03T15:27:51.350000Z,32.637166666666666,-115.73366666666666,4.24,2.0,,,SCEDC,,A,31,0.19,SCSN
14691708,scedc:14691708,2010-05-03T15:52:45.980000Z,32.668,-115.8155,9.04,2.5,,,SCEDC,,A,66,0.2,SCSN
14691724,scedc:14691724,2010-05-03T16:30:40.770000Z,32.7245,-115.93716666666668,10.2,2.0,,,SCEDC,,A,60,0.21,SCSN
14691756,scedc:14691756,2010-05-03T16:57:59.580000Z,32.27583333333333,-115.33766666666666,2.22,2.2,,,SCEDC,,B,31,0.15,SCSN
14691764,scedc:14691764,2010-05-03T17:11:12.820000Z,32.533,-115.661,8.3,2.2,,,SCEDC,,B,47,0.16,SCSN
14691780,scedc:14691780,2010-05-03T17:26:59.980000Z,32.299166666666665,-115.4025,3.53,2.2,,,SCEDC,,B,29,0.21,SCSN
14691868,scedc:14691868,2010-05-03T18:53:45.830000Z,32.5825,-115.703,5.05,2.1,,,SCEDC,,A,48,0.15,SCSN
14691876,scedc:14691876,2010-05-03T19:15:45.170000Z,32.398,-115.39283333333331,9.28,2.1,,,SCEDC,,C,25,0.17,SCSN
14691916,scedc:14691916,2010-05-03T19:52:51.230000Z,32.229,-115.38766666666666,6.87,2.0,,,SCEDC,,C,19,0.19,SCSN
14691924,scedc:14691924,2010-05-03T20:43:32.400000Z,32.383,-115.51233333333332,10.44,2.0,,,SCEDC,,C,21,0.18,SCSN
14691972,scedc:14691972,2010-05-03T21:39:48.410000Z,33.707,-118.36216666666668,3.0,2.4,,,SCEDC,,A,35,0.29,SCSN
14691988,scedc:14691988,2010-05-03T21:46:59.270000Z,32.22083333333333,-115.33916666666669,6.38,2.0,,,SCEDC,,C,29,0.22,SCSN
14692124,scedc:14692124,2010-05-04T00:23:48.710000Z,32.31766666666667,-115.39866666666668,12.0,2.1,,,SCEDC,,C,32,0.24,SCSN
14692140,scedc:14692140,2010-05-04T00:43:01.490000Z,32.28816666666667,-115.40816666666667,1.08,2.2,,,SCEDC,,C,39,0.2,SCSN
14692204,scedc:14692204,2010-05-04T01:37:37.650000Z,32.244166666666665,-115.35533333333332,2.37,2.1,,,SCEDC,,B,30,0.24,SCSN
14692220,scedc:14692220,2010-05-04T01:53:28.400000Z,32.703833333333336,-116.033,11.62,2.4,,,SCEDC,,A,86,0.2,SCSN
14692252,scedc:14692252,2010-05-04T02:17:45.290000Z,32.2365,-115.38566666666668,2.69,2.4,,,SCEDC,,B,48,0.25,SCSN
14692260,scedc:14692260,2010-05-04T02:35:28.400000Z,32.31733333333333,-115.43583333333332,19.18,2.9,,,SCEDC,,A,40,0.14,SCSN
14692276,scedc:14692276,2010-05-04T02:57:46.300000Z,32.717333333333336,-115.88,3.85,2.0,,,SCEDC,,A,55,0.18,SCSN
14692300,scedc:14692300,2010-05-04T03:01:53.870000Z,32.264,-115.35233333333332,8.84,2.3,,,SCEDC,,C,37,0.18,SCSN
36903799,scedc:36903799,2010-05-04T03:17:02.960000Z,32.28033333333333,-115.35583333333334,2.48,2.1,,,SCEDC,,B,23,0.27,SCSN
14692348,scedc:14692348,2010-05-04T03:19:39.580000Z,32.25966666666667,-115.343,5.55,2.1,,,SCEDC,,C,27,0.19,SCSN
14692372,scedc:14692372,2010-05-04T03:52:18.560000Z,32.242,-115.3185,5.12,2.2,,,SCEDC,,C,30,0.18,SCSN
14692380,scedc:14692380,2010-05-04T03:57:53.560000Z,32.6575,-115.70283333333332,11.72,2.3,,,SCEDC,,A,76,0.23,SCSN
14692476,scedc:14692476,2010-05-04T05:15:29.650000Z,32.2705,-115.402,2.37,2.0,,,SCEDC,,B,29,0.22,SCSN
14692708,scedc:14692708,2010-05-04T09:17:15.640000Z,32.26266666666667,-115.35466666666667,14.39,2.4,,,SCEDC,,C,34,0.2,SCSN
14692756,scedc:14692756,2010-05-04T10:05:45.190000Z,32.7315,-115.892,5.65,2.0,,,SCEDC,,A,60,0.16,SCSN
14692836,scedc:14692836,2010-05-04T11:26:32.050000Z,32.263666666666666,-115.28666666666666,14.06,4.7,,,SCEDC,,B,59,0.26,SCSN
14692844,scedc:14692844,2010-05-04T11:38:21.440000Z,33.7825,-120.276,8.53,3.4,,,SCEDC,,C,37,0.16,SCSN
14692884,scedc:14692884,2010-05-04T12:01:24.210000Z,32.25416666666667,-115.2955,18.71,2.4,,,SCEDC,,B,26,0.21,SCSN
14692892,scedc:14692892,2010-05-04T12:02:35.950000Z,32.397666666666666,-115.585,0.82,2.2,,,SCEDC,,A,46,0.17,SCSN
14692932,scedc:14692932,2010-05-04T12:44:36.410000Z,32.6855,-115.7755,8.91,2.0,,,SCEDC,,A,38,0.21,SCSN
14692988,scedc:14692988,2010-05-04T13:23:48.630000Z,32.70166666666667,-116.03383333333332,10.94,2.9,,,SCEDC,,A,89,0.24,SCSN
14692996,scedc:14692996,2010-05-04T13:28:06.730000Z,32.23233333333334,-115.39183333333334,2.13,2.1,,,SCEDC,,B,22,0.18,SCSN
14693004,scedc:14693004,2010-05-04T13:29:08.940000Z,32.70366666666666,-116.02966666666669,11.11,2.2,,,SCEDC,,A,56,0.18,SCSN
36905039,scedc:36905039,2010-05-04T14:01:48.490000Z,32.416666666666664,-115.56966666666666,14.29,2.0,,,SCEDC,,B,18,0.21,SCSN
14693116,scedc:14693116,2010-05-04T16:25:02.830000Z,32.693666666666665,-115.84166666666668,8.62,2.1,,,SCEDC,,A,71,0.23,SCSN
14693156,scedc:14693156,2010-05-04T17:09:19.200000Z,32.280833333333334,-115.4205,12.55,2.3,,,SCEDC,,C,32,0.21,SCSN
14693212,scedc:14693212,2010-05-04T17:46:07.870000Z,32.595666666666666,-115.75483333333334,7.79,2.1,,,SCEDC,,A,39,0.23,SCSN
14693548,scedc:14693548,2010-05-04T22:28:10.440000Z,32.706,-116.037,11.48,2.4,,,SCEDC,,A,56,0.23,SCSN
14693564,scedc:14693564,2010-05-04T22:32:30.510000Z,33.92366666666667,-117.83216666666668,12.11,2.3,,,SCEDC,,A,83,0.19,SCSN
14693620,scedc:14693620,2010-05-04T23:23:39.500000Z,32.65716666666667,-115.72033333333331,9.91,2.2,,,SCEDC,,A,46,0.17,SCSN
14693644,scedc:14693644,2010-05-04T23:38:32.600000Z,32.7345,-115.82833333333332,4.44,2.5,,,SCEDC,,A,66,0.2,SCSN
14693668,scedc:14693668,2010-05-05T00:09:35.190000Z,32.537166666666664,-115.68016666666666,4.4,2.0,,,SCEDC,,A,37,0.17,SCSN
14693724,scedc:14693724,2010-05-05T00:35:28.250000Z,32.364666666666665,-115.50466666666668,0.02,2.0,,,SCEDC,,B,20,0.15,SCSN
14693748,scedc:14693748,2010-05-05T00:52:54.410000Z,32.339,-115.49433333333332,5.72,2.0,,,SCEDC,,C,31,0.18,SCSN
14693772,scedc:14693772,2010-05-05T01:19:42.100000Z,32.5055,-115.6465,3.59,2.4,,,SCEDC,,A,63,0.2,SCSN
14693780,scedc:14693780,2010-05-05T01:24:34.490000Z,32.523,-115.61316666666669,12.77,2.0,,,SCEDC,,A,39,0.21,SCSN
36905719,scedc:36905719,2010-05-05T01:52:33.770000Z,32.2405,-115.3735,9.95,2.0,,,SCEDC,,C,11,0.43,SCSN
14693916,scedc:14693916,2010-05-05T03:14:58.730000Z,32.70366666666666,-116.03233333333333,12.21,2.4,,,SCEDC,,A,83,0.22,SCSN
14693924,scedc:14693924,2010-05-05T03:18:41.350000Z,32.273,-115.357,9.96,2.2,,,SCEDC,,C,25,0.21,SCSN
14694004,scedc:14694004,2010-05-05T04:49:30.440000Z,32.314166666666665,-115.39733333333334,4.12,2.0,,,SCEDC,,A,30,0.21,SCSN
14694380,scedc:14694380,2010-05-05T08:44:01.730000Z,32.7235,-115.885,2.13,2.4,,,SCEDC,,A,91,0.22,SCSN
14694404,scedc:14694404,2010-05-05T09:00:47.420000Z,32.7225,-115.88583333333334,1.68,2.5,,,SCEDC,,A,80,0.23,SCSN
14694436,scedc:14694436,2010-05-05T09:20:55.670000Z,32.717666666666666,-115.883,2.59,2.1,,,SCEDC,,A,51,0.21,SCSN
14694476,scedc:14694476,2010-05-05T09:31:25.420000Z,32.7125,-115.88283333333334,2.1,2.0,,,SCEDC,,A,68,0.21,SCSN
14694500,scedc:14694500,2010-05-05T09:50:52.630000Z,32.6375,-115.72816666666668,7.68,2.5,,,SCEDC,,A,75,0.19,SCSN
14694548,scedc:14694548,2010-05-05T10:09:52.650000Z,32.72,-115.881,2.73,2.1,,,SCEDC,,A,73,0.2,SCSN
14694556,scedc:14694556,2010-05-05T10:12:23.570000Z,32.286833333333334,-115.37733333333334,9.44,2.6,,,SCEDC,,C,24,0.32,SCSN
14694564,scedc:14694564,2010-05-05T10:25:03.630000Z,33.7685,-120.263,5.48,3.0,,,SCEDC,,C,46,0.24,SCSN
14694604,scedc:14694604,2010-05-05T10:50:06.870000Z,32.632,-115.7065,9.44,2.2,,,SCEDC,,A,63,0.18,SCSN
14694772,scedc:14694772,2010-05-05T13:37:50.560000Z,32.71816666666667,-115.87566666666666,2.33,2.7,,,SCEDC,,A,65,0.19,SCSN
14694828,scedc:14694828,2010-05-05T14:39:01.730000Z,32.718833333333336,-115.89083333333332,-0.0,2.2,,,SCEDC,,C,73,0.2,SCSN
14694884,scedc:14694884,2010-05-05T15:22:50.680000Z,32.628,-115.73716666666668,4.03,2.1,,,SCEDC,,A,61,0.21,SCSN
14694908,scedc:14694908,2010-05-05T15:35:56.970000Z,32.787166666666664,-116.123,5.32,2.0,,,SCEDC,,C,67,0.19,SCSN
14695100,scedc:14695100,2010-05-05T18:35:56.540000Z,32.29966666666667,-115.3825,1.98,2.5,,,SCEDC,,A,30,0.15,SCSN
14695092,scedc:14695092,2010-05-05T18:37:24.060000Z,32.679833333333335,-115.93416666666668,8.68,2.1,,,SCEDC,,A,64,0.22,SCSN
14695180,scedc:14695180,2010-05-05T19:35:25.000000Z,32.71233333333333,-116.03083333333332,12.27,2.0,,,SCEDC,,A,58,0.21,SCSN
14695244,scedc:14695244,2010-05-05T20:37:20.610000Z,32.63183333333333,-115.7095,9.53,2.1,,,SCEDC,,B,35,0.2,SCSN
14695268,scedc:14695268,2010-05-05T20:51:44.390000Z,32.7225,-115.8775,4.0,2.1,,,SCEDC,,A,53,0.2,SCSN
14695300,scedc:14695300,2010-05-05T21:38:07.450000Z,32.26083333333333,-115.35866666666666,2.37,3.3,,,SCEDC,,A,59,0.22,SCSN
14695332,scedc:14695332,2010-05-05T21:53:31.960000Z,32.6795,-115.83266666666668,11.43,2.0,,,SCEDC,,A,44,0.22,SCSN
14695428,scedc:14695428,2010-05-05T23:31:40.050000Z,32.59433333333333,-115.765,4.87,2.0,,,SCEDC,,B,17,0.14,SCSN
14695436,scedc:14695436,2010-05-05T23:38:38.280000Z,32.71,-115.90366666666668,4.32,2.6,,,SCEDC,,A,62,0.17,SCSN
14695492,scedc:14695492,2010-05-06T01:41:33.760000Z,32.62133333333333,-115.76366666666668,8.79,2.0,,,SCEDC,,A,36,0.15,SCSN
14695532,scedc:14695532,2010-05-06T03:02:47.370000Z,32.645,-115.74516666666666,3.41,2.5,,,SCEDC,,A,66,0.21,SCSN
14695540,scedc:14695540,2010-05-06T03:04:48.720000Z,32.2265,-115.34616666666666,5.25,2.1,,,SCEDC,,C,26,0.18,SCSN
14695564,scedc:14695564,2010-05-06T03:20:51.820000Z,32.707,-115.87016666666666,4.78,2.8,,,SCEDC,,A,79,0.19,SCSN
14695580,scedc:14695580,2010-05-06T03:33:48.180000Z,32.70766666666667,-115.8675,4.77,2.1,,,SCEDC,,A,50,0.17,SCSN
14695588,scedc:14695588,2010-05-06T03:34:30.590000Z,32.707166666666666,-115.86616666666669,4.83,2.1,,,SCEDC,,A,30,0.19,SCSN
14695652,scedc:14695652,2010-05-06T04:16:48.380000Z,35.95633333333333,-117.33816666666668,1.37,3.7,,,SCEDC,,A,70,0.22,SCSN
14695660,scedc:14695660,2010-05-06T04:17:24.740000Z,32.706,-115.86816666666668,4.73,3.0,,,SCEDC,,A,89,0.2,SCSN
14695700,scedc:14695700,2010-05-06T04:40:35.980000Z,32.709,-115.86716666666666,4.71,2.1,,,SCEDC,,A,57,0.17,SCSN
14695788,scedc:14695788,2010-05-06T05:45:35.080000Z,32.70916666666667,-115.8655,4.64,2.5,,,SCEDC,,A,67,0.17,SCSN
14695812,scedc:14695812,2010-05-06T06:37:16.350000Z,32.70816666666666,-115.87366666666668,3.6,3.0,,,SCEDC,,A,86,0.24,SCSN
10149762,scedc:10149762,2010-05-06T09:03:22.750000Z,32.709666666666664,-115.86333333333332,4.71,2.0,,,SCEDC,,A,19,0.13,SCSN
10149766,scedc:10149766,2010-05-06T09:03:45.210000Z,32.7155,-115.861,4.82,2.2,,,SCEDC,,A,23,0.22,SCSN
14695924,scedc:14695924,2010-05-06T09:05:25.120000Z,32.70766666666667,-115.8655,4.59,2.0,,,SCEDC,,A,34,0.19,SCSN
14695940,scedc:14695940,2010-05-06T09:09:35.200000Z,32.708333333333336,-115.8645,4.87,2.0,,,SCEDC,,A,67,0.18,SCSN
14695956,scedc:14695956,2010-05-06T09:15:14.090000Z,32.71083333333333,-115.87816666666669,1.85,2.2,,,SCEDC,,A,76,0.21,SCSN
14696156,scedc:14696156,2010-05-06T11:05:41.230000Z,32.23766666666667,-115.25516666666668,14.77,2.2,,,SCEDC,,B,22,0.15,SCSN
14696364,scedc:14696364,2010-05-06T14:00:11.320000Z,32.357,-115.593,5.55,2.2,,,SCEDC,,C,28,0.21,SCSN
14696372,scedc:14696372,2010-05-06T14:12:47.580000Z,32.71383333333333,-115.86066666666666,8.3,2.2,,,SCEDC,,A,80,0.22,SCSN
14696452,scedc:14696452,2010-05-06T15:34:15.790000Z,32.59133333333333,-115.6915,8.86,2.7,,,SCEDC,,A,77,0.24,SCSN
14696484,scedc:14696484,2010-05-06T16:20:22.790000Z,32.259,-115.39116666666666,3.98,2.3,,,SCEDC,,A,25,0.16,SCSN
14696492,scedc:14696492,2010-05-06T16:24:17.710000Z,32.61933333333333,-115.70316666666666,7.76,2.6,,,SCEDC,,A,73,0.21,SCSN
14696508,scedc:14696508,2010-05-06T16:37:10.050000Z,32.32033333333333,-115.479,16.79,2.0,,,SCEDC,,C,31,0.19,SCSN
14696548,scedc:14696548,2010-05-06T16:58:05.740000Z,32.473166666666664,-115.6435,14.61,2.3,,,SCEDC,,A,33,0.23,SCSN
14696580,scedc:14696580,2010-05-06T17:19:46.710000Z,32.653666666666666,-115.78883333333332,8.65,2.2,,,SCEDC,,A,78,0.22,SCSN
14696596,scedc:14696596,2010-05-06T17:21:55.200000Z,32.644333333333336,-115.72916666666669,7.72,2.2,,,SCEDC,,A,54,0.17,SCSN
14696612,scedc:14696612,2010-05-06T17:31:34.280000Z,32.314166666666665,-115.43716666666668,0.59,3.0,,,SCEDC,,A,54,0.23,SCSN
14696636,scedc:14696636,2010-05-06T17:41:39.760000Z,32.616,-115.73366666666666,4.27,2.3,,,SCEDC,,A,37,0.18,SCSN
14696644,scedc:14696644,2010-05-06T17:45:20.780000Z,32.712833333333336,-115.87866666666666,2.45,2.0,,,SCEDC,,A,23,0.17,SCSN
14696668,scedc:14696668,2010-05-06T18:02:11.160000Z,32.685833333333335,-115.85683333333331,6.87,2.3,,,SCEDC,,A,64,0.18,SCSN
14696684,scedc:14696684,2010-05-06T18:15:38.440000Z,32.3995,-115.49983333333331,4.77,2.0,,,SCEDC,,C,16,0.18,SCSN
14696692,scedc:14696692,2010-05-06T18:22:27.090000Z,32.70883333333333,-115.88166666666666,2.16,2.9,,,SCEDC,,A,43,0.22,SCSN
14696724,scedc:14696724,2010-05-06T18:29:18.280000Z,32.357166666666664,-115.50566666666668,5.66,2.0,,,SCEDC,,C,31,0.21,SCSN
14696740,scedc:14696740,2010-05-06T18:37:19.860000Z,32.537,-115.65366666666668,11.18,2.0,,,SCEDC,,A,27,0.19,SCSN
14696772,scedc:14696772,2010-05-06T19:03:51.760000Z,32.31466666666667,-115.45116666666668,5.25,2.7,,,SCEDC,,C,46,0.25,SCSN
14696908,scedc:14696908,2010-05-06T21:26:04.920000Z,32.42316666666667,-115.57833333333332,1.75,2.8,,,SCEDC,,A,41,0.16,SCSN
14696988,scedc:14696988,2010-05-06T22:14:32.400000Z,32.40683333333333,-115.58233333333334,1.38,2.5,,,SCEDC,,A,35,0.17,SCSN
14697020,scedc:14697020,2010-05-06T22:33:04.630000Z,32.22866666666667,-115.35716666666669,5.91,2.0,,,SCEDC,,C,25,0.15,SCSN
14697220,scedc:14697220,2010-05-07T00:59:05.270000Z,32.621833333333335,-115.766,5.59,2.1,,,SCEDC,,A,42,0.17,SCSN
14697292,scedc:14697292,2010-05-07T03:09:16.750000Z,32.62766666666667,-115.77416666666667,5.08,2.5,,,SCEDC,,A,50,0.18,SCSN
14697356,scedc:14697356,2010-05-07T03:36:32.270000Z,32.27,-115.26483333333331,14.39,2.2,,,SCEDC,,C,24,0.19,SCSN
14697388,scedc:14697388,2010-05-07T03:52:35.070000Z,36.42366666666667,-117.89516666666668,7.16,2.0,,,SCEDC,,A,46,0.17,SCSN
14697404,scedc:14697404,2010-05-07T04:11:07.810000Z,32.378166666666665,-115.54566666666666,5.93,2.1,,,SCEDC,,C,55,0.17,SCSN
14697428,scedc:14697428,2010-05-07T04:33:46.960000Z,32.594166666666666,-115.72166666666666,9.04,2.4,,,SCEDC,,A,74,0.15,SCSN
14697524,scedc:14697524,2010-05-07T06:28:25.890000Z,32.489,-115.63983333333331,3.88,2.1,,,SCEDC,,A,40,0.16,SCSN
14697604,scedc:14697604,2010-05-07T08:59:40.560000Z,32.504666666666665,-115.65233333333332,4.13,2.4,,,SCEDC,,A,44,0.15,SCSN
14697700,scedc:14697700,2010-05-07T10:40:35.580000Z,32.23716666666667,-115.361,4.93,2.1,,,SCEDC,,C,44,0.23,SCSN
14697724,scedc:14697724,2010-05-07T11:08:19.730000Z,32.723,-116.0295,1.99,2.6,,,SCEDC,,A,94,0.22,SCSN
14697740,scedc:14697740,2010-05-07T11:32:42.360000Z,32.6675,-115.83083333333332,6.33,2.0,,,SCEDC,,A,37,0.19,SCSN
14697756,scedc:14697756,2010-05-07T11:32:49.330000Z,32.7155,-115.874,3.45,2.9,,,SCEDC,,A,77,0.22,SCSN
14697772,scedc:14697772,2010-05-07T11:36:12.780000Z,32.68233333333333,-115.77533333333334,1.9,2.7,,,SCEDC,,A,59,0.29,SCSN
14697788,scedc:14697788,2010-05-07T11:59:52.930000Z,32.29866666666667,-115.32433333333331,3.23,3.3,,,SCEDC,,B,42,0.18,SCSN
33117759,scedc:33117759,2010-05-07T12:00:07.640000Z,32.325833333333335,-115.342,10.43,3.3,,,SCEDC,,B,41,0.17,SCSN
14697796,scedc:14697796,2010-05-07T12:02:01.790000Z,32.3595,-115.31766666666668,14.39,3.8,,,SCEDC,,C,60,0.23,SCSN
14697932,scedc:14697932,2010-05-07T14:10:15.670000Z,32.710166666666666,-115.864,4.53,2.1,,,SCEDC,,A,57,0.17,SCSN
14697964,scedc:14697964,2010-05-07T14:53:34.790000Z,32.67,-115.83183333333334,7.46,2.1,,,SCEDC,,A,61,0.17,SCSN
10655853,scedc:10655853,2010-05-07T16:59:38.550000Z,35.75683333333333,-119.338,24.44,2.5,,,SCEDC,,A,58,0.26,SCSN
10655901,scedc:10655901,2010-05-07T17:49:33.030000Z,32.56183333333333,-115.69366666666669,7.71,2.0,,,SCEDC,,A,31,0.13,SCSN
10655957,scedc:10655957,2010-05-07T18:22:32.210000Z,34.2465,-117.07666666666668,6.09,2.1,,,SCEDC,,A,94,0.15,SCSN
10656053,scedc:10656053,2010-05-07T20:49:30.920000Z,35.370666666666665,-118.47066666666667,4.31,2.7,,,SCEDC,,A,82,0.25,SCSN
33253759,scedc:33253759,2010-05-07T20:50:19.070000Z,32.466,-115.57333333333334,9.09,2.0,,,SCEDC,,B,22,0.18,SCSN
10656101,scedc:10656101,2010-05-07T21:54:50.980000Z,32.685833333333335,-115.85083333333333,7.97,2.2,,,SCEDC,,A,26,0.08,SCSN
10656389,scedc:10656389,2010-05-08T01:31:32.780000Z,32.704166666666666,-115.874,6.32,3.4,,,SCEDC,,A,87,0.19,SCSN
10656429,scedc:10656429,2010-05-08T02:02:52.590000Z,33.26716666666667,-116.04516666666666,4.01,2.3,,,SCEDC,,A,94,0.16,SCSN
10656437,scedc:10656437,2010-05-08T02:05:52.740000Z,32.7235,-115.87116666666668,4.46,2.2,,,SCEDC,,A,60,0.12,SCSN
10656453,scedc:10656453,2010-05-08T02:13:46.490000Z,32.71083333333333,-115.95,8.93,2.1,,,SCEDC,,A,67,0.19,SCSN
10656493,scedc:10656493,2010-05-08T02:33:39.220000Z,32.2965,-115.3125,4.96,2.1,,,SCEDC,,C,18,0.17,SCSN
10656525,scedc:10656525,2010-05-08T02:52:54.300000Z,32.20583333333333,-115.34916666666666,9.4,2.4,,,SCEDC,,C,21,0.16,SCSN
10656557,scedc:10656557,2010-05-08T03:14:47.040000Z,32.67283333333334,-115.85316666666668,6.65,2.7,,,SCEDC,,A,37,0.16,SCSN
10656621,scedc:10656621,2010-05-08T04:38:35.470000Z,32.837833333333336,-116.08816666666668,8.18,2.1,,,SCEDC,,A,67,0.19,SCSN
10656629,scedc:10656629,2010-05-08T04:47:11.410000Z,32.27333333333333,-115.30233333333334,7.4,2.2,,,SCEDC,,B,20,0.16,SCSN
10656717,scedc:10656717,2010-05-08T06:01:41.670000Z,32.2325,-115.33483333333334,12.34,2.8,,,SCEDC,,A,26,0.19,SCSN
10656725,scedc:10656725,2010-05-08T06:03:24.860000Z,32.7245,-115.87416666666668,6.15,2.5,,,SCEDC,,A,41,0.19,SCSN
10656821,scedc:10656821,2010-05-08T07:35:32.360000Z,32.22566666666667,-115.295,16.91,2.0,,,SCEDC,,B,12,0.19,SCSN
10656853,scedc:10656853,2010-05-08T07:52:24.100000Z,32.6695,-115.78183333333334,4.32,2.5,,,SCEDC,,A,40,0.17,SCSN
10656981,scedc:10656981,2010-05-08T09:24:29.320000Z,32.714,-115.87133333333334,5.17,2.2,,,SCEDC,,A,34,0.14,SCSN
10657021,scedc:10657021,2010-05-08T10:02:35.340000Z,32.6725,-115.7865,9.12,2.5,,,SCEDC,,A,39,0.16,SCSN
10657125,scedc:10657125,2010-05-08T11:49:20.570000Z,32.56633333333333,-115.66683333333332,9.43,3.5,,,SCEDC,,A,46,0.17,SCSN
10657141,scedc:10657141,2010-05-08T11:56:43.040000Z,32.637166666666666,-115.73316666666666,3.6,2.0,,,SCEDC,,A,25,0.15,SCSN
10657165,scedc:10657165,2010-05-08T12:28:41.580000Z,32.491166666666665,-115.59033333333332,9.09,2.1,,,SCEDC,,A,25,0.11,SCSN
10657181,scedc:10657181,2010-05-08T12:29:38.120000Z,32.471,-115.58366666666667,1.01,2.2,,,SCEDC,,A,26,0.17,SCSN
10657213,scedc:10657213,2010-05-08T13:20:00.170000Z,32.64783333333333,-115.7565,9.56,2.0,,,SCEDC,,A,29,0.13,SCSN
10657261,scedc:10657261,2010-05-08T14:15:29.150000Z,32.340666666666664,-115.41583333333334,0.72,2.4,,,SCEDC,,B,19,0.14,SCSN
37131731,scedc:37131731,2010-05-08T14:16:15.110000Z,32.2815,-115.436,4.97,2.1,,,SCEDC,,C,15,0.13,SCSN
37131739,scedc:37131739,2010-05-08T14:16:52.480000Z,32.5715,-115.70216666666668,7.18,2.0,,,SCEDC,,B,12,0.15,SCSN
10657285,scedc:10657285,2010-05-08T14:29:00.060000Z,32.369,-115.406,9.96,2.0,,,SCEDC,,C,16,0.2,SCSN
10657413,scedc:10657413,2010-05-08T16:39:06.960000Z,32.56966666666667,-115.70116666666668,8.41,2.2,,,SCEDC,,A,32,0.17,SCSN
10657421,scedc:10657421,2010-05-08T16:55:44.960000Z,32.3105,-115.372,7.97,2.4,,,SCEDC,,A,27,0.16,SCSN
10657453,scedc:10657453,2010-05-08T17:30:02.590000Z,32.7245,-115.84783333333333,5.19,2.6,,,SCEDC,,A,43,0.17,SCSN
10657493,scedc:10657493,2010-05-08T17:57:28.810000Z,32.30583333333333,-115.2965,13.43,2.0,,,SCEDC,,B,14,0.13,SCSN
10657525,scedc:10657525,2010-05-08T18:31:17.190000Z,32.743833333333335,-115.82316666666668,9.33,3.3,,,SCEDC,,A,82,0.2,SCSN
10657533,scedc:10657533,2010-05-08T18:33:10.750000Z,32.6815,-115.79716666666668,5.96,4.8,,,SCEDC,,C,77,0.24,SCSN
37132059,scedc:37132059,2010-05-08T18:34:12.250000Z,32.6965,-115.75366666666666,6.31,2.0,,,SCEDC,,B,9,0.12,SCSN
33157759,scedc:33157759,2010-05-08T18:35:12.570000Z,32.669,-115.8045,5.57,2.9,,,SCEDC,,A,46,0.23,SCSN
37132067,scedc:37132067,2010-05-08T18:35:48.870000Z,32.66683333333334,-115.7955,8.37,2.0,,,SCEDC,,B,11,0.11,SCSN
10657541,scedc:10657541,2010-05-08T18:41:25.510000Z,32.699666666666666,-115.77933333333333,4.58,2.1,,,SCEDC,,A,22,0.11,SCSN
10657549,scedc:10657549,2010-05-08T18:46:27.460000Z,32.6755,-115.81016666666666,2.38,4.7,,,SCEDC,,A,48,0.18,SCSN
10657565,scedc:10657565,2010-05-08T18:53:24.130000Z,32.226333333333336,-115.43466666666669,9.97,4.0,,,SCEDC,,C,9,0.2,SCSN
10657573,scedc:10657573,2010-05-08T18:59:13.040000Z,32.281666666666666,-115.39483333333334,9.54,2.4,,,SCEDC,,C,32,0.25,SCSN
10657661,scedc:10657661,2010-05-08T19:15:54.870000Z,32.69533333333333,-115.7875,7.2,2.7,,,SCEDC,,A,48,0.2,SCSN
10657685,scedc:10657685,2010-05-08T19:21:32.210000Z,32.69583333333333,-115.94366666666669,9.65,2.2,,,SCEDC,,A,37,0.13,SCSN
10657693,scedc:10657693,2010-05-08T19:22:17.960000Z,32.330333333333336,-115.33,8.21,2.9,,,SCEDC,,A,39,0.19,SCSN
10657701,scedc:10657701,2010-05-08T19:23:06.270000Z,35.00816666666667,-119.26783333333331,16.28,4.3,,,SCEDC,,A,99,0.19,SCSN
10657757,scedc:10657757,2010-05-08T19:39:48.230000Z,32.33233333333333,-115.38066666666668,9.78,2.6,,,SCEDC,,C,29,0.17,SCSN
10657789,scedc:10657789,2010-05-08T19:52:58.590000Z,32.67733333333334,-115.80116666666666,7.53,3.3,,,SCEDC,,A,63,0.23,SCSN
10657821,scedc:10657821,2010-05-08T19:56:13.760000Z,32.663666666666664,-115.79716666666668,6.58,2.3,,,SCEDC,,A,61,0.23,SCSN
10657845,scedc:10657845,2010-05-08T20:12:17.790000Z,32.63366666666667,-115.715,9.21,2.7,,,SCEDC,,A,53,0.23,SCSN
10657981,scedc:10657981,2010-05-08T21:04:11.490000Z,32.286833333333334,-115.37,8.64,3.0,,,SCEDC,,A,38,0.19,SCSN
10658085,scedc:10658085,2010-05-08T22:24:11.330000Z,32.66416666666667,-115.79133333333333,7.96,2.6,,,SCEDC,,A,55,0.2,SCSN
10658109,scedc:10658109,2010-05-08T22:32:26.980000Z,32.70766666666667,-115.87666666666668,3.25,3.2,,,SCEDC,,A,51,0.18,SCSN
10658117,scedc:10658117,2010-05-08T22:37:22.050000Z,32.280833333333334,-115.20716666666668,12.79,2.2,,,SCEDC,,B,13,0.29,SCSN
10658277,scedc:10658277,2010-05-09T00:41:02.050000Z,32.67633333333333,-115.80633333333331,6.41,2.0,,,SCEDC,,A,30,0.13,SCSN
10658293,scedc:10658293,2010-05-09T00:53:18.720000Z,32.66683333333334,-115.809,7.29,2.8,,,SCEDC,,A,58,0.2,SCSN
10658405,scedc:10658405,2010-05-09T02:49:49.080000Z,32.394,-115.54433333333331,10.28,2.3,,,SCEDC,,C,26,0.18,SCSN
10658421,scedc:10658421,2010-05-09T03:33:43.970000Z,32.672666666666665,-115.81216666666668,6.36,4.1,,,SCEDC,,A,69,0.21,SCSN
37134611,scedc:37134611,2010-05-09T04:10:35.860000Z,32.277,-115.36316666666669,9.4,2.3,,,SCEDC,,C,12,0.24,SCSN
10658453,scedc:10658453,2010-05-09T04:10:47.150000Z,32.665166666666664,-115.7645,7.45,2.0,,,SCEDC,,A,19,0.17,SCSN
10658461,scedc:10658461,2010-05-09T04:16:57.620000Z,32.42166666666667,-115.55433333333332,13.27,3.3,,,SCEDC,,A,43,0.19,SCSN
10658469,scedc:10658469,2010-05-09T04:27:29.760000Z,32.401,-115.56533333333331,5.78,2.2,,,SCEDC,,C,20,0.14,SCSN
10658493,scedc:10658493,2010-05-09T05:10:02.650000Z,32.671,-115.809,6.61,2.3,,,SCEDC,,A,50,0.17,SCSN
10658525,scedc:10658525,2010-05-09T05:27:12.610000Z,33.27066666666666,-116.05516666666666,5.16,2.3,,,SCEDC,,A,81,0.26,SCSN
10658541,scedc:10658541,2010-05-09T05:32:49.100000Z,32.67666666666667,-115.80883333333334,6.87,2.9,,,SCEDC,,A,98,0.22,SCSN
10658549,scedc:10658549,2010-05-09T05:44:28.330000Z,32.629666666666665,-115.7685,3.9,2.5,,,SCEDC,,A,39,0.12,SCSN
10658605,scedc:10658605,2010-05-09T06:07:04.150000Z,32.340833333333336,-115.397,5.59,2.3,,,SCEDC,,C,27,0.18,SCSN
10658621,scedc:10658621,2010-05-09T06:13:57.680000Z,34.1355,-117.6995,6.12,2.0,,,SCEDC,,A,72,0.16,SCSN
10658653,scedc:10658653,2010-05-09T06:27:30.210000Z,32.67783333333333,-115.80566666666668,5.87,2.3,,,SCEDC,,A,34,0.19,SCSN
10658669,scedc:10658669,2010-05-09T07:13:39.350000Z,32.34616666666667,-115.52716666666667,6.14,2.2,,,SCEDC,,C,20,0.13,SCSN
10658765,scedc:10658765,2010-05-09T08:45:29.160000Z,32.358666666666664,-115.39616666666667,9.61,2.1,,,SCEDC,,C,19,0.16,SCSN
10658789,scedc:10658789,2010-05-09T09:10:56.540000Z,32.36816666666667,-115.435,14.25,3.0,,,SCEDC,,A,35,0.18,SCSN
10658805,scedc:10658805,2010-05-09T09:23:59.840000Z,32.2865,-115.38816666666666,9.99,2.0,,,SCEDC,,C,11,0.26,SCSN
10658813,scedc:10658813,2010-05-09T09:37:24.370000Z,32.969,-116.4565,5.3,2.1,,,SCEDC,,B,63,0.17,SCSN
10659013,scedc:10659013,2010-05-09T12:56:32.120000Z,32.63366666666667,-115.82433333333331,2.91,2.0,,,SCEDC,,A,24,0.24,SCSN
10659053,scedc:10659053,2010-05-09T13:34:38.640000Z,32.707,-115.85166666666667,7.93,2.0,,,SCEDC,,A,25,0.16,SCSN
10659101,scedc:10659101,2010-05-09T14:46:48.470000Z,32.2725,-115.2575,17.64,3.4,,,SCEDC,,A,30,0.22,SCSN
10659173,scedc:10659173,2010-05-09T15:53:08.830000Z,32.233,-115.278,9.4,2.0,,,SCEDC,,C,14,0.11,SCSN
10659301,scedc:10659301,2010-05-09T17:37:02.540000Z,32.31333333333333,-115.3235,13.66,2.4,,,SCEDC,,A,26,0.22,SCSN
10659325,scedc:10659325,2010-05-09T17:58:46.090000Z,32.42066666666667,-115.55016666666668,14.34,3.1,,,SCEDC,,A,55,0.21,SCSN
10659341,scedc:10659341,2010-05-09T18:01:13.830000Z,32.710166666666666,-116.02566666666668,7.29,2.8,,,SCEDC,,A,60,0.24,SCSN
10659357,scedc:10659357,2010-05-09T18:23:34.150000Z,32.42516666666667,-115.56016666666666,13.38,2.2,,,SCEDC,,A,23,0.18,SCSN
10659389,scedc:10659389,2010-05-09T19:00:32.580000Z,32.426,-115.56466666666668,0.17,2.3,,,SCEDC,,A,25,0.17,SCSN
10659413,scedc:10659413,2010-05-09T19:44:19.690000Z,32.657833333333336,-115.78866666666669,8.57,2.0,,,SCEDC,,A,29,0.18,SCSN
10659613,scedc:10659613,2010-05-10T01:10:02.140000Z,32.66683333333334,-115.78666666666666,7.76,2.9,,,SCEDC,,A,34,0.16,SCSN
10659653,scedc:10659653,2010-05-10T01:36:14.280000Z,32.535333333333334,-115.686,0.04,2.1,,,SCEDC,,A,17,0.2,SCSN
10659717,scedc:10659717,2010-05-10T03:11:28.310000Z,32.698,-115.78933333333332,4.79,2.0,,,SCEDC,,A,34,0.18,SCSN
10659877,scedc:10659877,2010-05-10T06:08:47.550000Z,32.718,-115.8805,6.21,2.2,,,SCEDC,,A,57,0.15,SCSN
10659909,scedc:10659909,2010-05-10T07:02:28.130000Z,33.26166666666666,-116.3685,2.8,2.2,,,SCEDC,,A,87,0.15,SCSN
10659949,scedc:10659949,2010-05-10T07:37:37.680000Z,32.68833333333333,-115.85816666666666,8.38,2.1,,,SCEDC,,A,33,0.12,SCSN
10660021,scedc:10660021,2010-05-10T08:24:49.550000Z,32.73116666666667,-115.82316666666668,4.92,2.3,,,SCEDC,,A,65,0.21,SCSN
10660029,scedc:10660029,2010-05-10T08:26:43.590000Z,32.44,-115.55716666666666,0.08,2.0,,,SCEDC,,A,25,0.1,SCSN
10660037,scedc:10660037,2010-05-10T08:31:59.960000Z,32.68266666666667,-115.80066666666669,6.69,2.0,,,SCEDC,,A,50,0.21,SCSN
10660061,scedc:10660061,2010-05-10T08:57:46.470000Z,32.7095,-115.88316666666668,5.39,2.9,,,SCEDC,,A,64,0.22,SCSN
10660109,scedc:10660109,2010-05-10T10:11:44.780000Z,32.328833333333336,-115.30666666666669,13.62,2.9,,,SCEDC,,B,36,0.18,SCSN
10660157,scedc:10660157,2010-05-10T11:29:47.460000Z,32.438833333333335,-115.55416666666666,0.1,2.3,,,SCEDC,,A,37,0.18,SCSN
10660213,scedc:10660213,2010-05-10T12:33:19.930000Z,32.31166666666667,-115.40416666666668,7.81,2.2,,,SCEDC,,A,37,0.19,SCSN
10660221,scedc:10660221,2010-05-10T12:59:29.110000Z,32.35666666666667,-115.336,8.71,3.0,,,SCEDC,,A,36,0.21,SCSN
10660237,scedc:10660237,2010-05-10T13:19:34.130000Z,32.576,-115.6785,11.14,2.0,,,SCEDC,,A,39,0.13,SCSN
10660293,scedc:10660293,2010-05-10T14:04:30.730000Z,32.292833333333334,-115.42316666666666,13.76,2.0,,,SCEDC,,A,24,0.15,SCSN
10660365,scedc:10660365,2010-05-10T15:20:56.130000Z,32.699,-115.7815,4.38,2.2,,,SCEDC,,A,50,0.19,SCSN
10660421,scedc:10660421,2010-05-10T15:44:59.500000Z,32.330333333333336,-115.3705,1.39,2.1,,,SCEDC,,B,20,0.22,SCSN
10660405,scedc:10660405,2010-05-10T15:46:23.390000Z,32.75,-115.82016666666668,6.16,2.3,,,SCEDC,,A,16,0.12,SCSN
10660445,scedc:10660445,2010-05-10T16:30:29.250000Z,32.629333333333335,-115.75483333333334,9.96,2.1,,,SCEDC,,A,42,0.14,SCSN
10660557,scedc:10660557,2010-05-10T18:13:42.690000Z,32.27583333333333,-115.342,14.0,3.5,,,SCEDC,,B,28,0.22,SCSN
10660661,scedc:10660661,2010-05-10T19:17:14.230000Z,32.60583333333334,-115.74483333333332,9.06,2.0,,,SCEDC,,A,20,0.09,SCSN
10660685,scedc:10660685,2010-05-10T19:37:13.500000Z,32.29383333333333,-115.3865,4.64,2.3,,,SCEDC,,C,19,0.14,SCSN
10660725,scedc:10660725,2010-05-10T20:03:41.280000Z,32.397666666666666,-115.23416666666668,9.01,2.3,,,SCEDC,,A,15,0.11,SCSN
10660733,scedc:10660733,2010-05-10T20:11:21.140000Z,32.645833333333336,-115.762,5.0,2.0,,,SCEDC,,A,23,0.11,SCSN
10660773,scedc:10660773,2010-05-10T20:41:35.580000Z,32.639,-115.73783333333331,4.18,2.6,,,SCEDC,,A,50,0.2,SCSN
10660813,scedc:10660813,2010-05-10T21:02:31.190000Z,32.42466666666667,-115.50583333333331,9.26,2.1,,,SCEDC,,A,31,0.15,SCSN
10660837,scedc:10660837,2010-05-10T21:28:55.050000Z,35.529833333333336,-118.373,0.97,3.9,,,SCEDC,,A,75,0.09,SCSN
10660909,scedc:10660909,2010-05-10T22:07:56.440000Z,32.398666666666664,-115.23666666666666,8.88,2.0,,,SCEDC,,B,18,0.18,SCSN
10660917,scedc:10660917,2010-05-10T22:09:10.710000Z,32.39066666666667,-115.24333333333334,13.04,2.0,,,SCEDC,,B,22,0.21,SCSN
10660933,scedc:10660933,2010-05-10T22:17:58.460000Z,32.656666666666666,-115.92433333333334,7.46,2.4,,,SCEDC,,A,61,0.21,SCSN
10661045,scedc:10661045,2010-05-11T00:22:32.570000Z,32.679,-115.85133333333332,9.13,2.1,,,SCEDC,,A,37,0.15,SCSN
10661109,scedc:10661109,2010-05-11T02:46:48.110000Z,32.4345,-115.58283333333333,7.3,2.0,,,SCEDC,,C,18,0.16,SCSN
10661117,scedc:10661117,2010-05-11T03:01:45.830000Z,32.644333333333336,-115.79133333333333,3.11,2.1,,,SCEDC,,A,39,0.13,SCSN
10661141,scedc:10661141,2010-05-11T03:21:05.980000Z,32.598166666666664,-115.7195,3.87,2.2,,,SCEDC,,A,46,0.18,SCSN
10661189,scedc:10661189,2010-05-11T04:58:33.720000Z,32.74183333333333,-115.82166666666669,4.46,2.2,,,SCEDC,,A,63,0.18,SCSN
10661221,scedc:10661221,2010-05-11T05:53:43.710000Z,32.478833333333334,-115.5815,9.02,2.0,,,SCEDC,,A,40,0.21,SCSN
10661245,scedc:10661245,2010-05-11T06:19:09.110000Z,32.2985,-115.35316666666668,7.34,2.5,,,SCEDC,,A,24,0.14,SCSN
10661253,scedc:10661253,2010-05-11T06:31:45.600000Z,32.26433333333333,-115.35483333333332,6.53,2.6,,,SCEDC,,B,25,0.23,SCSN
10661261,scedc:10661261,2010-05-11T06:35:22.090000Z,32.65533333333333,-115.70683333333334,9.54,2.1,,,SCEDC,,A,34,0.15,SCSN
10661293,scedc:10661293,2010-05-11T07:13:18.610000Z,32.2845,-115.35483333333332,2.98,2.8,,,SCEDC,,B,33,0.21,SCSN
10661333,scedc:10661333,2010-05-11T07:34:21.520000Z,32.383,-115.49433333333332,14.02,2.3,,,SCEDC,,A,27,0.2,SCSN
10661373,scedc:10661373,2010-05-11T08:12:03.000000Z,32.262,-115.38183333333332,10.67,2.3,,,SCEDC,,B,21,0.2,SCSN
10661381,scedc:10661381,2010-05-11T08:14:06.060000Z,32.2575,-115.35366666666668,11.06,2.4,,,SCEDC,,B,17,0.14,SCSN
10661389,scedc:10661389,2010-05-11T08:19:15.180000Z,32.582,-115.7075,7.55,2.0,,,SCEDC,,A,21,0.15,SCSN
10661405,scedc:10661405,2010-05-11T08:22:56.360000Z,32.39116666666666,-115.186,15.81,2.3,,,SCEDC,,B,22,0.18,SCSN
10661445,scedc:10661445,2010-05-11T08:54:33.660000Z,32.70916666666667,-115.86316666666669,6.84,2.6,,,SCEDC,,A,65,0.22,SCSN
10661453,scedc:10661453,2010-05-11T09:13:27.360000Z,32.67766666666667,-115.85466666666667,8.48,2.5,,,SCEDC,,A,69,0.21,SCSN
10661477,scedc:10661477,2010-05-11T09:16:13.880000Z,32.7015,-115.87833333333332,2.86,2.1,,,SCEDC,,A,39,0.21,SCSN
10661517,scedc:10661517,2010-05-11T09:50:45.710000Z,32.303333333333335,-115.353,7.89,2.8,,,SCEDC,,A,41,0.18,SCSN
10661525,scedc:10661525,2010-05-11T09:52:53.820000Z,32.31016666666667,-115.33933333333331,8.02,2.4,,,SCEDC,,A,29,0.14,SCSN
10661565,scedc:10661565,2010-05-11T10:37:06.190000Z,32.9055,-117.86816666666668,5.84,2.3,,,SCEDC,,C,26,0.2,SCSN
10661613,scedc:10661613,2010-05-11T12:10:00.880000Z,32.243833333333335,-115.37933333333334,9.44,2.7,,,SCEDC,,C,13,0.14,SCSN
10661629,scedc:10661629,2010-05-11T12:41:21.870000Z,32.677166666666665,-115.843,7.67,2.5,,,SCEDC,,A,65,0.23,SCSN
37137323,scedc:37137323,2010-05-11T13:11:24.180000Z,32.272166666666664,-115.38166666666666,8.52,2.1,,,SCEDC,,A,12,0.09,SCSN
10661677,scedc:10661677,2010-05-11T13:12:55.000000Z,32.356833333333334,-115.34866666666667,11.39,2.0,,,SCEDC,,B,11,0.12,SCSN
10661685,scedc:10661685,2010-05-11T13:22:48.500000Z,32.6005,-115.7545,2.58,3.3,,,SCEDC,,A,49,0.23,SCSN
10661733,scedc:10661733,2010-05-11T14:09:54.910000Z,32.613166666666665,-115.756,4.18,2.3,,,SCEDC,,A,33,0.16,SCSN
10661789,scedc:10661789,2010-05-11T15:16:04.220000Z,32.50383333333333,-115.63283333333334,8.06,2.6,,,SCEDC,,A,30,0.26,SCSN
10661869,scedc:10661869,2010-05-11T16:54:12.350000Z,32.71333333333333,-115.85333333333334,7.61,2.0,,,SCEDC,,A,51,0.19,SCSN
10661901,scedc:10661901,2010-05-11T17:14:06.470000Z,32.481,-115.623,0.01,2.6,,,SCEDC,,A,33,0.13,SCSN
10661917,scedc:10661917,2010-05-11T17:25:48.920000Z,32.592166666666664,-115.73683333333334,2.46,2.0,,,SCEDC,,A,23,0.15,SCSN
10661933,scedc:10661933,2010-05-11T18:27:51.120000Z,32.70933333333333,-116.03616666666667,8.41,2.0,,,SCEDC,,A,56,0.24,SCSN
10661965,scedc:10661965,2010-05-11T18:44:49.350000Z,32.5435,-115.681,9.13,2.3,,,SCEDC,,A,26,0.19,SCSN
10662045,scedc:10662045,2010-05-11T20:34:13.920000Z,32.339666666666666,-115.3845,13.62,2.9,,,SCEDC,,B,29,0.21,SCSN
10662077,scedc:10662077,2010-05-11T21:34:17.620000Z,32.265166666666666,-115.36433333333332,8.5,2.5,,,SCEDC,,B,24,0.21,SCSN
10662093,scedc:10662093,2010-05-11T21:46:00.480000Z,32.617,-115.70983333333334,6.5,2.2,,,SCEDC,,A,35,0.16,SCSN
10662173,scedc:10662173,2010-05-11T23:19:18.840000Z,32.68683333333333,-115.84416666666668,7.75,2.4,,,SCEDC,,A,54,0.19,SCSN
10662261,scedc:10662261,2010-05-12T00:21:05.610000Z,32.334833333333336,-115.32283333333334,2.84,2.3,,,SCEDC,,A,18,0.14,SCSN
10662309,scedc:10662309,2010-05-12T02:58:17.380000Z,32.69616666666667,-115.83616666666668,7.02,2.2,,,SCEDC,,A,37,0.13,SCSN
10662405,scedc:10662405,2010-05-12T04:46:45.290000Z,32.69583333333333,-115.83716666666666,7.45,2.1,,,SCEDC,,A,40,0.16,SCSN
10662445,scedc:10662445,2010-05-12T05:18:11.330000Z,32.57683333333333,-115.67716666666666,9.96,2.1,,,SCEDC,,A,25,0.09,SCSN
10662485,scedc:10662485,2010-05-12T05:46:19.980000Z,32.54833333333333,-115.64433333333334,9.11,2.0,,,SCEDC,,A,22,0.13,SCSN
10662525,scedc:10662525,2010-05-12T07:08:55.340000Z,32.2795,-115.37783333333331,8.39,2.2,,,SCEDC,,B,14,0.23,SCSN
10662557,scedc:10662557,2010-05-12T07:28:37.630000Z,32.41133333333333,-115.505,12.79,2.5,,,SCEDC,,A,34,0.15,SCSN
10662613,scedc:10662613,2010-05-12T08:41:16.650000Z,32.302,-115.32433333333331,16.36,2.0,,,SCEDC,,C,25,0.13,SCSN
10662653,scedc:10662653,2010-05-12T09:45:30.080000Z,32.45216666666666,-115.5515,0.81,2.3,,,SCEDC,,A,29,0.13,SCSN
10662709,scedc:10662709,2010-05-12T10:21:56.300000Z,32.69883333333333,-115.795,4.19,2.0,,,SCEDC,,A,32,0.11,SCSN
10662717,scedc:10662717,2010-05-12T10:39:06.820000Z,32.35883333333334,-115.39416666666666,9.29,2.2,,,SCEDC,,B,26,0.17,SCSN
10662773,scedc:10662773,2010-05-12T12:23:37.210000Z,32.673833333333334,-115.79916666666666,7.67,2.4,,,SCEDC,,A,47,0.16,SCSN
10662797,scedc:10662797,2010-05-12T12:43:58.160000Z,32.290166666666664,-115.32616666666668,14.99,2.3,,,SCEDC,,C,12,0.16,SCSN
10662813,scedc:10662813,2010-05-12T12:46:50.870000Z,32.29983333333333,-115.31916666666666,14.76,2.1,,,SCEDC,,B,19,0.19,SCSN
10662837,scedc:10662837,2010-05-12T13:33:23.830000Z,32.721666666666664,-115.8745,5.18,3.6,,,SCEDC,,A,76,0.2,SCSN
37139083,scedc:37139083,2010-05-12T15:15:23.850000Z,32.660833333333336,-115.76883333333332,9.63,2.2,,,SCEDC,,A,28,0.11,SCSN
10662925,scedc:10662925,2010-05-12T15:15:29.750000Z,32.695,-115.84033333333332,7.43,2.6,,,SCEDC,,A,37,0.14,SCSN
10662941,scedc:10662941,2010-05-12T15:42:21.680000Z,32.3245,-115.399,14.19,2.5,,,SCEDC,,B,26,0.14,SCSN
10662989,scedc:10662989,2010-05-12T16:15:20.870000Z,32.61983333333333,-115.7655,7.61,2.2,,,SCEDC,,A,38,0.15,SCSN
10663157,scedc:10663157,2010-05-12T19:12:27.210000Z,32.32233333333333,-115.32816666666666,8.76,3.2,,,SCEDC,,B,29,0.19,SCSN
10663165,scedc:10663165,2010-05-12T19:13:31.980000Z,32.316833333333335,-115.3405,3.78,3.1,,,SCEDC,,B,22,0.13,SCSN
10663213,scedc:10663213,2010-05-12T20:51:20.330000Z,32.35916666666667,-115.455,8.12,2.1,,,SCEDC,,A,20,0.11,SCSN
10663477,scedc:10663477,2010-05-13T00:27:12.640000Z,32.338166666666666,-115.33816666666668,1.93,2.2,,,SCEDC,,B,30,0.19,SCSN
10663573,scedc:10663573,2010-05-13T01:57:31.360000Z,32.367333333333335,-115.31416666666668,7.74,2.0,,,SCEDC,,B,18,0.1,SCSN
10663741,scedc:10663741,2010-05-13T04:21:34.660000Z,32.35616666666667,-115.33383333333332,3.25,2.1,,,SCEDC,,B,21,0.2,SCSN
10663765,scedc:10663765,2010-05-13T04:43:48.780000Z,32.3435,-115.43416666666668,7.94,2.0,,,SCEDC,,A,20,0.11,SCSN
10663781,scedc:10663781,2010-05-13T05:30:51.000000Z,32.378166666666665,-115.34383333333334,8.65,2.0,,,SCEDC,,B,23,0.17,SCSN
10663885,scedc:10663885,2010-05-13T07:16:29.410000Z,32.32516666666667,-115.397,9.25,2.2,,,SCEDC,,C,29,0.29,SCSN
10663941,scedc:10663941,2010-05-13T08:02:52.470000Z,32.650333333333336,-115.74283333333334,3.26,2.9,,,SCEDC,,A,93,0.19,SCSN
10663957,scedc:10663957,2010-05-13T08:20:18.730000Z,32.303666666666665,-115.39116666666666,2.67,3.5,,,SCEDC,,C,24,0.13,SCSN
10663981,scedc:10663981,2010-05-13T08:38:18.120000Z,32.69916666666667,-115.86616666666669,5.9,2.6,,,SCEDC,,A,58,0.19,SCSN
10663997,scedc:10663997,2010-05-13T09:01:34.270000Z,32.67666666666667,-115.80616666666668,7.3,2.8,,,SCEDC,,A,68,0.19,SCSN
10664021,scedc:10664021,2010-05-13T09:38:27.000000Z,32.65683333333333,-115.6835,9.44,2.5,,,SCEDC,,A,44,0.16,SCSN
10664029,scedc:10664029,2010-05-13T09:39:36.020000Z,32.68,-115.85166666666667,8.46,2.1,,,SCEDC,,A,52,0.14,SCSN
10664053,scedc:10664053,2010-05-13T10:46:57.740000Z,32.407,-115.49033333333334,9.28,2.2,,,SCEDC,,A,28,0.19,SCSN
10150962,scedc:10150962,2010-05-13T10:47:43.850000Z,32.6605,-115.71433333333331,9.42,2.0,,,SCEDC,,A,39,0.13,SCSN
10664077,scedc:10664077,2010-05-13T10:52:06.140000Z,32.3555,-115.33466666666666,3.99,2.6,,,SCEDC,,C,26,0.18,SCSN
10664085,scedc:10664085,2010-05-13T10:58:38.190000Z,32.409166666666664,-115.48516666666669,6.26,2.2,,,SCEDC,,A,30,0.19,SCSN
10664213,scedc:10664213,2010-05-13T13:18:50.660000Z,32.704166666666666,-115.78216666666668,8.78,2.1,,,SCEDC,,A,35,0.12,SCSN
10664285,scedc:10664285,2010-05-13T14:57:33.310000Z,32.401,-115.52283333333334,7.96,2.0,,,SCEDC,,A,28,0.16,SCSN
10664293,scedc:10664293,2010-05-13T15:48:07.000000Z,32.62383333333333,-115.72316666666669,4.03,2.7,,,SCEDC,,A,28,0.15,SCSN
10664381,scedc:10664381,2010-05-13T17:23:43.960000Z,32.417833333333334,-115.55333333333331,12.48,3.3,,,SCEDC,,A,35,0.2,SCSN
10664525,scedc:10664525,2010-05-13T19:12:29.770000Z,32.64416666666666,-115.72016666666669,2.62,2.0,,,SCEDC,,A,18,0.15,SCSN
10664549,scedc:10664549,2010-05-13T20:03:39.380000Z,32.35366666666667,-115.388,10.6,2.1,,,SCEDC,,B,20,0.13,SCSN
10664637,scedc:10664637,2010-05-13T21:25:04.500000Z,32.64333333333333,-115.828,2.74,2.0,,,SCEDC,,A,46,0.18,SCSN
10664661,scedc:10664661,2010-05-13T21:54:24.060000Z,33.385,-116.4095,9.42,2.2,,,SCEDC,,A,83,0.25,SCSN
10664717,scedc:10664717,2010-05-13T22:47:21.290000Z,32.658166666666666,-115.81483333333334,4.45,2.0,,,SCEDC,,A,36,0.14,SCSN
10664797,scedc:10664797,2010-05-14T00:12:16.590000Z,32.308166666666665,-115.37616666666666,9.29,3.2,,,SCEDC,,A,42,0.2,SCSN
10664957,scedc:10664957,2010-05-14T02:13:27.700000Z,32.29116666666667,-115.3885,18.56,2.5,,,SCEDC,,B,21,0.22,SCSN
33293759,scedc:33293759,2010-05-14T02:13:44.090000Z,32.6535,-115.73816666666669,3.63,2.1,,,SCEDC,,A,25,0.13,SCSN
10665061,scedc:10665061,2010-05-14T03:10:58.110000Z,32.352333333333334,-115.3845,13.56,2.0,,,SCEDC,,A,22,0.14,SCSN
10665133,scedc:10665133,2010-05-14T04:13:17.260000Z,32.729,-115.877,2.8,2.7,,,SCEDC,,A,39,0.22,SCSN
10665149,scedc:10665149,2010-05-14T04:55:34.520000Z,32.693333333333335,-115.86583333333331,6.5,3.1,,,SCEDC,,A,40,0.18,SCSN
10665173,scedc:10665173,2010-05-14T05:11:07.870000Z,32.703833333333336,-115.861,4.8,3.9,,,SCEDC,,A,46,0.18,SCSN
10665357,scedc:10665357,2010-05-14T07:26:21.340000Z,32.627833333333335,-115.71433333333331,6.96,2.0,,,SCEDC,,A,36,0.16,SCSN
10665373,scedc:10665373,2010-05-14T07:53:22.330000Z,32.7895,-116.11483333333334,9.37,3.0,,,SCEDC,,A,56,0.17,SCSN
10665485,scedc:10665485,2010-05-14T09:22:27.560000Z,32.64983333333333,-115.7915,2.67,2.0,,,SCEDC,,A,33,0.16,SCSN
10665533,scedc:10665533,2010-05-14T10:05:10.860000Z,32.64516666666667,-115.79016666666666,3.29,2.6,,,SCEDC,,A,36,0.16,SCSN
10665541,scedc:10665541,2010-05-14T10:06:51.520000Z,34.3175,-116.921,7.29,2.6,,,SCEDC,,A,64,0.11,SCSN
33381759,scedc:33381759,2010-05-14T10:07:03.110000Z,34.319833333333335,-116.92333333333332,8.81,2.6,,,SCEDC,,A,34,0.15,SCSN
10665573,scedc:10665573,2010-05-14T10:40:17.000000Z,32.7855,-116.11166666666666,9.26,2.7,,,SCEDC,,A,79,0.21,SCSN
10665629,scedc:10665629,2010-05-14T11:35:17.090000Z,35.95783333333333,-117.32866666666666,0.97,3.5,,,SCEDC,,A,71,0.14,SCSN
10665677,scedc:10665677,2010-05-14T12:11:24.170000Z,35.95766666666667,-117.33216666666668,1.25,2.1,,,SCEDC,,A,48,0.16,SCSN
10665693,scedc:10665693,2010-05-14T12:29:02.700000Z,32.60666666666667,-115.75366666666666,8.34,3.3,,,SCEDC,,A,42,0.2,SCSN
10665885,scedc:10665885,2010-05-14T14:38:50.580000Z,32.7265,-115.83483333333334,6.11,2.3,,,SCEDC,,A,71,0.21,SCSN
10665933,scedc:10665933,2010-05-14T15:46:51.130000Z,32.5125,-115.60116666666669,9.15,2.5,,,SCEDC,,A,32,0.1,SCSN
10665981,scedc:10665981,2010-05-14T16:56:24.970000Z,32.35216666666667,-115.42016666666666,1.33,2.3,,,SCEDC,,B,27,0.14,SCSN
10665989,scedc:10665989,2010-05-14T17:00:09.180000Z,32.311166666666665,-115.3595,7.47,2.2,,,SCEDC,,B,27,0.16,SCSN
10666029,scedc:10666029,2010-05-14T17:10:45.110000Z,32.64633333333333,-115.72183333333334,6.28,2.0,,,SCEDC,,A,29,0.13,SCSN
10666125,scedc:10666125,2010-05-14T18:23:37.560000Z,32.289,-115.7465,9.78,2.0,,,SCEDC,,C,17,0.16,SCSN
10666149,scedc:10666149,2010-05-14T18:39:09.020000Z,32.6745,-115.84416666666668,7.32,2.0,,,SCEDC,,A,46,0.12,SCSN
10666157,scedc:10666157,2010-05-14T18:49:30.830000Z,32.653666666666666,-115.73483333333331,4.08,2.4,,,SCEDC,,A,29,0.15,SCSN
10666221,scedc:10666221,2010-05-14T19:48:58.750000Z,32.3385,-115.3955,15.01,2.5,,,SCEDC,,B,28,0.18,SCSN
10666269,scedc:10666269,2010-05-14T20:19:51.970000Z,32.61183333333334,-115.7135,10.66,2.0,,,SCEDC,,A,30,0.16,SCSN
10666397,scedc:10666397,2010-05-14T23:21:56.180000Z,32.65133333333333,-115.7185,8.78,2.6,,,SCEDC,,A,45,0.17,SCSN
10666413,scedc:10666413,2010-05-14T23:41:06.280000Z,32.6645,-115.8495,7.02,3.5,,,SCEDC,,A,49,0.16,SCSN
10666421,scedc:10666421,2010-05-14T23:45:41.830000Z,32.741166666666665,-115.82216666666666,4.94,2.2,,,SCEDC,,A,45,0.13,SCSN
10666621,scedc:10666621,2010-05-15T02:52:28.020000Z,32.693333333333335,-115.86116666666666,9.37,2.1,,,SCEDC,,A,48,0.15,SCSN
10666773,scedc:10666773,2010-05-15T05:26:12.130000Z,32.702666666666666,-115.86083333333332,6.26,2.1,,,SCEDC,,A,50,0.14,SCSN
10666797,scedc:10666797,2010-05-15T05:40:41.160000Z,32.715833333333336,-115.97483333333334,4.77,2.4,,,SCEDC,,A,35,0.14,SCSN
10666885,scedc:10666885,2010-05-15T06:45:05.660000Z,32.371,-115.32316666666668,8.04,2.1,,,SCEDC,,A,18,0.15,SCSN
10667029,scedc:10667029,2010-05-15T08:47:17.460000Z,35.536833333333334,-118.37133333333334,0.67,2.3,,,SCEDC,,A,39,0.2,SCSN
10667133,scedc:10667133,2010-05-15T09:32:19.170000Z,32.335,-115.3585,18.29,2.2,,,SCEDC,,B,24,0.15,SCSN
10667181,scedc:10667181,2010-05-15T10:27:37.500000Z,35.598,-120.698,5.57,2.6,,,SCEDC,,C,23,0.28,SCSN
10667245,scedc:10667245,2010-05-15T11:33:17.030000Z,33.99283333333333,-118.34283333333332,12.17,2.9,,,SCEDC,,A,94,0.35,SCSN
10667269,scedc:10667269,2010-05-15T11:40:59.200000Z,32.34466666666667,-115.3915,8.33,2.0,,,SCEDC,,B,20,0.14,SCSN
10667277,scedc:10667277,2010-05-15T11:45:20.480000Z,32.641333333333336,-115.73183333333331,4.17,2.0,,,SCEDC,,A,31,0.15,SCSN
10667293,scedc:10667293,2010-05-15T12:16:58.490000Z,32.66683333333334,-115.79116666666668,8.38,2.1,,,SCEDC,,A,33,0.18,SCSN
10667405,scedc:10667405,2010-05-15T15:10:50.950000Z,32.714,-115.763,8.9,2.0,,,SCEDC,,A,27,0.13,SCSN
10667517,scedc:10667517,2010-05-15T16:39:38.610000Z,35.315666666666665,-117.95983333333334,4.26,2.0,,,SCEDC,,C,53,0.19,SCSN
10667533,scedc:10667533,2010-05-15T16:45:21.750000Z,32.62433333333333,-115.75683333333332,7.99,2.3,,,SCEDC,,A,32,0.15,SCSN
10667549,scedc:10667549,2010-05-15T17:08:32.490000Z,35.315666666666665,-117.95983333333334,4.31,2.6,,,SCEDC,,C,68,0.24,SCSN
10667621,scedc:10667621,2010-05-15T18:07:23.170000Z,32.614,-115.73516666666669,10.39,2.1,,,SCEDC,,A,27,0.14,SCSN
10667637,scedc:10667637,2010-05-15T18:12:49.660000Z,32.7045,-115.86283333333331,7.13,2.0,,,SCEDC,,A,49,0.18,SCSN
10667653,scedc:10667653,2010-05-15T18:16:47.610000Z,32.61033333333334,-115.739,9.91,2.4,,,SCEDC,,A,36,0.18,SCSN
10152482,scedc:10152482,2010-05-15T19:16:06.380000Z,32.42316666666667,-115.5345,4.75,2.1,,,SCEDC,,C,23,0.09,SCSN
10667837,scedc:10667837,2010-05-15T21:32:56.480000Z,32.2945,-115.41383333333332,2.63,2.2,,,SCEDC,,C,22,0.19,SCSN
10667853,scedc:10667853,2010-05-15T21:41:41.150000Z,32.63733333333333,-115.75766666666668,9.21,2.1,,,SCEDC,,A,40,0.11,SCSN
10667877,scedc:10667877,2010-05-15T21:56:56.360000Z,32.3135,-115.422,0.23,2.0,,,SCEDC,,B,22,0.16,SCSN
10667901,scedc:10667901,2010-05-15T22:31:52.320000Z,32.39333333333333,-115.486,1.04,2.5,,,SCEDC,,A,25,0.08,SCSN
10667925,scedc:10667925,2010-05-15T22:37:37.890000Z,32.39483333333333,-115.48066666666666,3.83,2.0,,,SCEDC,,B,26,0.1,SCSN
10667957,scedc:10667957,2010-05-15T23:22:15.890000Z,32.723166666666664,-115.8445,4.8,2.3,,,SCEDC,,A,40,0.2,SCSN
10668037,scedc:10668037,2010-05-16T00:59:18.760000Z,32.311166666666665,-115.40466666666669,3.29,2.2,,,SCEDC,,C,27,0.12,SCSN
10668077,scedc:10668077,2010-05-16T01:26:26.080000Z,32.29633333333334,-115.38333333333334,7.67,2.0,,,SCEDC,,B,21,0.13,SCSN
10668277,scedc:10668277,2010-05-16T04:34:18.190000Z,32.658833333333334,-115.74333333333334,8.24,2.0,,,SCEDC,,A,29,0.15,SCSN
10668397,scedc:10668397,2010-05-16T06:23:27.880000Z,32.71216666666667,-115.77916666666668,9.6,2.1,,,SCEDC,,A,29,0.11,SCSN
10668453,scedc:10668453,2010-05-16T06:58:31.510000Z,32.737833333333334,-115.82183333333332,2.71,2.0,,,SCEDC,,A,33,0.14,SCSN
10668693,scedc:10668693,2010-05-16T10:52:12.880000Z,32.6135,-115.73583333333332,9.69,2.0,,,SCEDC,,A,34,0.11,SCSN
10668701,scedc:10668701,2010-05-16T10:52:42.660000Z,32.613,-115.74,9.45,2.1,,,SCEDC,,A,34,0.14,SCSN
10668893,scedc:10668893,2010-05-16T12:39:01.970000Z,32.6435,-115.73533333333332,4.66,2.0,,,SCEDC,,A,30,0.14,SCSN
10669061,scedc:10669061,2010-05-16T15:48:29.320000Z,32.29933333333334,-115.38216666666666,1.76,2.3,,,SCEDC,,B,27,0.13,SCSN
10669085,scedc:10669085,2010-05-16T16:02:23.220000Z,32.67166666666667,-115.92516666666668,8.03,2.2,,,SCEDC,,A,50,0.18,SCSN
10669093,scedc:10669093,2010-05-16T16:10:06.620000Z,32.714,-115.7725,8.04,2.4,,,SCEDC,,A,33,0.15,SCSN
10669109,scedc:10669109,2010-05-16T16:50:02.930000Z,32.6995,-115.86216666666668,6.33,2.8,,,SCEDC,,A,46,0.17,SCSN
10669157,scedc:10669157,2010-05-16T17:23:27.850000Z,36.40433333333333,-117.85483333333332,4.13,2.8,,,SCEDC,,C,49,0.22,SCSN
10669221,scedc:10669221,2010-05-16T18:33:25.750000Z,32.5355,-115.63516666666666,8.52,3.6,,,SCEDC,,A,45,0.15,SCSN
10669253,scedc:10669253,2010-05-16T19:15:09.890000Z,32.712833333333336,-115.7735,8.14,2.7,,,SCEDC,,A,45,0.2,SCSN
10669277,scedc:10669277,2010-05-16T20:24:07.920000Z,35.59283333333333,-118.36583333333331,2.7,2.2,,,SCEDC,,A,48,0.23,SCSN
10669309,scedc:10669309,2010-05-16T20:50:11.140000Z,35.532833333333336,-118.367,2.61,2.3,,,SCEDC,,A,66,0.24,SCSN
10669357,scedc:10669357,2010-05-16T22:22:49.150000Z,32.523,-115.63933333333334,2.85,2.1,,,SCEDC,,A,27,0.15,SCSN
10669381,scedc:10669381,2010-05-16T22:50:24.280000Z,32.910833333333336,-117.84616666666666,3.62,2.6,,,SCEDC,,A,56,0.32,SCSN
10669509,scedc:10669509,2010-05-17T00:50:37.200000Z,32.36083333333333,-115.31283333333332,5.5,2.0,,,SCEDC,,C,21,0.2,SCSN
10669557,scedc:10669557,2010-05-17T01:50:14.650000Z,32.612,-115.73333333333332,9.56,2.2,,,SCEDC,,A,29,0.14,SCSN
10669637,scedc:10669637,2010-05-17T03:05:23.240000Z,32.56633333333333,-115.68733333333331,8.38,2.0,,,SCEDC,,A,26,0.12,SCSN
10669773,scedc:10669773,2010-05-17T04:38:52.260000Z,32.544333333333334,-115.65933333333334,8.79,2.1,,,SCEDC,,A,24,0.14,SCSN
10669853,scedc:10669853,2010-05-17T05:08:41.200000Z,32.6625,-115.72116666666666,8.3,2.4,,,SCEDC,,A,26,0.13,SCSN
10669861,scedc:10669861,2010-05-17T05:09:04.730000Z,32.66266666666667,-115.72583333333333,8.61,3.5,,,SCEDC,,A,47,0.17,SCSN
37054923,scedc:37054923,2010-05-17T06:51:56.640000Z,32.411833333333334,-115.5105,12.83,2.1,,,SCEDC,,B,20,0.11,SCSN
10670013,scedc:10670013,2010-05-17T07:11:15.640000Z,32.69883333333333,-115.9145,6.9,2.2,,,SCEDC,,A,32,0.16,SCSN
10670141,scedc:10670141,2010-05-17T09:06:30.380000Z,32.53033333333333,-115.6365,6.9,2.1,,,SCEDC,,A,24,0.07,SCSN
10670197,scedc:10670197,2010-05-17T09:42:23.740000Z,32.3555,-115.32016666666668,8.1,2.1,,,SCEDC,,B,19,0.16,SCSN
10670253,scedc:10670253,2010-05-17T10:24:57.640000Z,32.648833333333336,-115.73033333333332,10.09,2.0,,,SCEDC,,A,25,0.16,SCSN
10670341,scedc:10670341,2010-05-17T12:10:00.960000Z,32.5255,-115.62333333333332,11.01,2.0,,,SCEDC,,A,26,0.17,SCSN
10670357,scedc:10670357,2010-05-17T12:26:21.200000Z,32.36183333333334,-115.492,0.1,2.1,,,SCEDC,,C,26,0.17,SCSN
10670405,scedc:10670405,2010-05-17T13:07:04.100000Z,32.7155,-115.85816666666666,7.32,2.0,,,SCEDC,,A,22,0.13,SCSN
10670413,scedc:10670413,2010-05-17T13:13:03.920000Z,32.7075,-115.9105,8.46,3.6,,,SCEDC,,A,55,0.19,SCSN
10670445,scedc:10670445,2010-05-17T13:59:43.000000Z,32.62416666666667,-115.694,9.15,2.0,,,SCEDC,,A,30,0.16,SCSN
10670477,scedc:10670477,2010-05-17T14:43:49.270000Z,32.39416666666666,-115.51766666666668,10.73,2.3,,,SCEDC,,C,28,0.14,SCSN
10670509,scedc:10670509,2010-05-17T14:56:03.470000Z,32.70166666666667,-115.91166666666666,6.61,2.3,,,SCEDC,,A,28,0.15,SCSN
10670557,scedc:10670557,2010-05-17T16:26:33.840000Z,32.5185,-115.66566666666668,1.34,2.0,,,SCEDC,,A,28,0.15,SCSN
10670653,scedc:10670653,2010-05-17T18:36:59.660000Z,32.406,-115.474,7.88,2.3,,,SCEDC,,A,26,0.2,SCSN
10670701,scedc:10670701,2010-05-17T20:55:59.500000Z,32.711166666666664,-115.86066666666666,7.57,2.4,,,SCEDC,,A,45,0.17,SCSN
10670709,scedc:10670709,2010-05-17T21:19:14.090000Z,32.393,-115.48483333333331,9.38,2.1,,,SCEDC,,B,22,0.15,SCSN
10670749,scedc:10670749,2010-05-17T22:19:33.210000Z,32.71083333333333,-115.97683333333332,6.97,2.4,,,SCEDC,,A,33,0.18,SCSN
10670821,scedc:10670821,2010-05-18T00:29:12.660000Z,32.3275,-115.31866666666669,8.81,2.8,,,SCEDC,,A,29,0.18,SCSN
37059723,scedc:37059723,2010-05-18T01:52:43.680000Z,32.79333333333334,-116.11616666666669,4.72,2.1,,,SCEDC,,C,36,0.15,SCSN
10670933,scedc:10670933,2010-05-18T03:57:10.010000Z,32.697,-115.849,7.61,2.1,,,SCEDC,,A,53,0.15,SCSN
10670997,scedc:10670997,2010-05-18T05:21:40.880000Z,32.411833333333334,-115.53133333333334,8.47,2.0,,,SCEDC,,B,18,0.09,SCSN
10671045,scedc:10671045,2010-05-18T06:20:39.680000Z,32.62016666666667,-115.758,8.85,2.6,,,SCEDC,,A,38,0.15,SCSN
10671069,scedc:10671069,2010-05-18T07:03:09.550000Z,32.8845,-116.25633333333332,7.06,2.0,,,SCEDC,,A,84,0.23,SCSN
10671077,scedc:10671077,2010-05-18T07:05:18.450000Z,32.60933333333333,-115.753,8.7,2.3,,,SCEDC,,A,32,0.16,SCSN
10671213,scedc:10671213,2010-05-18T09:52:18.120000Z,32.82533333333333,-115.94316666666668,9.46,2.6,,,SCEDC,,A,42,0.18,SCSN
10671365,scedc:10671365,2010-05-18T13:16:14.340000Z,32.291,-115.39283333333331,1.43,3.1,,,SCEDC,,A,25,0.13,SCSN
10671381,scedc:10671381,2010-05-18T13:57:04.480000Z,32.6585,-115.729,9.59,2.0,,,SCEDC,,A,25,0.14,SCSN
10671413,scedc:10671413,2010-05-18T14:20:45.260000Z,32.36216666666667,-115.518,9.96,2.1,,,SCEDC,,C,18,0.13,SCSN
37231517,scedc:37231517,2010-05-18T14:20:53.390000Z,32.36216666666667,-115.478,9.93,2.1,,,SCEDC,,C,9,0.14,SCSN
10671429,scedc:10671429,2010-05-18T15:02:10.930000Z,32.32033333333333,-115.33383333333332,12.86,2.3,,,SCEDC,,B,17,0.31,SCSN
10671445,scedc:10671445,2010-05-18T15:12:59.780000Z,32.64,-115.8815,5.22,2.1,,,SCEDC,,A,35,0.13,SCSN
10671517,scedc:10671517,2010-05-18T16:13:53.310000Z,32.65533333333333,-115.727,10.15,2.0,,,SCEDC,,A,24,0.13,SCSN
10671565,scedc:10671565,2010-05-18T16:53:01.310000Z,33.88283333333333,-119.3625,17.36,2.3,,,SCEDC,,B,18,0.17,SCSN
10671597,scedc:10671597,2010-05-18T17:18:49.080000Z,32.44016666666667,-115.52416666666667,8.91,2.2,,,SCEDC,,B,22,0.14,SCSN
10671677,scedc:10671677,2010-05-18T18:05:45.890000Z,32.409333333333336,-115.50033333333332,8.2,2.0,,,SCEDC,,B,19,0.12,SCSN
10671837,scedc:10671837,2010-05-18T21:11:50.070000Z,32.685,-115.83916666666669,8.49,2.5,,,SCEDC,,A,31,0.15,SCSN
10671909,scedc:10671909,2010-05-18T22:40:05.210000Z,32.66,-115.786,4.95,2.6,,,SCEDC,,A,38,0.21,SCSN
10671917,scedc:10671917,2010-05-18T22:44:12.740000Z,32.105666666666664,-116.36166666666666,5.44,2.3,,,SCEDC,,C,19,0.28,SCSN
10671933,scedc:10671933,2010-05-18T22:55:24.630000Z,32.365833333333335,-115.4105,12.36,2.3,,,SCEDC,,B,26,0.13,SCSN
10671965,scedc:10671965,2010-05-19T00:20:06.540000Z,33.01983333333333,-116.372,9.86,2.1,,,SCEDC,,A,91,0.24,SCSN
10671981,scedc:10671981,2010-05-19T00:26:05.560000Z,32.592166666666664,-115.717,2.46,2.9,,,SCEDC,,A,41,0.28,SCSN
10671989,scedc:10671989,2010-05-19T00:38:59.780000Z,32.66016666666667,-115.82533333333332,8.91,4.5,,,SCEDC,,A,39,0.18,SCSN
10672037,scedc:10672037,2010-05-19T00:56:55.600000Z,32.6655,-115.81366666666666,10.39,2.0,,,SCEDC,,A,30,0.1,SCSN
10672053,scedc:10672053,2010-05-19T01:09:19.500000Z,32.7085,-116.0115,2.92,2.0,,,SCEDC,,A,24,0.14,SCSN
10672061,scedc:10672061,2010-05-19T01:14:02.150000Z,32.910833333333336,-117.85366666666668,5.65,2.3,,,SCEDC,,C,30,0.21,SCSN
10672125,scedc:10672125,2010-05-19T02:12:53.900000Z,32.658833333333334,-115.81766666666668,9.11,2.7,,,SCEDC,,A,37,0.16,SCSN
10672133,scedc:10672133,2010-05-19T02:15:46.080000Z,32.702,-115.967,9.1,2.0,,,SCEDC,,A,31,0.14,SCSN
10672141,scedc:10672141,2010-05-19T02:28:34.320000Z,32.6825,-115.8165,10.49,2.1,,,SCEDC,,A,28,0.13,SCSN
10672165,scedc:10672165,2010-05-19T02:51:17.070000Z,32.66983333333334,-115.82983333333334,8.85,2.3,,,SCEDC,,A,32,0.16,SCSN
10672221,scedc:10672221,2010-05-19T03:35:24.300000Z,32.6745,-115.82016666666668,9.66,2.1,,,SCEDC,,A,34,0.16,SCSN
10672277,scedc:10672277,2010-05-19T04:17:21.150000Z,32.66316666666667,-115.81883333333332,10.16,2.3,,,SCEDC,,A,31,0.18,SCSN
10672301,scedc:10672301,2010-05-19T04:33:27.280000Z,32.68183333333333,-115.796,7.83,2.6,,,SCEDC,,A,37,0.16,SCSN
10672309,scedc:10672309,2010-05-19T04:35:03.010000Z,32.67433333333334,-115.79916666666666,7.79,2.2,,,SCEDC,,A,31,0.17,SCSN
10672325,scedc:10672325,2010-05-19T05:03:36.320000Z,32.67283333333334,-115.81733333333334,7.69,2.4,,,SCEDC,,A,34,0.14,SCSN
10672341,scedc:10672341,2010-05-19T05:06:03.020000Z,32.657333333333334,-115.95133333333334,4.79,2.2,,,SCEDC,,A,37,0.17,SCSN
10672397,scedc:10672397,2010-05-19T05:42:55.760000Z,32.341833333333334,-115.42183333333334,14.12,2.0,,,SCEDC,,B,17,0.21,SCSN
10672493,scedc:10672493,2010-05-19T06:24:48.220000Z,32.9065,-117.84883333333332,5.84,2.5,,,SCEDC,,C,73,0.42,SCSN
10672509,scedc:10672509,2010-05-19T06:32:27.220000Z,32.66116666666667,-115.8255,9.69,2.7,,,SCEDC,,A,42,0.17,SCSN
10672573,scedc:10672573,2010-05-19T07:23:06.790000Z,32.6675,-115.82583333333334,8.96,3.7,,,SCEDC,,A,47,0.23,SCSN
10672581,scedc:10672581,2010-05-19T07:37:50.730000Z,32.67,-115.82083333333334,8.21,2.0,,,SCEDC,,A,33,0.14,SCSN
10672677,scedc:10672677,2010-05-19T08:37:51.580000Z,32.68783333333333,-115.77866666666668,6.71,2.6,,,SCEDC,,A,32,0.14,SCSN
10672693,scedc:10672693,2010-05-19T09:21:51.000000Z,32.688,-115.809,8.18,2.3,,,SCEDC,,A,30,0.21,SCSN
10672789,scedc:10672789,2010-05-19T10:44:36.910000Z,32.5765,-115.676,6.13,2.0,,,SCEDC,,C,13,0.06,SCSN
10672869,scedc:10672869,2010-05-19T12:51:27.720000Z,32.61,-115.71183333333332,7.38,2.2,,,SCEDC,,A,22,0.14,SCSN
10673021,scedc:10673021,2010-05-19T14:27:58.100000Z,32.362833333333334,-115.413,9.26,2.3,,,SCEDC,,B,21,0.15,SCSN
10673029,scedc:10673029,2010-05-19T14:34:52.090000Z,32.42666666666667,-115.50966666666666,8.16,2.1,,,SCEDC,,A,26,0.13,SCSN
10673037,scedc:10673037,2010-05-19T14:39:26.430000Z,32.64533333333333,-115.7415,5.2,4.0,,,SCEDC,,A,42,0.19,SCSN
10673109,scedc:10673109,2010-05-19T15:31:44.570000Z,32.36216666666667,-115.3515,3.75,2.3,,,SCEDC,,B,19,0.13,SCSN
10673213,scedc:10673213,2010-05-19T16:59:02.000000Z,32.659166666666664,-115.79383333333334,10.21,2.2,,,SCEDC,,A,28,0.1,SCSN
10673221,scedc:10673221,2010-05-19T16:59:37.090000Z,32.687666666666665,-115.807,8.91,2.8,,,SCEDC,,A,37,0.14,SCSN
10673245,scedc:10673245,2010-05-19T17:34:04.560000Z,32.867666666666665,-115.97783333333334,9.08,2.7,,,SCEDC,,A,42,0.15,SCSN
10673317,scedc:10673317,2010-05-19T18:51:28.290000Z,33.1975,-116.02116666666667,11.36,2.9,,,SCEDC,,A,90,0.24,SCSN
14714900,scedc:14714900,2010-05-19T21:50:42.150000Z,36.016,-117.81916666666666,0.68,2.3,,,SCEDC,,A,52,0.19,SCSN
37231789,scedc:37231789,2010-05-20T03:41:44.650000Z,32.4385,-115.54233333333332,7.72,2.6,,,SCEDC,,C,18,0.13,SCSN
14715196,scedc:14715196,2010-05-20T03:41:53.750000Z,32.4005,-115.54283333333332,9.13,2.9,,,SCEDC,,B,32,0.2,SCSN
14715236,scedc:14715236,2010-05-20T04:09:28.960000Z,32.433,-115.54866666666666,0.03,2.1,,,SCEDC,,C,22,0.1,SCSN
14715244,scedc:14715244,2010-05-20T04:17:28.330000Z,32.67583333333333,-115.84783333333333,9.09,2.9,,,SCEDC,,A,47,0.16,SCSN
14715268,scedc:14715268,2010-05-20T04:39:42.210000Z,32.70766666666667,-115.91266666666668,7.48,2.5,,,SCEDC,,A,16,0.11,SCSN
14715388,scedc:14715388,2010-05-20T06:45:07.400000Z,32.70016666666667,-116.01616666666666,2.98,2.3,,,SCEDC,,A,38,0.16,SCSN
14715460,scedc:14715460,2010-05-20T08:10:03.240000Z,32.66433333333333,-115.82533333333332,8.12,2.1,,,SCEDC,,A,35,0.15,SCSN
14715500,scedc:14715500,2010-05-20T08:59:34.410000Z,32.67216666666667,-115.85233333333332,6.58,3.7,,,SCEDC,,A,43,0.16,SCSN
33445759,scedc:33445759,2010-05-20T09:00:54.820000Z,32.67616666666667,-115.85183333333332,7.63,2.3,,,SCEDC,,A,33,0.1,SCSN
14715508,scedc:14715508,2010-05-20T09:01:45.070000Z,32.67066666666667,-115.85016666666668,8.06,2.4,,,SCEDC,,A,34,0.17,SCSN
14715524,scedc:14715524,2010-05-20T09:22:39.940000Z,32.67366666666667,-115.85666666666668,6.58,3.4,,,SCEDC,,A,38,0.16,SCSN
14715540,scedc:14715540,2010-05-20T09:26:25.860000Z,32.677166666666665,-115.85583333333334,5.75,4.2,,,SCEDC,,A,43,0.15,SCSN
14715548,scedc:14715548,2010-05-20T09:30:25.540000Z,32.68233333333333,-115.85766666666666,8.07,2.6,,,SCEDC,,A,31,0.12,SCSN
33477759,scedc:33477759,2010-05-20T09:30:40.710000Z,32.67466666666667,-115.85516666666666,8.71,2.6,,,SCEDC,,A,18,0.1,SCSN
14715564,scedc:14715564,2010-05-20T09:42:25.260000Z,32.680166666666665,-115.85833333333332,6.47,3.2,,,SCEDC,,A,31,0.11,SCSN
14715580,scedc:14715580,2010-05-20T09:45:37.640000Z,32.675,-115.852,7.38,2.4,,,SCEDC,,A,35,0.14,SCSN
14715684,scedc:14715684,2010-05-20T10:28:09.110000Z,32.67316666666667,-115.86016666666669,7.05,3.4,,,SCEDC,,A,41,0.16,SCSN
14715716,scedc:14715716,2010-05-20T11:09:16.050000Z,32.68483333333333,-115.776,7.49,2.2,,,SCEDC,,A,37,0.17,SCSN
14715820,scedc:14715820,2010-05-20T12:19:40.990000Z,32.672,-115.84933333333332,7.99,2.0,,,SCEDC,,A,31,0.11,SCSN
14715900,scedc:14715900,2010-05-20T13:14:14.210000Z,33.5095,-116.46166666666667,5.05,2.7,,,SCEDC,,A,78,0.25,SCSN
14715932,scedc:14715932,2010-05-20T13:44:07.050000Z,32.6715,-115.846,6.0,2.0,,,SCEDC,,A,26,0.13,SCSN
14715956,scedc:14715956,2010-05-20T14:14:55.260000Z,32.36516666666667,-115.48483333333331,0.08,2.0,,,SCEDC,,C,18,0.13,SCSN
14715972,scedc:14715972,2010-05-20T14:26:43.930000Z,32.312,-115.358,3.56,2.1,,,SCEDC,,C,16,0.1,SCSN
10153282,scedc:10153282,2010-05-20T14:37:07.260000Z,32.669,-115.823,9.54,2.0,,,SCEDC,,A,26,0.1,SCSN
14715996,scedc:14715996,2010-05-20T14:37:17.860000Z,32.668,-115.82533333333332,10.13,2.4,,,SCEDC,,A,28,0.11,SCSN
14716044,scedc:14716044,2010-05-20T14:59:58.110000Z,32.6705,-115.81666666666666,8.99,2.4,,,SCEDC,,A,35,0.18,SCSN
14716348,scedc:14716348,2010-05-20T20:56:03.140000Z,32.64566666666666,-115.7345,9.31,2.3,,,SCEDC,,A,25,0.1,SCSN
14716444,scedc:14716444,2010-05-20T22:23:14.090000Z,32.387,-115.50533333333334,9.5,2.0,,,SCEDC,,B,17,0.11,SCSN
14716484,scedc:14716484,2010-05-20T22:35:29.530000Z,32.39266666666666,-115.5645,5.54,2.3,,,SCEDC,,C,14,0.15,SCSN
14716492,scedc:14716492,2010-05-20T22:46:42.360000Z,32.343833333333336,-115.3165,8.28,2.0,,,SCEDC,,B,15,0.15,SCSN
14716548,scedc:14716548,2010-05-20T23:42:37.190000Z,32.3585,-115.41716666666667,0.52,2.1,,,SCEDC,,B,18,0.13,SCSN
14716588,scedc:14716588,2010-05-21T00:34:36.510000Z,32.556666666666665,-115.5115,1.79,2.0,,,SCEDC,,A,19,0.09,SCSN
14716692,scedc:14716692,2010-05-21T01:44:44.370000Z,33.879333333333335,-120.55133333333332,2.6,3.1,,,SCEDC,,C,41,0.22,SCSN
14716700,scedc:14716700,2010-05-21T01:57:13.000000Z,33.01466666666666,-116.30766666666666,8.42,2.4,,,SCEDC,,A,92,0.21,SCSN
14716764,scedc:14716764,2010-05-21T02:30:28.740000Z,32.070166666666665,-116.231,9.54,2.3,,,SCEDC,,C,22,0.13,SCSN
14716772,scedc:14716772,2010-05-21T02:34:59.110000Z,32.43033333333333,-115.55466666666666,5.26,2.1,,,SCEDC,,C,18,0.17,SCSN
14716852,scedc:14716852,2010-05-21T04:11:14.570000Z,32.733333333333334,-115.86766666666666,4.49,2.0,,,SCEDC,,A,31,0.13,SCSN
14716964,scedc:14716964,2010-05-21T05:32:54.920000Z,32.30616666666667,-115.36433333333332,9.15,2.1,,,SCEDC,,B,20,0.17,SCSN
14717156,scedc:14717156,2010-05-21T07:34:35.280000Z,32.6685,-115.82333333333334,8.96,2.3,,,SCEDC,,A,39,0.16,SCSN
14717380,scedc:14717380,2010-05-21T10:10:13.150000Z,32.68,-115.81666666666666,9.79,2.8,,,SCEDC,,A,37,0.16,SCSN
14717404,scedc:14717404,2010-05-21T11:05:41.050000Z,32.42633333333333,-115.52816666666666,9.43,2.5,,,SCEDC,,A,37,0.16,SCSN
14717460,scedc:14717460,2010-05-21T12:25:59.960000Z,32.714,-116.0295,10.07,2.0,,,SCEDC,,A,33,0.14,SCSN
14717476,scedc:14717476,2010-05-21T12:56:51.940000Z,32.39,-115.52416666666667,13.44,2.7,,,SCEDC,,A,33,0.16,SCSN
14717500,scedc:14717500,2010-05-21T13:14:06.310000Z,32.67816666666667,-115.85583333333334,8.36,2.5,,,SCEDC,,A,38,0.13,SCSN
14717684,scedc:14717684,2010-05-21T16:52:43.470000Z,32.720166666666664,-115.8755,5.76,2.1,,,SCEDC,,A,31,0.15,SCSN
14717764,scedc:14717764,2010-05-21T17:59:49.490000Z,32.63883333333333,-115.72533333333334,7.25,2.2,,,SCEDC,,A,23,0.1,SCSN
14717780,scedc:14717780,2010-05-21T18:06:15.350000Z,35.687333333333335,-116.52016666666668,9.12,2.5,,,SCEDC,,C,25,0.18,SCSN
14717900,scedc:14717900,2010-05-21T20:29:19.990000Z,32.682,-115.84566666666667,9.12,2.0,,,SCEDC,,A,28,0.12,SCSN
14717932,scedc:14717932,2010-05-21T20:40:54.530000Z,33.115,-116.46316666666668,8.48,2.5,,,SCEDC,,A,68,0.22,SCSN
14717956,scedc:14717956,2010-05-21T22:57:11.630000Z,32.659666666666666,-115.77066666666668,8.87,2.8,,,SCEDC,,A,38,0.14,SCSN
14717972,scedc:14717972,2010-05-21T23:03:03.350000Z,32.45733333333333,-115.56316666666666,4.94,2.4,,,SCEDC,,C,20,0.1,SCSN
14718004,scedc:14718004,2010-05-21T23:21:28.260000Z,32.721,-116.02933333333333,2.88,2.3,,,SCEDC,,A,29,0.15,SCSN
14718012,scedc:14718012,2010-05-21T23:33:58.700000Z,32.590833333333336,-115.7115,7.14,2.5,,,SCEDC,,A,25,0.11,SCSN
14718092,scedc:14718092,2010-05-22T01:47:10.790000Z,32.73266666666667,-115.86583333333331,6.82,2.4,,,SCEDC,,A,23,0.09,SCSN
14718124,scedc:14718124,2010-05-22T02:11:34.840000Z,32.658,-115.8145,9.26,3.1,,,SCEDC,,A,39,0.15,SCSN
14718172,scedc:14718172,2010-05-22T04:28:58.830000Z,32.659333333333336,-115.815,9.51,3.2,,,SCEDC,,A,34,0.14,SCSN
33509759,scedc:33509759,2010-05-22T04:29:40.850000Z,32.657666666666664,-115.81716666666668,8.46,2.4,,,SCEDC,,A,32,0.17,SCSN
14718188,scedc:14718188,2010-05-22T04:39:46.630000Z,32.44616666666667,-115.44483333333334,1.02,2.0,,,SCEDC,,C,17,0.18,SCSN
14718212,scedc:14718212,2010-05-22T04:53:18.630000Z,32.715666666666664,-115.94766666666666,9.02,4.0,,,SCEDC,,A,45,0.17,SCSN
14718292,scedc:14718292,2010-05-22T06:10:43.480000Z,32.724333333333334,-115.94433333333332,9.2,2.4,,,SCEDC,,A,26,0.11,SCSN
14718300,scedc:14718300,2010-05-22T06:15:08.320000Z,32.715666666666664,-115.945,9.51,2.1,,,SCEDC,,A,39,0.13,SCSN
14718316,scedc:14718316,2010-05-22T06:24:24.780000Z,32.39266666666666,-115.20666666666666,7.75,2.0,,,SCEDC,,C,9,0.12,SCSN
14718308,scedc:14718308,2010-05-22T06:26:46.870000Z,32.68116666666667,-115.81866666666669,9.87,2.5,,,SCEDC,,A,34,0.15,SCSN
14718364,scedc:14718364,2010-05-22T07:52:01.820000Z,32.721333333333334,-115.9425,9.89,2.1,,,SCEDC,,A,31,0.1,SCSN
14718380,scedc:14718380,2010-05-22T08:03:13.720000Z,32.64066666666667,-115.73,4.78,2.1,,,SCEDC,,A,24,0.11,SCSN
14718436,scedc:14718436,2010-05-22T09:21:24.120000Z,32.46,-115.56116666666668,8.22,2.0,,,SCEDC,,C,22,0.15,SCSN
14718468,scedc:14718468,2010-05-22T10:02:11.910000Z,32.683,-115.8425,9.79,2.1,,,SCEDC,,A,24,0.11,SCSN
14718476,scedc:14718476,2010-05-22T10:13:18.510000Z,32.680166666666665,-115.84133333333334,9.8,2.3,,,SCEDC,,A,36,0.17,SCSN
14718500,scedc:14718500,2010-05-22T11:17:25.160000Z,32.645,-115.73116666666668,4.47,2.0,,,SCEDC,,A,28,0.16,SCSN
14718508,scedc:14718508,2010-05-22T11:37:50.250000Z,32.284666666666666,-115.41866666666668,8.37,2.2,,,SCEDC,,A,14,0.08,SCSN
14718524,scedc:14718524,2010-05-22T11:49:49.520000Z,32.402166666666666,-115.521,8.38,2.1,,,SCEDC,,B,16,0.13,SCSN
14718572,scedc:14718572,2010-05-22T13:12:29.880000Z,32.662166666666664,-115.71883333333334,8.85,2.6,,,SCEDC,,A,29,0.11,SCSN
14718580,scedc:14718580,2010-05-22T13:28:16.870000Z,32.71633333333333,-116.01866666666666,9.2,2.0,,,SCEDC,,A,38,0.19,SCSN
14718612,scedc:14718612,2010-05-22T13:50:38.170000Z,32.081833333333336,-116.20516666666668,9.57,2.4,,,SCEDC,,C,17,0.28,SCSN
14718636,scedc:14718636,2010-05-22T14:28:16.390000Z,35.69283333333333,-116.525,3.19,2.5,,,SCEDC,,A,23,0.14,SCSN
14718716,scedc:14718716,2010-05-22T16:27:32.380000Z,32.705333333333336,-115.86133333333332,5.41,2.0,,,SCEDC,,A,27,0.1,SCSN
14718756,scedc:14718756,2010-05-22T17:30:58.170000Z,32.61683333333333,-115.75633333333332,8.07,4.9,,,SCEDC,,A,44,0.17,SCSN
14718764,scedc:14718764,2010-05-22T17:33:17.900000Z,32.62433333333333,-115.76833333333332,7.49,4.6,,,SCEDC,,A,37,0.14,SCSN
37231909,scedc:37231909,2010-05-22T17:37:03.420000Z,32.611333333333334,-115.749,9.34,2.7,,,SCEDC,,A,16,0.11,SCSN
14718772,scedc:14718772,2010-05-22T17:37:50.060000Z,32.6295,-115.77116666666667,8.91,3.2,,,SCEDC,,A,30,0.11,SCSN
37231917,scedc:37231917,2010-05-22T17:40:20.190000Z,32.64116666666666,-115.70833333333331,6.61,2.2,,,SCEDC,,A,10,0.06,SCSN
14718780,scedc:14718780,2010-05-22T17:41:09.910000Z,32.63283333333333,-115.778,10.71,2.2,,,SCEDC,,A,23,0.12,SCSN
37231925,scedc:37231925,2010-05-22T17:42:14.480000Z,32.60733333333334,-115.72866666666668,8.08,2.2,,,SCEDC,,A,14,0.12,SCSN
14718788,scedc:14718788,2010-05-22T17:44:14.700000Z,32.622,-115.7625,9.97,2.8,,,SCEDC,,A,39,0.17,SCSN
14718796,scedc:14718796,2010-05-22T17:45:10.640000Z,32.6175,-115.759,8.67,2.7,,,SCEDC,,A,27,0.12,SCSN
14718812,scedc:14718812,2010-05-22T17:52:03.080000Z,32.6185,-115.7495,9.68,2.0,,,SCEDC,,A,20,0.12,SCSN
14718836,scedc:14718836,2010-05-22T17:59:46.020000Z,32.616,-115.76433333333334,6.39,3.5,,,SCEDC,,A,43,0.16,SCSN
33517775,scedc:33517775,2010-05-22T18:00:18.230000Z,32.62983333333333,-115.7715,9.23,2.6,,,SCEDC,,A,23,0.12,SCSN
14718868,scedc:14718868,2010-05-22T18:21:17.850000Z,32.6115,-115.759,7.06,2.1,,,SCEDC,,A,27,0.14,SCSN
14718884,scedc:14718884,2010-05-22T18:25:47.190000Z,32.573,-115.692,8.22,2.6,,,SCEDC,,A,32,0.12,SCSN
14718900,scedc:14718900,2010-05-22T18:29:16.640000Z,32.61533333333333,-115.762,8.06,2.6,,,SCEDC,,A,36,0.14,SCSN
14718908,scedc:14718908,2010-05-22T18:32:43.200000Z,32.612,-115.76183333333331,6.83,2.1,,,SCEDC,,A,25,0.17,SCSN
14718924,scedc:14718924,2010-05-22T18:34:04.370000Z,32.587,-115.70383333333334,8.41,2.9,,,SCEDC,,A,38,0.12,SCSN
14718964,scedc:14718964,2010-05-22T18:44:01.730000Z,32.6125,-115.75116666666666,10.15,2.4,,,SCEDC,,A,40,0.15,SCSN
14718972,scedc:14718972,2010-05-22T18:47:31.610000Z,32.609,-115.7385,10.42,2.0,,,SCEDC,,A,20,0.16,SCSN
14718988,scedc:14718988,2010-05-22T18:51:36.790000Z,32.6235,-115.76216666666669,9.92,2.6,,,SCEDC,,A,35,0.13,SCSN
14719020,scedc:14719020,2010-05-22T19:19:32.770000Z,32.606833333333334,-115.7385,7.63,2.0,,,SCEDC,,A,24,0.15,SCSN
14719052,scedc:14719052,2010-05-22T19:40:02.420000Z,32.61566666666667,-115.74933333333334,7.6,2.9,,,SCEDC,,A,39,0.15,SCSN
14719068,scedc:14719068,2010-05-22T19:54:29.550000Z,32.62433333333333,-115.7695,11.31,2.1,,,SCEDC,,A,31,0.11,SCSN
37232141,scedc:37232141,2010-05-22T19:54:39.260000Z,32.61816666666667,-115.751,10.13,2.1,,,SCEDC,,A,15,0.08,SCSN
14719076,scedc:14719076,2010-05-22T19:57:39.460000Z,32.605,-115.734,3.64,3.0,,,SCEDC,,A,43,0.25,SCSN
14719092,scedc:14719092,2010-05-22T20:01:18.080000Z,34.524166666666666,-116.27033333333333,3.84,2.4,,,SCEDC,,A,60,0.16,SCSN
14719124,scedc:14719124,2010-05-22T20:15:52.900000Z,32.612833333333334,-115.74966666666668,7.99,3.9,,,SCEDC,,A,46,0.16,SCSN
37051403,scedc:37051403,2010-05-22T20:23:15.220000Z,32.611333333333334,-115.74733333333332,7.39,2.2,,,SCEDC,,A,29,0.18,SCSN
14719172,scedc:14719172,2010-05-22T20:30:50.900000Z,32.611,-115.7475,8.34,2.0,,,SCEDC,,A,24,0.13,SCSN
14719204,scedc:14719204,2010-05-22T20:41:53.200000Z,32.61533333333333,-115.767,5.17,2.4,,,SCEDC,,A,38,0.18,SCSN
37052227,scedc:37052227,2010-05-22T20:49:51.370000Z,32.6155,-115.725,4.05,2.0,,,SCEDC,,B,22,0.18,SCSN
14719316,scedc:14719316,2010-05-22T22:05:38.410000Z,32.61966666666667,-115.75533333333334,9.23,2.5,,,SCEDC,,A,36,0.15,SCSN
14719324,scedc:14719324,2010-05-22T22:07:30.140000Z,32.623666666666665,-115.77116666666667,10.13,2.5,,,SCEDC,,A,43,0.12,SCSN
14719340,scedc:14719340,2010-05-22T22:26:02.100000Z,32.607166666666664,-115.7415,7.32,2.8,,,SCEDC,,A,41,0.14,SCSN
14719356,scedc:14719356,2010-05-22T22:38:02.530000Z,32.61383333333333,-115.7545,9.87,2.2,,,SCEDC,,A,23,0.12,SCSN
14719348,scedc:14719348,2010-05-22T22:39:02.220000Z,32.62716666666667,-115.771,11.27,2.3,,,SCEDC,,A,37,0.17,SCSN
14719380,scedc:14719380,2010-05-22T22:40:36.890000Z,32.3275,-115.48466666666668,17.79,2.5,,,SCEDC,,B,23,0.2,SCSN
14719364,scedc:14719364,2010-05-22T22:43:06.760000Z,32.638333333333335,-115.7385,4.49,2.4,,,SCEDC,,A,32,0.15,SCSN
14719372,scedc:14719372,2010-05-22T22:43:36.170000Z,32.609833333333334,-115.754,9.92,2.9,,,SCEDC,,A,37,0.13,SCSN
14719404,scedc:14719404,2010-05-22T22:56:39.100000Z,32.6105,-115.747,9.86,2.1,,,SCEDC,,A,27,0.15,SCSN
14719428,scedc:14719428,2010-05-22T23:06:52.340000Z,32.63216666666667,-115.77666666666669,9.49,2.2,,,SCEDC,,A,35,0.16,SCSN
14719484,scedc:14719484,2010-05-22T23:46:56.370000Z,32.604,-115.76,6.35,2.0,,,SCEDC,,A,41,0.19,SCSN
14719508,scedc:14719508,2010-05-22T23:55:55.590000Z,32.834,-115.942,8.78,2.4,,,SCEDC,,A,53,0.18,SCSN
14719516,scedc:14719516,2010-05-22T23:58:17.190000Z,32.82983333333333,-115.94483333333334,8.44,2.0,,,SCEDC,,A,41,0.18,SCSN
14719524,scedc:14719524,2010-05-23T00:25:22.100000Z,32.61066666666667,-115.75933333333332,5.5,3.1,,,SCEDC,,A,46,0.15,SCSN
14719532,scedc:14719532,2010-05-23T00:32:54.430000Z,32.625166666666665,-115.75716666666666,11.26,2.0,,,SCEDC,,A,32,0.13,SCSN
37232269,scedc:37232269,2010-05-23T00:33:13.090000Z,32.62916666666667,-115.7745,9.66,2.0,,,SCEDC,,A,17,0.11,SCSN
14719548,scedc:14719548,2010-05-23T00:39:50.780000Z,32.727666666666664,-116.05783333333332,5.59,2.0,,,SCEDC,,A,33,0.19,SCSN
14719556,scedc:14719556,2010-05-23T00:48:52.320000Z,32.62716666666667,-115.77366666666668,10.89,2.3,,,SCEDC,,A,30,0.18,SCSN
14719604,scedc:14719604,2010-05-23T01:52:40.070000Z,32.619,-115.77433333333332,5.25,2.2,,,SCEDC,,A,25,0.17,SCSN
14719612,scedc:14719612,2010-05-23T02:17:41.760000Z,32.605666666666664,-115.75483333333334,7.01,2.1,,,SCEDC,,A,25,0.14,SCSN
14719700,scedc:14719700,2010-05-23T05:11:58.890000Z,32.86566666666667,-116.22316666666669,8.77,2.0,,,SCEDC,,A,74,0.25,SCSN
14719716,scedc:14719716,2010-05-23T05:33:17.740000Z,32.420833333333334,-115.543,5.57,2.5,,,SCEDC,,C,21,0.08,SCSN
14719772,scedc:14719772,2010-05-23T06:07:34.110000Z,32.61666666666667,-115.765,6.91,2.4,,,SCEDC,,A,32,0.14,SCSN
14719796,scedc:14719796,2010-05-23T07:04:12.490000Z,32.606833333333334,-115.75216666666668,4.55,2.4,,,SCEDC,,A,32,0.17,SCSN
14719804,scedc:14719804,2010-05-23T08:05:02.470000Z,32.631166666666665,-115.78633333333332,8.43,2.8,,,SCEDC,,A,42,0.17,SCSN
14719812,scedc:14719812,2010-05-23T08:17:48.600000Z,32.63216666666667,-115.78466666666668,8.65,2.2,,,SCEDC,,A,21,0.12,SCSN
14719820,scedc:14719820,2010-05-23T08:27:16.600000Z,32.66566666666667,-115.81816666666668,9.61,2.0,,,SCEDC,,A,20,0.08,SCSN
14719844,scedc:14719844,2010-05-23T09:02:56.470000Z,32.63016666666667,-115.781,8.48,2.0,,,SCEDC,,A,30,0.16,SCSN
14719868,scedc:14719868,2010-05-23T09:15:27.010000Z,32.61966666666667,-115.77966666666669,5.37,2.2,,,SCEDC,,A,28,0.15,SCSN
14719908,scedc:14719908,2010-05-23T09:18:08.580000Z,32.724833333333336,-116.05566666666668,7.04,2.3,,,SCEDC,,A,30,0.15,SCSN
14719980,scedc:14719980,2010-05-23T10:46:58.970000Z,32.66416666666667,-115.70416666666668,9.38,2.0,,,SCEDC,,A,18,0.08,SCSN
14720020,scedc:14720020,2010-05-23T11:20:01.250000Z,32.714,-115.97516666666668,6.7,2.4,,,SCEDC,,A,48,0.19,SCSN
14720036,scedc:14720036,2010-05-23T11:23:27.440000Z,32.659,-115.743,3.64,2.1,,,SCEDC,,A,23,0.18,SCSN
14720044,scedc:14720044,2010-05-23T11:30:38.510000Z,32.38433333333333,-115.45333333333332,10.93,2.5,,,SCEDC,,A,25,0.12,SCSN
14720076,scedc:14720076,2010-05-23T12:26:25.490000Z,32.62683333333333,-115.79166666666669,4.36,2.6,,,SCEDC,,A,39,0.15,SCSN
14720100,scedc:14720100,2010-05-23T12:37:59.270000Z,32.60816666666667,-115.72483333333334,10.2,2.4,,,SCEDC,,A,26,0.12,SCSN
14720140,scedc:14720140,2010-05-23T14:00:21.650000Z,32.614,-115.7565,10.05,2.3,,,SCEDC,,A,27,0.14,SCSN
14720164,scedc:14720164,2010-05-23T14:33:37.020000Z,32.62733333333333,-115.769,9.52,2.6,,,SCEDC,,A,39,0.14,SCSN
14720180,scedc:14720180,2010-05-23T15:10:30.000000Z,32.62883333333333,-115.7715,8.0,2.7,,,SCEDC,,A,33,0.11,SCSN
14720196,scedc:14720196,2010-05-23T15:12:21.140000Z,32.56033333333333,-115.52183333333332,7.44,2.0,,,SCEDC,,C,15,0.09,SCSN
14720204,scedc:14720204,2010-05-23T15:27:34.750000Z,32.6275,-115.781,5.84,2.1,,,SCEDC,,B,15,0.1,SCSN
14720212,scedc:14720212,2010-05-23T15:31:49.050000Z,32.64233333333333,-115.7085,8.39,2.0,,,SCEDC,,A,18,0.1,SCSN
14720284,scedc:14720284,2010-05-23T17:34:39.050000Z,32.70466666666667,-115.90466666666669,8.34,2.1,,,SCEDC,,A,31,0.13,SCSN
14720300,scedc:14720300,2010-05-23T18:01:45.880000Z,32.602666666666664,-115.7475,8.02,2.0,,,SCEDC,,A,19,0.12,SCSN
14720308,scedc:14720308,2010-05-23T18:17:34.100000Z,32.71233333333333,-115.875,8.29,3.1,,,SCEDC,,A,52,0.2,SCSN
14720356,scedc:14720356,2010-05-23T20:13:18.460000Z,32.66983333333334,-115.8495,7.75,2.2,,,SCEDC,,A,34,0.12,SCSN
14720444,scedc:14720444,2010-05-23T23:01:24.610000Z,32.876,-115.767,7.2,2.1,,,SCEDC,,A,25,0.07,SCSN
14720476,scedc:14720476,2010-05-23T23:30:59.980000Z,32.695166666666665,-115.7635,8.77,2.7,,,SCEDC,,A,27,0.16,SCSN
14720492,scedc:14720492,2010-05-23T23:35:19.600000Z,33.6645,-118.3115,13.2,2.8,,,SCEDC,,A,75,0.41,SCSN
14720548,scedc:14720548,2010-05-24T00:55:43.640000Z,32.61833333333333,-115.7675,10.07,2.2,,,SCEDC,,A,26,0.14,SCSN
14720564,scedc:14720564,2010-05-24T01:26:19.860000Z,32.623333333333335,-115.7855,5.03,2.2,,,SCEDC,,A,27,0.17,SCSN
14720588,scedc:14720588,2010-05-24T02:02:11.480000Z,32.6695,-115.819,7.82,2.6,,,SCEDC,,A,43,0.15,SCSN
37039356,scedc:37039356,2010-05-24T02:57:18.460000Z,32.67816666666667,-115.796,7.89,2.1,,,SCEDC,,A,27,0.14,SCSN
14720636,scedc:14720636,2010-05-24T03:10:14.900000Z,32.62683333333333,-115.78566666666669,4.96,2.1,,,SCEDC,,A,32,0.14,SCSN
14720644,scedc:14720644,2010-05-24T03:14:43.100000Z,32.3295,-115.32716666666668,8.18,2.7,,,SCEDC,,B,22,0.15,SCSN
14720660,scedc:14720660,2010-05-24T03:45:16.220000Z,33.666,-118.31983333333334,5.56,2.0,,,SCEDC,,A,17,0.22,SCSN
14720724,scedc:14720724,2010-05-24T05:21:07.140000Z,32.669,-115.82233333333332,10.54,4.2,,,SCEDC,,A,59,0.19,SCSN
14720748,scedc:14720748,2010-05-24T05:38:26.040000Z,32.66416666666667,-115.82633333333334,9.78,2.0,,,SCEDC,,A,36,0.14,SCSN
14720772,scedc:14720772,2010-05-24T06:20:57.490000Z,32.3965,-115.52183333333332,13.27,2.1,,,SCEDC,,A,25,0.17,SCSN
14720812,scedc:14720812,2010-05-24T07:06:32.810000Z,32.6045,-115.75783333333334,9.34,2.1,,,SCEDC,,A,29,0.18,SCSN
37039516,scedc:37039516,2010-05-24T07:18:30.570000Z,32.31216666666667,-115.39083333333332,10.91,2.2,,,SCEDC,,A,27,0.18,SCSN
14720844,scedc:14720844,2010-05-24T07:20:27.230000Z,32.66416666666667,-115.8215,10.41,2.5,,,SCEDC,,A,38,0.17,SCSN
14720876,scedc:14720876,2010-05-24T07:46:07.370000Z,32.664833333333334,-115.82483333333332,10.29,2.0,,,SCEDC,,A,33,0.15,SCSN
14720892,scedc:14720892,2010-05-24T07:49:41.380000Z,32.663833333333336,-115.82633333333334,9.53,2.2,,,SCEDC,,A,38,0.18,SCSN
14720972,scedc:14720972,2010-05-24T09:35:14.270000Z,32.62416666666667,-115.773,5.42,2.3,,,SCEDC,,A,33,0.16,SCSN
14721012,scedc:14721012,2010-05-24T10:37:45.110000Z,32.660833333333336,-115.82083333333334,9.28,2.0,,,SCEDC,,A,33,0.14,SCSN
37071036,scedc:37071036,2010-05-24T10:43:54.670000Z,32.5915,-115.7125,8.36,2.1,,,SCEDC,,A,23,0.17,SCSN
14721068,scedc:14721068,2010-05-24T11:12:36.140000Z,32.513666666666666,-115.62916666666666,8.31,2.1,,,SCEDC,,A,31,0.14,SCSN
14721108,scedc:14721108,2010-05-24T12:11:15.050000Z,32.6175,-115.77916666666668,5.83,2.0,,,SCEDC,,A,26,0.14,SCSN
14721140,scedc:14721140,2010-05-24T12:53:46.300000Z,32.69766666666666,-115.80033333333331,10.43,2.0,,,SCEDC,,A,39,0.15,SCSN
14721180,scedc:14721180,2010-05-24T14:03:12.950000Z,32.34166666666667,-115.46583333333334,8.66,2.4,,,SCEDC,,A,33,0.16,SCSN
14721196,scedc:14721196,2010-05-24T14:18:53.630000Z,32.61933333333333,-115.76766666666668,9.0,2.4,,,SCEDC,,A,37,0.19,SCSN
14721268,scedc:14721268,2010-05-24T17:14:24.670000Z,32.668166666666664,-115.81816666666668,11.16,2.0,,,SCEDC,,A,37,0.15,SCSN
14721452,scedc:14721452,2010-05-24T20:26:10.450000Z,32.684666666666665,-115.84233333333331,8.22,2.2,,,SCEDC,,A,29,0.12,SCSN
14721460,scedc:14721460,2010-05-24T20:41:58.520000Z,32.62533333333333,-115.78733333333334,4.62,2.5,,,SCEDC,,A,30,0.12,SCSN
14721468,scedc:14721468,2010-05-24T20:43:09.600000Z,32.911,-116.25116666666666,6.53,2.2,,,SCEDC,,A,78,0.26,SCSN
14721564,scedc:14721564,2010-05-24T22:08:08.230000Z,32.714,-115.9465,9.35,2.8,,,SCEDC,,A,43,0.15,SCSN
14721668,scedc:14721668,2010-05-24T23:28:46.300000Z,32.787166666666664,-116.11016666666669,8.76,2.0,,,SCEDC,,A,39,0.17,SCSN
14721772,scedc:14721772,2010-05-25T00:49:28.400000Z,32.6975,-115.77733333333332,8.21,2.0,,,SCEDC,,A,29,0.09,SCSN
14721828,scedc:14721828,2010-05-25T01:27:35.400000Z,32.73116666666667,-115.86783333333334,4.89,2.0,,,SCEDC,,A,25,0.12,SCSN
14721892,scedc:14721892,2010-05-25T03:17:51.930000Z,32.33583333333333,-115.33916666666669,7.21,2.0,,,SCEDC,,B,12,0.12,SCSN
14721900,scedc:14721900,2010-05-25T03:23:50.070000Z,33.221666666666664,-116.03066666666666,5.62,2.0,,,SCEDC,,B,70,0.23,SCSN
14721956,scedc:14721956,2010-05-25T04:58:17.250000Z,32.67166666666667,-115.82466666666669,9.7,2.3,,,SCEDC,,A,32,0.15,SCSN
14722004,scedc:14722004,2010-05-25T06:14:25.560000Z,32.422666666666665,-115.562,1.1,2.1,,,SCEDC,,A,22,0.1,SCSN
14722060,scedc:14722060,2010-05-25T06:39:19.000000Z,32.41283333333333,-115.49433333333332,9.18,2.0,,,SCEDC,,A,37,0.16,SCSN
14722084,scedc:14722084,2010-05-25T07:26:51.860000Z,32.6295,-115.75716666666666,7.1,2.1,,,SCEDC,,A,41,0.16,SCSN
14722092,scedc:14722092,2010-05-25T07:28:25.160000Z,33.25066666666667,-116.03766666666668,4.88,2.7,,,SCEDC,,A,74,0.17,SCSN
14722108,scedc:14722108,2010-05-25T07:40:43.330000Z,32.611666666666665,-115.7525,8.87,2.7,,,SCEDC,,A,57,0.17,SCSN
14722276,scedc:14722276,2010-05-25T09:09:10.300000Z,32.4435,-115.55383333333332,9.13,2.0,,,SCEDC,,A,33,0.19,SCSN
14722284,scedc:14722284,2010-05-25T09:10:52.280000Z,32.03816666666667,-116.25466666666668,3.64,2.0,,,SCEDC,,C,17,0.1,SCSN
14722324,scedc:14722324,2010-05-25T09:55:39.180000Z,32.717166666666664,-116.028,8.03,2.0,,,SCEDC,,A,69,0.21,SCSN
14722356,scedc:14722356,2010-05-25T10:31:32.090000Z,32.611666666666665,-115.75066666666666,8.93,2.9,,,SCEDC,,A,57,0.19,SCSN
14722460,scedc:14722460,2010-05-25T12:00:30.900000Z,32.68366666666667,-115.85766666666666,8.71,2.6,,,SCEDC,,A,70,0.19,SCSN
14722508,scedc:14722508,2010-05-25T13:08:18.110000Z,32.67916666666667,-115.84083333333334,7.87,2.0,,,SCEDC,,A,41,0.14,SCSN
14722668,scedc:14722668,2010-05-25T16:20:26.930000Z,32.5795,-115.66633333333333,10.8,2.5,,,SCEDC,,A,36,0.12,SCSN
14722740,scedc:14722740,2010-05-25T16:57:22.920000Z,32.693333333333335,-115.79333333333334,4.55,2.2,,,SCEDC,,A,39,0.17,SCSN
14722948,scedc:14722948,2010-05-25T19:19:43.680000Z,32.62433333333333,-115.7675,6.73,2.0,,,SCEDC,,A,33,0.17,SCSN
14722972,scedc:14722972,2010-05-25T19:49:51.570000Z,32.60766666666667,-115.73566666666666,9.17,3.1,,,SCEDC,,A,46,0.16,SCSN
14723140,scedc:14723140,2010-05-25T22:14:14.940000Z,32.712833333333336,-115.87333333333332,7.46,2.6,,,SCEDC,,A,65,0.16,SCSN
14723156,scedc:14723156,2010-05-25T22:22:10.160000Z,32.70366666666666,-115.77683333333331,8.27,2.7,,,SCEDC,,A,55,0.16,SCSN
14723172,scedc:14723172,2010-05-25T22:30:34.880000Z,32.42733333333334,-115.55733333333332,8.22,2.1,,,SCEDC,,A,24,0.14,SCSN
37233069,scedc:37233069,2010-05-25T23:17:40.870000Z,32.2955,-115.40816666666667,9.92,2.2,,,SCEDC,,C,11,0.28,SCSN
14723420,scedc:14723420,2010-05-26T02:11:36.280000Z,32.6295,-115.75983333333332,7.4,2.1,,,SCEDC,,A,24,0.11,SCSN
14723492,scedc:14723492,2010-05-26T03:31:26.830000Z,32.60883333333334,-115.75433333333334,9.65,2.6,,,SCEDC,,A,43,0.16,SCSN
14723532,scedc:14723532,2010-05-26T03:52:43.670000Z,32.2055,-117.60533333333332,13.9,3.7,,,SCEDC,,C,41,0.24,SCSN
14723540,scedc:14723540,2010-05-26T03:57:29.270000Z,32.2035,-117.604,16.79,4.2,,,SCEDC,,C,62,0.21,SCSN
14723708,scedc:14723708,2010-05-26T06:22:04.610000Z,34.01683333333333,-119.01583333333332,10.69,2.5,,,SCEDC,,A,45,0.35,SCSN
14723732,scedc:14723732,2010-05-26T07:01:55.330000Z,32.30016666666667,-115.34916666666666,13.62,3.0,,,SCEDC,,A,34,0.2,SCSN
14723772,scedc:14723772,2010-05-26T07:16:36.990000Z,32.301833333333335,-115.36683333333332,7.79,2.1,,,SCEDC,,C,23,0.17,SCSN
14723988,scedc:14723988,2010-05-26T10:14:50.140000Z,32.29566666666667,-115.39133333333334,6.42,2.4,,,SCEDC,,A,35,0.19,SCSN
14724004,scedc:14724004,2010-05-26T10:25:49.230000Z,32.402833333333334,-115.56966666666666,13.93,3.5,,,SCEDC,,A,37,0.25,SCSN
14724020,scedc:14724020,2010-05-26T10:32:23.070000Z,32.4245,-115.55416666666666,9.22,3.0,,,SCEDC,,A,42,0.15,SCSN
14724044,scedc:14724044,2010-05-26T10:53:53.350000Z,32.41116666666667,-115.56016666666666,14.16,3.4,,,SCEDC,,A,35,0.15,SCSN
14724172,scedc:14724172,2010-05-26T12:42:39.220000Z,32.65833333333333,-115.8245,8.93,2.2,,,SCEDC,,A,38,0.18,SCSN
14724268,scedc:14724268,2010-05-26T14:32:17.370000Z,32.69266666666667,-115.86466666666666,8.72,2.5,,,SCEDC,,A,49,0.17,SCSN
14724284,scedc:14724284,2010-05-26T14:49:06.590000Z,32.340333333333334,-115.44483333333334,0.05,2.6,,,SCEDC,,B,31,0.17,SCSN
37070236,scedc:37070236,2010-05-26T14:50:05.050000Z,32.30533333333333,-115.42966666666666,8.5,2.8,,,SCEDC,,A,27,0.22,SCSN
14724292,scedc:14724292,2010-05-26T14:50:54.550000Z,34.219166666666666,-117.038,2.46,2.1,,,SCEDC,,A,68,0.19,SCSN
14724300,scedc:14724300,2010-05-26T14:57:58.830000Z,32.30266666666667,-115.40416666666668,6.83,2.2,,,SCEDC,,C,17,0.12,SCSN
37233189,scedc:37233189,2010-05-26T20:30:22.770000Z,32.404333333333334,-115.56533333333331,9.96,2.1,,,SCEDC,,C,13,0.16,SCSN
14724604,scedc:14724604,2010-05-26T20:38:54.040000Z,32.39216666666667,-115.542,5.7,2.3,,,SCEDC,,C,35,0.2,SCSN
14724804,scedc:14724804,2010-05-26T23:44:37.490000Z,32.31016666666667,-115.4105,1.47,3.1,,,SCEDC,,A,28,0.21,SCSN
10154482,scedc:10154482,2010-05-26T23:45:10.710000Z,32.33283333333333,-115.411,0.44,3.0,,,SCEDC,,A,26,0.18,SCSN
14724884,scedc:14724884,2010-05-27T02:33:49.010000Z,32.605333333333334,-115.7515,8.96,2.3,,,SCEDC,,A,50,0.19,SCSN
14724892,scedc:14724892,2010-05-27T03:02:27.490000Z,33.25683333333333,-116.368,2.77,2.7,,,SCEDC,,A,94,0.17,SCSN
14724996,scedc:14724996,2010-05-27T07:04:14.000000Z,32.284166666666664,-116.68283333333332,16.99,2.9,,,SCEDC,,A,65,0.2,SCSN
14725012,scedc:14725012,2010-05-27T07:31:05.980000Z,32.44916666666666,-115.55916666666668,13.78,2.0,,,SCEDC,,B,19,0.2,SCSN
14725020,scedc:14725020,2010-05-27T07:34:24.880000Z,32.721666666666664,-115.99483333333332,8.74,2.0,,,SCEDC,,A,28,0.13,SCSN
14725068,scedc:14725068,2010-05-27T08:20:20.700000Z,32.343,-115.31833333333331,8.52,2.3,,,SCEDC,,B,28,0.17,SCSN
14725076,scedc:14725076,2010-05-27T08:24:28.990000Z,32.64683333333333,-115.6585,3.62,2.2,,,SCEDC,,A,30,0.12,SCSN
14725100,scedc:14725100,2010-05-27T09:13:11.370000Z,32.434,-115.55183333333332,4.02,2.3,,,SCEDC,,C,31,0.12,SCSN
14725124,scedc:14725124,2010-05-27T09:34:05.840000Z,32.44266666666667,-115.54683333333334,8.91,2.8,,,SCEDC,,A,46,0.17,SCSN
14725132,scedc:14725132,2010-05-27T09:35:31.190000Z,32.64683333333333,-115.76366666666668,9.94,2.0,,,SCEDC,,A,31,0.12,SCSN
14725164,scedc:14725164,2010-05-27T09:56:28.240000Z,32.39516666666667,-115.57333333333334,12.08,2.1,,,SCEDC,,C,14,0.17,SCSN
14725196,scedc:14725196,2010-05-27T10:27:29.880000Z,34.34016666666667,-116.6425,2.81,2.3,,,SCEDC,,A,86,0.19,SCSN
14725204,scedc:14725204,2010-05-27T10:35:50.020000Z,32.62133333333333,-115.7565,7.8,2.2,,,SCEDC,,A,43,0.18,SCSN
14725236,scedc:14725236,2010-05-27T11:27:28.180000Z,32.33133333333333,-115.3365,8.48,2.2,,,SCEDC,,A,20,0.13,SCSN
14725252,scedc:14725252,2010-05-27T11:38:30.110000Z,32.525333333333336,-115.6705,5.5,2.0,,,SCEDC,,C,29,0.24,SCSN
14725364,scedc:14725364,2010-05-27T13:37:07.880000Z,32.654333333333334,-115.7455,3.66,3.4,,,SCEDC,,A,47,0.18,SCSN
14725388,scedc:14725388,2010-05-27T14:05:11.080000Z,32.623333333333335,-115.76866666666666,8.56,2.5,,,SCEDC,,A,43,0.1,SCSN
37233253,scedc:37233253,2010-05-27T14:40:35.150000Z,32.501,-115.65966666666668,0.04,2.2,,,SCEDC,,B,13,0.25,SCSN
14725428,scedc:14725428,2010-05-27T16:02:17.640000Z,32.310833333333335,-115.40716666666668,0.19,2.4,,,SCEDC,,B,22,0.12,SCSN
14725484,scedc:14725484,2010-05-27T17:14:03.800000Z,32.690666666666665,-115.795,7.91,2.3,,,SCEDC,,A,24,0.13,SCSN
14725556,scedc:14725556,2010-05-27T19:21:16.380000Z,32.82866666666666,-115.94533333333334,7.08,2.0,,,SCEDC,,A,46,0.2,SCSN
14725772,scedc:14725772,2010-05-27T23:02:05.370000Z,32.68633333333333,-115.83833333333334,7.26,2.2,,,SCEDC,,A,45,0.19,SCSN
14725900,scedc:14725900,2010-05-28T03:38:51.950000Z,34.8225,-116.40566666666666,3.85,2.6,,,SCEDC,,A,45,0.15,SCSN
14725932,scedc:14725932,2010-05-28T04:11:10.730000Z,32.464666666666666,-115.559,8.62,2.6,,,SCEDC,,A,38,0.1,SCSN
33669759,scedc:33669759,2010-05-28T05:05:47.750000Z,33.311166666666665,-118.71616666666668,16.85,2.2,,,SCEDC,,C,8,0.15,SCSN
14726028,scedc:14726028,2010-05-28T06:15:31.070000Z,32.614,-115.71016666666668,10.78,2.0,,,SCEDC,,A,31,0.15,SCSN
14726044,scedc:14726044,2010-05-28T06:27:56.510000Z,32.31516666666667,-115.32066666666668,7.91,2.4,,,SCEDC,,B,21,0.18,SCSN
14726092,scedc:14726092,2010-05-28T07:43:55.030000Z,36.031,-117.78366666666666,0.62,3.0,,,SCEDC,,A,62,0.19,SCSN
14726108,scedc:14726108,2010-05-28T07:55:31.590000Z,32.87016666666667,-115.975,9.03,2.2,,,SCEDC,,A,57,0.16,SCSN
14726180,scedc:14726180,2010-05-28T09:16:55.810000Z,32.635666666666665,-115.71466666666667,6.57,2.3,,,SCEDC,,A,38,0.17,SCSN
14726292,scedc:14726292,2010-05-28T11:34:03.050000Z,32.669,-115.6535,8.91,2.4,,,SCEDC,,A,30,0.12,SCSN
37017604,scedc:37017604,2010-05-28T11:34:22.180000Z,32.669666666666664,-115.649,8.81,2.0,,,SCEDC,,A,13,0.08,SCSN
14726372,scedc:14726372,2010-05-28T14:36:05.660000Z,32.6475,-115.73516666666669,2.32,2.8,,,SCEDC,,A,41,0.15,SCSN
14726420,scedc:14726420,2010-05-28T15:40:51.100000Z,32.55116666666667,-115.652,9.23,2.0,,,SCEDC,,A,30,0.12,SCSN
14726588,scedc:14726588,2010-05-28T17:44:45.180000Z,32.68666666666667,-115.86266666666668,8.05,2.0,,,SCEDC,,A,38,0.14,SCSN
14726700,scedc:14726700,2010-05-28T19:43:10.850000Z,32.34133333333333,-115.3515,2.43,2.4,,,SCEDC,,A,24,0.12,SCSN
14726796,scedc:14726796,2010-05-28T21:27:12.730000Z,32.619166666666665,-115.77216666666666,9.07,2.2,,,SCEDC,,A,40,0.16,SCSN
14726820,scedc:14726820,2010-05-28T22:52:37.250000Z,32.594833333333334,-115.758,10.61,2.1,,,SCEDC,,A,33,0.18,SCSN
14726836,scedc:14726836,2010-05-28T23:25:13.240000Z,32.462,-115.566,9.96,3.7,,,SCEDC,,C,16,0.09,SCSN
14726932,scedc:14726932,2010-05-29T03:42:54.140000Z,32.17066666666667,-115.8365,5.99,2.0,,,SCEDC,,C,13,0.13,SCSN
14727060,scedc:14727060,2010-05-29T07:59:42.370000Z,32.52333333333333,-115.63883333333334,1.36,2.0,,,SCEDC,,A,22,0.13,SCSN
14727164,scedc:14727164,2010-05-29T09:20:17.880000Z,36.279833333333336,-120.06233333333331,16.24,2.5,,,SCEDC,,C,20,0.37,SCSN
14727180,scedc:14727180,2010-05-29T09:41:08.040000Z,32.78933333333333,-116.11283333333331,7.82,2.1,,,SCEDC,,A,67,0.22,SCSN
14727196,scedc:14727196,2010-05-29T10:21:30.090000Z,32.713,-115.76583333333332,7.47,2.0,,,SCEDC,,A,22,0.11,SCSN
37233357,scedc:37233357,2010-05-29T11:08:24.380000Z,32.892,-117.85916666666668,9.71,2.1,,,SCEDC,,C,20,0.11,SCSN
14727292,scedc:14727292,2010-05-29T11:51:34.640000Z,32.666666666666664,-115.7925,5.13,2.4,,,SCEDC,,A,30,0.13,SCSN
14727396,scedc:14727396,2010-05-29T14:50:00.440000Z,32.727333333333334,-115.87216666666669,6.95,3.8,,,SCEDC,,A,57,0.22,SCSN
14727428,scedc:14727428,2010-05-29T15:09:32.100000Z,32.68083333333333,-115.85166666666667,8.13,2.1,,,SCEDC,,A,34,0.16,SCSN
14727460,scedc:14727460,2010-05-29T15:25:58.350000Z,32.3345,-115.43583333333332,5.6,2.2,,,SCEDC,,C,20,0.13,SCSN
14727492,scedc:14727492,2010-05-29T16:14:55.800000Z,32.6175,-115.75116666666666,9.57,2.5,,,SCEDC,,A,35,0.11,SCSN
14727516,scedc:14727516,2010-05-29T16:43:03.740000Z,32.662166666666664,-115.71583333333334,8.93,2.6,,,SCEDC,,A,38,0.13,SCSN
14727564,scedc:14727564,2010-05-29T17:13:34.880000Z,32.332,-115.32366666666668,4.68,2.6,,,SCEDC,,B,26,0.14,SCSN
14727644,scedc:14727644,2010-05-29T20:30:38.840000Z,32.56216666666667,-115.67383333333332,9.48,2.1,,,SCEDC,,A,34,0.16,SCSN
14727732,scedc:14727732,2010-05-29T23:26:06.080000Z,32.035666666666664,-116.27733333333332,6.53,2.3,,,SCEDC,,C,20,0.19,SCSN
14727788,scedc:14727788,2010-05-29T23:53:40.870000Z,32.677166666666665,-115.86183333333334,7.67,2.8,,,SCEDC,,A,61,0.18,SCSN
14727884,scedc:14727884,2010-05-30T00:50:41.900000Z,32.390166666666666,-115.49516666666666,5.65,2.2,,,SCEDC,,C,19,0.08,SCSN
14727908,scedc:14727908,2010-05-30T01:06:32.080000Z,32.62133333333333,-115.72066666666667,10.9,2.9,,,SCEDC,,A,41,0.24,SCSN
14728140,scedc:14728140,2010-05-30T06:20:54.780000Z,32.702,-115.90616666666666,8.29,2.3,,,SCEDC,,A,32,0.15,SCSN
37233397,scedc:37233397,2010-05-30T06:20:59.670000Z,32.69716666666667,-115.90816666666667,8.15,2.3,,,SCEDC,,A,13,0.19,SCSN
14728220,scedc:14728220,2010-05-30T07:24:47.360000Z,32.665166666666664,-115.842,7.25,2.1,,,SCEDC,,A,32,0.15,SCSN
14728300,scedc:14728300,2010-05-30T08:40:11.720000Z,32.69433333333333,-115.89566666666668,8.29,2.0,,,SCEDC,,A,44,0.16,SCSN
14728348,scedc:14728348,2010-05-30T09:46:59.050000Z,32.614666666666665,-115.75283333333331,9.75,2.3,,,SCEDC,,A,37,0.12,SCSN
14728412,scedc:14728412,2010-05-30T11:48:14.460000Z,33.248666666666665,-116.03533333333333,2.5,2.0,,,SCEDC,,A,69,0.14,SCSN
14728444,scedc:14728444,2010-05-30T12:22:28.250000Z,32.287,-115.39966666666666,5.76,3.6,,,SCEDC,,C,22,0.12,SCSN
14728452,scedc:14728452,2010-05-30T12:31:09.880000Z,32.309666666666665,-115.39183333333334,3.27,2.9,,,SCEDC,,B,32,0.15,SCSN
14728588,scedc:14728588,2010-05-30T15:07:35.510000Z,32.64366666666667,-115.73766666666668,4.35,2.1,,,SCEDC,,A,39,0.13,SCSN
14728604,scedc:14728604,2010-05-30T15:28:32.610000Z,32.69266666666667,-115.86266666666668,9.12,2.0,,,SCEDC,,A,40,0.15,SCSN
14728612,scedc:14728612,2010-05-30T15:37:35.860000Z,32.55466666666667,-115.59416666666668,14.1,2.7,,,SCEDC,,A,36,0.19,SCSN
14728620,scedc:14728620,2010-05-30T15:49:07.460000Z,32.711666666666666,-116.02683333333331,4.9,2.3,,,SCEDC,,B,43,0.18,SCSN
14728884,scedc:14728884,2010-05-30T20:07:00.040000Z,32.62133333333333,-115.7685,9.37,2.9,,,SCEDC,,A,39,0.14,SCSN
14728948,scedc:14728948,2010-05-30T22:01:57.780000Z,32.5585,-115.671,8.75,2.1,,,SCEDC,,A,28,0.1,SCSN
14729252,scedc:14729252,2010-05-31T04:01:31.780000Z,32.5525,-115.586,11.4,2.7,,,SCEDC,,A,27,0.13,SCSN
14729292,scedc:14729292,2010-05-31T04:33:28.660000Z,32.64566666666666,-115.74466666666666,3.93,2.1,,,SCEDC,,A,35,0.18,SCSN
14729316,scedc:14729316,2010-05-31T04:47:31.020000Z,32.44416666666667,-115.175,19.86,2.1,,,SCEDC,,A,19,0.2,SCSN
14729324,scedc:14729324,2010-05-31T04:53:14.240000Z,32.658166666666666,-115.74016666666668,2.4,2.5,,,SCEDC,,A,30,0.14,SCSN
14729348,scedc:14729348,2010-05-31T05:19:24.790000Z,32.6485,-115.74216666666666,2.88,2.6,,,SCEDC,,A,41,0.17,SCSN
14729380,scedc:14729380,2010-05-31T06:10:47.820000Z,32.6505,-115.7415,2.91,2.2,,,SCEDC,,A,48,0.15,SCSN
14729404,scedc:14729404,2010-05-31T06:43:35.640000Z,32.647,-115.741,3.52,2.5,,,SCEDC,,A,37,0.18,SCSN
14729460,scedc:14729460,2010-05-31T07:30:23.270000Z,33.898,-116.2975,10.63,2.8,,,SCEDC,,A,95,0.2,SCSN
14729636,scedc:14729636,2010-05-31T10:36:21.270000Z,32.699,-115.837,6.88,2.1,,,SCEDC,,A,46,0.15,SCSN
14729676,scedc:14729676,2010-05-31T12:04:33.160000Z,33.91416666666667,-116.71016666666668,11.63,2.5,,,SCEDC,,A,87,0.14,SCSN
14729724,scedc:14729724,2010-05-31T13:51:22.920000Z,32.7025,-115.90366666666668,8.15,2.2,,,SCEDC,,A,36,0.13,SCSN
14729796,scedc:14729796,2010-05-31T15:15:56.030000Z,32.675,-115.91633333333333,6.54,2.2,,,SCEDC,,A,47,0.13,SCSN
37022876,scedc:37022876,2010-05-31T15:16:02.020000Z,32.6685,-115.91816666666666,6.58,2.2,,,SCEDC,,A,23,0.17,SCSN
14729860,scedc:14729860,2010-05-31T15:54:59.760000Z,32.67516666666667,-115.91683333333332,6.73,2.2,,,SCEDC,,A,61,0.19,SCSN
14729892,scedc:14729892,2010-05-31T16:17:56.790000Z,32.513333333333335,-115.63983333333331,7.47,2.4,,,SCEDC,,A,28,0.16,SCSN
14729932,scedc:14729932,2010-05-31T17:29:18.650000Z,32.69283333333333,-115.89066666666666,8.1,2.0,,,SCEDC,,A,37,0.16,SCSN
14730068,scedc:14730068,2010-05-31T20:01:07.940000Z,32.720333333333336,-116.02583333333334,7.21,2.3,,,SCEDC,,A,42,0.19,SCSN
14730748,scedc:14730748,2010-06-01T13:54:46.680000Z,32.299,-115.361,7.76,2.2,,,SCEDC,,B,22,0.17,SCSN
14730756,scedc:14730756,2010-06-01T14:04:49.530000Z,32.619,-115.77066666666668,6.99,2.0,,,SCEDC,,A,38,0.15,SCSN
14730764,scedc:14730764,2010-06-01T14:23:08.550000Z,32.63366666666667,-115.72,8.47,2.3,,,SCEDC,,A,36,0.17,SCSN
14730860,scedc:14730860,2010-06-01T15:48:26.050000Z,32.64066666666667,-115.72533333333334,8.1,2.5,,,SCEDC,,A,39,0.15,SCSN
14731180,scedc:14731180,2010-06-02T00:21:19.460000Z,35.03666666666667,-117.676,6.16,2.2,,,SCEDC,,C,21,0.34,SCSN
14731340,scedc:14731340,2010-06-02T04:09:35.230000Z,32.67733333333334,-115.83833333333334,9.15,2.3,,,SCEDC,,A,31,0.13,SCSN
14731388,scedc:14731388,2010-06-02T04:33:44.020000Z,32.70183333333333,-116.02916666666668,9.26,2.9,,,SCEDC,,A,64,0.19,SCSN
14731404,scedc:14731404,2010-06-02T04:46:00.280000Z,32.701166666666666,-116.032,7.84,2.0,,,SCEDC,,A,43,0.16,SCSN
14731420,scedc:14731420,2010-06-02T05:00:02.050000Z,32.673,-115.848,5.74,2.3,,,SCEDC,,A,45,0.17,SCSN
14731500,scedc:14731500,2010-06-02T05:50:56.060000Z,32.313,-115.3715,10.7,2.1,,,SCEDC,,C,15,0.14,SCSN
14731612,scedc:14731612,2010-06-02T08:18:26.310000Z,32.516,-115.632,8.99,2.2,,,SCEDC,,A,30,0.13,SCSN
14731700,scedc:14731700,2010-06-02T10:05:57.090000Z,32.295833333333334,-115.36683333333332,8.15,2.1,,,SCEDC,,A,22,0.08,SCSN
14731724,scedc:14731724,2010-06-02T10:07:11.270000Z,32.30466666666667,-115.3625,7.47,2.2,,,SCEDC,,A,29,0.12,SCSN
14731788,scedc:14731788,2010-06-02T11:16:45.060000Z,32.63033333333333,-115.71166666666667,6.48,2.6,,,SCEDC,,A,45,0.19,SCSN
14731884,scedc:14731884,2010-06-02T12:46:25.220000Z,32.370666666666665,-115.438,9.15,2.2,,,SCEDC,,B,23,0.24,SCSN
14731900,scedc:14731900,2010-06-02T13:19:25.680000Z,34.632,-116.5075,6.97,2.1,,,SCEDC,,A,63,0.14,SCSN
14731916,scedc:14731916,2010-06-02T13:28:13.120000Z,32.64083333333333,-115.7235,7.96,2.1,,,SCEDC,,A,26,0.14,SCSN
14732100,scedc:14732100,2010-06-02T14:50:37.370000Z,32.6815,-115.96583333333334,3.89,2.9,,,SCEDC,,A,45,0.19,SCSN
33701759,scedc:33701759,2010-06-02T14:51:02.760000Z,33.24933333333333,-116.065,3.4,2.2,,,SCEDC,,C,20,0.19,SCSN
14732116,scedc:14732116,2010-06-02T14:58:20.430000Z,32.65,-115.78366666666666,9.63,2.0,,,SCEDC,,A,31,0.12,SCSN
14732148,scedc:14732148,2010-06-02T15:17:12.140000Z,32.60966666666667,-115.7435,7.6,2.0,,,SCEDC,,A,29,0.11,SCSN
14732164,scedc:14732164,2010-06-02T15:42:39.120000Z,32.555166666666665,-115.681,7.8,2.2,,,SCEDC,,A,25,0.11,SCSN
14732564,scedc:14732564,2010-06-02T21:17:25.830000Z,32.37266666666667,-115.47883333333333,11.89,2.2,,,SCEDC,,B,22,0.15,SCSN
14733100,scedc:14733100,2010-06-03T09:40:23.020000Z,32.724833333333336,-115.82783333333332,2.56,2.1,,,SCEDC,,A,33,0.16,SCSN
14733172,scedc:14733172,2010-06-03T10:54:49.740000Z,32.71216666666667,-115.858,4.51,2.0,,,SCEDC,,A,48,0.17,SCSN
14733300,scedc:14733300,2010-06-03T14:15:48.880000Z,33.2515,-116.04883333333332,5.35,3.1,,,SCEDC,,A,97,0.24,SCSN
14733380,scedc:14733380,2010-06-03T15:37:59.870000Z,32.303,-115.3985,8.06,2.1,,,SCEDC,,A,20,0.08,SCSN
14733436,scedc:14733436,2010-06-03T16:24:53.640000Z,33.15866666666667,-116.6295,3.96,2.0,,,SCEDC,,A,60,0.25,SCSN
14733516,scedc:14733516,2010-06-03T18:10:03.780000Z,32.70066666666666,-115.907,7.63,4.1,,,SCEDC,,A,46,0.17,SCSN
37233741,scedc:37233741,2010-06-03T18:10:45.630000Z,32.720333333333336,-115.89933333333332,7.54,2.0,,,SCEDC,,A,8,0.05,SCSN
37233733,scedc:37233733,2010-06-03T18:11:31.240000Z,32.712,-115.903,7.85,2.7,,,SCEDC,,A,18,0.12,SCSN
14733548,scedc:14733548,2010-06-03T18:31:53.720000Z,34.573166666666665,-118.97666666666667,14.13,2.7,,,SCEDC,,A,65,0.41,SCSN
14734020,scedc:14734020,2010-06-04T00:37:29.320000Z,35.01266666666667,-118.993,14.56,2.3,,,SCEDC,,A,47,0.3,SCSN
14734116,scedc:14734116,2010-06-04T03:10:47.520000Z,32.625,-115.6785,10.43,2.0,,,SCEDC,,A,14,0.09,SCSN
14734164,scedc:14734164,2010-06-04T04:26:13.640000Z,32.711,-116.02233333333334,7.86,2.1,,,SCEDC,,A,37,0.19,SCSN
14734220,scedc:14734220,2010-06-04T05:22:10.820000Z,32.49966666666667,-115.4425,14.43,2.5,,,SCEDC,,A,33,0.2,SCSN
10156162,scedc:10156162,2010-06-04T06:05:33.550000Z,32.6205,-115.758,8.3,2.1,,,SCEDC,,A,26,0.16,SCSN
14734364,scedc:14734364,2010-06-04T08:35:49.750000Z,32.71033333333333,-116.02583333333334,6.89,2.1,,,SCEDC,,A,33,0.19,SCSN
14734396,scedc:14734396,2010-06-04T08:46:33.580000Z,32.700833333333335,-115.972,8.56,2.5,,,SCEDC,,A,51,0.19,SCSN
14734404,scedc:14734404,2010-06-04T08:47:23.860000Z,32.736,-115.8695,7.08,2.0,,,SCEDC,,A,17,0.13,SCSN
14734492,scedc:14734492,2010-06-04T10:01:39.070000Z,32.7105,-116.027,6.63,2.8,,,SCEDC,,A,44,0.2,SCSN
14734548,scedc:14734548,2010-06-04T11:41:10.540000Z,32.3875,-115.49533333333332,14.04,2.3,,,SCEDC,,B,25,0.15,SCSN
14734564,scedc:14734564,2010-06-04T11:49:01.610000Z,32.6945,-116.03283333333331,9.28,2.0,,,SCEDC,,A,38,0.13,SCSN
14734668,scedc:14734668,2010-06-04T15:12:46.930000Z,32.62683333333333,-115.72716666666666,2.35,2.2,,,SCEDC,,B,25,0.18,SCSN
14734684,scedc:14734684,2010-06-04T15:33:03.750000Z,32.62,-115.75633333333332,7.34,2.7,,,SCEDC,,A,38,0.13,SCSN
14734764,scedc:14734764,2010-06-04T16:51:51.690000Z,32.564,-115.69116666666666,9.35,2.2,,,SCEDC,,A,19,0.12,SCSN
14734788,scedc:14734788,2010-06-04T17:13:15.250000Z,32.304833333333335,-115.42183333333334,5.95,2.2,,,SCEDC,,C,22,0.14,SCSN
14734828,scedc:14734828,2010-06-04T18:06:35.810000Z,32.589166666666664,-115.71666666666668,4.86,3.4,,,SCEDC,,A,45,0.15,SCSN
14734836,scedc:14734836,2010-06-04T18:12:59.910000Z,32.62716666666667,-115.7595,7.13,3.0,,,SCEDC,,A,45,0.18,SCSN
14734996,scedc:14734996,2010-06-04T22:28:44.470000Z,32.28633333333333,-115.413,5.84,2.7,,,SCEDC,,C,23,0.1,SCSN
14735060,scedc:14735060,2010-06-05T00:14:16.060000Z,32.6695,-115.76383333333334,4.29,2.5,,,SCEDC,,A,44,0.21,SCSN
14735340,scedc:14735340,2010-06-05T06:50:26.290000Z,32.083,-115.85916666666668,0.06,2.3,,,SCEDC,,D,25,0.23,SCSN
14735524,scedc:14735524,2010-06-05T10:17:41.160000Z,32.63183333333333,-115.75583333333331,7.33,2.0,,,SCEDC,,A,35,0.11,SCSN
14735588,scedc:14735588,2010-06-05T10:36:04.660000Z,32.708666666666666,-115.907,6.06,2.0,,,SCEDC,,A,48,0.14,SCSN
14735596,scedc:14735596,2010-06-05T10:39:19.180000Z,32.44833333333333,-115.549,8.09,2.4,,,SCEDC,,A,24,0.13,SCSN
14735604,scedc:14735604,2010-06-05T10:46:00.610000Z,32.442,-115.55633333333331,0.31,2.3,,,SCEDC,,A,31,0.1,SCSN
14735956,scedc:14735956,2010-06-05T20:02:58.910000Z,32.627833333333335,-115.74283333333334,4.33,2.1,,,SCEDC,,A,29,0.13,SCSN
14736020,scedc:14736020,2010-06-05T22:07:37.860000Z,32.346,-115.30716666666666,9.9,2.0,,,SCEDC,,C,21,0.13,SCSN
14736076,scedc:14736076,2010-06-05T23:28:59.410000Z,32.658166666666666,-115.68866666666666,8.8,2.7,,,SCEDC,,A,24,0.11,SCSN
14736420,scedc:14736420,2010-06-06T09:13:45.790000Z,32.648833333333336,-115.76483333333331,8.3,2.2,,,SCEDC,,A,35,0.14,SCSN
14736596,scedc:14736596,2010-06-06T11:40:15.460000Z,32.70733333333333,-115.905,7.65,2.7,,,SCEDC,,A,60,0.19,SCSN
14736636,scedc:14736636,2010-06-06T12:19:44.560000Z,32.53783333333333,-115.64033333333332,9.58,2.1,,,SCEDC,,A,28,0.13,SCSN
14736820,scedc:14736820,2010-06-06T16:59:38.820000Z,32.708,-115.90366666666668,7.47,2.0,,,SCEDC,,A,36,0.16,SCSN
14737028,scedc:14737028,2010-06-06T21:56:58.460000Z,32.282,-115.383,8.43,2.7,,,SCEDC,,A,34,0.16,SCSN
14737084,scedc:14737084,2010-06-06T22:58:20.000000Z,35.06616666666667,-119.08366666666667,18.83,2.1,,,SCEDC,,A,27,0.36,SCSN
10194170,scedc:10194170,2010-06-07T01:00:47.870000Z,32.37283333333333,-115.32283333333334,8.88,2.1,,,SCEDC,,B,23,0.15,SCSN
14737244,scedc:14737244,2010-06-07T02:46:27.910000Z,32.321,-115.39966666666666,7.83,2.2,,,SCEDC,,A,25,0.13,SCSN
14737268,scedc:14737268,2010-06-07T03:18:39.290000Z,32.70783333333333,-115.904,6.59,2.1,,,SCEDC,,A,27,0.13,SCSN
14737292,scedc:14737292,2010-06-07T04:11:46.060000Z,32.7115,-115.90183333333331,7.36,2.7,,,SCEDC,,A,52,0.18,SCSN
14737668,scedc:14737668,2010-06-07T11:51:39.540000Z,33.84866666666667,-118.46383333333333,14.02,2.1,,,SCEDC,,A,45,0.2,SCSN
14737876,scedc:14737876,2010-06-07T18:14:44.830000Z,32.6335,-115.7,8.74,2.6,,,SCEDC,,A,44,0.18,SCSN
14737908,scedc:14737908,2010-06-07T18:17:48.010000Z,33.86,-118.44633333333331,12.23,2.3,,,SCEDC,,A,31,0.2,SCSN
14737932,scedc:14737932,2010-06-07T18:21:48.660000Z,32.311166666666665,-115.42633333333332,7.99,2.4,,,SCEDC,,A,21,0.07,SCSN
14737988,scedc:14737988,2010-06-07T19:03:57.080000Z,32.383833333333335,-115.43583333333332,5.02,2.0,,,SCEDC,,C,15,0.12,SCSN
14738012,scedc:14738012,2010-06-07T19:40:07.580000Z,32.318333333333335,-115.40733333333333,8.8,2.4,,,SCEDC,,B,25,0.12,SCSN
14738028,scedc:14738028,2010-06-07T20:01:09.800000Z,32.617,-115.7535,9.89,2.2,,,SCEDC,,A,27,0.1,SCSN
14738108,scedc:14738108,2010-06-07T20:54:17.720000Z,32.623333333333335,-115.68033333333334,8.32,2.1,,,SCEDC,,A,32,0.14,SCSN
14738116,scedc:14738116,2010-06-07T21:01:52.480000Z,32.303666666666665,-115.39166666666668,9.88,2.6,,,SCEDC,,A,32,0.16,SCSN
14738164,scedc:14738164,2010-06-07T21:17:03.450000Z,32.41133333333333,-115.5245,8.97,2.6,,,SCEDC,,A,30,0.15,SCSN
14738308,scedc:14738308,2010-06-07T22:25:20.460000Z,32.65,-115.71266666666666,8.54,2.2,,,SCEDC,,A,22,0.11,SCSN
14738356,scedc:14738356,2010-06-07T22:42:41.430000Z,34.316,-116.8435,0.91,2.0,,,SCEDC,,A,20,0.15,SCSN
14738396,scedc:14738396,2010-06-07T23:26:51.550000Z,34.31483333333333,-116.84483333333333,0.42,2.4,,,SCEDC,,A,72,0.19,SCSN
14738444,scedc:14738444,2010-06-07T23:59:19.720000Z,33.830666666666666,-118.46766666666667,18.28,2.3,,,SCEDC,,B,16,0.17,SCSN
14738484,scedc:14738484,2010-06-08T00:17:05.270000Z,33.854166666666664,-118.46316666666668,12.09,2.7,,,SCEDC,,A,64,0.3,SCSN
14738620,scedc:14738620,2010-06-08T02:58:11.740000Z,32.644666666666666,-115.776,3.23,2.6,,,SCEDC,,A,35,0.15,SCSN
14738644,scedc:14738644,2010-06-08T03:13:33.480000Z,32.655833333333334,-115.7265,8.94,2.2,,,SCEDC,,A,26,0.18,SCSN
14738660,scedc:14738660,2010-06-08T03:23:09.340000Z,32.66583333333333,-115.7105,9.28,2.0,,,SCEDC,,A,21,0.08,SCSN
14738676,scedc:14738676,2010-06-08T03:37:44.520000Z,32.68983333333333,-115.70566666666669,9.34,2.6,,,SCEDC,,A,44,0.19,SCSN
14738740,scedc:14738740,2010-06-08T06:12:13.010000Z,32.72116666666667,-115.94466666666666,8.13,2.0,,,SCEDC,,A,25,0.12,SCSN
14738812,scedc:14738812,2010-06-08T07:21:39.810000Z,34.6135,-116.291,3.49,2.6,,,SCEDC,,A,31,0.12,SCSN
14738820,scedc:14738820,2010-06-08T07:22:13.450000Z,32.611,-115.73283333333332,10.28,2.9,,,SCEDC,,A,38,0.16,SCSN
14738836,scedc:14738836,2010-06-08T08:07:57.850000Z,34.314166666666665,-116.84533333333331,0.4,2.5,,,SCEDC,,A,73,0.16,SCSN
14738892,scedc:14738892,2010-06-08T08:28:23.930000Z,34.314166666666665,-116.84616666666666,0.05,2.7,,,SCEDC,,A,57,0.14,SCSN
33813759,scedc:33813759,2010-06-08T08:28:39.010000Z,34.316,-116.84133333333334,1.88,2.2,,,SCEDC,,A,11,0.1,SCSN
14738932,scedc:14738932,2010-06-08T08:58:20.470000Z,33.33316666666666,-116.39616666666667,6.27,2.8,,,SCEDC,,B,80,0.23,SCSN
14739124,scedc:14739124,2010-06-08T10:30:49.300000Z,32.6395,-115.7365,5.13,3.0,,,SCEDC,,A,51,0.18,SCSN
14739132,scedc:14739132,2010-06-08T10:31:01.490000Z,34.315666666666665,-116.84666666666666,0.24,2.2,,,SCEDC,,A,25,0.15,SCSN
10157602,scedc:10157602,2010-06-08T10:54:16.940000Z,34.339,-116.85516666666666,2.34,2.0,,,SCEDC,,B,8,0.13,SCSN
14739180,scedc:14739180,2010-06-08T10:58:33.880000Z,32.71383333333333,-115.90233333333332,4.31,2.0,,,SCEDC,,A,28,0.17,SCSN
14739452,scedc:14739452,2010-06-08T13:54:27.140000Z,34.314166666666665,-116.84416666666668,0.07,2.3,,,SCEDC,,A,71,0.15,SCSN
14739460,scedc:14739460,2010-06-08T14:11:15.450000Z,34.00633333333333,-118.87933333333334,5.26,2.2,,,SCEDC,,C,33,0.21,SCSN
14739620,scedc:14739620,2010-06-08T17:16:35.810000Z,32.52916666666667,-115.61016666666669,9.39,2.0,,,SCEDC,,A,19,0.1,SCSN
14739796,scedc:14739796,2010-06-08T22:00:40.990000Z,32.30466666666667,-115.38483333333332,10.0,2.3,,,SCEDC,,C,23,0.2,SCSN
14739908,scedc:14739908,2010-06-09T00:02:53.470000Z,32.25266666666667,-115.39266666666668,9.99,2.2,,,SCEDC,,C,18,0.11,SCSN
14739924,scedc:14739924,2010-06-09T00:28:40.960000Z,32.715,-116.012,3.88,2.3,,,SCEDC,,A,61,0.25,SCSN
36940999,scedc:36940999,2010-06-09T01:43:34.170000Z,32.504666666666665,-115.64233333333334,5.47,2.1,,,SCEDC,,C,20,0.18,SCSN
14739980,scedc:14739980,2010-06-09T02:10:21.350000Z,32.69233333333333,-115.909,8.31,2.1,,,SCEDC,,A,59,0.15,SCSN
14740044,scedc:14740044,2010-06-09T04:30:01.560000Z,32.433,-115.50983333333332,10.19,2.2,,,SCEDC,,C,26,0.15,SCSN
14740124,scedc:14740124,2010-06-09T07:54:26.820000Z,32.324,-115.42733333333334,4.95,3.1,,,SCEDC,,C,35,0.2,SCSN
14740244,scedc:14740244,2010-06-09T11:02:06.510000Z,32.69566666666667,-115.89483333333334,7.53,3.1,,,SCEDC,,A,55,0.21,SCSN
14740444,scedc:14740444,2010-06-09T16:11:26.210000Z,32.647166666666664,-115.70466666666668,9.32,2.0,,,SCEDC,,A,19,0.1,SCSN
14740452,scedc:14740452,2010-06-09T16:11:51.460000Z,32.7095,-115.89283333333331,6.07,2.0,,,SCEDC,,A,20,0.09,SCSN
14740788,scedc:14740788,2010-06-09T22:09:41.640000Z,32.63766666666667,-115.30733333333332,14.61,2.0,,,SCEDC,,A,21,0.17,SCSN
14740876,scedc:14740876,2010-06-10T01:35:03.900000Z,34.3195,-116.83933333333331,0.27,2.0,,,SCEDC,,A,64,0.15,SCSN
14740900,scedc:14740900,2010-06-10T02:19:06.740000Z,32.727833333333336,-115.93533333333332,8.18,2.0,,,SCEDC,,A,57,0.18,SCSN
14741084,scedc:14741084,2010-06-10T05:22:32.700000Z,32.32333333333333,-115.34116666666668,2.85,2.0,,,SCEDC,,C,15,0.11,SCSN
14741180,scedc:14741180,2010-06-10T09:47:14.410000Z,34.2705,-117.08283333333334,5.14,2.1,,,SCEDC,,A,80,0.15,SCSN
14741276,scedc:14741276,2010-06-10T12:21:11.500000Z,32.60933333333333,-115.7545,9.63,2.7,,,SCEDC,,A,34,0.15,SCSN
14741484,scedc:14741484,2010-06-10T17:17:27.580000Z,32.71966666666667,-116.01816666666669,8.7,2.0,,,SCEDC,,A,28,0.16,SCSN
10699885,scedc:10699885,2010-06-10T23:58:35.410000Z,32.43233333333333,-115.20433333333334,15.25,3.1,,,SCEDC,,C,26,0.29,SCSN
10192590,scedc:10192590,2010-06-10T23:59:26.480000Z,32.37883333333333,-115.181,16.0,3.0,,,SCEDC,,B,11,0.16,SCSN
10699893,scedc:10699893,2010-06-11T00:09:15.180000Z,34.323,-116.8525,0.01,2.4,,,SCEDC,,A,53,0.14,SCSN
10700069,scedc:10700069,2010-06-11T06:57:31.100000Z,32.71066666666667,-116.015,3.34,2.3,,,SCEDC,,A,54,0.26,SCSN
10700093,scedc:10700093,2010-06-11T07:53:27.710000Z,32.3895,-115.18466666666669,14.12,2.1,,,SCEDC,,A,15,0.2,SCSN
10158162,scedc:10158162,2010-06-11T09:42:15.210000Z,32.396166666666666,-115.17983333333332,9.98,3.1,,,SCEDC,,C,17,0.24,SCSN
10158166,scedc:10158166,2010-06-11T09:43:52.350000Z,32.38216666666667,-115.18316666666666,9.98,2.0,,,SCEDC,,C,13,0.25,SCSN
10700157,scedc:10700157,2010-06-11T09:45:34.590000Z,32.38216666666667,-115.18216666666666,9.98,2.7,,,SCEDC,,C,16,0.2,SCSN
10700173,scedc:10700173,2010-06-11T09:55:09.070000Z,32.39533333333333,-115.17783333333334,9.98,2.5,,,SCEDC,,C,17,0.21,SCSN
10700189,scedc:10700189,2010-06-11T10:52:47.930000Z,32.385666666666665,-115.17333333333332,18.34,2.1,,,SCEDC,,C,13,0.13,SCSN
10700213,scedc:10700213,2010-06-11T12:03:40.200000Z,33.85033333333333,-118.45316666666666,13.57,2.1,,,SCEDC,,A,48,0.24,SCSN
10700229,scedc:10700229,2010-06-11T12:44:50.600000Z,32.65383333333333,-115.687,8.73,2.7,,,SCEDC,,A,36,0.15,SCSN
10700237,scedc:10700237,2010-06-11T13:18:45.750000Z,32.512166666666666,-115.634,6.62,2.0,,,SCEDC,,B,21,0.1,SCSN
10700253,scedc:10700253,2010-06-11T14:28:25.640000Z,33.064,-116.48916666666666,10.54,2.0,,,SCEDC,,A,74,0.21,SCSN
10700285,scedc:10700285,2010-06-11T16:53:52.900000Z,33.654666666666664,-117.83783333333334,15.55,2.1,,,SCEDC,,A,62,0.2,SCSN
10700293,scedc:10700293,2010-06-11T16:59:42.900000Z,32.3685,-115.321,14.99,4.0,,,SCEDC,,C,25,0.21,SCSN
10700301,scedc:10700301,2010-06-11T17:31:05.840000Z,32.68933333333333,-115.85933333333334,9.22,2.0,,,SCEDC,,A,40,0.13,SCSN
10700421,scedc:10700421,2010-06-11T20:48:18.130000Z,32.417,-115.20016666666666,9.98,2.3,,,SCEDC,,C,12,0.21,SCSN
10700429,scedc:10700429,2010-06-11T20:51:11.790000Z,32.405,-115.18966666666668,14.98,4.3,,,SCEDC,,C,20,0.22,SCSN
10158242,scedc:10158242,2010-06-11T20:55:34.210000Z,32.38783333333333,-115.196,9.99,3.0,,,SCEDC,,C,16,0.21,SCSN
10700445,scedc:10700445,2010-06-11T21:00:24.450000Z,32.415333333333336,-115.1795,9.99,2.1,,,SCEDC,,C,14,0.23,SCSN
10700453,scedc:10700453,2010-06-11T21:03:34.190000Z,32.42183333333333,-115.18583333333332,9.97,2.4,,,SCEDC,,C,14,0.19,SCSN
10700485,scedc:10700485,2010-06-11T21:19:19.950000Z,32.41416666666667,-115.179,14.98,2.7,,,SCEDC,,C,16,0.15,SCSN
10700517,scedc:10700517,2010-06-11T22:26:20.930000Z,32.68266666666667,-115.85433333333332,10.13,2.1,,,SCEDC,,A,29,0.13,SCSN
10700541,scedc:10700541,2010-06-11T23:29:38.130000Z,32.71216666666667,-115.90183333333331,6.72,2.4,,,SCEDC,,A,46,0.18,SCSN
10700557,scedc:10700557,2010-06-12T00:25:21.950000Z,32.397166666666664,-115.17316666666666,15.1,2.2,,,SCEDC,,C,12,0.17,SCSN
10700621,scedc:10700621,2010-06-12T03:41:40.600000Z,32.454,-115.57,5.33,2.1,,,SCEDC,,C,18,0.08,SCSN
10700773,scedc:10700773,2010-06-12T08:37:55.810000Z,32.7035,-115.85983333333331,2.98,2.5,,,SCEDC,,A,40,0.14,SCSN
10700781,scedc:10700781,2010-06-12T10:08:29.380000Z,32.705,-115.907,7.05,2.3,,,SCEDC,,A,32,0.17,SCSN
10700813,scedc:10700813,2010-06-12T10:59:35.480000Z,32.451166666666666,-115.57433333333331,5.42,2.0,,,SCEDC,,C,25,0.11,SCSN
10700845,scedc:10700845,2010-06-12T12:18:11.790000Z,32.43633333333333,-115.56833333333331,0.02,2.4,,,SCEDC,,A,21,0.09,SCSN
10700893,scedc:10700893,2010-06-12T13:19:42.180000Z,32.4355,-115.56916666666666,0.02,2.1,,,SCEDC,,A,16,0.09,SCSN
10700901,scedc:10700901,2010-06-12T13:55:42.170000Z,32.402166666666666,-115.46466666666667,9.46,2.0,,,SCEDC,,A,21,0.06,SCSN
10701013,scedc:10701013,2010-06-12T16:44:34.780000Z,32.386833333333335,-115.57316666666668,9.96,2.2,,,SCEDC,,C,19,0.12,SCSN
10701045,scedc:10701045,2010-06-12T17:19:37.370000Z,32.3895,-115.53066666666666,7.03,2.1,,,SCEDC,,D,18,0.12,SCSN
10701141,scedc:10701141,2010-06-12T19:23:06.410000Z,32.694833333333335,-115.9065,4.52,2.9,,,SCEDC,,A,41,0.17,SCSN
10701181,scedc:10701181,2010-06-12T21:25:05.140000Z,32.35,-115.39516666666668,9.99,2.6,,,SCEDC,,D,18,0.22,SCSN
10701413,scedc:10701413,2010-06-13T03:09:20.360000Z,33.392,-116.39466666666668,4.2,4.2,,,SCEDC,,C,44,0.32,SCSN
37004439,scedc:37004439,2010-06-13T03:10:21.110000Z,33.38033333333333,-116.39116666666666,4.78,2.7,,,SCEDC,,C,17,0.15,SCSN
10191574,scedc:10191574,2010-06-13T03:10:54.000000Z,33.31216666666667,-116.42616666666666,17.14,2.1,,,SCEDC,,D,11,0.28,SCSN
10701429,scedc:10701429,2010-06-13T03:17:20.240000Z,33.3905,-116.413,9.19,2.0,,,SCEDC,,A,77,0.3,SCSN
10701677,scedc:10701677,2010-06-13T05:23:09.670000Z,32.69833333333333,-115.907,4.32,2.0,,,SCEDC,,A,19,0.12,SCSN
10701949,scedc:10701949,2010-06-13T08:54:56.590000Z,32.00666666666667,-116.26183333333331,9.72,2.4,,,SCEDC,,C,24,0.3,SCSN
10702069,scedc:10702069,2010-06-13T10:49:02.130000Z,32.639833333333335,-115.7645,8.38,2.8,,,SCEDC,,A,36,0.12,SCSN
10702101,scedc:10702101,2010-06-13T11:05:43.280000Z,32.438,-115.5525,1.52,2.2,,,SCEDC,,B,22,0.09,SCSN
10191014,scedc:10191014,2010-06-13T11:05:57.320000Z,32.406333333333336,-115.52966666666669,6.97,2.0,,,SCEDC,,C,9,0.19,SCSN
10702197,scedc:10702197,2010-06-13T12:27:35.270000Z,32.646166666666666,-115.76566666666666,8.99,2.1,,,SCEDC,,A,25,0.11,SCSN
10702285,scedc:10702285,2010-06-13T13:37:48.500000Z,32.3115,-115.37316666666666,26.96,2.4,,,SCEDC,,C,16,0.15,SCSN
10702437,scedc:10702437,2010-06-13T16:44:16.270000Z,32.653,-115.89966666666666,4.73,2.9,,,SCEDC,,A,48,0.14,SCSN
10702637,scedc:10702637,2010-06-13T20:42:41.870000Z,32.7055,-115.92016666666666,3.14,3.0,,,SCEDC,,A,50,0.15,SCSN
10702645,scedc:10702645,2010-06-13T20:42:59.390000Z,32.70016666666667,-115.9235,3.94,3.5,,,SCEDC,,A,40,0.22,SCSN
10158722,scedc:10158722,2010-06-13T20:43:20.650000Z,33.40383333333333,-116.39266666666668,9.57,2.4,,,SCEDC,,A,19,0.14,SCSN
10702797,scedc:10702797,2010-06-13T22:55:40.420000Z,32.511833333333335,-115.62933333333334,7.57,3.0,,,SCEDC,,A,47,0.18,SCSN
10702837,scedc:10702837,2010-06-13T23:36:21.450000Z,32.4415,-115.55233333333334,0.99,3.0,,,SCEDC,,A,48,0.17,SCSN
10702861,scedc:10702861,2010-06-14T00:33:46.980000Z,32.995,-116.35133333333332,7.77,2.7,,,SCEDC,,A,90,0.22,SCSN
10703189,scedc:10703189,2010-06-14T07:40:36.760000Z,32.73316666666667,-115.83366666666667,5.99,2.2,,,SCEDC,,A,41,0.15,SCSN
10703253,scedc:10703253,2010-06-14T09:04:49.670000Z,32.643,-115.76166666666668,9.21,2.0,,,SCEDC,,A,26,0.09,SCSN
10703261,scedc:10703261,2010-06-14T09:08:47.380000Z,32.39966666666667,-115.1935,9.98,2.1,,,SCEDC,,C,15,0.18,SCSN
10703269,scedc:10703269,2010-06-14T09:10:09.660000Z,32.440333333333335,-115.518,9.99,2.3,,,SCEDC,,C,32,0.13,SCSN
10703317,scedc:10703317,2010-06-14T10:50:30.890000Z,32.61866666666667,-115.74916666666668,4.29,2.1,,,SCEDC,,A,27,0.13,SCSN
10703437,scedc:10703437,2010-06-14T13:32:58.130000Z,32.684,-115.80166666666666,7.7,2.3,,,SCEDC,,A,34,0.1,SCSN
10703445,scedc:10703445,2010-06-14T13:33:24.740000Z,32.68566666666667,-115.8025,7.01,2.0,,,SCEDC,,A,21,0.15,SCSN
10703461,scedc:10703461,2010-06-14T13:54:05.520000Z,32.2955,-115.4155,9.96,2.2,,,SCEDC,,C,26,0.16,SCSN
10703541,scedc:10703541,2010-06-14T14:47:12.010000Z,32.292,-115.37483333333331,9.99,2.2,,,SCEDC,,C,20,0.11,SCSN
10703677,scedc:10703677,2010-06-14T17:58:08.260000Z,32.720666666666666,-115.878,6.3,2.2,,,SCEDC,,A,29,0.09,SCSN
10703853,scedc:10703853,2010-06-14T21:37:40.580000Z,33.16466666666667,-115.64783333333334,0.09,2.1,,,SCEDC,,C,38,0.18,SCSN
10703885,scedc:10703885,2010-06-14T23:33:20.320000Z,32.6215,-115.77433333333332,4.9,2.6,,,SCEDC,,A,28,0.11,SCSN
14745564,scedc:14745564,2010-06-15T03:58:57.460000Z,32.653333333333336,-115.75083333333332,3.24,3.2,,,SCEDC,,A,35,0.14,SCSN
14745580,scedc:14745580,2010-06-15T04:26:58.240000Z,32.705,-115.91133333333332,8.76,5.7,,,SCEDC,,A,52,0.2,SCSN
14745588,scedc:14745588,2010-06-15T04:29:55.510000Z,32.72933333333334,-115.95966666666666,5.52,3.8,,,SCEDC,,C,35,0.15,SCSN
10189474,scedc:10189474,2010-06-15T04:30:27.160000Z,32.72416666666667,-115.95183333333334,5.14,3.1,,,SCEDC,,C,10,0.33,SCSN
10189650,scedc:10189650,2010-06-15T04:30:55.910000Z,32.69883333333333,-115.91833333333334,5.33,3.1,,,SCEDC,,C,15,0.2,SCSN
10189654,scedc:10189654,2010-06-15T04:31:21.800000Z,32.716166666666666,-115.9405,2.41,3.1,,,SCEDC,,A,17,0.17,SCSN
14745596,scedc:14745596,2010-06-15T04:31:55.240000Z,32.73083333333334,-115.957,5.16,3.4,,,SCEDC,,C,33,0.17,SCSN
10189470,scedc:10189470,2010-06-15T04:32:57.360000Z,32.712666666666664,-115.92233333333331,7.39,2.7,,,SCEDC,,B,14,0.11,SCSN
14745612,scedc:14745612,2010-06-15T04:33:04.910000Z,32.716166666666666,-115.9395,6.28,3.2,,,SCEDC,,C,16,0.18,SCSN
14745620,scedc:14745620,2010-06-15T04:34:26.410000Z,32.7135,-115.95166666666668,2.21,3.2,,,SCEDC,,A,41,0.22,SCSN
14745628,scedc:14745628,2010-06-15T04:35:47.540000Z,32.720333333333336,-115.94616666666668,8.06,2.7,,,SCEDC,,A,22,0.12,SCSN
14745636,scedc:14745636,2010-06-15T04:36:07.550000Z,32.699666666666666,-115.9115,7.41,4.1,,,SCEDC,,A,43,0.21,SCSN
33869759,scedc:33869759,2010-06-15T04:36:33.030000Z,32.68633333333333,-115.90483333333331,7.96,3.9,,,SCEDC,,A,29,0.21,SCSN
10161762,scedc:10161762,2010-06-15T04:37:40.190000Z,32.723,-115.928,0.19,2.7,,,SCEDC,,A,11,0.11,SCSN
14745644,scedc:14745644,2010-06-15T04:38:55.490000Z,32.70366666666666,-115.90816666666667,9.09,2.6,,,SCEDC,,A,20,0.13,SCSN
10189450,scedc:10189450,2010-06-15T04:39:15.020000Z,32.72266666666667,-115.94033333333331,7.04,2.3,,,SCEDC,,C,11,0.11,SCSN
14745652,scedc:14745652,2010-06-15T04:39:46.080000Z,32.720666666666666,-115.95116666666668,7.63,3.0,,,SCEDC,,A,59,0.23,SCSN
10189418,scedc:10189418,2010-06-15T04:39:59.720000Z,32.718666666666664,-115.93716666666668,5.0,2.9,,,SCEDC,,C,11,0.1,SCSN
10189410,scedc:10189410,2010-06-15T04:40:16.600000Z,32.70633333333333,-115.9105,6.44,2.8,,,SCEDC,,C,14,0.09,SCSN
10189414,scedc:10189414,2010-06-15T04:40:25.290000Z,32.70883333333333,-115.90733333333333,5.13,2.9,,,SCEDC,,C,13,0.16,SCSN
14745676,scedc:14745676,2010-06-15T04:40:38.100000Z,32.698,-115.931,7.93,3.8,,,SCEDC,,A,36,0.27,SCSN
14745684,scedc:14745684,2010-06-15T04:43:10.780000Z,32.701166666666666,-115.93766666666669,9.25,3.7,,,SCEDC,,A,71,0.19,SCSN
14745692,scedc:14745692,2010-06-15T04:44:42.150000Z,32.70133333333333,-115.917,8.38,2.8,,,SCEDC,,A,26,0.16,SCSN
10189370,scedc:10189370,2010-06-15T04:45:35.360000Z,32.7345,-115.9665,3.42,2.1,,,SCEDC,,A,13,0.2,SCSN
14745716,scedc:14745716,2010-06-15T04:45:46.300000Z,32.68183333333333,-115.89183333333334,6.03,2.9,,,SCEDC,,B,26,0.17,SCSN
14745732,scedc:14745732,2010-06-15T04:46:06.710000Z,32.72566666666667,-115.9445,7.35,3.1,,,SCEDC,,B,17,0.12,SCSN
10160402,scedc:10160402,2010-06-15T04:46:27.190000Z,32.74633333333333,-115.9755,4.52,2.7,,,SCEDC,,A,10,0.1,SCSN
14745748,scedc:14745748,2010-06-15T04:47:24.300000Z,32.70733333333333,-115.92516666666668,4.43,3.5,,,SCEDC,,A,48,0.19,SCSN
14745756,scedc:14745756,2010-06-15T04:48:06.400000Z,32.6855,-115.89816666666668,7.33,2.9,,,SCEDC,,A,38,0.15,SCSN
10189330,scedc:10189330,2010-06-15T04:49:04.900000Z,32.7225,-115.917,8.65,2.3,,,SCEDC,,A,14,0.16,SCSN
14745788,scedc:14745788,2010-06-15T04:49:30.110000Z,32.720666666666666,-115.955,5.45,2.4,,,SCEDC,,C,16,0.18,SCSN
10159682,scedc:10159682,2010-06-15T04:50:11.730000Z,32.72683333333333,-115.963,5.43,2.3,,,SCEDC,,C,9,0.12,SCSN
14745812,scedc:14745812,2010-06-15T04:50:15.660000Z,32.7165,-115.9575,3.45,2.7,,,SCEDC,,A,32,0.2,SCSN
14745820,scedc:14745820,2010-06-15T04:50:42.440000Z,32.70633333333333,-115.91983333333332,9.7,2.5,,,SCEDC,,C,17,0.2,SCSN
10160322,scedc:10160322,2010-06-15T04:51:01.860000Z,32.72666666666667,-115.95083333333334,6.78,2.2,,,SCEDC,,C,12,0.13,SCSN
14745828,scedc:14745828,2010-06-15T04:51:30.290000Z,32.714333333333336,-115.94866666666668,0.03,2.5,,,SCEDC,,A,30,0.22,SCSN
14745836,scedc:14745836,2010-06-15T04:52:10.180000Z,32.69766666666666,-115.9165,6.39,2.8,,,SCEDC,,B,26,0.16,SCSN
14745868,scedc:14745868,2010-06-15T04:53:14.310000Z,32.72516666666667,-115.949,8.33,2.5,,,SCEDC,,A,22,0.15,SCSN
14745876,scedc:14745876,2010-06-15T04:53:32.380000Z,32.72416666666667,-115.94916666666668,5.51,2.4,,,SCEDC,,C,10,0.1,SCSN
14745884,scedc:14745884,2010-06-15T04:54:26.400000Z,32.736,-115.9555,5.34,2.3,,,SCEDC,,C,17,0.25,SCSN
14745892,scedc:14745892,2010-06-15T04:55:00.290000Z,32.7155,-115.94333333333331,8.04,2.2,,,SCEDC,,A,16,0.25,SCSN
14745900,scedc:14745900,2010-06-15T04:55:34.490000Z,32.7055,-115.92783333333334,4.86,2.7,,,SCEDC,,C,24,0.13,SCSN
14745908,scedc:14745908,2010-06-15T04:56:49.800000Z,32.705333333333336,-115.94733333333332,5.7,3.6,,,SCEDC,,C,63,0.31,SCSN
14745916,scedc:14745916,2010-06-15T04:57:52.610000Z,32.71783333333333,-115.95516666666668,5.49,2.8,,,SCEDC,,C,23,0.2,SCSN
14745924,scedc:14745924,2010-06-15T04:59:06.200000Z,32.695,-115.92016666666666,9.3,3.0,,,SCEDC,,B,24,0.21,SCSN
10189250,scedc:10189250,2010-06-15T04:59:08.530000Z,32.6665,-115.883,5.37,3.2,,,SCEDC,,C,18,0.44,SCSN
14745932,scedc:14745932,2010-06-15T04:59:45.530000Z,32.6995,-115.95,10.52,4.4,,,SCEDC,,A,95,0.33,SCSN
10188914,scedc:10188914,2010-06-15T05:01:55.090000Z,32.699666666666666,-115.92183333333334,14.54,2.5,,,SCEDC,,B,13,0.26,SCSN
14745940,scedc:14745940,2010-06-15T05:03:36.040000Z,32.7215,-115.9585,0.61,2.5,,,SCEDC,,A,14,0.2,SCSN
14745948,scedc:14745948,2010-06-15T05:05:44.330000Z,32.6995,-115.93066666666668,5.35,2.5,,,SCEDC,,C,25,0.23,SCSN
14745980,scedc:14745980,2010-06-15T05:07:37.050000Z,32.67883333333333,-115.92133333333334,7.58,2.3,,,SCEDC,,C,14,0.23,SCSN
14745996,scedc:14745996,2010-06-15T05:08:29.410000Z,32.7055,-115.91433333333332,5.98,2.2,,,SCEDC,,C,11,0.18,SCSN
14746004,scedc:14746004,2010-06-15T05:08:44.550000Z,32.643166666666666,-115.90166666666669,9.21,3.5,,,SCEDC,,B,38,0.23,SCSN
10188794,scedc:10188794,2010-06-15T05:09:19.200000Z,32.6505,-115.88133333333332,10.31,2.4,,,SCEDC,,B,8,0.06,SCSN
14746012,scedc:14746012,2010-06-15T05:10:19.690000Z,32.689166666666665,-115.96083333333333,8.87,2.2,,,SCEDC,,A,21,0.25,SCSN
14746020,scedc:14746020,2010-06-15T05:10:49.730000Z,32.711333333333336,-115.94933333333331,1.81,2.4,,,SCEDC,,A,24,0.22,SCSN
10188778,scedc:10188778,2010-06-15T05:11:34.750000Z,32.6995,-115.90083333333334,5.48,2.2,,,SCEDC,,C,25,0.24,SCSN
10188774,scedc:10188774,2010-06-15T05:11:44.600000Z,32.70333333333333,-115.92016666666666,11.76,2.1,,,SCEDC,,C,6,0.06,SCSN
14746028,scedc:14746028,2010-06-15T05:12:07.720000Z,32.67133333333334,-115.92483333333334,8.93,2.3,,,SCEDC,,C,14,0.22,SCSN
10188734,scedc:10188734,2010-06-15T05:14:02.290000Z,32.67516666666667,-115.94266666666668,10.11,2.1,,,SCEDC,,A,17,0.21,SCSN
14746052,scedc:14746052,2010-06-15T05:15:28.890000Z,32.698166666666665,-115.9315,5.83,2.8,,,SCEDC,,C,30,0.24,SCSN
10188710,scedc:10188710,2010-06-15T05:15:55.100000Z,32.727833333333336,-115.94433333333332,1.95,2.0,,,SCEDC,,A,11,0.27,SCSN
14746060,scedc:14746060,2010-06-15T05:17:38.980000Z,32.71366666666667,-115.94166666666666,3.67,2.2,,,SCEDC,,A,27,0.17,SCSN
14746076,scedc:14746076,2010-06-15T05:18:34.060000Z,32.66866666666667,-115.90683333333334,5.68,2.0,,,SCEDC,,C,13,0.19,SCSN
14746100,scedc:14746100,2010-06-15T05:21:59.140000Z,32.718833333333336,-115.95283333333332,5.59,2.4,,,SCEDC,,C,30,0.28,SCSN
10188686,scedc:10188686,2010-06-15T05:22:35.010000Z,32.73616666666667,-115.9605,5.44,2.1,,,SCEDC,,C,11,0.16,SCSN
14746148,scedc:14746148,2010-06-15T05:28:49.230000Z,32.67033333333333,-115.909,4.76,2.1,,,SCEDC,,B,13,0.32,SCSN
14746156,scedc:14746156,2010-06-15T05:30:12.130000Z,32.7295,-115.95133333333334,7.41,2.2,,,SCEDC,,C,28,0.23,SCSN
10188670,scedc:10188670,2010-06-15T05:30:34.870000Z,32.716,-115.953,5.58,2.0,,,SCEDC,,C,10,0.17,SCSN
14746164,scedc:14746164,2010-06-15T05:31:00.040000Z,32.66766666666667,-115.91416666666667,6.4,3.7,,,SCEDC,,A,62,0.22,SCSN
33877759,scedc:33877759,2010-06-15T05:31:20.000000Z,32.75366666666667,-115.9885,1.4,3.7,,,SCEDC,,A,19,0.33,SCSN
14746172,scedc:14746172,2010-06-15T05:34:16.830000Z,32.70883333333333,-115.95633333333332,5.33,4.4,,,SCEDC,,C,89,0.28,SCSN
14746180,scedc:14746180,2010-06-15T05:36:58.690000Z,32.726166666666664,-115.96383333333333,5.32,2.5,,,SCEDC,,C,31,0.21,SCSN
10188650,scedc:10188650,2010-06-15T05:37:11.790000Z,32.738,-115.967,5.7,2.3,,,SCEDC,,C,8,0.09,SCSN
10188614,scedc:10188614,2010-06-15T05:37:50.140000Z,32.72416666666667,-115.9485,7.76,2.0,,,SCEDC,,C,16,0.18,SCSN
14746188,scedc:14746188,2010-06-15T05:38:19.140000Z,32.696,-115.908,2.2,2.0,,,SCEDC,,A,14,0.24,SCSN
14746252,scedc:14746252,2010-06-15T05:41:01.750000Z,32.709833333333336,-115.94033333333331,5.41,2.2,,,SCEDC,,C,24,0.26,SCSN
14746236,scedc:14746236,2010-06-15T05:42:31.690000Z,32.733666666666664,-115.9535,1.41,2.2,,,SCEDC,,A,15,0.21,SCSN
10188594,scedc:10188594,2010-06-15T05:42:42.510000Z,32.74283333333333,-115.9555,4.38,2.0,,,SCEDC,,A,9,0.12,SCSN
10188574,scedc:10188574,2010-06-15T05:45:06.650000Z,32.69166666666667,-115.94583333333334,5.47,2.2,,,SCEDC,,C,18,0.2,SCSN
10188590,scedc:10188590,2010-06-15T05:45:22.520000Z,32.70216666666666,-115.94566666666668,2.13,2.2,,,SCEDC,,B,9,0.34,SCSN
14746276,scedc:14746276,2010-06-15T05:45:48.540000Z,33.9905,-116.8425,8.0,2.5,,,SCEDC,,A,79,0.13,SCSN
14746340,scedc:14746340,2010-06-15T05:52:24.420000Z,32.71816666666667,-115.96616666666668,9.61,2.2,,,SCEDC,,B,24,0.29,SCSN
14746348,scedc:14746348,2010-06-15T05:54:02.780000Z,32.7315,-115.97166666666666,4.18,2.8,,,SCEDC,,A,38,0.23,SCSN
14746404,scedc:14746404,2010-06-15T06:04:49.620000Z,32.717166666666664,-115.95116666666668,1.85,2.1,,,SCEDC,,A,27,0.22,SCSN
14746452,scedc:14746452,2010-06-15T06:08:28.500000Z,32.69283333333333,-115.951,13.97,3.8,,,SCEDC,,A,78,0.32,SCSN
14746460,scedc:14746460,2010-06-15T06:11:20.160000Z,32.714666666666666,-115.958,4.94,2.7,,,SCEDC,,A,25,0.22,SCSN
14746468,scedc:14746468,2010-06-15T06:12:10.010000Z,32.70216666666666,-115.92966666666666,8.39,2.8,,,SCEDC,,B,38,0.22,SCSN
14746532,scedc:14746532,2010-06-15T06:14:44.960000Z,32.694,-115.94883333333334,5.41,2.7,,,SCEDC,,C,29,0.2,SCSN
14746564,scedc:14746564,2010-06-15T06:19:32.290000Z,32.69883333333333,-115.92183333333334,8.88,2.2,,,SCEDC,,C,19,0.22,SCSN
14746572,scedc:14746572,2010-06-15T06:20:48.120000Z,32.72666666666667,-115.97366666666667,1.05,2.1,,,SCEDC,,A,29,0.27,SCSN
14746588,scedc:14746588,2010-06-15T06:21:34.630000Z,32.6975,-115.92066666666666,7.31,2.0,,,SCEDC,,A,31,0.16,SCSN
10188370,scedc:10188370,2010-06-15T06:21:38.170000Z,32.7315,-115.961,5.33,2.1,,,SCEDC,,C,12,0.32,SCSN
14746604,scedc:14746604,2010-06-15T06:23:37.340000Z,32.689,-115.94216666666668,14.91,3.2,,,SCEDC,,A,36,0.31,SCSN
34021759,scedc:34021759,2010-06-15T06:23:49.700000Z,32.677166666666665,-115.93583333333332,7.78,3.5,,,SCEDC,,C,25,0.33,SCSN
14746620,scedc:14746620,2010-06-15T06:27:17.290000Z,32.70666666666666,-115.92883333333332,2.26,2.3,,,SCEDC,,A,35,0.26,SCSN
14746668,scedc:14746668,2010-06-15T06:32:12.770000Z,32.7005,-115.9165,13.86,3.5,,,SCEDC,,A,57,0.31,SCSN
14746676,scedc:14746676,2010-06-15T06:33:45.700000Z,32.717666666666666,-115.963,5.44,2.9,,,SCEDC,,C,43,0.28,SCSN
14746716,scedc:14746716,2010-06-15T06:39:22.820000Z,32.7295,-115.9615,4.27,2.2,,,SCEDC,,A,14,0.24,SCSN
14746724,scedc:14746724,2010-06-15T06:40:18.590000Z,32.69733333333333,-115.9535,11.22,3.0,,,SCEDC,,A,48,0.32,SCSN
10188270,scedc:10188270,2010-06-15T06:41:06.100000Z,32.596833333333336,-115.775,4.83,2.2,,,SCEDC,,B,13,0.19,SCSN
14746756,scedc:14746756,2010-06-15T06:45:04.730000Z,32.718666666666664,-115.94133333333332,4.99,2.6,,,SCEDC,,A,32,0.21,SCSN
14746764,scedc:14746764,2010-06-15T06:46:04.180000Z,32.696666666666665,-115.9125,7.16,2.6,,,SCEDC,,A,60,0.29,SCSN
14746772,scedc:14746772,2010-06-15T06:46:08.960000Z,32.6965,-115.92283333333332,11.81,3.6,,,SCEDC,,A,50,0.24,SCSN
14746812,scedc:14746812,2010-06-15T06:49:23.600000Z,32.6925,-115.90666666666668,4.25,2.5,,,SCEDC,,A,17,0.17,SCSN
10188050,scedc:10188050,2010-06-15T06:49:43.520000Z,32.69416666666667,-115.92683333333332,5.56,2.0,,,SCEDC,,C,18,0.28,SCSN
14746836,scedc:14746836,2010-06-15T06:51:41.140000Z,32.7095,-115.95233333333331,5.38,2.2,,,SCEDC,,C,19,0.2,SCSN
14746844,scedc:14746844,2010-06-15T06:52:27.500000Z,32.68183333333333,-115.9205,12.98,3.4,,,SCEDC,,A,87,0.35,SCSN
14746852,scedc:14746852,2010-06-15T06:54:22.720000Z,32.69383333333333,-115.9205,3.8,2.1,,,SCEDC,,A,21,0.27,SCSN
14746884,scedc:14746884,2010-06-15T06:58:40.920000Z,32.697833333333335,-115.915,6.09,2.3,,,SCEDC,,C,24,0.2,SCSN
10188014,scedc:10188014,2010-06-15T06:58:42.780000Z,32.672333333333334,-115.90566666666666,3.44,2.4,,,SCEDC,,C,13,0.69,SCSN
14746908,scedc:14746908,2010-06-15T07:04:42.280000Z,32.71633333333333,-115.94416666666666,9.18,2.4,,,SCEDC,,A,36,0.22,SCSN
14746964,scedc:14746964,2010-06-15T07:11:15.860000Z,32.69833333333333,-115.91666666666669,1.4,2.1,,,SCEDC,,A,25,0.22,SCSN
14746980,scedc:14746980,2010-06-15T07:14:58.090000Z,32.7325,-115.9615,5.28,2.3,,,SCEDC,,C,27,0.25,SCSN
14746988,scedc:14746988,2010-06-15T07:17:57.410000Z,32.693666666666665,-115.923,6.13,2.0,,,SCEDC,,C,26,0.17,SCSN
14747004,scedc:14747004,2010-06-15T07:20:08.950000Z,32.66883333333333,-115.9185,6.94,2.3,,,SCEDC,,C,25,0.22,SCSN
14747028,scedc:14747028,2010-06-15T07:22:02.920000Z,32.7185,-115.95583333333332,8.57,2.0,,,SCEDC,,B,25,0.22,SCSN
14747124,scedc:14747124,2010-06-15T07:35:27.840000Z,32.700833333333335,-115.91416666666667,8.37,2.1,,,SCEDC,,C,22,0.23,SCSN
14747132,scedc:14747132,2010-06-15T07:35:32.450000Z,32.69866666666667,-115.953,10.34,2.5,,,SCEDC,,A,19,0.21,SCSN
14747156,scedc:14747156,2010-06-15T07:39:45.310000Z,32.70333333333333,-115.92733333333334,6.8,2.9,,,SCEDC,,B,37,0.23,SCSN
14747164,scedc:14747164,2010-06-15T07:42:55.330000Z,32.706833333333336,-115.97916666666669,5.57,2.3,,,SCEDC,,D,7,0.36,SCSN
14747172,scedc:14747172,2010-06-15T07:43:08.250000Z,32.686166666666665,-115.92083333333332,11.79,2.9,,,SCEDC,,A,53,0.29,SCSN
14747180,scedc:14747180,2010-06-15T07:44:44.030000Z,32.70766666666667,-115.94516666666668,1.34,2.6,,,SCEDC,,A,25,0.19,SCSN
14747196,scedc:14747196,2010-06-15T07:46:00.480000Z,32.6935,-115.9235,8.13,2.0,,,SCEDC,,A,15,0.22,SCSN
14747204,scedc:14747204,2010-06-15T07:46:21.790000Z,32.7095,-115.91616666666668,8.39,2.3,,,SCEDC,,B,24,0.16,SCSN
14747220,scedc:14747220,2010-06-15T07:48:12.840000Z,32.717166666666664,-115.95616666666666,8.18,2.7,,,SCEDC,,C,22,0.22,SCSN
14747228,scedc:14747228,2010-06-15T07:48:42.460000Z,32.714,-115.9335,1.94,2.8,,,SCEDC,,A,23,0.26,SCSN
14747260,scedc:14747260,2010-06-15T07:53:23.530000Z,32.72366666666667,-115.9565,3.21,2.3,,,SCEDC,,A,25,0.26,SCSN
14747268,scedc:14747268,2010-06-15T07:53:53.540000Z,32.684,-115.90283333333332,4.46,2.5,,,SCEDC,,A,26,0.22,SCSN
14747276,scedc:14747276,2010-06-15T07:58:38.490000Z,32.70333333333333,-115.93166666666669,1.56,2.1,,,SCEDC,,A,36,0.22,SCSN
14747292,scedc:14747292,2010-06-15T07:59:30.520000Z,32.692,-115.90233333333332,1.49,2.0,,,SCEDC,,A,20,0.23,SCSN
14747300,scedc:14747300,2010-06-15T07:59:47.280000Z,32.726166666666664,-115.96133333333331,5.04,2.5,,,SCEDC,,A,18,0.23,SCSN
14747308,scedc:14747308,2010-06-15T08:00:04.270000Z,32.7015,-115.92766666666668,5.55,2.3,,,SCEDC,,C,17,0.27,SCSN
14747324,scedc:14747324,2010-06-15T08:00:45.660000Z,32.724,-115.9575,2.22,2.1,,,SCEDC,,A,25,0.26,SCSN
14747332,scedc:14747332,2010-06-15T08:01:19.200000Z,32.714666666666666,-115.943,8.7,2.2,,,SCEDC,,C,17,0.24,SCSN
10187730,scedc:10187730,2010-06-15T08:01:29.580000Z,32.725,-115.9435,5.39,2.0,,,SCEDC,,C,12,0.23,SCSN
14747340,scedc:14747340,2010-06-15T08:01:51.550000Z,32.7265,-115.961,4.08,2.3,,,SCEDC,,A,24,0.2,SCSN
14747348,scedc:14747348,2010-06-15T08:05:27.380000Z,32.725833333333334,-115.96533333333332,2.99,2.7,,,SCEDC,,A,32,0.24,SCSN
14747356,scedc:14747356,2010-06-15T08:06:21.110000Z,32.67816666666667,-115.9225,5.53,2.5,,,SCEDC,,C,26,0.22,SCSN
14747372,scedc:14747372,2010-06-15T08:09:48.420000Z,32.73016666666667,-115.96683333333333,8.25,2.8,,,SCEDC,,B,26,0.2,SCSN
14747396,scedc:14747396,2010-06-15T08:14:47.020000Z,32.688,-115.91083333333331,3.54,4.2,,,SCEDC,,A,95,0.3,SCSN
14747404,scedc:14747404,2010-06-15T08:16:51.390000Z,32.683,-115.91483333333332,5.41,4.0,,,SCEDC,,C,44,0.27,SCSN
14747420,scedc:14747420,2010-06-15T08:23:04.650000Z,32.6745,-115.86533333333334,3.23,2.3,,,SCEDC,,A,19,0.19,SCSN
14747428,scedc:14747428,2010-06-15T08:24:33.740000Z,32.66766666666667,-115.86616666666669,2.08,3.1,,,SCEDC,,A,32,0.2,SCSN
14747452,scedc:14747452,2010-06-15T08:26:48.010000Z,32.69833333333333,-115.92416666666666,9.0,3.3,,,SCEDC,,A,24,0.2,SCSN
14747468,scedc:14747468,2010-06-15T08:28:59.120000Z,32.721333333333334,-115.957,4.72,2.7,,,SCEDC,,A,30,0.21,SCSN
14747484,scedc:14747484,2010-06-15T08:31:11.540000Z,32.69916666666667,-115.913,3.92,2.1,,,SCEDC,,A,17,0.14,SCSN
14747524,scedc:14747524,2010-06-15T08:37:38.060000Z,32.70066666666666,-115.946,11.39,2.2,,,SCEDC,,A,32,0.25,SCSN
14747532,scedc:14747532,2010-06-15T08:38:25.250000Z,32.684666666666665,-115.914,2.91,2.2,,,SCEDC,,A,25,0.23,SCSN
14747556,scedc:14747556,2010-06-15T08:39:43.550000Z,32.696,-115.914,11.74,3.2,,,SCEDC,,A,32,0.21,SCSN
10187290,scedc:10187290,2010-06-15T08:40:49.510000Z,32.69283333333333,-115.9205,5.57,2.0,,,SCEDC,,C,12,0.25,SCSN
14747572,scedc:14747572,2010-06-15T08:43:33.490000Z,32.7075,-115.9385,2.44,2.1,,,SCEDC,,A,23,0.21,SCSN
14747580,scedc:14747580,2010-06-15T08:44:09.380000Z,32.70366666666666,-115.93016666666666,5.09,2.6,,,SCEDC,,A,37,0.25,SCSN
14747596,scedc:14747596,2010-06-15T08:47:02.280000Z,32.721666666666664,-115.95516666666668,3.53,2.2,,,SCEDC,,A,28,0.2,SCSN
14747612,scedc:14747612,2010-06-15T08:49:33.070000Z,32.69683333333333,-115.9145,1.65,2.7,,,SCEDC,,A,28,0.24,SCSN
14747684,scedc:14747684,2010-06-15T08:57:00.970000Z,32.676833333333335,-115.91483333333332,5.55,3.0,,,SCEDC,,C,40,0.26,SCSN
14747724,scedc:14747724,2010-06-15T09:04:05.640000Z,32.68666666666667,-115.94666666666669,3.23,2.1,,,SCEDC,,A,20,0.26,SCSN
10186990,scedc:10186990,2010-06-15T09:06:35.730000Z,32.6975,-115.92116666666666,1.93,2.7,,,SCEDC,,A,26,0.18,SCSN
14747756,scedc:14747756,2010-06-15T09:06:37.440000Z,32.67183333333333,-115.91183333333332,2.01,3.1,,,SCEDC,,A,34,0.21,SCSN
14747796,scedc:14747796,2010-06-15T09:14:56.720000Z,32.714666666666666,-115.9375,5.52,2.2,,,SCEDC,,C,17,0.18,SCSN
14747812,scedc:14747812,2010-06-15T09:16:03.380000Z,32.6965,-115.9155,5.51,2.1,,,SCEDC,,C,27,0.22,SCSN
14747820,scedc:14747820,2010-06-15T09:17:36.740000Z,32.68683333333333,-115.916,2.66,2.6,,,SCEDC,,A,28,0.22,SCSN
14747828,scedc:14747828,2010-06-15T09:18:10.760000Z,32.717,-115.9315,2.19,2.0,,,SCEDC,,A,26,0.28,SCSN
14747892,scedc:14747892,2010-06-15T09:32:44.610000Z,32.7125,-115.94416666666666,2.99,2.0,,,SCEDC,,A,29,0.23,SCSN
14747924,scedc:14747924,2010-06-15T09:36:09.850000Z,32.721666666666664,-115.91166666666666,5.55,2.2,,,SCEDC,,C,24,0.26,SCSN
14747988,scedc:14747988,2010-06-15T09:42:53.880000Z,32.69983333333333,-115.92566666666669,3.27,2.1,,,SCEDC,,A,30,0.24,SCSN
14747996,scedc:14747996,2010-06-15T09:44:56.180000Z,32.7,-115.92433333333334,8.82,2.4,,,SCEDC,,A,34,0.21,SCSN
14748044,scedc:14748044,2010-06-15T09:51:19.000000Z,32.69133333333333,-115.93016666666666,5.09,3.6,,,SCEDC,,A,78,0.31,SCSN
14748052,scedc:14748052,2010-06-15T09:52:20.580000Z,32.70516666666666,-115.92866666666669,1.91,3.1,,,SCEDC,,A,42,0.25,SCSN
14748100,scedc:14748100,2010-06-15T10:03:57.560000Z,32.721,-115.95866666666667,1.35,2.6,,,SCEDC,,A,32,0.21,SCSN
14748124,scedc:14748124,2010-06-15T10:05:33.590000Z,32.7145,-115.96166666666667,9.4,2.9,,,SCEDC,,A,32,0.22,SCSN
14748164,scedc:14748164,2010-06-15T10:14:22.940000Z,32.69283333333333,-115.95383333333334,8.88,2.0,,,SCEDC,,A,19,0.26,SCSN
14748172,scedc:14748172,2010-06-15T10:14:46.520000Z,32.693666666666665,-115.90416666666668,2.31,2.2,,,SCEDC,,A,24,0.22,SCSN
10186350,scedc:10186350,2010-06-15T10:14:59.070000Z,32.72083333333333,-115.93683333333334,3.71,2.1,,,SCEDC,,A,16,0.1,SCSN
14748252,scedc:14748252,2010-06-15T10:28:28.600000Z,32.692166666666665,-115.90983333333334,4.21,2.6,,,SCEDC,,A,33,0.24,SCSN
14748276,scedc:14748276,2010-06-15T10:32:17.400000Z,32.720166666666664,-115.959,3.33,2.4,,,SCEDC,,A,28,0.21,SCSN
14748284,scedc:14748284,2010-06-15T10:34:09.980000Z,32.70733333333333,-115.92416666666666,9.25,2.3,,,SCEDC,,A,24,0.18,SCSN
14748300,scedc:14748300,2010-06-15T10:38:34.200000Z,32.712,-115.923,3.98,2.1,,,SCEDC,,A,21,0.15,SCSN
14748356,scedc:14748356,2010-06-15T10:52:12.550000Z,32.662166666666664,-115.8065,3.71,2.9,,,SCEDC,,A,26,0.21,SCSN
14748364,scedc:14748364,2010-06-15T10:53:51.870000Z,32.7145,-115.94033333333331,5.55,2.0,,,SCEDC,,C,25,0.29,SCSN
14748388,scedc:14748388,2010-06-15T10:59:30.590000Z,32.74183333333333,-115.97516666666668,5.36,2.4,,,SCEDC,,C,20,0.17,SCSN
14748396,scedc:14748396,2010-06-15T11:03:03.690000Z,32.73166666666667,-115.957,4.6,2.1,,,SCEDC,,A,15,0.15,SCSN
14748540,scedc:14748540,2010-06-15T11:25:40.380000Z,32.69716666666667,-115.91733333333332,5.35,2.0,,,SCEDC,,C,26,0.24,SCSN
10185790,scedc:10185790,2010-06-15T11:25:56.530000Z,32.702,-115.91866666666668,5.52,2.4,,,SCEDC,,C,17,0.23,SCSN
14748644,scedc:14748644,2010-06-15T11:45:54.160000Z,32.695,-115.92066666666666,7.2,2.0,,,SCEDC,,A,23,0.16,SCSN
14748652,scedc:14748652,2010-06-15T11:49:22.320000Z,32.69833333333333,-115.97,0.61,2.2,,,SCEDC,,A,26,0.23,SCSN
14748740,scedc:14748740,2010-06-15T12:09:41.400000Z,32.69733333333333,-115.91666666666669,3.29,2.2,,,SCEDC,,A,20,0.22,SCSN
10185650,scedc:10185650,2010-06-15T12:09:49.420000Z,32.697833333333335,-115.91866666666668,2.66,2.2,,,SCEDC,,A,18,0.29,SCSN
14748756,scedc:14748756,2010-06-15T12:12:57.890000Z,32.71216666666667,-115.943,1.74,2.0,,,SCEDC,,A,26,0.18,SCSN
14748780,scedc:14748780,2010-06-15T12:16:22.180000Z,32.7205,-115.9615,1.16,2.6,,,SCEDC,,A,29,0.23,SCSN
14748924,scedc:14748924,2010-06-15T12:39:53.940000Z,32.69566666666667,-115.95833333333331,3.61,2.0,,,SCEDC,,A,34,0.25,SCSN
14748932,scedc:14748932,2010-06-15T12:41:53.360000Z,32.6765,-115.9105,3.73,2.7,,,SCEDC,,A,23,0.2,SCSN
10185410,scedc:10185410,2010-06-15T12:54:35.140000Z,32.73116666666667,-115.948,2.93,2.0,,,SCEDC,,A,13,0.16,SCSN
14749012,scedc:14749012,2010-06-15T12:54:43.520000Z,32.70733333333333,-115.94316666666668,3.44,2.4,,,SCEDC,,A,12,0.13,SCSN
14749036,scedc:14749036,2010-06-15T13:00:47.350000Z,32.722,-115.972,1.79,2.7,,,SCEDC,,A,25,0.22,SCSN
14749068,scedc:14749068,2010-06-15T13:07:05.940000Z,32.70016666666667,-115.94333333333331,2.3,2.3,,,SCEDC,,A,19,0.21,SCSN
14749100,scedc:14749100,2010-06-15T13:18:02.680000Z,32.70516666666666,-115.93733333333331,5.11,2.5,,,SCEDC,,A,26,0.2,SCSN
14749140,scedc:14749140,2010-06-15T13:28:32.900000Z,32.68683333333333,-115.9955,9.35,2.1,,,SCEDC,,B,12,0.19,SCSN
14749164,scedc:14749164,2010-06-15T13:33:51.400000Z,32.714,-115.9545,8.18,2.6,,,SCEDC,,C,22,0.24,SCSN
10185278,scedc:10185278,2010-06-15T13:56:08.100000Z,32.68216666666667,-115.9245,8.62,2.3,,,SCEDC,,C,13,0.28,SCSN
14749260,scedc:14749260,2010-06-15T14:07:14.860000Z,32.706,-115.96466666666667,0.43,2.0,,,SCEDC,,A,17,0.2,SCSN
14749316,scedc:14749316,2010-06-15T14:25:16.320000Z,32.711,-115.93416666666668,3.41,2.3,,,SCEDC,,A,19,0.17,SCSN
14749364,scedc:14749364,2010-06-15T14:44:54.520000Z,34.61633333333333,-116.2355,4.13,2.2,,,SCEDC,,A,35,0.13,SCSN
14749372,scedc:14749372,2010-06-15T14:45:43.590000Z,32.720333333333336,-115.94933333333331,3.65,2.5,,,SCEDC,,A,26,0.21,SCSN
14749380,scedc:14749380,2010-06-15T14:47:32.160000Z,32.7215,-115.94816666666668,5.01,2.8,,,SCEDC,,A,29,0.23,SCSN
14749388,scedc:14749388,2010-06-15T14:48:36.480000Z,32.68516666666667,-115.93033333333334,9.85,3.0,,,SCEDC,,A,96,0.35,SCSN
14749396,scedc:14749396,2010-06-15T14:52:52.370000Z,32.727833333333336,-115.96583333333334,4.17,2.2,,,SCEDC,,A,39,0.25,SCSN
14749420,scedc:14749420,2010-06-15T14:56:43.440000Z,32.715833333333336,-115.95083333333334,4.81,3.3,,,SCEDC,,A,57,0.25,SCSN
14749460,scedc:14749460,2010-06-15T15:05:24.950000Z,32.717166666666664,-115.94333333333331,3.97,2.6,,,SCEDC,,A,30,0.16,SCSN
14749476,scedc:14749476,2010-06-15T15:16:12.990000Z,32.675,-115.90166666666669,5.72,2.2,,,SCEDC,,A,23,0.18,SCSN
14749508,scedc:14749508,2010-06-15T15:21:58.080000Z,32.685833333333335,-115.85166666666667,2.38,2.7,,,SCEDC,,A,21,0.2,SCSN
14749516,scedc:14749516,2010-06-15T15:23:19.700000Z,32.72083333333333,-115.9465,3.32,2.6,,,SCEDC,,A,26,0.17,SCSN
14749548,scedc:14749548,2010-06-15T15:31:36.760000Z,32.702,-115.92066666666666,5.62,2.7,,,SCEDC,,B,25,0.17,SCSN
14749612,scedc:14749612,2010-06-15T15:53:16.440000Z,32.719166666666666,-115.94516666666668,5.55,2.4,,,SCEDC,,C,23,0.2,SCSN
14749636,scedc:14749636,2010-06-15T15:58:48.350000Z,32.6985,-115.907,3.77,2.2,,,SCEDC,,A,20,0.16,SCSN
14749644,scedc:14749644,2010-06-15T16:00:16.990000Z,32.6725,-115.9045,7.19,2.2,,,SCEDC,,C,22,0.17,SCSN
14749660,scedc:14749660,2010-06-15T16:02:03.190000Z,32.715833333333336,-115.94933333333331,4.58,2.0,,,SCEDC,,A,22,0.23,SCSN
14749684,scedc:14749684,2010-06-15T16:09:41.630000Z,32.691,-115.90766666666669,4.19,2.3,,,SCEDC,,A,25,0.19,SCSN
14749724,scedc:14749724,2010-06-15T16:23:44.430000Z,33.395,-116.42233333333331,10.11,3.0,,,SCEDC,,A,77,0.21,SCSN
14749748,scedc:14749748,2010-06-15T16:30:24.570000Z,32.716,-115.93683333333334,3.78,2.4,,,SCEDC,,A,21,0.18,SCSN
14749764,scedc:14749764,2010-06-15T16:32:32.200000Z,32.709,-115.95866666666667,13.19,3.6,,,SCEDC,,A,85,0.3,SCSN
14749860,scedc:14749860,2010-06-15T17:06:12.040000Z,32.687,-115.906,13.29,3.7,,,SCEDC,,A,73,0.35,SCSN
14749924,scedc:14749924,2010-06-15T17:25:12.380000Z,32.699333333333335,-115.94716666666666,2.73,2.9,,,SCEDC,,A,29,0.24,SCSN
14749948,scedc:14749948,2010-06-15T17:31:13.830000Z,32.722166666666666,-115.94716666666666,3.44,2.1,,,SCEDC,,A,24,0.17,SCSN
10184970,scedc:10184970,2010-06-15T17:31:41.790000Z,32.67216666666667,-115.91366666666669,6.83,2.0,,,SCEDC,,A,14,0.16,SCSN
14750012,scedc:14750012,2010-06-15T18:10:30.740000Z,32.721,-115.95016666666666,1.62,2.0,,,SCEDC,,A,28,0.21,SCSN
14750044,scedc:14750044,2010-06-15T18:16:03.810000Z,32.71816666666667,-115.94033333333331,5.34,2.2,,,SCEDC,,C,25,0.19,SCSN
14750076,scedc:14750076,2010-06-15T18:30:26.900000Z,32.67283333333334,-115.91033333333333,4.42,2.2,,,SCEDC,,A,25,0.28,SCSN
14750092,scedc:14750092,2010-06-15T18:33:50.240000Z,32.67333333333333,-115.91766666666666,6.58,2.1,,,SCEDC,,A,25,0.21,SCSN
14750236,scedc:14750236,2010-06-15T19:05:17.520000Z,32.722833333333334,-115.9545,2.91,2.0,,,SCEDC,,A,26,0.17,SCSN
14750252,scedc:14750252,2010-06-15T19:09:30.270000Z,32.711666666666666,-115.94583333333334,2.35,2.2,,,SCEDC,,A,21,0.17,SCSN
14750356,scedc:14750356,2010-06-15T19:59:33.990000Z,32.724333333333334,-115.94566666666668,8.91,2.1,,,SCEDC,,A,36,0.23,SCSN
14750412,scedc:14750412,2010-06-15T20:10:18.520000Z,32.7125,-115.90866666666666,5.5,2.1,,,SCEDC,,C,26,0.22,SCSN
14750500,scedc:14750500,2010-06-15T20:40:38.110000Z,32.72416666666667,-115.95833333333331,3.88,2.0,,,SCEDC,,A,25,0.3,SCSN
14750540,scedc:14750540,2010-06-15T20:55:38.170000Z,32.68416666666667,-115.90666666666668,4.28,2.0,,,SCEDC,,A,27,0.23,SCSN
14750596,scedc:14750596,2010-06-15T21:31:48.140000Z,32.701,-115.94216666666668,7.4,2.9,,,SCEDC,,A,26,0.19,SCSN
14750604,scedc:14750604,2010-06-15T21:36:38.320000Z,32.703833333333336,-115.93366666666668,1.53,3.0,,,SCEDC,,A,54,0.31,SCSN
14750620,scedc:14750620,2010-06-15T21:55:54.530000Z,32.72566666666667,-115.95483333333334,3.56,2.2,,,SCEDC,,A,25,0.21,SCSN
14750676,scedc:14750676,2010-06-15T22:17:15.570000Z,32.674,-115.9055,5.35,2.8,,,SCEDC,,C,32,0.24,SCSN
14750724,scedc:14750724,2010-06-15T23:05:37.950000Z,32.71516666666667,-115.95966666666666,8.96,3.1,,,SCEDC,,A,40,0.22,SCSN
14750780,scedc:14750780,2010-06-15T23:30:48.700000Z,32.7325,-115.976,4.02,3.2,,,SCEDC,,A,51,0.25,SCSN
14750796,scedc:14750796,2010-06-15T23:36:11.410000Z,32.734,-115.96583333333334,7.23,2.0,,,SCEDC,,C,23,0.2,SCSN
14750836,scedc:14750836,2010-06-16T00:04:41.680000Z,32.7245,-115.94333333333331,2.95,2.1,,,SCEDC,,A,20,0.18,SCSN
14750924,scedc:14750924,2010-06-16T00:33:32.400000Z,32.7095,-115.94333333333331,3.4,2.4,,,SCEDC,,A,30,0.24,SCSN
14750956,scedc:14750956,2010-06-16T00:44:54.890000Z,32.72966666666667,-115.96266666666666,3.45,2.0,,,SCEDC,,A,29,0.21,SCSN
14751012,scedc:14751012,2010-06-16T01:01:33.790000Z,32.730333333333334,-115.96666666666668,1.37,2.0,,,SCEDC,,A,16,0.27,SCSN
14751036,scedc:14751036,2010-06-16T01:05:44.750000Z,32.69916666666667,-115.9225,6.62,2.1,,,SCEDC,,A,28,0.18,SCSN
14751052,scedc:14751052,2010-06-16T01:10:36.660000Z,32.7,-115.94783333333334,2.81,2.6,,,SCEDC,,A,27,0.24,SCSN
14751100,scedc:14751100,2010-06-16T01:30:50.520000Z,32.71383333333333,-115.95966666666666,2.89,2.7,,,SCEDC,,A,36,0.26,SCSN
14751092,scedc:14751092,2010-06-16T01:33:17.820000Z,32.68183333333333,-115.92183333333334,11.7,2.5,,,SCEDC,,A,29,0.2,SCSN
14751156,scedc:14751156,2010-06-16T01:47:43.480000Z,32.70516666666666,-115.94066666666669,1.32,2.3,,,SCEDC,,A,30,0.24,SCSN
14751220,scedc:14751220,2010-06-16T02:10:29.700000Z,32.36716666666667,-115.35566666666666,9.95,2.1,,,SCEDC,,C,15,0.33,SCSN
14751276,scedc:14751276,2010-06-16T02:36:37.580000Z,32.72116666666667,-115.9545,0.46,2.1,,,SCEDC,,A,21,0.22,SCSN
14751300,scedc:14751300,2010-06-16T02:42:03.420000Z,32.689,-115.92316666666666,7.45,3.2,,,SCEDC,,A,36,0.23,SCSN
14751316,scedc:14751316,2010-06-16T02:47:34.170000Z,32.69833333333333,-115.91066666666669,4.01,2.0,,,SCEDC,,A,29,0.21,SCSN
14751324,scedc:14751324,2010-06-16T02:49:03.160000Z,32.70583333333333,-115.92266666666669,7.12,2.3,,,SCEDC,,A,21,0.17,SCSN
14751340,scedc:14751340,2010-06-16T02:54:50.660000Z,32.698,-115.90983333333334,7.88,2.6,,,SCEDC,,B,22,0.19,SCSN
14751396,scedc:14751396,2010-06-16T03:14:51.860000Z,32.72866666666667,-115.96733333333331,3.45,2.6,,,SCEDC,,A,35,0.26,SCSN
14751540,scedc:14751540,2010-06-16T04:12:06.460000Z,32.71783333333333,-115.95083333333334,5.0,2.5,,,SCEDC,,A,23,0.26,SCSN
14751556,scedc:14751556,2010-06-16T04:27:06.440000Z,32.67216666666667,-115.85583333333334,6.3,2.9,,,SCEDC,,B,32,0.21,SCSN
14751564,scedc:14751564,2010-06-16T04:28:06.690000Z,32.71333333333333,-115.957,0.7,2.2,,,SCEDC,,A,25,0.23,SCSN
14751596,scedc:14751596,2010-06-16T04:51:35.640000Z,32.68033333333333,-115.85816666666666,4.72,2.4,,,SCEDC,,A,21,0.18,SCSN
14751620,scedc:14751620,2010-06-16T05:04:10.620000Z,32.671166666666664,-115.837,3.1,2.7,,,SCEDC,,A,31,0.27,SCSN
14751652,scedc:14751652,2010-06-16T05:13:02.480000Z,32.73,-115.97066666666667,1.38,2.4,,,SCEDC,,A,25,0.2,SCSN
14751676,scedc:14751676,2010-06-16T05:19:27.630000Z,32.686166666666665,-115.94933333333331,1.82,2.5,,,SCEDC,,A,28,0.27,SCSN
14751700,scedc:14751700,2010-06-16T05:34:14.890000Z,32.63916666666667,-115.73316666666666,6.01,2.5,,,SCEDC,,A,14,0.16,SCSN
14751716,scedc:14751716,2010-06-16T05:43:15.450000Z,32.68966666666667,-115.97216666666668,1.16,2.8,,,SCEDC,,A,28,0.25,SCSN
14751764,scedc:14751764,2010-06-16T06:21:06.820000Z,32.72966666666667,-115.97066666666667,3.39,2.0,,,SCEDC,,A,19,0.19,SCSN
14751828,scedc:14751828,2010-06-16T06:55:29.440000Z,32.724,-115.96683333333333,5.27,2.0,,,SCEDC,,C,22,0.24,SCSN
14751836,scedc:14751836,2010-06-16T07:00:18.940000Z,32.718666666666664,-115.9595,10.98,2.9,,,SCEDC,,A,35,0.23,SCSN
14751852,scedc:14751852,2010-06-16T07:07:09.350000Z,32.68716666666667,-115.9505,3.7,2.0,,,SCEDC,,A,19,0.18,SCSN
14751924,scedc:14751924,2010-06-16T07:37:44.530000Z,32.70133333333333,-115.95083333333334,1.63,2.9,,,SCEDC,,A,50,0.22,SCSN
14751940,scedc:14751940,2010-06-16T07:39:50.220000Z,32.67483333333333,-115.9085,4.75,3.2,,,SCEDC,,A,47,0.24,SCSN
14751956,scedc:14751956,2010-06-16T07:45:34.330000Z,32.7335,-115.97183333333334,4.34,2.0,,,SCEDC,,A,24,0.2,SCSN
14751964,scedc:14751964,2010-06-16T07:47:06.630000Z,32.704166666666666,-115.913,7.74,2.8,,,SCEDC,,B,32,0.23,SCSN
14751972,scedc:14751972,2010-06-16T07:49:02.120000Z,32.675666666666665,-115.90633333333334,5.49,2.1,,,SCEDC,,A,32,0.21,SCSN
14751980,scedc:14751980,2010-06-16T07:52:30.410000Z,32.69166666666667,-115.9115,4.93,2.0,,,SCEDC,,A,24,0.28,SCSN
14752004,scedc:14752004,2010-06-16T07:57:12.130000Z,32.684666666666665,-115.89666666666666,3.09,2.5,,,SCEDC,,A,25,0.23,SCSN
14752036,scedc:14752036,2010-06-16T08:12:23.180000Z,32.67666666666667,-115.86116666666666,4.75,2.2,,,SCEDC,,A,21,0.2,SCSN
14752060,scedc:14752060,2010-06-16T08:37:47.360000Z,33.558,-118.267,5.41,2.4,,,SCEDC,,C,27,0.23,SCSN
14752092,scedc:14752092,2010-06-16T08:58:22.400000Z,32.7145,-115.96033333333334,3.6,2.4,,,SCEDC,,A,60,0.29,SCSN
14752116,scedc:14752116,2010-06-16T09:15:38.370000Z,32.706,-115.92033333333332,6.43,2.1,,,SCEDC,,B,27,0.18,SCSN
14752220,scedc:14752220,2010-06-16T10:04:45.310000Z,32.674,-115.905,5.29,3.3,,,SCEDC,,A,57,0.26,SCSN
14752252,scedc:14752252,2010-06-16T10:36:44.150000Z,32.75183333333333,-115.876,0.84,2.6,,,SCEDC,,A,34,0.21,SCSN
14752260,scedc:14752260,2010-06-16T10:41:00.480000Z,32.78766666666667,-116.12433333333334,6.14,2.5,,,SCEDC,,C,32,0.26,SCSN
14752276,scedc:14752276,2010-06-16T10:51:35.730000Z,32.73266666666667,-115.97066666666667,4.22,2.3,,,SCEDC,,A,34,0.22,SCSN
14752284,scedc:14752284,2010-06-16T10:54:41.160000Z,32.727833333333336,-115.97416666666666,3.12,3.6,,,SCEDC,,A,94,0.29,SCSN
14752292,scedc:14752292,2010-06-16T10:57:33.880000Z,32.702333333333335,-115.92716666666666,3.32,2.0,,,SCEDC,,A,21,0.17,SCSN
14752332,scedc:14752332,2010-06-16T11:20:53.780000Z,32.71816666666667,-115.95783333333333,5.56,2.7,,,SCEDC,,C,27,0.22,SCSN
14752348,scedc:14752348,2010-06-16T11:30:48.750000Z,32.69566666666667,-115.92866666666669,3.44,3.8,,,SCEDC,,A,89,0.32,SCSN
14752380,scedc:14752380,2010-06-16T12:03:16.580000Z,32.7075,-115.928,2.2,3.1,,,SCEDC,,A,37,0.25,SCSN
14752396,scedc:14752396,2010-06-16T12:09:04.200000Z,35.503166666666665,-118.265,1.15,2.4,,,SCEDC,,A,40,0.18,SCSN
14752412,scedc:14752412,2010-06-16T12:17:51.670000Z,32.7175,-115.95416666666668,8.81,2.0,,,SCEDC,,A,26,0.23,SCSN
14752428,scedc:14752428,2010-06-16T12:26:14.220000Z,32.69683333333333,-115.92316666666666,3.64,2.2,,,SCEDC,,A,21,0.23,SCSN
10165282,scedc:10165282,2010-06-16T12:59:34.240000Z,32.591833333333334,-115.77866666666668,4.31,2.7,,,SCEDC,,B,16,0.26,SCSN
14752492,scedc:14752492,2010-06-16T13:16:41.980000Z,32.737833333333334,-115.97416666666666,3.79,2.1,,,SCEDC,,A,23,0.21,SCSN
14752524,scedc:14752524,2010-06-16T13:21:34.960000Z,32.67733333333334,-115.85816666666666,4.74,2.9,,,SCEDC,,A,31,0.23,SCSN
14752532,scedc:14752532,2010-06-16T13:30:44.170000Z,32.72233333333333,-115.95216666666668,3.38,2.0,,,SCEDC,,A,23,0.2,SCSN
14752556,scedc:14752556,2010-06-16T13:46:30.040000Z,33.390166666666666,-116.41083333333331,7.96,3.0,,,SCEDC,,A,65,0.2,SCSN
10182718,scedc:10182718,2010-06-16T14:25:28.440000Z,32.64366666666667,-115.82333333333334,2.71,2.1,,,SCEDC,,A,15,0.26,SCSN
14752612,scedc:14752612,2010-06-16T14:25:36.080000Z,32.634166666666665,-115.96716666666669,7.61,2.3,,,SCEDC,,B,17,0.26,SCSN
14752668,scedc:14752668,2010-06-16T14:45:38.780000Z,32.729166666666664,-115.964,2.8,2.1,,,SCEDC,,A,20,0.18,SCSN
14752692,scedc:14752692,2010-06-16T14:56:22.120000Z,32.6915,-115.9645,3.32,2.3,,,SCEDC,,A,23,0.18,SCSN
14752700,scedc:14752700,2010-06-16T15:09:12.810000Z,32.690666666666665,-115.96733333333331,3.02,3.2,,,SCEDC,,A,40,0.23,SCSN
14752796,scedc:14752796,2010-06-16T15:51:03.650000Z,32.69566666666667,-115.81483333333334,1.21,2.1,,,SCEDC,,A,33,0.2,SCSN
14752828,scedc:14752828,2010-06-16T16:04:20.100000Z,32.7195,-115.9555,3.38,2.2,,,SCEDC,,A,19,0.19,SCSN
14752836,scedc:14752836,2010-06-16T16:07:50.800000Z,32.7185,-115.95783333333333,3.07,2.7,,,SCEDC,,A,26,0.23,SCSN
14752844,scedc:14752844,2010-06-16T16:08:28.840000Z,32.70333333333333,-115.95866666666667,8.15,2.6,,,SCEDC,,C,18,0.3,SCSN
14752876,scedc:14752876,2010-06-16T16:17:42.420000Z,32.723,-115.96,2.66,2.3,,,SCEDC,,A,29,0.2,SCSN
14752884,scedc:14752884,2010-06-16T16:19:41.020000Z,32.702,-115.92966666666666,3.82,3.2,,,SCEDC,,A,37,0.22,SCSN
14752924,scedc:14752924,2010-06-16T16:39:20.100000Z,32.726,-115.96833333333332,2.4,2.8,,,SCEDC,,A,29,0.21,SCSN
14753028,scedc:14753028,2010-06-16T17:52:30.770000Z,32.70466666666667,-115.933,5.03,2.3,,,SCEDC,,A,24,0.2,SCSN
14753036,scedc:14753036,2010-06-16T17:53:27.360000Z,32.719166666666666,-115.95066666666666,5.18,3.0,,,SCEDC,,A,36,0.24,SCSN
14753044,scedc:14753044,2010-06-16T17:55:57.650000Z,32.68933333333333,-115.91483333333332,2.65,2.1,,,SCEDC,,A,18,0.26,SCSN
14753108,scedc:14753108,2010-06-16T18:45:50.900000Z,32.70883333333333,-115.918,3.57,2.0,,,SCEDC,,A,16,0.15,SCSN
14753140,scedc:14753140,2010-06-16T19:00:43.830000Z,32.724,-115.957,1.39,2.0,,,SCEDC,,A,22,0.21,SCSN
14753156,scedc:14753156,2010-06-16T19:11:54.700000Z,32.702666666666666,-115.909,3.41,2.0,,,SCEDC,,A,16,0.17,SCSN
14753172,scedc:14753172,2010-06-16T19:23:32.680000Z,32.687333333333335,-115.921,8.2,2.8,,,SCEDC,,A,26,0.23,SCSN
14753252,scedc:14753252,2010-06-16T20:15:53.010000Z,32.68516666666667,-115.9425,3.54,2.0,,,SCEDC,,A,25,0.18,SCSN
14753284,scedc:14753284,2010-06-16T20:41:36.480000Z,32.6775,-115.879,5.99,2.3,,,SCEDC,,C,23,0.24,SCSN
14753300,scedc:14753300,2010-06-16T21:04:24.090000Z,32.67316666666667,-115.8965,3.92,3.4,,,SCEDC,,A,32,0.22,SCSN
14753356,scedc:14753356,2010-06-16T21:21:49.520000Z,32.725,-115.96533333333332,0.08,3.2,,,SCEDC,,B,17,0.38,SCSN
14753396,scedc:14753396,2010-06-16T21:38:31.360000Z,32.39,-115.52666666666669,5.59,2.4,,,SCEDC,,C,21,0.22,SCSN
14753412,scedc:14753412,2010-06-16T21:49:14.160000Z,32.711333333333336,-115.95483333333334,7.49,2.8,,,SCEDC,,B,29,0.22,SCSN
14753428,scedc:14753428,2010-06-16T21:52:11.050000Z,32.694833333333335,-115.92433333333334,4.74,2.0,,,SCEDC,,A,18,0.23,SCSN
14753452,scedc:14753452,2010-06-16T22:22:32.770000Z,32.56133333333333,-115.69583333333334,6.11,2.1,,,SCEDC,,B,21,0.16,SCSN
14753516,scedc:14753516,2010-06-16T22:35:48.110000Z,32.69866666666667,-115.92583333333332,6.72,2.0,,,SCEDC,,A,25,0.15,SCSN
14753572,scedc:14753572,2010-06-16T23:39:51.580000Z,32.73133333333333,-115.959,1.51,2.1,,,SCEDC,,A,20,0.25,SCSN
14753668,scedc:14753668,2010-06-17T00:43:09.960000Z,32.75083333333333,-115.88383333333331,0.97,2.5,,,SCEDC,,A,22,0.26,SCSN
10181322,scedc:10181322,2010-06-17T00:43:35.830000Z,32.733,-115.955,0.95,2.0,,,SCEDC,,A,13,0.23,SCSN
14753700,scedc:14753700,2010-06-17T01:01:52.330000Z,32.30433333333333,-115.446,6.6,2.5,,,SCEDC,,C,29,0.3,SCSN
14753708,scedc:14753708,2010-06-17T01:06:17.860000Z,32.69766666666666,-115.9175,3.97,2.2,,,SCEDC,,A,24,0.24,SCSN
14753764,scedc:14753764,2010-06-17T02:03:29.800000Z,32.719,-115.96066666666668,4.27,2.1,,,SCEDC,,A,31,0.31,SCSN
14753860,scedc:14753860,2010-06-17T02:32:50.450000Z,32.684666666666665,-115.94683333333332,3.55,2.0,,,SCEDC,,A,18,0.2,SCSN
14753892,scedc:14753892,2010-06-17T02:43:45.690000Z,32.70333333333333,-115.92533333333331,6.62,2.4,,,SCEDC,,B,27,0.19,SCSN
14753940,scedc:14753940,2010-06-17T03:07:25.350000Z,32.283,-115.40083333333334,1.69,2.3,,,SCEDC,,B,18,0.26,SCSN
14753932,scedc:14753932,2010-06-17T03:09:47.800000Z,35.20166666666667,-118.59883333333332,4.67,2.8,,,SCEDC,,A,59,0.3,SCSN
14754004,scedc:14754004,2010-06-17T03:47:31.920000Z,32.6835,-115.88533333333334,3.47,2.3,,,SCEDC,,A,22,0.2,SCSN
14754092,scedc:14754092,2010-06-17T04:35:30.520000Z,32.720666666666666,-115.955,3.0,2.4,,,SCEDC,,A,21,0.17,SCSN
14754100,scedc:14754100,2010-06-17T04:36:36.450000Z,32.72666666666667,-115.9905,10.52,2.1,,,SCEDC,,A,22,0.23,SCSN
14754124,scedc:14754124,2010-06-17T04:51:09.170000Z,32.67366666666667,-115.85766666666666,1.05,2.9,,,SCEDC,,A,19,0.23,SCSN
14754204,scedc:14754204,2010-06-17T06:27:36.730000Z,32.747,-115.87816666666669,0.99,2.7,,,SCEDC,,A,28,0.17,SCSN
14754212,scedc:14754212,2010-06-17T06:34:15.360000Z,32.7525,-115.87266666666666,2.0,2.1,,,SCEDC,,A,21,0.18,SCSN
14754268,scedc:14754268,2010-06-17T07:22:01.470000Z,33.400166666666664,-116.41166666666666,7.31,2.0,,,SCEDC,,B,42,0.19,SCSN
14754284,scedc:14754284,2010-06-17T07:38:09.870000Z,32.712666666666664,-115.94083333333332,1.87,2.1,,,SCEDC,,A,22,0.22,SCSN
14754412,scedc:14754412,2010-06-17T09:41:44.130000Z,32.7215,-115.96816666666666,0.98,3.1,,,SCEDC,,A,46,0.2,SCSN
14754492,scedc:14754492,2010-06-17T10:27:15.350000Z,32.694833333333335,-115.89216666666668,2.49,2.0,,,SCEDC,,A,25,0.24,SCSN
14754532,scedc:14754532,2010-06-17T11:06:09.460000Z,32.720333333333336,-115.94783333333334,2.4,2.2,,,SCEDC,,A,23,0.19,SCSN
14754588,scedc:14754588,2010-06-17T12:23:31.750000Z,32.678333333333335,-115.85466666666667,2.35,2.1,,,SCEDC,,A,16,0.18,SCSN
14754604,scedc:14754604,2010-06-17T12:30:40.170000Z,32.6755,-115.86133333333332,1.24,2.4,,,SCEDC,,A,25,0.2,SCSN
14754748,scedc:14754748,2010-06-17T14:05:05.450000Z,32.729,-115.96233333333332,2.44,2.1,,,SCEDC,,A,22,0.2,SCSN
10179990,scedc:10179990,2010-06-17T14:05:17.520000Z,32.738,-115.97233333333334,7.2,2.0,,,SCEDC,,C,7,0.06,SCSN
14754780,scedc:14754780,2010-06-17T14:23:35.280000Z,32.724833333333336,-115.96583333333334,3.12,3.3,,,SCEDC,,A,53,0.25,SCSN
14754828,scedc:14754828,2010-06-17T14:58:35.010000Z,32.6495,-115.75183333333334,4.0,2.0,,,SCEDC,,B,18,0.16,SCSN
14754900,scedc:14754900,2010-06-17T15:12:08.600000Z,32.494,-115.61283333333331,5.83,3.3,,,SCEDC,,C,46,0.35,SCSN
14755028,scedc:14755028,2010-06-17T16:38:52.800000Z,32.68033333333333,-115.85716666666669,1.92,2.3,,,SCEDC,,A,18,0.19,SCSN
14755100,scedc:14755100,2010-06-17T17:16:57.800000Z,32.72966666666667,-115.96016666666668,2.85,2.0,,,SCEDC,,A,23,0.18,SCSN
14755124,scedc:14755124,2010-06-17T17:33:03.090000Z,32.70216666666666,-115.925,2.72,2.7,,,SCEDC,,A,22,0.25,SCSN
14755140,scedc:14755140,2010-06-17T17:36:30.800000Z,32.68333333333333,-115.88083333333331,3.6,2.1,,,SCEDC,,A,15,0.16,SCSN
14755156,scedc:14755156,2010-06-17T17:55:32.340000Z,32.72833333333333,-115.959,2.92,2.0,,,SCEDC,,A,22,0.19,SCSN
14755204,scedc:14755204,2010-06-17T18:37:59.790000Z,32.678333333333335,-115.8625,6.38,2.0,,,SCEDC,,B,16,0.14,SCSN
14755268,scedc:14755268,2010-06-17T19:13:03.560000Z,32.715666666666664,-115.94466666666666,3.6,2.0,,,SCEDC,,A,21,0.2,SCSN
14755292,scedc:14755292,2010-06-17T19:25:41.650000Z,32.66283333333333,-115.89666666666666,6.5,2.2,,,SCEDC,,B,21,0.28,SCSN
14755460,scedc:14755460,2010-06-17T21:29:14.740000Z,32.64983333333333,-115.75616666666669,3.81,2.2,,,SCEDC,,A,19,0.16,SCSN
14755572,scedc:14755572,2010-06-17T23:13:07.300000Z,32.30883333333333,-115.333,9.96,2.5,,,SCEDC,,C,16,0.35,SCSN
14755580,scedc:14755580,2010-06-17T23:19:44.760000Z,32.654333333333334,-115.74316666666668,4.7,2.1,,,SCEDC,,A,15,0.14,SCSN
10714613,scedc:10714613,2010-06-18T02:29:30.150000Z,32.718,-115.96066666666668,2.14,2.1,,,SCEDC,,A,20,0.23,SCSN
10714669,scedc:10714669,2010-06-18T03:13:29.910000Z,32.720166666666664,-115.95883333333332,3.66,2.0,,,SCEDC,,A,20,0.26,SCSN
10714765,scedc:10714765,2010-06-18T05:29:48.620000Z,32.717666666666666,-115.90933333333334,8.62,2.2,,,SCEDC,,A,21,0.16,SCSN
10714805,scedc:10714805,2010-06-18T06:24:01.070000Z,32.7055,-115.9395,1.11,2.0,,,SCEDC,,A,24,0.24,SCSN
10714837,scedc:10714837,2010-06-18T07:09:51.800000Z,32.49633333333333,-115.66,1.36,2.0,,,SCEDC,,A,21,0.3,SCSN
10714997,scedc:10714997,2010-06-18T09:54:27.440000Z,32.689166666666665,-115.90583333333332,3.74,2.1,,,SCEDC,,A,26,0.22,SCSN
10715045,scedc:10715045,2010-06-18T10:30:30.020000Z,32.688,-115.90583333333332,3.28,2.1,,,SCEDC,,A,22,0.22,SCSN
10715061,scedc:10715061,2010-06-18T10:46:37.770000Z,32.656666666666666,-115.7395,5.79,2.6,,,SCEDC,,A,69,0.17,SCSN
10715189,scedc:10715189,2010-06-18T12:53:19.400000Z,32.37883333333333,-115.52916666666668,6.96,2.1,,,SCEDC,,C,25,0.24,SCSN
10715237,scedc:10715237,2010-06-18T13:57:25.790000Z,32.6995,-115.93366666666668,1.99,3.4,,,SCEDC,,A,43,0.28,SCSN
10715309,scedc:10715309,2010-06-18T14:48:27.880000Z,33.3975,-116.405,4.25,2.2,,,SCEDC,,C,49,0.19,SCSN
10715365,scedc:10715365,2010-06-18T15:14:39.980000Z,33.3905,-116.41666666666669,8.71,3.4,,,SCEDC,,A,87,0.24,SCSN
10715509,scedc:10715509,2010-06-18T16:34:41.100000Z,33.388,-116.4175,7.3,2.2,,,SCEDC,,A,53,0.23,SCSN
10715533,scedc:10715533,2010-06-18T16:39:30.250000Z,32.64483333333333,-115.7335,5.29,2.4,,,SCEDC,,A,21,0.15,SCSN
10715565,scedc:10715565,2010-06-18T17:01:35.990000Z,32.995,-116.35416666666669,7.91,2.7,,,SCEDC,,B,64,0.23,SCSN
10715613,scedc:10715613,2010-06-18T17:55:24.840000Z,32.72666666666667,-115.9675,2.33,2.6,,,SCEDC,,A,52,0.27,SCSN
10715637,scedc:10715637,2010-06-18T18:08:26.210000Z,32.64566666666666,-115.75683333333332,4.27,2.2,,,SCEDC,,B,18,0.17,SCSN
10715725,scedc:10715725,2010-06-18T19:25:27.480000Z,32.680166666666665,-115.909,6.31,2.0,,,SCEDC,,A,21,0.17,SCSN
10715749,scedc:10715749,2010-06-18T19:39:29.900000Z,32.41416666666667,-115.582,1.16,2.1,,,SCEDC,,B,13,0.16,SCSN
10715773,scedc:10715773,2010-06-18T19:46:54.680000Z,32.637166666666666,-115.74916666666668,3.86,2.4,,,SCEDC,,A,32,0.28,SCSN
10177850,scedc:10177850,2010-06-18T19:52:11.120000Z,32.421166666666664,-115.57116666666668,5.92,2.4,,,SCEDC,,C,23,0.25,SCSN
10715829,scedc:10715829,2010-06-18T19:53:59.260000Z,32.435,-115.5685,7.24,2.2,,,SCEDC,,C,23,0.28,SCSN
10715821,scedc:10715821,2010-06-18T19:55:36.920000Z,32.391,-115.57166666666669,6.84,2.5,,,SCEDC,,C,18,0.32,SCSN
10716013,scedc:10716013,2010-06-18T22:43:11.700000Z,32.63666666666667,-115.74533333333332,4.68,2.3,,,SCEDC,,B,23,0.23,SCSN
10716053,scedc:10716053,2010-06-18T23:02:10.810000Z,32.683,-115.92416666666666,5.6,3.0,,,SCEDC,,A,88,0.27,SCSN
10716069,scedc:10716069,2010-06-18T23:24:38.160000Z,32.735,-115.96966666666668,2.07,2.1,,,SCEDC,,A,27,0.24,SCSN
10716125,scedc:10716125,2010-06-19T00:18:35.570000Z,32.66733333333333,-115.86033333333332,4.54,2.7,,,SCEDC,,A,43,0.26,SCSN
10716141,scedc:10716141,2010-06-19T00:25:01.950000Z,32.403333333333336,-115.52583333333334,6.05,2.1,,,SCEDC,,C,30,0.41,SCSN
10716197,scedc:10716197,2010-06-19T01:53:48.620000Z,36.105,-117.85766666666666,2.03,2.0,,,SCEDC,,A,31,0.21,SCSN
10716237,scedc:10716237,2010-06-19T02:26:52.660000Z,32.73616666666667,-115.9815,4.33,2.1,,,SCEDC,,A,28,0.28,SCSN
10716341,scedc:10716341,2010-06-19T03:59:51.960000Z,32.733666666666664,-115.97616666666669,3.05,2.2,,,SCEDC,,A,18,0.17,SCSN
10716349,scedc:10716349,2010-06-19T04:01:08.320000Z,32.737,-115.97683333333332,4.32,2.1,,,SCEDC,,A,22,0.27,SCSN
10716373,scedc:10716373,2010-06-19T04:25:24.750000Z,32.69766666666666,-115.90816666666667,4.03,2.2,,,SCEDC,,A,21,0.17,SCSN
10716397,scedc:10716397,2010-06-19T04:44:45.650000Z,32.694,-115.9115,3.4,2.0,,,SCEDC,,A,16,0.15,SCSN
10716469,scedc:10716469,2010-06-19T06:22:32.060000Z,32.724,-115.95266666666669,5.34,2.2,,,SCEDC,,C,31,0.25,SCSN
10716573,scedc:10716573,2010-06-19T09:03:21.720000Z,32.73466666666667,-115.982,5.3,2.8,,,SCEDC,,C,42,0.25,SCSN
10716677,scedc:10716677,2010-06-19T11:28:57.920000Z,34.2735,-119.46816666666666,11.3,2.5,,,SCEDC,,A,25,0.27,SCSN
10716773,scedc:10716773,2010-06-19T13:20:19.390000Z,32.69266666666667,-115.92383333333332,7.24,2.0,,,SCEDC,,A,21,0.17,SCSN
10716781,scedc:10716781,2010-06-19T13:21:52.450000Z,32.729,-115.96983333333333,1.0,2.3,,,SCEDC,,A,21,0.21,SCSN
10716789,scedc:10716789,2010-06-19T13:23:42.150000Z,32.6885,-115.90033333333334,3.66,2.2,,,SCEDC,,A,16,0.14,SCSN
10716837,scedc:10716837,2010-06-19T14:29:40.610000Z,32.7015,-115.943,1.36,2.7,,,SCEDC,,A,49,0.31,SCSN
10716869,scedc:10716869,2010-06-19T15:02:24.970000Z,32.71966666666667,-115.96,2.39,2.6,,,SCEDC,,A,50,0.24,SCSN
10717197,scedc:10717197,2010-06-19T20:22:26.560000Z,32.27316666666667,-115.387,3.46,2.7,,,SCEDC,,B,34,0.31,SCSN
10717261,scedc:10717261,2010-06-19T21:13:47.760000Z,32.31616666666667,-115.43566666666666,8.47,2.6,,,SCEDC,,C,28,0.34,SCSN
34037759,scedc:34037759,2010-06-19T21:14:21.710000Z,32.309666666666665,-115.44083333333332,6.92,2.4,,,SCEDC,,C,14,0.37,SCSN
10717333,scedc:10717333,2010-06-19T22:28:02.160000Z,32.979166666666664,-116.29683333333334,10.68,2.2,,,SCEDC,,A,86,0.26,SCSN
10717365,scedc:10717365,2010-06-19T22:54:50.530000Z,32.28933333333333,-115.38066666666668,9.95,2.0,,,SCEDC,,C,14,0.33,SCSN
10717405,scedc:10717405,2010-06-19T23:55:21.060000Z,32.702333333333335,-115.786,10.02,2.7,,,SCEDC,,A,43,0.33,SCSN
10717429,scedc:10717429,2010-06-20T00:25:52.520000Z,32.714,-115.94716666666666,0.41,2.8,,,SCEDC,,C,43,0.25,SCSN
10717485,scedc:10717485,2010-06-20T01:23:00.620000Z,32.661,-115.83333333333331,3.72,2.2,,,SCEDC,,A,21,0.21,SCSN
10717493,scedc:10717493,2010-06-20T02:18:05.110000Z,32.380833333333335,-115.519,5.51,2.3,,,SCEDC,,C,17,0.29,SCSN
10717717,scedc:10717717,2010-06-20T07:54:56.720000Z,32.543166666666664,-115.69633333333331,3.71,2.5,,,SCEDC,,A,29,0.25,SCSN
10717765,scedc:10717765,2010-06-20T08:22:37.330000Z,32.718333333333334,-115.9385,4.51,2.3,,,SCEDC,,A,25,0.26,SCSN
10717789,scedc:10717789,2010-06-20T09:16:23.450000Z,32.72683333333333,-115.9605,1.99,2.2,,,SCEDC,,A,25,0.18,SCSN
10717861,scedc:10717861,2010-06-20T10:27:38.120000Z,32.662,-115.84066666666666,4.5,2.2,,,SCEDC,,A,26,0.22,SCSN
10717933,scedc:10717933,2010-06-20T11:42:23.730000Z,32.23316666666667,-115.3995,6.88,2.2,,,SCEDC,,C,24,0.44,SCSN
10718245,scedc:10718245,2010-06-20T17:39:47.260000Z,32.61783333333333,-115.87533333333332,8.91,2.1,,,SCEDC,,A,43,0.26,SCSN
10718421,scedc:10718421,2010-06-20T20:28:44.670000Z,32.6975,-115.91866666666668,1.77,2.4,,,SCEDC,,A,35,0.31,SCSN
10718509,scedc:10718509,2010-06-20T22:02:54.270000Z,32.70666666666666,-115.94833333333334,5.0,2.1,,,SCEDC,,A,80,0.32,SCSN
10718637,scedc:10718637,2010-06-21T01:30:30.670000Z,32.26283333333333,-115.40133333333333,7.47,2.2,,,SCEDC,,C,23,0.37,SCSN
10718645,scedc:10718645,2010-06-21T01:52:10.710000Z,32.721666666666664,-115.9545,2.49,2.0,,,SCEDC,,A,13,0.17,SCSN
10718653,scedc:10718653,2010-06-21T01:55:38.520000Z,32.506,-115.6465,3.25,2.1,,,SCEDC,,B,17,0.16,SCSN
10718709,scedc:10718709,2010-06-21T02:54:02.700000Z,32.724,-115.96183333333332,2.23,2.4,,,SCEDC,,A,50,0.27,SCSN
10718949,scedc:10718949,2010-06-21T07:44:18.430000Z,32.73533333333334,-115.97733333333332,3.44,2.2,,,SCEDC,,A,26,0.22,SCSN
10719045,scedc:10719045,2010-06-21T09:15:54.860000Z,32.996,-116.34716666666668,8.52,2.3,,,SCEDC,,A,94,0.23,SCSN
10719093,scedc:10719093,2010-06-21T09:51:18.310000Z,32.43833333333333,-115.55316666666668,6.98,2.0,,,SCEDC,,C,15,0.28,SCSN
10719261,scedc:10719261,2010-06-21T13:10:45.680000Z,33.9465,-118.77066666666668,6.71,2.1,,,SCEDC,,C,38,0.27,SCSN
10719285,scedc:10719285,2010-06-21T13:31:21.420000Z,32.257333333333335,-115.395,13.48,2.3,,,SCEDC,,B,20,0.23,SCSN
10719293,scedc:10719293,2010-06-21T13:39:46.050000Z,32.68266666666667,-115.90233333333332,5.25,2.2,,,SCEDC,,A,22,0.21,SCSN
10719357,scedc:10719357,2010-06-21T14:48:44.050000Z,32.689,-115.9495,3.24,2.3,,,SCEDC,,A,22,0.21,SCSN
10719509,scedc:10719509,2010-06-21T17:30:01.710000Z,32.691,-115.90283333333332,4.46,2.1,,,SCEDC,,A,20,0.18,SCSN
10719709,scedc:10719709,2010-06-21T21:12:15.990000Z,32.69566666666667,-115.90566666666666,4.83,2.0,,,SCEDC,,A,16,0.21,SCSN
10719765,scedc:10719765,2010-06-21T22:27:54.680000Z,32.391,-115.405,16.1,2.5,,,SCEDC,,C,33,0.32,SCSN
10719837,scedc:10719837,2010-06-22T02:27:51.450000Z,33.39966666666667,-116.40533333333332,6.71,2.4,,,SCEDC,,B,44,0.21,SCSN
10719861,scedc:10719861,2010-06-22T04:05:01.180000Z,32.743833333333335,-115.97116666666666,4.58,2.3,,,SCEDC,,A,26,0.2,SCSN
10719917,scedc:10719917,2010-06-22T05:19:34.930000Z,34.28666666666667,-116.95016666666666,7.87,2.0,,,SCEDC,,A,86,0.15,SCSN
10719941,scedc:10719941,2010-06-22T05:32:14.100000Z,34.286,-116.95166666666668,6.97,2.3,,,SCEDC,,A,78,0.15,SCSN
10719949,scedc:10719949,2010-06-22T05:36:53.580000Z,32.474833333333336,-115.63583333333334,1.24,2.1,,,SCEDC,,A,19,0.29,SCSN
10720053,scedc:10720053,2010-06-22T08:42:32.220000Z,32.71666666666667,-115.9505,3.62,2.0,,,SCEDC,,A,33,0.21,SCSN
10720117,scedc:10720117,2010-06-22T09:34:01.520000Z,32.693,-115.85216666666666,4.06,2.5,,,SCEDC,,A,43,0.28,SCSN
10720181,scedc:10720181,2010-06-22T11:24:09.370000Z,32.714,-115.9705,0.06,2.4,,,SCEDC,,A,63,0.32,SCSN
10720293,scedc:10720293,2010-06-22T13:55:26.830000Z,32.63666666666667,-115.73816666666669,5.49,2.2,,,SCEDC,,A,26,0.21,SCSN
10720445,scedc:10720445,2010-06-22T17:11:32.810000Z,32.32483333333333,-115.4395,15.88,2.3,,,SCEDC,,C,17,0.38,SCSN
10720461,scedc:10720461,2010-06-22T17:41:26.220000Z,32.446666666666665,-115.58833333333334,5.49,2.0,,,SCEDC,,C,32,0.35,SCSN
10174790,scedc:10174790,2010-06-22T18:20:12.540000Z,32.291,-115.456,10.0,2.5,,,SCEDC,,C,17,0.4,SCSN
10720493,scedc:10720493,2010-06-22T18:20:44.730000Z,32.3045,-115.423,6.41,2.8,,,SCEDC,,C,22,0.23,SCSN
10720589,scedc:10720589,2010-06-22T19:52:06.100000Z,32.7165,-115.942,3.63,2.0,,,SCEDC,,A,20,0.19,SCSN
10720621,scedc:10720621,2010-06-22T20:26:25.790000Z,32.296,-115.4095,7.12,2.2,,,SCEDC,,C,13,0.28,SCSN
10720653,scedc:10720653,2010-06-22T21:04:42.600000Z,32.715,-115.956,8.56,2.5,,,SCEDC,,A,60,0.27,SCSN
10720821,scedc:10720821,2010-06-22T23:33:01.760000Z,32.725833333333334,-115.968,5.32,2.0,,,SCEDC,,C,21,0.25,SCSN
10720949,scedc:10720949,2010-06-23T02:18:18.690000Z,32.7245,-115.96466666666667,4.8,2.2,,,SCEDC,,A,22,0.18,SCSN
10721037,scedc:10721037,2010-06-23T03:26:52.950000Z,32.64383333333333,-115.718,8.01,2.1,,,SCEDC,,A,22,0.13,SCSN
10721157,scedc:10721157,2010-06-23T06:12:03.620000Z,32.56483333333333,-115.68716666666668,9.63,2.3,,,SCEDC,,A,22,0.21,SCSN
10721173,scedc:10721173,2010-06-23T06:30:45.660000Z,32.6795,-115.7295,5.8,2.2,,,SCEDC,,A,18,0.17,SCSN
10721229,scedc:10721229,2010-06-23T08:33:42.070000Z,35.49016666666667,-120.029,4.61,2.4,,,SCEDC,,A,41,0.26,SCSN
10721237,scedc:10721237,2010-06-23T08:39:05.280000Z,32.70633333333333,-115.931,4.89,3.2,,,SCEDC,,A,49,0.28,SCSN
10721397,scedc:10721397,2010-06-23T12:34:02.440000Z,32.389,-115.49633333333334,5.89,2.9,,,SCEDC,,C,35,0.34,SCSN
10721405,scedc:10721405,2010-06-23T12:36:11.060000Z,32.3875,-115.535,15.97,2.2,,,SCEDC,,C,15,0.26,SCSN
10721453,scedc:10721453,2010-06-23T13:27:01.720000Z,32.684333333333335,-115.95033333333332,3.51,2.7,,,SCEDC,,A,44,0.25,SCSN
10721525,scedc:10721525,2010-06-23T15:23:35.710000Z,33.35366666666667,-116.844,11.6,2.4,,,SCEDC,,A,87,0.22,SCSN
10174650,scedc:10174650,2010-06-23T15:47:09.290000Z,32.34616666666667,-115.37483333333331,14.96,2.1,,,SCEDC,,C,13,0.21,SCSN
10721613,scedc:10721613,2010-06-23T16:12:29.100000Z,32.721333333333334,-115.9485,2.58,2.5,,,SCEDC,,A,43,0.27,SCSN
10721861,scedc:10721861,2010-06-23T19:40:35.790000Z,32.700833333333335,-115.91916666666668,3.65,2.2,,,SCEDC,,A,22,0.17,SCSN
10722005,scedc:10722005,2010-06-23T21:08:38.740000Z,32.7125,-115.95483333333334,3.02,3.1,,,SCEDC,,A,75,0.22,SCSN
10722141,scedc:10722141,2010-06-23T22:17:46.260000Z,32.327,-115.4285,9.97,3.2,,,SCEDC,,C,43,0.36,SCSN
10164162,scedc:10164162,2010-06-23T22:19:22.570000Z,32.27766666666667,-115.44433333333332,9.97,2.8,,,SCEDC,,C,31,0.23,SCSN
10722149,scedc:10722149,2010-06-23T22:22:33.410000Z,32.6755,-115.8535,3.85,2.1,,,SCEDC,,A,21,0.29,SCSN
10722157,scedc:10722157,2010-06-23T22:34:24.570000Z,32.66266666666667,-115.8275,4.67,2.4,,,SCEDC,,A,27,0.16,SCSN
10722261,scedc:10722261,2010-06-23T23:52:25.930000Z,32.72233333333333,-115.96166666666667,7.56,2.1,,,SCEDC,,B,24,0.22,SCSN
10722405,scedc:10722405,2010-06-24T02:57:35.730000Z,32.392,-115.47833333333334,7.04,2.2,,,SCEDC,,C,11,0.31,SCSN
10722485,scedc:10722485,2010-06-24T04:32:24.880000Z,32.371833333333335,-115.48883333333332,6.23,2.2,,,SCEDC,,C,18,0.28,SCSN
10722789,scedc:10722789,2010-06-24T09:29:05.950000Z,32.647666666666666,-115.74483333333332,4.14,2.1,,,SCEDC,,A,23,0.14,SCSN
10722813,scedc:10722813,2010-06-24T10:46:48.860000Z,32.569833333333335,-115.71916666666668,3.34,2.1,,,SCEDC,,B,19,0.19,SCSN
10722869,scedc:10722869,2010-06-24T12:24:03.540000Z,32.32833333333333,-115.33883333333333,8.38,2.6,,,SCEDC,,A,33,0.21,SCSN
10722949,scedc:10722949,2010-06-24T13:53:11.140000Z,34.12866666666667,-117.44716666666666,6.85,2.0,,,SCEDC,,A,46,0.2,SCSN
10722957,scedc:10722957,2010-06-24T13:53:14.370000Z,32.5215,-115.641,11.11,2.0,,,SCEDC,,B,26,0.24,SCSN
10723117,scedc:10723117,2010-06-24T16:15:27.990000Z,32.6055,-115.7655,0.95,2.5,,,SCEDC,,A,50,0.33,SCSN
10723149,scedc:10723149,2010-06-24T16:51:01.730000Z,32.529333333333334,-115.64,6.84,2.0,,,SCEDC,,C,20,0.22,SCSN
10164242,scedc:10164242,2010-06-24T17:09:18.900000Z,32.565333333333335,-115.63533333333334,4.28,2.3,,,SCEDC,,B,9,0.09,SCSN
10723269,scedc:10723269,2010-06-24T17:32:34.000000Z,32.73166666666667,-115.96366666666668,3.21,2.3,,,SCEDC,,A,29,0.2,SCSN
10723285,scedc:10723285,2010-06-24T17:38:05.510000Z,32.721333333333334,-115.97666666666667,0.54,2.5,,,SCEDC,,A,91,0.37,SCSN
10723669,scedc:10723669,2010-06-24T21:22:07.600000Z,32.69983333333333,-115.92283333333332,5.48,2.1,,,SCEDC,,A,30,0.19,SCSN
10723709,scedc:10723709,2010-06-24T22:19:35.850000Z,32.54,-115.64233333333334,5.46,2.0,,,SCEDC,,C,29,0.21,SCSN
10723765,scedc:10723765,2010-06-24T22:59:42.010000Z,33.324,-116.366,10.58,2.4,,,SCEDC,,A,75,0.22,SCSN
10723933,scedc:10723933,2010-06-25T00:10:34.360000Z,32.7185,-115.96666666666668,1.49,3.1,,,SCEDC,,A,61,0.3,SCSN
34101759,scedc:34101759,2010-06-25T00:11:17.030000Z,32.7235,-115.95933333333332,1.63,2.3,,,SCEDC,,A,23,0.31,SCSN
10724013,scedc:10724013,2010-06-25T02:46:47.040000Z,32.93033333333333,-117.56166666666668,13.27,2.5,,,SCEDC,,A,36,0.15,SCSN
10724085,scedc:10724085,2010-06-25T04:55:30.500000Z,36.367,-117.94666666666669,3.51,2.0,,,SCEDC,,C,22,0.18,SCSN
10724117,scedc:10724117,2010-06-25T05:22:01.730000Z,32.99883333333333,-116.35033333333334,7.6,2.3,,,SCEDC,,B,71,0.22,SCSN
10724317,scedc:10724317,2010-06-25T09:34:33.240000Z,32.70933333333333,-115.9325,3.52,2.4,,,SCEDC,,A,36,0.26,SCSN
10724397,scedc:10724397,2010-06-25T11:14:46.050000Z,32.627833333333335,-115.719,8.36,2.9,,,SCEDC,,A,61,0.34,SCSN
10724597,scedc:10724597,2010-06-25T16:33:20.330000Z,32.717666666666666,-115.95083333333334,4.34,2.2,,,SCEDC,,A,21,0.18,SCSN
10173770,scedc:10173770,2010-06-25T17:08:12.180000Z,32.494166666666665,-115.60383333333333,6.09,2.0,,,SCEDC,,C,13,0.18,SCSN
10724725,scedc:10724725,2010-06-25T19:25:00.120000Z,32.61333333333333,-115.76866666666666,4.7,2.0,,,SCEDC,,A,15,0.12,SCSN
10724797,scedc:10724797,2010-06-25T21:28:23.490000Z,32.6795,-115.91466666666666,5.89,2.1,,,SCEDC,,A,18,0.17,SCSN
10724805,scedc:10724805,2010-06-25T21:33:07.350000Z,32.723333333333336,-115.96333333333334,3.3,2.2,,,SCEDC,,A,28,0.21,SCSN
10724845,scedc:10724845,2010-06-25T22:08:54.840000Z,35.337,-118.60916666666668,3.96,3.0,,,SCEDC,,A,71,0.27,SCSN
10724917,scedc:10724917,2010-06-25T23:20:12.250000Z,32.674166666666665,-115.89383333333332,4.04,2.1,,,SCEDC,,A,28,0.26,SCSN
10725037,scedc:10725037,2010-06-26T01:48:51.010000Z,33.00983333333333,-116.25466666666668,4.84,2.1,,,SCEDC,,A,68,0.16,SCSN
10725221,scedc:10725221,2010-06-26T04:51:56.560000Z,32.3895,-115.51666666666668,6.2,2.0,,,SCEDC,,C,25,0.38,SCSN
10725389,scedc:10725389,2010-06-26T11:16:10.080000Z,32.39116666666666,-115.56283333333332,12.29,2.0,,,SCEDC,,B,15,0.22,SCSN
10725453,scedc:10725453,2010-06-26T12:33:50.110000Z,32.48883333333333,-115.63383333333331,3.33,2.5,,,SCEDC,,A,34,0.31,SCSN
10725517,scedc:10725517,2010-06-26T14:50:29.250000Z,32.43483333333333,-115.586,5.64,2.3,,,SCEDC,,C,18,0.23,SCSN
10725549,scedc:10725549,2010-06-26T16:04:55.380000Z,32.569833333333335,-115.7055,4.18,2.0,,,SCEDC,,B,12,0.12,SCSN
10725605,scedc:10725605,2010-06-26T17:26:22.160000Z,32.70333333333333,-115.93566666666666,3.79,2.5,,,SCEDC,,A,54,0.29,SCSN
10725909,scedc:10725909,2010-06-26T22:23:38.530000Z,32.407333333333334,-115.54183333333332,1.1,2.1,,,SCEDC,,B,22,0.2,SCSN
10725925,scedc:10725925,2010-06-26T23:02:25.960000Z,32.727833333333336,-115.955,4.55,2.0,,,SCEDC,,A,19,0.17,SCSN
10725965,scedc:10725965,2010-06-26T23:55:28.200000Z,32.691833333333335,-115.9155,1.66,2.5,,,SCEDC,,A,36,0.25,SCSN
10725973,scedc:10725973,2010-06-26T23:55:57.490000Z,32.698166666666665,-115.91816666666666,3.02,3.0,,,SCEDC,,A,51,0.3,SCSN
10725989,scedc:10725989,2010-06-27T00:17:44.550000Z,32.67216666666667,-115.919,7.63,3.3,,,SCEDC,,A,51,0.29,SCSN
10726013,scedc:10726013,2010-06-27T00:56:33.720000Z,32.4195,-115.58066666666669,0.91,2.2,,,SCEDC,,B,16,0.25,SCSN
10726125,scedc:10726125,2010-06-27T04:55:42.200000Z,32.6655,-115.90583333333332,6.47,2.3,,,SCEDC,,A,27,0.2,SCSN
10726149,scedc:10726149,2010-06-27T05:27:24.780000Z,32.29983333333333,-115.39366666666666,9.95,2.2,,,SCEDC,,C,20,0.39,SCSN
10726173,scedc:10726173,2010-06-27T07:04:34.050000Z,32.251666666666665,-115.4025,9.96,2.9,,,SCEDC,,C,31,0.32,SCSN
10726269,scedc:10726269,2010-06-27T09:17:19.950000Z,32.338166666666666,-115.3465,9.96,2.2,,,SCEDC,,C,27,0.49,SCSN
10726285,scedc:10726285,2010-06-27T09:26:41.170000Z,32.7005,-115.93016666666666,1.88,2.8,,,SCEDC,,A,48,0.25,SCSN
10726301,scedc:10726301,2010-06-27T09:51:55.180000Z,32.3175,-115.32966666666668,9.96,2.3,,,SCEDC,,C,33,0.4,SCSN
10726309,scedc:10726309,2010-06-27T10:04:04.580000Z,32.3145,-115.33116666666666,5.04,2.5,,,SCEDC,,B,23,0.33,SCSN
10726413,scedc:10726413,2010-06-27T12:22:13.510000Z,35.2025,-118.59583333333332,5.8,3.8,,,SCEDC,,C,96,0.22,SCSN
10726429,scedc:10726429,2010-06-27T12:54:41.990000Z,32.48266666666667,-115.62433333333334,13.43,2.4,,,SCEDC,,A,37,0.31,SCSN
10726445,scedc:10726445,2010-06-27T12:59:18.710000Z,32.4835,-115.6095,11.9,2.8,,,SCEDC,,A,51,0.42,SCSN
10726557,scedc:10726557,2010-06-27T15:09:44.800000Z,33.37233333333333,-116.40366666666668,8.12,2.3,,,SCEDC,,A,97,0.23,SCSN
10726645,scedc:10726645,2010-06-27T17:19:17.840000Z,32.50266666666667,-115.62883333333332,13.91,2.6,,,SCEDC,,A,39,0.32,SCSN
10726733,scedc:10726733,2010-06-27T18:15:14.100000Z,32.2645,-115.41016666666668,9.93,2.3,,,SCEDC,,C,28,0.22,SCSN
10726757,scedc:10726757,2010-06-27T18:34:52.650000Z,35.20483333333333,-118.5935,7.22,2.0,,,SCEDC,,A,33,0.2,SCSN
10726829,scedc:10726829,2010-06-27T19:57:02.630000Z,35.204,-118.59266666666667,7.08,2.7,,,SCEDC,,A,60,0.21,SCSN
10727093,scedc:10727093,2010-06-28T03:39:32.850000Z,32.711666666666666,-115.95016666666666,0.99,3.1,,,SCEDC,,A,51,0.24,SCSN
10727301,scedc:10727301,2010-06-28T08:48:20.130000Z,32.73616666666667,-115.98083333333334,1.06,2.2,,,SCEDC,,A,24,0.24,SCSN
10727341,scedc:10727341,2010-06-28T10:06:27.190000Z,32.2205,-115.4145,12.31,2.3,,,SCEDC,,C,26,0.29,SCSN
10727349,scedc:10727349,2010-06-28T10:25:39.150000Z,32.632,-115.73316666666666,5.24,2.2,,,SCEDC,,A,20,0.19,SCSN
10727429,scedc:10727429,2010-06-28T13:00:19.740000Z,32.750166666666665,-115.87816666666669,1.06,2.3,,,SCEDC,,A,42,0.2,SCSN
10727453,scedc:10727453,2010-06-28T13:20:26.820000Z,33.762,-118.20983333333334,16.06,2.0,,,SCEDC,,A,49,0.26,SCSN
10727485,scedc:10727485,2010-06-28T14:24:43.720000Z,33.8755,-118.3075,13.29,2.0,,,SCEDC,,A,15,0.14,SCSN
10727877,scedc:10727877,2010-06-29T01:23:06.690000Z,32.68566666666667,-115.809,5.26,2.0,,,SCEDC,,A,24,0.16,SCSN
10727925,scedc:10727925,2010-06-29T02:19:09.070000Z,32.53766666666667,-115.65483333333331,11.66,2.0,,,SCEDC,,B,20,0.26,SCSN
10728133,scedc:10728133,2010-06-29T06:11:40.570000Z,35.5065,-118.37116666666668,4.51,2.4,,,SCEDC,,C,41,0.2,SCSN
10173230,scedc:10173230,2010-06-29T06:11:57.310000Z,35.512,-118.37183333333331,4.14,2.1,,,SCEDC,,C,13,0.11,SCSN
10728165,scedc:10728165,2010-06-29T07:00:58.600000Z,35.507666666666665,-118.3635,1.9,2.7,,,SCEDC,,A,57,0.2,SCSN
10728181,scedc:10728181,2010-06-29T07:20:32.080000Z,32.716,-115.94,3.78,2.1,,,SCEDC,,A,25,0.19,SCSN
10173210,scedc:10173210,2010-06-29T08:20:21.720000Z,32.58266666666667,-115.72383333333332,3.73,2.3,,,SCEDC,,B,30,0.26,SCSN
10728389,scedc:10728389,2010-06-29T11:05:16.260000Z,35.5085,-118.3605,1.41,2.1,,,SCEDC,,A,50,0.19,SCSN
10728397,scedc:10728397,2010-06-29T11:11:15.990000Z,32.7025,-115.93133333333331,5.4,2.1,,,SCEDC,,B,31,0.27,SCSN
10728421,scedc:10728421,2010-06-29T11:57:37.450000Z,32.30116666666667,-115.40433333333333,8.79,2.2,,,SCEDC,,C,16,0.23,SCSN
10728533,scedc:10728533,2010-06-29T14:57:28.820000Z,32.285333333333334,-115.38566666666668,13.19,2.9,,,SCEDC,,B,27,0.39,SCSN
10728549,scedc:10728549,2010-06-29T15:27:39.510000Z,32.3105,-115.3485,6.96,2.5,,,SCEDC,,C,19,0.27,SCSN
10728685,scedc:10728685,2010-06-29T17:50:41.280000Z,32.7275,-115.897,4.14,2.2,,,SCEDC,,A,24,0.2,SCSN
10728701,scedc:10728701,2010-06-29T18:10:47.590000Z,32.406666666666666,-115.51133333333334,16.72,3.4,,,SCEDC,,C,39,0.29,SCSN
10728829,scedc:10728829,2010-06-29T19:52:18.430000Z,32.297666666666665,-115.36016666666669,16.86,2.2,,,SCEDC,,B,20,0.3,SCSN
10729013,scedc:10729013,2010-06-29T23:47:48.530000Z,32.648,-115.75233333333334,0.18,2.3,,,SCEDC,,C,25,0.25,SCSN
10729053,scedc:10729053,2010-06-30T01:18:56.280000Z,32.738166666666665,-115.9705,4.07,2.2,,,SCEDC,,A,28,0.2,SCSN
10729349,scedc:10729349,2010-06-30T08:20:39.380000Z,32.67633333333333,-115.91383333333332,6.75,2.6,,,SCEDC,,A,74,0.27,SCSN
10729365,scedc:10729365,2010-06-30T08:22:24.570000Z,32.6325,-115.7855,6.5,2.6,,,SCEDC,,B,67,0.27,SCSN
10729421,scedc:10729421,2010-06-30T10:33:32.240000Z,32.345,-115.42133333333334,8.18,2.1,,,SCEDC,,C,17,0.26,SCSN
10729837,scedc:10729837,2010-06-30T19:50:04.440000Z,32.396166666666666,-115.547,13.15,2.8,,,SCEDC,,A,36,0.27,SCSN
10729845,scedc:10729845,2010-06-30T19:51:00.160000Z,32.40416666666667,-115.544,6.01,2.9,,,SCEDC,,C,32,0.35,SCSN
10729997,scedc:10729997,2010-06-30T23:12:52.880000Z,32.433,-115.57233333333332,5.76,2.2,,,SCEDC,,C,22,0.29,SCSN
10730005,scedc:10730005,2010-06-30T23:14:33.780000Z,32.41766666666667,-115.56816666666668,5.65,2.1,,,SCEDC,,C,21,0.27,SCSN
10730013,scedc:10730013,2010-06-30T23:29:31.820000Z,32.422333333333334,-115.56383333333332,6.66,2.3,,,SCEDC,,C,17,0.23,SCSN
10730021,scedc:10730021,2010-06-30T23:42:27.140000Z,32.596666666666664,-115.71133333333331,3.18,2.1,,,SCEDC,,B,13,0.19,SCSN
10730029,scedc:10730029,2010-06-30T23:46:20.600000Z,33.249,-115.965,5.58,2.2,,,SCEDC,,A,58,0.21,SCSN
10730069,scedc:10730069,2010-07-01T00:20:45.920000Z,32.67366666666667,-115.97666666666667,5.34,2.8,,,SCEDC,,C,65,0.29,SCSN
10730077,scedc:10730077,2010-07-01T00:43:50.910000Z,32.518166666666666,-115.63133333333332,13.35,2.3,,,SCEDC,,B,39,0.4,SCSN
10730093,scedc:10730093,2010-07-01T01:18:47.640000Z,32.38883333333333,-115.56933333333332,1.05,2.6,,,SCEDC,,B,36,0.41,SCSN
10730101,scedc:10730101,2010-07-01T01:24:33.630000Z,32.41433333333333,-115.5525,12.78,2.6,,,SCEDC,,B,31,0.36,SCSN
10730109,scedc:10730109,2010-07-01T01:25:25.960000Z,32.42066666666667,-115.55616666666668,5.43,2.6,,,SCEDC,,C,29,0.29,SCSN
34157759,scedc:34157759,2010-07-01T01:25:48.750000Z,32.41116666666667,-115.572,6.84,2.8,,,SCEDC,,C,30,0.35,SCSN
10730117,scedc:10730117,2010-07-01T01:26:41.070000Z,32.41016666666667,-115.55716666666666,5.71,3.1,,,SCEDC,,C,45,0.28,SCSN
10730125,scedc:10730125,2010-07-01T01:31:41.330000Z,32.434666666666665,-115.574,5.75,2.3,,,SCEDC,,C,20,0.43,SCSN
10730165,scedc:10730165,2010-07-01T02:17:22.900000Z,32.401666666666664,-115.55883333333334,5.92,2.8,,,SCEDC,,C,33,0.34,SCSN
10730197,scedc:10730197,2010-07-01T02:57:46.630000Z,32.71366666666667,-115.94,4.1,2.0,,,SCEDC,,A,45,0.28,SCSN
10165046,scedc:10165046,2010-07-01T03:36:14.060000Z,32.39566666666666,-115.606,14.71,2.2,,,SCEDC,,B,12,0.24,SCSN
10730221,scedc:10730221,2010-07-01T04:00:34.840000Z,32.79783333333334,-116.1735,6.71,2.3,,,SCEDC,,C,86,0.31,SCSN
10730317,scedc:10730317,2010-07-01T07:30:02.740000Z,32.3955,-115.58116666666666,5.82,2.0,,,SCEDC,,C,22,0.17,SCSN
10730333,scedc:10730333,2010-07-01T07:48:00.030000Z,35.485166666666665,-118.44783333333334,4.45,2.1,,,SCEDC,,C,30,0.26,SCSN
10730349,scedc:10730349,2010-07-01T07:51:30.720000Z,35.48166666666667,-118.43983333333334,0.7,3.7,,,SCEDC,,A,87,0.24,SCSN
10730373,scedc:10730373,2010-07-01T08:08:17.880000Z,32.438,-115.5825,1.66,2.1,,,SCEDC,,A,20,0.22,SCSN
10730397,scedc:10730397,2010-07-01T09:50:06.050000Z,32.679833333333335,-115.88833333333334,5.99,2.1,,,SCEDC,,B,27,0.25,SCSN
10730509,scedc:10730509,2010-07-01T13:55:59.120000Z,32.70766666666667,-115.783,6.61,2.0,,,SCEDC,,C,16,0.16,SCSN
10730669,scedc:10730669,2010-07-01T16:44:22.610000Z,32.745,-115.84933333333332,2.74,2.4,,,SCEDC,,A,42,0.25,SCSN
14771844,scedc:14771844,2010-07-01T17:58:55.340000Z,32.51283333333333,-115.6735,3.23,2.9,,,SCEDC,,A,53,0.3,SCSN
14772052,scedc:14772052,2010-07-01T20:20:19.790000Z,32.73983333333334,-115.97066666666667,3.97,2.4,,,SCEDC,,A,19,0.19,SCSN
14772108,scedc:14772108,2010-07-01T21:35:59.500000Z,32.345333333333336,-115.40883333333332,12.12,2.0,,,SCEDC,,B,21,0.32,SCSN
14772116,scedc:14772116,2010-07-01T21:55:59.560000Z,32.516,-115.6615,1.71,2.0,,,SCEDC,,A,14,0.13,SCSN
14772156,scedc:14772156,2010-07-01T23:22:04.890000Z,32.73083333333334,-115.97383333333332,5.29,2.1,,,SCEDC,,C,24,0.21,SCSN
14772228,scedc:14772228,2010-07-02T03:00:30.330000Z,32.302166666666665,-115.40016666666666,5.68,2.1,,,SCEDC,,C,19,0.23,SCSN
14772316,scedc:14772316,2010-07-02T04:36:34.920000Z,32.62116666666667,-115.68366666666668,12.61,2.3,,,SCEDC,,A,50,0.3,SCSN
14772348,scedc:14772348,2010-07-02T05:14:55.360000Z,32.7015,-115.921,3.72,2.0,,,SCEDC,,A,18,0.2,SCSN
14772444,scedc:14772444,2010-07-02T11:06:47.150000Z,32.739666666666665,-115.97,4.78,2.0,,,SCEDC,,A,23,0.2,SCSN
14772460,scedc:14772460,2010-07-02T11:19:38.210000Z,32.394666666666666,-115.56316666666666,5.75,2.4,,,SCEDC,,C,23,0.22,SCSN
14772484,scedc:14772484,2010-07-02T11:59:05.950000Z,33.473166666666664,-116.43666666666668,11.58,2.0,,,SCEDC,,A,62,0.2,SCSN
14772556,scedc:14772556,2010-07-02T13:22:24.740000Z,32.86983333333333,-116.233,9.29,3.0,,,SCEDC,,A,80,0.27,SCSN
14772708,scedc:14772708,2010-07-02T18:36:42.200000Z,32.553333333333335,-115.72333333333331,1.92,2.2,,,SCEDC,,B,12,0.15,SCSN
14772764,scedc:14772764,2010-07-02T20:34:15.460000Z,32.3345,-115.53533333333333,10.78,2.0,,,SCEDC,,C,19,0.16,SCSN
14772812,scedc:14772812,2010-07-02T21:42:26.260000Z,32.66583333333333,-115.94533333333334,3.27,2.3,,,SCEDC,,A,22,0.19,SCSN
14772940,scedc:14772940,2010-07-03T02:54:25.720000Z,32.71816666666667,-115.94616666666668,3.38,2.0,,,SCEDC,,A,31,0.24,SCSN
14773012,scedc:14773012,2010-07-03T04:30:16.210000Z,32.736,-115.976,4.81,3.0,,,SCEDC,,A,72,0.29,SCSN
14773020,scedc:14773020,2010-07-03T04:50:19.880000Z,32.33733333333333,-115.40566666666666,3.23,2.8,,,SCEDC,,B,22,0.24,SCSN
14773172,scedc:14773172,2010-07-03T10:42:51.690000Z,34.171166666666664,-116.71133333333331,0.53,2.4,,,SCEDC,,A,97,0.17,SCSN
36947239,scedc:36947239,2010-07-03T12:08:56.430000Z,32.26433333333333,-115.42566666666669,9.96,2.0,,,SCEDC,,C,13,0.24,SCSN
14773348,scedc:14773348,2010-07-03T14:34:49.760000Z,32.57866666666666,-115.7105,4.26,2.4,,,SCEDC,,A,36,0.3,SCSN
14773356,scedc:14773356,2010-07-03T14:47:19.850000Z,32.702333333333335,-115.96716666666669,5.45,2.6,,,SCEDC,,C,43,0.28,SCSN
14773364,scedc:14773364,2010-07-03T15:05:42.690000Z,32.711166666666664,-115.94866666666668,5.8,2.1,,,SCEDC,,C,29,0.24,SCSN
14773428,scedc:14773428,2010-07-03T17:26:18.200000Z,32.69383333333333,-115.892,2.91,2.4,,,SCEDC,,A,31,0.2,SCSN
14773452,scedc:14773452,2010-07-03T17:40:26.760000Z,32.5645,-115.71316666666668,4.62,2.3,,,SCEDC,,A,19,0.1,SCSN
14773588,scedc:14773588,2010-07-03T21:39:57.540000Z,34.8165,-118.90183333333331,13.76,2.2,,,SCEDC,,A,31,0.24,SCSN
14773668,scedc:14773668,2010-07-04T00:03:01.040000Z,36.07066666666667,-117.39733333333334,2.09,2.2,,,SCEDC,,A,32,0.23,SCSN
14774044,scedc:14774044,2010-07-04T10:38:57.300000Z,32.638,-115.759,3.17,2.0,,,SCEDC,,B,22,0.2,SCSN
14774236,scedc:14774236,2010-07-04T15:20:31.930000Z,36.1005,-117.70783333333333,1.05,2.1,,,SCEDC,,A,31,0.25,SCSN
14774340,scedc:14774340,2010-07-04T18:28:26.880000Z,32.6815,-115.96916666666668,4.41,2.4,,,SCEDC,,A,43,0.26,SCSN
14774348,scedc:14774348,2010-07-04T18:29:18.990000Z,33.00566666666667,-116.3415,7.89,2.0,,,SCEDC,,B,47,0.21,SCSN
14774388,scedc:14774388,2010-07-04T19:11:48.290000Z,32.62566666666667,-115.78933333333332,3.79,2.2,,,SCEDC,,A,28,0.21,SCSN
14774396,scedc:14774396,2010-07-04T19:16:12.490000Z,32.61416666666667,-115.781,3.84,2.4,,,SCEDC,,A,40,0.27,SCSN
14774412,scedc:14774412,2010-07-04T19:43:15.320000Z,32.48566666666667,-115.632,3.1,2.1,,,SCEDC,,A,24,0.2,SCSN
14774748,scedc:14774748,2010-07-05T04:16:09.970000Z,32.6385,-115.76066666666668,2.32,2.3,,,SCEDC,,A,22,0.22,SCSN
14774796,scedc:14774796,2010-07-05T05:52:02.630000Z,32.71666666666667,-115.825,9.07,2.3,,,SCEDC,,A,32,0.2,SCSN
14774980,scedc:14774980,2010-07-05T10:40:57.150000Z,32.628166666666665,-115.79366666666668,3.61,2.3,,,SCEDC,,A,25,0.17,SCSN
14775004,scedc:14775004,2010-07-05T11:06:46.870000Z,32.88966666666666,-116.284,5.08,2.4,,,SCEDC,,A,95,0.24,SCSN
14775028,scedc:14775028,2010-07-05T12:25:13.460000Z,32.272166666666664,-115.4445,5.56,2.5,,,SCEDC,,C,32,0.29,SCSN
14775132,scedc:14775132,2010-07-05T15:45:30.950000Z,32.7075,-115.784,7.3,2.2,,,SCEDC,,B,21,0.18,SCSN
14775188,scedc:14775188,2010-07-05T17:41:36.390000Z,33.985,-116.9965,6.49,2.2,,,SCEDC,,A,80,0.16,SCSN
14775260,scedc:14775260,2010-07-05T20:37:15.020000Z,32.656333333333336,-115.76033333333334,4.15,2.3,,,SCEDC,,A,37,0.2,SCSN
14775284,scedc:14775284,2010-07-05T21:03:05.350000Z,34.721666666666664,-116.294,4.59,2.1,,,SCEDC,,C,37,0.13,SCSN
14775316,scedc:14775316,2010-07-05T21:13:33.330000Z,32.73316666666667,-115.94283333333334,3.98,2.2,,,SCEDC,,A,16,0.11,SCSN
14775332,scedc:14775332,2010-07-05T21:28:38.380000Z,34.45283333333333,-119.20333333333332,3.39,2.6,,,SCEDC,,A,48,0.33,SCSN
14775340,scedc:14775340,2010-07-05T21:31:57.880000Z,34.455,-119.19383333333332,3.88,2.3,,,SCEDC,,A,27,0.25,SCSN
14775348,scedc:14775348,2010-07-05T21:37:50.510000Z,34.439166666666665,-119.20216666666668,3.93,2.3,,,SCEDC,,A,21,0.19,SCSN
14775356,scedc:14775356,2010-07-05T21:39:29.780000Z,34.45483333333333,-119.20716666666668,3.38,2.5,,,SCEDC,,A,52,0.37,SCSN
14775364,scedc:14775364,2010-07-05T21:40:07.210000Z,34.45033333333333,-119.19783333333334,3.98,2.3,,,SCEDC,,A,28,0.24,SCSN
14775380,scedc:14775380,2010-07-05T21:50:56.590000Z,34.45316666666667,-119.19516666666668,4.28,2.4,,,SCEDC,,A,30,0.3,SCSN
14775388,scedc:14775388,2010-07-05T21:56:49.210000Z,34.4515,-119.20333333333332,4.37,2.2,,,SCEDC,,A,32,0.34,SCSN
14775436,scedc:14775436,2010-07-05T22:43:36.690000Z,32.676833333333335,-115.9165,5.95,2.1,,,SCEDC,,C,21,0.16,SCSN
14775468,scedc:14775468,2010-07-05T23:14:04.380000Z,32.716,-115.94916666666668,5.12,2.2,,,SCEDC,,A,21,0.2,SCSN
14775556,scedc:14775556,2010-07-06T01:31:07.790000Z,32.38583333333333,-115.50983333333332,9.93,2.2,,,SCEDC,,C,21,0.31,SCSN
14775796,scedc:14775796,2010-07-06T10:47:34.560000Z,32.70483333333333,-115.91566666666668,3.71,2.0,,,SCEDC,,A,30,0.2,SCSN
14775820,scedc:14775820,2010-07-06T11:42:05.740000Z,32.6305,-115.727,5.97,2.1,,,SCEDC,,C,21,0.58,SCSN
14775860,scedc:14775860,2010-07-06T13:30:47.330000Z,32.444,-115.44333333333331,6.3,2.1,,,SCEDC,,C,17,0.34,SCSN
14775868,scedc:14775868,2010-07-06T13:36:20.790000Z,32.69983333333333,-115.92933333333332,3.01,2.5,,,SCEDC,,A,41,0.29,SCSN
14775948,scedc:14775948,2010-07-06T15:47:22.120000Z,32.31333333333333,-115.33316666666668,9.91,2.4,,,SCEDC,,C,21,0.17,SCSN
14775956,scedc:14775956,2010-07-06T16:18:30.480000Z,32.391,-115.49,9.93,2.2,,,SCEDC,,C,25,0.26,SCSN
14776156,scedc:14776156,2010-07-06T19:38:50.960000Z,32.583,-115.70883333333332,5.0,2.3,,,SCEDC,,B,20,0.13,SCSN
14776228,scedc:14776228,2010-07-06T21:54:36.430000Z,32.68083333333333,-115.93666666666668,3.18,2.0,,,SCEDC,,A,25,0.16,SCSN
14776532,scedc:14776532,2010-07-07T06:02:28.480000Z,32.6035,-115.75116666666666,5.02,2.1,,,SCEDC,,A,28,0.2,SCSN
14776636,scedc:14776636,2010-07-07T11:12:51.330000Z,32.307833333333335,-115.42516666666668,13.38,3.0,,,SCEDC,,B,18,0.27,SCSN
34181759,scedc:34181759,2010-07-07T11:13:22.500000Z,32.392833333333336,-115.51116666666668,6.95,2.5,,,SCEDC,,C,8,0.24,SCSN
14776652,scedc:14776652,2010-07-07T11:25:38.200000Z,32.322833333333335,-115.42966666666666,9.96,2.5,,,SCEDC,,C,28,0.39,SCSN
14776676,scedc:14776676,2010-07-07T12:03:40.200000Z,32.29633333333334,-115.4155,5.58,2.6,,,SCEDC,,C,41,0.26,SCSN
14776692,scedc:14776692,2010-07-07T13:06:42.580000Z,34.0125,-117.197,6.73,2.3,,,SCEDC,,A,75,0.14,SCSN
14776884,scedc:14776884,2010-07-07T17:53:54.840000Z,32.714666666666666,-115.92383333333332,3.36,2.0,,,SCEDC,,A,15,0.15,SCSN
14776916,scedc:14776916,2010-07-07T18:24:12.620000Z,34.0065,-116.9345,15.74,2.5,,,SCEDC,,A,71,0.15,SCSN
14776972,scedc:14776972,2010-07-07T19:11:34.650000Z,33.8495,-118.43983333333334,15.11,2.0,,,SCEDC,,B,27,0.37,SCSN
14777052,scedc:14777052,2010-07-07T21:23:24.580000Z,32.78033333333333,-116.06683333333334,9.01,2.1,,,SCEDC,,A,29,0.24,SCSN
10736077,scedc:10736077,2010-07-07T23:56:01.580000Z,33.45283333333333,-116.444,10.75,2.8,,,SCEDC,,A,24,0.15,SCSN
10171082,scedc:10171082,2010-07-07T23:56:17.320000Z,33.4205,-116.446,14.31,2.8,,,SCEDC,,A,17,0.18,SCSN
10736085,scedc:10736085,2010-07-07T23:56:30.930000Z,33.49583333333333,-116.47983333333332,13.32,2.7,,,SCEDC,,A,36,0.17,SCSN
10736093,scedc:10736093,2010-07-07T23:56:58.090000Z,33.403166666666664,-116.4595,12.25,2.9,,,SCEDC,,A,81,0.27,SCSN
10736101,scedc:10736101,2010-07-07T23:57:23.040000Z,33.391,-116.45083333333334,12.48,3.0,,,SCEDC,,A,72,0.28,SCSN
36945919,scedc:36945919,2010-07-07T23:58:12.470000Z,33.47966666666667,-116.54683333333334,11.96,2.1,,,SCEDC,,A,24,0.1,SCSN
10736109,scedc:10736109,2010-07-07T23:58:24.710000Z,33.414,-116.43533333333332,14.07,2.1,,,SCEDC,,A,30,0.26,SCSN
10736125,scedc:10736125,2010-07-07T23:59:19.640000Z,33.421,-116.44983333333332,13.58,2.0,,,SCEDC,,A,32,0.14,SCSN
10736133,scedc:10736133,2010-07-07T23:59:29.620000Z,33.412333333333336,-116.46366666666668,10.97,2.9,,,SCEDC,,A,60,0.21,SCSN
36945759,scedc:36945759,2010-07-07T23:59:56.500000Z,33.38916666666667,-116.40166666666669,10.65,2.3,,,SCEDC,,A,33,0.16,SCSN
10736165,scedc:10736165,2010-07-08T00:02:46.990000Z,33.4025,-116.453,10.06,2.2,,,SCEDC,,A,39,0.17,SCSN
10736237,scedc:10736237,2010-07-08T00:06:58.070000Z,33.456833333333336,-116.4165,13.14,2.0,,,SCEDC,,A,41,0.15,SCSN
10736261,scedc:10736261,2010-07-08T00:07:23.080000Z,33.42333333333333,-116.459,9.65,2.3,,,SCEDC,,A,40,0.16,SCSN
10736757,scedc:10736757,2010-07-08T00:34:07.840000Z,33.43516666666667,-116.432,11.27,2.2,,,SCEDC,,A,42,0.2,SCSN
10737021,scedc:10737021,2010-07-08T00:51:39.550000Z,33.415,-116.47,10.21,2.0,,,SCEDC,,A,51,0.22,SCSN
10737085,scedc:10737085,2010-07-08T00:55:57.610000Z,33.39633333333333,-116.44283333333334,10.19,2.0,,,SCEDC,,A,40,0.2,SCSN
10737149,scedc:10737149,2010-07-08T00:59:03.430000Z,33.454166666666666,-116.40666666666668,11.84,2.3,,,SCEDC,,A,54,0.18,SCSN
10737397,scedc:10737397,2010-07-08T01:10:56.910000Z,33.4175,-116.471,10.51,2.4,,,SCEDC,,A,75,0.23,SCSN
10737413,scedc:10737413,2010-07-08T01:12:56.340000Z,33.38666666666666,-116.44433333333332,12.74,2.7,,,SCEDC,,A,62,0.22,SCSN
10737685,scedc:10737685,2010-07-08T01:30:46.590000Z,33.4775,-116.52866666666668,12.0,2.3,,,SCEDC,,A,51,0.18,SCSN
10737701,scedc:10737701,2010-07-08T01:34:40.960000Z,33.41133333333333,-116.454,12.89,2.0,,,SCEDC,,A,47,0.18,SCSN
10738237,scedc:10738237,2010-07-08T02:17:05.090000Z,33.474333333333334,-116.51433333333334,11.57,2.2,,,SCEDC,,A,47,0.16,SCSN
10738245,scedc:10738245,2010-07-08T02:19:49.210000Z,33.40833333333333,-116.45333333333332,12.34,2.0,,,SCEDC,,A,48,0.2,SCSN
10738349,scedc:10738349,2010-07-08T02:33:56.590000Z,33.4705,-116.39866666666668,7.67,2.1,,,SCEDC,,A,27,0.17,SCSN
10738421,scedc:10738421,2010-07-08T02:44:01.830000Z,33.404666666666664,-116.45883333333332,12.77,2.3,,,SCEDC,,A,55,0.19,SCSN
10738533,scedc:10738533,2010-07-08T02:56:28.270000Z,32.72383333333333,-115.98216666666669,7.6,2.3,,,SCEDC,,C,24,0.31,SCSN
10738557,scedc:10738557,2010-07-08T02:58:34.480000Z,33.4425,-116.45516666666668,11.57,2.3,,,SCEDC,,A,65,0.21,SCSN
10738829,scedc:10738829,2010-07-08T03:35:54.850000Z,32.7145,-115.94933333333331,3.21,2.7,,,SCEDC,,A,27,0.24,SCSN
36937639,scedc:36937639,2010-07-08T04:00:09.130000Z,32.24883333333333,-115.419,6.17,2.0,,,SCEDC,,C,16,0.26,SCSN
10739373,scedc:10739373,2010-07-08T05:05:21.250000Z,33.481,-116.42216666666668,9.33,2.0,,,SCEDC,,A,57,0.19,SCSN
10739405,scedc:10739405,2010-07-08T05:11:40.260000Z,33.4855,-116.4445,6.96,2.4,,,SCEDC,,A,64,0.18,SCSN
10739565,scedc:10739565,2010-07-08T05:51:03.750000Z,33.357,-116.3815,11.1,2.2,,,SCEDC,,A,66,0.22,SCSN
10739573,scedc:10739573,2010-07-08T05:51:44.600000Z,34.2455,-117.47666666666667,9.62,2.0,,,SCEDC,,A,65,0.22,SCSN
10740237,scedc:10740237,2010-07-08T08:17:54.320000Z,33.44433333333333,-116.39883333333331,8.76,2.4,,,SCEDC,,A,64,0.2,SCSN
10740277,scedc:10740277,2010-07-08T08:22:18.790000Z,32.36566666666667,-115.3995,9.93,2.2,,,SCEDC,,C,15,0.24,SCSN
10740269,scedc:10740269,2010-07-08T08:25:01.730000Z,33.415,-116.464,11.5,2.4,,,SCEDC,,A,58,0.19,SCSN
10740589,scedc:10740589,2010-07-08T10:03:14.210000Z,32.93783333333333,-116.285,5.91,2.6,,,SCEDC,,A,38,0.19,SCSN
10740821,scedc:10740821,2010-07-08T11:19:10.440000Z,32.508833333333335,-115.65383333333334,2.89,2.4,,,SCEDC,,A,19,0.15,SCSN
10740973,scedc:10740973,2010-07-08T12:16:13.090000Z,33.44833333333333,-116.489,10.26,2.2,,,SCEDC,,A,59,0.17,SCSN
10741029,scedc:10741029,2010-07-08T12:32:53.030000Z,33.45333333333333,-116.39883333333331,10.88,2.6,,,SCEDC,,A,57,0.16,SCSN
10741053,scedc:10741053,2010-07-08T12:35:29.290000Z,33.45216666666666,-116.40283333333332,11.52,2.1,,,SCEDC,,A,80,0.24,SCSN
10741381,scedc:10741381,2010-07-08T13:54:01.690000Z,32.591833333333334,-115.734,4.34,2.1,,,SCEDC,,B,17,0.19,SCSN
10741581,scedc:10741581,2010-07-08T15:00:45.910000Z,32.652166666666666,-115.7015,8.35,2.1,,,SCEDC,,A,16,0.13,SCSN
10741733,scedc:10741733,2010-07-08T15:34:02.940000Z,33.41983333333334,-116.4665,9.45,2.2,,,SCEDC,,A,43,0.21,SCSN
10741949,scedc:10741949,2010-07-08T16:22:50.960000Z,33.378166666666665,-116.40416666666668,8.15,2.7,,,SCEDC,,A,40,0.16,SCSN
10741965,scedc:10741965,2010-07-08T16:42:07.790000Z,33.473,-116.42683333333332,9.84,2.0,,,SCEDC,,A,44,0.15,SCSN
10742429,scedc:10742429,2010-07-08T19:02:14.070000Z,32.5605,-115.69283333333334,5.16,2.2,,,SCEDC,,A,23,0.2,SCSN
10742589,scedc:10742589,2010-07-08T19:50:39.700000Z,33.456833333333336,-116.3965,11.11,2.0,,,SCEDC,,A,52,0.17,SCSN
10742877,scedc:10742877,2010-07-08T22:59:33.760000Z,32.67216666666667,-115.87333333333332,3.12,2.0,,,SCEDC,,A,22,0.2,SCSN
10743157,scedc:10743157,2010-07-09T01:30:46.420000Z,36.10166666666667,-117.70866666666667,0.71,3.2,,,SCEDC,,A,51,0.2,SCSN
10743261,scedc:10743261,2010-07-09T02:10:32.030000Z,32.2945,-115.41,5.48,3.0,,,SCEDC,,C,40,0.24,SCSN
10743373,scedc:10743373,2010-07-09T03:27:38.410000Z,32.4685,-115.6235,1.4,3.1,,,SCEDC,,A,43,0.19,SCSN
10743997,scedc:10743997,2010-07-09T10:09:12.330000Z,33.192166666666665,-115.567,3.13,2.1,,,SCEDC,,A,34,0.2,SCSN
10744013,scedc:10744013,2010-07-09T10:14:19.570000Z,33.4865,-116.39066666666666,8.53,2.1,,,SCEDC,,A,41,0.18,SCSN
10744389,scedc:10744389,2010-07-09T15:05:51.810000Z,32.39933333333333,-115.48833333333332,5.5,2.1,,,SCEDC,,C,36,0.26,SCSN
10744765,scedc:10744765,2010-07-09T20:10:12.680000Z,33.46933333333333,-116.41366666666669,9.81,2.4,,,SCEDC,,A,40,0.16,SCSN
10744781,scedc:10744781,2010-07-09T20:15:55.480000Z,32.5295,-115.6765,1.53,2.0,,,SCEDC,,B,13,0.18,SCSN
10744861,scedc:10744861,2010-07-09T21:25:50.700000Z,33.488166666666665,-116.513,12.11,2.2,,,SCEDC,,A,47,0.14,SCSN
10745173,scedc:10745173,2010-07-10T00:27:07.490000Z,32.37,-115.50316666666669,6.08,2.1,,,SCEDC,,C,17,0.23,SCSN
10745261,scedc:10745261,2010-07-10T02:10:03.970000Z,32.5735,-115.717,3.57,2.1,,,SCEDC,,A,18,0.11,SCSN
10745573,scedc:10745573,2010-07-10T05:23:39.980000Z,32.309,-115.41566666666668,5.47,2.2,,,SCEDC,,C,29,0.29,SCSN
10747005,scedc:10747005,2010-07-10T22:10:26.610000Z,32.32633333333333,-115.31716666666668,15.28,2.2,,,SCEDC,,B,26,0.3,SCSN
10747245,scedc:10747245,2010-07-11T02:29:44.680000Z,33.39933333333333,-116.44316666666668,14.22,2.4,,,SCEDC,,A,55,0.17,SCSN
10747421,scedc:10747421,2010-07-11T05:18:14.210000Z,32.656,-115.80516666666666,5.32,2.2,,,SCEDC,,A,20,0.19,SCSN
10747461,scedc:10747461,2010-07-11T06:39:02.660000Z,33.408,-116.46566666666666,10.66,2.1,,,SCEDC,,A,91,0.23,SCSN
10747597,scedc:10747597,2010-07-11T08:58:38.500000Z,33.85166666666667,-118.44616666666668,11.29,2.2,,,SCEDC,,A,63,0.31,SCSN
10747741,scedc:10747741,2010-07-11T11:36:03.640000Z,32.3645,-115.54816666666666,5.45,2.0,,,SCEDC,,C,17,0.22,SCSN
10747757,scedc:10747757,2010-07-11T11:55:50.920000Z,32.388333333333335,-115.53066666666666,5.58,2.2,,,SCEDC,,C,16,0.25,SCSN
10747893,scedc:10747893,2010-07-11T14:04:57.700000Z,36.026,-117.78316666666667,0.25,2.1,,,SCEDC,,A,36,0.22,SCSN
10747941,scedc:10747941,2010-07-11T14:32:51.270000Z,32.67,-115.86916666666669,7.85,3.1,,,SCEDC,,A,64,0.29,SCSN
10748013,scedc:10748013,2010-07-11T16:33:41.960000Z,36.07816666666667,-117.88433333333332,1.19,2.0,,,SCEDC,,A,31,0.2,SCSN
10748165,scedc:10748165,2010-07-11T18:48:35.610000Z,32.30766666666667,-115.34816666666669,6.82,2.1,,,SCEDC,,C,15,0.21,SCSN
10748197,scedc:10748197,2010-07-11T19:03:38.760000Z,32.735,-115.97283333333333,3.12,2.1,,,SCEDC,,A,18,0.2,SCSN
10748325,scedc:10748325,2010-07-11T20:27:18.260000Z,32.69,-115.801,2.35,2.2,,,SCEDC,,A,22,0.19,SCSN
10748477,scedc:10748477,2010-07-11T23:17:53.100000Z,32.497166666666665,-115.65033333333334,2.12,2.3,,,SCEDC,,B,19,0.14,SCSN
10748485,scedc:10748485,2010-07-11T23:29:38.880000Z,32.4975,-115.64,12.04,2.7,,,SCEDC,,A,32,0.27,SCSN
10748565,scedc:10748565,2010-07-12T00:05:46.590000Z,32.31483333333333,-115.39233333333334,9.37,2.0,,,SCEDC,,C,17,0.25,SCSN
10748749,scedc:10748749,2010-07-12T03:34:52.770000Z,32.3065,-115.42683333333332,1.93,2.2,,,SCEDC,,C,16,0.23,SCSN
10748845,scedc:10748845,2010-07-12T05:51:09.610000Z,33.49,-116.43633333333334,8.46,2.1,,,SCEDC,,A,41,0.22,SCSN
10748861,scedc:10748861,2010-07-12T05:56:32.870000Z,33.48266666666667,-116.4365,7.48,2.1,,,SCEDC,,A,58,0.17,SCSN
10748949,scedc:10748949,2010-07-12T06:52:24.490000Z,33.4855,-116.43716666666668,8.34,2.2,,,SCEDC,,A,52,0.18,SCSN
10748997,scedc:10748997,2010-07-12T07:35:54.790000Z,32.39533333333333,-115.57783333333332,9.4,2.1,,,SCEDC,,C,18,0.26,SCSN
10749045,scedc:10749045,2010-07-12T08:25:02.220000Z,32.632333333333335,-115.778,5.12,2.0,,,SCEDC,,B,15,0.1,SCSN
10749093,scedc:10749093,2010-07-12T09:05:51.140000Z,32.664833333333334,-115.81166666666668,5.46,2.1,,,SCEDC,,A,18,0.2,SCSN
10749165,scedc:10749165,2010-07-12T10:00:28.540000Z,32.66166666666667,-115.87316666666666,12.66,2.8,,,SCEDC,,A,64,0.3,SCSN
10749253,scedc:10749253,2010-07-12T12:03:15.710000Z,32.67933333333333,-115.8705,6.68,2.3,,,SCEDC,,A,30,0.17,SCSN
10749485,scedc:10749485,2010-07-12T15:20:03.800000Z,32.60366666666667,-115.7575,3.64,2.3,,,SCEDC,,A,25,0.26,SCSN
10749493,scedc:10749493,2010-07-12T15:27:13.420000Z,32.29866666666667,-115.42566666666669,11.19,2.5,,,SCEDC,,B,21,0.32,SCSN
10749605,scedc:10749605,2010-07-12T18:24:52.810000Z,32.65083333333333,-115.78483333333334,4.83,2.1,,,SCEDC,,A,19,0.13,SCSN
10749653,scedc:10749653,2010-07-12T19:24:58.800000Z,32.56033333333333,-115.70666666666666,4.07,2.1,,,SCEDC,,B,22,0.19,SCSN
10749693,scedc:10749693,2010-07-12T19:55:11.490000Z,32.4965,-115.62666666666668,2.08,2.9,,,SCEDC,,A,45,0.3,SCSN
10749781,scedc:10749781,2010-07-12T21:10:12.440000Z,32.67,-115.91883333333334,11.86,3.2,,,SCEDC,,A,61,0.29,SCSN
10749901,scedc:10749901,2010-07-12T23:15:43.650000Z,32.6735,-115.9245,7.91,2.6,,,SCEDC,,A,58,0.27,SCSN
10749949,scedc:10749949,2010-07-13T00:10:43.730000Z,34.509166666666665,-119.02233333333334,13.13,2.2,,,SCEDC,,A,28,0.3,SCSN
10750173,scedc:10750173,2010-07-13T05:17:48.550000Z,32.6835,-115.78616666666667,5.43,2.0,,,SCEDC,,A,13,0.14,SCSN
10750213,scedc:10750213,2010-07-13T06:01:49.280000Z,32.6765,-115.9285,3.48,2.1,,,SCEDC,,A,19,0.18,SCSN
10750381,scedc:10750381,2010-07-13T09:26:02.950000Z,32.72083333333333,-115.94866666666668,3.74,2.2,,,SCEDC,,A,21,0.18,SCSN
10750405,scedc:10750405,2010-07-13T09:42:48.500000Z,32.33566666666667,-115.34733333333334,17.35,2.2,,,SCEDC,,B,22,0.32,SCSN
10750501,scedc:10750501,2010-07-13T10:39:52.910000Z,32.48616666666667,-115.62683333333334,5.83,2.3,,,SCEDC,,C,31,0.25,SCSN
10750805,scedc:10750805,2010-07-13T17:05:30.770000Z,32.682833333333335,-115.78183333333334,6.75,2.1,,,SCEDC,,C,17,0.13,SCSN
10750973,scedc:10750973,2010-07-13T20:02:06.110000Z,32.660333333333334,-115.83866666666668,4.79,2.3,,,SCEDC,,A,20,0.15,SCSN
10751045,scedc:10751045,2010-07-13T21:23:10.220000Z,32.423,-115.49283333333334,5.78,2.1,,,SCEDC,,C,21,0.33,SCSN
10751373,scedc:10751373,2010-07-14T02:54:40.360000Z,36.07716666666666,-117.88183333333332,2.71,2.1,,,SCEDC,,A,22,0.12,SCSN
10751429,scedc:10751429,2010-07-14T05:04:14.670000Z,32.91166666666667,-116.35066666666668,10.88,2.1,,,SCEDC,,A,41,0.21,SCSN
10751725,scedc:10751725,2010-07-14T12:17:07.660000Z,33.16016666666667,-116.0065,7.4,2.0,,,SCEDC,,C,69,0.24,SCSN
10751749,scedc:10751749,2010-07-14T13:41:16.840000Z,32.66716666666667,-115.92633333333332,5.04,2.1,,,SCEDC,,A,14,0.14,SCSN
10751813,scedc:10751813,2010-07-14T16:19:36.550000Z,32.70933333333333,-115.93266666666666,2.23,2.1,,,SCEDC,,A,21,0.19,SCSN
10751917,scedc:10751917,2010-07-14T18:34:19.780000Z,32.6655,-115.76783333333331,10.14,2.2,,,SCEDC,,A,21,0.15,SCSN
10752285,scedc:10752285,2010-07-15T02:47:22.470000Z,32.658,-115.69716666666666,8.7,2.1,,,SCEDC,,A,15,0.15,SCSN
10752357,scedc:10752357,2010-07-15T05:28:59.390000Z,32.0565,-116.24883333333334,5.47,2.1,,,SCEDC,,C,25,0.16,SCSN
10752365,scedc:10752365,2010-07-15T05:31:09.780000Z,32.911833333333334,-116.24716666666669,7.95,2.3,,,SCEDC,,A,28,0.19,SCSN
10752661,scedc:10752661,2010-07-15T12:39:22.560000Z,32.468333333333334,-115.64233333333334,5.54,2.2,,,SCEDC,,C,16,0.34,SCSN
10752669,scedc:10752669,2010-07-15T12:43:08.520000Z,32.624,-115.71316666666668,5.64,2.3,,,SCEDC,,A,15,0.13,SCSN
10752709,scedc:10752709,2010-07-15T13:56:37.050000Z,32.2735,-115.43033333333334,6.92,2.6,,,SCEDC,,C,26,0.39,SCSN
10752749,scedc:10752749,2010-07-15T15:02:31.240000Z,32.91466666666667,-116.348,10.6,2.2,,,SCEDC,,A,37,0.21,SCSN
10752845,scedc:10752845,2010-07-15T16:06:45.730000Z,32.3305,-115.40183333333331,15.49,2.0,,,SCEDC,,C,10,0.15,SCSN
10752917,scedc:10752917,2010-07-15T18:00:51.580000Z,33.48116666666667,-116.45816666666668,10.63,2.1,,,SCEDC,,A,47,0.18,SCSN
10753277,scedc:10753277,2010-07-16T01:25:06.080000Z,32.673,-115.91833333333334,7.87,2.5,,,SCEDC,,A,39,0.21,SCSN
10753933,scedc:10753933,2010-07-16T15:29:59.210000Z,32.56183333333333,-115.70883333333332,7.65,3.1,,,SCEDC,,C,45,0.28,SCSN
10753997,scedc:10753997,2010-07-16T17:58:53.700000Z,34.13066666666667,-117.43966666666668,7.98,2.2,,,SCEDC,,A,54,0.18,SCSN
10754213,scedc:10754213,2010-07-16T21:25:52.360000Z,33.24183333333333,-116.782,9.61,2.5,,,SCEDC,,A,91,0.25,SCSN
10754285,scedc:10754285,2010-07-16T22:19:36.240000Z,32.6775,-115.93383333333334,2.41,2.7,,,SCEDC,,A,60,0.32,SCSN
10754453,scedc:10754453,2010-07-17T03:42:39.030000Z,33.5685,-118.289,1.48,2.3,,,SCEDC,,A,48,0.26,SCSN
10754669,scedc:10754669,2010-07-17T12:54:44.930000Z,32.726333333333336,-115.978,3.9,2.4,,,SCEDC,,A,66,0.32,SCSN
10754797,scedc:10754797,2010-07-17T17:05:02.960000Z,32.54116666666667,-115.696,1.92,2.0,,,SCEDC,,B,21,0.16,SCSN
10754901,scedc:10754901,2010-07-17T19:18:37.930000Z,34.861,-117.0625,7.31,2.1,,,SCEDC,,A,29,0.16,SCSN
10754909,scedc:10754909,2010-07-17T19:27:52.650000Z,32.03933333333333,-116.1425,5.51,2.4,,,SCEDC,,C,34,0.14,SCSN
10755157,scedc:10755157,2010-07-18T03:29:23.810000Z,32.785333333333334,-116.1275,5.05,2.2,,,SCEDC,,C,88,0.31,SCSN
10755517,scedc:10755517,2010-07-18T10:51:10.530000Z,32.71066666666667,-115.95633333333332,3.1,2.8,,,SCEDC,,A,70,0.25,SCSN
10755549,scedc:10755549,2010-07-18T11:16:55.920000Z,32.43533333333333,-115.56233333333331,1.02,2.9,,,SCEDC,,A,41,0.18,SCSN
10755741,scedc:10755741,2010-07-18T15:28:45.390000Z,34.3495,-120.35816666666666,14.19,2.3,,,SCEDC,,A,28,0.27,SCSN
10755749,scedc:10755749,2010-07-18T15:43:42.970000Z,32.684666666666665,-115.92866666666669,8.71,2.4,,,SCEDC,,A,59,0.35,SCSN
10755789,scedc:10755789,2010-07-18T16:48:45.760000Z,32.714666666666666,-115.966,3.88,2.4,,,SCEDC,,A,72,0.24,SCSN
10755901,scedc:10755901,2010-07-18T19:19:55.940000Z,32.411833333333334,-115.555,15.31,2.1,,,SCEDC,,B,28,0.26,SCSN
10755973,scedc:10755973,2010-07-18T21:05:49.890000Z,33.50416666666667,-116.46083333333333,2.03,2.8,,,SCEDC,,A,61,0.24,SCSN
10756189,scedc:10756189,2010-07-19T02:18:17.350000Z,32.66983333333334,-115.92816666666668,5.02,2.1,,,SCEDC,,A,19,0.15,SCSN
10756205,scedc:10756205,2010-07-19T02:33:04.390000Z,32.43,-115.6665,5.57,2.2,,,SCEDC,,C,23,0.35,SCSN
10756229,scedc:10756229,2010-07-19T02:46:53.090000Z,36.03566666666666,-117.775,1.07,2.4,,,SCEDC,,A,57,0.21,SCSN
10756565,scedc:10756565,2010-07-19T10:48:20.160000Z,32.63516666666666,-115.72983333333332,6.3,2.3,,,SCEDC,,A,33,0.23,SCSN
10756677,scedc:10756677,2010-07-19T13:10:23.490000Z,33.334666666666664,-116.39333333333332,5.76,2.1,,,SCEDC,,A,87,0.24,SCSN
10756797,scedc:10756797,2010-07-19T16:11:05.770000Z,32.3945,-115.52683333333331,13.93,2.1,,,SCEDC,,B,20,0.29,SCSN
10756909,scedc:10756909,2010-07-19T20:24:27.330000Z,36.402166666666666,-117.87066666666666,2.99,2.4,,,SCEDC,,A,42,0.19,SCSN
10756917,scedc:10756917,2010-07-19T20:35:43.360000Z,32.655166666666666,-115.80933333333331,5.48,2.2,,,SCEDC,,C,19,0.13,SCSN
10757173,scedc:10757173,2010-07-20T09:18:06.420000Z,34.69083333333333,-119.5435,5.5,2.1,,,SCEDC,,C,31,0.28,SCSN
10757205,scedc:10757205,2010-07-20T10:18:03.460000Z,32.48133333333333,-115.64066666666666,1.08,3.5,,,SCEDC,,B,39,0.16,SCSN
10757285,scedc:10757285,2010-07-20T14:22:38.480000Z,32.6085,-115.735,4.22,2.3,,,SCEDC,,A,45,0.26,SCSN
10757317,scedc:10757317,2010-07-20T15:00:34.950000Z,32.68066666666667,-115.75416666666666,7.61,2.1,,,SCEDC,,A,21,0.18,SCSN
10757741,scedc:10757741,2010-07-21T01:22:17.010000Z,32.733666666666664,-115.9665,4.12,2.4,,,SCEDC,,A,16,0.13,SCSN
10757757,scedc:10757757,2010-07-21T01:50:24.010000Z,32.72683333333333,-115.97333333333331,1.94,2.6,,,SCEDC,,A,67,0.26,SCSN
10757773,scedc:10757773,2010-07-21T02:29:22.250000Z,35.333666666666666,-117.89483333333334,5.85,2.7,,,SCEDC,,B,51,0.19,SCSN
10757997,scedc:10757997,2010-07-21T11:58:29.900000Z,32.596833333333336,-115.74566666666666,5.2,2.4,,,SCEDC,,B,33,0.17,SCSN
10758029,scedc:10758029,2010-07-21T13:29:19.650000Z,32.7115,-115.93883333333332,3.88,2.8,,,SCEDC,,A,68,0.29,SCSN
10758077,scedc:10758077,2010-07-21T15:10:03.650000Z,32.6185,-115.7205,7.03,2.3,,,SCEDC,,A,17,0.12,SCSN
10758157,scedc:10758157,2010-07-21T16:40:48.630000Z,32.664,-115.87616666666666,4.14,2.5,,,SCEDC,,A,53,0.22,SCSN
10758605,scedc:10758605,2010-07-22T05:26:44.400000Z,32.615833333333335,-115.78116666666666,3.74,2.2,,,SCEDC,,B,17,0.19,SCSN
10758621,scedc:10758621,2010-07-22T05:36:07.940000Z,32.727,-115.96366666666668,4.24,2.2,,,SCEDC,,A,17,0.14,SCSN
10758845,scedc:10758845,2010-07-22T12:00:03.430000Z,32.656,-115.8035,8.6,2.3,,,SCEDC,,A,29,0.17,SCSN
10758885,scedc:10758885,2010-07-22T14:07:09.590000Z,34.221833333333336,-118.4965,14.55,2.3,,,SCEDC,,A,32,0.2,SCSN
10759021,scedc:10759021,2010-07-22T17:20:38.580000Z,32.518166666666666,-115.6475,5.4,2.1,,,SCEDC,,C,22,0.46,SCSN
10759117,scedc:10759117,2010-07-22T20:02:12.560000Z,34.066833333333335,-116.78533333333333,15.31,2.0,,,SCEDC,,A,52,0.13,SCSN
10759221,scedc:10759221,2010-07-22T23:49:43.480000Z,34.2195,-116.57666666666668,10.55,2.5,,,SCEDC,,A,57,0.16,SCSN
10759357,scedc:10759357,2010-07-23T02:41:00.390000Z,32.608,-115.755,3.03,2.2,,,SCEDC,,A,49,0.2,SCSN
10759549,scedc:10759549,2010-07-23T09:17:43.320000Z,32.598,-115.7715,4.08,2.4,,,SCEDC,,B,77,0.2,SCSN
10759661,scedc:10759661,2010-07-23T12:32:53.540000Z,32.693666666666665,-115.9325,2.97,2.7,,,SCEDC,,A,30,0.22,SCSN
10759757,scedc:10759757,2010-07-23T15:58:29.730000Z,32.8495,-116.193,5.39,2.4,,,SCEDC,,C,54,0.2,SCSN
10759853,scedc:10759853,2010-07-23T18:08:18.660000Z,32.79266666666667,-116.1235,6.35,2.8,,,SCEDC,,C,46,0.24,SCSN
10759925,scedc:10759925,2010-07-23T20:10:35.570000Z,32.70916666666667,-115.93183333333332,5.62,2.0,,,SCEDC,,A,21,0.17,SCSN
10759957,scedc:10759957,2010-07-23T21:23:24.380000Z,32.6105,-115.78633333333332,3.67,2.9,,,SCEDC,,A,48,0.27,SCSN
10759981,scedc:10759981,2010-07-23T21:56:30.210000Z,32.69733333333333,-115.92516666666668,3.94,2.0,,,SCEDC,,A,21,0.15,SCSN
10760005,scedc:10760005,2010-07-23T22:36:52.890000Z,33.01316666666666,-116.28716666666666,6.49,2.0,,,SCEDC,,C,66,0.23,SCSN
10760125,scedc:10760125,2010-07-24T02:32:08.560000Z,32.72533333333333,-115.96233333333332,4.98,2.3,,,SCEDC,,A,17,0.18,SCSN
10760165,scedc:10760165,2010-07-24T03:05:39.140000Z,32.6345,-115.68866666666666,13.65,3.0,,,SCEDC,,A,66,0.34,SCSN
10760301,scedc:10760301,2010-07-24T06:00:03.220000Z,34.80416666666667,-120.24033333333334,11.52,2.2,,,SCEDC,,A,18,0.26,SCSN
10760373,scedc:10760373,2010-07-24T06:41:15.730000Z,32.5995,-115.761,3.7,2.8,,,SCEDC,,A,29,0.24,SCSN
10760381,scedc:10760381,2010-07-24T06:42:21.660000Z,32.602,-115.76083333333334,4.29,2.2,,,SCEDC,,A,25,0.13,SCSN
10760589,scedc:10760589,2010-07-24T12:55:04.210000Z,32.37916666666667,-115.5305,5.42,2.3,,,SCEDC,,C,27,0.26,SCSN
34837759,scedc:34837759,2010-07-24T17:55:06.460000Z,32.641666666666666,-115.751,9.35,2.1,,,SCEDC,,A,16,0.21,SCSN
10760773,scedc:10760773,2010-07-24T18:54:52.220000Z,32.864666666666665,-116.23483333333331,8.93,2.5,,,SCEDC,,A,45,0.21,SCSN
10760821,scedc:10760821,2010-07-24T19:31:15.940000Z,32.7245,-115.96016666666668,3.81,2.0,,,SCEDC,,A,20,0.16,SCSN
10760917,scedc:10760917,2010-07-24T20:44:20.570000Z,32.5465,-115.69966666666669,4.57,2.0,,,SCEDC,,A,29,0.3,SCSN
10761237,scedc:10761237,2010-07-25T04:00:11.370000Z,34.30716666666667,-116.917,5.81,2.1,,,SCEDC,,A,87,0.16,SCSN
10761253,scedc:10761253,2010-07-25T04:16:58.290000Z,32.68783333333333,-115.90516666666667,4.02,2.0,,,SCEDC,,A,37,0.29,SCSN
10761365,scedc:10761365,2010-07-25T07:02:52.070000Z,32.715,-115.95166666666668,3.38,2.4,,,SCEDC,,A,26,0.19,SCSN
10761485,scedc:10761485,2010-07-25T09:44:13.070000Z,33.527833333333334,-116.56033333333332,2.67,2.2,,,SCEDC,,A,51,0.15,SCSN
10761589,scedc:10761589,2010-07-25T10:45:12.100000Z,32.539833333333334,-115.68483333333332,6.58,2.5,,,SCEDC,,C,31,0.29,SCSN
10761797,scedc:10761797,2010-07-25T17:10:35.320000Z,32.718333333333334,-115.95733333333334,2.71,2.4,,,SCEDC,,A,19,0.21,SCSN
10761853,scedc:10761853,2010-07-25T18:39:59.560000Z,35.739,-117.675,6.65,2.2,,,SCEDC,,A,40,0.18,SCSN
10762013,scedc:10762013,2010-07-25T22:13:58.190000Z,32.793,-116.11933333333332,6.39,2.8,,,SCEDC,,C,62,0.26,SCSN
10762077,scedc:10762077,2010-07-25T23:33:28.250000Z,33.159666666666666,-115.66016666666668,0.76,2.4,,,SCEDC,,A,40,0.3,SCSN
10762125,scedc:10762125,2010-07-26T00:14:04.950000Z,33.151833333333336,-116.004,5.68,2.0,,,SCEDC,,C,65,0.25,SCSN
10762237,scedc:10762237,2010-07-26T02:57:16.190000Z,32.336,-115.425,1.43,2.2,,,SCEDC,,C,16,0.29,SCSN
10762389,scedc:10762389,2010-07-26T11:44:08.470000Z,35.60583333333334,-116.341,3.19,2.1,,,SCEDC,,A,25,0.09,SCSN
10762461,scedc:10762461,2010-07-26T13:56:48.860000Z,33.189,-116.04883333333332,7.62,2.5,,,SCEDC,,C,69,0.22,SCSN
10762533,scedc:10762533,2010-07-26T15:31:24.870000Z,32.7845,-116.11583333333331,9.45,2.1,,,SCEDC,,A,28,0.19,SCSN
10762589,scedc:10762589,2010-07-26T16:12:34.860000Z,32.6985,-115.912,5.14,2.1,,,SCEDC,,A,22,0.18,SCSN
10762733,scedc:10762733,2010-07-26T18:55:25.610000Z,32.401,-115.53666666666666,12.66,2.2,,,SCEDC,,C,31,0.2,SCSN
10762797,scedc:10762797,2010-07-26T21:39:03.450000Z,32.3515,-115.52933333333333,14.79,2.5,,,SCEDC,,B,31,0.22,SCSN
10762965,scedc:10762965,2010-07-27T01:49:00.230000Z,34.3625,-116.91066666666669,2.63,2.0,,,SCEDC,,A,76,0.17,SCSN
10763189,scedc:10763189,2010-07-27T10:09:16.380000Z,34.81216666666667,-116.27183333333332,1.66,2.7,,,SCEDC,,A,33,0.15,SCSN
10763253,scedc:10763253,2010-07-27T12:08:04.460000Z,33.36716666666667,-116.32066666666668,10.64,2.2,,,SCEDC,,A,50,0.22,SCSN
10763325,scedc:10763325,2010-07-27T15:54:28.800000Z,33.36366666666667,-116.3295,12.03,2.1,,,SCEDC,,A,69,0.24,SCSN
10763485,scedc:10763485,2010-07-27T20:40:49.140000Z,34.627833333333335,-116.56283333333332,8.73,2.0,,,SCEDC,,A,35,0.1,SCSN
10763541,scedc:10763541,2010-07-27T23:13:20.980000Z,32.682,-115.90616666666666,4.29,2.4,,,SCEDC,,A,38,0.24,SCSN
10763637,scedc:10763637,2010-07-28T01:07:14.190000Z,32.426,-115.5485,5.5,2.2,,,SCEDC,,C,27,0.3,SCSN
10763901,scedc:10763901,2010-07-28T09:10:50.890000Z,33.6665,-116.70833333333331,14.1,2.3,,,SCEDC,,A,34,0.3,SCSN
10763997,scedc:10763997,2010-07-28T11:15:29.150000Z,32.534166666666664,-115.71433333333331,3.55,2.4,,,SCEDC,,A,45,0.3,SCSN
10764205,scedc:10764205,2010-07-28T16:29:14.730000Z,32.345333333333336,-115.554,16.51,2.1,,,SCEDC,,C,18,0.4,SCSN
10764373,scedc:10764373,2010-07-28T23:50:48.650000Z,32.9145,-116.3515,10.3,2.3,,,SCEDC,,A,46,0.23,SCSN
10764781,scedc:10764781,2010-07-29T11:23:34.300000Z,32.399,-115.5395,9.93,2.1,,,SCEDC,,C,24,0.45,SCSN
10764821,scedc:10764821,2010-07-29T12:42:56.510000Z,32.71516666666667,-115.93133333333331,4.75,2.1,,,SCEDC,,A,23,0.15,SCSN
10765029,scedc:10765029,2010-07-29T17:28:49.210000Z,32.648833333333336,-115.7235,13.81,2.4,,,SCEDC,,A,32,0.37,SCSN
10765101,scedc:10765101,2010-07-29T20:04:26.380000Z,32.467666666666666,-115.57233333333332,9.93,2.1,,,SCEDC,,C,22,0.32,SCSN
10765117,scedc:10765117,2010-07-29T20:14:14.380000Z,32.397333333333336,-115.51266666666666,14.41,2.4,,,SCEDC,,B,28,0.32,SCSN
10765277,scedc:10765277,2010-07-29T23:23:57.170000Z,32.68,-115.88783333333332,3.02,2.2,,,SCEDC,,A,34,0.22,SCSN
10765285,scedc:10765285,2010-07-29T23:24:14.210000Z,34.03366666666667,-116.95616666666666,7.46,2.6,,,SCEDC,,A,89,0.14,SCSN
10765333,scedc:10765333,2010-07-30T01:47:31.170000Z,32.51716666666667,-115.773,2.52,2.4,,,SCEDC,,A,35,0.12,SCSN
10765341,scedc:10765341,2010-07-30T02:03:17.360000Z,32.42283333333334,-115.64316666666669,6.04,2.4,,,SCEDC,,C,26,0.2,SCSN
10765365,scedc:10765365,2010-07-30T03:19:31.330000Z,32.5545,-115.698,10.29,2.3,,,SCEDC,,B,70,0.25,SCSN
10765533,scedc:10765533,2010-07-30T05:52:32.320000Z,33.1565,-116.0,8.52,2.6,,,SCEDC,,C,66,0.24,SCSN
10765589,scedc:10765589,2010-07-30T07:50:01.630000Z,32.6215,-115.74666666666668,8.63,2.4,,,SCEDC,,A,33,0.25,SCSN
10765621,scedc:10765621,2010-07-30T08:40:02.430000Z,32.617333333333335,-115.72416666666666,5.31,2.0,,,SCEDC,,A,40,0.21,SCSN
10765685,scedc:10765685,2010-07-30T10:50:00.490000Z,33.155166666666666,-115.9985,11.46,2.0,,,SCEDC,,A,47,0.24,SCSN
10765869,scedc:10765869,2010-07-30T15:05:06.100000Z,32.685,-115.88316666666668,4.2,2.2,,,SCEDC,,A,47,0.16,SCSN
10765933,scedc:10765933,2010-07-30T16:29:49.150000Z,32.9055,-117.86133333333332,5.76,2.6,,,SCEDC,,C,34,0.16,SCSN
10765949,scedc:10765949,2010-07-30T16:31:51.340000Z,32.68233333333333,-115.884,4.29,2.1,,,SCEDC,,A,38,0.16,SCSN
10766005,scedc:10766005,2010-07-30T17:29:22.130000Z,32.702666666666666,-115.95833333333331,11.63,2.2,,,SCEDC,,A,43,0.18,SCSN
10766373,scedc:10766373,2010-07-31T02:00:38.480000Z,32.6745,-115.81466666666668,8.15,2.0,,,SCEDC,,A,22,0.17,SCSN
10766421,scedc:10766421,2010-07-31T02:54:36.920000Z,33.632,-116.75166666666668,15.65,2.0,,,SCEDC,,A,87,0.21,SCSN
10766589,scedc:10766589,2010-07-31T08:50:55.340000Z,32.806666666666665,-116.15266666666666,5.04,2.1,,,SCEDC,,C,51,0.24,SCSN
10766629,scedc:10766629,2010-07-31T10:42:53.100000Z,33.39233333333333,-116.39416666666666,7.0,2.1,,,SCEDC,,A,63,0.23,SCSN
10766893,scedc:10766893,2010-07-31T17:31:36.950000Z,32.63616666666667,-115.70516666666668,8.67,2.1,,,SCEDC,,A,23,0.24,SCSN
10767293,scedc:10767293,2010-08-01T04:23:02.670000Z,34.042,-117.24366666666668,17.76,2.5,,,SCEDC,,A,69,0.18,SCSN
10767397,scedc:10767397,2010-08-01T07:03:08.590000Z,32.33266666666667,-115.481,5.96,2.2,,,SCEDC,,C,27,0.28,SCSN
10767517,scedc:10767517,2010-08-01T09:55:28.620000Z,33.37616666666667,-116.404,7.09,2.1,,,SCEDC,,A,97,0.22,SCSN
10767917,scedc:10767917,2010-08-01T23:17:07.530000Z,32.39,-115.4795,5.67,2.5,,,SCEDC,,C,29,0.23,SCSN
10767949,scedc:10767949,2010-08-02T00:42:21.090000Z,32.6455,-115.78566666666669,3.12,2.1,,,SCEDC,,A,22,0.26,SCSN
10768013,scedc:10768013,2010-08-02T04:31:00.020000Z,32.73466666666667,-117.36716666666666,14.94,2.1,,,SCEDC,,A,23,0.14,SCSN
10768093,scedc:10768093,2010-08-02T08:17:25.100000Z,32.70516666666666,-115.91366666666669,6.58,2.1,,,SCEDC,,C,23,0.22,SCSN
10768141,scedc:10768141,2010-08-02T10:10:35.230000Z,33.159166666666664,-116.00016666666669,5.57,2.2,,,SCEDC,,C,43,0.22,SCSN
10768437,scedc:10768437,2010-08-02T19:05:56.920000Z,34.00966666666667,-118.1935,14.98,2.0,,,SCEDC,,A,51,0.22,SCSN
10768629,scedc:10768629,2010-08-03T00:53:34.120000Z,32.667,-115.83183333333334,5.93,2.7,,,SCEDC,,C,34,0.2,SCSN
10768637,scedc:10768637,2010-08-03T01:11:36.580000Z,32.571,-115.7195,3.74,3.2,,,SCEDC,,A,50,0.27,SCSN
10768677,scedc:10768677,2010-08-03T01:36:48.630000Z,32.56283333333333,-115.72633333333332,2.62,2.9,,,SCEDC,,A,38,0.23,SCSN
10769101,scedc:10769101,2010-08-03T15:48:24.770000Z,32.4185,-115.47933333333332,9.78,2.0,,,SCEDC,,C,13,0.25,SCSN
10769341,scedc:10769341,2010-08-03T23:12:15.320000Z,32.6325,-115.74933333333334,3.56,2.1,,,SCEDC,,A,36,0.29,SCSN
10769669,scedc:10769669,2010-08-04T12:17:44.580000Z,32.51016666666666,-115.64833333333333,3.49,2.2,,,SCEDC,,B,19,0.18,SCSN
10769901,scedc:10769901,2010-08-04T18:15:05.800000Z,33.9645,-117.75883333333331,10.2,2.1,,,SCEDC,,A,43,0.2,SCSN
10769997,scedc:10769997,2010-08-04T20:38:43.920000Z,32.550333333333334,-115.70383333333334,4.87,2.0,,,SCEDC,,A,19,0.17,SCSN
10770205,scedc:10770205,2010-08-05T02:53:21.680000Z,32.6715,-115.90766666666669,5.67,2.5,,,SCEDC,,A,43,0.25,SCSN
10770317,scedc:10770317,2010-08-05T06:40:07.170000Z,32.424166666666665,-116.84533333333331,12.98,2.4,,,SCEDC,,A,24,0.13,SCSN
10770437,scedc:10770437,2010-08-05T13:29:32.570000Z,32.48916666666667,-115.6365,6.03,2.2,,,SCEDC,,C,16,0.28,SCSN
10770469,scedc:10770469,2010-08-05T14:22:09.980000Z,32.71516666666667,-115.95783333333333,2.17,2.0,,,SCEDC,,A,33,0.21,SCSN
10770669,scedc:10770669,2010-08-05T20:41:21.810000Z,33.96483333333333,-117.76516666666669,11.7,2.0,,,SCEDC,,A,76,0.28,SCSN
10770773,scedc:10770773,2010-08-05T23:43:59.110000Z,33.1875,-115.63766666666666,4.96,2.1,,,SCEDC,,A,39,0.27,SCSN
10770837,scedc:10770837,2010-08-05T23:55:53.900000Z,32.28766666666667,-115.4445,9.97,2.0,,,SCEDC,,C,18,0.29,SCSN
10771021,scedc:10771021,2010-08-06T01:35:38.900000Z,32.9235,-116.28933333333332,5.14,2.2,,,SCEDC,,A,86,0.26,SCSN
10771133,scedc:10771133,2010-08-06T03:22:00.370000Z,33.001333333333335,-116.459,8.57,2.1,,,SCEDC,,A,74,0.2,SCSN
10771165,scedc:10771165,2010-08-06T03:34:45.060000Z,32.284333333333336,-115.423,9.95,2.1,,,SCEDC,,C,14,0.17,SCSN
10771421,scedc:10771421,2010-08-06T12:25:01.480000Z,32.88333333333333,-117.5935,19.41,2.3,,,SCEDC,,A,36,0.14,SCSN
10771765,scedc:10771765,2010-08-06T19:30:33.620000Z,32.68266666666667,-115.81266666666669,8.61,2.3,,,SCEDC,,A,41,0.15,SCSN
10771869,scedc:10771869,2010-08-07T01:08:08.210000Z,33.98116666666667,-116.4415,7.89,2.0,,,SCEDC,,A,79,0.17,SCSN
10771893,scedc:10771893,2010-08-07T01:31:55.960000Z,33.977,-116.4395,8.0,2.1,,,SCEDC,,A,71,0.17,SCSN
10771901,scedc:10771901,2010-08-07T01:33:33.660000Z,33.097166666666666,-116.62116666666668,15.33,2.2,,,SCEDC,,A,69,0.24,SCSN
10772069,scedc:10772069,2010-08-07T08:30:55.970000Z,33.76383333333333,-115.89133333333334,4.99,2.5,,,SCEDC,,C,66,0.19,SCSN
10772117,scedc:10772117,2010-08-07T10:29:02.250000Z,32.593666666666664,-115.7445,10.42,2.1,,,SCEDC,,A,21,0.2,SCSN
10772205,scedc:10772205,2010-08-07T11:45:57.760000Z,36.44733333333333,-118.3175,3.88,2.2,,,SCEDC,,C,29,0.09,SCSN
10772397,scedc:10772397,2010-08-07T14:38:36.620000Z,32.62,-115.78716666666666,4.6,2.0,,,SCEDC,,A,26,0.17,SCSN
10772605,scedc:10772605,2010-08-07T20:24:56.200000Z,32.37733333333333,-115.53316666666667,14.31,2.3,,,SCEDC,,B,26,0.19,SCSN
10772765,scedc:10772765,2010-08-08T04:20:08.660000Z,32.638333333333335,-115.73166666666668,5.75,2.0,,,SCEDC,,A,19,0.16,SCSN
10772781,scedc:10772781,2010-08-08T04:31:53.660000Z,32.6995,-115.79183333333332,7.19,2.0,,,SCEDC,,B,20,0.18,SCSN
10773085,scedc:10773085,2010-08-08T16:41:33.870000Z,32.72516666666667,-115.977,2.85,3.5,,,SCEDC,,A,82,0.3,SCSN
10773109,scedc:10773109,2010-08-08T17:13:43.940000Z,33.01566666666667,-116.44,9.19,2.0,,,SCEDC,,A,70,0.21,SCSN
10773245,scedc:10773245,2010-08-08T23:02:07.860000Z,32.6335,-115.83783333333334,3.43,2.4,,,SCEDC,,A,25,0.21,SCSN
10773317,scedc:10773317,2010-08-09T00:10:02.310000Z,32.965666666666664,-116.27283333333334,4.42,2.2,,,SCEDC,,A,71,0.22,SCSN
10773493,scedc:10773493,2010-08-09T09:09:32.720000Z,32.4965,-115.65,2.21,2.0,,,SCEDC,,B,24,0.28,SCSN
10773733,scedc:10773733,2010-08-09T15:16:01.570000Z,32.523,-115.6555,2.19,2.0,,,SCEDC,,B,13,0.18,SCSN
10774181,scedc:10774181,2010-08-09T22:31:37.000000Z,32.37016666666667,-115.4515,7.83,2.5,,,SCEDC,,C,30,0.19,SCSN
10774445,scedc:10774445,2010-08-10T04:39:50.520000Z,32.5145,-115.68566666666666,3.24,2.0,,,SCEDC,,B,18,0.27,SCSN
10774469,scedc:10774469,2010-08-10T05:04:10.880000Z,32.5935,-115.77766666666666,3.12,2.5,,,SCEDC,,A,55,0.28,SCSN
10774501,scedc:10774501,2010-08-10T08:04:09.480000Z,32.37316666666667,-115.43566666666666,9.97,2.6,,,SCEDC,,C,20,0.21,SCSN
10774517,scedc:10774517,2010-08-10T08:08:14.190000Z,32.3535,-115.43766666666669,7.11,2.2,,,SCEDC,,C,18,0.26,SCSN
10774605,scedc:10774605,2010-08-10T09:54:52.660000Z,34.724333333333334,-120.42916666666666,0.74,3.7,,,SCEDC,,A,40,0.23,SCSN
14816212,scedc:14816212,2010-08-10T17:40:10.380000Z,32.72866666666667,-115.97333333333331,2.92,2.3,,,SCEDC,,A,64,0.24,SCSN
10775021,scedc:10775021,2010-08-10T19:52:49.100000Z,32.3875,-115.54566666666666,5.88,2.4,,,SCEDC,,C,25,0.18,SCSN
10775093,scedc:10775093,2010-08-10T21:30:30.980000Z,32.64116666666666,-115.746,4.04,2.2,,,SCEDC,,A,17,0.16,SCSN
10775173,scedc:10775173,2010-08-10T23:07:18.650000Z,32.665,-115.9395,3.76,2.1,,,SCEDC,,A,23,0.2,SCSN
10775277,scedc:10775277,2010-08-11T03:42:17.970000Z,32.575,-115.72583333333333,3.71,2.0,,,SCEDC,,B,21,0.27,SCSN
10775333,scedc:10775333,2010-08-11T05:59:25.260000Z,32.64533333333333,-115.8345,7.68,2.3,,,SCEDC,,A,28,0.17,SCSN
10775853,scedc:10775853,2010-08-11T20:52:29.560000Z,33.37316666666667,-116.4045,6.75,2.0,,,SCEDC,,A,65,0.23,SCSN
10776205,scedc:10776205,2010-08-12T08:04:08.210000Z,32.631166666666665,-115.6805,12.44,2.1,,,SCEDC,,A,37,0.32,SCSN
10776213,scedc:10776213,2010-08-12T08:08:13.510000Z,32.73383333333334,-115.9795,4.53,2.2,,,SCEDC,,A,67,0.25,SCSN
10776613,scedc:10776613,2010-08-12T13:15:33.460000Z,32.6735,-115.886,6.59,2.0,,,SCEDC,,A,44,0.25,SCSN
10776621,scedc:10776621,2010-08-12T14:09:52.360000Z,32.44983333333333,-115.38166666666666,16.14,2.2,,,SCEDC,,C,22,0.25,SCSN
10776997,scedc:10776997,2010-08-12T23:10:17.170000Z,34.41416666666667,-117.11566666666668,1.43,2.4,,,SCEDC,,A,26,0.15,SCSN
10777029,scedc:10777029,2010-08-13T01:08:24.930000Z,32.642,-115.93416666666668,4.82,2.1,,,SCEDC,,A,57,0.39,SCSN
10777069,scedc:10777069,2010-08-13T03:07:10.310000Z,32.70166666666667,-115.92966666666666,5.08,2.0,,,SCEDC,,C,40,0.26,SCSN
10777277,scedc:10777277,2010-08-13T08:06:18.970000Z,33.498,-116.8525,11.06,2.6,,,SCEDC,,A,79,0.24,SCSN
10777461,scedc:10777461,2010-08-13T13:31:27.570000Z,33.0295,-115.55633333333331,10.94,2.3,,,SCEDC,,A,45,0.27,SCSN
10777901,scedc:10777901,2010-08-13T21:59:57.790000Z,32.6255,-115.79683333333334,3.68,2.1,,,SCEDC,,B,23,0.17,SCSN
10777925,scedc:10777925,2010-08-13T23:04:09.400000Z,33.19416666666667,-115.5785,3.36,2.5,,,SCEDC,,A,76,0.23,SCSN
10778181,scedc:10778181,2010-08-14T08:08:06.470000Z,34.669,-119.04166666666669,4.36,2.2,,,SCEDC,,C,50,0.33,SCSN
10778613,scedc:10778613,2010-08-14T19:50:32.670000Z,32.68266666666667,-115.90316666666666,5.08,2.1,,,SCEDC,,A,44,0.23,SCSN
10778781,scedc:10778781,2010-08-15T02:24:59.300000Z,32.669,-115.938,5.02,2.3,,,SCEDC,,A,49,0.24,SCSN
10778797,scedc:10778797,2010-08-15T02:44:52.600000Z,32.88633333333333,-116.2555,4.57,2.5,,,SCEDC,,A,69,0.24,SCSN
10778869,scedc:10778869,2010-08-15T05:49:43.700000Z,32.663333333333334,-115.895,4.45,2.3,,,SCEDC,,A,73,0.24,SCSN
10779341,scedc:10779341,2010-08-15T23:52:06.800000Z,32.6695,-115.971,3.32,2.0,,,SCEDC,,A,22,0.18,SCSN
10779437,scedc:10779437,2010-08-16T03:10:50.900000Z,32.783833333333334,-116.1175,6.52,2.3,,,SCEDC,,C,76,0.25,SCSN
10779597,scedc:10779597,2010-08-16T10:54:55.520000Z,33.169333333333334,-119.3245,5.71,3.2,,,SCEDC,,C,14,0.17,SCSN
10779645,scedc:10779645,2010-08-16T13:05:27.720000Z,32.675333333333334,-115.94016666666668,3.16,2.1,,,SCEDC,,A,22,0.17,SCSN
10780333,scedc:10780333,2010-08-17T05:04:04.050000Z,32.519,-115.66133333333332,10.64,2.0,,,SCEDC,,A,38,0.29,SCSN
10780885,scedc:10780885,2010-08-17T19:28:47.010000Z,34.388,-117.502,12.54,3.1,,,SCEDC,,A,96,0.22,SCSN
10781141,scedc:10781141,2010-08-18T04:21:10.260000Z,32.7395,-115.89783333333334,10.58,2.1,,,SCEDC,,A,34,0.24,SCSN
10781501,scedc:10781501,2010-08-18T16:05:30.020000Z,33.001,-116.46083333333333,5.81,2.0,,,SCEDC,,C,73,0.2,SCSN
10781893,scedc:10781893,2010-08-19T05:00:17.250000Z,35.34583333333333,-118.66583333333334,4.09,2.3,,,SCEDC,,A,50,0.21,SCSN
10782141,scedc:10782141,2010-08-19T11:06:08.650000Z,33.37566666666667,-116.41933333333331,5.36,2.2,,,SCEDC,,C,91,0.28,SCSN
10782933,scedc:10782933,2010-08-20T08:48:57.510000Z,32.56966666666667,-115.706,4.82,2.3,,,SCEDC,,B,60,0.16,SCSN
10783013,scedc:10783013,2010-08-20T12:49:34.230000Z,32.54716666666667,-115.69266666666668,5.09,2.1,,,SCEDC,,A,34,0.14,SCSN
10783141,scedc:10783141,2010-08-20T21:43:38.010000Z,32.636,-115.71616666666668,7.59,2.6,,,SCEDC,,A,38,0.28,SCSN
10783205,scedc:10783205,2010-08-21T01:31:13.070000Z,32.659333333333336,-115.93116666666668,5.02,2.1,,,SCEDC,,A,51,0.24,SCSN
10783213,scedc:10783213,2010-08-21T01:36:26.110000Z,32.691,-115.79383333333334,0.91,2.0,,,SCEDC,,C,38,0.31,SCSN
10783301,scedc:10783301,2010-08-21T04:52:37.900000Z,32.52016666666667,-115.649,3.9,2.9,,,SCEDC,,A,51,0.21,SCSN
10783613,scedc:10783613,2010-08-21T14:38:04.980000Z,32.7865,-116.12133333333334,4.42,2.0,,,SCEDC,,A,56,0.3,SCSN
10783869,scedc:10783869,2010-08-21T22:45:45.920000Z,32.61483333333334,-115.70033333333332,4.8,2.4,,,SCEDC,,A,41,0.15,SCSN
10784797,scedc:10784797,2010-08-23T14:34:59.740000Z,32.870333333333335,-116.2305,8.27,2.0,,,SCEDC,,A,72,0.26,SCSN
10784877,scedc:10784877,2010-08-23T17:24:29.370000Z,33.20133333333333,-116.2035,4.91,2.0,,,SCEDC,,C,65,0.21,SCSN
10785181,scedc:10785181,2010-08-24T05:00:19.920000Z,34.961333333333336,-119.69666666666669,3.31,2.1,,,SCEDC,,A,29,0.3,SCSN
10785325,scedc:10785325,2010-08-24T14:22:20.230000Z,32.97266666666667,-116.36,7.23,2.2,,,SCEDC,,A,95,0.24,SCSN
10785581,scedc:10785581,2010-08-25T00:03:40.760000Z,32.8085,-115.4685,15.01,2.0,,,SCEDC,,C,29,0.23,SCSN
10785653,scedc:10785653,2010-08-25T03:14:52.290000Z,36.08083333333333,-117.88416666666669,1.26,2.8,,,SCEDC,,A,62,0.16,SCSN
10785717,scedc:10785717,2010-08-25T06:23:07.580000Z,36.0785,-117.88533333333334,1.36,2.1,,,SCEDC,,A,66,0.2,SCSN
10785725,scedc:10785725,2010-08-25T07:33:42.530000Z,33.88133333333333,-116.689,12.61,2.3,,,SCEDC,,A,97,0.18,SCSN
10785733,scedc:10785733,2010-08-25T07:34:43.160000Z,34.05766666666667,-118.91733333333332,11.26,2.6,,,SCEDC,,A,46,0.39,SCSN
10785789,scedc:10785789,2010-08-25T09:41:00.770000Z,36.07833333333333,-117.87933333333334,1.91,2.2,,,SCEDC,,A,45,0.23,SCSN
10785989,scedc:10785989,2010-08-25T17:05:48.730000Z,32.726,-116.06616666666666,8.12,2.2,,,SCEDC,,A,59,0.22,SCSN
10786725,scedc:10786725,2010-08-26T16:47:45.090000Z,32.720666666666666,-115.96383333333333,2.23,3.5,,,SCEDC,,A,96,0.31,SCSN
10786869,scedc:10786869,2010-08-26T18:56:21.510000Z,32.5405,-115.66766666666666,4.48,2.0,,,SCEDC,,B,17,0.23,SCSN
10786925,scedc:10786925,2010-08-26T19:45:42.190000Z,32.621,-115.78683333333332,4.85,2.4,,,SCEDC,,A,38,0.22,SCSN
35893759,scedc:35893759,2010-08-26T21:12:55.000000Z,34.174166666666665,-117.72783333333334,8.1,2.0,,,SCEDC,,A,27,0.13,SCSN
10786981,scedc:10786981,2010-08-26T21:12:55.930000Z,34.1755,-117.72416666666666,7.93,2.5,,,SCEDC,,A,57,0.17,SCSN
10787333,scedc:10787333,2010-08-27T10:01:02.720000Z,33.2255,-115.6425,2.06,3.2,,,SCEDC,,C,98,0.24,SCSN
10787397,scedc:10787397,2010-08-27T11:04:02.410000Z,32.60883333333334,-115.7645,5.14,2.2,,,SCEDC,,A,35,0.19,SCSN
10787413,scedc:10787413,2010-08-27T11:16:43.300000Z,32.609,-115.76966666666668,4.86,2.1,,,SCEDC,,A,36,0.19,SCSN
10787509,scedc:10787509,2010-08-27T17:32:47.970000Z,33.22383333333333,-115.62983333333334,2.06,3.6,,,SCEDC,,C,44,0.19,SCSN
10787949,scedc:10787949,2010-08-28T14:13:27.940000Z,33.231,-115.6385,3.13,3.3,,,SCEDC,,A,89,0.24,SCSN
10787989,scedc:10787989,2010-08-28T14:48:32.010000Z,34.30583333333333,-116.45183333333334,9.05,2.1,,,SCEDC,,A,58,0.23,SCSN
10787997,scedc:10787997,2010-08-28T14:48:37.170000Z,34.30533333333333,-116.44416666666666,8.67,2.4,,,SCEDC,,A,50,0.14,SCSN
10788157,scedc:10788157,2010-08-28T19:34:29.710000Z,32.85016666666667,-116.04733333333331,4.94,2.2,,,SCEDC,,A,60,0.28,SCSN
10788221,scedc:10788221,2010-08-28T20:16:16.240000Z,33.28766666666667,-115.713,4.76,2.5,,,SCEDC,,A,68,0.24,SCSN
10788285,scedc:10788285,2010-08-28T20:38:09.910000Z,33.2925,-115.70183333333334,5.39,2.4,,,SCEDC,,A,42,0.24,SCSN
10788293,scedc:10788293,2010-08-28T20:41:43.240000Z,33.28766666666667,-115.71716666666669,4.19,2.4,,,SCEDC,,A,69,0.23,SCSN
10788309,scedc:10788309,2010-08-28T20:52:47.120000Z,33.28916666666667,-115.71916666666668,4.21,2.0,,,SCEDC,,A,41,0.24,SCSN
10788341,scedc:10788341,2010-08-28T21:10:30.850000Z,33.2895,-115.7145,4.39,2.5,,,SCEDC,,A,61,0.21,SCSN
10788349,scedc:10788349,2010-08-28T21:12:10.900000Z,33.29233333333333,-115.71216666666666,4.6,2.1,,,SCEDC,,A,28,0.2,SCSN
10788405,scedc:10788405,2010-08-28T22:10:17.420000Z,33.291333333333334,-115.713,5.94,2.0,,,SCEDC,,C,43,0.19,SCSN
10788421,scedc:10788421,2010-08-28T23:30:25.520000Z,32.80766666666667,-115.48266666666666,13.22,2.0,,,SCEDC,,C,23,0.2,SCSN
10788453,scedc:10788453,2010-08-29T00:13:00.640000Z,33.67966666666667,-117.89883333333331,4.51,2.1,,,SCEDC,,A,50,0.21,SCSN
10789573,scedc:10789573,2010-08-30T21:28:40.940000Z,32.50366666666667,-115.656,1.59,2.2,,,SCEDC,,B,24,0.13,SCSN
10789797,scedc:10789797,2010-08-31T08:22:29.530000Z,34.2255,-119.51666666666668,11.58,2.9,,,SCEDC,,B,43,0.32,SCSN
10790349,scedc:10790349,2010-09-01T00:42:00.320000Z,32.75533333333333,-115.87033333333332,6.28,2.2,,,SCEDC,,A,40,0.22,SCSN
10790661,scedc:10790661,2010-09-01T17:00:04.060000Z,33.972,-118.35733333333332,10.51,2.0,,,SCEDC,,A,37,0.25,SCSN
10790669,scedc:10790669,2010-09-01T17:19:13.590000Z,32.657833333333336,-115.91116666666667,6.72,2.7,,,SCEDC,,A,49,0.23,SCSN
10790757,scedc:10790757,2010-09-01T20:21:12.090000Z,32.514833333333335,-115.6465,5.54,2.7,,,SCEDC,,C,37,0.28,SCSN
10790933,scedc:10790933,2010-09-02T05:42:34.020000Z,34.04966666666667,-118.97566666666668,7.61,2.0,,,SCEDC,,C,19,0.34,SCSN
10791261,scedc:10791261,2010-09-02T20:32:04.610000Z,33.85733333333334,-118.4515,13.31,2.5,,,SCEDC,,A,59,0.24,SCSN
10791429,scedc:10791429,2010-09-03T02:36:00.940000Z,32.594833333333334,-115.71766666666667,4.88,2.5,,,SCEDC,,A,27,0.17,SCSN
10791517,scedc:10791517,2010-09-03T05:55:56.140000Z,36.068666666666665,-117.71266666666666,0.87,2.1,,,SCEDC,,A,42,0.18,SCSN
10791645,scedc:10791645,2010-09-03T09:55:42.110000Z,35.7275,-116.96016666666668,8.73,2.2,,,SCEDC,,C,31,0.19,SCSN
10791685,scedc:10791685,2010-09-03T10:43:26.280000Z,32.61366666666667,-115.7175,8.07,2.0,,,SCEDC,,A,28,0.13,SCSN
10791789,scedc:10791789,2010-09-03T14:03:28.270000Z,35.7215,-116.9655,3.33,2.5,,,SCEDC,,A,30,0.19,SCSN
10791853,scedc:10791853,2010-09-03T18:26:49.650000Z,32.507,-115.65366666666668,1.87,3.0,,,SCEDC,,A,64,0.18,SCSN
10791909,scedc:10791909,2010-09-03T20:15:27.410000Z,32.51866666666667,-115.68,2.84,2.1,,,SCEDC,,B,15,0.14,SCSN
10792149,scedc:10792149,2010-09-04T05:31:36.070000Z,33.327333333333335,-116.20166666666668,12.85,2.7,,,SCEDC,,A,90,0.26,SCSN
10792229,scedc:10792229,2010-09-04T07:32:11.720000Z,35.949333333333335,-117.67216666666668,3.0,2.0,,,SCEDC,,A,40,0.18,SCSN
10792237,scedc:10792237,2010-09-04T07:40:10.970000Z,35.949666666666666,-117.66816666666666,3.08,2.7,,,SCEDC,,A,44,0.17,SCSN
10792413,scedc:10792413,2010-09-04T14:39:05.050000Z,32.639,-115.74333333333334,4.57,2.0,,,SCEDC,,A,64,0.16,SCSN
10792653,scedc:10792653,2010-09-04T22:32:31.310000Z,35.95033333333333,-117.66883333333334,3.5,2.1,,,SCEDC,,A,30,0.16,SCSN
10792749,scedc:10792749,2010-09-05T01:55:48.620000Z,35.95066666666666,-117.6695,3.34,2.6,,,SCEDC,,A,27,0.16,SCSN
10792821,scedc:10792821,2010-09-05T04:10:45.620000Z,32.581833333333336,-115.759,6.87,2.1,,,SCEDC,,C,17,0.3,SCSN
10793389,scedc:10793389,2010-09-05T23:42:20.830000Z,33.392,-116.38766666666666,4.13,2.1,,,SCEDC,,C,58,0.25,SCSN
10793485,scedc:10793485,2010-09-06T07:41:41.180000Z,32.670833333333334,-115.883,6.51,2.2,,,SCEDC,,A,99,0.22,SCSN
10793549,scedc:10793549,2010-09-06T11:52:13.540000Z,35.52183333333333,-116.77183333333332,8.18,3.0,,,SCEDC,,C,30,0.14,SCSN
10793605,scedc:10793605,2010-09-06T17:10:49.470000Z,32.79866666666667,-116.13133333333332,5.36,2.0,,,SCEDC,,C,20,0.21,SCSN
10793685,scedc:10793685,2010-09-06T19:35:06.110000Z,32.651833333333336,-115.71283333333334,5.79,3.2,,,SCEDC,,C,48,0.26,SCSN
10793757,scedc:10793757,2010-09-07T06:31:58.530000Z,33.02183333333333,-116.36933333333332,5.92,2.4,,,SCEDC,,C,68,0.24,SCSN
10793781,scedc:10793781,2010-09-07T07:01:01.640000Z,33.512166666666666,-116.4675,4.62,2.0,,,SCEDC,,A,62,0.24,SCSN
10793837,scedc:10793837,2010-09-07T13:07:21.080000Z,35.7245,-116.963,2.62,2.7,,,SCEDC,,A,27,0.19,SCSN
10793845,scedc:10793845,2010-09-07T13:08:22.010000Z,35.72533333333333,-116.96266666666666,4.67,2.0,,,SCEDC,,C,19,0.15,SCSN
10793909,scedc:10793909,2010-09-07T17:29:13.930000Z,35.727333333333334,-116.95666666666666,3.52,3.5,,,SCEDC,,B,27,0.24,SCSN
10793941,scedc:10793941,2010-09-07T18:11:07.710000Z,35.72683333333333,-116.968,4.65,2.1,,,SCEDC,,C,22,0.22,SCSN
10793957,scedc:10793957,2010-09-07T18:50:43.090000Z,35.7245,-116.964,5.34,2.6,,,SCEDC,,C,30,0.25,SCSN
10793965,scedc:10793965,2010-09-07T18:53:05.300000Z,35.718,-116.96966666666668,7.13,2.0,,,SCEDC,,C,15,0.15,SCSN
10794085,scedc:10794085,2010-09-07T23:50:22.870000Z,32.67633333333333,-115.877,5.99,2.1,,,SCEDC,,A,23,0.22,SCSN
10794093,scedc:10794093,2010-09-08T00:12:37.030000Z,35.72233333333333,-116.97366666666667,7.74,2.1,,,SCEDC,,C,15,0.15,SCSN
10794101,scedc:10794101,2010-09-08T00:18:26.100000Z,32.67316666666667,-115.88216666666666,8.25,2.1,,,SCEDC,,A,35,0.22,SCSN
10794317,scedc:10794317,2010-09-08T12:56:02.390000Z,35.72516666666667,-116.95783333333333,5.09,2.8,,,SCEDC,,C,34,0.22,SCSN
10794677,scedc:10794677,2010-09-09T05:12:38.320000Z,32.67466666666667,-115.85933333333334,3.83,2.2,,,SCEDC,,A,13,0.15,SCSN
10795221,scedc:10795221,2010-09-09T23:53:48.940000Z,35.0315,-119.107,17.21,2.2,,,SCEDC,,B,23,0.19,SCSN
10795373,scedc:10795373,2010-09-10T07:01:48.780000Z,32.514833333333335,-115.6555,2.08,2.0,,,SCEDC,,A,35,0.13,SCSN
10795589,scedc:10795589,2010-09-10T18:48:13.180000Z,32.49633333333333,-115.63616666666668,5.31,2.3,,,SCEDC,,C,24,0.2,SCSN
10795765,scedc:10795765,2010-09-11T03:24:41.200000Z,32.620666666666665,-115.79216666666667,3.91,2.2,,,SCEDC,,A,29,0.19,SCSN
10796061,scedc:10796061,2010-09-11T15:05:15.350000Z,32.50233333333333,-115.64,3.15,2.4,,,SCEDC,,A,28,0.19,SCSN
10796181,scedc:10796181,2010-09-11T19:20:04.140000Z,32.68216666666667,-115.895,4.07,3.2,,,SCEDC,,A,49,0.28,SCSN
10796197,scedc:10796197,2010-09-11T19:52:08.580000Z,32.7315,-115.50466666666668,16.09,2.5,,,SCEDC,,A,51,0.23,SCSN
10796293,scedc:10796293,2010-09-11T23:07:51.670000Z,32.997,-116.35066666666668,7.89,2.3,,,SCEDC,,B,53,0.22,SCSN
10796637,scedc:10796637,2010-09-12T11:56:58.340000Z,32.72966666666667,-115.99166666666666,5.21,2.7,,,SCEDC,,A,58,0.28,SCSN
10796653,scedc:10796653,2010-09-12T12:45:47.740000Z,32.6735,-115.94483333333334,7.93,2.0,,,SCEDC,,A,22,0.17,SCSN
10796757,scedc:10796757,2010-09-12T17:38:59.820000Z,32.7335,-115.9685,5.79,2.1,,,SCEDC,,A,19,0.19,SCSN
10796797,scedc:10796797,2010-09-12T18:09:33.030000Z,34.26583333333333,-117.084,6.77,2.0,,,SCEDC,,A,47,0.2,SCSN
10796917,scedc:10796917,2010-09-12T23:48:57.170000Z,32.64,-115.80116666666666,5.95,2.4,,,SCEDC,,C,57,0.23,SCSN
10796965,scedc:10796965,2010-09-13T02:41:27.540000Z,32.531,-115.621,4.69,2.2,,,SCEDC,,B,18,0.21,SCSN
10797349,scedc:10797349,2010-09-13T16:12:57.060000Z,35.843833333333336,-117.67466666666668,4.04,2.7,,,SCEDC,,A,38,0.17,SCSN
10797933,scedc:10797933,2010-09-14T09:26:19.030000Z,32.67433333333334,-115.87283333333332,7.32,2.6,,,SCEDC,,A,63,0.26,SCSN
10798605,scedc:10798605,2010-09-14T23:23:27.790000Z,32.55883333333333,-115.7145,3.36,2.1,,,SCEDC,,A,20,0.17,SCSN
10798797,scedc:10798797,2010-09-15T03:26:51.150000Z,34.690333333333335,-116.3095,4.43,2.8,,,SCEDC,,A,75,0.13,SCSN
10798957,scedc:10798957,2010-09-15T08:56:03.090000Z,32.483333333333334,-115.607,13.8,2.4,,,SCEDC,,B,32,0.29,SCSN
10799277,scedc:10799277,2010-09-15T14:38:06.490000Z,34.01833333333333,-116.74983333333331,13.2,2.6,,,SCEDC,,A,97,0.16,SCSN
10799349,scedc:10799349,2010-09-15T15:22:58.250000Z,33.46933333333333,-116.45566666666669,6.07,2.1,,,SCEDC,,A,50,0.21,SCSN
10799373,scedc:10799373,2010-09-15T16:02:20.080000Z,34.804,-116.27266666666668,3.87,2.6,,,SCEDC,,A,39,0.14,SCSN
10799829,scedc:10799829,2010-09-16T04:50:32.020000Z,34.023666666666664,-117.769,12.28,2.0,,,SCEDC,,A,50,0.2,SCSN
10800093,scedc:10800093,2010-09-16T15:54:55.660000Z,35.84316666666667,-117.67716666666666,3.59,3.9,,,SCEDC,,A,63,0.18,SCSN
14841980,scedc:14841980,2010-09-16T20:39:49.080000Z,32.56216666666667,-115.68083333333334,4.68,2.2,,,SCEDC,,A,25,0.25,SCSN
14842068,scedc:14842068,2010-09-16T22:10:07.740000Z,36.0325,-117.77483333333332,0.92,2.5,,,SCEDC,,A,54,0.21,SCSN
14842756,scedc:14842756,2010-09-17T19:14:30.250000Z,33.021166666666666,-115.54183333333332,8.5,2.0,,,SCEDC,,A,36,0.17,SCSN
14842852,scedc:14842852,2010-09-17T21:51:52.120000Z,33.177166666666665,-115.61383333333332,1.26,2.0,,,SCEDC,,A,37,0.25,SCSN
14842932,scedc:14842932,2010-09-17T23:45:17.730000Z,32.62716666666667,-115.70516666666668,3.94,3.3,,,SCEDC,,A,37,0.26,SCSN
14843020,scedc:14843020,2010-09-18T04:00:28.200000Z,33.99916666666667,-116.95433333333334,15.77,2.4,,,SCEDC,,A,62,0.2,SCSN
14843028,scedc:14843028,2010-09-18T04:00:46.550000Z,33.99883333333333,-116.95366666666666,15.98,2.5,,,SCEDC,,A,61,0.2,SCSN
14843348,scedc:14843348,2010-09-18T14:34:29.650000Z,33.468666666666664,-116.46766666666667,5.23,2.6,,,SCEDC,,A,58,0.3,SCSN
14843628,scedc:14843628,2010-09-18T23:03:07.070000Z,33.4525,-116.52266666666668,9.45,2.1,,,SCEDC,,A,76,0.23,SCSN
14843836,scedc:14843836,2010-09-19T07:46:43.040000Z,35.411833333333334,-117.52883333333334,9.73,2.3,,,SCEDC,,A,40,0.18,SCSN
14843908,scedc:14843908,2010-09-19T11:20:45.000000Z,33.68566666666667,-118.5315,5.87,2.5,,,SCEDC,,C,89,0.3,SCSN
14844156,scedc:14844156,2010-09-19T21:51:33.370000Z,32.70333333333333,-115.9035,4.88,2.7,,,SCEDC,,A,42,0.28,SCSN
14844180,scedc:14844180,2010-09-19T22:32:20.220000Z,34.587,-119.319,3.89,2.1,,,SCEDC,,A,31,0.35,SCSN
14844324,scedc:14844324,2010-09-20T01:53:58.320000Z,32.5445,-115.691,6.58,2.0,,,SCEDC,,C,29,0.26,SCSN
14844484,scedc:14844484,2010-09-20T07:12:46.630000Z,33.437,-118.86,11.02,2.9,,,SCEDC,,C,14,0.18,SCSN
14844524,scedc:14844524,2010-09-20T08:37:49.380000Z,32.751666666666665,-116.05033333333331,9.09,2.1,,,SCEDC,,A,47,0.31,SCSN
14844612,scedc:14844612,2010-09-20T13:51:37.150000Z,35.8395,-117.67316666666666,3.45,2.1,,,SCEDC,,A,40,0.2,SCSN
14844788,scedc:14844788,2010-09-20T19:12:11.690000Z,36.027166666666666,-117.77583333333334,1.57,2.0,,,SCEDC,,A,36,0.18,SCSN
14844828,scedc:14844828,2010-09-20T20:26:57.780000Z,33.97966666666667,-118.91266666666668,13.25,2.2,,,SCEDC,,A,21,0.16,SCSN
14844940,scedc:14844940,2010-09-20T23:46:29.060000Z,33.005,-115.5625,12.81,2.0,,,SCEDC,,A,37,0.15,SCSN
14844948,scedc:14844948,2010-09-20T23:47:28.860000Z,32.48166666666667,-115.6305,2.88,2.2,,,SCEDC,,A,22,0.27,SCSN
14845324,scedc:14845324,2010-09-21T12:09:23.680000Z,32.65683333333333,-115.7215,10.05,2.3,,,SCEDC,,B,24,0.29,SCSN
14845692,scedc:14845692,2010-09-22T01:01:23.200000Z,33.01533333333333,-115.5425,6.07,2.0,,,SCEDC,,C,20,0.14,SCSN
14845724,scedc:14845724,2010-09-22T01:50:18.790000Z,33.151,-116.01666666666668,5.41,2.7,,,SCEDC,,C,64,0.24,SCSN
14845732,scedc:14845732,2010-09-22T01:53:18.850000Z,33.148833333333336,-116.0175,4.88,2.7,,,SCEDC,,A,56,0.23,SCSN
14845964,scedc:14845964,2010-09-22T09:39:36.890000Z,34.80016666666667,-116.267,3.67,2.2,,,SCEDC,,A,32,0.17,SCSN
14846276,scedc:14846276,2010-09-23T00:28:23.680000Z,32.59766666666667,-115.72433333333332,11.82,2.1,,,SCEDC,,B,20,0.32,SCSN
14846356,scedc:14846356,2010-09-23T08:10:01.680000Z,35.841166666666666,-117.66983333333332,3.63,2.1,,,SCEDC,,A,39,0.17,SCSN
14846716,scedc:14846716,2010-09-23T23:20:24.640000Z,32.68516666666667,-115.9005,3.74,2.1,,,SCEDC,,A,28,0.2,SCSN
14846860,scedc:14846860,2010-09-24T04:48:16.620000Z,32.56966666666667,-115.65466666666669,1.68,2.8,,,SCEDC,,B,39,0.23,SCSN
14847252,scedc:14847252,2010-09-24T19:51:29.750000Z,32.61666666666667,-115.761,1.84,2.8,,,SCEDC,,B,21,0.29,SCSN
14847436,scedc:14847436,2010-09-25T02:27:46.060000Z,32.73316666666667,-115.96366666666668,6.45,2.2,,,SCEDC,,A,48,0.26,SCSN
14847468,scedc:14847468,2010-09-25T03:37:56.840000Z,34.0595,-116.79483333333332,11.18,2.0,,,SCEDC,,A,82,0.19,SCSN
36837759,scedc:36837759,2010-09-25T22:05:00.630000Z,33.021,-115.53483333333334,2.27,2.0,,,SCEDC,,A,16,0.1,SCSN
14847964,scedc:14847964,2010-09-25T23:21:23.580000Z,33.029333333333334,-115.5405,9.33,2.0,,,SCEDC,,A,44,0.18,SCSN
14848036,scedc:14848036,2010-09-26T02:57:08.730000Z,32.73716666666667,-115.9775,5.37,2.0,,,SCEDC,,A,37,0.26,SCSN
14848044,scedc:14848044,2010-09-26T03:23:42.440000Z,32.63916666666667,-115.73116666666668,5.32,2.4,,,SCEDC,,B,31,0.27,SCSN
14848420,scedc:14848420,2010-09-26T18:56:33.060000Z,32.722833333333334,-115.952,4.54,2.0,,,SCEDC,,A,21,0.14,SCSN
14848756,scedc:14848756,2010-09-27T14:03:12.830000Z,32.646166666666666,-115.7335,4.28,2.3,,,SCEDC,,B,17,0.14,SCSN
14848764,scedc:14848764,2010-09-27T14:22:11.070000Z,32.6455,-115.73333333333332,4.2,2.3,,,SCEDC,,A,17,0.14,SCSN
14848964,scedc:14848964,2010-09-28T02:49:42.680000Z,32.643,-115.67183333333334,13.19,2.1,,,SCEDC,,A,18,0.21,SCSN
14849068,scedc:14849068,2010-09-28T11:12:03.030000Z,32.7295,-115.98816666666669,4.71,2.5,,,SCEDC,,A,26,0.25,SCSN
14849108,scedc:14849108,2010-09-28T12:23:16.010000Z,35.078,-119.07333333333334,4.29,2.3,,,SCEDC,,C,33,0.3,SCSN
14849460,scedc:14849460,2010-09-29T02:11:15.640000Z,34.1525,-118.4985,11.32,2.1,,,SCEDC,,A,45,0.14,SCSN
14849604,scedc:14849604,2010-09-29T11:11:59.010000Z,33.34916666666667,-116.306,12.4,2.9,,,SCEDC,,A,92,0.27,SCSN
14849828,scedc:14849828,2010-09-29T20:43:35.960000Z,34.03483333333333,-117.23766666666668,16.05,2.1,,,SCEDC,,A,53,0.13,SCSN
14850372,scedc:14850372,2010-09-30T13:56:48.160000Z,34.033833333333334,-117.118,10.91,2.1,,,SCEDC,,A,87,0.17,SCSN
14850428,scedc:14850428,2010-09-30T15:22:03.420000Z,32.50416666666667,-115.5995,13.58,2.1,,,SCEDC,,A,27,0.21,SCSN
14850820,scedc:14850820,2010-10-01T01:53:21.370000Z,34.16833333333334,-117.82983333333334,11.03,2.1,,,SCEDC,,A,59,0.19,SCSN
14851724,scedc:14851724,2010-10-02T07:45:29.480000Z,33.11383333333333,-116.46783333333332,10.09,3.0,,,SCEDC,,A,97,0.23,SCSN
14851884,scedc:14851884,2010-10-02T17:22:08.380000Z,32.5125,-115.6225,12.77,2.5,,,SCEDC,,A,23,0.14,SCSN
14851956,scedc:14851956,2010-10-02T20:18:24.430000Z,32.68066666666667,-115.894,4.6,3.1,,,SCEDC,,A,53,0.27,SCSN
14852132,scedc:14852132,2010-10-03T03:15:41.870000Z,32.674166666666665,-115.89666666666666,9.79,2.0,,,SCEDC,,C,41,0.34,SCSN
14852148,scedc:14852148,2010-10-03T05:00:48.660000Z,34.126333333333335,-116.98133333333334,2.73,2.1,,,SCEDC,,A,42,0.21,SCSN
14852188,scedc:14852188,2010-10-03T05:57:42.630000Z,34.751,-116.34166666666668,1.57,2.4,,,SCEDC,,A,39,0.14,SCSN
14852236,scedc:14852236,2010-10-03T07:24:40.590000Z,34.125166666666665,-116.97866666666668,4.34,2.0,,,SCEDC,,A,84,0.18,SCSN
14852316,scedc:14852316,2010-10-03T14:07:52.710000Z,33.149,-116.475,8.42,2.1,,,SCEDC,,A,59,0.22,SCSN
14852508,scedc:14852508,2010-10-04T00:22:09.590000Z,32.67316666666667,-115.89216666666668,4.31,2.0,,,SCEDC,,A,48,0.17,SCSN
14852716,scedc:14852716,2010-10-04T10:19:23.120000Z,32.8305,-115.94616666666668,8.37,2.8,,,SCEDC,,A,49,0.24,SCSN
14852836,scedc:14852836,2010-10-04T18:48:39.910000Z,33.753166666666665,-116.0935,4.44,2.1,,,SCEDC,,A,43,0.15,SCSN
14853340,scedc:14853340,2010-10-05T06:59:44.710000Z,34.601,-116.28166666666668,3.46,2.1,,,SCEDC,,A,39,0.15,SCSN
14856004,scedc:14856004,2010-10-07T13:24:34.820000Z,32.54116666666667,-115.70233333333331,9.95,2.5,,,SCEDC,,C,45,0.25,SCSN
14856188,scedc:14856188,2010-10-07T21:10:07.960000Z,32.6015,-115.74033333333334,9.95,3.4,,,SCEDC,,C,56,0.29,SCSN
14856212,scedc:14856212,2010-10-07T21:47:56.520000Z,32.7945,-115.47366666666667,14.33,2.2,,,SCEDC,,A,58,0.25,SCSN
14856420,scedc:14856420,2010-10-08T03:27:21.460000Z,32.588,-115.7395,11.77,3.2,,,SCEDC,,A,59,0.32,SCSN
14857732,scedc:14857732,2010-10-09T21:40:03.680000Z,33.00666666666667,-116.45766666666668,6.83,2.4,,,SCEDC,,B,58,0.22,SCSN
14858308,scedc:14858308,2010-10-10T22:08:46.620000Z,36.014,-117.8125,1.05,2.5,,,SCEDC,,A,48,0.19,SCSN
14858548,scedc:14858548,2010-10-11T07:05:27.620000Z,32.904333333333334,-116.271,12.03,2.0,,,SCEDC,,A,97,0.22,SCSN
14858764,scedc:14858764,2010-10-11T18:39:21.650000Z,32.93816666666667,-116.28033333333332,6.54,2.0,,,SCEDC,,A,58,0.21,SCSN
14858972,scedc:14858972,2010-10-12T02:34:26.630000Z,33.689,-117.5275,5.09,2.0,,,SCEDC,,C,55,0.25,SCSN
14859228,scedc:14859228,2010-10-12T15:29:16.720000Z,33.7965,-116.91233333333334,12.98,2.0,,,SCEDC,,A,81,0.21,SCSN
14859364,scedc:14859364,2010-10-12T22:24:13.780000Z,35.9625,-117.66266666666668,1.9,3.1,,,SCEDC,,A,60,0.15,SCSN
14859372,scedc:14859372,2010-10-12T22:29:29.510000Z,33.36566666666667,-116.76616666666666,8.66,2.5,,,SCEDC,,A,93,0.24,SCSN
14859404,scedc:14859404,2010-10-12T23:02:27.570000Z,35.961666666666666,-117.663,1.44,2.6,,,SCEDC,,A,49,0.19,SCSN
14859452,scedc:14859452,2010-10-12T23:45:18.280000Z,35.96333333333333,-117.657,1.58,2.7,,,SCEDC,,A,44,0.18,SCSN
14859508,scedc:14859508,2010-10-13T02:09:11.190000Z,36.084833333333336,-117.85516666666666,2.11,2.2,,,SCEDC,,A,36,0.22,SCSN
14859836,scedc:14859836,2010-10-13T12:07:29.160000Z,32.759,-116.05016666666668,7.55,3.0,,,SCEDC,,A,51,0.27,SCSN
14859860,scedc:14859860,2010-10-13T12:44:22.200000Z,32.76383333333333,-116.04233333333332,8.69,2.0,,,SCEDC,,A,33,0.22,SCSN
14860060,scedc:14860060,2010-10-13T17:02:04.910000Z,32.64333333333333,-115.67433333333334,11.91,2.3,,,SCEDC,,A,29,0.25,SCSN
14860244,scedc:14860244,2010-10-13T21:55:04.710000Z,33.32366666666667,-116.39716666666666,8.21,2.0,,,SCEDC,,A,65,0.21,SCSN
14860292,scedc:14860292,2010-10-13T22:39:01.930000Z,32.58533333333333,-115.73383333333334,3.28,2.2,,,SCEDC,,A,32,0.22,SCSN
14860436,scedc:14860436,2010-10-14T00:44:51.510000Z,32.58416666666667,-115.72633333333332,3.98,2.2,,,SCEDC,,A,30,0.22,SCSN
14860804,scedc:14860804,2010-10-14T16:35:27.920000Z,34.578,-116.242,7.11,2.2,,,SCEDC,,A,39,0.11,SCSN
14860956,scedc:14860956,2010-10-14T21:09:58.340000Z,32.79833333333333,-115.4545,9.68,2.7,,,SCEDC,,A,36,0.21,SCSN
14860972,scedc:14860972,2010-10-14T21:12:39.160000Z,32.79216666666667,-115.46033333333334,18.84,2.5,,,SCEDC,,A,38,0.27,SCSN
14861132,scedc:14861132,2010-10-15T01:57:22.350000Z,33.707,-116.77583333333334,16.16,2.2,,,SCEDC,,A,90,0.25,SCSN
14861428,scedc:14861428,2010-10-15T15:24:37.860000Z,32.785666666666664,-115.44933333333331,15.2,2.0,,,SCEDC,,B,27,0.32,SCSN
14861484,scedc:14861484,2010-10-15T17:52:41.420000Z,32.62016666666667,-115.788,4.76,2.6,,,SCEDC,,A,48,0.23,SCSN
14861692,scedc:14861692,2010-10-16T03:57:50.190000Z,34.0105,-116.85883333333334,17.98,2.4,,,SCEDC,,A,90,0.18,SCSN
14861884,scedc:14861884,2010-10-16T14:05:35.270000Z,33.00366666666667,-116.463,8.05,2.3,,,SCEDC,,A,67,0.2,SCSN
14861956,scedc:14861956,2010-10-16T18:39:53.800000Z,33.491166666666665,-118.39416666666666,6.84,2.1,,,SCEDC,,C,41,0.31,SCSN
14862692,scedc:14862692,2010-10-18T05:18:11.940000Z,33.3265,-116.402,9.01,2.1,,,SCEDC,,A,81,0.24,SCSN
36880679,scedc:36880679,2010-10-18T11:42:00.240000Z,32.59,-115.74216666666666,5.63,2.5,,,SCEDC,,C,9,0.14,SCSN
14863044,scedc:14863044,2010-10-18T17:14:34.080000Z,32.94416666666667,-115.53116666666666,14.54,2.0,,,SCEDC,,A,29,0.2,SCSN
14863204,scedc:14863204,2010-10-19T00:04:02.490000Z,33.18483333333333,-115.604,1.68,2.7,,,SCEDC,,A,75,0.26,SCSN
14863564,scedc:14863564,2010-10-19T08:55:39.890000Z,35.312,-120.311,8.12,3.0,,,SCEDC,,C,16,0.29,SCSN
14865476,scedc:14865476,2010-10-20T18:48:12.460000Z,32.86633333333333,-115.988,7.56,2.1,,,SCEDC,,A,56,0.27,SCSN
10823973,scedc:10823973,2010-10-21T20:17:25.320000Z,34.49133333333333,-115.58266666666668,4.96,2.1,,,SCEDC,,C,25,0.18,SCSN
10824013,scedc:10824013,2010-10-21T21:37:52.120000Z,34.746833333333335,-116.3385,0.88,2.2,,,SCEDC,,A,42,0.16,SCSN
10824229,scedc:10824229,2010-10-22T11:35:50.370000Z,34.0505,-118.92016666666666,3.19,2.1,,,SCEDC,,A,37,0.31,SCSN
10824453,scedc:10824453,2010-10-22T20:39:52.840000Z,36.12316666666667,-117.64983333333332,1.87,2.2,,,SCEDC,,A,33,0.22,SCSN
10824541,scedc:10824541,2010-10-23T02:52:08.620000Z,33.99066666666667,-117.189,9.03,2.2,,,SCEDC,,A,78,0.14,SCSN
10824621,scedc:10824621,2010-10-23T05:00:17.180000Z,33.9895,-117.19083333333332,9.03,2.1,,,SCEDC,,A,83,0.14,SCSN
10824741,scedc:10824741,2010-10-23T08:55:41.530000Z,35.965833333333336,-117.66233333333334,1.92,2.6,,,SCEDC,,A,39,0.18,SCSN
10825117,scedc:10825117,2010-10-23T20:42:29.070000Z,32.65533333333333,-115.66466666666666,13.44,2.5,,,SCEDC,,A,52,0.3,SCSN
10825389,scedc:10825389,2010-10-24T05:30:37.550000Z,33.4635,-116.47116666666666,3.83,2.3,,,SCEDC,,A,87,0.23,SCSN
10825413,scedc:10825413,2010-10-24T06:25:44.500000Z,32.696333333333335,-115.92883333333332,4.98,2.1,,,SCEDC,,A,38,0.28,SCSN
10825437,scedc:10825437,2010-10-24T08:31:06.900000Z,36.128166666666665,-117.83783333333334,7.33,2.9,,,SCEDC,,A,39,0.19,SCSN
36881399,scedc:36881399,2010-10-24T08:31:09.860000Z,36.12466666666667,-117.84466666666668,4.11,2.9,,,SCEDC,,C,13,0.14,SCSN
10825517,scedc:10825517,2010-10-24T09:06:52.090000Z,36.1275,-117.83583333333333,7.48,2.6,,,SCEDC,,A,43,0.19,SCSN
10825541,scedc:10825541,2010-10-24T09:20:18.310000Z,36.12833333333333,-117.83333333333331,8.27,2.1,,,SCEDC,,A,32,0.16,SCSN
10825733,scedc:10825733,2010-10-24T17:39:40.400000Z,32.596,-115.76233333333332,11.68,2.9,,,SCEDC,,A,67,0.34,SCSN
10825829,scedc:10825829,2010-10-24T18:27:57.890000Z,34.299,-116.43633333333334,1.24,2.2,,,SCEDC,,C,60,0.23,SCSN
10826037,scedc:10826037,2010-10-25T04:48:59.550000Z,34.30916666666667,-116.44166666666666,9.35,2.4,,,SCEDC,,A,36,0.12,SCSN
10826125,scedc:10826125,2010-10-25T08:07:39.660000Z,32.680166666666665,-115.8715,4.91,2.0,,,SCEDC,,A,31,0.21,SCSN
10826213,scedc:10826213,2010-10-25T12:33:28.400000Z,33.996833333333335,-117.00616666666669,15.45,2.2,,,SCEDC,,A,72,0.16,SCSN
10826277,scedc:10826277,2010-10-25T13:45:36.480000Z,35.068,-118.97883333333333,16.47,3.7,,,SCEDC,,A,84,0.41,SCSN
10826477,scedc:10826477,2010-10-25T21:19:53.610000Z,32.69433333333333,-115.76466666666668,5.07,2.1,,,SCEDC,,A,28,0.23,SCSN
10826501,scedc:10826501,2010-10-25T22:07:25.800000Z,32.7345,-115.99,4.68,2.2,,,SCEDC,,A,36,0.26,SCSN
10826813,scedc:10826813,2010-10-26T12:51:11.890000Z,32.656166666666664,-115.9665,4.14,2.0,,,SCEDC,,A,26,0.24,SCSN
10826845,scedc:10826845,2010-10-26T13:31:10.790000Z,33.33716666666667,-116.38883333333334,6.76,2.0,,,SCEDC,,A,50,0.22,SCSN
10827021,scedc:10827021,2010-10-27T00:20:37.880000Z,33.839,-116.77266666666668,8.97,2.1,,,SCEDC,,C,98,0.36,SCSN
10827485,scedc:10827485,2010-10-27T16:28:30.290000Z,33.37916666666667,-116.41983333333332,10.51,2.2,,,SCEDC,,A,94,0.27,SCSN
14870548,scedc:14870548,2010-10-29T08:22:23.820000Z,36.12016666666667,-117.665,0.24,2.7,,,SCEDC,,A,41,0.17,SCSN
14870724,scedc:14870724,2010-10-29T15:47:34.460000Z,36.03566666666666,-117.77433333333332,0.57,2.8,,,SCEDC,,A,32,0.18,SCSN
14870756,scedc:14870756,2010-10-29T15:53:50.650000Z,36.03783333333333,-117.77266666666668,0.59,2.6,,,SCEDC,,A,33,0.18,SCSN
14870876,scedc:14870876,2010-10-29T18:37:12.390000Z,32.83283333333333,-115.95166666666668,9.39,3.0,,,SCEDC,,A,58,0.3,SCSN
14870924,scedc:14870924,2010-10-29T20:13:11.590000Z,34.3165,-116.85516666666666,2.02,2.5,,,SCEDC,,A,77,0.17,SCSN
14871220,scedc:14871220,2010-10-30T10:53:12.910000Z,34.8585,-116.39283333333331,5.25,2.7,,,SCEDC,,A,30,0.15,SCSN
14871300,scedc:14871300,2010-10-30T13:20:25.760000Z,34.52633333333333,-118.83633333333331,15.72,2.0,,,SCEDC,,A,36,0.34,SCSN
14871492,scedc:14871492,2010-10-31T00:42:35.420000Z,34.992,-116.949,7.46,3.1,,,SCEDC,,A,97,0.14,SCSN
14871636,scedc:14871636,2010-10-31T06:39:50.590000Z,32.646,-116.1385,9.08,2.7,,,SCEDC,,A,78,0.23,SCSN
14871668,scedc:14871668,2010-10-31T09:00:21.270000Z,33.002,-116.46133333333331,6.68,2.3,,,SCEDC,,B,60,0.18,SCSN
14871780,scedc:14871780,2010-10-31T11:28:28.760000Z,33.39066666666667,-118.01233333333332,2.73,2.6,,,SCEDC,,A,52,0.23,SCSN
14872324,scedc:14872324,2010-11-01T15:56:01.570000Z,35.247166666666665,-119.409,16.55,2.1,,,SCEDC,,A,30,0.24,SCSN
14872852,scedc:14872852,2010-11-02T10:20:03.710000Z,32.6455,-116.13983333333331,8.73,2.5,,,SCEDC,,A,89,0.23,SCSN
14872940,scedc:14872940,2010-11-02T14:09:14.990000Z,32.872166666666665,-116.20183333333334,5.21,2.0,,,SCEDC,,B,45,0.22,SCSN
14873028,scedc:14873028,2010-11-02T17:57:41.640000Z,34.86333333333333,-116.3935,3.13,2.6,,,SCEDC,,A,40,0.17,SCSN
14873412,scedc:14873412,2010-11-03T10:44:36.920000Z,32.87083333333333,-116.20383333333334,5.19,2.2,,,SCEDC,,A,76,0.26,SCSN
14873452,scedc:14873452,2010-11-03T11:34:07.400000Z,34.70066666666666,-116.30116666666666,0.88,2.0,,,SCEDC,,A,38,0.23,SCSN
10169558,scedc:10169558,2010-11-03T11:52:13.010000Z,34.70816666666666,-116.28833333333333,4.62,2.5,,,SCEDC,,C,25,0.31,SCSN
14873708,scedc:14873708,2010-11-03T21:05:06.580000Z,33.68716666666667,-118.14783333333334,4.79,2.1,,,SCEDC,,C,18,0.11,SCSN
14873812,scedc:14873812,2010-11-04T00:11:05.600000Z,34.000166666666665,-116.76683333333334,19.2,2.1,,,SCEDC,,A,52,0.11,SCSN
14874036,scedc:14874036,2010-11-04T04:42:56.750000Z,35.8025,-118.04416666666668,8.98,2.1,,,SCEDC,,A,40,0.16,SCSN
14874284,scedc:14874284,2010-11-04T12:12:57.730000Z,33.159333333333336,-115.6355,4.98,2.2,,,SCEDC,,A,74,0.23,SCSN
14874468,scedc:14874468,2010-11-04T15:41:28.630000Z,32.86933333333333,-116.20533333333331,4.17,2.7,,,SCEDC,,A,97,0.27,SCSN
10832845,scedc:10832845,2010-11-05T01:26:15.960000Z,34.698,-116.301,0.98,2.3,,,SCEDC,,A,41,0.16,SCSN
10833197,scedc:10833197,2010-11-05T10:07:09.490000Z,34.30133333333333,-116.4555,4.13,2.2,,,SCEDC,,C,94,0.17,SCSN
10833461,scedc:10833461,2010-11-05T18:57:45.080000Z,33.75366666666667,-118.1575,19.53,2.1,,,SCEDC,,A,39,0.22,SCSN
10169662,scedc:10169662,2010-11-06T05:54:10.490000Z,34.687,-116.28,4.62,2.2,,,SCEDC,,C,26,0.18,SCSN
10834069,scedc:10834069,2010-11-06T18:27:20.820000Z,32.95133333333333,-115.55883333333334,15.03,2.0,,,SCEDC,,A,45,0.22,SCSN
10834677,scedc:10834677,2010-11-07T04:25:57.760000Z,35.25483333333333,-119.40433333333333,16.84,2.1,,,SCEDC,,A,31,0.25,SCSN
10834685,scedc:10834685,2010-11-07T04:43:41.600000Z,35.247,-119.40016666666666,17.54,2.2,,,SCEDC,,A,45,0.2,SCSN
10834845,scedc:10834845,2010-11-07T08:00:16.020000Z,36.040333333333336,-117.77433333333332,0.96,2.4,,,SCEDC,,A,37,0.16,SCSN
10834877,scedc:10834877,2010-11-07T08:31:54.260000Z,32.86233333333333,-116.004,6.27,2.0,,,SCEDC,,A,41,0.24,SCSN
10835005,scedc:10835005,2010-11-07T14:30:12.330000Z,32.9985,-116.34883333333332,7.74,2.2,,,SCEDC,,A,70,0.2,SCSN
10835413,scedc:10835413,2010-11-08T04:51:18.370000Z,34.7795,-116.28533333333333,2.36,2.5,,,SCEDC,,A,33,0.14,SCSN
10835437,scedc:10835437,2010-11-08T05:42:19.410000Z,33.472833333333334,-116.51616666666666,11.2,2.2,,,SCEDC,,A,51,0.18,SCSN
10835661,scedc:10835661,2010-11-08T16:20:22.750000Z,34.05616666666667,-118.94366666666669,14.21,2.2,,,SCEDC,,A,40,0.27,SCSN
10836333,scedc:10836333,2010-11-09T18:02:43.420000Z,33.762166666666666,-116.15116666666668,5.91,2.6,,,SCEDC,,A,66,0.16,SCSN
10836477,scedc:10836477,2010-11-09T23:06:51.360000Z,33.75816666666667,-116.14716666666666,6.52,2.3,,,SCEDC,,A,64,0.17,SCSN
10836541,scedc:10836541,2010-11-10T01:03:28.900000Z,34.034166666666664,-116.8515,11.03,2.1,,,SCEDC,,A,73,0.13,SCSN
10836685,scedc:10836685,2010-11-10T07:44:37.170000Z,32.869166666666665,-116.20633333333332,5.04,2.4,,,SCEDC,,C,59,0.23,SCSN
10836733,scedc:10836733,2010-11-10T09:10:17.340000Z,32.86933333333333,-116.20466666666668,5.03,2.0,,,SCEDC,,C,61,0.26,SCSN
10837205,scedc:10837205,2010-11-11T11:27:44.770000Z,33.839666666666666,-118.4435,16.7,2.0,,,SCEDC,,A,32,0.16,SCSN
10837221,scedc:10837221,2010-11-11T12:17:11.760000Z,32.66983333333334,-115.94533333333334,5.24,2.1,,,SCEDC,,A,34,0.23,SCSN
10837237,scedc:10837237,2010-11-11T13:07:06.780000Z,32.669333333333334,-115.94516666666668,5.36,2.0,,,SCEDC,,A,34,0.22,SCSN
10837717,scedc:10837717,2010-11-12T11:33:07.230000Z,33.165,-115.64433333333334,2.7,2.1,,,SCEDC,,A,49,0.22,SCSN
10837741,scedc:10837741,2010-11-12T11:34:46.420000Z,33.159666666666666,-115.64666666666666,3.31,2.8,,,SCEDC,,A,75,0.21,SCSN
10838133,scedc:10838133,2010-11-12T21:48:48.670000Z,32.996833333333335,-116.34516666666669,10.13,2.0,,,SCEDC,,A,89,0.21,SCSN
10838277,scedc:10838277,2010-11-13T07:01:25.050000Z,32.69616666666667,-115.92366666666666,3.96,2.1,,,SCEDC,,A,54,0.17,SCSN
10838397,scedc:10838397,2010-11-13T12:22:47.490000Z,32.84316666666667,-116.17433333333334,7.41,2.3,,,SCEDC,,B,54,0.19,SCSN
10839053,scedc:10839053,2010-11-15T01:10:16.760000Z,34.025666666666666,-117.56033333333332,7.85,2.3,,,SCEDC,,A,86,0.21,SCSN
10839325,scedc:10839325,2010-11-15T11:41:24.920000Z,34.57266666666666,-119.01283333333332,1.54,2.3,,,SCEDC,,A,48,0.36,SCSN
10839685,scedc:10839685,2010-11-16T06:41:20.970000Z,34.301833333333335,-118.697,4.46,2.2,,,SCEDC,,A,62,0.25,SCSN
10839693,scedc:10839693,2010-11-16T06:43:53.460000Z,35.730333333333334,-116.23816666666669,4.54,2.1,,,SCEDC,,C,24,0.13,SCSN
10840133,scedc:10840133,2010-11-16T19:53:12.290000Z,34.127,-117.43916666666668,6.02,2.2,,,SCEDC,,B,73,0.26,SCSN
10840421,scedc:10840421,2010-11-17T03:53:58.720000Z,33.463,-116.46966666666668,6.1,2.1,,,SCEDC,,A,79,0.2,SCSN
10840437,scedc:10840437,2010-11-17T04:46:46.500000Z,32.68933333333333,-115.91266666666668,3.57,2.2,,,SCEDC,,A,43,0.27,SCSN
14883052,scedc:14883052,2010-11-17T19:48:03.470000Z,34.06466666666667,-119.47633333333332,19.36,2.0,,,SCEDC,,A,31,0.27,SCSN
14883196,scedc:14883196,2010-11-17T23:58:42.940000Z,33.00366666666667,-116.4665,4.7,3.7,,,SCEDC,,C,96,0.23,SCSN
14883220,scedc:14883220,2010-11-18T01:38:30.520000Z,33.970333333333336,-116.57966666666668,12.1,2.9,,,SCEDC,,A,80,0.14,SCSN
14883228,scedc:14883228,2010-11-18T02:15:19.910000Z,33.004666666666665,-116.45833333333331,6.38,2.6,,,SCEDC,,C,58,0.2,SCSN
14883292,scedc:14883292,2010-11-18T03:52:06.100000Z,33.00083333333333,-116.462,5.58,2.6,,,SCEDC,,C,67,0.21,SCSN
14883364,scedc:14883364,2010-11-18T08:22:47.890000Z,34.704166666666666,-116.2885,3.8,2.4,,,SCEDC,,A,28,0.15,SCSN
14883668,scedc:14883668,2010-11-18T22:28:43.820000Z,32.8655,-116.22783333333334,9.24,2.0,,,SCEDC,,A,39,0.25,SCSN
14884228,scedc:14884228,2010-11-20T05:10:15.730000Z,33.99766666666667,-118.38716666666669,13.01,2.0,,,SCEDC,,A,56,0.17,SCSN
14884748,scedc:14884748,2010-11-21T18:02:44.800000Z,33.6965,-116.73,17.92,2.3,,,SCEDC,,A,66,0.22,SCSN
14884780,scedc:14884780,2010-11-21T20:24:08.430000Z,32.66,-115.969,5.4,2.1,,,SCEDC,,A,30,0.24,SCSN
14885180,scedc:14885180,2010-11-23T01:45:41.150000Z,33.002,-116.46016666666668,6.42,2.0,,,SCEDC,,C,56,0.19,SCSN
14885804,scedc:14885804,2010-11-24T16:33:05.300000Z,32.86866666666667,-116.197,5.04,2.0,,,SCEDC,,B,57,0.17,SCSN
14886020,scedc:14886020,2010-11-25T04:01:15.650000Z,36.0355,-117.781,1.17,3.7,,,SCEDC,,A,69,0.18,SCSN
14886124,scedc:14886124,2010-11-25T04:58:41.300000Z,33.57533333333333,-117.22266666666668,13.02,2.0,,,SCEDC,,A,84,0.18,SCSN
14886140,scedc:14886140,2010-11-25T05:04:35.470000Z,36.032833333333336,-117.78133333333334,1.3,2.7,,,SCEDC,,A,54,0.18,SCSN
14886276,scedc:14886276,2010-11-25T09:51:23.290000Z,35.11533333333333,-118.61033333333332,1.1,2.6,,,SCEDC,,A,78,0.17,SCSN
14886572,scedc:14886572,2010-11-26T03:36:58.940000Z,33.80983333333333,-118.39033333333332,10.17,2.3,,,SCEDC,,A,66,0.32,SCSN
14887572,scedc:14887572,2010-11-28T13:29:46.960000Z,34.139833333333335,-118.816,11.2,2.5,,,SCEDC,,A,48,0.23,SCSN
14888780,scedc:14888780,2010-12-01T12:16:14.830000Z,35.960166666666666,-117.67,1.19,2.7,,,SCEDC,,A,41,0.19,SCSN
14889364,scedc:14889364,2010-12-01T19:49:37.640000Z,34.02766666666667,-116.81466666666668,8.79,2.3,,,SCEDC,,A,69,0.14,SCSN
14889484,scedc:14889484,2010-12-01T20:53:10.450000Z,35.96366666666667,-117.66383333333332,1.65,3.3,,,SCEDC,,A,45,0.22,SCSN
14889492,scedc:14889492,2010-12-01T20:53:36.980000Z,35.96333333333333,-117.66266666666668,1.52,3.0,,,SCEDC,,A,39,0.15,SCSN
14890284,scedc:14890284,2010-12-02T11:02:13.800000Z,32.99783333333333,-116.35066666666668,5.76,2.4,,,SCEDC,,C,88,0.24,SCSN
14890996,scedc:14890996,2010-12-03T01:45:34.850000Z,33.4935,-116.492,12.78,2.2,,,SCEDC,,A,88,0.21,SCSN
14891004,scedc:14891004,2010-12-03T02:25:14.880000Z,32.759166666666665,-116.0445,6.28,2.5,,,SCEDC,,B,50,0.26,SCSN
14891044,scedc:14891044,2010-12-03T04:10:16.300000Z,33.49016666666667,-116.49316666666668,12.84,2.3,,,SCEDC,,A,89,0.2,SCSN
14891748,scedc:14891748,2010-12-04T04:57:28.050000Z,34.303,-118.47883333333333,7.38,2.2,,,SCEDC,,A,52,0.25,SCSN
36903639,scedc:36903639,2010-12-04T04:57:40.580000Z,34.30433333333333,-118.51316666666666,9.41,2.0,,,SCEDC,,A,15,0.21,SCSN
14891924,scedc:14891924,2010-12-04T13:01:15.310000Z,33.46633333333333,-116.40133333333333,7.85,2.1,,,SCEDC,,A,86,0.23,SCSN
14891956,scedc:14891956,2010-12-04T14:52:55.810000Z,33.849,-117.07816666666666,16.16,2.2,,,SCEDC,,A,91,0.2,SCSN
14892156,scedc:14892156,2010-12-05T01:30:51.250000Z,34.4025,-119.41666666666669,2.79,2.2,,,SCEDC,,A,42,0.45,SCSN
14892284,scedc:14892284,2010-12-05T14:06:19.530000Z,34.36066666666667,-118.42033333333332,8.94,2.0,,,SCEDC,,A,51,0.2,SCSN
14892484,scedc:14892484,2010-12-05T22:33:38.010000Z,33.4925,-118.28,17.24,2.5,,,SCEDC,,C,39,0.59,SCSN
14893068,scedc:14893068,2010-12-07T02:07:30.960000Z,33.3765,-118.00933333333332,9.51,2.1,,,SCEDC,,C,8,0.2,SCSN
14893484,scedc:14893484,2010-12-07T23:32:40.310000Z,32.830666666666666,-116.20633333333332,9.55,2.4,,,SCEDC,,A,48,0.21,SCSN
14894284,scedc:14894284,2010-12-09T07:48:22.860000Z,33.73266666666667,-116.052,5.18,2.8,,,SCEDC,,C,96,0.16,SCSN
14894468,scedc:14894468,2010-12-09T11:26:56.550000Z,34.64383333333333,-116.535,3.33,2.2,,,SCEDC,,A,40,0.13,SCSN
14894676,scedc:14894676,2010-12-09T20:01:38.430000Z,33.2745,-116.4535,2.46,2.1,,,SCEDC,,A,97,0.26,SCSN
14895396,scedc:14895396,2010-12-11T03:22:55.970000Z,32.9125,-116.24466666666666,8.23,2.0,,,SCEDC,,A,57,0.25,SCSN
14896156,scedc:14896156,2010-12-12T10:57:06.200000Z,33.14083333333333,-116.466,5.19,2.3,,,SCEDC,,C,93,0.23,SCSN
14896540,scedc:14896540,2010-12-13T03:55:01.070000Z,34.4755,-116.23516666666669,6.18,2.0,,,SCEDC,,B,34,0.12,SCSN
14896756,scedc:14896756,2010-12-13T09:08:18.090000Z,33.03366666666667,-115.54633333333334,9.78,2.1,,,SCEDC,,A,51,0.21,SCSN
14896844,scedc:14896844,2010-12-13T11:18:16.920000Z,33.0325,-115.5435,8.37,2.0,,,SCEDC,,A,50,0.18,SCSN
14896852,scedc:14896852,2010-12-13T11:22:43.770000Z,33.029666666666664,-115.54066666666668,7.91,2.1,,,SCEDC,,A,43,0.16,SCSN
14896924,scedc:14896924,2010-12-13T12:30:33.140000Z,33.026,-115.54133333333333,6.08,2.2,,,SCEDC,,B,32,0.17,SCSN
14896932,scedc:14896932,2010-12-13T12:37:49.130000Z,33.027,-115.54016666666666,9.48,2.0,,,SCEDC,,A,52,0.18,SCSN
14897004,scedc:14897004,2010-12-13T14:02:12.790000Z,33.021,-115.5415,7.72,2.0,,,SCEDC,,A,45,0.19,SCSN
14897164,scedc:14897164,2010-12-13T18:14:11.880000Z,33.016333333333336,-116.36116666666666,10.4,2.2,,,SCEDC,,A,76,0.23,SCSN
14897948,scedc:14897948,2010-12-14T16:26:44.640000Z,34.31366666666667,-116.97383333333332,9.29,2.0,,,SCEDC,,A,71,0.14,SCSN
14898044,scedc:14898044,2010-12-14T19:30:31.890000Z,33.2235,-116.75533333333334,7.72,2.0,,,SCEDC,,A,74,0.22,SCSN
14898492,scedc:14898492,2010-12-15T09:49:47.060000Z,32.901,-116.2205,5.76,2.0,,,SCEDC,,A,50,0.23,SCSN
14898572,scedc:14898572,2010-12-15T14:03:58.790000Z,33.974666666666664,-116.43833333333332,7.66,2.0,,,SCEDC,,A,52,0.12,SCSN
14898692,scedc:14898692,2010-12-15T15:27:47.260000Z,33.02633333333333,-115.5475,10.64,3.3,,,SCEDC,,A,65,0.18,SCSN
14898700,scedc:14898700,2010-12-15T15:30:41.680000Z,33.0265,-115.54716666666668,10.49,2.2,,,SCEDC,,A,29,0.21,SCSN
14898732,scedc:14898732,2010-12-15T15:36:39.710000Z,33.022166666666664,-115.5415,9.93,2.2,,,SCEDC,,A,32,0.13,SCSN
14898764,scedc:14898764,2010-12-15T15:37:18.340000Z,33.02166666666667,-115.55083333333332,10.22,2.3,,,SCEDC,,A,37,0.15,SCSN
36905839,scedc:36905839,2010-12-15T18:59:14.020000Z,33.0225,-115.54866666666666,9.3,2.0,,,SCEDC,,A,26,0.15,SCSN
14898924,scedc:14898924,2010-12-15T18:59:14.760000Z,33.02316666666667,-115.5395,10.06,3.7,,,SCEDC,,A,63,0.18,SCSN
36905919,scedc:36905919,2010-12-15T19:00:17.630000Z,33.06883333333333,-115.56183333333334,0.24,2.0,,,SCEDC,,C,11,0.12,SCSN
14898940,scedc:14898940,2010-12-15T19:00:20.210000Z,33.023666666666664,-115.53233333333333,7.73,2.9,,,SCEDC,,B,24,0.19,SCSN
14898948,scedc:14898948,2010-12-15T19:01:09.780000Z,33.013666666666666,-115.55066666666669,8.18,2.4,,,SCEDC,,A,34,0.11,SCSN
14898988,scedc:14898988,2010-12-15T19:14:49.670000Z,33.026,-115.53783333333334,9.66,2.1,,,SCEDC,,A,39,0.16,SCSN
14899004,scedc:14899004,2010-12-15T19:20:47.020000Z,33.01983333333333,-115.54683333333334,10.0,2.7,,,SCEDC,,A,43,0.19,SCSN
14899068,scedc:14899068,2010-12-15T19:33:41.600000Z,33.027,-115.54083333333334,13.27,3.4,,,SCEDC,,A,40,0.21,SCSN
14899076,scedc:14899076,2010-12-15T19:35:03.800000Z,33.019666666666666,-115.54533333333332,11.19,3.9,,,SCEDC,,A,53,0.18,SCSN
14899116,scedc:14899116,2010-12-15T19:38:40.600000Z,33.017833333333336,-115.55083333333332,8.49,2.2,,,SCEDC,,A,39,0.13,SCSN
14899124,scedc:14899124,2010-12-15T19:40:24.570000Z,33.022333333333336,-115.545,7.3,2.4,,,SCEDC,,A,38,0.15,SCSN
14899164,scedc:14899164,2010-12-15T19:44:32.710000Z,33.0225,-115.53816666666668,8.06,3.1,,,SCEDC,,A,62,0.17,SCSN
36905879,scedc:36905879,2010-12-15T19:45:19.780000Z,33.01833333333333,-115.553,4.56,2.2,,,SCEDC,,B,18,0.12,SCSN
14899172,scedc:14899172,2010-12-15T19:49:13.480000Z,33.030833333333334,-115.539,8.9,2.2,,,SCEDC,,A,39,0.17,SCSN
14899212,scedc:14899212,2010-12-15T19:58:19.360000Z,33.026833333333336,-115.5415,10.33,2.1,,,SCEDC,,A,40,0.17,SCSN
14899364,scedc:14899364,2010-12-15T20:20:50.200000Z,33.02433333333333,-115.548,9.55,2.1,,,SCEDC,,A,28,0.14,SCSN
14899380,scedc:14899380,2010-12-15T20:29:43.540000Z,33.034,-115.546,9.3,2.5,,,SCEDC,,A,38,0.22,SCSN
14899412,scedc:14899412,2010-12-15T20:32:35.060000Z,33.028666666666666,-115.53816666666668,9.37,2.1,,,SCEDC,,A,28,0.13,SCSN
14899436,scedc:14899436,2010-12-15T20:48:25.020000Z,33.02633333333333,-115.536,10.31,2.9,,,SCEDC,,A,66,0.18,SCSN
14899444,scedc:14899444,2010-12-15T20:50:02.340000Z,33.0295,-115.53683333333332,10.2,2.3,,,SCEDC,,A,47,0.17,SCSN
14899572,scedc:14899572,2010-12-15T21:27:53.170000Z,33.024166666666666,-115.53866666666669,9.59,2.9,,,SCEDC,,A,61,0.16,SCSN
14899612,scedc:14899612,2010-12-15T21:38:01.670000Z,33.0245,-115.55033333333331,10.44,2.1,,,SCEDC,,A,42,0.17,SCSN
14899684,scedc:14899684,2010-12-15T21:55:40.320000Z,33.026,-115.53783333333334,10.79,2.9,,,SCEDC,,A,52,0.16,SCSN
14899700,scedc:14899700,2010-12-15T21:56:59.850000Z,33.02583333333333,-115.53766666666668,9.46,2.4,,,SCEDC,,A,41,0.14,SCSN
14899756,scedc:14899756,2010-12-15T22:10:36.160000Z,33.026666666666664,-115.53783333333334,9.31,2.7,,,SCEDC,,A,47,0.14,SCSN
14900204,scedc:14900204,2010-12-16T06:02:40.200000Z,33.93366666666667,-116.04766666666669,4.78,2.0,,,SCEDC,,A,49,0.2,SCSN
14900300,scedc:14900300,2010-12-16T09:16:16.990000Z,33.038666666666664,-115.54866666666666,7.8,2.1,,,SCEDC,,A,33,0.21,SCSN
14900548,scedc:14900548,2010-12-16T18:52:09.780000Z,33.7155,-116.8195,9.74,2.0,,,SCEDC,,A,84,0.17,SCSN
10858485,scedc:10858485,2010-12-16T19:17:37.300000Z,33.391333333333336,-116.37516666666669,4.23,2.0,,,SCEDC,,C,66,0.26,SCSN
10859029,scedc:10859029,2010-12-18T00:01:15.570000Z,33.38183333333333,-116.7385,4.42,2.0,,,SCEDC,,C,24,0.37,SCSN
10859341,scedc:10859341,2010-12-18T12:01:50.180000Z,33.422333333333334,-118.03066666666666,1.3,2.6,,,SCEDC,,A,28,0.2,SCSN
10860261,scedc:10860261,2010-12-20T12:29:31.970000Z,34.166,-116.951,10.47,2.4,,,SCEDC,,A,97,0.16,SCSN
10860557,scedc:10860557,2010-12-21T11:01:49.630000Z,32.919333333333334,-116.26716666666668,12.39,3.4,,,SCEDC,,A,80,0.29,SCSN
10860581,scedc:10860581,2010-12-21T11:21:21.160000Z,32.920833333333334,-116.2715,10.76,2.2,,,SCEDC,,A,54,0.26,SCSN
10860613,scedc:10860613,2010-12-21T15:05:46.990000Z,33.4155,-116.61266666666668,9.29,2.1,,,SCEDC,,A,57,0.22,SCSN
10860645,scedc:10860645,2010-12-21T16:48:45.240000Z,35.093666666666664,-119.11183333333334,12.59,2.0,,,SCEDC,,A,28,0.31,SCSN
10860669,scedc:10860669,2010-12-21T18:09:01.990000Z,33.6545,-116.75033333333332,13.67,2.3,,,SCEDC,,A,77,0.2,SCSN
10861381,scedc:10861381,2010-12-23T21:05:59.560000Z,34.12283333333333,-117.43516666666666,8.56,2.0,,,SCEDC,,A,96,0.25,SCSN
10862037,scedc:10862037,2010-12-25T20:37:45.130000Z,33.12566666666667,-115.64483333333334,6.47,2.0,,,SCEDC,,A,57,0.2,SCSN
10863333,scedc:10863333,2010-12-28T01:59:08.990000Z,33.19233333333333,-115.61566666666668,3.9,2.2,,,SCEDC,,A,36,0.19,SCSN
10863381,scedc:10863381,2010-12-28T02:25:31.790000Z,33.18983333333333,-115.619,4.12,2.4,,,SCEDC,,A,55,0.15,SCSN
10863853,scedc:10863853,2010-12-28T08:32:41.180000Z,32.557,-117.292,14.75,2.4,,,SCEDC,,A,57,0.15,SCSN
10864597,scedc:10864597,2010-12-30T01:12:06.330000Z,34.26433333333333,-117.08183333333334,5.57,2.2,,,SCEDC,,C,65,0.14,SCSN
10864605,scedc:10864605,2010-12-30T03:40:50.430000Z,33.2755,-116.4535,1.49,2.0,,,SCEDC,,A,66,0.2,SCSN
10864957,scedc:10864957,2010-12-31T06:19:01.260000Z,32.992333333333335,-116.34766666666668,9.82,2.4,,,SCEDC,,A,53,0.17,SCSN
10865293,scedc:10865293,2011-01-01T00:34:10.130000Z,33.159666666666666,-115.6445,1.81,3.5,,,SCEDC,,A,99,0.23,SCSN
10865325,scedc:10865325,2011-01-01T00:41:07.510000Z,33.16116666666667,-115.64016666666669,1.85,2.4,,,SCEDC,,A,42,0.27,SCSN
10865357,scedc:10865357,2011-01-01T00:46:01.400000Z,33.163333333333334,-115.63416666666669,1.13,2.5,,,SCEDC,,A,38,0.29,SCSN
10865389,scedc:10865389,2011-01-01T01:00:46.850000Z,33.1625,-115.6375,1.57,3.2,,,SCEDC,,A,52,0.27,SCSN
10865493,scedc:10865493,2011-01-01T04:18:56.300000Z,32.995,-116.35083333333333,7.3,2.3,,,SCEDC,,C,73,0.23,SCSN
10866733,scedc:10866733,2011-01-03T15:17:33.850000Z,33.275666666666666,-116.4585,1.05,2.3,,,SCEDC,,A,88,0.22,SCSN
10867237,scedc:10867237,2011-01-04T18:10:36.110000Z,33.0265,-115.54883333333332,13.65,2.3,,,SCEDC,,A,57,0.18,SCSN
10868453,scedc:10868453,2011-01-06T09:43:21.540000Z,34.949,-119.2615,12.94,2.1,,,SCEDC,,A,33,0.31,SCSN
10868501,scedc:10868501,2011-01-06T12:47:04.540000Z,32.997166666666665,-116.346,8.87,2.1,,,SCEDC,,A,81,0.24,SCSN
10868693,scedc:10868693,2011-01-06T20:49:25.660000Z,33.0015,-116.3485,7.15,2.0,,,SCEDC,,B,68,0.22,SCSN
10869205,scedc:10869205,2011-01-07T15:23:08.420000Z,34.58283333333333,-116.26533333333332,4.59,2.3,,,SCEDC,,C,73,0.14,SCSN
10869645,scedc:10869645,2011-01-08T06:49:34.670000Z,33.78033333333333,-116.13516666666666,7.23,2.0,,,SCEDC,,A,77,0.15,SCSN
10869805,scedc:10869805,2011-01-08T11:24:21.500000Z,33.78183333333333,-116.14066666666666,8.02,2.6,,,SCEDC,,A,37,0.15,SCSN
10870013,scedc:10870013,2011-01-08T18:34:39.240000Z,35.063833333333335,-117.1695,5.88,2.2,,,SCEDC,,A,30,0.14,SCSN
36911719,scedc:36911719,2011-01-08T18:39:50.180000Z,33.18933333333333,-115.621,0.95,2.3,,,SCEDC,,A,24,0.22,SCSN
10870077,scedc:10870077,2011-01-08T18:40:52.370000Z,33.190666666666665,-115.61483333333334,1.6,2.4,,,SCEDC,,A,26,0.15,SCSN
10870749,scedc:10870749,2011-01-09T00:53:44.770000Z,33.00416666666667,-116.34583333333332,7.37,2.0,,,SCEDC,,C,57,0.26,SCSN
10870757,scedc:10870757,2011-01-09T01:07:57.010000Z,35.77333333333333,-117.66766666666666,4.42,2.1,,,SCEDC,,A,33,0.17,SCSN
10871109,scedc:10871109,2011-01-09T13:45:27.310000Z,32.99883333333333,-116.35166666666667,6.88,2.2,,,SCEDC,,C,67,0.27,SCSN
10871453,scedc:10871453,2011-01-10T01:24:14.550000Z,33.471833333333336,-116.50066666666666,12.96,2.0,,,SCEDC,,A,86,0.23,SCSN
10871685,scedc:10871685,2011-01-10T16:32:02.640000Z,33.22516666666667,-116.76833333333332,11.38,2.3,,,SCEDC,,A,82,0.21,SCSN
10872213,scedc:10872213,2011-01-11T17:08:26.350000Z,33.154833333333336,-116.01133333333334,5.4,2.1,,,SCEDC,,A,50,0.22,SCSN
10872909,scedc:10872909,2011-01-12T21:04:47.270000Z,33.88916666666667,-119.36616666666669,5.32,2.0,,,SCEDC,,C,26,0.27,SCSN
10873029,scedc:10873029,2011-01-12T21:45:53.130000Z,33.00033333333333,-116.347,6.43,2.1,,,SCEDC,,C,70,0.28,SCSN
10874509,scedc:10874509,2011-01-14T16:03:41.730000Z,34.824666666666666,-116.32916666666668,7.29,2.0,,,SCEDC,,A,28,0.14,SCSN
10874989,scedc:10874989,2011-01-15T22:39:08.200000Z,34.32116666666667,-116.63916666666668,3.08,2.7,,,SCEDC,,A,76,0.15,SCSN
10875005,scedc:10875005,2011-01-15T23:26:55.050000Z,32.993,-116.3455,9.21,2.1,,,SCEDC,,A,56,0.2,SCSN
10875565,scedc:10875565,2011-01-17T10:32:12.870000Z,32.99916666666667,-116.3555,5.81,2.6,,,SCEDC,,C,89,0.24,SCSN
10875733,scedc:10875733,2011-01-18T01:29:17.120000Z,33.254666666666665,-116.03166666666668,4.35,2.1,,,SCEDC,,A,64,0.24,SCSN
10876093,scedc:10876093,2011-01-18T22:29:35.280000Z,35.06033333333333,-117.17033333333332,6.53,2.3,,,SCEDC,,A,43,0.17,SCSN
10876541,scedc:10876541,2011-01-19T20:38:34.500000Z,33.42,-116.385,13.32,2.4,,,SCEDC,,A,72,0.23,SCSN
10877309,scedc:10877309,2011-01-20T19:15:57.350000Z,34.859833333333334,-116.394,3.61,2.1,,,SCEDC,,A,37,0.15,SCSN
14920236,scedc:14920236,2011-01-21T22:11:21.260000Z,32.79233333333333,-116.06266666666669,12.84,2.4,,,SCEDC,,A,82,0.22,SCSN
14920596,scedc:14920596,2011-01-22T21:04:37.320000Z,33.47866666666667,-116.57983333333334,6.75,2.0,,,SCEDC,,A,91,0.22,SCSN
14921316,scedc:14921316,2011-01-24T08:53:38.880000Z,34.5975,-116.634,6.83,2.2,,,SCEDC,,A,85,0.15,SCSN
14921428,scedc:14921428,2011-01-24T15:02:21.550000Z,33.907666666666664,-117.80666666666669,5.31,2.2,,,SCEDC,,A,95,0.18,SCSN
14921460,scedc:14921460,2011-01-24T16:11:16.590000Z,33.79183333333334,-118.481,14.8,2.2,,,SCEDC,,B,45,0.33,SCSN
14921468,scedc:14921468,2011-01-24T16:55:13.830000Z,35.970333333333336,-117.65983333333334,1.55,2.6,,,SCEDC,,A,46,0.24,SCSN
14921628,scedc:14921628,2011-01-24T18:28:28.310000Z,34.92066666666667,-119.12666666666668,2.82,2.3,,,SCEDC,,A,48,0.37,SCSN
14922468,scedc:14922468,2011-01-25T22:40:06.910000Z,34.338166666666666,-116.45316666666666,3.57,2.5,,,SCEDC,,A,61,0.17,SCSN
14922476,scedc:14922476,2011-01-25T22:42:10.330000Z,34.339333333333336,-116.455,3.24,2.0,,,SCEDC,,A,40,0.17,SCSN
14922492,scedc:14922492,2011-01-25T22:46:11.110000Z,34.339,-116.45483333333334,3.23,2.0,,,SCEDC,,A,50,0.1,SCSN
14922756,scedc:14922756,2011-01-26T04:52:48.930000Z,34.334833333333336,-116.4575,4.06,2.0,,,SCEDC,,A,53,0.18,SCSN
14922948,scedc:14922948,2011-01-26T14:17:44.150000Z,34.304833333333335,-116.135,2.92,2.1,,,SCEDC,,A,59,0.18,SCSN
14923604,scedc:14923604,2011-01-27T12:44:32.410000Z,32.9995,-116.34733333333334,8.59,2.0,,,SCEDC,,A,77,0.22,SCSN
14923668,scedc:14923668,2011-01-27T15:29:46.230000Z,35.079,-118.98466666666668,19.31,3.2,,,SCEDC,,A,68,0.32,SCSN
14923956,scedc:14923956,2011-01-28T06:10:51.200000Z,33.4445,-118.02683333333331,5.38,2.3,,,SCEDC,,C,30,0.2,SCSN
14924188,scedc:14924188,2011-01-28T15:04:30.740000Z,33.45883333333333,-118.02516666666666,4.37,2.5,,,SCEDC,,A,25,0.2,SCSN
14924804,scedc:14924804,2011-01-29T18:52:08.800000Z,33.94,-116.64583333333331,11.78,2.1,,,SCEDC,,A,91,0.17,SCSN
14924836,scedc:14924836,2011-01-29T20:55:16.420000Z,34.266333333333336,-116.972,6.64,2.0,,,SCEDC,,A,89,0.17,SCSN
14926388,scedc:14926388,2011-02-01T00:48:18.120000Z,32.992333333333335,-116.34666666666666,8.72,2.2,,,SCEDC,,A,69,0.19,SCSN
14926396,scedc:14926396,2011-02-01T01:22:48.340000Z,33.92733333333334,-116.90233333333332,7.39,2.1,,,SCEDC,,A,86,0.18,SCSN
14926572,scedc:14926572,2011-02-01T11:21:29.060000Z,32.852333333333334,-116.00316666666669,12.84,2.4,,,SCEDC,,A,49,0.27,SCSN
14926620,scedc:14926620,2011-02-01T13:10:01.600000Z,34.683166666666665,-116.31283333333332,3.9,2.0,,,SCEDC,,A,32,0.12,SCSN
14926668,scedc:14926668,2011-02-01T16:17:46.540000Z,33.47716666666667,-118.02783333333332,3.69,2.5,,,SCEDC,,C,37,0.33,SCSN
14927540,scedc:14927540,2011-02-02T17:15:14.400000Z,33.647166666666664,-116.71683333333333,14.74,2.1,,,SCEDC,,A,35,0.12,SCSN
14927556,scedc:14927556,2011-02-02T17:15:26.780000Z,33.639,-116.72016666666669,12.24,2.9,,,SCEDC,,A,50,0.16,SCSN
14928204,scedc:14928204,2011-02-03T05:39:32.090000Z,33.8125,-118.45333333333332,13.0,2.2,,,SCEDC,,A,36,0.26,SCSN
14929212,scedc:14929212,2011-02-04T03:44:17.840000Z,32.995,-116.35083333333333,5.62,2.0,,,SCEDC,,C,49,0.21,SCSN
14929900,scedc:14929900,2011-02-05T05:27:26.070000Z,33.443333333333335,-118.0165,3.97,2.8,,,SCEDC,,A,58,0.26,SCSN
14929964,scedc:14929964,2011-02-05T09:32:14.470000Z,33.843,-117.745,5.77,2.8,,,SCEDC,,A,91,0.21,SCSN
14930284,scedc:14930284,2011-02-05T20:28:20.400000Z,33.788666666666664,-118.2865,15.87,2.2,,,SCEDC,,A,44,0.23,SCSN
14930292,scedc:14930292,2011-02-05T20:44:20.530000Z,33.977666666666664,-117.819,17.31,2.1,,,SCEDC,,A,77,0.22,SCSN
14931780,scedc:14931780,2011-02-08T12:39:13.410000Z,33.696666666666665,-116.7265,17.51,2.0,,,SCEDC,,A,76,0.18,SCSN
14932156,scedc:14932156,2011-02-09T03:55:24.910000Z,33.14233333333333,-116.4655,5.59,2.1,,,SCEDC,,C,69,0.23,SCSN
14932292,scedc:14932292,2011-02-09T12:24:22.590000Z,33.219,-115.69183333333334,3.5,2.0,,,SCEDC,,A,77,0.16,SCSN
14932396,scedc:14932396,2011-02-09T20:37:39.080000Z,34.05733333333333,-118.448,11.45,2.0,,,SCEDC,,A,39,0.15,SCSN
14932676,scedc:14932676,2011-02-10T09:05:25.360000Z,33.94983333333333,-118.2875,14.59,2.3,,,SCEDC,,A,68,0.25,SCSN
10891109,scedc:10891109,2011-02-11T20:03:32.070000Z,32.992666666666665,-116.352,7.66,2.7,,,SCEDC,,A,82,0.23,SCSN
10891853,scedc:10891853,2011-02-13T09:23:59.060000Z,32.975833333333334,-116.30733333333332,9.24,2.6,,,SCEDC,,C,86,0.23,SCSN
10892781,scedc:10892781,2011-02-14T18:41:25.980000Z,34.35633333333333,-116.46483333333332,2.81,2.6,,,SCEDC,,A,85,0.14,SCSN
10893309,scedc:10893309,2011-02-15T16:58:38.500000Z,33.648666666666664,-116.75183333333334,13.06,2.0,,,SCEDC,,A,88,0.18,SCSN
10893421,scedc:10893421,2011-02-15T21:06:05.930000Z,33.647,-116.75316666666669,13.24,2.4,,,SCEDC,,A,91,0.2,SCSN
10893573,scedc:10893573,2011-02-16T00:52:24.230000Z,33.23083333333334,-116.74333333333334,4.63,2.1,,,SCEDC,,A,76,0.24,SCSN
10893725,scedc:10893725,2011-02-16T13:59:32.880000Z,33.275166666666664,-116.452,2.71,2.4,,,SCEDC,,A,80,0.25,SCSN
10893837,scedc:10893837,2011-02-17T01:50:14.520000Z,34.036,-117.1935,9.89,2.0,,,SCEDC,,A,80,0.17,SCSN
10893845,scedc:10893845,2011-02-17T04:07:57.460000Z,34.38616666666667,-119.913,12.41,2.2,,,SCEDC,,A,41,0.32,SCSN
14937236,scedc:14937236,2011-02-18T12:12:27.340000Z,33.24433333333333,-116.41633333333333,3.17,2.1,,,SCEDC,,A,87,0.23,SCSN
14937580,scedc:14937580,2011-02-19T03:12:19.560000Z,33.54566666666667,-117.2635,12.37,2.0,,,SCEDC,,A,77,0.21,SCSN
14937596,scedc:14937596,2011-02-19T04:29:29.900000Z,34.56783333333333,-118.81933333333332,3.88,2.0,,,SCEDC,,A,14,0.17,SCSN
14937740,scedc:14937740,2011-02-19T22:57:13.320000Z,34.31433333333333,-118.7205,8.12,3.2,,,SCEDC,,A,99,0.38,SCSN
14937756,scedc:14937756,2011-02-19T23:01:11.330000Z,34.31583333333333,-118.723,4.48,2.1,,,SCEDC,,A,35,0.28,SCSN
14938052,scedc:14938052,2011-02-21T00:25:55.800000Z,35.3245,-118.48366666666666,2.36,2.5,,,SCEDC,,A,35,0.35,SCSN
14938140,scedc:14938140,2011-02-21T05:58:48.690000Z,34.025166666666664,-117.2295,15.48,2.5,,,SCEDC,,A,65,0.15,SCSN
14938252,scedc:14938252,2011-02-21T13:11:11.070000Z,35.13816666666666,-116.87116666666668,1.38,2.0,,,SCEDC,,A,58,0.17,SCSN
14938316,scedc:14938316,2011-02-21T18:17:46.330000Z,33.07116666666667,-116.07866666666666,5.26,2.4,,,SCEDC,,C,95,0.23,SCSN
14938380,scedc:14938380,2011-02-21T22:59:43.370000Z,33.687,-118.39716666666666,5.8,2.1,,,SCEDC,,C,40,0.39,SCSN
14938396,scedc:14938396,2011-02-22T00:18:39.570000Z,34.139,-116.4225,8.28,2.1,,,SCEDC,,A,65,0.14,SCSN
14938484,scedc:14938484,2011-02-22T05:14:40.480000Z,35.45033333333333,-119.31366666666666,25.7,2.1,,,SCEDC,,A,34,0.23,SCSN
14939964,scedc:14939964,2011-02-23T12:29:38.820000Z,33.7335,-116.0175,4.87,2.1,,,SCEDC,,A,33,0.15,SCSN
14939972,scedc:14939972,2011-02-23T12:36:33.820000Z,33.7355,-116.01683333333334,4.05,2.3,,,SCEDC,,A,51,0.16,SCSN
14940612,scedc:14940612,2011-02-24T08:52:31.760000Z,35.13766666666667,-116.8725,1.06,2.0,,,SCEDC,,A,22,0.09,SCSN
14940692,scedc:14940692,2011-02-24T12:13:38.370000Z,33.68683333333333,-118.011,17.67,2.6,,,SCEDC,,A,39,0.3,SCSN
14941196,scedc:14941196,2011-02-25T05:49:45.250000Z,35.27,-118.60083333333333,8.8,2.0,,,SCEDC,,A,27,0.13,SCSN
14941476,scedc:14941476,2011-02-25T14:52:28.170000Z,33.003166666666665,-116.35116666666669,4.79,2.5,,,SCEDC,,C,88,0.25,SCSN
14941636,scedc:14941636,2011-02-26T03:47:37.980000Z,35.47383333333333,-118.50466666666668,4.5,2.2,,,SCEDC,,C,75,0.2,SCSN
10901893,scedc:10901893,2011-03-02T23:16:10.990000Z,35.5015,-118.28716666666666,4.43,2.5,,,SCEDC,,C,54,0.14,SCSN
10902461,scedc:10902461,2011-03-03T16:53:31.560000Z,34.63,-116.57833333333332,3.35,2.2,,,SCEDC,,A,51,0.18,SCSN
10902501,scedc:10902501,2011-03-03T18:15:40.070000Z,35.501333333333335,-118.287,6.42,2.5,,,SCEDC,,A,68,0.16,SCSN
36947439,scedc:36947439,2011-03-03T20:17:45.660000Z,34.452333333333335,-116.51583333333332,13.23,2.8,,,SCEDC,,A,12,0.09,SCSN
10902981,scedc:10902981,2011-03-04T06:16:21.420000Z,34.2805,-116.4365,1.1,2.9,,,SCEDC,,A,95,0.2,SCSN
10903197,scedc:10903197,2011-03-04T12:24:20.420000Z,34.31916666666667,-116.4635,2.75,2.4,,,SCEDC,,A,87,0.16,SCSN
10903477,scedc:10903477,2011-03-05T09:11:29.980000Z,33.251,-116.42933333333332,2.85,2.4,,,SCEDC,,A,82,0.24,SCSN
10904861,scedc:10904861,2011-03-08T08:52:11.430000Z,35.077333333333335,-116.99283333333334,3.25,2.1,,,SCEDC,,A,29,0.11,SCSN
10905381,scedc:10905381,2011-03-09T03:38:31.460000Z,33.731,-119.3095,9.57,2.2,,,SCEDC,,C,16,0.43,SCSN
10905685,scedc:10905685,2011-03-09T14:50:48.280000Z,34.08583333333333,-119.38133333333332,14.81,2.1,,,SCEDC,,A,33,0.39,SCSN
10906149,scedc:10906149,2011-03-10T02:24:53.810000Z,33.225833333333334,-116.75033333333332,8.66,2.0,,,SCEDC,,B,73,0.24,SCSN
10906781,scedc:10906781,2011-03-11T04:51:25.410000Z,35.35066666666667,-118.56116666666668,4.61,3.4,,,SCEDC,,A,92,0.26,SCSN
10907685,scedc:10907685,2011-03-12T15:36:10.090000Z,33.168166666666664,-116.0065,8.07,2.3,,,SCEDC,,C,81,0.24,SCSN
10908357,scedc:10908357,2011-03-14T06:39:16.160000Z,33.59466666666667,-115.92316666666666,11.52,2.0,,,SCEDC,,A,67,0.17,SCSN
10908917,scedc:10908917,2011-03-15T15:26:55.890000Z,34.481833333333334,-116.48083333333334,3.8,2.1,,,SCEDC,,A,43,0.13,SCSN
10909029,scedc:10909029,2011-03-15T17:25:23.920000Z,33.86566666666667,-118.31416666666668,15.97,2.1,,,SCEDC,,A,46,0.27,SCSN
10909533,scedc:10909533,2011-03-16T15:53:45.990000Z,34.159166666666664,-118.59566666666667,10.33,2.5,,,SCEDC,,A,65,0.25,SCSN
10909845,scedc:10909845,2011-03-17T04:40:35.230000Z,33.69766666666666,-116.81966666666666,14.38,2.0,,,SCEDC,,A,96,0.23,SCSN
10910605,scedc:10910605,2011-03-18T21:02:27.630000Z,32.974666666666664,-115.91916666666668,3.45,2.4,,,SCEDC,,A,50,0.24,SCSN
10910749,scedc:10910749,2011-03-19T03:17:39.670000Z,33.464,-116.44083333333332,5.01,2.4,,,SCEDC,,A,97,0.31,SCSN
10910813,scedc:10910813,2011-03-19T03:21:05.440000Z,33.462666666666664,-116.43416666666668,5.79,2.1,,,SCEDC,,A,77,0.24,SCSN
10910901,scedc:10910901,2011-03-19T03:41:55.800000Z,33.465666666666664,-116.43833333333332,5.82,2.2,,,SCEDC,,A,69,0.23,SCSN
10910941,scedc:10910941,2011-03-19T04:49:52.790000Z,32.818,-118.44916666666668,4.77,2.4,,,SCEDC,,B,31,0.38,SCSN
10911165,scedc:10911165,2011-03-19T16:51:20.570000Z,35.02583333333333,-116.90316666666666,1.98,2.2,,,SCEDC,,A,30,0.08,SCSN
36993839,scedc:36993839,2011-03-20T06:06:58.280000Z,33.49366666666667,-116.48916666666666,12.54,2.0,,,SCEDC,,A,62,0.18,SCSN
36993879,scedc:36993879,2011-03-20T06:07:01.010000Z,33.4665,-116.42683333333332,3.75,2.0,,,SCEDC,,C,29,0.36,SCSN
10911605,scedc:10911605,2011-03-21T02:35:09.980000Z,33.2505,-116.42033333333332,3.45,2.1,,,SCEDC,,A,62,0.22,SCSN
10911637,scedc:10911637,2011-03-21T04:54:35.690000Z,35.17133333333334,-118.19733333333332,7.01,2.7,,,SCEDC,,C,48,0.13,SCSN
10912205,scedc:10912205,2011-03-22T00:33:52.660000Z,33.76983333333333,-116.135,3.39,2.0,,,SCEDC,,A,51,0.15,SCSN
10912221,scedc:10912221,2011-03-22T00:44:45.950000Z,33.769666666666666,-116.13716666666669,2.7,2.5,,,SCEDC,,A,77,0.18,SCSN
10912245,scedc:10912245,2011-03-22T02:33:25.910000Z,33.767,-116.13316666666668,3.4,2.0,,,SCEDC,,A,63,0.16,SCSN
10912293,scedc:10912293,2011-03-22T04:22:27.010000Z,33.77016666666667,-116.12866666666666,2.49,2.0,,,SCEDC,,A,54,0.12,SCSN
10912365,scedc:10912365,2011-03-22T06:26:10.960000Z,33.98533333333334,-118.81316666666666,1.43,3.3,,,SCEDC,,A,90,0.45,SCSN
10912397,scedc:10912397,2011-03-22T08:21:02.990000Z,34.86366666666667,-116.3935,3.52,2.2,,,SCEDC,,A,40,0.15,SCSN
10913197,scedc:10913197,2011-03-22T23:06:15.640000Z,33.653166666666664,-116.762,13.13,2.1,,,SCEDC,,A,82,0.2,SCSN
14956196,scedc:14956196,2011-03-24T01:19:54.480000Z,33.185833333333335,-115.611,2.46,2.0,,,SCEDC,,A,33,0.23,SCSN
14956260,scedc:14956260,2011-03-24T03:05:12.940000Z,33.7705,-116.138,2.1,2.0,,,SCEDC,,A,53,0.2,SCSN
14956916,scedc:14956916,2011-03-25T08:26:04.600000Z,32.97266666666667,-115.82333333333334,3.17,2.4,,,SCEDC,,A,25,0.2,SCSN
14957036,scedc:14957036,2011-03-25T13:31:43.140000Z,33.62866666666667,-116.70083333333334,13.18,2.2,,,SCEDC,,A,97,0.16,SCSN
14957324,scedc:14957324,2011-03-25T22:36:06.570000Z,34.683,-116.30516666666666,4.65,2.0,,,SCEDC,,C,33,0.11,SCSN
14957412,scedc:14957412,2011-03-26T02:01:15.730000Z,33.05083333333334,-116.44183333333334,4.68,2.4,,,SCEDC,,C,48,0.18,SCSN
14957500,scedc:14957500,2011-03-26T11:33:13.390000Z,33.0325,-116.47883333333333,12.24,2.2,,,SCEDC,,A,46,0.17,SCSN
14957764,scedc:14957764,2011-03-27T06:53:11.280000Z,33.025166666666664,-115.8735,2.18,2.0,,,SCEDC,,A,43,0.28,SCSN
14958332,scedc:14958332,2011-03-28T04:56:12.000000Z,33.187333333333335,-115.65383333333334,3.61,3.4,,,SCEDC,,A,79,0.26,SCSN
14958476,scedc:14958476,2011-03-28T06:10:29.480000Z,33.76883333333333,-116.13783333333332,1.94,2.8,,,SCEDC,,A,81,0.2,SCSN
14958500,scedc:14958500,2011-03-28T06:40:19.070000Z,33.76283333333333,-116.14016666666669,2.02,2.4,,,SCEDC,,A,65,0.21,SCSN
14959900,scedc:14959900,2011-03-30T15:47:54.680000Z,33.00033333333333,-116.35016666666668,10.07,2.0,,,SCEDC,,A,92,0.21,SCSN
14960284,scedc:14960284,2011-03-31T04:33:04.240000Z,34.190333333333335,-117.066,5.57,2.0,,,SCEDC,,A,83,0.15,SCSN
14960748,scedc:14960748,2011-03-31T23:35:51.580000Z,34.3,-116.86133333333332,0.86,2.2,,,SCEDC,,A,19,0.19,SCSN
14961276,scedc:14961276,2011-04-01T19:11:11.240000Z,32.995333333333335,-116.34966666666666,7.13,2.1,,,SCEDC,,B,68,0.2,SCSN
14961412,scedc:14961412,2011-04-02T02:32:51.880000Z,33.19716666666667,-115.61333333333332,3.73,2.5,,,SCEDC,,A,64,0.23,SCSN
14961500,scedc:14961500,2011-04-02T02:39:56.900000Z,33.19716666666667,-115.61233333333334,3.6,2.0,,,SCEDC,,A,49,0.22,SCSN
14962372,scedc:14962372,2011-04-04T01:18:03.290000Z,33.376,-116.4075,6.14,2.0,,,SCEDC,,A,87,0.22,SCSN
14962548,scedc:14962548,2011-04-04T12:58:42.600000Z,34.625,-116.6635,2.75,2.2,,,SCEDC,,A,47,0.15,SCSN
14962572,scedc:14962572,2011-04-04T16:23:59.020000Z,34.07,-117.29433333333331,15.98,2.0,,,SCEDC,,A,26,0.12,SCSN
14962620,scedc:14962620,2011-04-04T20:28:32.780000Z,34.022666666666666,-117.5895,4.38,2.1,,,SCEDC,,A,70,0.18,SCSN
14963252,scedc:14963252,2011-04-06T02:49:45.090000Z,35.39066666666667,-119.337,18.8,2.0,,,SCEDC,,B,33,0.4,SCSN
14963428,scedc:14963428,2011-04-06T10:17:26.360000Z,33.0055,-116.47166666666666,4.6,2.3,,,SCEDC,,A,75,0.27,SCSN
14963540,scedc:14963540,2011-04-06T14:55:05.150000Z,33.940666666666665,-118.80083333333332,12.68,2.0,,,SCEDC,,A,31,0.19,SCSN
14963932,scedc:14963932,2011-04-07T07:31:02.670000Z,32.99783333333333,-116.3495,8.71,2.2,,,SCEDC,,A,70,0.22,SCSN
14963980,scedc:14963980,2011-04-07T11:13:53.800000Z,34.27066666666666,-118.719,12.36,2.6,,,SCEDC,,A,86,0.27,SCSN
10921597,scedc:10921597,2011-04-08T02:37:05.170000Z,35.05116666666667,-118.87983333333334,15.33,2.1,,,SCEDC,,A,39,0.29,SCSN
10921653,scedc:10921653,2011-04-08T06:30:36.540000Z,34.24166666666667,-117.47333333333331,9.42,2.5,,,SCEDC,,A,90,0.27,SCSN
10921685,scedc:10921685,2011-04-08T08:15:54.050000Z,35.046166666666664,-119.01533333333332,12.71,2.1,,,SCEDC,,A,27,0.3,SCSN
10921869,scedc:10921869,2011-04-08T13:53:25.250000Z,35.4665,-118.34433333333334,4.16,2.0,,,SCEDC,,C,37,0.14,SCSN
10921917,scedc:10921917,2011-04-08T15:03:08.870000Z,32.997166666666665,-116.3455,7.57,2.6,,,SCEDC,,A,64,0.2,SCSN
10921997,scedc:10921997,2011-04-08T17:38:00.550000Z,33.28333333333333,-116.16133333333332,11.48,2.3,,,SCEDC,,A,91,0.23,SCSN
10922581,scedc:10922581,2011-04-09T18:00:44.490000Z,34.69716666666667,-116.29466666666669,2.94,2.5,,,SCEDC,,A,44,0.22,SCSN
10922741,scedc:10922741,2011-04-10T01:16:51.460000Z,34.36,-116.43433333333331,1.64,2.1,,,SCEDC,,A,44,0.21,SCSN
10922901,scedc:10922901,2011-04-10T06:55:46.780000Z,33.976333333333336,-119.30716666666666,5.78,2.3,,,SCEDC,,C,29,0.26,SCSN
10923869,scedc:10923869,2011-04-11T13:02:11.740000Z,33.00066666666667,-116.35016666666668,4.78,2.7,,,SCEDC,,C,75,0.22,SCSN
10923933,scedc:10923933,2011-04-11T14:03:29.710000Z,35.066833333333335,-118.33583333333333,3.76,2.5,,,SCEDC,,A,50,0.15,SCSN
10925245,scedc:10925245,2011-04-14T05:48:49.220000Z,33.200833333333335,-115.5835,3.69,2.9,,,SCEDC,,A,62,0.26,SCSN
10925349,scedc:10925349,2011-04-14T06:30:40.420000Z,33.22533333333333,-115.57766666666669,12.07,2.0,,,SCEDC,,C,12,0.18,SCSN
10925981,scedc:10925981,2011-04-15T09:06:55.000000Z,35.09583333333333,-118.68266666666666,9.45,2.1,,,SCEDC,,A,48,0.14,SCSN
10926037,scedc:10926037,2011-04-15T10:28:57.450000Z,35.58083333333333,-117.59316666666666,7.29,2.6,,,SCEDC,,A,18,0.15,SCSN
10926757,scedc:10926757,2011-04-16T07:17:43.320000Z,33.911833333333334,-118.6965,14.55,2.0,,,SCEDC,,B,15,0.15,SCSN
10927037,scedc:10927037,2011-04-16T18:41:12.070000Z,32.9945,-116.35616666666668,4.71,2.1,,,SCEDC,,C,81,0.23,SCSN
10927061,scedc:10927061,2011-04-16T19:15:24.170000Z,32.936,-115.74466666666666,15.07,2.5,,,SCEDC,,A,63,0.38,SCSN
10927325,scedc:10927325,2011-04-17T01:59:30.490000Z,33.265,-115.69516666666668,0.61,2.3,,,SCEDC,,C,33,0.3,SCSN
10927389,scedc:10927389,2011-04-17T03:46:00.110000Z,33.197833333333335,-115.5705,2.97,2.6,,,SCEDC,,A,74,0.26,SCSN
10928309,scedc:10928309,2011-04-18T14:06:48.180000Z,33.997,-118.8135,5.2,2.2,,,SCEDC,,C,51,0.36,SCSN
10928581,scedc:10928581,2011-04-18T20:55:53.560000Z,33.46366666666667,-116.43433333333331,5.73,2.0,,,SCEDC,,A,65,0.21,SCSN
10928597,scedc:10928597,2011-04-18T21:07:00.930000Z,33.46516666666667,-116.43683333333334,5.28,2.1,,,SCEDC,,A,83,0.22,SCSN
10928621,scedc:10928621,2011-04-18T21:23:34.420000Z,33.462833333333336,-116.445,2.42,2.7,,,SCEDC,,A,98,0.25,SCSN
10928749,scedc:10928749,2011-04-19T00:33:14.420000Z,33.465666666666664,-116.43433333333331,5.39,2.0,,,SCEDC,,A,71,0.2,SCSN
10929005,scedc:10929005,2011-04-19T13:34:21.100000Z,33.436166666666665,-119.06466666666668,13.52,2.5,,,SCEDC,,A,45,0.41,SCSN
10930029,scedc:10930029,2011-04-21T03:13:36.950000Z,34.069,-117.27716666666667,17.77,2.8,,,SCEDC,,A,69,0.16,SCSN
10930293,scedc:10930293,2011-04-21T10:01:44.940000Z,33.993,-116.76283333333332,19.29,2.0,,,SCEDC,,A,58,0.15,SCSN
10930333,scedc:10930333,2011-04-21T12:57:43.210000Z,32.8955,-116.27866666666668,12.94,2.5,,,SCEDC,,A,59,0.26,SCSN
10930549,scedc:10930549,2011-04-21T18:40:56.990000Z,35.5025,-118.285,4.21,2.1,,,SCEDC,,C,34,0.16,SCSN
10930693,scedc:10930693,2011-04-22T01:56:38.060000Z,33.19433333333333,-115.96283333333334,8.47,2.3,,,SCEDC,,B,90,0.29,SCSN
10930821,scedc:10930821,2011-04-22T10:26:02.730000Z,33.4745,-116.57516666666666,11.44,2.1,,,SCEDC,,A,32,0.18,SCSN
10931253,scedc:10931253,2011-04-23T02:12:57.510000Z,33.8665,-118.67516666666668,3.61,2.2,,,SCEDC,,A,40,0.26,SCSN
10931501,scedc:10931501,2011-04-23T09:34:12.080000Z,34.5355,-119.04883333333332,14.82,2.6,,,SCEDC,,A,57,0.44,SCSN
10931653,scedc:10931653,2011-04-23T15:52:35.020000Z,33.881,-118.68466666666669,12.55,2.1,,,SCEDC,,A,25,0.21,SCSN
10931813,scedc:10931813,2011-04-23T20:57:50.510000Z,35.50416666666667,-118.283,5.47,2.0,,,SCEDC,,C,39,0.16,SCSN
10932333,scedc:10932333,2011-04-24T23:41:40.750000Z,33.975,-118.361,11.27,2.2,,,SCEDC,,A,67,0.28,SCSN
10933821,scedc:10933821,2011-04-27T20:10:00.030000Z,33.14183333333333,-116.48166666666668,8.57,2.0,,,SCEDC,,B,50,0.17,SCSN
10934325,scedc:10934325,2011-04-28T18:20:09.660000Z,33.50083333333333,-116.89133333333334,12.13,2.6,,,SCEDC,,A,30,0.1,SCSN
14977308,scedc:14977308,2011-04-29T17:31:25.690000Z,34.418166666666664,-119.0665,13.43,2.1,,,SCEDC,,A,42,0.4,SCSN
14977476,scedc:14977476,2011-04-30T04:29:00.790000Z,33.22266666666667,-116.0495,8.56,2.0,,,SCEDC,,B,80,0.27,SCSN
14977804,scedc:14977804,2011-04-30T22:45:13.020000Z,33.862833333333334,-117.66233333333334,9.41,2.1,,,SCEDC,,A,96,0.2,SCSN
14978620,scedc:14978620,2011-05-03T05:42:43.340000Z,34.36483333333334,-116.465,2.88,2.5,,,SCEDC,,A,43,0.15,SCSN
14978780,scedc:14978780,2011-05-03T15:11:58.610000Z,33.483,-116.57916666666668,7.69,2.0,,,SCEDC,,A,84,0.19,SCSN
14980132,scedc:14980132,2011-05-05T15:24:51.590000Z,35.068666666666665,-119.0635,4.65,2.2,,,SCEDC,,C,26,0.31,SCSN
14980508,scedc:14980508,2011-05-06T03:58:54.200000Z,34.05233333333333,-117.53483333333334,9.85,2.1,,,SCEDC,,A,95,0.23,SCSN
14981188,scedc:14981188,2011-05-07T12:54:43.750000Z,33.47966666666667,-116.43016666666666,11.34,2.2,,,SCEDC,,A,35,0.15,SCSN
14981444,scedc:14981444,2011-05-08T05:59:13.090000Z,35.3545,-118.45783333333333,7.44,2.5,,,SCEDC,,A,54,0.24,SCSN
14981788,scedc:14981788,2011-05-09T08:27:47.860000Z,33.4715,-116.57216666666666,9.78,2.6,,,SCEDC,,A,98,0.25,SCSN
14981812,scedc:14981812,2011-05-09T09:17:24.860000Z,35.35066666666667,-118.561,4.83,2.4,,,SCEDC,,C,59,0.26,SCSN
14981900,scedc:14981900,2011-05-09T13:06:09.600000Z,35.351166666666664,-118.56983333333334,4.76,2.1,,,SCEDC,,C,45,0.2,SCSN
14982580,scedc:14982580,2011-05-10T14:40:54.910000Z,34.2745,-116.45016666666666,4.26,2.6,,,SCEDC,,C,74,0.15,SCSN
14982676,scedc:14982676,2011-05-10T16:50:19.240000Z,33.45633333333333,-116.19333333333331,4.3,2.1,,,SCEDC,,A,75,0.18,SCSN
14982892,scedc:14982892,2011-05-10T22:17:41.540000Z,33.9775,-116.65783333333331,4.76,2.6,,,SCEDC,,A,83,0.16,SCSN
14983004,scedc:14983004,2011-05-11T01:34:38.600000Z,33.968833333333336,-119.47533333333334,15.34,2.3,,,SCEDC,,B,28,0.5,SCSN
14983308,scedc:14983308,2011-05-11T15:13:17.680000Z,33.9915,-118.378,10.84,2.3,,,SCEDC,,A,90,0.24,SCSN
14984380,scedc:14984380,2011-05-13T04:38:07.660000Z,35.349333333333334,-118.56416666666668,5.73,3.1,,,SCEDC,,C,62,0.23,SCSN
14984732,scedc:14984732,2011-05-13T21:11:08.860000Z,33.7745,-116.14083333333332,6.98,2.1,,,SCEDC,,A,89,0.2,SCSN
14984908,scedc:14984908,2011-05-14T00:34:42.710000Z,33.295833333333334,-116.75633333333332,6.78,2.4,,,SCEDC,,C,95,0.26,SCSN
14985020,scedc:14985020,2011-05-14T04:19:00.440000Z,33.8065,-118.26683333333334,11.79,2.4,,,SCEDC,,A,50,0.33,SCSN
14985476,scedc:14985476,2011-05-15T01:50:53.310000Z,34.8285,-116.3775,3.35,2.9,,,SCEDC,,A,60,0.16,SCSN
14985556,scedc:14985556,2011-05-15T04:07:55.820000Z,35.14366666666667,-116.86266666666668,1.79,3.4,,,SCEDC,,A,90,0.13,SCSN
36999087,scedc:36999087,2011-05-15T04:08:21.880000Z,33.78033333333333,-116.1385,3.85,2.3,,,SCEDC,,A,38,0.23,SCSN
14985612,scedc:14985612,2011-05-15T08:52:37.190000Z,33.29816666666667,-116.83216666666668,11.48,2.1,,,SCEDC,,A,90,0.32,SCSN
14986596,scedc:14986596,2011-05-17T10:45:44.970000Z,33.17283333333334,-116.5475,14.85,2.3,,,SCEDC,,A,71,0.23,SCSN
14986988,scedc:14986988,2011-05-18T02:06:09.540000Z,34.488,-119.05133333333332,27.19,2.0,,,SCEDC,,A,54,0.3,SCSN
14987020,scedc:14987020,2011-05-18T04:13:06.790000Z,33.652833333333334,-116.74266666666666,13.44,2.0,,,SCEDC,,A,83,0.2,SCSN
14987028,scedc:14987028,2011-05-18T04:29:45.710000Z,33.06483333333333,-116.458,4.66,2.2,,,SCEDC,,C,77,0.19,SCSN
14988780,scedc:14988780,2011-05-21T01:09:22.090000Z,33.501666666666665,-119.11816666666668,15.05,3.7,,,SCEDC,,A,75,0.54,SCSN
14988820,scedc:14988820,2011-05-21T05:18:30.910000Z,33.778666666666666,-116.139,7.23,2.0,,,SCEDC,,A,79,0.21,SCSN
14989204,scedc:14989204,2011-05-22T04:13:07.110000Z,33.119,-116.28483333333334,8.88,2.2,,,SCEDC,,C,59,0.26,SCSN
14989772,scedc:14989772,2011-05-23T11:41:43.490000Z,34.8695,-116.94333333333331,10.68,2.1,,,SCEDC,,A,57,0.17,SCSN
14989828,scedc:14989828,2011-05-23T14:57:39.130000Z,35.011833333333335,-119.29533333333332,15.7,2.2,,,SCEDC,,A,45,0.26,SCSN
14990180,scedc:14990180,2011-05-24T01:21:53.240000Z,34.24483333333333,-117.56083333333332,3.69,2.4,,,SCEDC,,A,88,0.2,SCSN
14990812,scedc:14990812,2011-05-25T03:14:04.450000Z,34.00383333333333,-118.97583333333333,13.97,2.2,,,SCEDC,,B,10,0.2,SCSN
14991012,scedc:14991012,2011-05-25T15:21:35.970000Z,34.38583333333333,-116.448,2.74,2.3,,,SCEDC,,A,71,0.12,SCSN
14992300,scedc:14992300,2011-05-27T23:22:53.840000Z,34.22683333333333,-117.053,1.3,2.6,,,SCEDC,,A,65,0.18,SCSN
14992332,scedc:14992332,2011-05-27T23:28:49.770000Z,34.226166666666664,-117.04833333333332,0.6,2.4,,,SCEDC,,A,52,0.13,SCSN
14992476,scedc:14992476,2011-05-28T02:11:12.910000Z,35.470333333333336,-118.27666666666669,9.29,2.3,,,SCEDC,,A,46,0.17,SCSN
14992620,scedc:14992620,2011-05-28T10:49:47.850000Z,33.857,-118.29466666666669,14.09,2.0,,,SCEDC,,A,28,0.31,SCSN
14992700,scedc:14992700,2011-05-28T14:49:32.530000Z,33.483666666666664,-116.57933333333334,7.43,2.1,,,SCEDC,,A,67,0.21,SCSN
14992948,scedc:14992948,2011-05-29T00:59:28.820000Z,33.666,-116.74116666666669,14.13,2.2,,,SCEDC,,A,87,0.23,SCSN
14993004,scedc:14993004,2011-05-29T03:15:51.700000Z,34.20033333333333,-116.39966666666666,3.39,2.3,,,SCEDC,,A,22,0.13,SCSN
14993012,scedc:14993012,2011-05-29T03:15:53.390000Z,33.632666666666665,-116.822,17.94,2.0,,,SCEDC,,A,50,0.16,SCSN
14993020,scedc:14993020,2011-05-29T03:39:38.760000Z,34.17666666666667,-117.07216666666666,2.85,2.5,,,SCEDC,,A,85,0.18,SCSN
14993036,scedc:14993036,2011-05-29T03:54:16.440000Z,34.178333333333335,-117.0715,3.1,2.6,,,SCEDC,,A,80,0.16,SCSN
14993060,scedc:14993060,2011-05-29T05:37:11.310000Z,34.221,-117.057,0.79,2.3,,,SCEDC,,A,55,0.2,SCSN
14993340,scedc:14993340,2011-05-30T00:11:48.150000Z,34.0335,-117.11516666666668,10.16,2.6,,,SCEDC,,A,96,0.22,SCSN
14993476,scedc:14993476,2011-05-30T13:01:33.220000Z,33.82783333333333,-116.17633333333332,7.34,2.0,,,SCEDC,,A,60,0.19,SCSN
14993804,scedc:14993804,2011-05-30T23:21:22.720000Z,33.24733333333333,-116.42366666666666,2.75,2.1,,,SCEDC,,A,78,0.25,SCSN
14994884,scedc:14994884,2011-06-02T17:13:49.220000Z,33.46083333333333,-116.4635,5.0,2.1,,,SCEDC,,A,59,0.24,SCSN
14994900,scedc:14994900,2011-06-02T18:41:58.690000Z,34.077,-117.55116666666666,13.3,2.2,,,SCEDC,,A,72,0.21,SCSN
14995284,scedc:14995284,2011-06-03T10:53:31.220000Z,33.64816666666667,-116.70883333333332,11.93,2.0,,,SCEDC,,A,27,0.12,SCSN
14996380,scedc:14996380,2011-06-05T13:53:12.960000Z,33.98583333333333,-116.55733333333332,14.83,2.3,,,SCEDC,,A,15,0.12,SCSN
14996388,scedc:14996388,2011-06-05T13:53:19.590000Z,33.98433333333333,-116.56166666666668,11.81,3.1,,,SCEDC,,A,50,0.12,SCSN
14996612,scedc:14996612,2011-06-05T21:51:18.990000Z,35.032,-116.963,2.9,2.0,,,SCEDC,,A,24,0.14,SCSN
14997652,scedc:14997652,2011-06-07T20:51:52.580000Z,34.2295,-117.05516666666666,1.01,2.6,,,SCEDC,,A,64,0.15,SCSN
14997708,scedc:14997708,2011-06-07T21:22:22.330000Z,34.225833333333334,-117.05783333333332,0.04,2.4,,,SCEDC,,A,60,0.16,SCSN
14998100,scedc:14998100,2011-06-08T13:57:12.380000Z,34.22566666666667,-117.0295,1.37,2.1,,,SCEDC,,A,78,0.15,SCSN
14998268,scedc:14998268,2011-06-08T18:10:49.400000Z,34.316,-118.83266666666668,14.2,2.2,,,SCEDC,,A,45,0.24,SCSN
14998596,scedc:14998596,2011-06-09T06:41:32.940000Z,33.02016666666667,-116.47983333333332,6.19,2.0,,,SCEDC,,C,70,0.24,SCSN
14999964,scedc:14999964,2011-06-11T08:17:48.240000Z,33.623,-119.04333333333334,10.44,3.5,,,SCEDC,,B,72,0.44,SCSN
15000284,scedc:15000284,2011-06-12T00:37:59.100000Z,33.00216666666667,-116.353,4.91,2.2,,,SCEDC,,C,63,0.22,SCSN
15000308,scedc:15000308,2011-06-12T01:41:07.350000Z,33.00266666666667,-116.35066666666668,5.03,2.2,,,SCEDC,,C,64,0.2,SCSN
15000732,scedc:15000732,2011-06-12T21:00:48.500000Z,33.8345,-117.87416666666668,10.13,2.2,,,SCEDC,,A,55,0.24,SCSN
15000916,scedc:15000916,2011-06-13T08:07:16.630000Z,33.625,-119.04766666666669,14.21,2.4,,,SCEDC,,A,30,0.41,SCSN
15001524,scedc:15001524,2011-06-14T08:35:11.740000Z,33.690666666666665,-116.7365,17.14,2.0,,,SCEDC,,A,97,0.19,SCSN
15001764,scedc:15001764,2011-06-14T12:48:56.080000Z,33.603,-117.21316666666668,13.4,2.0,,,SCEDC,,A,71,0.24,SCSN
10959933,scedc:10959933,2011-06-15T18:28:01.140000Z,33.472,-116.4595,4.66,2.1,,,SCEDC,,A,79,0.22,SCSN
10961021,scedc:10961021,2011-06-17T20:49:51.770000Z,34.1305,-119.16683333333332,18.6,2.0,,,SCEDC,,A,43,0.36,SCSN
10961077,scedc:10961077,2011-06-18T00:58:22.640000Z,34.510666666666665,-119.0795,2.73,3.3,,,SCEDC,,A,96,0.39,SCSN
10961093,scedc:10961093,2011-06-18T01:18:29.220000Z,34.418,-116.463,2.88,2.0,,,SCEDC,,A,53,0.14,SCSN
10961333,scedc:10961333,2011-06-18T12:38:15.460000Z,33.77583333333333,-116.13733333333332,7.36,2.0,,,SCEDC,,A,97,0.23,SCSN
10961533,scedc:10961533,2011-06-18T22:46:29.840000Z,33.60733333333334,-116.78816666666668,10.82,2.0,,,SCEDC,,A,99,0.19,SCSN
10961925,scedc:10961925,2011-06-20T03:09:16.390000Z,33.403333333333336,-116.61566666666668,9.2,2.1,,,SCEDC,,A,72,0.24,SCSN
10963197,scedc:10963197,2011-06-22T13:12:07.200000Z,33.463,-116.4605,5.95,2.2,,,SCEDC,,A,92,0.21,SCSN
10963573,scedc:10963573,2011-06-23T02:22:12.140000Z,33.96366666666667,-116.74916666666668,17.3,2.4,,,SCEDC,,A,83,0.18,SCSN
10964013,scedc:10964013,2011-06-24T10:03:35.920000Z,34.0375,-116.97283333333333,13.66,2.0,,,SCEDC,,A,75,0.14,SCSN
10965341,scedc:10965341,2011-06-27T14:54:54.040000Z,34.6845,-116.28633333333332,1.73,2.7,,,SCEDC,,A,38,0.16,SCSN
15008388,scedc:15008388,2011-06-28T14:38:00.720000Z,33.91916666666667,-116.95033333333332,15.53,2.0,,,SCEDC,,A,81,0.2,SCSN
15009532,scedc:15009532,2011-06-30T13:35:38.350000Z,33.99366666666667,-116.99,16.32,2.2,,,SCEDC,,A,90,0.18,SCSN
15010108,scedc:15010108,2011-07-01T19:21:21.830000Z,35.17933333333333,-118.66116666666667,9.87,2.0,,,SCEDC,,A,34,0.16,SCSN
15010324,scedc:15010324,2011-07-01T20:59:37.760000Z,33.979,-116.078,11.32,2.0,,,SCEDC,,A,46,0.19,SCSN
15010724,scedc:15010724,2011-07-02T18:15:30.050000Z,33.643,-116.809,13.63,2.4,,,SCEDC,,A,92,0.23,SCSN
15011036,scedc:15011036,2011-07-03T12:14:47.880000Z,34.29566666666667,-116.6595,0.64,2.2,,,SCEDC,,A,54,0.13,SCSN
15011212,scedc:15011212,2011-07-03T23:25:53.890000Z,33.48233333333334,-116.58016666666668,7.02,2.0,,,SCEDC,,A,56,0.2,SCSN
15011428,scedc:15011428,2011-07-04T08:49:43.660000Z,34.71183333333333,-116.29966666666668,3.71,2.4,,,SCEDC,,A,77,0.16,SCSN
15011732,scedc:15011732,2011-07-04T23:35:42.040000Z,33.05316666666667,-117.98283333333332,5.8,3.7,,,SCEDC,,C,24,0.38,SCSN
15011988,scedc:15011988,2011-07-05T04:40:57.320000Z,33.466166666666666,-116.46116666666668,6.39,2.2,,,SCEDC,,A,94,0.2,SCSN
15012596,scedc:15012596,2011-07-06T12:21:38.300000Z,33.620333333333335,-117.975,13.74,2.0,,,SCEDC,,A,29,0.26,SCSN
15012732,scedc:15012732,2011-07-06T19:24:55.620000Z,34.002833333333335,-116.77816666666666,19.25,2.2,,,SCEDC,,A,74,0.2,SCSN
15013156,scedc:15013156,2011-07-07T17:22:25.530000Z,35.388,-117.83966666666667,4.84,3.4,,,SCEDC,,C,93,0.18,SCSN
15013324,scedc:15013324,2011-07-07T22:28:38.610000Z,33.46783333333333,-116.45716666666668,6.34,2.0,,,SCEDC,,A,49,0.23,SCSN
15014468,scedc:15014468,2011-07-09T22:34:41.190000Z,33.405166666666666,-116.40016666666666,4.68,2.0,,,SCEDC,,C,66,0.29,SCSN
15015516,scedc:15015516,2011-07-11T22:12:28.300000Z,33.86033333333334,-118.31083333333332,12.58,2.1,,,SCEDC,,A,19,0.23,SCSN
15016052,scedc:15016052,2011-07-12T20:17:27.590000Z,34.72383333333333,-116.29616666666666,3.87,2.7,,,SCEDC,,A,31,0.15,SCSN
15016164,scedc:15016164,2011-07-13T00:19:40.170000Z,35.022,-119.10916666666668,12.22,2.5,,,SCEDC,,A,23,0.37,SCSN
15017412,scedc:15017412,2011-07-14T22:23:28.000000Z,33.760666666666665,-116.92766666666668,12.27,2.0,,,SCEDC,,A,46,0.13,SCSN
15018172,scedc:15018172,2011-07-15T18:07:51.680000Z,33.94466666666667,-118.3445,14.47,2.2,,,SCEDC,,A,26,0.24,SCSN
15019140,scedc:15019140,2011-07-17T08:45:46.750000Z,32.911833333333334,-118.4815,10.25,2.2,,,SCEDC,,B,19,0.21,SCSN
15019820,scedc:15019820,2011-07-18T15:57:57.890000Z,33.5895,-116.608,12.48,2.0,,,SCEDC,,A,29,0.11,SCSN
15020084,scedc:15020084,2011-07-18T21:59:20.590000Z,34.852666666666664,-116.39766666666668,3.36,2.5,,,SCEDC,,A,22,0.15,SCSN
15020244,scedc:15020244,2011-07-19T06:06:56.280000Z,33.92216666666667,-116.72783333333334,15.82,2.1,,,SCEDC,,A,83,0.17,SCSN
15020292,scedc:15020292,2011-07-19T08:39:40.240000Z,33.64783333333333,-116.7035,13.2,2.0,,,SCEDC,,A,75,0.2,SCSN
10980341,scedc:10980341,2011-07-23T07:36:40.340000Z,33.870333333333335,-118.2855,15.04,3.2,,,SCEDC,,A,93,0.26,SCSN
10980973,scedc:10980973,2011-07-24T14:28:55.660000Z,34.001333333333335,-118.37783333333331,12.43,2.2,,,SCEDC,,A,88,0.23,SCSN
10981389,scedc:10981389,2011-07-25T10:52:50.760000Z,33.30766666666667,-116.25316666666669,4.6,2.1,,,SCEDC,,C,97,0.23,SCSN
10981597,scedc:10981597,2011-07-25T17:45:49.390000Z,33.957166666666666,-116.41616666666668,7.6,2.9,,,SCEDC,,A,99,0.16,SCSN
10982389,scedc:10982389,2011-07-27T02:12:35.580000Z,35.365,-118.692,2.56,2.0,,,SCEDC,,A,40,0.16,SCSN
10984565,scedc:10984565,2011-07-29T22:40:27.900000Z,34.467,-117.95233333333331,6.71,2.0,,,SCEDC,,A,31,0.13,SCSN
10986101,scedc:10986101,2011-08-01T19:25:10.870000Z,34.60966666666667,-118.269,9.56,2.1,,,SCEDC,,A,43,0.25,SCSN
10986701,scedc:10986701,2011-08-02T19:27:03.350000Z,34.753166666666665,-116.41466666666666,6.08,2.1,,,SCEDC,,C,16,0.33,SCSN
10987405,scedc:10987405,2011-08-04T08:44:07.880000Z,33.4835,-116.43716666666668,7.7,2.0,,,SCEDC,,A,69,0.21,SCSN
10987421,scedc:10987421,2011-08-04T09:12:12.100000Z,34.593666666666664,-116.209,7.75,2.8,,,SCEDC,,A,62,0.14,SCSN
10987469,scedc:10987469,2011-08-04T10:04:20.670000Z,34.029666666666664,-117.23983333333334,16.93,2.0,,,SCEDC,,A,97,0.15,SCSN
10987725,scedc:10987725,2011-08-04T19:48:53.140000Z,34.8645,-119.2365,11.68,2.2,,,SCEDC,,A,54,0.31,SCSN
10987853,scedc:10987853,2011-08-05T02:15:49.780000Z,33.8985,-119.30766666666666,9.61,2.2,,,SCEDC,,C,24,0.39,SCSN
10988557,scedc:10988557,2011-08-06T19:55:47.330000Z,34.004333333333335,-117.16333333333333,12.23,2.1,,,SCEDC,,A,64,0.16,SCSN
10989053,scedc:10989053,2011-08-07T19:25:24.630000Z,33.63216666666667,-118.51516666666669,2.85,3.2,,,SCEDC,,A,76,0.27,SCSN
10989221,scedc:10989221,2011-08-08T03:22:03.910000Z,34.42816666666667,-119.01366666666668,13.3,2.3,,,SCEDC,,A,45,0.44,SCSN
10990829,scedc:10990829,2011-08-10T21:43:28.830000Z,34.2875,-118.47333333333331,9.48,2.1,,,SCEDC,,A,80,0.28,SCSN
10990853,scedc:10990853,2011-08-10T23:07:20.770000Z,33.3175,-116.3845,9.47,2.0,,,SCEDC,,A,77,0.22,SCSN
10991277,scedc:10991277,2011-08-11T15:43:01.670000Z,35.0205,-116.96516666666666,4.87,2.2,,,SCEDC,,B,44,0.16,SCSN
10992517,scedc:10992517,2011-08-13T12:45:24.510000Z,33.483666666666664,-116.53283333333331,8.51,2.0,,,SCEDC,,A,42,0.16,SCSN
10993189,scedc:10993189,2011-08-14T19:21:58.110000Z,34.105,-117.32183333333332,17.08,2.0,,,SCEDC,,A,89,0.15,SCSN
10993405,scedc:10993405,2011-08-15T03:57:34.920000Z,34.25683333333333,-119.02433333333332,2.73,2.3,,,SCEDC,,A,38,0.27,SCSN
10994029,scedc:10994029,2011-08-16T11:34:16.790000Z,35.026833333333336,-116.969,4.15,2.1,,,SCEDC,,A,24,0.12,SCSN
10994301,scedc:10994301,2011-08-16T23:22:28.470000Z,35.038833333333336,-117.67116666666666,6.16,2.0,,,SCEDC,,C,22,0.22,SCSN
10994357,scedc:10994357,2011-08-17T01:48:25.340000Z,34.337666666666664,-118.46466666666667,2.93,2.5,,,SCEDC,,A,74,0.2,SCSN
10994893,scedc:10994893,2011-08-18T03:42:53.300000Z,34.339,-118.479,5.94,2.0,,,SCEDC,,A,43,0.18,SCSN
10994973,scedc:10994973,2011-08-18T09:58:37.720000Z,33.662333333333336,-119.36333333333332,0.72,2.5,,,SCEDC,,A,21,0.21,SCSN
10995141,scedc:10995141,2011-08-18T17:35:12.530000Z,33.76383333333333,-116.12166666666668,4.48,2.0,,,SCEDC,,A,68,0.2,SCSN
10995205,scedc:10995205,2011-08-18T21:43:49.260000Z,33.7725,-118.14566666666668,19.53,3.1,,,SCEDC,,A,99,0.25,SCSN
10995429,scedc:10995429,2011-08-19T13:56:27.170000Z,35.26716666666667,-119.1255,3.66,2.0,,,SCEDC,,C,10,0.36,SCSN
10996213,scedc:10996213,2011-08-21T21:41:13.700000Z,33.891,-118.20233333333331,14.7,2.4,,,SCEDC,,A,65,0.21,SCSN
10996325,scedc:10996325,2011-08-22T02:56:02.730000Z,33.8745,-118.48483333333331,12.46,2.1,,,SCEDC,,A,38,0.2,SCSN
10996469,scedc:10996469,2011-08-22T07:24:28.730000Z,33.26316666666666,-116.02016666666668,3.21,2.2,,,SCEDC,,A,72,0.25,SCSN
10996757,scedc:10996757,2011-08-22T20:43:49.610000Z,34.419666666666664,-116.173,3.85,2.2,,,SCEDC,,A,47,0.17,SCSN
10997653,scedc:10997653,2011-08-24T17:09:33.970000Z,33.723,-116.76933333333334,15.54,2.7,,,SCEDC,,A,28,0.15,SCSN
10997669,scedc:10997669,2011-08-24T17:27:36.330000Z,35.014833333333335,-116.96233333333332,4.84,2.0,,,SCEDC,,C,27,0.2,SCSN
10998069,scedc:10998069,2011-08-25T14:09:42.100000Z,32.72383333333333,-118.16183333333332,9.75,2.5,,,SCEDC,,C,48,0.3,SCSN
10999213,scedc:10999213,2011-08-27T22:06:23.540000Z,34.20016666666667,-118.5195,14.63,2.0,,,SCEDC,,A,46,0.14,SCSN
11000213,scedc:11000213,2011-08-30T11:33:50.010000Z,33.7935,-118.211,12.06,2.0,,,SCEDC,,A,50,0.28,SCSN
11001221,scedc:11001221,2011-09-01T20:53:44.590000Z,34.340666666666664,-118.47133333333332,4.52,2.6,,,SCEDC,,A,67,0.29,SCSN
11001253,scedc:11001253,2011-09-01T21:35:34.970000Z,34.35333333333333,-118.448,2.53,2.9,,,SCEDC,,A,80,0.24,SCSN
11001269,scedc:11001269,2011-09-01T21:40:48.650000Z,34.342333333333336,-118.47583333333333,4.68,2.2,,,SCEDC,,A,57,0.29,SCSN
11001301,scedc:11001301,2011-09-01T23:15:33.410000Z,34.3445,-118.46983333333333,4.76,2.1,,,SCEDC,,A,56,0.26,SCSN
11001541,scedc:11001541,2011-09-02T10:29:14.680000Z,34.3155,-116.4515,9.75,2.0,,,SCEDC,,A,65,0.16,SCSN
11001613,scedc:11001613,2011-09-02T11:36:16.920000Z,34.34316666666667,-118.46816666666666,5.45,2.3,,,SCEDC,,A,63,0.21,SCSN
11001717,scedc:11001717,2011-09-02T14:22:23.400000Z,34.3295,-118.46966666666668,5.88,2.2,,,SCEDC,,A,58,0.2,SCSN
11002013,scedc:11002013,2011-09-03T01:06:47.150000Z,34.35016666666667,-118.461,4.71,2.3,,,SCEDC,,A,57,0.28,SCSN
11002029,scedc:11002029,2011-09-03T01:13:48.080000Z,34.349666666666664,-118.4565,4.01,2.5,,,SCEDC,,A,82,0.34,SCSN
11002109,scedc:11002109,2011-09-03T05:21:09.710000Z,34.352333333333334,-118.4495,3.44,2.4,,,SCEDC,,A,72,0.45,SCSN
11002229,scedc:11002229,2011-09-03T18:46:11.910000Z,34.341833333333334,-116.46533333333332,9.57,2.1,,,SCEDC,,A,58,0.16,SCSN
11003189,scedc:11003189,2011-09-06T07:42:46.840000Z,32.86983333333333,-117.66933333333331,20.72,2.3,,,SCEDC,,B,54,0.18,SCSN
11003429,scedc:11003429,2011-09-06T23:08:36.180000Z,35.028333333333336,-117.70316666666666,6.1,2.1,,,SCEDC,,C,49,0.37,SCSN
11004349,scedc:11004349,2011-09-09T14:02:35.450000Z,34.970166666666664,-117.48483333333331,3.17,2.1,,,SCEDC,,A,37,0.13,SCSN
11004837,scedc:11004837,2011-09-10T23:47:48.280000Z,33.9805,-118.63616666666668,12.02,2.2,,,SCEDC,,A,43,0.22,SCSN
11006541,scedc:11006541,2011-09-14T22:34:43.180000Z,33.850833333333334,-117.7935,7.44,2.0,,,SCEDC,,A,46,0.2,SCSN
11006685,scedc:11006685,2011-09-15T04:42:44.310000Z,34.09283333333333,-116.9785,0.62,2.2,,,SCEDC,,A,96,0.18,SCSN
11007509,scedc:11007509,2011-09-16T22:16:34.330000Z,34.62083333333333,-116.57966666666668,8.11,2.3,,,SCEDC,,A,71,0.19,SCSN
11007565,scedc:11007565,2011-09-17T03:12:41.080000Z,34.472833333333334,-116.49966666666668,3.43,2.2,,,SCEDC,,A,97,0.17,SCSN
11007581,scedc:11007581,2011-09-17T03:47:17.460000Z,34.991,-116.95183333333334,9.11,2.0,,,SCEDC,,A,38,0.12,SCSN
11008333,scedc:11008333,2011-09-18T14:33:58.600000Z,34.164,-116.428,5.62,2.1,,,SCEDC,,A,78,0.21,SCSN
11009005,scedc:11009005,2011-09-19T22:09:55.040000Z,34.342,-116.47233333333334,8.65,2.1,,,SCEDC,,A,58,0.18,SCSN
11009253,scedc:11009253,2011-09-20T10:50:04.180000Z,33.29566666666667,-116.75933333333332,10.47,2.1,,,SCEDC,,A,96,0.22,SCSN
11010213,scedc:11010213,2011-09-21T21:50:51.890000Z,34.27633333333333,-119.64666666666666,2.11,2.4,,,SCEDC,,A,24,0.17,SCSN
11010485,scedc:11010485,2011-09-22T08:26:53.870000Z,34.986333333333334,-116.94783333333334,7.88,2.4,,,SCEDC,,A,68,0.15,SCSN
11010645,scedc:11010645,2011-09-22T15:45:23.350000Z,33.7315,-116.05466666666666,4.98,2.8,,,SCEDC,,A,60,0.17,SCSN
11010709,scedc:11010709,2011-09-22T16:58:08.840000Z,34.02133333333333,-116.9595,14.98,2.3,,,SCEDC,,A,44,0.09,SCSN
11011013,scedc:11011013,2011-09-23T01:56:22.770000Z,35.4915,-118.38683333333331,4.5,2.1,,,SCEDC,,C,82,0.19,SCSN
11011765,scedc:11011765,2011-09-24T05:22:12.110000Z,34.0605,-117.24666666666668,16.5,2.1,,,SCEDC,,A,85,0.16,SCSN
15056428,scedc:15056428,2011-09-27T20:38:50.550000Z,34.306666666666665,-116.97866666666668,4.36,2.1,,,SCEDC,,A,91,0.22,SCSN
15056532,scedc:15056532,2011-09-28T06:50:01.640000Z,35.49283333333333,-118.39666666666666,1.51,2.0,,,SCEDC,,A,62,0.16,SCSN
15056612,scedc:15056612,2011-09-28T11:12:08.760000Z,34.31066666666667,-116.97416666666666,4.33,2.2,,,SCEDC,,A,99,0.16,SCSN
15056740,scedc:15056740,2011-09-28T15:49:20.990000Z,34.30616666666667,-116.9755,4.25,2.1,,,SCEDC,,A,92,0.18,SCSN
15056860,scedc:15056860,2011-09-28T21:39:25.980000Z,34.30733333333333,-116.9755,4.52,2.1,,,SCEDC,,A,92,0.15,SCSN
15058004,scedc:15058004,2011-10-01T14:04:16.980000Z,33.954,-118.77866666666668,10.78,2.0,,,SCEDC,,A,47,0.18,SCSN
15058940,scedc:15058940,2011-10-04T01:51:54.440000Z,34.3405,-118.46633333333334,4.65,2.0,,,SCEDC,,A,64,0.3,SCSN
15058956,scedc:15058956,2011-10-04T02:36:49.150000Z,34.33833333333333,-118.462,4.43,2.5,,,SCEDC,,A,90,0.29,SCSN
15059196,scedc:15059196,2011-10-04T18:10:26.290000Z,33.4725,-116.57333333333334,10.96,2.1,,,SCEDC,,A,98,0.23,SCSN
15059396,scedc:15059396,2011-10-05T04:42:48.920000Z,35.49133333333333,-118.43283333333332,4.57,2.5,,,SCEDC,,C,59,0.21,SCSN
15060612,scedc:15060612,2011-10-08T02:53:23.470000Z,34.3325,-118.4795,4.45,2.2,,,SCEDC,,A,40,0.2,SCSN
15060636,scedc:15060636,2011-10-08T04:46:01.570000Z,35.13133333333333,-118.24366666666668,4.12,2.0,,,SCEDC,,C,60,0.17,SCSN
15060820,scedc:15060820,2011-10-08T18:55:22.070000Z,35.494,-118.398,1.78,3.1,,,SCEDC,,A,96,0.23,SCSN
15061092,scedc:15061092,2011-10-09T11:47:01.330000Z,33.72716666666667,-119.38916666666668,5.76,3.0,,,SCEDC,,C,41,0.31,SCSN
15061732,scedc:15061732,2011-10-10T17:38:35.440000Z,33.607166666666664,-118.28533333333333,3.55,2.3,,,SCEDC,,C,9,0.13,SCSN
15061788,scedc:15061788,2011-10-10T21:28:01.970000Z,33.53333333333333,-116.43883333333332,9.27,2.0,,,SCEDC,,A,91,0.2,SCSN
15061972,scedc:15061972,2011-10-11T10:12:02.380000Z,34.72,-116.0275,6.58,3.4,,,SCEDC,,B,68,0.15,SCSN
15063108,scedc:15063108,2011-10-14T03:23:03.800000Z,33.61033333333334,-118.311,1.43,2.5,,,SCEDC,,A,41,0.26,SCSN
15063500,scedc:15063500,2011-10-14T22:41:02.730000Z,34.358666666666664,-118.56033333333332,3.6,2.4,,,SCEDC,,A,76,0.31,SCSN
15063884,scedc:15063884,2011-10-15T19:31:52.330000Z,34.83383333333333,-118.9715,12.69,2.1,,,SCEDC,,A,40,0.19,SCSN
15063900,scedc:15063900,2011-10-15T21:11:49.580000Z,33.533833333333334,-116.4665,9.52,2.1,,,SCEDC,,A,22,0.11,SCSN
15064196,scedc:15064196,2011-10-16T23:32:02.790000Z,35.045,-117.6665,6.04,2.0,,,SCEDC,,C,56,0.21,SCSN
15064564,scedc:15064564,2011-10-17T20:14:44.250000Z,34.6965,-116.29266666666666,0.79,2.0,,,SCEDC,,A,43,0.23,SCSN
11022253,scedc:11022253,2011-10-19T11:08:11.180000Z,33.461666666666666,-116.4675,5.29,2.0,,,SCEDC,,A,95,0.23,SCSN
11022677,scedc:11022677,2011-10-20T05:50:23.400000Z,34.069833333333335,-118.8745,13.96,2.3,,,SCEDC,,A,68,0.25,SCSN
11023933,scedc:11023933,2011-10-22T10:39:36.690000Z,33.78183333333333,-116.1035,1.86,2.0,,,SCEDC,,A,83,0.21,SCSN
11024125,scedc:11024125,2011-10-22T22:27:40.310000Z,34.79716666666667,-116.40983333333334,3.52,2.4,,,SCEDC,,A,40,0.13,SCSN
11024285,scedc:11024285,2011-10-23T15:10:37.250000Z,33.719833333333334,-116.8015,15.09,2.1,,,SCEDC,,A,92,0.23,SCSN
11025021,scedc:11025021,2011-10-24T23:20:13.500000Z,35.031666666666666,-117.67183333333334,6.16,2.0,,,SCEDC,,C,15,0.24,SCSN
11025581,scedc:11025581,2011-10-26T10:05:24.300000Z,32.8615,-118.3865,8.32,2.2,,,SCEDC,,C,15,0.05,SCSN
11025749,scedc:11025749,2011-10-26T19:32:44.910000Z,33.876333333333335,-117.696,11.27,2.0,,,SCEDC,,A,86,0.2,SCSN
11025805,scedc:11025805,2011-10-26T20:31:20.100000Z,32.99933333333333,-116.39516666666668,7.23,2.2,,,SCEDC,,B,84,0.24,SCSN
11026125,scedc:11026125,2011-10-27T12:30:49.530000Z,34.330333333333336,-118.44533333333334,4.52,2.2,,,SCEDC,,A,65,0.28,SCSN
11026397,scedc:11026397,2011-10-27T22:08:32.860000Z,35.49783333333333,-118.40916666666666,4.17,2.1,,,SCEDC,,C,38,0.15,SCSN
11026573,scedc:11026573,2011-10-28T08:46:37.360000Z,33.86833333333333,-119.32466666666669,9.73,2.4,,,SCEDC,,C,70,0.54,SCSN
15070788,scedc:15070788,2011-10-31T19:00:55.180000Z,33.471,-116.5745,10.38,2.0,,,SCEDC,,A,97,0.23,SCSN
15070980,scedc:15070980,2011-11-01T00:10:39.650000Z,33.989,-116.85466666666667,12.2,2.0,,,SCEDC,,A,52,0.13,SCSN
15071724,scedc:15071724,2011-11-02T17:42:34.550000Z,34.493833333333335,-119.27683333333331,2.14,2.5,,,SCEDC,,A,46,0.35,SCSN
15072484,scedc:15072484,2011-11-05T01:30:58.220000Z,33.066833333333335,-118.0485,9.81,2.5,,,SCEDC,,C,68,0.55,SCSN
15072724,scedc:15072724,2011-11-05T20:33:21.070000Z,33.8535,-118.29466666666669,18.65,2.5,,,SCEDC,,A,96,0.39,SCSN
15072788,scedc:15072788,2011-11-06T02:18:31.490000Z,35.227,-118.0705,7.82,2.8,,,SCEDC,,A,69,0.16,SCSN
15074068,scedc:15074068,2011-11-09T15:35:03.700000Z,33.488166666666665,-116.5,10.72,2.1,,,SCEDC,,A,91,0.22,SCSN
15074076,scedc:15074076,2011-11-09T15:35:30.290000Z,33.4925,-116.49216666666666,11.31,2.0,,,SCEDC,,A,67,0.2,SCSN
15074500,scedc:15074500,2011-11-10T23:22:51.430000Z,33.471666666666664,-116.4505,8.83,2.1,,,SCEDC,,A,88,0.25,SCSN
15074548,scedc:15074548,2011-11-11T01:58:00.580000Z,33.99633333333333,-118.46766666666667,13.0,2.4,,,SCEDC,,A,90,0.29,SCSN
15074780,scedc:15074780,2011-11-11T21:20:43.150000Z,35.499833333333335,-118.40766666666669,4.46,2.2,,,SCEDC,,C,52,0.16,SCSN
15075180,scedc:15075180,2011-11-13T03:13:30.030000Z,35.50116666666667,-118.40883333333332,3.61,2.0,,,SCEDC,,A,48,0.16,SCSN
15075836,scedc:15075836,2011-11-15T14:51:01.140000Z,34.074666666666666,-119.26366666666668,10.58,2.8,,,SCEDC,,A,58,0.41,SCSN
15076724,scedc:15076724,2011-11-17T19:47:49.420000Z,33.691,-118.31566666666669,11.38,2.2,,,SCEDC,,A,18,0.18,SCSN
11034125,scedc:11034125,2011-11-18T23:27:01.610000Z,33.46633333333333,-116.51683333333334,12.9,2.1,,,SCEDC,,A,95,0.19,SCSN
37011839,scedc:37011839,2011-11-19T20:32:33.970000Z,33.246,-116.2615,3.8,3.3,,,SCEDC,,A,28,0.34,SCSN
11034493,scedc:11034493,2011-11-19T21:06:59.650000Z,33.2475,-116.25783333333334,6.8,2.0,,,SCEDC,,C,87,0.25,SCSN
11035909,scedc:11035909,2011-11-23T13:37:04.280000Z,33.98416666666667,-116.6615,16.27,2.4,,,SCEDC,,A,84,0.21,SCSN
11036005,scedc:11036005,2011-11-23T19:32:37.230000Z,33.056333333333335,-117.69366666666669,16.07,2.2,,,SCEDC,,C,52,0.16,SCSN
15079980,scedc:15079980,2011-11-27T01:47:48.470000Z,34.38016666666667,-117.64933333333332,4.65,2.7,,,SCEDC,,A,95,0.23,SCSN
15080068,scedc:15080068,2011-11-27T09:39:18.230000Z,34.381,-117.65183333333331,6.98,2.0,,,SCEDC,,A,93,0.29,SCSN
15080236,scedc:15080236,2011-11-28T03:36:39.020000Z,35.39516666666667,-117.826,3.54,2.5,,,SCEDC,,A,64,0.17,SCSN
15080668,scedc:15080668,2011-11-29T06:56:09.020000Z,33.632666666666665,-119.05633333333331,15.55,3.3,,,SCEDC,,A,58,0.18,SCSN
15081588,scedc:15081588,2011-12-01T19:20:36.820000Z,32.836166666666664,-118.2935,4.3,2.8,,,SCEDC,,C,48,0.29,SCSN
15081692,scedc:15081692,2011-12-02T01:42:59.640000Z,34.33266666666667,-119.20016666666666,11.41,2.4,,,SCEDC,,A,65,0.44,SCSN
15081764,scedc:15081764,2011-12-02T04:41:49.370000Z,35.5005,-118.404,2.03,2.3,,,SCEDC,,A,59,0.18,SCSN
15081876,scedc:15081876,2011-12-02T10:43:07.110000Z,35.49783333333333,-118.39083333333332,0.95,2.5,,,SCEDC,,A,56,0.18,SCSN
15082188,scedc:15082188,2011-12-03T08:36:55.870000Z,33.87166666666667,-119.302,6.67,2.8,,,SCEDC,,C,71,0.41,SCSN
15082556,scedc:15082556,2011-12-04T20:27:18.360000Z,34.049166666666665,-117.44383333333332,1.64,2.0,,,SCEDC,,A,98,0.28,SCSN
15082748,scedc:15082748,2011-12-05T14:34:43.780000Z,34.038833333333336,-116.44033333333331,9.46,2.3,,,SCEDC,,A,74,0.15,SCSN
15083060,scedc:15083060,2011-12-06T06:28:03.930000Z,33.7665,-118.08466666666666,17.1,2.3,,,SCEDC,,A,83,0.21,SCSN
15083212,scedc:15083212,2011-12-06T12:50:26.470000Z,34.732166666666664,-116.2965,4.53,2.4,,,SCEDC,,C,50,0.21,SCSN
15083764,scedc:15083764,2011-12-07T20:04:33.370000Z,35.4895,-118.393,6.26,2.0,,,SCEDC,,C,58,0.16,SCSN
15083988,scedc:15083988,2011-12-08T06:33:47.960000Z,33.9095,-118.339,16.18,2.7,,,SCEDC,,A,71,0.23,SCSN
15086956,scedc:15086956,2011-12-16T11:00:29.520000Z,34.055,-116.35483333333332,10.67,2.4,,,SCEDC,,A,98,0.19,SCSN
11045309,scedc:11045309,2011-12-21T17:06:22.680000Z,33.977833333333336,-118.413,11.15,2.4,,,SCEDC,,A,52,0.18,SCSN
11046037,scedc:11046037,2011-12-24T00:40:02.410000Z,33.69566666666667,-118.29116666666668,5.18,2.0,,,SCEDC,,A,15,0.19,SCSN
11046621,scedc:11046621,2011-12-26T12:34:59.300000Z,34.005833333333335,-116.31733333333334,10.0,2.0,,,SCEDC,,A,87,0.18,SCSN
11046685,scedc:11046685,2011-12-26T19:27:33.730000Z,34.32516666666667,-116.46316666666668,3.5,2.5,,,SCEDC,,A,97,0.17,SCSN
11047381,scedc:11047381,2011-12-28T18:14:34.260000Z,35.11633333333333,-116.60183333333332,2.28,2.2,,,SCEDC,,A,75,0.12,SCSN
11047781,scedc:11047781,2011-12-30T02:46:42.320000Z,34.7535,-116.44066666666669,4.33,2.0,,,SCEDC,,A,13,0.1,SCSN
11048749,scedc:11048749,2012-01-02T06:36:27.250000Z,33.50416666666667,-118.19483333333334,5.79,2.1,,,SCEDC,,C,18,0.28,SCSN
11049181,scedc:11049181,2012-01-03T03:29:06.990000Z,33.506166666666665,-118.21516666666666,5.18,2.1,,,SCEDC,,C,12,0.31,SCSN
11049557,scedc:11049557,2012-01-04T18:25:42.740000Z,33.24133333333333,-116.4205,2.34,2.1,,,SCEDC,,A,86,0.25,SCSN
11049989,scedc:11049989,2012-01-05T16:07:09.970000Z,34.339166666666664,-116.466,6.36,2.0,,,SCEDC,,A,97,0.3,SCSN
11051013,scedc:11051013,2012-01-07T17:00:56.550000Z,33.04216666666667,-117.88166666666666,15.9,2.6,,,SCEDC,,C,50,0.37,SCSN
11051397,scedc:11051397,2012-01-08T10:42:33.010000Z,33.73016666666667,-116.05733333333332,5.27,2.2,,,SCEDC,,C,79,0.16,SCSN
11051437,scedc:11051437,2012-01-08T17:29:42.760000Z,33.726,-116.05733333333332,5.33,2.0,,,SCEDC,,C,63,0.16,SCSN
11051453,scedc:11051453,2012-01-08T19:15:02.770000Z,33.56666666666667,-118.325,2.65,2.8,,,SCEDC,,A,33,0.25,SCSN
11051613,scedc:11051613,2012-01-09T06:24:33.790000Z,34.27733333333333,-119.67133333333334,0.1,2.1,,,SCEDC,,A,24,0.19,SCSN
11052189,scedc:11052189,2012-01-10T14:19:00.780000Z,33.044333333333334,-117.88533333333334,7.32,2.5,,,SCEDC,,C,52,0.41,SCSN
11052365,scedc:11052365,2012-01-10T20:39:21.880000Z,34.34133333333333,-118.46783333333332,4.78,2.1,,,SCEDC,,A,52,0.29,SCSN
11052653,scedc:11052653,2012-01-11T10:29:10.870000Z,33.69583333333333,-119.35716666666669,9.73,2.4,,,SCEDC,,C,22,0.18,SCSN
11053397,scedc:11053397,2012-01-13T08:24:16.120000Z,35.0645,-119.06966666666666,14.06,2.2,,,SCEDC,,A,39,0.33,SCSN
11053549,scedc:11053549,2012-01-13T15:49:34.040000Z,34.339666666666666,-118.45516666666668,5.47,2.7,,,SCEDC,,A,55,0.21,SCSN
11053557,scedc:11053557,2012-01-13T15:50:00.120000Z,34.342666666666666,-118.467,4.81,2.7,,,SCEDC,,A,60,0.35,SCSN
15097156,scedc:15097156,2012-01-14T10:47:54.190000Z,33.033833333333334,-116.44216666666668,4.8,2.0,,,SCEDC,,C,89,0.26,SCSN
15099260,scedc:15099260,2012-01-19T18:10:59.000000Z,34.236,-117.47266666666668,9.18,2.0,,,SCEDC,,A,66,0.18,SCSN
11056965,scedc:11056965,2012-01-21T17:41:36.400000Z,34.50783333333333,-118.83583333333333,15.76,2.5,,,SCEDC,,A,77,0.35,SCSN
11056989,scedc:11056989,2012-01-21T18:51:28.420000Z,34.01316666666666,-119.21483333333332,2.85,2.3,,,SCEDC,,A,44,0.48,SCSN
11057213,scedc:11057213,2012-01-22T15:24:23.780000Z,33.245666666666665,-116.4225,2.8,2.2,,,SCEDC,,A,95,0.19,SCSN
15101596,scedc:15101596,2012-01-26T11:39:11.780000Z,35.541333333333334,-118.4075,4.37,2.1,,,SCEDC,,C,64,0.21,SCSN
15102172,scedc:15102172,2012-01-27T15:01:14.720000Z,34.44833333333333,-119.02866666666668,11.62,2.8,,,SCEDC,,A,42,0.22,SCSN
15102236,scedc:15102236,2012-01-27T16:43:38.480000Z,33.034333333333336,-116.4425,4.92,2.1,,,SCEDC,,C,95,0.2,SCSN
15102940,scedc:15102940,2012-01-29T16:35:07.700000Z,34.39066666666667,-119.51,12.67,2.3,,,SCEDC,,A,50,0.37,SCSN
15103292,scedc:15103292,2012-01-30T11:19:57.620000Z,34.24033333333333,-119.6845,5.53,2.1,,,SCEDC,,C,45,0.42,SCSN
37015639,scedc:37015639,2012-01-30T11:20:14.230000Z,34.25983333333333,-119.668,5.49,2.2,,,SCEDC,,C,39,0.47,SCSN
15103620,scedc:15103620,2012-01-30T22:40:05.550000Z,34.3355,-117.0085,9.59,2.0,,,SCEDC,,A,91,0.18,SCSN
15103940,scedc:15103940,2012-01-31T11:51:30.490000Z,34.257666666666665,-119.68433333333331,0.87,2.6,,,SCEDC,,A,45,0.37,SCSN
15104028,scedc:15104028,2012-01-31T16:48:13.680000Z,34.57866666666666,-118.477,3.46,2.0,,,SCEDC,,A,46,0.14,SCSN
15104284,scedc:15104284,2012-02-01T00:51:03.000000Z,33.78333333333333,-116.16516666666666,6.35,2.4,,,SCEDC,,A,90,0.18,SCSN
11062061,scedc:11062061,2012-02-02T18:04:42.850000Z,33.189,-116.37883333333332,10.77,2.0,,,SCEDC,,A,85,0.25,SCSN
11062773,scedc:11062773,2012-02-04T08:53:43.840000Z,33.928666666666665,-116.80683333333332,15.9,2.0,,,SCEDC,,A,98,0.25,SCSN
11063421,scedc:11063421,2012-02-06T02:20:06.110000Z,34.938,-119.01083333333334,12.4,2.0,,,SCEDC,,A,47,0.37,SCSN
11064189,scedc:11064189,2012-02-07T23:56:26.230000Z,33.3165,-118.24183333333332,14.83,2.7,,,SCEDC,,C,57,0.23,SCSN
11064213,scedc:11064213,2012-02-08T00:30:47.680000Z,33.3585,-118.21333333333334,11.45,3.3,,,SCEDC,,A,45,0.41,SCSN
11065365,scedc:11065365,2012-02-10T11:35:46.400000Z,33.852,-117.77166666666666,8.65,2.4,,,SCEDC,,A,79,0.24,SCSN
11066365,scedc:11066365,2012-02-13T15:37:38.780000Z,34.443666666666665,-119.00933333333332,12.08,2.2,,,SCEDC,,A,52,0.41,SCSN
11068621,scedc:11068621,2012-02-18T14:45:02.180000Z,34.44233333333333,-119.0115,14.13,2.8,,,SCEDC,,A,44,0.27,SCSN
11070301,scedc:11070301,2012-02-21T18:37:06.080000Z,34.2595,-119.678,1.16,2.0,,,SCEDC,,C,14,0.17,SCSN
11070677,scedc:11070677,2012-02-22T17:53:39.670000Z,33.39,-118.21533333333332,5.55,2.3,,,SCEDC,,C,29,0.17,SCSN
11071485,scedc:11071485,2012-02-24T15:01:02.030000Z,33.908,-118.33666666666667,16.66,2.1,,,SCEDC,,A,63,0.31,SCSN
15115657,scedc:15115657,2012-02-28T09:38:28.680000Z,33.489666666666665,-116.777,4.39,2.6,,,SCEDC,,C,34,0.12,SCSN
15115737,scedc:15115737,2012-02-28T14:23:23.380000Z,33.03966666666667,-116.44816666666668,4.73,2.1,,,SCEDC,,C,78,0.18,SCSN
15118897,scedc:15118897,2012-03-05T23:24:47.090000Z,33.0315,-116.44366666666669,4.98,2.1,,,SCEDC,,C,90,0.22,SCSN
15119353,scedc:15119353,2012-03-07T00:30:59.080000Z,33.65233333333333,-116.71633333333334,11.01,2.3,,,SCEDC,,C,18,0.09,SCSN
15119497,scedc:15119497,2012-03-07T12:03:44.500000Z,33.7895,-118.07483333333332,11.05,2.0,,,SCEDC,,A,42,0.19,SCSN
15119609,scedc:15119609,2012-03-07T17:55:50.680000Z,33.77733333333333,-116.90683333333334,11.29,2.2,,,SCEDC,,A,16,0.14,SCSN
11078034,scedc:11078034,2012-03-09T18:07:29.200000Z,33.3245,-116.39933333333332,5.51,2.4,,,SCEDC,,A,75,0.16,SCSN
11078642,scedc:11078642,2012-03-11T09:34:29.510000Z,35.407333333333334,-117.80133333333332,9.19,2.0,,,SCEDC,,A,63,0.13,SCSN
11079178,scedc:11079178,2012-03-12T21:02:02.840000Z,33.37766666666667,-116.848,7.32,2.0,,,SCEDC,,A,84,0.23,SCSN
11079850,scedc:11079850,2012-03-14T14:05:20.990000Z,34.72683333333333,-116.29583333333332,5.0,2.9,,,SCEDC,,A,58,0.1,SCSN
11079874,scedc:11079874,2012-03-14T16:21:51.260000Z,34.618,-116.601,7.87,2.5,,,SCEDC,,A,95,0.17,SCSN
11080754,scedc:11080754,2012-03-16T17:18:08.130000Z,34.04516666666667,-117.282,17.03,2.1,,,SCEDC,,A,91,0.16,SCSN
11083546,scedc:11083546,2012-03-23T20:02:49.810000Z,33.90383333333333,-118.39766666666668,10.46,2.3,,,SCEDC,,A,73,0.27,SCSN
11084418,scedc:11084418,2012-03-26T02:18:49.080000Z,33.044333333333334,-116.443,6.24,2.1,,,SCEDC,,A,99,0.19,SCSN
11084714,scedc:11084714,2012-03-27T01:15:05.980000Z,33.46333333333333,-118.1615,7.43,2.5,,,SCEDC,,A,59,0.28,SCSN
11085538,scedc:11085538,2012-03-28T16:51:32.800000Z,33.7545,-118.1785,16.72,2.1,,,SCEDC,,A,60,0.37,SCSN
11086778,scedc:11086778,2012-03-31T09:53:26.800000Z,33.691,-119.136,11.15,3.0,,,SCEDC,,A,86,0.24,SCSN
11087506,scedc:11087506,2012-04-02T01:22:04.720000Z,33.856833333333334,-116.1565,4.52,2.0,,,SCEDC,,A,85,0.25,SCSN
11088106,scedc:11088106,2012-04-03T15:56:58.120000Z,33.857166666666664,-116.154,1.85,2.0,,,SCEDC,,A,42,0.15,SCSN
11088146,scedc:11088146,2012-04-03T16:38:58.910000Z,33.854166666666664,-116.15466666666669,1.89,2.1,,,SCEDC,,A,55,0.13,SCSN
11088210,scedc:11088210,2012-04-03T19:36:26.470000Z,34.806666666666665,-118.92283333333332,10.99,2.0,,,SCEDC,,A,26,0.17,SCSN
11088378,scedc:11088378,2012-04-03T23:43:47.310000Z,33.8555,-116.15566666666666,5.7,2.1,,,SCEDC,,A,64,0.15,SCSN
11088658,scedc:11088658,2012-04-04T09:54:15.500000Z,33.85316666666667,-116.155,4.56,2.1,,,SCEDC,,C,74,0.14,SCSN
11088722,scedc:11088722,2012-04-04T12:16:53.330000Z,33.854166666666664,-116.15633333333334,2.45,2.0,,,SCEDC,,A,72,0.14,SCSN
11089042,scedc:11089042,2012-04-05T02:31:17.730000Z,33.859,-116.1595,0.16,2.1,,,SCEDC,,A,83,0.21,SCSN
11089098,scedc:11089098,2012-04-05T05:39:31.500000Z,33.85583333333334,-116.15583333333332,2.0,2.3,,,SCEDC,,A,66,0.14,SCSN
11089146,scedc:11089146,2012-04-05T07:22:55.690000Z,33.85616666666667,-116.16666666666669,4.22,2.8,,,SCEDC,,A,87,0.28,SCSN
11089434,scedc:11089434,2012-04-05T23:34:30.700000Z,33.859833333333334,-116.1555,2.25,2.3,,,SCEDC,,A,76,0.16,SCSN
11089442,scedc:11089442,2012-04-05T23:35:01.600000Z,33.85966666666667,-116.15583333333332,2.46,2.4,,,SCEDC,,A,74,0.17,SCSN
11089562,scedc:11089562,2012-04-06T06:56:42.540000Z,33.857,-116.16466666666666,4.45,2.0,,,SCEDC,,A,66,0.23,SCSN
11090130,scedc:11090130,2012-04-07T22:06:45.800000Z,33.8535,-116.1625,4.85,2.2,,,SCEDC,,A,84,0.23,SCSN
11090570,scedc:11090570,2012-04-08T21:09:39.650000Z,33.59,-118.37416666666668,0.23,2.3,,,SCEDC,,A,37,0.32,SCSN
11090658,scedc:11090658,2012-04-09T03:20:35.640000Z,33.847833333333334,-116.15666666666668,3.38,2.2,,,SCEDC,,A,91,0.13,SCSN
11090706,scedc:11090706,2012-04-09T04:54:53.290000Z,33.85166666666667,-116.15966666666668,2.63,2.6,,,SCEDC,,A,86,0.16,SCSN
11090746,scedc:11090746,2012-04-09T07:18:24.230000Z,33.851333333333336,-116.1595,2.55,2.0,,,SCEDC,,A,94,0.13,SCSN
11090818,scedc:11090818,2012-04-09T10:10:47.190000Z,33.85016666666667,-116.15783333333331,2.33,2.0,,,SCEDC,,A,81,0.16,SCSN
11091682,scedc:11091682,2012-04-11T10:37:33.210000Z,33.49516666666667,-116.427,9.56,2.4,,,SCEDC,,A,72,0.13,SCSN
11092210,scedc:11092210,2012-04-12T19:11:52.330000Z,33.85816666666667,-116.1525,1.83,2.4,,,SCEDC,,A,34,0.13,SCSN
15134561,scedc:15134561,2012-04-12T22:18:59.780000Z,33.460166666666666,-116.45733333333334,7.74,2.0,,,SCEDC,,A,95,0.17,SCSN
15134585,scedc:15134585,2012-04-12T23:06:45.870000Z,33.0365,-116.383,9.73,2.0,,,SCEDC,,A,91,0.19,SCSN
15134721,scedc:15134721,2012-04-13T04:18:02.670000Z,33.470666666666666,-118.24983333333331,6.27,2.3,,,SCEDC,,C,40,0.36,SCSN
15135297,scedc:15135297,2012-04-14T07:11:01.200000Z,33.7995,-116.09333333333332,1.73,2.1,,,SCEDC,,A,64,0.15,SCSN
15135345,scedc:15135345,2012-04-14T11:34:29.520000Z,32.992333333333335,-116.46083333333333,4.85,2.7,,,SCEDC,,B,92,0.19,SCSN
15135569,scedc:15135569,2012-04-15T07:42:39.070000Z,35.4465,-117.672,8.58,2.2,,,SCEDC,,A,52,0.13,SCSN
15135737,scedc:15135737,2012-04-16T00:18:41.580000Z,33.853,-116.16033333333333,2.97,2.1,,,SCEDC,,A,91,0.17,SCSN
15135833,scedc:15135833,2012-04-16T03:02:58.150000Z,33.506166666666665,-116.31066666666666,11.26,2.5,,,SCEDC,,A,94,0.16,SCSN
15135849,scedc:15135849,2012-04-16T03:07:27.830000Z,33.50366666666667,-116.31566666666669,10.22,2.3,,,SCEDC,,A,94,0.14,SCSN
15136553,scedc:15136553,2012-04-17T08:24:13.320000Z,34.0015,-116.32533333333332,8.45,2.0,,,SCEDC,,A,95,0.23,SCSN
15139281,scedc:15139281,2012-04-23T16:34:32.780000Z,32.98283333333333,-117.697,11.85,2.3,,,SCEDC,,C,85,0.22,SCSN
15139417,scedc:15139417,2012-04-23T19:25:53.730000Z,33.846333333333334,-116.1555,2.25,2.1,,,SCEDC,,A,90,0.16,SCSN
15140193,scedc:15140193,2012-04-25T05:29:32.410000Z,33.13666666666666,-117.937,5.8,3.0,,,SCEDC,,C,70,0.22,SCSN
15140289,scedc:15140289,2012-04-25T13:22:00.380000Z,33.8585,-116.15783333333331,2.59,2.0,,,SCEDC,,A,86,0.15,SCSN
15140793,scedc:15140793,2012-04-26T21:36:30.920000Z,35.476166666666664,-118.45766666666668,4.49,2.2,,,SCEDC,,C,33,0.19,SCSN
15140857,scedc:15140857,2012-04-27T00:40:00.480000Z,32.973166666666664,-117.78416666666666,9.71,2.0,,,SCEDC,,C,45,0.26,SCSN
15141129,scedc:15141129,2012-04-27T14:47:12.350000Z,35.258833333333335,-119.3055,19.54,2.6,,,SCEDC,,A,52,0.28,SCSN
15141529,scedc:15141529,2012-04-28T15:09:31.870000Z,34.205666666666666,-117.4065,9.45,2.0,,,SCEDC,,A,83,0.17,SCSN
15142137,scedc:15142137,2012-04-30T01:34:06.170000Z,34.25483333333333,-119.67216666666668,7.92,2.1,,,SCEDC,,C,33,0.57,SCSN
15142161,scedc:15142161,2012-04-30T03:16:30.700000Z,34.413333333333334,-116.48283333333332,7.62,2.5,,,SCEDC,,A,93,0.14,SCSN
11101994,scedc:11101994,2012-05-04T10:30:31.980000Z,33.6855,-116.69716666666666,16.32,2.0,,,SCEDC,,A,26,0.19,SCSN
11104394,scedc:11104394,2012-05-09T00:48:05.060000Z,34.35966666666667,-119.56266666666669,11.46,2.1,,,SCEDC,,A,20,0.14,SCSN
15147009,scedc:15147009,2012-05-10T05:36:02.200000Z,34.36816666666667,-116.4585,2.36,2.1,,,SCEDC,,A,31,0.11,SCSN
15148065,scedc:15148065,2012-05-13T00:25:05.640000Z,35.318666666666665,-118.53533333333333,4.19,2.3,,,SCEDC,,A,38,0.12,SCSN
15148153,scedc:15148153,2012-05-13T04:45:48.760000Z,34.59133333333333,-116.2675,1.39,2.6,,,SCEDC,,A,80,0.11,SCSN
15148249,scedc:15148249,2012-05-13T09:30:08.050000Z,33.661,-118.26016666666666,0.99,2.0,,,SCEDC,,A,49,0.2,SCSN
15150153,scedc:15150153,2012-05-17T11:58:58.010000Z,35.0515,-119.14816666666668,17.99,2.0,,,SCEDC,,C,17,0.28,SCSN
15150537,scedc:15150537,2012-05-18T02:30:25.880000Z,32.62283333333333,-117.46416666666669,9.87,2.2,,,SCEDC,,C,54,0.15,SCSN
15152113,scedc:15152113,2012-05-20T13:29:31.860000Z,34.526666666666664,-118.7975,13.88,2.1,,,SCEDC,,A,74,0.27,SCSN
15152713,scedc:15152713,2012-05-21T09:07:11.020000Z,34.4945,-119.23416666666668,0.55,2.8,,,SCEDC,,A,70,0.3,SCSN
15152721,scedc:15152721,2012-05-21T09:25:40.210000Z,34.49933333333333,-119.23616666666666,0.27,2.6,,,SCEDC,,A,62,0.31,SCSN
15153161,scedc:15153161,2012-05-21T23:33:56.640000Z,33.64116666666666,-117.84183333333333,8.1,2.4,,,SCEDC,,A,87,0.19,SCSN
15154161,scedc:15154161,2012-05-24T05:45:27.410000Z,34.9475,-116.724,1.03,3.2,,,SCEDC,,A,74,0.14,SCSN
15154441,scedc:15154441,2012-05-25T09:01:45.420000Z,34.02883333333333,-118.90216666666667,10.22,2.4,,,SCEDC,,A,48,0.18,SCSN
15154473,scedc:15154473,2012-05-25T13:12:49.190000Z,34.221,-118.48383333333334,13.35,2.0,,,SCEDC,,A,40,0.13,SCSN
15155809,scedc:15155809,2012-05-28T17:25:18.710000Z,34.94716666666667,-116.72416666666666,1.26,2.8,,,SCEDC,,A,79,0.13,SCSN
15156305,scedc:15156305,2012-05-29T21:39:41.030000Z,34.94616666666667,-116.72433333333332,3.09,2.6,,,SCEDC,,A,61,0.12,SCSN
15156369,scedc:15156369,2012-05-30T00:04:37.700000Z,33.992333333333335,-118.91616666666668,14.72,2.2,,,SCEDC,,A,31,0.13,SCSN
15156497,scedc:15156497,2012-05-30T05:12:19.240000Z,33.697,-119.052,7.95,2.2,,,SCEDC,,A,20,0.15,SCSN
15156505,scedc:15156505,2012-05-30T05:14:00.810000Z,33.691833333333335,-119.058,16.18,4.0,,,SCEDC,,A,32,0.15,SCSN
37052203,scedc:37052203,2012-05-30T05:15:11.600000Z,33.7215,-119.07416666666668,5.85,2.5,,,SCEDC,,C,10,0.23,SCSN
15156801,scedc:15156801,2012-05-30T20:38:56.080000Z,34.94833333333333,-116.72466666666666,0.82,2.4,,,SCEDC,,A,47,0.11,SCSN
15156993,scedc:15156993,2012-05-31T03:14:51.780000Z,34.949333333333335,-116.72216666666668,1.81,2.1,,,SCEDC,,A,78,0.2,SCSN
15157065,scedc:15157065,2012-05-31T06:42:55.830000Z,33.17583333333334,-118.83333333333331,5.03,3.5,,,SCEDC,,C,30,0.14,SCSN
15157289,scedc:15157289,2012-05-31T21:31:50.120000Z,33.00183333333333,-116.382,9.21,2.0,,,SCEDC,,A,55,0.21,SCSN
15157329,scedc:15157329,2012-05-31T22:44:26.530000Z,34.103,-117.9275,13.27,2.0,,,SCEDC,,A,77,0.12,SCSN
15157409,scedc:15157409,2012-06-01T02:06:14.870000Z,34.94733333333333,-116.72366666666667,1.39,2.4,,,SCEDC,,A,59,0.16,SCSN
15157513,scedc:15157513,2012-06-01T06:37:14.480000Z,34.949,-116.72433333333332,1.71,2.3,,,SCEDC,,A,81,0.19,SCSN
15158289,scedc:15158289,2012-06-02T13:44:53.240000Z,33.933166666666665,-115.99066666666668,2.03,2.4,,,SCEDC,,A,93,0.16,SCSN
15160649,scedc:15160649,2012-06-07T16:18:56.770000Z,34.94983333333333,-116.721,0.71,2.0,,,SCEDC,,A,64,0.15,SCSN
15161601,scedc:15161601,2012-06-08T05:39:18.710000Z,34.3595,-116.45233333333331,9.58,2.2,,,SCEDC,,A,92,0.14,SCSN
15162513,scedc:15162513,2012-06-10T00:13:40.080000Z,33.227,-116.74616666666668,11.03,2.0,,,SCEDC,,A,54,0.19,SCSN
15162585,scedc:15162585,2012-06-10T04:33:58.920000Z,34.95183333333333,-116.72233333333334,0.82,3.1,,,SCEDC,,A,99,0.12,SCSN
15162833,scedc:15162833,2012-06-10T20:25:46.060000Z,34.49816666666667,-119.10933333333334,6.17,2.7,,,SCEDC,,A,78,0.33,SCSN
15163289,scedc:15163289,2012-06-11T20:03:30.450000Z,33.655,-118.2555,0.62,2.1,,,SCEDC,,A,42,0.23,SCSN
15163833,scedc:15163833,2012-06-13T15:34:56.370000Z,34.32366666666667,-116.4595,1.79,2.2,,,SCEDC,,A,74,0.15,SCSN
15164233,scedc:15164233,2012-06-14T11:38:02.820000Z,35.100833333333334,-116.65833333333332,1.5,2.0,,,SCEDC,,A,40,0.11,SCSN
15164249,scedc:15164249,2012-06-14T13:47:30.410000Z,34.257,-116.434,0.07,2.3,,,SCEDC,,A,94,0.15,SCSN
15165569,scedc:15165569,2012-06-17T13:31:36.970000Z,33.0415,-117.90233333333332,11.82,2.0,,,SCEDC,,A,53,0.27,SCSN
15165737,scedc:15165737,2012-06-17T22:25:30.350000Z,33.31733333333333,-116.4005,4.72,2.1,,,SCEDC,,A,99,0.16,SCSN
15165913,scedc:15165913,2012-06-18T09:05:05.610000Z,34.49816666666667,-119.10866666666666,5.54,2.4,,,SCEDC,,A,86,0.32,SCSN
15167201,scedc:15167201,2012-06-21T07:02:16.220000Z,33.861333333333334,-118.27616666666668,12.9,2.0,,,SCEDC,,A,65,0.25,SCSN
11126010,scedc:11126010,2012-06-23T02:20:16.800000Z,33.0635,-116.44666666666669,4.11,2.3,,,SCEDC,,A,86,0.23,SCSN
11127122,scedc:11127122,2012-06-25T19:16:37.050000Z,33.522666666666666,-118.29683333333334,4.3,2.2,,,SCEDC,,B,46,0.43,SCSN
11127482,scedc:11127482,2012-06-26T16:48:47.140000Z,34.829,-117.08416666666666,6.21,2.4,,,SCEDC,,A,84,0.15,SCSN
11127762,scedc:11127762,2012-06-27T04:39:04.380000Z,34.00066666666667,-116.6335,15.02,2.1,,,SCEDC,,A,84,0.12,SCSN
11127858,scedc:11127858,2012-06-27T12:04:43.570000Z,33.6825,-118.06683333333334,12.3,2.2,,,SCEDC,,A,71,0.2,SCSN
11128242,scedc:11128242,2012-06-28T13:30:33.860000Z,34.396,-119.60083333333333,13.22,2.5,,,SCEDC,,A,64,0.31,SCSN
11129002,scedc:11129002,2012-06-30T01:23:33.780000Z,34.37583333333333,-117.68683333333334,8.69,2.0,,,SCEDC,,A,35,0.08,SCSN
11129842,scedc:11129842,2012-07-01T03:35:10.350000Z,33.997166666666665,-116.74483333333332,8.4,2.0,,,SCEDC,,C,47,0.43,SCSN
11129898,scedc:11129898,2012-07-01T06:15:24.100000Z,34.453,-119.29133333333333,10.07,2.2,,,SCEDC,,A,30,0.21,SCSN
11130178,scedc:11130178,2012-07-01T11:24:56.940000Z,33.80083333333333,-118.34666666666666,9.56,2.0,,,SCEDC,,A,69,0.25,SCSN
11130930,scedc:11130930,2012-07-02T16:03:17.790000Z,34.659333333333336,-116.21133333333331,2.88,2.3,,,SCEDC,,A,40,0.09,SCSN
11131154,scedc:11131154,2012-07-03T03:58:03.960000Z,33.711666666666666,-116.82716666666668,17.04,2.0,,,SCEDC,,A,73,0.13,SCSN
11131218,scedc:11131218,2012-07-03T07:51:44.170000Z,33.365833333333335,-116.40266666666666,12.04,2.0,,,SCEDC,,A,92,0.13,SCSN
11131410,scedc:11131410,2012-07-03T18:32:40.250000Z,33.04533333333333,-116.43283333333332,8.31,2.0,,,SCEDC,,A,76,0.17,SCSN
11131474,scedc:11131474,2012-07-03T21:14:35.810000Z,33.469166666666666,-118.2345,1.95,2.1,,,SCEDC,,A,15,0.16,SCSN
11131890,scedc:11131890,2012-07-04T19:33:50.690000Z,34.32233333333333,-116.45816666666668,1.72,2.0,,,SCEDC,,A,56,0.1,SCSN
11132378,scedc:11132378,2012-07-05T18:48:07.910000Z,34.16133333333333,-118.16333333333333,16.16,2.1,,,SCEDC,,A,62,0.16,SCSN
11132386,scedc:11132386,2012-07-05T18:48:24.060000Z,34.1565,-118.16566666666668,16.53,2.1,,,SCEDC,,A,38,0.13,SCSN
11132562,scedc:11132562,2012-07-06T05:06:12.560000Z,33.499,-116.48916666666666,13.03,2.2,,,SCEDC,,A,98,0.14,SCSN
11132962,scedc:11132962,2012-07-07T01:34:31.940000Z,33.6375,-118.4045,12.59,2.0,,,SCEDC,,A,40,0.34,SCSN
11133706,scedc:11133706,2012-07-08T22:54:59.990000Z,33.85966666666667,-118.6345,13.28,2.3,,,SCEDC,,A,71,0.19,SCSN
11134090,scedc:11134090,2012-07-09T22:42:05.690000Z,34.272666666666666,-118.5775,12.13,2.0,,,SCEDC,,B,19,0.21,SCSN
11134218,scedc:11134218,2012-07-10T07:15:30.920000Z,34.910833333333336,-119.07833333333332,16.49,2.1,,,SCEDC,,A,59,0.2,SCSN
11134242,scedc:11134242,2012-07-10T09:06:24.250000Z,35.14666666666667,-116.86316666666669,4.87,2.1,,,SCEDC,,A,53,0.17,SCSN
11134362,scedc:11134362,2012-07-10T16:48:47.860000Z,34.04383333333333,-118.99383333333331,8.48,2.3,,,SCEDC,,A,53,0.27,SCSN
11134490,scedc:11134490,2012-07-10T20:28:58.330000Z,35.1435,-116.865,4.03,2.2,,,SCEDC,,A,56,0.15,SCSN
11134666,scedc:11134666,2012-07-11T06:13:10.870000Z,33.30883333333333,-116.3945,8.09,2.1,,,SCEDC,,A,82,0.17,SCSN
11135090,scedc:11135090,2012-07-12T03:13:54.440000Z,34.32516666666667,-116.45933333333332,2.63,2.2,,,SCEDC,,A,75,0.16,SCSN
11135370,scedc:11135370,2012-07-12T17:55:23.640000Z,34.09016666666667,-116.39283333333331,10.74,2.6,,,SCEDC,,A,46,0.14,SCSN
15179673,scedc:15179673,2012-07-17T22:15:33.910000Z,34.464666666666666,-118.01266666666666,9.98,2.0,,,SCEDC,,A,21,0.14,SCSN
15181129,scedc:15181129,2012-07-20T19:55:43.590000Z,34.23983333333334,-119.56066666666666,13.8,2.3,,,SCEDC,,A,38,0.24,SCSN
15182481,scedc:15182481,2012-07-24T13:42:17.820000Z,34.00116666666667,-116.907,11.89,2.1,,,SCEDC,,A,24,0.09,SCSN
15182873,scedc:15182873,2012-07-25T12:27:29.260000Z,33.962833333333336,-118.40483333333331,10.4,2.3,,,SCEDC,,A,53,0.17,SCSN
15184601,scedc:15184601,2012-07-29T15:42:00.510000Z,33.784333333333336,-115.97816666666668,5.97,2.0,,,SCEDC,,A,84,0.17,SCSN
15184681,scedc:15184681,2012-07-29T20:04:40.520000Z,33.766333333333336,-118.38183333333332,9.63,2.1,,,SCEDC,,A,57,0.21,SCSN
15185497,scedc:15185497,2012-07-31T13:06:25.960000Z,35.532333333333334,-117.505,6.53,2.8,,,SCEDC,,A,66,0.13,SCSN
15186217,scedc:15186217,2012-08-02T01:05:51.640000Z,34.247166666666665,-116.43216666666666,0.7,2.2,,,SCEDC,,A,78,0.12,SCSN
15186393,scedc:15186393,2012-08-02T09:53:39.650000Z,33.9105,-118.32783333333332,13.02,2.1,,,SCEDC,,A,49,0.2,SCSN
15187265,scedc:15187265,2012-08-04T01:58:02.150000Z,32.633,-117.50533333333334,21.9,2.5,,,SCEDC,,A,42,0.17,SCSN
15188481,scedc:15188481,2012-08-06T17:29:56.010000Z,32.7325,-117.37083333333334,14.73,2.2,,,SCEDC,,A,38,0.09,SCSN
15189081,scedc:15189081,2012-08-08T06:24:58.400000Z,33.904,-117.78366666666666,7.66,2.0,,,SCEDC,,A,34,0.09,SCSN
15189537,scedc:15189537,2012-08-09T00:28:34.210000Z,33.900666666666666,-117.78133333333334,8.16,2.1,,,SCEDC,,A,62,0.15,SCSN
15189873,scedc:15189873,2012-08-09T12:09:32.200000Z,35.4065,-116.89866666666668,6.87,2.9,,,SCEDC,,A,77,0.11,SCSN
15189889,scedc:15189889,2012-08-09T13:48:24.010000Z,34.676833333333335,-117.46266666666666,0.84,2.1,,,SCEDC,,A,85,0.14,SCSN
15190441,scedc:15190441,2012-08-10T12:00:01.440000Z,35.29666666666667,-118.77116666666667,4.73,2.5,,,SCEDC,,B,98,0.18,SCSN
15191121,scedc:15191121,2012-08-11T23:54:01.360000Z,35.114,-117.019,1.84,2.4,,,SCEDC,,A,56,0.13,SCSN
15194609,scedc:15194609,2012-08-18T14:45:16.940000Z,34.428666666666665,-119.10033333333334,14.28,2.9,,,SCEDC,,A,75,0.32,SCSN
15194617,scedc:15194617,2012-08-18T14:46:00.630000Z,34.429833333333335,-119.11316666666669,14.36,2.6,,,SCEDC,,A,58,0.33,SCSN
15194625,scedc:15194625,2012-08-18T14:50:12.030000Z,34.434333333333335,-119.10116666666669,13.71,2.6,,,SCEDC,,A,70,0.31,SCSN
15194897,scedc:15194897,2012-08-19T07:05:39.110000Z,34.431666666666665,-119.10733333333332,13.58,2.0,,,SCEDC,,A,51,0.29,SCSN
15195369,scedc:15195369,2012-08-20T14:02:40.070000Z,33.9655,-118.39816666666668,9.66,2.1,,,SCEDC,,A,47,0.18,SCSN
15197281,scedc:15197281,2012-08-23T11:07:25.960000Z,33.8545,-116.15983333333334,3.58,2.0,,,SCEDC,,A,94,0.21,SCSN
15198121,scedc:15198121,2012-08-24T23:07:59.590000Z,34.3245,-116.76333333333334,2.85,2.1,,,SCEDC,,A,81,0.12,SCSN
15198177,scedc:15198177,2012-08-25T03:51:22.600000Z,32.927166666666665,-118.533,9.25,2.7,,,SCEDC,,A,29,0.14,SCSN
15198225,scedc:15198225,2012-08-25T07:14:21.620000Z,34.2405,-116.89133333333334,6.18,2.3,,,SCEDC,,A,92,0.1,SCSN
15207457,scedc:15207457,2012-08-29T20:34:16.380000Z,33.90133333333333,-117.79233333333332,10.94,2.0,,,SCEDC,,A,32,0.2,SCSN
15208489,scedc:15208489,2012-08-30T21:07:49.620000Z,33.902833333333334,-117.7905,8.88,2.2,,,SCEDC,,A,45,0.12,SCSN
15208657,scedc:15208657,2012-08-31T02:53:34.890000Z,34.99966666666667,-118.85516666666666,15.38,2.0,,,SCEDC,,A,46,0.14,SCSN
15210665,scedc:15210665,2012-09-04T13:50:18.080000Z,34.64233333333333,-116.65,8.03,2.1,,,SCEDC,,A,57,0.15,SCSN
15210857,scedc:15210857,2012-09-04T23:10:48.410000Z,34.557833333333335,-118.95416666666668,18.51,2.9,,,SCEDC,,A,29,0.2,SCSN
15211033,scedc:15211033,2012-09-05T05:58:12.550000Z,33.62866666666667,-116.69183333333334,14.42,2.2,,,SCEDC,,A,40,0.12,SCSN
15211833,scedc:15211833,2012-09-07T00:43:14.850000Z,33.5865,-118.29166666666669,0.97,2.4,,,SCEDC,,A,44,0.19,SCSN
15213137,scedc:15213137,2012-09-09T23:19:30.140000Z,35.37533333333333,-118.54516666666666,3.47,2.0,,,SCEDC,,A,43,0.1,SCSN
15213161,scedc:15213161,2012-09-09T23:21:14.750000Z,35.379333333333335,-118.5425,2.96,2.4,,,SCEDC,,A,43,0.15,SCSN
15213177,scedc:15213177,2012-09-09T23:41:51.400000Z,35.37683333333333,-118.5505,4.12,2.1,,,SCEDC,,C,37,0.16,SCSN
15213993,scedc:15213993,2012-09-11T12:23:34.970000Z,35.373666666666665,-118.54283333333332,5.08,2.5,,,SCEDC,,A,75,0.22,SCSN
15214785,scedc:15214785,2012-09-12T22:37:45.270000Z,33.991,-118.71483333333332,14.52,2.1,,,SCEDC,,A,49,0.28,SCSN
15216225,scedc:15216225,2012-09-16T00:09:01.390000Z,34.709833333333336,-116.2855,0.82,2.6,,,SCEDC,,A,50,0.1,SCSN
15218041,scedc:15218041,2012-09-19T04:57:02.980000Z,35.3975,-117.8235,5.96,2.5,,,SCEDC,,A,77,0.12,SCSN
15218577,scedc:15218577,2012-09-20T09:32:13.850000Z,33.392,-116.40283333333332,8.62,2.0,,,SCEDC,,A,71,0.18,SCSN
15221257,scedc:15221257,2012-09-26T00:13:40.810000Z,35.2925,-117.95133333333334,3.64,2.4,,,SCEDC,,A,37,0.18,SCSN
15222033,scedc:15222033,2012-09-28T02:57:36.060000Z,33.027166666666666,-116.427,8.69,2.1,,,SCEDC,,A,89,0.2,SCSN
15223137,scedc:15223137,2012-10-01T19:54:43.880000Z,34.386833333333335,-118.6285,2.31,2.1,,,SCEDC,,A,73,0.32,SCSN
15223953,scedc:15223953,2012-10-03T05:15:23.630000Z,34.057,-118.9325,10.79,2.1,,,SCEDC,,A,49,0.25,SCSN
15225265,scedc:15225265,2012-10-05T17:21:51.350000Z,34.994,-116.501,0.17,2.3,,,SCEDC,,A,42,0.11,SCSN
15225521,scedc:15225521,2012-10-06T06:57:22.340000Z,33.61383333333333,-119.4595,9.73,2.5,,,SCEDC,,C,18,0.08,SCSN
15225537,scedc:15225537,2012-10-06T07:13:00.470000Z,34.95366666666666,-116.729,7.53,2.2,,,SCEDC,,A,57,0.2,SCSN
15228593,scedc:15228593,2012-10-12T09:13:23.240000Z,34.843,-116.95,10.0,2.7,,,SCEDC,,A,97,0.15,SCSN
15229641,scedc:15229641,2012-10-13T21:13:58.330000Z,32.90833333333333,-117.90616666666666,5.75,2.7,,,SCEDC,,C,23,0.2,SCSN
15229673,scedc:15229673,2012-10-13T22:00:39.120000Z,34.029,-119.00166666666668,17.08,2.3,,,SCEDC,,A,61,0.34,SCSN
15232217,scedc:15232217,2012-10-18T11:02:41.740000Z,34.573,-116.2625,2.03,2.2,,,SCEDC,,A,97,0.13,SCSN
15232793,scedc:15232793,2012-10-20T07:13:31.810000Z,32.875166666666665,-117.719,15.04,2.0,,,SCEDC,,C,56,0.15,SCSN
15235593,scedc:15235593,2012-10-25T12:04:38.360000Z,33.875,-116.19933333333331,9.11,2.3,,,SCEDC,,A,90,0.15,SCSN
15235953,scedc:15235953,2012-10-25T21:49:35.750000Z,33.74783333333333,-116.016,4.3,2.0,,,SCEDC,,A,64,0.15,SCSN
15236401,scedc:15236401,2012-10-26T17:15:24.950000Z,35.409666666666666,-117.95666666666666,3.06,2.5,,,SCEDC,,A,57,0.14,SCSN
15237345,scedc:15237345,2012-10-28T16:21:08.060000Z,34.348,-118.46383333333333,2.17,2.5,,,SCEDC,,A,87,0.22,SCSN
15237361,scedc:15237361,2012-10-28T16:27:43.340000Z,34.34883333333333,-118.46333333333334,1.55,2.3,,,SCEDC,,A,81,0.3,SCSN
15237569,scedc:15237569,2012-10-28T22:04:00.030000Z,34.30983333333333,-119.5365,10.46,2.4,,,SCEDC,,A,59,0.25,SCSN
15237577,scedc:15237577,2012-10-28T22:06:59.700000Z,34.323166666666665,-119.54866666666666,12.37,2.4,,,SCEDC,,A,25,0.26,SCSN
15237993,scedc:15237993,2012-10-29T13:15:15.060000Z,34.1025,-116.94816666666668,6.22,2.2,,,SCEDC,,A,14,0.14,SCSN
15238609,scedc:15238609,2012-10-30T17:30:14.520000Z,33.634166666666665,-116.75133333333332,15.03,2.6,,,SCEDC,,A,27,0.07,SCSN
15240097,scedc:15240097,2012-11-02T04:08:46.130000Z,35.01116666666667,-119.09083333333334,17.22,2.4,,,SCEDC,,A,68,0.2,SCSN
15241329,scedc:15241329,2012-11-05T04:06:40.820000Z,33.95516666666666,-118.35016666666668,8.42,2.3,,,SCEDC,,A,75,0.35,SCSN
15241353,scedc:15241353,2012-11-05T06:24:21.480000Z,33.98166666666667,-117.1975,12.31,2.0,,,SCEDC,,A,60,0.12,SCSN
15241489,scedc:15241489,2012-11-05T16:28:07.390000Z,33.924,-118.37716666666668,8.36,2.1,,,SCEDC,,A,26,0.23,SCSN
15241681,scedc:15241681,2012-11-06T02:00:52.940000Z,35.35966666666667,-118.46966666666668,8.72,2.0,,,SCEDC,,A,23,0.1,SCSN
15241705,scedc:15241705,2012-11-06T03:41:58.850000Z,33.889833333333335,-118.552,9.97,2.2,,,SCEDC,,A,47,0.13,SCSN
15242081,scedc:15242081,2012-11-07T03:39:25.950000Z,33.6175,-117.98383333333334,7.81,2.2,,,SCEDC,,A,61,0.2,SCSN
15242105,scedc:15242105,2012-11-07T06:12:03.470000Z,34.454,-119.29016666666666,10.11,2.2,,,SCEDC,,A,46,0.42,SCSN
15242577,scedc:15242577,2012-11-08T03:33:14.320000Z,34.342166666666664,-118.481,1.49,2.3,,,SCEDC,,A,56,0.36,SCSN
15243113,scedc:15243113,2012-11-09T12:34:21.770000Z,34.34166666666667,-118.49083333333331,1.3,2.1,,,SCEDC,,A,55,0.28,SCSN
15243649,scedc:15243649,2012-11-11T05:39:15.120000Z,33.9355,-116.02533333333334,1.83,2.7,,,SCEDC,,A,91,0.2,SCSN
15243705,scedc:15243705,2012-11-11T08:22:22.120000Z,34.223333333333336,-117.5135,7.05,2.0,,,SCEDC,,A,89,0.19,SCSN
15245521,scedc:15245521,2012-11-15T07:10:56.150000Z,33.06283333333333,-116.45383333333334,3.54,2.3,,,SCEDC,,A,96,0.2,SCSN
15245897,scedc:15245897,2012-11-16T04:44:36.980000Z,34.761833333333335,-117.494,1.28,2.7,,,SCEDC,,A,77,0.12,SCSN
11205282,scedc:11205282,2012-11-18T01:02:02.190000Z,34.70733333333333,-116.363,0.77,2.4,,,SCEDC,,A,47,0.11,SCSN
11206026,scedc:11206026,2012-11-19T20:51:28.100000Z,33.875166666666665,-116.2445,8.22,2.2,,,SCEDC,,A,96,0.14,SCSN
11206050,scedc:11206050,2012-11-19T22:59:40.750000Z,34.34616666666667,-117.6325,9.13,2.4,,,SCEDC,,A,81,0.14,SCSN
11206234,scedc:11206234,2012-11-20T09:14:58.730000Z,33.488166666666665,-116.4985,13.65,2.3,,,SCEDC,,A,90,0.17,SCSN
11207002,scedc:11207002,2012-11-22T07:33:32.200000Z,34.085166666666666,-119.47833333333334,21.42,2.1,,,SCEDC,,A,19,0.22,SCSN
11207130,scedc:11207130,2012-11-22T14:03:32.700000Z,33.9025,-118.457,10.39,2.8,,,SCEDC,,A,72,0.17,SCSN
11207362,scedc:11207362,2012-11-22T23:18:15.700000Z,32.99583333333333,-117.75183333333334,11.05,2.8,,,SCEDC,,B,76,0.34,SCSN
11207426,scedc:11207426,2012-11-23T02:08:21.160000Z,35.357166666666664,-118.63633333333334,4.4,2.7,,,SCEDC,,A,87,0.19,SCSN
11207682,scedc:11207682,2012-11-23T21:18:15.200000Z,33.99933333333333,-118.426,10.86,2.4,,,SCEDC,,A,60,0.18,SCSN
11207778,scedc:11207778,2012-11-24T03:57:56.350000Z,33.955333333333336,-116.37983333333334,6.95,2.0,,,SCEDC,,A,88,0.11,SCSN
11208138,scedc:11208138,2012-11-24T19:38:04.170000Z,33.00966666666667,-117.74566666666666,14.77,2.0,,,SCEDC,,C,44,0.25,SCSN
15252729,scedc:15252729,2012-11-30T03:19:47.550000Z,33.73166666666667,-118.81616666666666,1.53,3.2,,,SCEDC,,A,80,0.24,SCSN
15253353,scedc:15253353,2012-11-30T16:21:18.250000Z,35.30416666666667,-118.58516666666668,4.71,2.2,,,SCEDC,,A,65,0.18,SCSN
15253657,scedc:15253657,2012-12-01T00:30:30.340000Z,34.04416666666667,-116.3565,1.74,2.0,,,SCEDC,,A,93,0.14,SCSN
15255929,scedc:15255929,2012-12-03T22:09:51.250000Z,33.995333333333335,-119.20383333333334,5.09,2.3,,,SCEDC,,C,22,0.33,SCSN
15256097,scedc:15256097,2012-12-04T02:37:58.330000Z,33.894,-119.35233333333332,4.99,2.4,,,SCEDC,,C,11,0.2,SCSN
15257113,scedc:15257113,2012-12-05T03:07:10.570000Z,34.323166666666665,-119.4975,10.49,2.8,,,SCEDC,,C,74,0.46,SCSN
15257225,scedc:15257225,2012-12-05T05:08:11.130000Z,34.492333333333335,-118.83683333333332,13.12,2.1,,,SCEDC,,A,39,0.18,SCSN
15259041,scedc:15259041,2012-12-07T00:31:45.700000Z,34.7635,-117.497,0.88,2.1,,,SCEDC,,A,58,0.12,SCSN
15259305,scedc:15259305,2012-12-07T10:34:48.830000Z,33.67,-118.24933333333334,8.13,2.0,,,SCEDC,,A,70,0.24,SCSN
15261385,scedc:15261385,2012-12-10T08:12:33.870000Z,33.9105,-118.32716666666668,9.92,2.1,,,SCEDC,,A,87,0.19,SCSN
15263369,scedc:15263369,2012-12-13T13:12:02.810000Z,33.32333333333333,-118.13633333333334,13.88,2.7,,,SCEDC,,A,22,0.16,SCSN
15264473,scedc:15264473,2012-12-16T05:52:06.000000Z,34.251333333333335,-118.04683333333334,12.65,2.0,,,SCEDC,,A,78,0.15,SCSN
15264745,scedc:15264745,2012-12-16T21:45:56.500000Z,33.882333333333335,-115.98533333333332,3.78,2.1,,,SCEDC,,A,82,0.16,SCSN
15265537,scedc:15265537,2012-12-18T13:19:57.140000Z,33.13783333333333,-117.93366666666668,15.75,2.1,,,SCEDC,,C,11,0.19,SCSN
15266233,scedc:15266233,2012-12-20T16:05:30.760000Z,33.97566666666667,-117.17516666666668,17.48,2.0,,,SCEDC,,A,99,0.14,SCSN
15266465,scedc:15266465,2012-12-21T00:58:05.150000Z,33.6665,-119.0725,11.67,2.5,,,SCEDC,,C,15,0.21,SCSN
15267385,scedc:15267385,2012-12-23T17:53:03.750000Z,33.934,-118.85733333333332,3.37,2.4,,,SCEDC,,A,37,0.16,SCSN
15267457,scedc:15267457,2012-12-23T22:32:08.000000Z,34.3585,-119.11416666666666,11.19,2.0,,,SCEDC,,A,32,0.26,SCSN
15268241,scedc:15268241,2012-12-27T00:52:29.770000Z,34.452,-117.92166666666668,10.93,2.3,,,SCEDC,,A,70,0.15,SCSN
15268513,scedc:15268513,2012-12-28T02:36:34.840000Z,34.193333333333335,-118.48566666666666,11.22,2.0,,,SCEDC,,A,48,0.13,SCSN
15268601,scedc:15268601,2012-12-28T17:39:47.370000Z,33.021166666666666,-116.43133333333331,4.18,2.0,,,SCEDC,,A,72,0.18,SCSN
15268857,scedc:15268857,2012-12-30T02:06:03.810000Z,33.0175,-117.92116666666666,5.8,2.9,,,SCEDC,,C,52,0.22,SCSN
15268953,scedc:15268953,2012-12-30T11:41:15.430000Z,34.53783333333333,-116.53366666666666,1.08,2.4,,,SCEDC,,A,92,0.14,SCSN
37105803,scedc:37105803,2012-12-31T17:34:09.740000Z,33.1795,-116.414,13.55,2.3,,,SCEDC,,A,61,0.14,SCSN
15269225,scedc:15269225,2012-12-31T17:34:11.310000Z,33.1845,-116.41116666666667,11.51,2.4,,,SCEDC,,A,39,0.17,SCSN
15269617,scedc:15269617,2013-01-02T05:27:23.880000Z,33.907666666666664,-118.27033333333333,9.18,2.1,,,SCEDC,,A,48,0.25,SCSN
15271945,scedc:15271945,2013-01-10T15:47:03.360000Z,35.142,-118.72133333333332,1.65,2.3,,,SCEDC,,A,53,0.18,SCSN
15275601,scedc:15275601,2013-01-20T14:37:27.820000Z,34.315333333333335,-119.50833333333334,8.18,2.1,,,SCEDC,,B,14,0.24,SCSN
15275793,scedc:15275793,2013-01-21T01:25:57.560000Z,34.785833333333336,-119.48066666666666,11.87,3.3,,,SCEDC,,A,99,0.25,SCSN
15276073,scedc:15276073,2013-01-21T15:05:12.970000Z,34.60483333333333,-116.61,7.32,2.1,,,SCEDC,,A,89,0.14,SCSN
15276289,scedc:15276289,2013-01-22T03:07:12.160000Z,34.00666666666667,-119.21516666666666,7.96,2.1,,,SCEDC,,A,22,0.2,SCSN
15276817,scedc:15276817,2013-01-23T22:28:36.530000Z,32.920833333333334,-117.49766666666666,15.28,3.1,,,SCEDC,,A,91,0.16,SCSN
15277225,scedc:15277225,2013-01-24T21:00:15.790000Z,34.84,-118.978,14.47,2.5,,,SCEDC,,A,68,0.2,SCSN
15277513,scedc:15277513,2013-01-25T22:21:56.330000Z,33.780166666666666,-116.164,6.38,2.0,,,SCEDC,,A,97,0.15,SCSN
15281233,scedc:15281233,2013-02-04T15:19:52.380000Z,33.907,-117.95916666666666,3.56,2.3,,,SCEDC,,A,83,0.31,SCSN
15283297,scedc:15283297,2013-02-08T13:20:31.210000Z,33.23116666666667,-119.21116666666668,14.71,2.7,,,SCEDC,,A,28,0.25,SCSN
11244506,scedc:11244506,2013-02-14T12:21:01.730000Z,34.513333333333335,-119.107,16.64,2.0,,,SCEDC,,A,44,0.24,SCSN
11244690,scedc:11244690,2013-02-14T20:08:14.540000Z,35.3265,-118.57866666666666,4.75,2.1,,,SCEDC,,B,57,0.14,SCSN
11248874,scedc:11248874,2013-02-25T01:18:35.880000Z,34.85166666666667,-116.4055,4.02,2.1,,,SCEDC,,A,38,0.11,SCSN
15292585,scedc:15292585,2013-03-01T23:45:56.380000Z,33.59016666666667,-115.96466666666667,5.57,2.0,,,SCEDC,,A,68,0.1,SCSN
15293521,scedc:15293521,2013-03-04T04:47:43.300000Z,34.417,-119.3995,8.92,2.0,,,SCEDC,,A,47,0.32,SCSN
15294313,scedc:15294313,2013-03-06T08:24:27.370000Z,35.501,-118.4035,4.45,2.3,,,SCEDC,,C,73,0.14,SCSN
15296017,scedc:15296017,2013-03-11T12:04:02.290000Z,33.95016666666667,-118.8885,9.22,2.1,,,SCEDC,,A,38,0.16,SCSN
15296193,scedc:15296193,2013-03-11T16:51:25.080000Z,33.513,-116.45816666666668,10.92,2.2,,,SCEDC,,A,48,0.14,SCSN
15296273,scedc:15296273,2013-03-11T16:55:43.350000Z,33.507333333333335,-116.45516666666668,11.36,2.1,,,SCEDC,,A,17,0.07,SCSN
15296265,scedc:15296265,2013-03-11T16:55:50.120000Z,33.507333333333335,-116.453,11.79,2.3,,,SCEDC,,A,30,0.14,SCSN
15296289,scedc:15296289,2013-03-11T16:56:57.750000Z,33.508,-116.4475,12.93,3.0,,,SCEDC,,A,30,0.15,SCSN
15296297,scedc:15296297,2013-03-11T16:58:30.920000Z,33.51266666666667,-116.46633333333334,11.39,2.2,,,SCEDC,,A,36,0.15,SCSN
15296305,scedc:15296305,2013-03-11T16:58:50.290000Z,33.51283333333333,-116.44833333333334,10.86,2.2,,,SCEDC,,A,31,0.12,SCSN
15296321,scedc:15296321,2013-03-11T16:59:38.380000Z,33.504666666666665,-116.4615,12.42,2.0,,,SCEDC,,A,29,0.11,SCSN
15296337,scedc:15296337,2013-03-11T17:00:12.250000Z,33.527,-116.44216666666668,10.63,2.4,,,SCEDC,,A,74,0.13,SCSN
37108316,scedc:37108316,2013-03-11T17:00:15.170000Z,33.530833333333334,-116.4385,11.27,2.4,,,SCEDC,,A,30,0.16,SCSN
15296345,scedc:15296345,2013-03-11T17:00:43.780000Z,33.50116666666667,-116.45816666666668,10.79,2.0,,,SCEDC,,A,53,0.17,SCSN
15296601,scedc:15296601,2013-03-11T17:13:17.630000Z,33.521,-116.43783333333332,10.67,2.3,,,SCEDC,,A,34,0.1,SCSN
37108508,scedc:37108508,2013-03-11T17:53:51.920000Z,33.488166666666665,-116.43316666666666,11.12,2.2,,,SCEDC,,B,19,0.31,SCSN
15297545,scedc:15297545,2013-03-11T18:24:07.230000Z,33.5445,-116.39816666666668,12.05,2.2,,,SCEDC,,A,23,0.16,SCSN
15297553,scedc:15297553,2013-03-11T18:24:26.190000Z,33.54483333333334,-116.40566666666666,11.57,2.3,,,SCEDC,,A,51,0.16,SCSN
15297993,scedc:15297993,2013-03-11T19:08:31.520000Z,33.529333333333334,-116.43466666666669,10.95,2.3,,,SCEDC,,A,67,0.12,SCSN
37120875,scedc:37120875,2013-03-11T19:50:21.670000Z,33.5115,-116.46483333333332,10.79,2.2,,,SCEDC,,A,16,0.15,SCSN
15298313,scedc:15298313,2013-03-11T19:50:25.170000Z,33.5125,-116.456,13.07,2.3,,,SCEDC,,A,35,0.13,SCSN
15299113,scedc:15299113,2013-03-11T22:23:03.490000Z,33.51716666666667,-116.46983333333333,10.12,2.1,,,SCEDC,,A,56,0.14,SCSN
15299633,scedc:15299633,2013-03-12T00:40:49.300000Z,34.93983333333333,-116.82116666666668,6.02,2.0,,,SCEDC,,A,38,0.14,SCSN
15301353,scedc:15301353,2013-03-12T14:16:10.560000Z,33.51716666666667,-116.471,10.05,2.3,,,SCEDC,,A,85,0.13,SCSN
15301705,scedc:15301705,2013-03-12T18:08:25.010000Z,33.492,-116.46566666666666,11.18,2.0,,,SCEDC,,A,70,0.12,SCSN
15304033,scedc:15304033,2013-03-14T02:24:49.930000Z,33.51883333333333,-116.4525,8.19,2.1,,,SCEDC,,A,76,0.12,SCSN
15304369,scedc:15304369,2013-03-14T11:27:44.990000Z,35.0395,-116.97416666666666,3.56,2.1,,,SCEDC,,A,64,0.13,SCSN
15304945,scedc:15304945,2013-03-14T20:11:35.980000Z,34.43083333333333,-119.10683333333331,12.95,2.5,,,SCEDC,,A,42,0.27,SCSN
15307129,scedc:15307129,2013-03-16T19:56:52.380000Z,34.008,-117.17866666666669,6.49,2.4,,,SCEDC,,C,57,0.19,SCSN
15308249,scedc:15308249,2013-03-17T21:41:45.360000Z,34.388,-119.7125,10.5,2.0,,,SCEDC,,A,18,0.25,SCSN
15309201,scedc:15309201,2013-03-19T00:37:35.530000Z,34.35483333333333,-118.6165,3.53,2.0,,,SCEDC,,A,68,0.31,SCSN
15311113,scedc:15311113,2013-03-21T06:52:14.740000Z,34.06966666666667,-119.02,11.13,2.5,,,SCEDC,,A,61,0.26,SCSN
15311417,scedc:15311417,2013-03-21T13:56:23.480000Z,34.2935,-116.73533333333332,0.7,2.1,,,SCEDC,,A,95,0.12,SCSN
15311465,scedc:15311465,2013-03-21T15:28:28.280000Z,35.0275,-118.98116666666668,12.1,2.0,,,SCEDC,,A,34,0.26,SCSN
15312257,scedc:15312257,2013-03-22T19:10:54.320000Z,33.98733333333333,-118.69066666666669,12.75,2.2,,,SCEDC,,A,84,0.2,SCSN
11272738,scedc:11272738,2013-03-26T10:55:30.990000Z,34.71933333333333,-116.29466666666669,0.35,2.0,,,SCEDC,,A,47,0.12,SCSN
11273650,scedc:11273650,2013-03-27T18:17:43.710000Z,33.4945,-116.43516666666666,7.51,2.6,,,SCEDC,,A,72,0.15,SCSN
11273994,scedc:11273994,2013-03-27T22:56:25.180000Z,34.094166666666666,-119.244,3.38,2.8,,,SCEDC,,C,41,0.55,SCSN
11274202,scedc:11274202,2013-03-28T06:17:21.940000Z,34.935,-118.15716666666668,7.3,2.3,,,SCEDC,,A,75,0.13,SCSN
11274546,scedc:11274546,2013-03-28T19:36:34.340000Z,34.7195,-116.2965,2.24,2.1,,,SCEDC,,A,72,0.14,SCSN
11277066,scedc:11277066,2013-04-01T20:54:26.170000Z,34.29633333333334,-119.50066666666666,11.87,2.0,,,SCEDC,,C,22,0.49,SCSN
11277378,scedc:11277378,2013-04-02T08:36:38.680000Z,34.0845,-118.76916666666666,13.51,2.0,,,SCEDC,,A,58,0.18,SCSN
11277730,scedc:11277730,2013-04-03T02:59:49.670000Z,34.2725,-119.49833333333332,9.1,2.7,,,SCEDC,,A,72,0.39,SCSN
11280618,scedc:11280618,2013-04-06T15:12:59.530000Z,33.805166666666665,-116.09083333333334,4.3,2.3,,,SCEDC,,A,71,0.11,SCSN
11281018,scedc:11281018,2013-04-07T03:04:35.140000Z,33.814166666666665,-116.10433333333332,3.74,2.0,,,SCEDC,,A,16,0.16,SCSN
11281170,scedc:11281170,2013-04-07T11:47:17.000000Z,33.801,-116.09166666666668,3.49,2.6,,,SCEDC,,A,78,0.13,SCSN
11281290,scedc:11281290,2013-04-07T16:04:07.580000Z,34.64116666666666,-116.655,4.95,2.0,,,SCEDC,,A,76,0.13,SCSN
11281434,scedc:11281434,2013-04-07T20:45:18.090000Z,34.7115,-116.287,0.67,3.2,,,SCEDC,,A,99,0.12,SCSN
11281578,scedc:11281578,2013-04-07T23:54:36.020000Z,34.71483333333333,-116.28733333333334,1.47,2.4,,,SCEDC,,A,41,0.13,SCSN
11281850,scedc:11281850,2013-04-08T14:22:51.020000Z,34.71,-116.29,1.42,2.9,,,SCEDC,,A,42,0.12,SCSN
11282290,scedc:11282290,2013-04-09T15:18:28.280000Z,34.3555,-116.19733333333332,0.39,2.0,,,SCEDC,,A,60,0.13,SCSN
11283618,scedc:11283618,2013-04-12T04:30:18.620000Z,33.804,-116.09233333333331,2.38,2.5,,,SCEDC,,A,98,0.16,SCSN
11283626,scedc:11283626,2013-04-12T04:30:23.340000Z,33.803,-116.09266666666667,3.3,2.4,,,SCEDC,,A,38,0.18,SCSN
11284330,scedc:11284330,2013-04-13T16:31:03.670000Z,35.49033333333333,-118.396,6.91,2.1,,,SCEDC,,A,86,0.12,SCSN
11285234,scedc:11285234,2013-04-15T01:05:06.230000Z,33.802,-116.09566666666667,2.89,2.3,,,SCEDC,,A,92,0.13,SCSN
15328553,scedc:15328553,2013-04-17T15:37:42.780000Z,33.337666666666664,-116.77066666666668,15.19,2.0,,,SCEDC,,A,70,0.14,SCSN
15330641,scedc:15330641,2013-04-21T19:48:47.210000Z,34.272,-119.68166666666669,8.04,2.4,,,SCEDC,,A,70,0.48,SCSN
15332281,scedc:15332281,2013-04-25T06:59:30.910000Z,35.342166666666664,-117.9235,7.51,2.5,,,SCEDC,,A,76,0.13,SCSN
15335369,scedc:15335369,2013-04-30T05:16:36.390000Z,34.79116666666667,-118.94283333333334,13.02,2.1,,,SCEDC,,A,78,0.28,SCSN
15335849,scedc:15335849,2013-05-01T11:29:24.380000Z,34.772333333333336,-118.93183333333332,14.15,2.7,,,SCEDC,,A,98,0.22,SCSN
37113436,scedc:37113436,2013-05-01T11:29:31.020000Z,34.7625,-118.92816666666668,12.96,2.6,,,SCEDC,,A,32,0.27,SCSN
15336209,scedc:15336209,2013-05-02T01:09:21.660000Z,35.02066666666666,-116.96466666666667,3.12,2.1,,,SCEDC,,A,69,0.13,SCSN
15336833,scedc:15336833,2013-05-03T10:33:03.700000Z,33.4005,-118.20833333333331,4.43,2.2,,,SCEDC,,C,48,0.53,SCSN
15336865,scedc:15336865,2013-05-03T11:03:38.470000Z,34.065,-118.885,8.87,2.1,,,SCEDC,,A,54,0.22,SCSN
15337097,scedc:15337097,2013-05-03T21:58:56.710000Z,34.35733333333334,-116.46,2.26,2.4,,,SCEDC,,A,92,0.12,SCSN
15337761,scedc:15337761,2013-05-05T02:06:46.900000Z,35.07033333333333,-118.8965,3.54,2.4,,,SCEDC,,A,54,0.19,SCSN
15338113,scedc:15338113,2013-05-05T17:28:28.160000Z,35.487833333333334,-118.39866666666668,0.54,2.2,,,SCEDC,,A,55,0.13,SCSN
15339057,scedc:15339057,2013-05-07T18:48:23.050000Z,34.47416666666667,-119.30433333333332,11.6,2.6,,,SCEDC,,A,91,0.3,SCSN
15340249,scedc:15340249,2013-05-09T19:51:18.960000Z,33.49766666666667,-116.46566666666666,11.89,2.3,,,SCEDC,,A,67,0.11,SCSN
15340257,scedc:15340257,2013-05-09T19:51:21.910000Z,33.494,-116.46,12.36,2.4,,,SCEDC,,A,67,0.17,SCSN
15340873,scedc:15340873,2013-05-10T22:58:49.860000Z,33.530833333333334,-116.44716666666666,8.52,2.5,,,SCEDC,,A,84,0.14,SCSN
15341161,scedc:15341161,2013-05-11T10:53:42.420000Z,35.327666666666666,-118.564,2.94,2.0,,,SCEDC,,A,79,0.13,SCSN
15342689,scedc:15342689,2013-05-14T21:33:02.650000Z,33.5225,-118.47683333333332,9.44,2.1,,,SCEDC,,C,24,0.48,SCSN
15343145,scedc:15343145,2013-05-15T20:00:06.230000Z,33.65833333333333,-118.37216666666669,1.08,4.1,,,SCEDC,,A,78,0.22,SCSN
15343601,scedc:15343601,2013-05-16T10:04:58.010000Z,34.85783333333333,-119.23866666666666,11.03,3.2,,,SCEDC,,A,90,0.21,SCSN
15347169,scedc:15347169,2013-05-21T22:46:38.330000Z,34.852333333333334,-119.24183333333332,10.75,2.2,,,SCEDC,,A,67,0.19,SCSN
15348977,scedc:15348977,2013-05-25T15:57:51.620000Z,33.10066666666667,-117.91566666666668,6.81,2.1,,,SCEDC,,C,26,0.28,SCSN
15349113,scedc:15349113,2013-05-26T01:58:30.730000Z,35.1615,-116.84,1.89,3.3,,,SCEDC,,A,94,0.14,SCSN
15349465,scedc:15349465,2013-05-27T00:04:28.770000Z,35.1345,-119.21416666666669,17.68,2.2,,,SCEDC,,A,38,0.42,SCSN
15351897,scedc:15351897,2013-05-31T02:40:11.320000Z,33.906,-118.27333333333333,6.44,2.3,,,SCEDC,,A,74,0.35,SCSN
15352793,scedc:15352793,2013-06-02T07:30:31.380000Z,33.7085,-118.41016666666668,8.98,2.0,,,SCEDC,,A,13,0.15,SCSN
15352913,scedc:15352913,2013-06-02T13:50:23.140000Z,35.0725,-118.33433333333332,3.9,2.1,,,SCEDC,,A,71,0.11,SCSN
15356337,scedc:15356337,2013-06-07T11:19:44.110000Z,33.668,-118.40516666666667,1.52,2.8,,,SCEDC,,A,26,0.21,SCSN
15356345,scedc:15356345,2013-06-07T11:25:31.360000Z,33.666,-118.39266666666668,1.87,2.9,,,SCEDC,,A,47,0.22,SCSN
15356353,scedc:15356353,2013-06-07T11:47:09.190000Z,33.66116666666667,-118.397,0.78,2.6,,,SCEDC,,A,25,0.18,SCSN
15356369,scedc:15356369,2013-06-07T12:03:55.320000Z,33.661833333333334,-118.38583333333334,1.82,2.1,,,SCEDC,,A,17,0.16,SCSN
15357705,scedc:15357705,2013-06-10T04:20:17.060000Z,35.124833333333335,-119.12983333333334,20.64,2.0,,,SCEDC,,A,57,0.23,SCSN
11320106,scedc:11320106,2013-06-17T14:16:58.390000Z,35.463166666666666,-118.268,9.34,2.2,,,SCEDC,,A,66,0.1,SCSN
11324810,scedc:11324810,2013-06-24T01:08:57.850000Z,35.3125,-118.58533333333334,3.07,2.0,,,SCEDC,,A,77,0.14,SCSN
11325050,scedc:11325050,2013-06-24T12:11:25.590000Z,33.74883333333333,-115.94383333333332,1.47,2.2,,,SCEDC,,A,99,0.18,SCSN
11325530,scedc:11325530,2013-06-24T23:41:17.460000Z,33.74666666666667,-115.94733333333332,1.41,2.3,,,SCEDC,,A,92,0.16,SCSN
11325570,scedc:11325570,2013-06-25T01:18:29.610000Z,34.93233333333333,-116.71016666666668,4.3,2.2,,,SCEDC,,A,87,0.17,SCSN
11326274,scedc:11326274,2013-06-26T00:43:52.400000Z,32.68216666666667,-117.34033333333332,15.82,3.0,,,SCEDC,,A,95,0.17,SCSN
11327378,scedc:11327378,2013-06-28T17:45:25.270000Z,33.64333333333333,-116.69166666666666,14.64,2.6,,,SCEDC,,B,20,0.08,SCSN
11327746,scedc:11327746,2013-06-29T09:06:19.160000Z,32.945166666666665,-117.75383333333332,11.73,2.5,,,SCEDC,,B,80,0.19,SCSN
11328962,scedc:11328962,2013-07-02T00:50:51.430000Z,34.32683333333333,-119.0565,11.63,2.0,,,SCEDC,,A,67,0.27,SCSN
11330586,scedc:11330586,2013-07-05T04:47:10.100000Z,33.655,-118.40533333333332,0.54,2.1,,,SCEDC,,A,32,0.24,SCSN
11330650,scedc:11330650,2013-07-05T07:41:17.450000Z,34.904666666666664,-119.21083333333333,12.36,2.9,,,SCEDC,,A,98,0.29,SCSN
11332498,scedc:11332498,2013-07-10T00:28:27.450000Z,34.60933333333333,-119.061,7.25,2.3,,,SCEDC,,A,40,0.22,SCSN
11333378,scedc:11333378,2013-07-12T00:34:24.110000Z,33.51083333333333,-116.47816666666668,8.17,2.0,,,SCEDC,,A,83,0.14,SCSN
11333834,scedc:11333834,2013-07-13T00:32:20.060000Z,33.86866666666667,-118.31183333333334,7.19,2.0,,,SCEDC,,A,39,0.22,SCSN
11334906,scedc:11334906,2013-07-15T12:33:16.650000Z,34.516666666666666,-117.022,9.16,2.0,,,SCEDC,,A,63,0.13,SCSN
11335706,scedc:11335706,2013-07-17T00:52:58.010000Z,33.92916666666667,-116.95033333333332,11.24,2.1,,,SCEDC,,A,89,0.12,SCSN
11335938,scedc:11335938,2013-07-17T14:07:52.620000Z,33.31583333333333,-116.34416666666668,12.5,2.9,,,SCEDC,,A,97,0.16,SCSN
11336042,scedc:11336042,2013-07-17T21:48:11.060000Z,34.32083333333333,-116.85016666666668,2.02,2.0,,,SCEDC,,A,87,0.14,SCSN
11336186,scedc:11336186,2013-07-18T04:19:42.140000Z,33.5075,-116.47416666666666,8.16,2.6,,,SCEDC,,A,87,0.14,SCSN
11337282,scedc:11337282,2013-07-20T15:17:43.460000Z,33.122166666666665,-117.66933333333331,16.71,2.8,,,SCEDC,,A,53,0.14,SCSN
11337842,scedc:11337842,2013-07-22T04:12:50.050000Z,35.51766666666666,-118.1625,9.84,2.4,,,SCEDC,,A,64,0.17,SCSN
11338050,scedc:11338050,2013-07-22T17:34:33.780000Z,34.8345,-118.95133333333334,13.08,2.6,,,SCEDC,,A,45,0.17,SCSN
11338522,scedc:11338522,2013-07-23T11:40:53.950000Z,34.39333333333333,-119.029,11.12,2.4,,,SCEDC,,A,53,0.29,SCSN
11338562,scedc:11338562,2013-07-23T12:40:01.360000Z,33.922333333333334,-118.47166666666666,11.74,2.4,,,SCEDC,,A,69,0.15,SCSN
11339082,scedc:11339082,2013-07-24T17:13:46.330000Z,35.4835,-118.28516666666668,1.26,2.7,,,SCEDC,,A,89,0.13,SCSN
11339394,scedc:11339394,2013-07-25T06:35:09.710000Z,33.76883333333333,-115.9555,0.46,2.2,,,SCEDC,,A,72,0.15,SCSN
11340514,scedc:11340514,2013-07-28T11:19:01.660000Z,34.05116666666667,-116.7405,9.98,2.0,,,SCEDC,,A,99,0.14,SCSN
11340658,scedc:11340658,2013-07-28T17:31:43.790000Z,35.48233333333334,-118.28783333333334,2.49,3.2,,,SCEDC,,A,79,0.12,SCSN
11341522,scedc:11341522,2013-07-30T00:37:36.450000Z,35.482,-118.286,5.96,2.8,,,SCEDC,,A,60,0.12,SCSN
11342834,scedc:11342834,2013-08-01T04:38:46.040000Z,35.36416666666667,-118.70333333333332,5.58,2.2,,,SCEDC,,A,68,0.12,SCSN
11343722,scedc:11343722,2013-08-03T09:36:42.170000Z,34.900166666666664,-119.03083333333332,11.71,2.8,,,SCEDC,,A,61,0.16,SCSN
11346538,scedc:11346538,2013-08-07T23:25:07.140000Z,33.0285,-117.8525,14.97,2.2,,,SCEDC,,C,30,0.23,SCSN
11347274,scedc:11347274,2013-08-09T03:32:20.680000Z,35.37166666666667,-118.53083333333332,7.75,2.0,,,SCEDC,,A,47,0.13,SCSN
11347570,scedc:11347570,2013-08-09T23:17:15.460000Z,33.958666666666666,-118.42566666666669,9.84,2.7,,,SCEDC,,A,80,0.17,SCSN
11347818,scedc:11347818,2013-08-10T13:52:34.930000Z,33.12533333333333,-117.66016666666668,18.19,2.1,,,SCEDC,,A,37,0.13,SCSN
11347930,scedc:11347930,2013-08-10T17:06:28.980000Z,35.484833333333334,-118.286,5.47,2.3,,,SCEDC,,A,58,0.09,SCSN
11349210,scedc:11349210,2013-08-12T11:30:29.810000Z,33.796,-118.398,0.29,2.0,,,SCEDC,,A,35,0.24,SCSN
11351498,scedc:11351498,2013-08-16T14:40:25.880000Z,35.48233333333334,-118.287,4.01,3.3,,,SCEDC,,B,96,0.1,SCSN
11352050,scedc:11352050,2013-08-17T23:08:48.820000Z,33.68866666666667,-118.12883333333332,6.88,2.0,,,SCEDC,,A,25,0.2,SCSN
15394377,scedc:15394377,2013-08-20T07:11:54.490000Z,35.48166666666667,-118.28733333333334,1.46,3.1,,,SCEDC,,A,83,0.15,SCSN
15394457,scedc:15394457,2013-08-20T08:27:23.580000Z,34.72083333333333,-118.5585,9.92,2.6,,,SCEDC,,A,77,0.17,SCSN
15394873,scedc:15394873,2013-08-21T02:27:43.910000Z,33.979,-116.96033333333334,15.98,2.0,,,SCEDC,,A,79,0.13,SCSN
15395009,scedc:15395009,2013-08-21T08:39:04.210000Z,34.31283333333333,-118.40866666666666,6.49,2.6,,,SCEDC,,A,87,0.18,SCSN
15395209,scedc:15395209,2013-08-21T23:24:19.130000Z,34.401833333333336,-118.61883333333331,16.56,2.1,,,SCEDC,,A,47,0.18,SCSN
15397129,scedc:15397129,2013-08-25T23:41:32.210000Z,35.485,-118.28466666666668,3.81,2.6,,,SCEDC,,A,81,0.14,SCSN
15397145,scedc:15397145,2013-08-26T00:10:11.710000Z,35.482166666666664,-118.28966666666666,2.8,2.2,,,SCEDC,,A,79,0.12,SCSN
15398105,scedc:15398105,2013-08-27T20:55:41.250000Z,34.776833333333336,-118.92133333333334,14.34,2.1,,,SCEDC,,A,72,0.17,SCSN
15399017,scedc:15399017,2013-08-29T14:21:08.660000Z,34.066,-117.26933333333334,18.55,2.1,,,SCEDC,,A,87,0.13,SCSN
15400769,scedc:15400769,2013-09-03T14:07:21.520000Z,34.16016666666667,-116.4215,9.97,2.1,,,SCEDC,,A,82,0.11,SCSN
11361346,scedc:11361346,2013-09-08T22:35:44.550000Z,34.29483333333334,-118.47283333333333,9.45,2.5,,,SCEDC,,A,97,0.18,SCSN
11362042,scedc:11362042,2013-09-09T23:48:32.600000Z,34.05,-119.32066666666668,14.04,2.4,,,SCEDC,,A,68,0.26,SCSN
11362554,scedc:11362554,2013-09-10T20:22:23.760000Z,34.07683333333333,-117.78916666666667,1.6,2.2,,,SCEDC,,A,70,0.16,SCSN
11362594,scedc:11362594,2013-09-10T22:17:35.780000Z,34.07833333333333,-117.79033333333334,2.12,2.1,,,SCEDC,,A,60,0.12,SCSN
11362602,scedc:11362602,2013-09-10T22:17:40.170000Z,34.07566666666666,-117.79033333333334,0.9,2.3,,,SCEDC,,A,33,0.15,SCSN
11363194,scedc:11363194,2013-09-11T22:31:06.290000Z,34.074333333333335,-117.79066666666668,2.12,2.0,,,SCEDC,,A,87,0.15,SCSN
11364162,scedc:11364162,2013-09-13T20:42:47.040000Z,33.958666666666666,-118.377,9.06,2.1,,,SCEDC,,A,43,0.19,SCSN
11365066,scedc:11365066,2013-09-15T19:49:54.480000Z,34.0775,-117.78783333333334,2.05,2.0,,,SCEDC,,A,76,0.15,SCSN
11365890,scedc:11365890,2013-09-17T19:39:26.230000Z,35.072,-118.33416666666666,3.31,2.2,,,SCEDC,,A,61,0.13,SCSN
11368322,scedc:11368322,2013-09-22T13:17:56.260000Z,33.47083333333333,-116.59766666666668,11.63,2.0,,,SCEDC,,A,46,0.07,SCSN
11368338,scedc:11368338,2013-09-22T13:18:04.370000Z,33.4645,-116.59216666666669,11.37,2.5,,,SCEDC,,A,37,0.17,SCSN
11368530,scedc:11368530,2013-09-22T18:08:11.540000Z,35.48883333333333,-118.2845,2.69,2.0,,,SCEDC,,A,56,0.14,SCSN
11368762,scedc:11368762,2013-09-23T00:44:09.390000Z,34.452,-117.9565,8.98,2.2,,,SCEDC,,A,91,0.14,SCSN
11369618,scedc:11369618,2013-09-24T22:21:08.380000Z,35.071333333333335,-118.33633333333331,4.84,2.1,,,SCEDC,,A,23,0.09,SCSN
11370194,scedc:11370194,2013-09-26T16:38:37.530000Z,33.4305,-116.44566666666668,7.81,2.4,,,SCEDC,,A,99,0.16,SCSN
11370666,scedc:11370666,2013-09-28T07:55:38.920000Z,34.2225,-117.581,6.75,2.2,,,SCEDC,,A,56,0.12,SCSN
11370786,scedc:11370786,2013-09-28T12:38:28.800000Z,34.21233333333333,-119.05233333333334,17.92,2.1,,,SCEDC,,A,14,0.28,SCSN
11371666,scedc:11371666,2013-09-30T09:21:42.320000Z,34.0845,-116.47483333333334,10.12,2.1,,,SCEDC,,A,87,0.13,SCSN
11372490,scedc:11372490,2013-10-03T01:01:30.760000Z,34.712833333333336,-116.29383333333334,2.13,2.1,,,SCEDC,,A,47,0.13,SCSN
11372778,scedc:11372778,2013-10-04T00:11:34.690000Z,34.138666666666666,-118.36483333333334,15.13,2.1,,,SCEDC,,A,92,0.21,SCSN
11372786,scedc:11372786,2013-10-04T00:59:34.600000Z,35.141,-119.14066666666666,17.96,2.2,,,SCEDC,,A,37,0.2,SCSN
11372858,scedc:11372858,2013-10-04T08:18:22.310000Z,34.446333333333335,-119.22083333333332,2.95,2.0,,,SCEDC,,A,36,0.25,SCSN
11373394,scedc:11373394,2013-10-05T22:10:05.580000Z,33.69466666666667,-116.70933333333332,17.9,2.3,,,SCEDC,,A,82,0.21,SCSN
11373466,scedc:11373466,2013-10-06T02:10:21.140000Z,34.711666666666666,-116.29466666666669,1.46,2.4,,,SCEDC,,A,44,0.11,SCSN
11373474,scedc:11373474,2013-10-06T02:13:05.620000Z,34.69916666666667,-116.29266666666666,0.73,2.1,,,SCEDC,,A,47,0.12,SCSN
11373498,scedc:11373498,2013-10-06T02:28:58.390000Z,34.698166666666665,-116.29566666666666,1.85,2.5,,,SCEDC,,A,68,0.12,SCSN
11373506,scedc:11373506,2013-10-06T02:44:03.560000Z,34.712666666666664,-116.2925,1.54,2.3,,,SCEDC,,A,50,0.16,SCSN
11373538,scedc:11373538,2013-10-06T03:06:19.360000Z,34.715833333333336,-116.298,3.54,2.1,,,SCEDC,,A,47,0.13,SCSN
11373546,scedc:11373546,2013-10-06T03:10:39.530000Z,34.71233333333333,-116.29333333333334,1.35,2.1,,,SCEDC,,A,49,0.12,SCSN
11373690,scedc:11373690,2013-10-06T08:37:49.370000Z,34.714666666666666,-116.295,1.99,2.1,,,SCEDC,,A,37,0.11,SCSN
11373706,scedc:11373706,2013-10-06T09:02:36.570000Z,34.7125,-116.29616666666666,0.96,2.0,,,SCEDC,,A,59,0.11,SCSN
11373826,scedc:11373826,2013-10-06T16:42:45.460000Z,34.7135,-116.29783333333332,1.57,2.9,,,SCEDC,,A,48,0.13,SCSN
11373962,scedc:11373962,2013-10-06T20:13:46.320000Z,34.712666666666664,-116.29516666666666,1.29,2.4,,,SCEDC,,A,66,0.11,SCSN
11373994,scedc:11373994,2013-10-06T22:34:27.750000Z,34.7145,-116.29166666666669,1.53,2.7,,,SCEDC,,A,67,0.12,SCSN
11375706,scedc:11375706,2013-10-10T03:28:27.400000Z,34.70783333333333,-116.295,0.91,2.1,,,SCEDC,,A,56,0.11,SCSN
11378778,scedc:11378778,2013-10-16T00:47:56.700000Z,33.88466666666667,-118.36883333333331,11.27,2.3,,,SCEDC,,A,81,0.24,SCSN
11378914,scedc:11378914,2013-10-16T05:04:14.050000Z,35.1315,-119.15883333333332,19.0,2.1,,,SCEDC,,A,54,0.22,SCSN
11380954,scedc:11380954,2013-10-19T21:55:20.300000Z,35.0975,-117.14966666666666,7.78,2.0,,,SCEDC,,A,59,0.17,SCSN
11381666,scedc:11381666,2013-10-21T14:03:47.060000Z,33.571,-118.29716666666668,8.32,2.2,,,SCEDC,,A,58,0.35,SCSN
11386082,scedc:11386082,2013-11-01T02:52:23.900000Z,35.347166666666666,-118.5765,4.81,2.2,,,SCEDC,,B,77,0.23,SCSN
11386994,scedc:11386994,2013-11-03T07:35:43.000000Z,34.707166666666666,-116.29616666666666,1.31,2.0,,,SCEDC,,A,40,0.12,SCSN
11387466,scedc:11387466,2013-11-04T17:20:58.390000Z,35.05883333333333,-118.34933333333332,3.49,2.0,,,SCEDC,,A,38,0.14,SCSN
11388154,scedc:11388154,2013-11-06T09:30:00.110000Z,35.1765,-117.12583333333332,2.91,2.2,,,SCEDC,,A,67,0.17,SCSN
11388506,scedc:11388506,2013-11-07T04:57:10.160000Z,35.117333333333335,-118.523,1.15,2.2,,,SCEDC,,A,74,0.12,SCSN
11388786,scedc:11388786,2013-11-07T17:05:50.560000Z,34.33716666666667,-116.46516666666666,8.26,2.2,,,SCEDC,,A,87,0.11,SCSN
11389066,scedc:11389066,2013-11-08T11:19:09.390000Z,33.79333333333334,-117.63866666666668,3.07,2.0,,,SCEDC,,A,99,0.15,SCSN
11389690,scedc:11389690,2013-11-09T17:18:10.190000Z,33.9955,-117.2165,11.98,2.2,,,SCEDC,,A,85,0.12,SCSN
11393186,scedc:11393186,2013-11-19T22:21:19.540000Z,35.4035,-118.395,8.02,2.2,,,SCEDC,,A,41,0.12,SCSN
11393450,scedc:11393450,2013-11-20T15:48:43.080000Z,35.404333333333334,-118.40066666666668,9.67,2.9,,,SCEDC,,A,78,0.15,SCSN
11393706,scedc:11393706,2013-11-21T13:04:01.670000Z,33.41316666666667,-118.87333333333332,6.39,2.9,,,SCEDC,,A,76,0.19,SCSN
11394322,scedc:11394322,2013-11-23T14:47:00.040000Z,34.52,-116.53166666666668,0.58,2.1,,,SCEDC,,A,40,0.2,SCSN
11394466,scedc:11394466,2013-11-23T23:36:35.930000Z,34.521,-116.532,2.67,2.2,,,SCEDC,,A,74,0.15,SCSN
11394666,scedc:11394666,2013-11-24T15:10:08.070000Z,32.989666666666665,-117.75466666666668,19.56,2.1,,,SCEDC,,A,45,0.18,SCSN
11394866,scedc:11394866,2013-11-25T08:53:25.060000Z,34.52183333333333,-116.53283333333331,2.11,2.0,,,SCEDC,,A,64,0.16,SCSN
11396858,scedc:11396858,2013-11-29T18:20:28.750000Z,33.587833333333336,-116.64183333333334,11.91,2.1,,,SCEDC,,A,98,0.15,SCSN
15442073,scedc:15442073,2013-12-07T09:46:37.240000Z,34.51616666666666,-119.08233333333334,18.01,2.4,,,SCEDC,,A,48,0.19,SCSN
15442569,scedc:15442569,2013-12-09T13:38:51.580000Z,34.188833333333335,-116.70333333333332,11.23,2.0,,,SCEDC,,A,90,0.15,SCSN
15443001,scedc:15443001,2013-12-11T14:38:55.450000Z,34.94166666666667,-116.677,0.47,2.6,,,SCEDC,,A,55,0.15,SCSN
15443193,scedc:15443193,2013-12-12T03:06:23.870000Z,34.659166666666664,-116.21066666666668,1.91,2.2,,,SCEDC,,A,77,0.11,SCSN
15443329,scedc:15443329,2013-12-12T13:40:18.540000Z,35.404333333333334,-118.397,10.06,2.8,,,SCEDC,,A,59,0.18,SCSN
15444769,scedc:15444769,2013-12-16T22:49:18.980000Z,34.71483333333333,-116.29266666666666,1.5,2.1,,,SCEDC,,A,64,0.1,SCSN
15444785,scedc:15444785,2013-12-16T23:10:17.540000Z,34.7165,-116.29316666666666,3.28,2.4,,,SCEDC,,A,69,0.11,SCSN
15445361,scedc:15445361,2013-12-18T20:01:54.870000Z,34.00416666666667,-118.69133333333332,10.76,2.3,,,SCEDC,,A,60,0.22,SCSN
15445593,scedc:15445593,2013-12-19T15:44:40.340000Z,33.4965,-118.24866666666668,4.42,2.1,,,SCEDC,,C,34,0.32,SCSN
15446745,scedc:15446745,2013-12-22T10:55:48.780000Z,33.852666666666664,-118.4635,12.07,2.5,,,SCEDC,,A,97,0.21,SCSN
11406826,scedc:11406826,2013-12-28T11:17:32.390000Z,33.705333333333336,-116.76016666666666,16.83,2.0,,,SCEDC,,A,81,0.13,SCSN
11408394,scedc:11408394,2013-12-31T21:30:47.350000Z,33.703,-116.73166666666668,17.32,2.1,,,SCEDC,,A,80,0.19,SCSN
11409418,scedc:11409418,2014-01-03T00:42:28.020000Z,33.9295,-116.00883333333331,11.09,2.0,,,SCEDC,,A,73,0.13,SCSN
11410482,scedc:11410482,2014-01-05T21:08:18.410000Z,34.229,-116.45433333333334,1.94,2.2,,,SCEDC,,A,84,0.13,SCSN
11411042,scedc:11411042,2014-01-07T04:17:36.630000Z,32.957166666666666,-117.71233333333332,13.79,2.2,,,SCEDC,,A,44,0.21,SCSN
11411562,scedc:11411562,2014-01-08T09:50:46.050000Z,34.94883333333333,-116.78666666666666,9.41,2.6,,,SCEDC,,A,81,0.14,SCSN
11411962,scedc:11411962,2014-01-09T06:19:10.880000Z,34.83883333333333,-116.334,4.36,2.5,,,SCEDC,,A,65,0.15,SCSN
11412242,scedc:11412242,2014-01-09T19:05:32.270000Z,34.318,-116.10783333333332,2.59,2.4,,,SCEDC,,A,88,0.14,SCSN
11413650,scedc:11413650,2014-01-14T06:18:27.510000Z,34.37133333333333,-119.71966666666668,8.32,2.3,,,SCEDC,,A,27,0.17,SCSN
11414818,scedc:11414818,2014-01-17T13:26:59.540000Z,34.1295,-118.39816666666668,2.41,2.5,,,SCEDC,,A,98,0.18,SCSN
11414834,scedc:11414834,2014-01-17T13:36:11.010000Z,34.144666666666666,-117.4385,5.21,2.0,,,SCEDC,,A,75,0.19,SCSN
11416290,scedc:11416290,2014-01-21T19:03:10.770000Z,33.965,-118.42233333333331,11.82,2.0,,,SCEDC,,A,48,0.3,SCSN
11417298,scedc:11417298,2014-01-25T00:55:55.280000Z,34.285333333333334,-118.4775,8.63,2.0,,,SCEDC,,A,61,0.19,SCSN
11417482,scedc:11417482,2014-01-25T13:45:55.090000Z,34.977666666666664,-118.963,17.12,2.0,,,SCEDC,,A,45,0.19,SCSN
11417850,scedc:11417850,2014-01-26T12:40:51.810000Z,33.86116666666667,-118.26183333333331,13.09,2.0,,,SCEDC,,A,82,0.25,SCSN
11418130,scedc:11418130,2014-01-27T12:43:01.170000Z,33.654333333333334,-116.73,14.91,2.5,,,SCEDC,,A,29,0.07,SCSN
11418410,scedc:11418410,2014-01-27T23:35:33.750000Z,35.3125,-118.49633333333334,6.59,3.4,,,SCEDC,,A,93,0.15,SCSN
11418882,scedc:11418882,2014-01-29T09:22:52.910000Z,35.311,-118.49333333333334,6.86,2.8,,,SCEDC,,A,74,0.12,SCSN
11418978,scedc:11418978,2014-01-29T14:22:26.270000Z,34.2425,-119.56266666666669,7.52,2.9,,,SCEDC,,A,71,0.43,SCSN
11419026,scedc:11419026,2014-01-29T20:57:05.440000Z,35.33166666666666,-117.91533333333334,5.58,2.1,,,SCEDC,,A,50,0.14,SCSN
11419242,scedc:11419242,2014-01-30T13:52:13.300000Z,35.485166666666665,-118.28083333333332,3.63,2.3,,,SCEDC,,A,48,0.16,SCSN
11419778,scedc:11419778,2014-02-01T01:25:17.720000Z,34.216,-119.56766666666668,12.8,3.1,,,SCEDC,,A,97,0.51,SCSN
11419946,scedc:11419946,2014-02-01T18:36:53.430000Z,34.223166666666664,-119.565,13.51,2.5,,,SCEDC,,A,43,0.48,SCSN
11421242,scedc:11421242,2014-02-05T22:54:44.020000Z,34.733,-116.30033333333331,4.94,2.2,,,SCEDC,,A,72,0.09,SCSN
11421706,scedc:11421706,2014-02-07T02:51:21.320000Z,34.9425,-119.29533333333332,0.3,2.3,,,SCEDC,,A,46,0.29,SCSN
11421770,scedc:11421770,2014-02-07T06:48:49.140000Z,35.01866666666667,-119.13633333333334,17.84,2.8,,,SCEDC,,A,93,0.25,SCSN
11421778,scedc:11421778,2014-02-07T06:51:18.220000Z,35.014833333333335,-119.1395,19.14,2.1,,,SCEDC,,A,60,0.18,SCSN
11422026,scedc:11422026,2014-02-08T01:27:02.280000Z,34.0385,-116.31216666666668,8.53,2.0,,,SCEDC,,A,80,0.12,SCSN
11422786,scedc:11422786,2014-02-10T08:30:24.040000Z,35.47516666666667,-118.27866666666668,3.1,2.8,,,SCEDC,,A,65,0.16,SCSN
11422978,scedc:11422978,2014-02-11T00:06:51.810000Z,33.695,-118.073,13.93,2.0,,,SCEDC,,A,27,0.17,SCSN
11422986,scedc:11422986,2014-02-11T00:08:08.980000Z,33.69683333333333,-118.0615,11.76,2.2,,,SCEDC,,A,38,0.14,SCSN
11423050,scedc:11423050,2014-02-11T06:00:53.820000Z,33.70283333333333,-118.07466666666669,12.2,2.1,,,SCEDC,,A,67,0.17,SCSN
15467185,scedc:15467185,2014-02-15T06:49:05.220000Z,35.08316666666666,-116.99933333333334,6.62,2.5,,,SCEDC,,A,70,0.17,SCSN
15467241,scedc:15467241,2014-02-15T12:17:19.620000Z,34.311166666666665,-117.51066666666668,12.87,2.2,,,SCEDC,,A,69,0.15,SCSN
15467849,scedc:15467849,2014-02-17T16:12:56.260000Z,33.971,-118.36366666666666,9.98,2.0,,,SCEDC,,A,26,0.16,SCSN
37189816,scedc:37189816,2014-02-19T16:39:21.690000Z,32.8585,-118.2295,5.27,2.4,,,SCEDC,,B,13,0.15,SCSN
37189896,scedc:37189896,2014-02-19T23:52:27.890000Z,34.164833333333334,-117.47533333333334,8.03,2.1,,,SCEDC,,A,68,0.14,SCSN
37189912,scedc:37189912,2014-02-20T00:34:41.600000Z,35.308166666666665,-118.49016666666668,2.71,3.7,,,SCEDC,,A,79,0.1,SCSN
37189928,scedc:37189928,2014-02-20T00:55:34.170000Z,35.31,-118.49283333333334,7.35,2.2,,,SCEDC,,A,22,0.07,SCSN
37190800,scedc:37190800,2014-02-23T07:42:16.830000Z,34.61983333333333,-117.62183333333331,10.64,2.1,,,SCEDC,,A,65,0.17,SCSN
37191664,scedc:37191664,2014-02-26T04:00:37.970000Z,34.0945,-116.875,6.75,2.1,,,SCEDC,,A,89,0.13,SCSN
15470753,scedc:15470753,2014-02-27T11:37:47.280000Z,34.4685,-118.94083333333332,4.84,2.4,,,SCEDC,,C,25,0.4,SCSN
15471193,scedc:15471193,2014-03-01T09:58:51.860000Z,34.136,-116.71316666666668,3.03,2.0,,,SCEDC,,A,92,0.11,SCSN
15471521,scedc:15471521,2014-03-02T16:11:54.430000Z,35.30616666666667,-118.48516666666669,7.09,2.9,,,SCEDC,,A,52,0.14,SCSN
15471529,scedc:15471529,2014-03-02T17:40:30.130000Z,34.166,-117.66616666666668,9.56,2.1,,,SCEDC,,A,76,0.15,SCSN
15471641,scedc:15471641,2014-03-03T00:12:09.500000Z,34.29183333333334,-118.541,7.41,2.7,,,SCEDC,,A,63,0.22,SCSN
15471937,scedc:15471937,2014-03-04T06:48:00.870000Z,34.116166666666665,-117.41566666666668,4.15,2.6,,,SCEDC,,A,46,0.12,SCSN
15473057,scedc:15473057,2014-03-06T02:21:14.610000Z,33.92966666666667,-116.34616666666666,5.03,2.0,,,SCEDC,,A,68,0.09,SCSN
15473681,scedc:15473681,2014-03-08T00:48:46.140000Z,35.337,-118.67533333333331,2.94,2.1,,,SCEDC,,A,55,0.17,SCSN
15474825,scedc:15474825,2014-03-11T10:03:08.580000Z,35.47683333333333,-118.28066666666666,4.26,2.6,,,SCEDC,,A,68,0.12,SCSN
15475209,scedc:15475209,2014-03-12T18:28:05.250000Z,34.12383333333333,-118.404,3.0,2.1,,,SCEDC,,A,36,0.14,SCSN
15476977,scedc:15476977,2014-03-17T13:47:53.010000Z,35.187666666666665,-118.20616666666666,0.66,2.2,,,SCEDC,,A,43,0.14,SCSN
15477449,scedc:15477449,2014-03-18T12:45:28.980000Z,35.486333333333334,-118.28783333333334,3.93,2.4,,,SCEDC,,A,66,0.14,SCSN
15477681,scedc:15477681,2014-03-19T16:27:25.740000Z,34.127833333333335,-118.48666666666666,7.74,2.0,,,SCEDC,,A,62,0.23,SCSN
15477897,scedc:15477897,2014-03-20T04:49:02.430000Z,35.14066666666667,-118.165,5.26,2.2,,,SCEDC,,A,72,0.14,SCSN
15479113,scedc:15479113,2014-03-23T04:21:36.670000Z,34.87433333333333,-116.81383333333332,7.09,2.5,,,SCEDC,,A,60,0.13,SCSN
15479161,scedc:15479161,2014-03-23T05:49:00.860000Z,35.436166666666665,-118.3005,8.22,2.0,,,SCEDC,,A,56,0.12,SCSN
15479801,scedc:15479801,2014-03-24T22:24:58.380000Z,33.75366666666667,-118.15866666666666,11.97,2.0,,,SCEDC,,C,15,0.27,SCSN
15481009,scedc:15481009,2014-03-27T22:06:09.600000Z,34.78766666666667,-118.93666666666668,12.78,2.1,,,SCEDC,,A,51,0.2,SCSN
15481681,scedc:15481681,2014-03-29T04:11:53.750000Z,33.92,-117.93166666666669,2.04,3.2,,,SCEDC,,A,78,0.2,SCSN
37183333,scedc:37183333,2014-03-29T04:12:18.480000Z,33.955333333333336,-117.89116666666666,1.59,2.5,,,SCEDC,,A,25,0.27,SCSN
15481689,scedc:15481689,2014-03-29T04:13:54.140000Z,33.925666666666665,-117.9255,3.18,2.0,,,SCEDC,,A,17,0.07,SCSN
37183493,scedc:37183493,2014-03-29T04:15:18.090000Z,33.9075,-117.954,2.17,2.2,,,SCEDC,,A,14,0.11,SCSN
15481721,scedc:15481721,2014-03-29T04:18:01.770000Z,33.92,-117.93033333333334,8.13,2.0,,,SCEDC,,A,65,0.36,SCSN
15481785,scedc:15481785,2014-03-29T04:32:13.500000Z,33.913666666666664,-117.93266666666666,3.44,2.1,,,SCEDC,,A,92,0.36,SCSN
15481801,scedc:15481801,2014-03-29T04:35:23.130000Z,33.91683333333334,-117.9325,1.72,2.0,,,SCEDC,,A,18,0.35,SCSN
15481857,scedc:15481857,2014-03-29T04:45:37.310000Z,33.93833333333333,-117.898,1.21,2.6,,,SCEDC,,A,97,0.35,SCSN
15481889,scedc:15481889,2014-03-29T04:53:57.300000Z,33.940333333333335,-117.90683333333334,2.5,2.7,,,SCEDC,,A,63,0.21,SCSN
15481921,scedc:15481921,2014-03-29T05:05:31.470000Z,33.937666666666665,-117.91283333333334,3.44,2.6,,,SCEDC,,A,88,0.18,SCSN
15482025,scedc:15482025,2014-03-29T06:12:30.910000Z,33.903666666666666,-117.9625,1.49,2.3,,,SCEDC,,A,24,0.22,SCSN
15482033,scedc:15482033,2014-03-29T06:12:45.870000Z,33.897666666666666,-117.95766666666668,4.34,2.4,,,SCEDC,,A,16,0.14,SCSN
15482193,scedc:15482193,2014-03-29T07:17:27.670000Z,33.92433333333334,-117.91783333333332,1.16,2.4,,,SCEDC,,A,72,0.34,SCSN
15482473,scedc:15482473,2014-03-29T10:31:51.760000Z,33.912,-117.94883333333334,2.36,2.8,,,SCEDC,,A,98,0.21,SCSN
15482617,scedc:15482617,2014-03-29T12:04:27.510000Z,33.930166666666665,-117.91816666666666,4.5,2.5,,,SCEDC,,A,65,0.2,SCSN
15482721,scedc:15482721,2014-03-29T14:48:13.020000Z,33.898833333333336,-117.96266666666666,3.76,2.4,,,SCEDC,,A,73,0.19,SCSN
15482745,scedc:15482745,2014-03-29T14:53:49.980000Z,33.90116666666667,-117.95366666666666,3.42,2.3,,,SCEDC,,A,77,0.21,SCSN
15482809,scedc:15482809,2014-03-29T15:58:02.590000Z,33.903166666666664,-117.968,4.04,2.1,,,SCEDC,,A,68,0.26,SCSN
15482913,scedc:15482913,2014-03-29T18:07:35.580000Z,33.90116666666667,-117.943,2.21,2.1,,,SCEDC,,A,42,0.18,SCSN
15482961,scedc:15482961,2014-03-29T20:16:57.460000Z,33.92616666666667,-117.92283333333332,4.66,2.0,,,SCEDC,,A,33,0.16,SCSN
15483017,scedc:15483017,2014-03-29T21:36:12.690000Z,33.957166666666666,-117.9035,4.88,2.2,,,SCEDC,,A,35,0.14,SCSN
15483161,scedc:15483161,2014-03-30T00:58:18.790000Z,34.118833333333335,-118.48883333333332,9.17,2.0,,,SCEDC,,A,86,0.2,SCSN
15483305,scedc:15483305,2014-03-30T05:00:07.780000Z,33.94566666666667,-117.9065,4.96,2.4,,,SCEDC,,A,79,0.34,SCSN
15483513,scedc:15483513,2014-03-30T11:57:09.900000Z,33.904333333333334,-117.94333333333331,1.56,2.0,,,SCEDC,,A,96,0.42,SCSN
15483737,scedc:15483737,2014-03-30T23:10:34.580000Z,33.9565,-117.88766666666666,4.87,2.0,,,SCEDC,,A,48,0.18,SCSN
15483977,scedc:15483977,2014-03-31T11:41:21.900000Z,33.95733333333333,-117.899,4.35,2.1,,,SCEDC,,A,44,0.15,SCSN
15484049,scedc:15484049,2014-03-31T14:15:53.750000Z,33.92433333333334,-117.9115,3.87,2.0,,,SCEDC,,A,49,0.19,SCSN
15484065,scedc:15484065,2014-03-31T14:21:17.470000Z,33.908,-117.94416666666666,4.44,2.0,,,SCEDC,,A,42,0.18,SCSN
15484137,scedc:15484137,2014-03-31T18:14:23.520000Z,33.9205,-117.93333333333334,3.0,2.1,,,SCEDC,,A,23,0.18,SCSN
15484145,scedc:15484145,2014-03-31T18:17:28.890000Z,33.91683333333334,-117.93933333333334,3.47,2.7,,,SCEDC,,A,55,0.18,SCSN
15484169,scedc:15484169,2014-03-31T19:14:06.490000Z,33.919,-117.9375,4.01,2.5,,,SCEDC,,A,54,0.18,SCSN
15484185,scedc:15484185,2014-03-31T21:31:13.040000Z,33.896,-117.95566666666669,3.88,2.4,,,SCEDC,,A,60,0.2,SCSN
15484385,scedc:15484385,2014-04-01T11:17:11.100000Z,33.005833333333335,-117.77933333333333,15.1,2.4,,,SCEDC,,C,66,0.14,SCSN
15484417,scedc:15484417,2014-04-01T13:02:49.560000Z,33.90866666666667,-117.95266666666669,4.17,2.8,,,SCEDC,,A,57,0.19,SCSN
15484497,scedc:15484497,2014-04-01T18:29:44.790000Z,33.907833333333336,-117.952,3.63,2.5,,,SCEDC,,A,52,0.19,SCSN
15484513,scedc:15484513,2014-04-01T18:30:44.960000Z,33.9105,-117.95033333333332,3.88,3.0,,,SCEDC,,A,86,0.19,SCSN
15484697,scedc:15484697,2014-04-02T10:46:08.850000Z,33.93566666666667,-117.91316666666668,4.26,2.2,,,SCEDC,,A,52,0.17,SCSN
15485041,scedc:15485041,2014-04-03T10:59:46.000000Z,33.898,-117.96033333333334,3.97,2.5,,,SCEDC,,A,92,0.2,SCSN
15485145,scedc:15485145,2014-04-03T17:08:01.850000Z,34.045,-118.94266666666668,11.39,3.1,,,SCEDC,,A,68,0.19,SCSN
15485217,scedc:15485217,2014-04-03T18:55:32.970000Z,34.01266666666667,-118.943,9.16,2.1,,,SCEDC,,A,24,0.15,SCSN
15485385,scedc:15485385,2014-04-04T04:48:58.360000Z,33.958333333333336,-117.90016666666666,6.85,2.4,,,SCEDC,,A,86,0.19,SCSN
15486313,scedc:15486313,2014-04-06T13:37:31.930000Z,33.94416666666667,-117.901,3.48,2.0,,,SCEDC,,A,87,0.26,SCSN
15486425,scedc:15486425,2014-04-06T20:09:51.290000Z,33.9285,-117.90016666666666,3.6,2.0,,,SCEDC,,A,82,0.26,SCSN
15487289,scedc:15487289,2014-04-08T18:54:16.260000Z,33.91883333333333,-117.94616666666668,4.13,2.1,,,SCEDC,,A,45,0.17,SCSN
37210088,scedc:37210088,2014-04-10T01:32:50.100000Z,34.856833333333334,-119.02766666666666,16.23,2.0,,,SCEDC,,A,61,0.21,SCSN
37210624,scedc:37210624,2014-04-11T18:08:46.760000Z,34.6295,-116.6595,5.77,2.0,,,SCEDC,,A,90,0.13,SCSN
37210880,scedc:37210880,2014-04-12T10:43:29.320000Z,33.933166666666665,-117.90183333333331,3.31,2.0,,,SCEDC,,A,88,0.31,SCSN
37210912,scedc:37210912,2014-04-12T13:09:40.560000Z,33.9345,-117.902,3.43,2.0,,,SCEDC,,A,75,0.27,SCSN
37211144,scedc:37211144,2014-04-13T03:12:33.420000Z,32.99516666666667,-117.78433333333334,9.39,2.6,,,SCEDC,,C,60,0.26,SCSN
37211312,scedc:37211312,2014-04-13T15:25:09.560000Z,33.97366666666667,-118.89966666666666,17.99,2.5,,,SCEDC,,A,78,0.26,SCSN
37211712,scedc:37211712,2014-04-14T14:43:37.160000Z,33.919666666666664,-117.94233333333334,4.45,2.1,,,SCEDC,,A,45,0.16,SCSN
37213456,scedc:37213456,2014-04-18T15:30:56.380000Z,33.9375,-117.94,6.18,2.7,,,SCEDC,,A,58,0.19,SCSN
37213720,scedc:37213720,2014-04-18T20:19:08.380000Z,33.5565,-116.76183333333331,4.84,2.5,,,SCEDC,,A,84,0.14,SCSN
37215328,scedc:37215328,2014-04-21T03:49:19.900000Z,33.47,-116.89216666666668,11.01,2.5,,,SCEDC,,A,89,0.18,SCSN
37215648,scedc:37215648,2014-04-21T17:52:27.080000Z,33.985,-118.70366666666666,12.68,2.0,,,SCEDC,,B,10,0.16,SCSN
37216536,scedc:37216536,2014-04-24T11:42:17.440000Z,33.00533333333333,-117.74916666666668,21.65,2.1,,,SCEDC,,C,26,0.2,SCSN
37216800,scedc:37216800,2014-04-24T20:01:27.980000Z,33.55533333333333,-116.76016666666666,5.06,2.1,,,SCEDC,,A,96,0.16,SCSN
37217336,scedc:37217336,2014-04-25T23:41:54.670000Z,33.90233333333333,-117.96366666666668,1.94,2.1,,,SCEDC,,A,73,0.32,SCSN
37217632,scedc:37217632,2014-04-27T02:21:19.240000Z,35.00333333333333,-119.15333333333334,18.89,2.1,,,SCEDC,,A,41,0.2,SCSN
37217960,scedc:37217960,2014-04-28T01:23:22.470000Z,35.317166666666665,-117.65383333333334,6.38,2.5,,,SCEDC,,A,72,0.15,SCSN
37218224,scedc:37218224,2014-04-28T18:48:53.920000Z,35.00716666666667,-119.10016666666668,19.62,2.0,,,SCEDC,,A,38,0.26,SCSN
37218248,scedc:37218248,2014-04-28T19:06:56.090000Z,33.9745,-117.05683333333332,8.12,2.0,,,SCEDC,,A,99,0.15,SCSN
37218696,scedc:37218696,2014-04-30T03:16:54.800000Z,33.91283333333333,-117.94816666666668,4.47,2.4,,,SCEDC,,A,82,0.26,SCSN
37218752,scedc:37218752,2014-04-30T13:16:31.300000Z,34.596666666666664,-116.613,5.88,2.7,,,SCEDC,,A,82,0.12,SCSN
37218952,scedc:37218952,2014-05-01T13:17:45.280000Z,34.4595,-119.3925,10.26,2.1,,,SCEDC,,A,37,0.28,SCSN
37220088,scedc:37220088,2014-05-05T12:43:49.470000Z,33.568,-118.1495,8.51,2.3,,,SCEDC,,A,61,0.28,SCSN
37220104,scedc:37220104,2014-05-05T14:23:39.790000Z,33.95766666666667,-117.89733333333334,6.77,2.0,,,SCEDC,,A,72,0.27,SCSN
37220272,scedc:37220272,2014-05-05T23:14:14.350000Z,33.946,-117.90733333333333,1.04,2.0,,,SCEDC,,A,71,0.35,SCSN
37220496,scedc:37220496,2014-05-06T14:05:06.950000Z,33.093333333333334,-117.38066666666668,9.8,2.0,,,SCEDC,,A,64,0.17,SCSN
15498697,scedc:15498697,2014-05-07T13:08:43.660000Z,35.30616666666667,-118.48866666666666,7.04,2.6,,,SCEDC,,A,85,0.12,SCSN
15499513,scedc:15499513,2014-05-09T05:55:26.310000Z,33.904833333333336,-117.78716666666666,8.95,2.0,,,SCEDC,,A,89,0.22,SCSN
15500257,scedc:15500257,2014-05-10T18:44:55.640000Z,34.443,-119.5215,15.74,2.6,,,SCEDC,,A,69,0.31,SCSN
15501257,scedc:15501257,2014-05-13T16:29:22.600000Z,33.933166666666665,-117.67683333333332,8.45,2.1,,,SCEDC,,A,81,0.19,SCSN
15502017,scedc:15502017,2014-05-15T09:35:15.630000Z,35.08283333333333,-117.00116666666666,6.02,2.1,,,SCEDC,,A,52,0.19,SCSN
15503121,scedc:15503121,2014-05-18T15:32:30.700000Z,34.79533333333333,-117.26533333333332,8.35,2.4,,,SCEDC,,A,84,0.12,SCSN
15506089,scedc:15506089,2014-05-27T19:30:51.690000Z,34.990833333333335,-116.8665,2.76,3.0,,,SCEDC,,A,61,0.11,SCSN
37203533,scedc:37203533,2014-06-05T17:51:40.310000Z,35.00333333333333,-119.28483333333334,8.97,2.0,,,SCEDC,,C,7,0.26,SCSN
15509169,scedc:15509169,2014-06-05T19:18:31.180000Z,34.24933333333333,-118.4425,7.85,2.0,,,SCEDC,,A,76,0.2,SCSN
15509633,scedc:15509633,2014-06-07T05:04:55.450000Z,34.18266666666667,-117.5025,1.54,2.4,,,SCEDC,,A,99,0.24,SCSN
15509881,scedc:15509881,2014-06-08T07:54:12.930000Z,34.26566666666667,-118.71116666666668,8.75,2.1,,,SCEDC,,A,74,0.28,SCSN
15510505,scedc:15510505,2014-06-10T01:28:47.280000Z,34.18216666666667,-118.50716666666666,9.03,2.0,,,SCEDC,,A,58,0.16,SCSN
15511017,scedc:15511017,2014-06-12T02:40:36.100000Z,35.00033333333333,-116.911,0.88,2.5,,,SCEDC,,A,69,0.14,SCSN
15512089,scedc:15512089,2014-06-14T21:16:31.970000Z,34.42216666666667,-118.97616666666669,23.69,2.2,,,SCEDC,,A,59,0.25,SCSN
37233624,scedc:37233624,2014-06-19T03:15:35.980000Z,34.34616666666667,-118.76716666666668,10.54,2.3,,,SCEDC,,A,82,0.34,SCSN
37234064,scedc:37234064,2014-06-20T10:52:37.900000Z,34.470666666666666,-117.8815,5.78,2.2,,,SCEDC,,A,77,0.14,SCSN
37234568,scedc:37234568,2014-06-21T17:45:32.450000Z,33.9245,-117.94116666666666,6.9,2.0,,,SCEDC,,A,70,0.24,SCSN
37236592,scedc:37236592,2014-06-26T21:10:42.320000Z,33.594,-116.82183333333332,8.79,2.1,,,SCEDC,,A,99,0.15,SCSN
37238024,scedc:37238024,2014-07-01T04:12:57.550000Z,34.29266666666667,-117.10916666666668,6.81,2.0,,,SCEDC,,A,93,0.12,SCSN
15519577,scedc:15519577,2014-07-04T00:58:26.340000Z,34.0265,-117.16683333333332,8.12,2.2,,,SCEDC,,A,90,0.14,SCSN
15521001,scedc:15521001,2014-07-05T17:01:23.010000Z,34.278666666666666,-117.01883333333332,8.45,2.6,,,SCEDC,,A,42,0.13,SCSN
15521009,scedc:15521009,2014-07-05T17:01:53.540000Z,34.27633333333333,-117.0185,9.53,2.0,,,SCEDC,,A,16,0.08,SCSN
15521017,scedc:15521017,2014-07-05T17:02:48.270000Z,34.28066666666667,-117.02433333333332,6.41,2.0,,,SCEDC,,A,22,0.09,SCSN
15521073,scedc:15521073,2014-07-05T17:08:33.990000Z,34.2785,-117.02333333333333,6.5,2.4,,,SCEDC,,A,91,0.12,SCSN
15521177,scedc:15521177,2014-07-05T17:37:39.660000Z,34.022333333333336,-117.16566666666668,8.13,2.0,,,SCEDC,,A,74,0.13,SCSN
15523569,scedc:15523569,2014-07-08T12:39:21.080000Z,33.8745,-119.41316666666668,15.23,2.6,,,SCEDC,,C,50,0.4,SCSN
15523953,scedc:15523953,2014-07-08T22:55:49.000000Z,34.2765,-117.02466666666666,6.63,2.4,,,SCEDC,,A,72,0.14,SCSN
15524633,scedc:15524633,2014-07-10T07:46:52.060000Z,34.278666666666666,-117.02566666666668,5.56,2.4,,,SCEDC,,A,81,0.11,SCSN
15524921,scedc:15524921,2014-07-10T20:54:49.920000Z,34.035666666666664,-117.1585,7.12,2.9,,,SCEDC,,A,50,0.19,SCSN
15525793,scedc:15525793,2014-07-12T18:13:34.820000Z,34.42916666666667,-119.18116666666668,15.78,2.1,,,SCEDC,,A,33,0.29,SCSN
15526249,scedc:15526249,2014-07-13T18:45:25.890000Z,34.36666666666667,-119.3155,6.59,2.4,,,SCEDC,,A,56,0.44,SCSN
15526481,scedc:15526481,2014-07-14T10:49:10.670000Z,35.349,-117.77866666666668,1.48,2.7,,,SCEDC,,A,77,0.13,SCSN
15528137,scedc:15528137,2014-07-18T21:40:18.140000Z,33.91616666666667,-117.93116666666668,3.21,2.2,,,SCEDC,,A,89,0.27,SCSN
37248376,scedc:37248376,2014-07-20T01:18:43.700000Z,34.918166666666664,-119.02583333333334,10.97,2.4,,,SCEDC,,A,33,0.19,SCSN
37248384,scedc:37248384,2014-07-20T01:47:21.030000Z,34.913,-119.03,12.93,2.1,,,SCEDC,,A,21,0.15,SCSN
37249144,scedc:37249144,2014-07-21T20:28:36.310000Z,33.781,-118.12,8.68,2.0,,,SCEDC,,A,17,0.12,SCSN
37249528,scedc:37249528,2014-07-22T12:36:01.990000Z,34.459666666666664,-118.01333333333334,7.55,2.2,,,SCEDC,,A,67,0.11,SCSN
37249992,scedc:37249992,2014-07-23T12:50:49.900000Z,34.27333333333333,-117.01883333333332,6.22,2.5,,,SCEDC,,A,60,0.13,SCSN
15531937,scedc:15531937,2014-07-28T06:45:40.120000Z,32.9875,-117.74483333333332,9.88,3.3,,,SCEDC,,C,49,0.16,SCSN
15533209,scedc:15533209,2014-07-31T14:41:18.450000Z,34.050666666666665,-116.97583333333333,13.51,2.0,,,SCEDC,,A,90,0.15,SCSN
15533385,scedc:15533385,2014-07-31T23:28:18.890000Z,33.67166666666667,-118.31016666666666,3.9,2.4,,,SCEDC,,A,58,0.24,SCSN
15534113,scedc:15534113,2014-08-03T15:13:27.260000Z,34.0775,-118.96566666666666,14.56,2.2,,,SCEDC,,A,70,0.24,SCSN
15536665,scedc:15536665,2014-08-10T06:29:29.670000Z,34.39,-119.56383333333332,14.62,2.4,,,SCEDC,,A,71,0.34,SCSN
15536673,scedc:15536673,2014-08-10T06:30:12.730000Z,34.3965,-119.56233333333331,13.99,2.3,,,SCEDC,,A,59,0.23,SCSN
37262552,scedc:37262552,2014-08-29T13:37:51.290000Z,34.0225,-119.20533333333331,12.88,2.3,,,SCEDC,,A,31,0.23,SCSN
37262728,scedc:37262728,2014-08-30T06:32:42.640000Z,35.275666666666666,-118.5855,8.27,2.3,,,SCEDC,,A,62,0.15,SCSN
37262872,scedc:37262872,2014-08-30T15:11:02.480000Z,33.7275,-119.08483333333334,9.77,2.5,,,SCEDC,,C,21,0.2,SCSN
37265080,scedc:37265080,2014-09-06T05:38:46.470000Z,34.3175,-119.51766666666668,0.01,2.9,,,SCEDC,,A,59,0.42,SCSN
37265664,scedc:37265664,2014-09-08T04:10:58.560000Z,34.51316666666666,-118.78483333333334,10.51,2.1,,,SCEDC,,A,78,0.27,SCSN
37265728,scedc:37265728,2014-09-08T12:12:45.520000Z,34.51683333333333,-118.7785,12.89,2.2,,,SCEDC,,A,78,0.31,SCSN
37265744,scedc:37265744,2014-09-08T13:29:36.790000Z,34.5195,-118.7895,11.97,2.3,,,SCEDC,,A,77,0.28,SCSN
37267416,scedc:37267416,2014-09-12T17:29:38.310000Z,33.862833333333334,-118.67433333333334,12.9,2.2,,,SCEDC,,A,41,0.18,SCSN
37268832,scedc:37268832,2014-09-16T15:11:27.190000Z,33.78933333333333,-118.38083333333331,9.49,2.4,,,SCEDC,,A,91,0.36,SCSN
37269096,scedc:37269096,2014-09-17T19:00:26.180000Z,35.342333333333336,-117.91916666666668,9.57,2.1,,,SCEDC,,A,62,0.19,SCSN
37042471,scedc:37042471,2014-09-19T15:58:53.120000Z,33.861666666666665,-117.69566666666668,9.07,2.0,,,SCEDC,,A,93,0.17,SCSN
37045215,scedc:37045215,2014-09-26T14:32:03.430000Z,34.27466666666667,-117.01666666666668,7.73,2.1,,,SCEDC,,A,49,0.13,SCSN
37045951,scedc:37045951,2014-09-28T20:29:31.310000Z,34.60633333333333,-118.50733333333334,11.22,2.1,,,SCEDC,,A,84,0.2,SCSN
37046479,scedc:37046479,2014-09-30T20:28:16.270000Z,33.15116666666667,-118.31166666666668,12.84,2.6,,,SCEDC,,C,60,0.55,SCSN
37046743,scedc:37046743,2014-10-01T17:39:54.740000Z,34.114333333333335,-119.18616666666668,18.67,2.2,,,SCEDC,,A,51,0.18,SCSN
37277768,scedc:37277768,2014-10-10T12:37:51.480000Z,35.312666666666665,-118.57016666666668,6.46,2.5,,,SCEDC,,A,58,0.17,SCSN
37278472,scedc:37278472,2014-10-12T20:43:13.640000Z,32.943666666666665,-118.07966666666668,6.41,2.1,,,SCEDC,,C,44,0.37,SCSN
37279416,scedc:37279416,2014-10-16T00:36:38.280000Z,33.8865,-118.348,14.21,2.3,,,SCEDC,,A,85,0.21,SCSN
37280360,scedc:37280360,2014-10-19T11:34:33.190000Z,34.891666666666666,-119.02933333333333,11.06,2.0,,,SCEDC,,A,58,0.26,SCSN
37281512,scedc:37281512,2014-10-23T05:11:39.470000Z,34.784666666666666,-118.93333333333334,12.39,2.0,,,SCEDC,,A,55,0.19,SCSN
37282896,scedc:37282896,2014-10-27T15:59:41.980000Z,33.93366666666667,-117.896,0.92,2.5,,,SCEDC,,C,89,0.26,SCSN
37283104,scedc:37283104,2014-10-28T11:06:48.840000Z,35.1355,-118.69733333333332,4.16,2.4,,,SCEDC,,A,62,0.21,SCSN
37285600,scedc:37285600,2014-11-06T20:58:39.390000Z,34.6095,-118.64083333333332,8.36,2.1,,,SCEDC,,A,57,0.22,SCSN
37286704,scedc:37286704,2014-11-10T08:21:52.320000Z,33.707166666666666,-117.985,10.25,2.5,,,SCEDC,,A,81,0.27,SCSN
37060559,scedc:37060559,2014-11-13T05:43:32.790000Z,35.06216666666667,-118.92083333333332,6.7,2.1,,,SCEDC,,A,43,0.21,SCSN
37061303,scedc:37061303,2014-11-16T02:50:08.550000Z,33.626,-118.379,12.57,2.0,,,SCEDC,,A,37,0.23,SCSN
37062559,scedc:37062559,2014-11-19T21:30:04.500000Z,33.69266666666667,-118.3885,2.06,2.0,,,SCEDC,,B,32,0.28,SCSN
37063215,scedc:37063215,2014-11-21T16:57:54.650000Z,34.26616666666666,-117.468,11.62,2.0,,,SCEDC,,A,88,0.18,SCSN
37063983,scedc:37063983,2014-11-24T22:07:31.320000Z,34.23733333333333,-118.29183333333332,11.46,2.0,,,SCEDC,,A,57,0.2,SCSN
37064367,scedc:37064367,2014-11-26T03:00:07.540000Z,33.9315,-117.8985,1.86,2.4,,,SCEDC,,A,96,0.25,SCSN
37065103,scedc:37065103,2014-11-29T21:19:27.580000Z,34.272166666666664,-117.01483333333331,7.23,2.2,,,SCEDC,,A,93,0.14,SCSN
37065751,scedc:37065751,2014-12-02T04:05:04.330000Z,33.99933333333333,-119.083,9.19,2.7,,,SCEDC,,A,46,0.2,SCSN
37066879,scedc:37066879,2014-12-06T05:15:05.760000Z,35.346833333333336,-117.91266666666668,9.69,2.2,,,SCEDC,,A,72,0.2,SCSN
37067815,scedc:37067815,2014-12-08T08:34:54.220000Z,34.837,-118.9605,12.93,2.4,,,SCEDC,,A,68,0.28,SCSN
37296560,scedc:37296560,2014-12-16T02:24:07.040000Z,34.159666666666666,-118.5125,7.93,2.0,,,SCEDC,,A,65,0.27,SCSN
37296584,scedc:37296584,2014-12-16T03:54:08.680000Z,34.2705,-117.01066666666668,6.43,2.0,,,SCEDC,,A,99,0.17,SCSN
37297168,scedc:37297168,2014-12-18T10:44:48.180000Z,33.64666666666667,-118.10366666666668,10.94,2.3,,,SCEDC,,A,32,0.14,SCSN
37297296,scedc:37297296,2014-12-19T01:17:07.700000Z,34.520833333333336,-118.78566666666669,7.82,2.0,,,SCEDC,,A,61,0.37,SCSN
37297432,scedc:37297432,2014-12-19T07:28:26.180000Z,34.65116666666667,-116.648,3.1,2.1,,,SCEDC,,A,63,0.13,SCSN
37297760,scedc:37297760,2014-12-20T17:30:43.940000Z,35.18416666666667,-119.00883333333331,4.29,2.0,,,SCEDC,,C,42,0.28,SCSN
37298552,scedc:37298552,2014-12-23T19:33:18.700000Z,33.73166666666667,-117.99566666666666,8.33,2.5,,,SCEDC,,A,64,0.27,SCSN
37299072,scedc:37299072,2014-12-25T23:54:43.720000Z,33.41716666666667,-118.126,1.58,2.6,,,SCEDC,,A,32,0.18,SCSN
37299728,scedc:37299728,2014-12-28T11:02:28.940000Z,35.03933333333333,-119.19083333333332,17.53,2.2,,,SCEDC,,A,42,0.19,SCSN
37300056,scedc:37300056,2014-12-29T17:41:00.720000Z,34.16983333333334,-117.44016666666668,10.37,2.1,,,SCEDC,,A,81,0.15,SCSN
37300232,scedc:37300232,2014-12-30T07:41:19.340000Z,33.4205,-118.12833333333332,8.64,2.2,,,SCEDC,,A,26,0.16,SCSN
37300496,scedc:37300496,2014-12-31T06:27:41.910000Z,34.610166666666665,-118.63533333333334,8.12,3.1,,,SCEDC,,A,71,0.25,SCSN
37300616,scedc:37300616,2014-12-31T20:02:47.760000Z,35.141,-118.96066666666668,11.58,2.5,,,SCEDC,,A,30,0.19,SCSN
37300632,scedc:37300632,2014-12-31T20:26:24.720000Z,35.14033333333333,-118.95433333333334,11.16,2.2,,,SCEDC,,A,30,0.17,SCSN
37301272,scedc:37301272,2015-01-03T02:24:33.920000Z,35.45816666666666,-118.30933333333331,6.46,2.0,,,SCEDC,,A,60,0.13,SCSN
37301560,scedc:37301560,2015-01-03T16:01:25.710000Z,35.341166666666666,-118.56833333333331,9.27,2.8,,,SCEDC,,A,64,0.19,SCSN
37301632,scedc:37301632,2015-01-03T22:37:24.680000Z,34.156,-118.7325,9.62,2.4,,,SCEDC,,A,70,0.3,SCSN
37301696,scedc:37301696,2015-01-04T02:58:10.810000Z,34.610166666666665,-118.6355,8.35,3.0,,,SCEDC,,A,82,0.22,SCSN
37301936,scedc:37301936,2015-01-04T09:43:56.200000Z,34.60466666666667,-118.6405,8.3,2.5,,,SCEDC,,A,68,0.21,SCSN
37302928,scedc:37302928,2015-01-07T09:29:13.250000Z,32.86716666666667,-117.87816666666669,19.9,2.1,,,SCEDC,,C,37,0.36,SCSN
37303168,scedc:37303168,2015-01-07T22:46:12.750000Z,34.89233333333333,-119.36966666666666,11.61,2.6,,,SCEDC,,A,77,0.29,SCSN
37303752,scedc:37303752,2015-01-09T12:10:58.180000Z,32.972166666666666,-117.73983333333334,15.25,2.0,,,SCEDC,,C,77,0.17,SCSN
37303872,scedc:37303872,2015-01-09T19:10:42.210000Z,33.41433333333333,-118.11566666666668,4.36,2.3,,,SCEDC,,B,48,0.25,SCSN
37304040,scedc:37304040,2015-01-10T11:47:55.250000Z,33.43933333333333,-118.09083333333334,5.23,2.2,,,SCEDC,,B,62,0.2,SCSN
37304104,scedc:37304104,2015-01-10T16:00:50.640000Z,34.61,-118.6405,8.79,2.5,,,SCEDC,,A,98,0.24,SCSN
37305384,scedc:37305384,2015-01-14T23:20:38.750000Z,34.1535,-118.55,8.88,2.0,,,SCEDC,,A,81,0.2,SCSN
37305920,scedc:37305920,2015-01-16T16:17:09.300000Z,34.115833333333335,-119.18016666666666,18.99,2.2,,,SCEDC,,A,43,0.22,SCSN
37306224,scedc:37306224,2015-01-17T15:04:48.530000Z,33.92883333333333,-117.9425,3.68,2.0,,,SCEDC,,A,86,0.31,SCSN
37307472,scedc:37307472,2015-01-21T00:10:52.560000Z,33.818,-118.7425,6.88,2.1,,,SCEDC,,A,36,0.19,SCSN
37308248,scedc:37308248,2015-01-23T13:09:07.540000Z,33.776833333333336,-118.14716666666666,14.5,2.0,,,SCEDC,,A,54,0.17,SCSN
37308600,scedc:37308600,2015-01-24T20:55:32.640000Z,34.882333333333335,-118.99683333333331,16.15,2.0,,,SCEDC,,A,32,0.14,SCSN
37308896,scedc:37308896,2015-01-25T17:16:42.640000Z,32.88766666666667,-117.87266666666666,0.81,2.1,,,SCEDC,,C,33,0.37,SCSN
37309608,scedc:37309608,2015-01-28T01:08:49.930000Z,34.344,-119.66616666666668,9.22,2.1,,,SCEDC,,A,55,0.4,SCSN
37310104,scedc:37310104,2015-01-29T02:57:16.490000Z,34.36633333333333,-119.54016666666666,3.13,2.4,,,SCEDC,,A,25,0.26,SCSN
37313520,scedc:37313520,2015-02-06T15:32:46.480000Z,33.4115,-118.12183333333331,0.99,2.4,,,SCEDC,,C,96,0.36,SCSN
37314112,scedc:37314112,2015-02-08T08:52:58.750000Z,35.043,-116.993,1.64,2.4,,,SCEDC,,A,44,0.15,SCSN
37097919,scedc:37097919,2015-02-20T15:19:29.370000Z,33.93816666666667,-118.2795,8.61,2.0,,,SCEDC,,A,61,0.32,SCSN
37106679,scedc:37106679,2015-03-02T17:54:21.160000Z,33.823,-117.64633333333332,5.0,2.1,,,SCEDC,,A,78,0.2,SCSN
37109335,scedc:37109335,2015-03-05T00:11:48.530000Z,35.112833333333334,-118.80633333333331,1.26,2.1,,,SCEDC,,A,56,0.19,SCSN
37109343,scedc:37109343,2015-03-05T00:11:55.150000Z,35.111333333333334,-118.8055,1.12,2.2,,,SCEDC,,A,40,0.26,SCSN
37109439,scedc:37109439,2015-03-05T01:52:58.640000Z,35.11066666666667,-118.80833333333334,1.27,2.0,,,SCEDC,,A,55,0.19,SCSN
37109863,scedc:37109863,2015-03-05T14:16:53.650000Z,33.85966666666667,-118.30333333333331,11.84,2.1,,,SCEDC,,A,63,0.27,SCSN
37116559,scedc:37116559,2015-03-11T08:50:05.720000Z,34.536,-118.978,26.54,2.1,,,SCEDC,,A,96,0.32,SCSN
37117335,scedc:37117335,2015-03-12T00:00:36.660000Z,34.32866666666666,-118.457,2.78,2.2,,,SCEDC,,A,57,0.2,SCSN
37337928,scedc:37337928,2015-03-14T00:29:03.180000Z,33.678333333333335,-118.37616666666666,0.28,2.0,,,SCEDC,,A,37,0.38,SCSN
37340592,scedc:37340592,2015-03-17T02:40:55.530000Z,33.821,-118.6015,12.22,2.3,,,SCEDC,,A,78,0.27,SCSN
37341856,scedc:37341856,2015-03-18T12:37:42.480000Z,33.80866666666667,-118.59933333333332,12.84,2.3,,,SCEDC,,A,47,0.28,SCSN
37353160,scedc:37353160,2015-03-31T06:57:17.960000Z,34.61566666666667,-119.05566666666668,4.95,2.7,,,SCEDC,,A,85,0.3,SCSN
37354712,scedc:37354712,2015-04-02T10:36:18.300000Z,34.6095,-119.06983333333334,5.89,2.1,,,SCEDC,,A,58,0.25,SCSN
37356408,scedc:37356408,2015-04-04T14:46:35.860000Z,34.322833333333335,-118.55666666666669,4.11,2.2,,,SCEDC,,A,91,0.29,SCSN
37356536,scedc:37356536,2015-04-04T17:14:50.940000Z,34.324666666666666,-118.55533333333334,6.38,2.1,,,SCEDC,,A,76,0.32,SCSN
37356560,scedc:37356560,2015-04-04T17:48:57.350000Z,34.32566666666666,-118.55983333333332,1.91,2.0,,,SCEDC,,A,89,0.29,SCSN
37357416,scedc:37357416,2015-04-06T11:22:06.150000Z,35.11683333333333,-119.2405,15.48,2.3,,,SCEDC,,A,74,0.25,SCSN
37358400,scedc:37358400,2015-04-07T15:58:27.290000Z,34.61783333333333,-119.093,5.52,2.0,,,SCEDC,,A,47,0.28,SCSN
37151127,scedc:37151127,2015-04-24T15:01:25.390000Z,35.16583333333333,-117.55316666666668,3.09,2.4,,,SCEDC,,A,92,0.18,SCSN
37152087,scedc:37152087,2015-04-27T01:43:17.470000Z,33.910333333333334,-118.73983333333334,13.59,2.0,,,SCEDC,,A,37,0.24,SCSN
37152303,scedc:37152303,2015-04-27T13:49:18.210000Z,34.99216666666667,-116.93833333333332,5.9,2.6,,,SCEDC,,A,84,0.19,SCSN
37152503,scedc:37152503,2015-04-27T23:17:53.980000Z,33.7205,-118.27083333333331,5.51,2.1,,,SCEDC,,A,48,0.18,SCSN
37372776,scedc:37372776,2015-04-30T18:43:27.170000Z,35.16166666666667,-117.09466666666668,3.25,2.5,,,SCEDC,,A,90,0.2,SCSN
37374144,scedc:37374144,2015-05-03T19:51:57.290000Z,33.99166666666667,-118.35416666666669,9.55,2.1,,,SCEDC,,A,95,0.19,SCSN
37164767,scedc:37164767,2015-05-19T06:17:51.910000Z,33.63366666666667,-118.55833333333334,1.51,2.2,,,SCEDC,,A,33,0.3,SCSN
37388384,scedc:37388384,2015-05-27T18:31:56.810000Z,34.81916666666667,-118.93533333333332,9.93,2.3,,,SCEDC,,A,99,0.24,SCSN
37389592,scedc:37389592,2015-05-29T07:29:06.440000Z,33.12416666666667,-117.7955,0.58,2.0,,,SCEDC,,C,51,0.23,SCSN
37391312,scedc:37391312,2015-05-31T19:20:28.080000Z,33.262166666666666,-117.68516666666666,13.73,2.3,,,SCEDC,,A,85,0.18,SCSN
37394584,scedc:37394584,2015-06-06T13:15:40.470000Z,33.91866666666667,-118.29866666666666,10.68,2.1,,,SCEDC,,A,90,0.26,SCSN
37395840,scedc:37395840,2015-06-08T22:08:10.600000Z,35.06616666666667,-118.35683333333331,7.25,2.5,,,SCEDC,,A,86,0.12,SCSN
37396120,scedc:37396120,2015-06-09T09:25:56.310000Z,34.3245,-119.2205,0.17,2.4,,,SCEDC,,A,58,0.34,SCSN
37396968,scedc:37396968,2015-06-10T20:03:58.830000Z,35.082,-119.06966666666666,13.94,2.5,,,SCEDC,,A,60,0.2,SCSN
37401776,scedc:37401776,2015-06-17T01:38:25.300000Z,35.036833333333334,-119.21233333333332,15.36,2.3,,,SCEDC,,A,65,0.21,SCSN
37403528,scedc:37403528,2015-06-19T02:18:37.540000Z,34.92066666666667,-116.914,1.4,2.2,,,SCEDC,,A,57,0.15,SCSN
37403536,scedc:37403536,2015-06-19T02:21:24.940000Z,34.921166666666664,-116.91666666666669,1.57,2.6,,,SCEDC,,A,75,0.14,SCSN
37406072,scedc:37406072,2015-06-22T21:49:05.160000Z,33.967,-118.349,3.5,2.5,,,SCEDC,,A,78,0.25,SCSN
37406296,scedc:37406296,2015-06-23T07:52:08.800000Z,33.733,-119.44033333333331,5.74,2.3,,,SCEDC,,C,23,0.25,SCSN
37406496,scedc:37406496,2015-06-23T15:32:47.860000Z,33.004666666666665,-117.78383333333332,16.69,2.2,,,SCEDC,,A,48,0.25,SCSN
37193607,scedc:37193607,2015-06-29T15:02:34.320000Z,34.3635,-118.65166666666669,6.21,2.0,,,SCEDC,,A,71,0.23,SCSN
37194007,scedc:37194007,2015-06-29T20:50:08.890000Z,33.02066666666666,-117.7655,14.86,2.8,,,SCEDC,,C,60,0.25,SCSN
37198111,scedc:37198111,2015-07-04T20:32:42.650000Z,34.1205,-118.48966666666666,9.32,2.0,,,SCEDC,,A,66,0.15,SCSN
37199095,scedc:37199095,2015-07-06T15:17:02.570000Z,34.400333333333336,-118.983,17.49,2.0,,,SCEDC,,A,77,0.26,SCSN
37201583,scedc:37201583,2015-07-08T23:00:03.440000Z,34.397666666666666,-118.99116666666669,19.04,2.0,,,SCEDC,,A,49,0.24,SCSN
37201895,scedc:37201895,2015-07-09T10:20:05.320000Z,34.397,-118.97933333333332,18.73,2.3,,,SCEDC,,A,92,0.27,SCSN
37201959,scedc:37201959,2015-07-09T11:31:43.640000Z,34.397,-118.98683333333334,17.59,2.0,,,SCEDC,,A,66,0.25,SCSN
37202015,scedc:37202015,2015-07-09T12:21:45.510000Z,34.39816666666667,-118.98133333333334,17.7,2.2,,,SCEDC,,A,99,0.28,SCSN
37202023,scedc:37202023,2015-07-09T12:23:20.710000Z,34.395,-118.98466666666668,18.86,2.1,,,SCEDC,,A,83,0.26,SCSN
37202135,scedc:37202135,2015-07-09T13:07:11.600000Z,34.394666666666666,-118.9855,17.87,2.1,,,SCEDC,,A,87,0.25,SCSN
37202151,scedc:37202151,2015-07-09T13:11:13.670000Z,34.39566666666666,-118.99116666666669,18.52,2.1,,,SCEDC,,A,81,0.26,SCSN
37202359,scedc:37202359,2015-07-09T16:04:54.470000Z,34.39566666666666,-118.98316666666666,18.58,2.0,,,SCEDC,,A,91,0.27,SCSN
37202543,scedc:37202543,2015-07-09T18:14:14.780000Z,34.39516666666667,-118.99566666666666,20.96,2.1,,,SCEDC,,A,93,0.26,SCSN
37202575,scedc:37202575,2015-07-09T18:17:01.080000Z,34.394666666666666,-118.98666666666666,17.64,2.2,,,SCEDC,,A,88,0.29,SCSN
37202623,scedc:37202623,2015-07-09T18:44:46.090000Z,34.399,-119.003,17.87,2.0,,,SCEDC,,A,57,0.27,SCSN
37202687,scedc:37202687,2015-07-09T18:57:58.610000Z,34.39816666666667,-118.98066666666666,17.6,2.3,,,SCEDC,,A,96,0.26,SCSN
37202807,scedc:37202807,2015-07-09T21:17:32.920000Z,34.397166666666664,-118.9765,18.07,2.1,,,SCEDC,,A,84,0.26,SCSN
37203047,scedc:37203047,2015-07-10T02:29:50.300000Z,34.40133333333333,-118.99216666666666,17.5,2.0,,,SCEDC,,A,70,0.27,SCSN
37203055,scedc:37203055,2015-07-10T02:30:19.200000Z,34.4015,-118.9855,16.95,2.3,,,SCEDC,,A,93,0.28,SCSN
37203095,scedc:37203095,2015-07-10T02:45:52.000000Z,34.392833333333336,-118.99316666666668,20.49,2.0,,,SCEDC,,A,64,0.26,SCSN
37203119,scedc:37203119,2015-07-10T03:01:16.790000Z,34.398,-118.97783333333334,17.3,2.0,,,SCEDC,,A,89,0.27,SCSN
37203175,scedc:37203175,2015-07-10T03:27:38.190000Z,34.39983333333333,-118.98966666666666,18.37,2.0,,,SCEDC,,A,90,0.28,SCSN
37205023,scedc:37205023,2015-07-12T16:20:45.590000Z,34.4,-118.9925,18.27,2.1,,,SCEDC,,A,80,0.27,SCSN
37205071,scedc:37205071,2015-07-12T16:52:21.720000Z,34.404833333333336,-118.99666666666668,17.04,2.1,,,SCEDC,,A,62,0.25,SCSN
37205487,scedc:37205487,2015-07-13T08:08:43.240000Z,33.471833333333336,-117.88233333333334,2.99,2.1,,,SCEDC,,A,79,0.21,SCSN
37205575,scedc:37205575,2015-07-13T10:14:23.720000Z,34.407833333333336,-118.9895,17.19,2.0,,,SCEDC,,A,97,0.3,SCSN
37205863,scedc:37205863,2015-07-13T15:26:47.130000Z,34.398666666666664,-119.00083333333332,19.15,2.0,,,SCEDC,,A,75,0.27,SCSN
37206743,scedc:37206743,2015-07-14T17:01:25.250000Z,34.9175,-116.897,2.75,2.5,,,SCEDC,,A,67,0.15,SCSN
37207687,scedc:37207687,2015-07-15T20:11:34.990000Z,33.965333333333334,-118.16283333333334,15.13,2.0,,,SCEDC,,A,90,0.21,SCSN
37210607,scedc:37210607,2015-07-21T02:01:48.110000Z,33.81816666666667,-118.46783333333332,8.96,2.1,,,SCEDC,,A,78,0.25,SCSN
37210639,scedc:37210639,2015-07-21T04:07:26.420000Z,33.14983333333333,-117.76583333333332,14.39,2.0,,,SCEDC,,A,42,0.29,SCSN
37220015,scedc:37220015,2015-08-04T07:17:12.950000Z,34.07666666666667,-118.93016666666666,14.34,2.1,,,SCEDC,,A,86,0.22,SCSN
37220215,scedc:37220215,2015-08-04T16:58:47.050000Z,33.6915,-118.47466666666666,0.1,2.1,,,SCEDC,,A,42,0.21,SCSN
37262805,scedc:37262805,2015-08-04T18:01:58.080000Z,33.63733333333333,-118.49383333333331,0.92,2.4,,,SCEDC,,A,25,0.24,SCSN
37220303,scedc:37220303,2015-08-04T18:03:13.410000Z,33.690333333333335,-118.47183333333334,1.25,2.4,,,SCEDC,,A,70,0.24,SCSN
37220575,scedc:37220575,2015-08-04T21:48:43.430000Z,33.661833333333334,-118.47316666666669,1.17,2.4,,,SCEDC,,A,52,0.27,SCSN
37226223,scedc:37226223,2015-08-12T19:19:47.560000Z,33.7975,-118.365,11.12,2.1,,,SCEDC,,A,77,0.28,SCSN
37230183,scedc:37230183,2015-08-20T18:49:34.910000Z,33.629,-118.39333333333332,13.46,2.1,,,SCEDC,,A,84,0.23,SCSN
37236167,scedc:37236167,2015-08-31T16:07:28.210000Z,33.861666666666665,-118.24016666666668,14.05,2.3,,,SCEDC,,A,72,0.22,SCSN
37237223,scedc:37237223,2015-09-03T06:16:14.440000Z,33.00783333333333,-117.76116666666668,5.85,2.3,,,SCEDC,,C,68,0.35,SCSN
37237519,scedc:37237519,2015-09-03T23:23:29.500000Z,33.835166666666666,-118.26083333333334,14.89,2.0,,,SCEDC,,A,66,0.22,SCSN
37244343,scedc:37244343,2015-09-17T21:43:31.190000Z,34.45333333333333,-119.05283333333334,15.71,2.8,,,SCEDC,,A,97,0.29,SCSN
37245407,scedc:37245407,2015-09-19T18:31:54.520000Z,34.394,-118.9835,18.0,2.0,,,SCEDC,,A,80,0.29,SCSN
37245495,scedc:37245495,2015-09-19T21:46:14.460000Z,34.85333333333333,-118.96483333333332,13.55,2.0,,,SCEDC,,A,74,0.23,SCSN
37245599,scedc:37245599,2015-09-20T02:39:14.120000Z,34.342666666666666,-119.2385,13.68,2.2,,,SCEDC,,A,61,0.36,SCSN
37252735,scedc:37252735,2015-10-03T16:54:50.440000Z,34.855333333333334,-118.9615,13.32,2.3,,,SCEDC,,A,77,0.24,SCSN
37253495,scedc:37253495,2015-10-05T21:36:49.720000Z,33.01533333333333,-117.77916666666668,18.21,2.2,,,SCEDC,,A,67,0.26,SCSN
37253799,scedc:37253799,2015-10-06T10:32:41.500000Z,33.55883333333333,-118.20483333333334,0.0,2.0,,,SCEDC,,A,72,0.28,SCSN
37473976,scedc:37473976,2015-10-10T14:47:13.250000Z,34.27183333333333,-118.721,20.75,2.0,,,SCEDC,,A,98,0.19,SCSN
37474632,scedc:37474632,2015-10-12T07:54:31.410000Z,33.590666666666664,-118.29666666666668,1.14,2.1,,,SCEDC,,A,37,0.21,SCSN
37478192,scedc:37478192,2015-10-19T16:37:00.110000Z,33.676,-118.24733333333332,5.32,2.2,,,SCEDC,,A,60,0.21,SCSN
37485808,scedc:37485808,2015-11-05T16:07:04.680000Z,33.966,-118.58966666666667,14.37,2.0,,,SCEDC,,A,55,0.17,SCSN
37486208,scedc:37486208,2015-11-06T03:21:35.840000Z,34.342333333333336,-118.463,2.8,2.1,,,SCEDC,,A,98,0.21,SCSN
37276855,scedc:37276855,2015-11-23T17:36:43.330000Z,34.00216666666667,-118.33983333333332,9.12,2.1,,,SCEDC,,A,91,0.19,SCSN
37280743,scedc:37280743,2015-12-03T17:45:40.250000Z,33.74366666666667,-117.5,11.91,2.1,,,SCEDC,,A,88,0.17,SCSN
37498360,scedc:37498360,2015-12-04T01:31:07.750000Z,33.94866666666667,-117.7305,12.87,2.1,,,SCEDC,,A,95,0.15,SCSN
37499024,scedc:37499024,2015-12-06T11:26:14.130000Z,34.351,-118.75966666666666,10.42,2.4,,,SCEDC,,A,81,0.19,SCSN
37499048,scedc:37499048,2015-12-06T11:41:24.530000Z,33.37866666666667,-117.9285,3.65,2.1,,,SCEDC,,A,79,0.27,SCSN
37499208,scedc:37499208,2015-12-06T22:10:23.590000Z,33.62733333333333,-118.41083333333331,11.51,2.1,,,SCEDC,,A,40,0.28,SCSN
37287007,scedc:37287007,2015-12-20T23:29:58.190000Z,33.62133333333333,-117.91233333333334,10.04,2.2,,,SCEDC,,A,88,0.22,SCSN
37508400,scedc:37508400,2015-12-30T16:17:37.420000Z,33.714166666666664,-118.41766666666666,4.6,2.6,,,SCEDC,,A,70,0.22,SCSN
37510944,scedc:37510944,2016-01-07T19:09:12.410000Z,34.0535,-118.99083333333331,14.64,2.2,,,SCEDC,,A,52,0.22,SCSN
37511416,scedc:37511416,2016-01-10T01:16:04.230000Z,34.0485,-118.04233333333332,15.35,2.0,,,SCEDC,,A,87,0.19,SCSN
37295487,scedc:37295487,2016-01-13T14:11:40.820000Z,34.934333333333335,-118.99816666666666,9.0,2.1,,,SCEDC,,A,70,0.22,SCSN
37296471,scedc:37296471,2016-01-15T14:01:45.900000Z,33.70666666666666,-118.42683333333332,4.23,2.3,,,SCEDC,,A,74,0.25,SCSN
37297159,scedc:37297159,2016-01-17T02:45:24.020000Z,34.51616666666666,-118.79133333333333,15.29,2.1,,,SCEDC,,A,94,0.25,SCSN
37299119,scedc:37299119,2016-01-24T00:16:16.030000Z,34.13816666666666,-118.3495,14.34,2.1,,,SCEDC,,A,96,0.18,SCSN
37519616,scedc:37519616,2016-02-02T21:48:33.910000Z,34.13333333333333,-119.331,18.6,2.1,,,SCEDC,,A,51,0.28,SCSN
37524384,scedc:37524384,2016-02-16T09:25:26.190000Z,34.308,-116.85733333333332,4.97,2.2,,,SCEDC,,A,29,0.11,SCSN
37526216,scedc:37526216,2016-02-19T18:11:25.630000Z,34.2995,-118.482,8.87,2.4,,,SCEDC,,A,82,0.22,SCSN
37535608,scedc:37535608,2016-03-14T23:49:12.670000Z,33.733,-118.3175,7.05,2.3,,,SCEDC,,A,93,0.29,SCSN
37324855,scedc:37324855,2016-03-31T00:28:41.360000Z,33.6815,-118.06333333333332,15.13,2.1,,,SCEDC,,A,88,0.21,SCSN
37385175,scedc:37385175,2016-06-13T07:08:08.100000Z,33.816833333333335,-118.534,14.31,2.3,,,SCEDC,,A,93,0.2,SCSN
37645248,scedc:37645248,2016-08-01T20:54:39.250000Z,33.7235,-117.5325,8.64,2.0,,,SCEDC,,A,99,0.17,SCSN
37442591,scedc:37442591,2016-08-11T20:31:54.740000Z,33.891,-118.25516666666668,13.79,2.0,,,SCEDC,,A,60,0.27,SCSN
37473631,scedc:37473631,2016-09-09T09:52:42.110000Z,34.093,-119.03216666666668,18.86,2.0,,,SCEDC,,A,74,0.2,SCSN
