event_id,resource_id,origin_time,latitude,longitude,depth_km,magnitude,mag_type,event_type,client,split,quality,nph,rms,catalog,n_valid,n_raw,n_candidates,n_downloaded,status,eligible,year,doy,phase_path
14566876,scedc:14566876,2010-01-01T02:33:42.820000Z,32.453833333333336,-115.20283333333332,6.0,3.2,,,SCEDC,,C,38,0.48,SCSN,47,47,-1,47,skipped_resume,True,2010,1,data/scedc/event_phases/2010/2010_001/14566876.phase
14568124,scedc:14568124,2010-01-04T00:02:17.990000Z,32.1915,-116.655,5.63,3.8,,,SCEDC,,C,79,0.16,SCSN,84,86,-1,86,skipped_resume,True,2010,4,data/scedc/event_phases/2010/2010_004/14568124.phase
14568516,scedc:14568516,2010-01-04T20:07:59.930000Z,35.711666666666666,-117.48216666666669,8.64,3.4,,,SCEDC,,A,78,0.17,SCSN,138,141,-1,141,skipped_resume,True,2010,4,data/scedc/event_phases/2010/2010_004/14568516.phase
14568532,scedc:14568532,2010-01-04T20:11:25.790000Z,35.7115,-117.485,9.2,3.1,,,SCEDC,,A,70,0.21,SCSN,140,142,-1,142,skipped_resume,True,2010,4,data/scedc/event_phases/2010/2010_004/14568532.phase
14570732,scedc:14570732,2010-01-10T02:55:06.750000Z,36.40133333333333,-117.86866666666668,3.93,3.0,,,SCEDC,,C,60,0.24,SCSN,59,59,-1,59,skipped_resume,True,2010,10,data/scedc/event_phases/2010/2010_010/14570732.phase
14570852,scedc:14570852,2010-01-10T06:35:53.560000Z,32.403333333333336,-115.1755,5.99,4.1,,,SCEDC,,C,68,0.44,SCSN,44,44,-1,44,skipped_resume,True,2010,10,data/scedc/event_phases/2010/2010_010/14570852.phase
10526285,scedc:10526285,2010-01-14T12:10:05.290000Z,36.03783333333333,-117.8355,0.05,3.5,,,SCEDC,,A,54,0.18,SCSN,116,117,-1,117,skipped_resume,True,2010,14,data/scedc/event_phases/2010/2010_014/10526285.phase
10526373,scedc:10526373,2010-01-14T12:57:12.580000Z,36.03966666666667,-117.834,0.37,3.2,,,SCEDC,,A,54,0.19,SCSN,118,119,-1,119,skipped_resume,True,2010,14,data/scedc/event_phases/2010/2010_014/10526373.phase
10526413,scedc:10526413,2010-01-14T13:37:00.910000Z,36.038,-117.83633333333331,0.35,3.4,,,SCEDC,,A,68,0.19,SCSN,119,121,-1,121,skipped_resume,True,2010,14,data/scedc/event_phases/2010/2010_014/10526413.phase
10526869,scedc:10526869,2010-01-15T02:01:34.480000Z,33.183,-115.60516666666666,2.54,3.1,,,SCEDC,,A,86,0.28,SCSN,87,87,-1,87,skipped_resume,True,2010,15,data/scedc/event_phases/2010/2010_015/10526869.phase
10526965,scedc:10526965,2010-01-15T02:13:52.130000Z,33.17933333333333,-115.60833333333332,1.8,3.5,,,SCEDC,,A,58,0.28,SCSN,84,84,-1,84,skipped_resume,True,2010,15,data/scedc/event_phases/2010/2010_015/10526965.phase
10527789,scedc:10527789,2010-01-15T08:23:27.340000Z,36.031,-117.843,0.1,4.4,,,SCEDC,,A,87,0.19,SCSN,109,111,-1,111,skipped_resume,True,2010,15,data/scedc/event_phases/2010/2010_015/10527789.phase
10527997,scedc:10527997,2010-01-15T09:25:13.940000Z,36.03416666666666,-117.84283333333332,0.48,3.0,,,SCEDC,,A,79,0.22,SCSN,116,118,-1,118,skipped_resume,True,2010,15,data/scedc/event_phases/2010/2010_015/10527997.phase
10528149,scedc:10528149,2010-01-15T10:29:58.630000Z,36.02916666666667,-117.83983333333332,0.44,3.6,,,SCEDC,,A,72,0.19,SCSN,118,120,-1,120,skipped_resume,True,2010,15,data/scedc/event_phases/2010/2010_015/10528149.phase
10528517,scedc:10528517,2010-01-15T13:39:31.390000Z,36.036,-117.84833333333331,0.01,3.4,,,SCEDC,,A,72,0.24,SCSN,118,119,-1,119,skipped_resume,True,2010,15,data/scedc/event_phases/2010/2010_015/10528517.phase
10528549,scedc:10528549,2010-01-15T13:42:17.590000Z,32.14683333333333,-115.3745,5.96,3.1,,,SCEDC,,C,23,0.25,SCSN,42,42,-1,42,skipped_resume,True,2010,15,data/scedc/event_phases/2010/2010_015/10528549.phase
10529677,scedc:10529677,2010-01-16T06:36:18.600000Z,36.03766666666667,-117.84433333333334,0.12,3.4,,,SCEDC,,A,75,0.23,SCSN,119,119,-1,119,skipped_resume,True,2010,16,data/scedc/event_phases/2010/2010_016/10529677.phase
10530685,scedc:10530685,2010-01-17T08:00:57.410000Z,32.157833333333336,-115.377,6.0,3.2,,,SCEDC,,C,36,0.4,SCSN,42,42,-1,42,skipped_resume,True,2010,17,data/scedc/event_phases/2010/2010_017/10530685.phase
10535613,scedc:10535613,2010-01-28T10:30:39.540000Z,32.737833333333334,-115.406,14.99,3.3,,,SCEDC,,C,54,0.27,SCSN,61,61,-1,61,skipped_resume,True,2010,28,data/scedc/event_phases/2010/2010_028/10535613.phase
10536629,scedc:10536629,2010-01-31T05:38:58.740000Z,32.735,-115.40216666666667,14.99,3.1,,,SCEDC,,C,37,0.28,SCSN,62,62,-1,62,skipped_resume,True,2010,31,data/scedc/event_phases/2010/2010_031/10536629.phase
10536725,scedc:10536725,2010-01-31T11:54:59.000000Z,32.327,-115.11166666666666,5.97,3.3,,,SCEDC,,C,21,0.27,SCSN,39,39,-1,39,skipped_resume,True,2010,31,data/scedc/event_phases/2010/2010_031/10536725.phase
10537093,scedc:10537093,2010-02-01T14:19:47.820000Z,32.04933333333334,-117.5255,5.84,4.4,,,SCEDC,,C,35,0.49,SCSN,93,93,-1,93,skipped_resume,True,2010,32,data/scedc/event_phases/2010/2010_032/10537093.phase
10537109,scedc:10537109,2010-02-01T14:43:39.440000Z,32.054,-117.46266666666666,5.84,3.6,,,SCEDC,,C,50,0.17,SCSN,92,93,-1,93,skipped_resume,True,2010,32,data/scedc/event_phases/2010/2010_032/10537109.phase
14585204,scedc:14585204,2010-02-04T02:06:28.790000Z,32.0645,-117.48133333333334,5.84,3.6,,,SCEDC,,C,41,0.2,SCSN,96,96,-1,96,skipped_resume,True,2010,35,data/scedc/event_phases/2010/2010_035/14585204.phase
14586036,scedc:14586036,2010-02-06T09:12:27.220000Z,32.758833333333335,-115.62916666666666,15.37,3.1,,,SCEDC,,A,77,0.3,SCSN,69,70,-1,70,skipped_resume,True,2010,37,data/scedc/event_phases/2010/2010_037/14586036.phase
14586308,scedc:14586308,2010-02-07T02:01:24.450000Z,35.801,-120.3435,5.03,3.5,,,SCEDC,,C,30,0.2,SCSN,48,48,-1,48,skipped_resume,True,2010,38,data/scedc/event_phases/2010/2010_038/14586308.phase
10541133,scedc:10541133,2010-02-11T08:33:43.010000Z,35.92733333333334,-120.4765,6.47,3.3,,,SCEDC,,C,43,0.3,SCSN,38,38,-1,38,skipped_resume,True,2010,42,data/scedc/event_phases/2010/2010_042/10541133.phase
10541141,scedc:10541141,2010-02-11T09:15:36.010000Z,32.052,-115.6945,14.75,3.1,,,SCEDC,,C,28,0.71,SCSN,44,44,-1,44,skipped_resume,True,2010,42,data/scedc/event_phases/2010/2010_042/10541141.phase
10541845,scedc:10541845,2010-02-13T16:34:39.030000Z,32.708666666666666,-116.01333333333334,6.36,3.4,,,SCEDC,,C,66,0.26,SCSN,88,89,-1,89,skipped_resume,True,2010,44,data/scedc/event_phases/2010/2010_044/10541845.phase
10542165,scedc:10542165,2010-02-14T00:01:13.800000Z,32.68666666666667,-116.008,13.43,3.1,,,SCEDC,,A,87,0.4,SCSN,86,86,-1,86,skipped_resume,True,2010,45,data/scedc/event_phases/2010/2010_045/10542165.phase
10542181,scedc:10542181,2010-02-14T00:37:58.040000Z,36.1125,-117.715,0.99,3.0,,,SCEDC,,A,46,0.21,SCSN,96,97,-1,97,skipped_resume,True,2010,45,data/scedc/event_phases/2010/2010_045/10542181.phase
10542293,scedc:10542293,2010-02-14T06:58:27.140000Z,33.233333333333334,-115.6995,3.29,3.0,,,SCEDC,,A,93,0.22,SCSN,93,93,-1,93,skipped_resume,True,2010,45,data/scedc/event_phases/2010/2010_045/10542293.phase
10542533,scedc:10542533,2010-02-14T21:40:41.980000Z,32.25366666666667,-116.58866666666668,1.01,3.0,,,SCEDC,,B,61,0.21,SCSN,79,81,-1,81,skipped_resume,True,2010,45,data/scedc/event_phases/2010/2010_045/10542533.phase
14594756,scedc:14594756,2010-02-26T15:02:31.670000Z,32.551833333333335,-115.25666666666666,14.99,3.9,,,SCEDC,,C,46,0.3,SCSN,46,46,-1,46,skipped_resume,True,2010,57,data/scedc/event_phases/2010/2010_057/14594756.phase
14595164,scedc:14595164,2010-02-27T13:56:38.760000Z,36.065666666666665,-117.883,0.44,3.1,,,SCEDC,,A,54,0.24,SCSN,110,110,-1,110,skipped_resume,True,2010,58,data/scedc/event_phases/2010/2010_058/14595164.phase
14595172,scedc:14595172,2010-02-27T15:01:35.910000Z,36.060833333333335,-117.87733333333334,0.99,3.3,,,SCEDC,,A,59,0.24,SCSN,101,101,-1,101,skipped_resume,True,2010,58,data/scedc/event_phases/2010/2010_058/14595172.phase
14595468,scedc:14595468,2010-02-28T06:56:28.810000Z,36.061166666666665,-117.8795,1.12,3.1,,,SCEDC,,A,62,0.23,SCSN,108,108,-1,108,skipped_resume,True,2010,59,data/scedc/event_phases/2010/2010_059/14595468.phase
14595780,scedc:14595780,2010-03-01T06:21:11.670000Z,32.715833333333336,-116.067,2.76,3.5,,,SCEDC,,A,90,0.26,SCSN,98,98,-1,98,skipped_resume,True,2010,60,data/scedc/event_phases/2010/2010_060/14595780.phase
14596204,scedc:14596204,2010-03-02T07:22:53.990000Z,36.0645,-117.87316666666666,1.17,3.5,,,SCEDC,,A,66,0.22,SCSN,105,105,-1,105,skipped_resume,True,2010,61,data/scedc/event_phases/2010/2010_061/14596204.phase
14597804,scedc:14597804,2010-03-08T03:43:20.980000Z,36.05983333333333,-117.88133333333332,1.46,3.3,,,SCEDC,,A,57,0.24,SCSN,108,108,-1,108,skipped_resume,True,2010,67,data/scedc/event_phases/2010/2010_067/14597804.phase
14597860,scedc:14597860,2010-03-08T07:00:45.260000Z,36.060833333333335,-117.883,1.39,3.2,,,SCEDC,,A,49,0.21,SCSN,109,110,-1,110,skipped_resume,True,2010,67,data/scedc/event_phases/2010/2010_067/14597860.phase
14598340,scedc:14598340,2010-03-09T07:54:27.830000Z,36.06433333333333,-117.882,0.99,3.3,,,SCEDC,,A,40,0.19,SCSN,108,108,-1,108,skipped_resume,True,2010,68,data/scedc/event_phases/2010/2010_068/14598340.phase
14598516,scedc:14598516,2010-03-09T20:05:12.870000Z,36.059666666666665,-117.87266666666666,0.84,3.7,,,SCEDC,,A,55,0.23,SCSN,110,110,-1,110,skipped_resume,True,2010,68,data/scedc/event_phases/2010/2010_068/14598516.phase
14598524,scedc:14598524,2010-03-09T20:12:10.890000Z,33.42133333333334,-119.1475,11.42,3.0,,,SCEDC,,A,69,0.31,SCSN,122,123,-1,123,skipped_resume,True,2010,68,data/scedc/event_phases/2010/2010_068/14598524.phase
14598644,scedc:14598644,2010-03-10T04:36:38.330000Z,36.061,-117.87733333333334,1.32,3.0,,,SCEDC,,A,47,0.24,SCSN,110,110,-1,110,skipped_resume,True,2010,69,data/scedc/event_phases/2010/2010_069/14598644.phase
14599396,scedc:14599396,2010-03-11T21:09:25.790000Z,32.692166666666665,-116.06533333333331,3.24,3.4,,,SCEDC,,A,96,0.34,SCSN,98,98,-1,98,skipped_resume,True,2010,70,data/scedc/event_phases/2010/2010_070/14599396.phase
14601532,scedc:14601532,2010-03-17T17:01:01.520000Z,32.32183333333333,-115.3065,5.99,4.0,,,SCEDC,,C,34,0.41,SCSN,41,41,-1,41,skipped_resume,True,2010,76,data/scedc/event_phases/2010/2010_076/14601532.phase
14601748,scedc:14601748,2010-03-18T05:40:33.100000Z,32.30883333333333,-115.29416666666668,5.99,3.0,,,SCEDC,,C,23,0.36,SCSN,43,43,-1,43,skipped_resume,True,2010,77,data/scedc/event_phases/2010/2010_077/14601748.phase
10145042,scedc:10145042,2010-03-18T05:41:17.620000Z,32.224833333333336,-115.29933333333334,6.0,3.2,,,SCEDC,,C,31,0.29,SCSN,36,36,-1,36,skipped_resume,True,2010,77,data/scedc/event_phases/2010/2010_077/10145042.phase
14602556,scedc:14602556,2010-03-20T09:14:55.460000Z,32.53633333333333,-115.552,14.93,3.2,,,SCEDC,,B,43,0.32,SCSN,59,59,-1,59,skipped_resume,True,2010,79,data/scedc/event_phases/2010/2010_079/14602556.phase
14602596,scedc:14602596,2010-03-20T09:48:47.450000Z,32.507666666666665,-115.54916666666666,14.26,3.5,,,SCEDC,,A,52,0.35,SCSN,62,62,-1,62,skipped_resume,True,2010,79,data/scedc/event_phases/2010/2010_079/14602596.phase
10145122,scedc:10145122,2010-03-21T06:12:33.530000Z,32.1685,-115.217,5.99,3.9,,,SCEDC,,C,49,0.72,SCSN,34,34,-1,34,skipped_resume,True,2010,80,data/scedc/event_phases/2010/2010_080/10145122.phase
14603180,scedc:14603180,2010-03-21T15:25:12.760000Z,32.23283333333333,-115.25516666666668,5.82,3.3,,,SCEDC,,D,25,0.59,SCSN,40,41,-1,41,skipped_resume,True,2010,80,data/scedc/event_phases/2010/2010_080/14603180.phase
14603396,scedc:14603396,2010-03-21T23:10:17.490000Z,32.19716666666667,-115.18983333333334,5.99,3.4,,,SCEDC,,C,19,0.39,SCSN,37,37,-1,37,skipped_resume,True,2010,80,data/scedc/event_phases/2010/2010_080/14603396.phase
14603532,scedc:14603532,2010-03-22T04:28:09.600000Z,32.2175,-115.19383333333332,5.85,3.2,,,SCEDC,,C,16,0.36,SCSN,38,38,-1,38,skipped_resume,True,2010,81,data/scedc/event_phases/2010/2010_081/14603532.phase
14603884,scedc:14603884,2010-03-23T13:41:15.260000Z,34.54483333333334,-120.71433333333331,13.86,3.1,,,SCEDC,,B,38,0.35,SCSN,77,77,-1,77,skipped_resume,True,2010,82,data/scedc/event_phases/2010/2010_082/14603884.phase
14604260,scedc:14604260,2010-03-24T14:13:01.140000Z,32.007666666666665,-117.51583333333332,5.84,3.5,,,SCEDC,,C,33,0.42,SCSN,90,90,-1,90,skipped_resume,True,2010,83,data/scedc/event_phases/2010/2010_083/14604260.phase
14604780,scedc:14604780,2010-03-25T22:44:50.190000Z,35.95,-120.507,9.31,3.6,,,SCEDC,,C,32,0.27,SCSN,39,39,-1,39,skipped_resume,True,2010,84,data/scedc/event_phases/2010/2010_084/14604780.phase
14605036,scedc:14605036,2010-03-26T22:33:53.380000Z,33.93716666666667,-120.41833333333334,5.41,3.4,,,SCEDC,,C,50,0.29,SCSN,86,86,-1,86,skipped_resume,True,2010,85,data/scedc/event_phases/2010/2010_085/14605036.phase
14605204,scedc:14605204,2010-03-27T15:05:11.670000Z,32.2735,-115.30083333333332,6.0,3.6,,,SCEDC,,C,21,0.19,SCSN,41,41,-1,41,skipped_resume,True,2010,86,data/scedc/event_phases/2010/2010_086/14605204.phase
14606268,scedc:14606268,2010-03-31T09:20:26.070000Z,32.354,-115.22883333333333,5.99,4.2,,,SCEDC,,C,51,0.45,SCSN,35,36,-1,36,skipped_resume,True,2010,90,data/scedc/event_phases/2010/2010_090/14606268.phase
14607012,scedc:14607012,2010-04-03T03:47:59.290000Z,32.23266666666667,-116.59766666666668,5.61,3.3,,,SCEDC,,C,68,0.19,SCSN,85,85,-1,85,skipped_resume,True,2010,93,data/scedc/event_phases/2010/2010_093/14607012.phase
14607188,scedc:14607188,2010-04-03T20:49:04.400000Z,32.234833333333334,-115.3,9.99,3.3,,,SCEDC,,C,20,0.15,SCSN,42,42,-1,42,skipped_resume,True,2010,93,data/scedc/event_phases/2010/2010_093/14607188.phase
14607220,scedc:14607220,2010-04-03T23:03:47.690000Z,32.26583333333333,-115.29333333333334,9.97,4.3,,,SCEDC,,C,26,0.35,SCSN,42,42,-1,42,skipped_resume,True,2010,93,data/scedc/event_phases/2010/2010_093/14607220.phase
14607364,scedc:14607364,2010-04-04T05:05:09.520000Z,32.256166666666665,-115.30033333333331,9.99,3.3,,,SCEDC,,C,19,0.31,SCSN,36,36,-1,36,skipped_resume,True,2010,94,data/scedc/event_phases/2010/2010_094/14607364.phase
14607396,scedc:14607396,2010-04-04T07:51:38.030000Z,32.251,-115.301,9.99,3.1,,,SCEDC,,C,36,0.15,SCSN,42,42,-1,42,skipped_resume,True,2010,94,data/scedc/event_phases/2010/2010_094/14607396.phase
14607412,scedc:14607412,2010-04-04T09:36:25.560000Z,32.221833333333336,-115.29433333333331,9.99,3.4,,,SCEDC,,C,27,0.18,SCSN,39,39,-1,39,skipped_resume,True,2010,94,data/scedc/event_phases/2010/2010_094/14607412.phase
14607620,scedc:14607620,2010-04-04T22:34:50.160000Z,32.22966666666667,-115.29516666666666,9.99,3.4,,,SCEDC,,C,22,0.15,SCSN,42,42,-1,42,skipped_resume,True,2010,94,data/scedc/event_phases/2010/2010_094/14607620.phase
10184394,scedc:10184394,2010-04-04T22:43:00.430000Z,32.45333333333333,-115.632,9.98,5.3,,,SCEDC,,C,24,0.26,SCSN,57,58,-1,58,skipped_resume,True,2010,94,data/scedc/event_phases/2010/2010_094/10184394.phase
10184834,scedc:10184834,2010-04-04T22:44:36.140000Z,32.483,-115.6785,6.99,3.0,,,SCEDC,,C,13,0.33,SCSN,62,64,-1,64,skipped_resume,True,2010,94,data/scedc/event_phases/2010/2010_094/10184834.phase
10184870,scedc:10184870,2010-04-04T22:45:20.320000Z,32.46966666666667,-115.62133333333334,6.12,3.0,,,SCEDC,,C,14,0.2,SCSN,60,62,-1,62,skipped_resume,True,2010,94,data/scedc/event_phases/2010/2010_094/10184870.phase
10184874,scedc:10184874,2010-04-04T22:46:09.740000Z,32.441,-115.61116666666666,10.04,3.5,,,SCEDC,,C,14,0.36,SCSN,58,58,-1,58,skipped_resume,True,2010,94,data/scedc/event_phases/2010/2010_094/10184874.phase
14607684,scedc:14607684,2010-04-04T22:47:57.980000Z,32.8985,-116.26516666666669,13.51,3.3,,,SCEDC,,A,27,0.16,SCSN,117,118,-1,118,skipped_resume,True,2010,94,data/scedc/event_phases/2010/2010_094/14607684.phase
31957759,scedc:31957759,2010-04-04T22:50:17.120000Z,32.09866666666667,-115.04816666666666,10.01,5.7,,,SCEDC,,C,16,0.33,SCSN,31,31,-1,31,skipped_resume,True,2010,94,data/scedc/event_phases/2010/2010_094/31957759.phase
14607700,scedc:14607700,2010-04-04T22:54:13.970000Z,32.436,-115.49733333333332,9.98,4.0,,,SCEDC,,C,16,0.32,SCSN,53,53,-1,53,skipped_resume,True,2010,94,data/scedc/event_phases/2010/2010_094/14607700.phase
14607748,scedc:14607748,2010-04-04T22:56:40.430000Z,33.15083333333333,-116.48233333333332,10.66,3.9,,,SCEDC,,A,77,0.29,SCSN,134,134,-1,134,skipped_resume,True,2010,94,data/scedc/event_phases/2010/2010_094/14607748.phase
30277759,scedc:30277759,2010-04-04T22:58:27.070000Z,32.565,-115.7655,5.97,3.8,,,SCEDC,,C,23,0.33,SCSN,67,67,-1,67,skipped_resume,True,2010,94,data/scedc/event_phases/2010/2010_094/30277759.phase
31981759,scedc:31981759,2010-04-04T22:58:47.480000Z,32.538666666666664,-115.74166666666666,5.61,3.9,,,SCEDC,,C,18,0.4,SCSN,67,67,-1,67,skipped_resume,True,2010,94,data/scedc/event_phases/2010/2010_094/31981759.phase
14607804,scedc:14607804,2010-04-04T23:06:55.070000Z,32.333666666666666,-115.37433333333334,10.01,3.9,,,SCEDC,,C,17,0.54,SCSN,41,41,-1,41,skipped_resume,True,2010,94,data/scedc/event_phases/2010/2010_094/14607804.phase
31997759,scedc:31997759,2010-04-04T23:07:51.030000Z,32.452333333333335,-115.662,9.99,3.8,,,SCEDC,,C,12,0.21,SCSN,60,61,-1,61,skipped_resume,True,2010,94,data/scedc/event_phases/2010/2010_094/31997759.phase
14607820,scedc:14607820,2010-04-04T23:09:40.110000Z,32.204,-115.33283333333333,9.98,4.8,,,SCEDC,,C,26,0.17,SCSN,40,42,-1,42,skipped_resume,True,2010,94,data/scedc/event_phases/2010/2010_094/14607820.phase
14607836,scedc:14607836,2010-04-04T23:15:14.240000Z,32.3,-115.2595,9.99,5.4,,,SCEDC,,C,16,0.23,SCSN,41,43,-1,43,skipped_resume,True,2010,94,data/scedc/event_phases/2010/2010_094/14607836.phase
10169094,scedc:10169094,2010-04-04T23:17:13.080000Z,32.22116666666667,-115.29066666666668,9.99,4.6,,,SCEDC,,C,11,0.22,SCSN,41,41,-1,41,skipped_resume,True,2010,94,data/scedc/event_phases/2010/2010_094/10169094.phase
14607844,scedc:14607844,2010-04-04T23:19:17.520000Z,32.775166666666664,-116.05883333333334,8.24,3.1,,,SCEDC,,C,15,0.27,SCSN,106,106,-1,106,skipped_resume,True,2010,94,data/scedc/event_phases/2010/2010_094/14607844.phase
14607852,scedc:14607852,2010-04-04T23:19:32.280000Z,32.63366666666667,-115.76216666666669,1.29,4.0,,,SCEDC,,A,28,0.2,SCSN,78,78,-1,78,skipped_resume,True,2010,94,data/scedc/event_phases/2010/2010_094/14607852.phase
10169098,scedc:10169098,2010-04-04T23:19:55.250000Z,32.461,-115.60283333333334,9.97,3.7,,,SCEDC,,C,16,0.12,SCSN,61,61,-1,61,skipped_resume,True,2010,94,data/scedc/event_phases/2010/2010_094/10169098.phase
10169106,scedc:10169106,2010-04-04T23:20:25.800000Z,32.5145,-115.68916666666668,9.98,3.4,,,SCEDC,,C,9,0.25,SCSN,69,69,-1,69,skipped_resume,True,2010,94,data/scedc/event_phases/2010/2010_094/10169106.phase
10169102,scedc:10169102,2010-04-04T23:20:41.610000Z,32.12,-115.219,10.0,4.4,,,SCEDC,,C,15,0.13,SCSN,38,38,-1,38,skipped_resume,True,2010,94,data/scedc/event_phases/2010/2010_094/10169102.phase
14607868,scedc:14607868,2010-04-04T23:23:10.510000Z,32.55833333333333,-115.7905,5.2,3.6,,,SCEDC,,B,21,0.13,SCSN,73,73,-1,73,skipped_resume,True,2010,94,data/scedc/event_phases/2010/2010_094/14607868.phase
10169110,scedc:10169110,2010-04-04T23:23:45.800000Z,32.613,-115.82933333333334,5.6,3.2,,,SCEDC,,C,9,0.25,SCSN,75,75,-1,75,skipped_resume,True,2010,94,data/scedc/event_phases/2010/2010_094/10169110.phase
14607924,scedc:14607924,2010-04-04T23:25:07.190000Z,32.26616666666666,-115.2925,9.99,5.4,,,SCEDC,,C,56,0.3,SCSN,38,40,-1,40,skipped_resume,True,2010,94,data/scedc/event_phases/2010/2010_094/14607924.phase
10169114,scedc:10169114,2010-04-04T23:26:39.410000Z,32.3935,-115.6555,5.57,4.4,,,SCEDC,,C,17,0.3,SCSN,55,57,-1,57,skipped_resume,True,2010,94,data/scedc/event_phases/2010/2010_094/10169114.phase
14607916,scedc:14607916,2010-04-04T23:27:22.600000Z,33.0575,-116.38383333333331,13.38,3.3,,,SCEDC,,A,21,0.22,SCSN,121,121,-1,121,skipped_resume,True,2010,94,data/scedc/event_phases/2010/2010_094/14607916.phase
14607956,scedc:14607956,2010-04-04T23:33:12.180000Z,32.285333333333334,-115.36783333333334,9.99,4.4,,,SCEDC,,C,37,0.25,SCSN,42,44,-1,44,skipped_resume,True,2010,94,data/scedc/event_phases/2010/2010_094/14607956.phase
14607964,scedc:14607964,2010-04-04T23:34:28.290000Z,32.6025,-115.761,3.27,4.1,,,SCEDC,,A,32,0.22,SCSN,69,70,-1,70,skipped_resume,True,2010,94,data/scedc/event_phases/2010/2010_094/14607964.phase
10147522,scedc:10147522,2010-04-04T23:36:20.700000Z,32.653333333333336,-115.75166666666668,4.55,3.1,,,SCEDC,,A,16,0.18,SCSN,72,74,-1,74,skipped_resume,True,2010,94,data/scedc/event_phases/2010/2010_094/10147522.phase
14607972,scedc:14607972,2010-04-04T23:37:33.490000Z,32.46233333333333,-115.59783333333333,9.97,4.7,,,SCEDC,,C,44,0.25,SCSN,60,63,-1,63,skipped_resume,True,2010,94,data/scedc/event_phases/2010/2010_094/14607972.phase
10147530,scedc:10147530,2010-04-04T23:39:35.040000Z,32.58833333333333,-115.78066666666666,6.97,3.0,,,SCEDC,,C,7,0.16,SCSN,64,65,-1,65,skipped_resume,True,2010,94,data/scedc/event_phases/2010/2010_094/10147530.phase
14607988,scedc:14607988,2010-04-04T23:39:44.590000Z,32.4535,-115.62633333333332,7.26,3.5,,,SCEDC,,C,16,0.13,SCSN,58,59,-1,59,skipped_resume,True,2010,94,data/scedc/event_phases/2010/2010_094/14607988.phase
36880079,scedc:36880079,2010-04-04T23:40:22.020000Z,32.20633333333333,-115.36366666666666,9.99,3.4,,,SCEDC,,C,10,0.12,SCSN,40,40,-1,40,skipped_resume,True,2010,94,data/scedc/event_phases/2010/2010_094/36880079.phase
14608004,scedc:14608004,2010-04-04T23:42:57.820000Z,32.1295,-115.02583333333334,9.97,4.1,,,SCEDC,,C,19,0.26,SCSN,31,32,-1,32,skipped_resume,True,2010,94,data/scedc/event_phases/2010/2010_094/14608004.phase
30317767,scedc:30317767,2010-04-04T23:44:43.380000Z,32.315666666666665,-115.37333333333332,10.02,4.0,,,SCEDC,,C,19,0.18,SCSN,40,40,-1,40,skipped_resume,True,2010,94,data/scedc/event_phases/2010/2010_094/30317767.phase
14607996,scedc:14607996,2010-04-04T23:45:34.540000Z,32.18533333333333,-115.26116666666668,9.99,3.8,,,SCEDC,,C,18,0.19,SCSN,37,38,-1,38,skipped_resume,True,2010,94,data/scedc/event_phases/2010/2010_094/14607996.phase
14608012,scedc:14608012,2010-04-04T23:46:30.320000Z,32.6825,-115.795,6.55,3.3,,,SCEDC,,C,33,0.19,SCSN,76,77,-1,77,skipped_resume,True,2010,94,data/scedc/event_phases/2010/2010_094/14608012.phase
10147762,scedc:10147762,2010-04-04T23:47:20.590000Z,32.624833333333335,-115.74366666666668,1.97,3.0,,,SCEDC,,B,10,0.16,SCSN,68,69,-1,69,skipped_resume,True,2010,94,data/scedc/event_phases/2010/2010_094/10147762.phase
36880175,scedc:36880175,2010-04-04T23:48:16.690000Z,32.20033333333333,-115.36266666666668,9.98,3.5,,,SCEDC,,C,13,0.11,SCSN,40,40,-1,40,skipped_resume,True,2010,94,data/scedc/event_phases/2010/2010_094/36880175.phase
14608020,scedc:14608020,2010-04-04T23:48:45.530000Z,32.10783333333333,-115.0635,9.96,4.0,,,SCEDC,,C,11,0.24,SCSN,31,32,-1,32,skipped_resume,True,2010,94,data/scedc/event_phases/2010/2010_094/14608020.phase
36880167,scedc:36880167,2010-04-04T23:49:01.610000Z,32.64216666666667,-115.73716666666668,9.95,3.0,,,SCEDC,,C,10,0.35,SCSN,71,72,-1,72,skipped_resume,True,2010,94,data/scedc/event_phases/2010/2010_094/36880167.phase
10147770,scedc:10147770,2010-04-04T23:49:22.890000Z,32.453,-115.59333333333332,9.97,3.3,,,SCEDC,,C,13,0.23,SCSN,58,58,-1,58,skipped_resume,True,2010,94,data/scedc/event_phases/2010/2010_094/10147770.phase
14608052,scedc:14608052,2010-04-04T23:50:07.420000Z,32.632333333333335,-115.76766666666668,3.31,3.4,,,SCEDC,,A,25,0.16,SCSN,73,73,-1,73,skipped_resume,True,2010,94,data/scedc/event_phases/2010/2010_094/14608052.phase
14608076,scedc:14608076,2010-04-04T23:53:44.800000Z,32.615833333333335,-115.78433333333334,2.32,3.6,,,SCEDC,,A,29,0.19,SCSN,71,72,-1,72,skipped_resume,True,2010,94,data/scedc/event_phases/2010/2010_094/14608076.phase
10169326,scedc:10169326,2010-04-04T23:54:17.080000Z,32.163833333333336,-115.23583333333332,9.99,3.8,,,SCEDC,,C,11,0.07,SCSN,37,37,-1,37,skipped_resume,True,2010,94,data/scedc/event_phases/2010/2010_094/10169326.phase
10169330,scedc:10169330,2010-04-04T23:54:52.140000Z,32.462666666666664,-115.7145,6.96,3.2,,,SCEDC,,C,18,0.23,SCSN,63,64,-1,64,skipped_resume,True,2010,94,data/scedc/event_phases/2010/2010_094/10169330.phase
14608092,scedc:14608092,2010-04-04T23:56:30.710000Z,32.494166666666665,-115.75433333333334,5.58,3.2,,,SCEDC,,C,15,0.36,SCSN,63,64,-1,64,skipped_resume,True,2010,94,data/scedc/event_phases/2010/2010_094/14608092.phase
14608116,scedc:14608116,2010-04-04T23:57:13.520000Z,32.58533333333333,-115.74833333333332,4.22,3.8,,,SCEDC,,A,42,0.18,SCSN,67,68,-1,68,skipped_resume,True,2010,94,data/scedc/event_phases/2010/2010_094/14608116.phase
10169334,scedc:10169334,2010-04-05T00:01:47.360000Z,32.658166666666666,-115.7725,4.3,3.1,,,SCEDC,,A,30,0.15,SCSN,72,73,-1,73,skipped_resume,True,2010,95,data/scedc/event_phases/2010/2010_095/10169334.phase
14608188,scedc:14608188,2010-04-05T00:03:09.460000Z,32.5965,-115.88283333333334,14.22,3.2,,,SCEDC,,A,24,0.15,SCSN,76,76,-1,76,skipped_resume,True,2010,95,data/scedc/event_phases/2010/2010_095/14608188.phase
14608204,scedc:14608204,2010-04-05T00:04:52.020000Z,32.679,-115.84383333333334,5.96,3.4,,,SCEDC,,C,38,0.21,SCSN,78,78,-1,78,skipped_resume,True,2010,95,data/scedc/event_phases/2010/2010_095/14608204.phase
14608212,scedc:14608212,2010-04-05T00:06:01.430000Z,32.53183333333333,-115.68733333333331,3.36,3.6,,,SCEDC,,B,26,0.17,SCSN,66,68,-1,68,skipped_resume,True,2010,95,data/scedc/event_phases/2010/2010_095/14608212.phase
10170626,scedc:10170626,2010-04-05T00:06:59.260000Z,32.04366666666667,-115.13683333333331,9.96,3.0,,,SCEDC,,D,9,0.52,SCSN,33,34,-1,34,skipped_resume,True,2010,95,data/scedc/event_phases/2010/2010_095/10170626.phase
14608228,scedc:14608228,2010-04-05T00:11:36.120000Z,32.63283333333333,-115.73833333333332,7.51,3.9,,,SCEDC,,B,36,0.18,SCSN,72,72,-1,72,skipped_resume,True,2010,95,data/scedc/event_phases/2010/2010_095/14608228.phase
14608236,scedc:14608236,2010-04-05T00:12:23.540000Z,32.572833333333335,-115.72166666666666,10.93,3.9,,,SCEDC,,A,45,0.22,SCSN,69,69,-1,69,skipped_resume,True,2010,95,data/scedc/event_phases/2010/2010_095/14608236.phase
14608244,scedc:14608244,2010-04-05T00:14:10.540000Z,32.65266666666667,-115.77133333333332,2.5,3.2,,,SCEDC,,B,39,0.19,SCSN,77,77,-1,77,skipped_resume,True,2010,95,data/scedc/event_phases/2010/2010_095/14608244.phase
14608252,scedc:14608252,2010-04-05T00:15:32.920000Z,32.252,-115.16916666666668,9.96,4.2,,,SCEDC,,C,16,0.15,SCSN,40,40,-1,40,skipped_resume,True,2010,95,data/scedc/event_phases/2010/2010_095/14608252.phase
14608268,scedc:14608268,2010-04-05T00:18:06.530000Z,32.642,-115.75016666666669,2.74,3.3,,,SCEDC,,A,33,0.21,SCSN,74,75,-1,75,skipped_resume,True,2010,95,data/scedc/event_phases/2010/2010_095/14608268.phase
14608276,scedc:14608276,2010-04-05T00:19:35.560000Z,32.619,-115.75183333333334,2.51,3.1,,,SCEDC,,A,28,0.2,SCSN,67,69,-1,69,skipped_resume,True,2010,95,data/scedc/event_phases/2010/2010_095/14608276.phase
14608284,scedc:14608284,2010-04-05T00:20:14.590000Z,32.5075,-115.64516666666668,5.5,3.6,,,SCEDC,,C,33,0.24,SCSN,64,65,-1,65,skipped_resume,True,2010,95,data/scedc/event_phases/2010/2010_095/14608284.phase
14608292,scedc:14608292,2010-04-05T00:21:28.520000Z,32.62733333333333,-115.7645,2.15,3.6,,,SCEDC,,A,35,0.16,SCSN,74,74,-1,74,skipped_resume,True,2010,95,data/scedc/event_phases/2010/2010_095/14608292.phase
14608308,scedc:14608308,2010-04-05T00:22:12.470000Z,32.4265,-115.5855,14.99,3.9,,,SCEDC,,C,51,0.25,SCSN,57,57,-1,57,skipped_resume,True,2010,95,data/scedc/event_phases/2010/2010_095/14608308.phase
30349759,scedc:30349759,2010-04-05T00:24:01.860000Z,32.273666666666664,-115.337,9.99,3.8,,,SCEDC,,C,20,0.21,SCSN,42,42,-1,42,skipped_resume,True,2010,95,data/scedc/event_phases/2010/2010_095/30349759.phase
14608332,scedc:14608332,2010-04-05T00:26:03.770000Z,32.47933333333334,-115.65166666666669,3.35,3.3,,,SCEDC,,A,24,0.22,SCSN,63,63,-1,63,skipped_resume,True,2010,95,data/scedc/event_phases/2010/2010_095/14608332.phase
30373759,scedc:30373759,2010-04-05T00:28:37.400000Z,32.144666666666666,-115.008,9.99,3.8,,,SCEDC,,C,13,0.24,SCSN,32,32,-1,32,skipped_resume,True,2010,95,data/scedc/event_phases/2010/2010_095/30373759.phase
14608404,scedc:14608404,2010-04-05T00:30:02.020000Z,32.59883333333333,-115.774,2.83,3.5,,,SCEDC,,B,53,0.22,SCSN,70,72,-1,72,skipped_resume,True,2010,95,data/scedc/event_phases/2010/2010_095/14608404.phase
10170682,scedc:10170682,2010-04-05T00:30:25.410000Z,32.57366666666667,-115.73433333333334,3.13,3.0,,,SCEDC,,D,7,0.12,SCSN,69,70,-1,70,skipped_resume,True,2010,95,data/scedc/event_phases/2010/2010_095/10170682.phase
14608420,scedc:14608420,2010-04-05T00:31:16.910000Z,32.3925,-115.47466666666666,14.97,3.3,,,SCEDC,,C,39,0.24,SCSN,51,51,-1,51,skipped_resume,True,2010,95,data/scedc/event_phases/2010/2010_095/14608420.phase
14608428,scedc:14608428,2010-04-05T00:32:10.880000Z,32.6025,-115.74683333333331,5.4,3.9,,,SCEDC,,A,45,0.22,SCSN,71,71,-1,71,skipped_resume,True,2010,95,data/scedc/event_phases/2010/2010_095/14608428.phase
14608452,scedc:14608452,2010-04-05T00:38:10.470000Z,32.522166666666664,-115.60783333333332,14.99,3.6,,,SCEDC,,C,38,0.18,SCSN,64,64,-1,64,skipped_resume,True,2010,95,data/scedc/event_phases/2010/2010_095/14608452.phase
14608468,scedc:14608468,2010-04-05T00:40:52.550000Z,32.688,-115.82666666666668,4.3,3.3,,,SCEDC,,A,49,0.21,SCSN,79,79,-1,79,skipped_resume,True,2010,95,data/scedc/event_phases/2010/2010_095/14608468.phase
30557767,scedc:30557767,2010-04-05T00:42:10.090000Z,32.6725,-115.81333333333332,1.11,3.4,,,SCEDC,,A,49,0.24,SCSN,79,80,-1,80,skipped_resume,True,2010,95,data/scedc/event_phases/2010/2010_095/30557767.phase
14608484,scedc:14608484,2010-04-05T00:42:40.030000Z,32.28066666666667,-115.35783333333332,9.96,4.2,,,SCEDC,,C,28,0.32,SCSN,42,42,-1,42,skipped_resume,True,2010,95,data/scedc/event_phases/2010/2010_095/14608484.phase
14608492,scedc:14608492,2010-04-05T00:44:22.160000Z,32.306666666666665,-115.42966666666666,9.96,4.0,,,SCEDC,,C,26,0.29,SCSN,44,44,-1,44,skipped_resume,True,2010,95,data/scedc/event_phases/2010/2010_095/14608492.phase
30573759,scedc:30573759,2010-04-05T00:45:12.030000Z,32.151,-115.06166666666668,9.99,3.5,,,SCEDC,,C,18,0.1,SCSN,36,37,-1,37,skipped_resume,True,2010,95,data/scedc/event_phases/2010/2010_095/30573759.phase
10170742,scedc:10170742,2010-04-05T00:46:04.140000Z,32.29633333333334,-115.37516666666669,9.99,3.9,,,SCEDC,,D,15,0.23,SCSN,42,42,-1,42,skipped_resume,True,2010,95,data/scedc/event_phases/2010/2010_095/10170742.phase
14608532,scedc:14608532,2010-04-05T00:46:52.840000Z,32.61783333333333,-115.82883333333334,5.59,3.6,,,SCEDC,,C,37,0.29,SCSN,70,71,-1,71,skipped_resume,True,2010,95,data/scedc/event_phases/2010/2010_095/14608532.phase
30589759,scedc:30589759,2010-04-05T00:50:10.360000Z,32.423833333333334,-115.52883333333334,7.1,3.4,,,SCEDC,,C,32,0.14,SCSN,57,57,-1,57,skipped_resume,True,2010,95,data/scedc/event_phases/2010/2010_095/30589759.phase
14608612,scedc:14608612,2010-04-05T00:53:31.530000Z,32.621,-115.76183333333331,0.86,3.3,,,SCEDC,,B,38,0.19,SCSN,68,68,-1,68,skipped_resume,True,2010,95,data/scedc/event_phases/2010/2010_095/14608612.phase
30613759,scedc:30613759,2010-04-05T00:54:36.750000Z,32.598333333333336,-115.7415,1.66,3.0,,,SCEDC,,A,43,0.17,SCSN,71,71,-1,71,skipped_resume,True,2010,95,data/scedc/event_phases/2010/2010_095/30613759.phase
14608644,scedc:14608644,2010-04-05T00:56:06.570000Z,32.55416666666667,-115.6735,13.76,3.2,,,SCEDC,,A,32,0.22,SCSN,68,68,-1,68,skipped_resume,True,2010,95,data/scedc/event_phases/2010/2010_095/14608644.phase
14608660,scedc:14608660,2010-04-05T00:58:51.560000Z,32.289,-115.33283333333333,10.02,4.1,,,SCEDC,,C,19,0.38,SCSN,43,44,-1,44,skipped_resume,True,2010,95,data/scedc/event_phases/2010/2010_095/14608660.phase
30621759,scedc:30621759,2010-04-05T01:01:00.500000Z,32.65116666666667,-115.76733333333334,0.88,3.1,,,SCEDC,,A,29,0.11,SCSN,77,77,-1,77,skipped_resume,True,2010,95,data/scedc/event_phases/2010/2010_095/30621759.phase
14608700,scedc:14608700,2010-04-05T01:04:16.610000Z,32.224833333333336,-115.28733333333334,14.99,3.3,,,SCEDC,,C,23,0.18,SCSN,41,41,-1,41,skipped_resume,True,2010,95,data/scedc/event_phases/2010/2010_095/14608700.phase
14608692,scedc:14608692,2010-04-05T01:06:40.400000Z,32.2475,-115.43183333333332,9.97,4.2,,,SCEDC,,C,34,0.21,SCSN,43,44,-1,44,skipped_resume,True,2010,95,data/scedc/event_phases/2010/2010_095/14608692.phase
30669759,scedc:30669759,2010-04-05T01:07:14.020000Z,32.026833333333336,-115.17366666666666,9.96,4.0,,,SCEDC,,C,11,0.01,SCSN,34,34,-1,34,skipped_resume,True,2010,95,data/scedc/event_phases/2010/2010_095/30669759.phase
30653759,scedc:30653759,2010-04-05T01:08:08.350000Z,32.276,-115.33533333333334,9.99,3.9,,,SCEDC,,C,26,0.1,SCSN,43,43,-1,43,skipped_resume,True,2010,95,data/scedc/event_phases/2010/2010_095/30653759.phase
30685759,scedc:30685759,2010-04-05T01:09:31.630000Z,32.2185,-115.46333333333334,9.97,3.1,,,SCEDC,,C,12,0.31,SCSN,42,43,-1,43,skipped_resume,True,2010,95,data/scedc/event_phases/2010/2010_095/30685759.phase
14608732,scedc:14608732,2010-04-05T01:11:08.600000Z,32.3075,-115.33766666666666,10.0,3.0,,,SCEDC,,C,24,0.28,SCSN,43,43,-1,43,skipped_resume,True,2010,95,data/scedc/event_phases/2010/2010_095/14608732.phase
14608740,scedc:14608740,2010-04-05T01:13:58.150000Z,32.6165,-115.77683333333331,1.93,3.2,,,SCEDC,,B,63,0.2,SCSN,74,74,-1,74,skipped_resume,True,2010,95,data/scedc/event_phases/2010/2010_095/14608740.phase
30693759,scedc:30693759,2010-04-05T01:14:25.050000Z,32.6075,-115.77033333333333,0.12,3.3,,,SCEDC,,B,18,0.16,SCSN,72,73,-1,73,skipped_resume,True,2010,95,data/scedc/event_phases/2010/2010_095/30693759.phase
14608748,scedc:14608748,2010-04-05T01:16:46.860000Z,32.56133333333333,-115.727,2.66,3.0,,,SCEDC,,A,40,0.14,SCSN,67,68,-1,68,skipped_resume,True,2010,95,data/scedc/event_phases/2010/2010_095/14608748.phase
14608780,scedc:14608780,2010-04-05T01:20:47.670000Z,32.3755,-115.576,5.97,3.5,,,SCEDC,,C,33,0.23,SCSN,57,57,-1,57,skipped_resume,True,2010,95,data/scedc/event_phases/2010/2010_095/14608780.phase
14608804,scedc:14608804,2010-04-05T01:21:30.940000Z,32.532666666666664,-115.68516666666666,13.27,3.5,,,SCEDC,,A,48,0.24,SCSN,66,66,-1,66,skipped_resume,True,2010,95,data/scedc/event_phases/2010/2010_095/14608804.phase
14608812,scedc:14608812,2010-04-05T01:22:44.680000Z,32.52183333333333,-115.676,3.56,3.9,,,SCEDC,,A,57,0.25,SCSN,67,67,-1,67,skipped_resume,True,2010,95,data/scedc/event_phases/2010/2010_095/14608812.phase
14608828,scedc:14608828,2010-04-05T01:25:01.420000Z,32.4,-115.59866666666667,15.24,3.7,,,SCEDC,,B,30,0.16,SCSN,58,59,-1,59,skipped_resume,True,2010,95,data/scedc/event_phases/2010/2010_095/14608828.phase
10170842,scedc:10170842,2010-04-05T01:25:17.070000Z,32.48166666666667,-115.6495,5.56,3.7,,,SCEDC,,C,12,0.17,SCSN,64,66,-1,66,skipped_resume,True,2010,95,data/scedc/event_phases/2010/2010_095/10170842.phase
30213759,scedc:30213759,2010-04-05T01:25:34.670000Z,32.1445,-115.11483333333334,10.02,4.6,,,SCEDC,,C,28,0.19,SCSN,37,37,-1,37,skipped_resume,True,2010,95,data/scedc/event_phases/2010/2010_095/30213759.phase
10170846,scedc:10170846,2010-04-05T01:27:09.190000Z,32.60633333333333,-115.771,1.23,3.9,,,SCEDC,,A,29,0.17,SCSN,74,74,-1,74,skipped_resume,True,2010,95,data/scedc/event_phases/2010/2010_095/10170846.phase
14608836,scedc:14608836,2010-04-05T01:28:13.970000Z,32.629666666666665,-115.70266666666669,8.88,3.5,,,SCEDC,,A,56,0.23,SCSN,70,70,-1,70,skipped_resume,True,2010,95,data/scedc/event_phases/2010/2010_095/14608836.phase
14608844,scedc:14608844,2010-04-05T01:29:48.080000Z,32.535,-115.70983333333334,5.79,3.3,,,SCEDC,,C,24,0.23,SCSN,70,70,-1,70,skipped_resume,True,2010,95,data/scedc/event_phases/2010/2010_095/14608844.phase
10170882,scedc:10170882,2010-04-05T01:31:51.010000Z,32.53066666666667,-115.7205,5.61,3.3,,,SCEDC,,C,24,0.26,SCSN,69,69,-1,69,skipped_resume,True,2010,95,data/scedc/event_phases/2010/2010_095/10170882.phase
10170886,scedc:10170886,2010-04-05T01:32:52.790000Z,32.128,-115.2825,9.97,3.4,,,SCEDC,,C,13,0.25,SCSN,39,40,-1,40,skipped_resume,True,2010,95,data/scedc/event_phases/2010/2010_095/10170886.phase
10170922,scedc:10170922,2010-04-05T01:34:42.650000Z,32.35166666666667,-115.4065,9.96,3.1,,,SCEDC,,C,31,0.17,SCSN,45,46,-1,46,skipped_resume,True,2010,95,data/scedc/event_phases/2010/2010_095/10170922.phase
14608884,scedc:14608884,2010-04-05T01:35:44.050000Z,32.68866666666667,-115.82,0.32,3.4,,,SCEDC,,A,99,0.21,SCSN,81,82,-1,82,skipped_resume,True,2010,95,data/scedc/event_phases/2010/2010_095/14608884.phase
10170966,scedc:10170966,2010-04-05T01:39:31.780000Z,32.35616666666667,-115.4365,9.94,3.0,,,SCEDC,,C,8,0.38,SCSN,47,48,-1,48,skipped_resume,True,2010,95,data/scedc/event_phases/2010/2010_095/10170966.phase
14608908,scedc:14608908,2010-04-05T01:39:36.150000Z,32.277833333333334,-115.38616666666668,9.98,3.9,,,SCEDC,,C,28,0.22,SCSN,43,44,-1,44,skipped_resume,True,2010,95,data/scedc/event_phases/2010/2010_095/14608908.phase
10170982,scedc:10170982,2010-04-05T01:40:28.080000Z,32.47233333333333,-115.5815,6.97,3.2,,,SCEDC,,C,11,0.16,SCSN,63,63,-1,63,skipped_resume,True,2010,95,data/scedc/event_phases/2010/2010_095/10170982.phase
14608916,scedc:14608916,2010-04-05T01:42:20.650000Z,32.512,-115.6785,5.8,3.1,,,SCEDC,,C,41,0.19,SCSN,69,69,-1,69,skipped_resume,True,2010,95,data/scedc/event_phases/2010/2010_095/14608916.phase
30333759,scedc:30333759,2010-04-05T01:42:51.620000Z,32.139,-115.2135,9.99,4.1,,,SCEDC,,C,34,0.19,SCSN,40,40,-1,40,skipped_resume,True,2010,95,data/scedc/event_phases/2010/2010_095/30333759.phase
14608932,scedc:14608932,2010-04-05T01:43:28.280000Z,32.667,-115.81483333333334,2.66,3.0,,,SCEDC,,A,17,0.19,SCSN,82,82,-1,82,skipped_resume,True,2010,95,data/scedc/event_phases/2010/2010_095/14608932.phase
10171002,scedc:10171002,2010-04-05T01:44:29.240000Z,32.15983333333333,-115.26083333333334,9.99,3.6,,,SCEDC,,C,16,0.27,SCSN,39,40,-1,40,skipped_resume,True,2010,95,data/scedc/event_phases/2010/2010_095/10171002.phase
14608956,scedc:14608956,2010-04-05T01:50:03.160000Z,32.654333333333334,-115.78266666666669,0.75,3.2,,,SCEDC,,A,66,0.22,SCSN,78,78,-1,78,skipped_resume,True,2010,95,data/scedc/event_phases/2010/2010_095/14608956.phase
10171042,scedc:10171042,2010-04-05T01:52:18.200000Z,32.56933333333333,-115.72966666666667,3.26,3.0,,,SCEDC,,B,20,0.19,SCSN,71,71,-1,71,skipped_resume,True,2010,95,data/scedc/event_phases/2010/2010_095/10171042.phase
14608980,scedc:14608980,2010-04-05T01:52:25.420000Z,32.593333333333334,-115.77333333333333,4.08,4.7,,,SCEDC,,A,64,0.23,SCSN,73,73,-1,73,skipped_resume,True,2010,95,data/scedc/event_phases/2010/2010_095/14608980.phase
10171046,scedc:10171046,2010-04-05T01:54:42.060000Z,32.34166666666667,-115.4655,9.99,3.2,,,SCEDC,,C,11,0.16,SCSN,45,46,-1,46,skipped_resume,True,2010,95,data/scedc/event_phases/2010/2010_095/10171046.phase
14608996,scedc:14608996,2010-04-05T01:57:12.250000Z,32.123666666666665,-115.04683333333334,9.97,3.6,,,SCEDC,,D,8,0.31,SCSN,33,34,-1,34,skipped_resume,True,2010,95,data/scedc/event_phases/2010/2010_095/14608996.phase
14609012,scedc:14609012,2010-04-05T01:58:52.240000Z,32.14116666666666,-115.30083333333332,9.99,3.8,,,SCEDC,,C,29,0.16,SCSN,38,39,-1,39,skipped_resume,True,2010,95,data/scedc/event_phases/2010/2010_095/14609012.phase
10148246,scedc:10148246,2010-04-05T01:59:52.120000Z,32.68816666666667,-115.78316666666667,3.77,3.4,,,SCEDC,,B,23,0.24,SCSN,79,80,-1,80,skipped_resume,True,2010,95,data/scedc/event_phases/2010/2010_095/10148246.phase
14609044,scedc:14609044,2010-04-05T02:05:29.670000Z,32.62583333333333,-115.78116666666666,4.55,3.0,,,SCEDC,,B,33,0.17,SCSN,73,74,-1,74,skipped_resume,True,2010,95,data/scedc/event_phases/2010/2010_095/14609044.phase
10171142,scedc:10171142,2010-04-05T02:06:00.110000Z,32.0365,-115.10383333333333,9.99,3.5,,,SCEDC,,C,12,0.1,SCSN,32,32,-1,32,skipped_resume,True,2010,95,data/scedc/event_phases/2010/2010_095/10171142.phase
14609052,scedc:14609052,2010-04-05T02:07:16.200000Z,32.205666666666666,-115.27966666666669,9.99,3.8,,,SCEDC,,C,19,0.26,SCSN,41,41,-1,41,skipped_resume,True,2010,95,data/scedc/event_phases/2010/2010_095/14609052.phase
10171162,scedc:10171162,2010-04-05T02:07:49.970000Z,32.177,-115.30783333333332,9.99,3.8,,,SCEDC,,C,10,0.3,SCSN,39,40,-1,40,skipped_resume,True,2010,95,data/scedc/event_phases/2010/2010_095/10171162.phase
14609116,scedc:14609116,2010-04-05T02:12:56.590000Z,32.54333333333334,-115.79166666666669,5.94,3.1,,,SCEDC,,C,20,0.15,SCSN,72,72,-1,72,skipped_resume,True,2010,95,data/scedc/event_phases/2010/2010_095/14609116.phase
14609140,scedc:14609140,2010-04-05T02:14:38.580000Z,32.132333333333335,-115.28516666666668,9.99,3.0,,,SCEDC,,D,14,0.13,SCSN,38,38,-1,38,skipped_resume,True,2010,95,data/scedc/event_phases/2010/2010_095/14609140.phase
14609212,scedc:14609212,2010-04-05T02:19:03.130000Z,32.498333333333335,-115.76633333333334,1.15,3.4,,,SCEDC,,B,20,0.23,SCSN,65,66,-1,66,skipped_resume,True,2010,95,data/scedc/event_phases/2010/2010_095/14609212.phase
14609228,scedc:14609228,2010-04-05T02:23:59.330000Z,32.590333333333334,-115.78466666666668,1.1,3.3,,,SCEDC,,A,53,0.23,SCSN,71,73,-1,73,skipped_resume,True,2010,95,data/scedc/event_phases/2010/2010_095/14609228.phase
14609268,scedc:14609268,2010-04-05T02:33:21.070000Z,32.56733333333333,-115.768,2.51,3.0,,,SCEDC,,A,49,0.21,SCSN,71,72,-1,72,skipped_resume,True,2010,95,data/scedc/event_phases/2010/2010_095/14609268.phase
14609364,scedc:14609364,2010-04-05T02:38:56.640000Z,32.3555,-115.404,9.99,3.1,,,SCEDC,,C,27,0.39,SCSN,46,47,-1,47,skipped_resume,True,2010,95,data/scedc/event_phases/2010/2010_095/14609364.phase
14609348,scedc:14609348,2010-04-05T02:40:10.470000Z,32.54833333333333,-115.66533333333334,5.84,3.4,,,SCEDC,,C,34,0.17,SCSN,69,70,-1,70,skipped_resume,True,2010,95,data/scedc/event_phases/2010/2010_095/14609348.phase
10171402,scedc:10171402,2010-04-05T02:40:18.080000Z,32.52583333333333,-115.66233333333334,10.01,3.0,,,SCEDC,,D,6,0.52,SCSN,68,69,-1,69,skipped_resume,True,2010,95,data/scedc/event_phases/2010/2010_095/10171402.phase
14609436,scedc:14609436,2010-04-05T02:46:17.500000Z,32.6025,-115.77733333333332,7.51,3.2,,,SCEDC,,C,38,0.21,SCSN,74,74,-1,74,skipped_resume,True,2010,95,data/scedc/event_phases/2010/2010_095/14609436.phase
30389759,scedc:30389759,2010-04-05T02:47:27.410000Z,32.28516666666667,-115.3025,10.0,4.5,,,SCEDC,,C,22,0.19,SCSN,44,44,-1,44,skipped_resume,True,2010,95,data/scedc/event_phases/2010/2010_095/30389759.phase
14609500,scedc:14609500,2010-04-05T02:54:34.450000Z,32.472833333333334,-115.62933333333334,13.77,4.3,,,SCEDC,,B,64,0.25,SCSN,62,63,-1,63,skipped_resume,True,2010,95,data/scedc/event_phases/2010/2010_095/14609500.phase
14609516,scedc:14609516,2010-04-05T02:59:05.230000Z,32.651,-115.745,3.62,3.2,,,SCEDC,,A,24,0.12,SCSN,74,74,-1,74,skipped_resume,True,2010,95,data/scedc/event_phases/2010/2010_095/14609516.phase
10171454,scedc:10171454,2010-04-05T02:59:15.280000Z,32.565666666666665,-115.7595,14.06,3.3,,,SCEDC,,B,21,0.23,SCSN,73,73,-1,73,skipped_resume,True,2010,95,data/scedc/event_phases/2010/2010_095/10171454.phase
14609540,scedc:14609540,2010-04-05T03:01:14.800000Z,32.63583333333333,-115.74433333333332,3.4,3.0,,,SCEDC,,A,40,0.17,SCSN,76,76,-1,76,skipped_resume,True,2010,95,data/scedc/event_phases/2010/2010_095/14609540.phase
10171502,scedc:10171502,2010-04-05T03:01:38.500000Z,32.272333333333336,-115.339,9.96,3.5,,,SCEDC,,C,17,0.07,SCSN,43,43,-1,43,skipped_resume,True,2010,95,data/scedc/event_phases/2010/2010_095/10171502.phase
14609548,scedc:14609548,2010-04-05T03:02:35.840000Z,32.6555,-115.79533333333332,0.23,3.5,,,SCEDC,,A,83,0.2,SCSN,78,79,-1,79,skipped_resume,True,2010,95,data/scedc/event_phases/2010/2010_095/14609548.phase
14609556,scedc:14609556,2010-04-05T03:03:41.030000Z,32.648,-115.79133333333333,0.07,3.1,,,SCEDC,,A,50,0.18,SCSN,80,80,-1,80,skipped_resume,True,2010,95,data/scedc/event_phases/2010/2010_095/14609556.phase
14609572,scedc:14609572,2010-04-05T03:04:50.640000Z,32.60066666666667,-115.75866666666668,6.36,3.3,,,SCEDC,,C,56,0.24,SCSN,71,72,-1,72,skipped_resume,True,2010,95,data/scedc/event_phases/2010/2010_095/14609572.phase
10171602,scedc:10171602,2010-04-05T03:06:27.910000Z,32.2025,-115.397,9.97,3.2,,,SCEDC,,C,13,0.17,SCSN,43,43,-1,43,skipped_resume,True,2010,95,data/scedc/event_phases/2010/2010_095/10171602.phase
10171622,scedc:10171622,2010-04-05T03:08:47.980000Z,32.2535,-115.3455,9.96,3.4,,,SCEDC,,C,22,0.22,SCSN,42,43,-1,43,skipped_resume,True,2010,95,data/scedc/event_phases/2010/2010_095/10171622.phase
14609604,scedc:14609604,2010-04-05T03:09:53.750000Z,32.541333333333334,-115.6515,13.55,3.9,,,SCEDC,,A,59,0.25,SCSN,68,68,-1,68,skipped_resume,True,2010,95,data/scedc/event_phases/2010/2010_095/14609604.phase
30237759,scedc:30237759,2010-04-05T03:11:01.740000Z,32.086333333333336,-115.03466666666668,9.97,4.4,,,SCEDC,,C,31,0.26,SCSN,33,33,-1,33,skipped_resume,True,2010,95,data/scedc/event_phases/2010/2010_095/30237759.phase
10171686,scedc:10171686,2010-04-05T03:13:59.660000Z,32.138666666666666,-115.30133333333332,9.99,4.0,,,SCEDC,,C,19,0.19,SCSN,38,38,-1,38,skipped_resume,True,2010,95,data/scedc/event_phases/2010/2010_095/10171686.phase
10171682,scedc:10171682,2010-04-05T03:14:51.990000Z,32.546166666666664,-115.771,4.48,3.4,,,SCEDC,,B,18,0.23,SCSN,73,73,-1,73,skipped_resume,True,2010,95,data/scedc/event_phases/2010/2010_095/10171682.phase
14609788,scedc:14609788,2010-04-05T03:27:56.390000Z,32.572,-115.74566666666666,3.53,3.2,,,SCEDC,,B,57,0.23,SCSN,73,73,-1,73,skipped_resume,True,2010,95,data/scedc/event_phases/2010/2010_095/14609788.phase
14609820,scedc:14609820,2010-04-05T03:28:45.090000Z,32.154333333333334,-115.26216666666669,9.99,3.0,,,SCEDC,,C,15,0.23,SCSN,40,40,-1,40,skipped_resume,True,2010,95,data/scedc/event_phases/2010/2010_095/14609820.phase
10171866,scedc:10171866,2010-04-05T03:29:33.590000Z,32.276666666666664,-115.36883333333331,9.99,3.3,,,SCEDC,,C,13,0.17,SCSN,44,44,-1,44,skipped_resume,True,2010,95,data/scedc/event_phases/2010/2010_095/10171866.phase
14609924,scedc:14609924,2010-04-05T03:32:07.260000Z,32.2095,-115.26516666666669,9.99,4.4,,,SCEDC,,C,62,0.35,SCSN,42,42,-1,42,skipped_resume,True,2010,95,data/scedc/event_phases/2010/2010_095/14609924.phase
14609932,scedc:14609932,2010-04-05T03:37:54.590000Z,33.04633333333334,-115.57683333333334,7.22,3.1,,,SCEDC,,A,29,0.18,SCSN,88,88,-1,88,skipped_resume,True,2010,95,data/scedc/event_phases/2010/2010_095/14609932.phase
10171922,scedc:10171922,2010-04-05T03:44:56.070000Z,32.5815,-115.7005,4.69,3.2,,,SCEDC,,B,14,0.09,SCSN,71,71,-1,71,skipped_resume,True,2010,95,data/scedc/event_phases/2010/2010_095/10171922.phase
14609988,scedc:14609988,2010-04-05T03:45:50.560000Z,32.64266666666666,-115.75616666666669,2.69,3.3,,,SCEDC,,A,70,0.22,SCSN,76,77,-1,77,skipped_resume,True,2010,95,data/scedc/event_phases/2010/2010_095/14609988.phase
14610068,scedc:14610068,2010-04-05T03:56:30.130000Z,32.545,-115.74666666666668,1.83,3.1,,,SCEDC,,B,34,0.25,SCSN,70,70,-1,70,skipped_resume,True,2010,95,data/scedc/event_phases/2010/2010_095/14610068.phase
14610100,scedc:14610100,2010-04-05T03:59:25.460000Z,32.47833333333333,-115.65933333333334,0.45,3.5,,,SCEDC,,B,63,0.23,SCSN,65,65,-1,65,skipped_resume,True,2010,95,data/scedc/event_phases/2010/2010_095/14610100.phase
10172062,scedc:10172062,2010-04-05T04:00:09.820000Z,32.17216666666667,-115.32333333333334,9.99,3.2,,,SCEDC,,C,13,0.21,SCSN,41,41,-1,41,skipped_resume,True,2010,95,data/scedc/event_phases/2010/2010_095/10172062.phase
14610108,scedc:14610108,2010-04-05T04:02:33.590000Z,32.48616666666667,-115.662,13.13,3.1,,,SCEDC,,A,46,0.21,SCSN,66,66,-1,66,skipped_resume,True,2010,95,data/scedc/event_phases/2010/2010_095/14610108.phase
10172074,scedc:10172074,2010-04-05T04:03:26.400000Z,32.48583333333333,-115.60766666666666,6.06,3.2,,,SCEDC,,C,26,0.19,SCSN,62,63,-1,63,skipped_resume,True,2010,95,data/scedc/event_phases/2010/2010_095/10172074.phase
10172110,scedc:10172110,2010-04-05T04:05:11.870000Z,32.07233333333333,-115.04333333333334,9.97,3.4,,,SCEDC,,C,19,0.28,SCSN,31,32,-1,32,skipped_resume,True,2010,95,data/scedc/event_phases/2010/2010_095/10172110.phase
14610140,scedc:14610140,2010-04-05T04:07:02.070000Z,32.278333333333336,-115.342,9.99,3.3,,,SCEDC,,C,22,0.2,SCSN,40,40,-1,40,skipped_resume,True,2010,95,data/scedc/event_phases/2010/2010_095/14610140.phase
14610148,scedc:14610148,2010-04-05T04:07:42.090000Z,32.43983333333333,-115.5735,6.27,3.6,,,SCEDC,,C,46,0.25,SCSN,59,59,-1,59,skipped_resume,True,2010,95,data/scedc/event_phases/2010/2010_095/14610148.phase
14610172,scedc:14610172,2010-04-05T04:10:13.840000Z,32.39,-115.58333333333331,14.97,4.3,,,SCEDC,,C,66,0.2,SCSN,58,59,-1,59,skipped_resume,True,2010,95,data/scedc/event_phases/2010/2010_095/14610172.phase
14610188,scedc:14610188,2010-04-05T04:14:22.490000Z,32.334,-115.56516666666668,6.77,3.2,,,SCEDC,,C,33,0.18,SCSN,50,50,-1,50,skipped_resume,True,2010,95,data/scedc/event_phases/2010/2010_095/14610188.phase
14610212,scedc:14610212,2010-04-05T04:15:35.310000Z,32.267833333333336,-115.32583333333334,9.99,3.0,,,SCEDC,,C,17,0.24,SCSN,42,43,-1,43,skipped_resume,True,2010,95,data/scedc/event_phases/2010/2010_095/14610212.phase
14610196,scedc:14610196,2010-04-05T04:16:31.110000Z,32.27133333333333,-115.3505,9.99,3.2,,,SCEDC,,C,38,0.3,SCSN,40,40,-1,40,skipped_resume,True,2010,95,data/scedc/event_phases/2010/2010_095/14610196.phase
14610228,scedc:14610228,2010-04-05T04:21:00.860000Z,32.12916666666667,-115.10516666666666,9.97,3.3,,,SCEDC,,C,24,0.25,SCSN,36,36,-1,36,skipped_resume,True,2010,95,data/scedc/event_phases/2010/2010_095/14610228.phase
14610268,scedc:14610268,2010-04-05T04:22:15.870000Z,32.079,-115.23083333333334,9.99,3.8,,,SCEDC,,C,22,0.14,SCSN,37,38,-1,38,skipped_resume,True,2010,95,data/scedc/event_phases/2010/2010_095/14610268.phase
10172370,scedc:10172370,2010-04-05T04:24:53.000000Z,32.201166666666666,-115.17616666666666,9.99,3.2,,,SCEDC,,C,17,0.2,SCSN,38,38,-1,38,skipped_resume,True,2010,95,data/scedc/event_phases/2010/2010_095/10172370.phase
14610260,scedc:14610260,2010-04-05T04:25:33.930000Z,32.643166666666666,-115.86216666666668,11.4,3.0,,,SCEDC,,C,18,0.19,SCSN,78,78,-1,78,skipped_resume,True,2010,95,data/scedc/event_phases/2010/2010_095/14610260.phase
14610316,scedc:14610316,2010-04-05T04:31:55.930000Z,32.593666666666664,-115.71033333333334,4.86,3.0,,,SCEDC,,B,36,0.27,SCSN,70,71,-1,71,skipped_resume,True,2010,95,data/scedc/event_phases/2010/2010_095/14610316.phase
14610332,scedc:14610332,2010-04-05T04:34:46.790000Z,32.612833333333334,-115.76033333333334,2.36,3.2,,,SCEDC,,A,87,0.24,SCSN,74,74,-1,74,skipped_resume,True,2010,95,data/scedc/event_phases/2010/2010_095/14610332.phase
10172494,scedc:10172494,2010-04-05T04:35:52.560000Z,32.138,-115.30316666666668,9.99,3.1,,,SCEDC,,C,13,0.19,SCSN,40,40,-1,40,skipped_resume,True,2010,95,data/scedc/event_phases/2010/2010_095/10172494.phase
30341759,scedc:30341759,2010-04-05T04:35:55.490000Z,32.164,-115.21183333333332,9.99,3.7,,,SCEDC,,D,12,0.38,SCSN,40,40,-1,40,skipped_resume,True,2010,95,data/scedc/event_phases/2010/2010_095/30341759.phase
10172498,scedc:10172498,2010-04-05T04:36:39.600000Z,32.62,-115.77266666666668,0.28,3.5,,,SCEDC,,A,33,0.19,SCSN,75,75,-1,75,skipped_resume,True,2010,95,data/scedc/event_phases/2010/2010_095/10172498.phase
14610356,scedc:14610356,2010-04-05T04:37:20.410000Z,32.17183333333333,-115.20433333333334,9.99,3.8,,,SCEDC,,C,33,0.15,SCSN,40,40,-1,40,skipped_resume,True,2010,95,data/scedc/event_phases/2010/2010_095/14610356.phase
14610428,scedc:14610428,2010-04-05T04:44:17.730000Z,32.65866666666667,-115.7475,4.4,3.0,,,SCEDC,,A,54,0.14,SCSN,78,79,-1,79,skipped_resume,True,2010,95,data/scedc/event_phases/2010/2010_095/14610428.phase
14610476,scedc:14610476,2010-04-05T04:50:03.840000Z,32.4525,-115.59383333333334,6.63,3.1,,,SCEDC,,C,45,0.17,SCSN,62,62,-1,62,skipped_resume,True,2010,95,data/scedc/event_phases/2010/2010_095/14610476.phase
10172682,scedc:10172682,2010-04-05T05:09:47.650000Z,32.3055,-115.41,9.97,3.4,,,SCEDC,,C,27,0.2,SCSN,44,44,-1,44,skipped_resume,True,2010,95,data/scedc/event_phases/2010/2010_095/10172682.phase
14610604,scedc:14610604,2010-04-05T05:12:35.530000Z,32.233,-115.3785,9.99,3.0,,,SCEDC,,D,25,0.37,SCSN,42,43,-1,43,skipped_resume,True,2010,95,data/scedc/event_phases/2010/2010_095/14610604.phase
14610612,scedc:14610612,2010-04-05T05:16:45.920000Z,32.67733333333334,-115.76033333333334,5.58,3.5,,,SCEDC,,C,28,0.26,SCSN,77,78,-1,78,skipped_resume,True,2010,95,data/scedc/event_phases/2010/2010_095/14610612.phase
10172718,scedc:10172718,2010-04-05T05:21:51.680000Z,32.154333333333334,-115.41083333333331,9.97,3.2,,,SCEDC,,C,13,0.18,SCSN,42,42,-1,42,skipped_resume,True,2010,95,data/scedc/event_phases/2010/2010_095/10172718.phase
10172722,scedc:10172722,2010-04-05T05:22:05.040000Z,32.37616666666667,-115.5305,10.0,3.1,,,SCEDC,,C,13,0.31,SCSN,53,53,-1,53,skipped_resume,True,2010,95,data/scedc/event_phases/2010/2010_095/10172722.phase
14610652,scedc:14610652,2010-04-05T05:28:05.490000Z,32.683,-115.85116666666669,3.46,3.4,,,SCEDC,,A,33,0.21,SCSN,82,83,-1,83,skipped_resume,True,2010,95,data/scedc/event_phases/2010/2010_095/14610652.phase
10172750,scedc:10172750,2010-04-05T05:28:45.230000Z,32.58583333333333,-115.74966666666668,0.0,3.5,,,SCEDC,,B,14,0.24,SCSN,72,73,-1,73,skipped_resume,True,2010,95,data/scedc/event_phases/2010/2010_095/10172750.phase
14610660,scedc:14610660,2010-04-05T05:30:48.350000Z,32.52,-115.6065,14.24,3.3,,,SCEDC,,B,52,0.26,SCSN,62,63,-1,63,skipped_resume,True,2010,95,data/scedc/event_phases/2010/2010_095/14610660.phase
14610732,scedc:14610732,2010-04-05T05:39:50.910000Z,32.3005,-115.43933333333334,9.97,3.3,,,SCEDC,,C,19,0.3,SCSN,44,45,-1,45,skipped_resume,True,2010,95,data/scedc/event_phases/2010/2010_095/14610732.phase
14610748,scedc:14610748,2010-04-05T05:41:37.780000Z,32.62983333333333,-115.77816666666666,0.04,4.0,,,SCEDC,,A,90,0.25,SCSN,75,76,-1,76,skipped_resume,True,2010,95,data/scedc/event_phases/2010/2010_095/14610748.phase
10172814,scedc:10172814,2010-04-05T05:42:43.440000Z,32.148666666666664,-115.39866666666668,9.97,3.6,,,SCEDC,,C,14,0.21,SCSN,41,42,-1,42,skipped_resume,True,2010,95,data/scedc/event_phases/2010/2010_095/10172814.phase
10172822,scedc:10172822,2010-04-05T05:45:05.510000Z,32.047333333333334,-115.27516666666666,9.99,3.1,,,SCEDC,,C,20,0.21,SCSN,36,37,-1,37,skipped_resume,True,2010,95,data/scedc/event_phases/2010/2010_095/10172822.phase
14610796,scedc:14610796,2010-04-05T05:51:19.760000Z,32.385,-115.58883333333333,9.97,3.0,,,SCEDC,,C,33,0.16,SCSN,57,57,-1,57,skipped_resume,True,2010,95,data/scedc/event_phases/2010/2010_095/14610796.phase
14610844,scedc:14610844,2010-04-05T05:55:47.810000Z,32.1335,-115.33416666666666,9.98,3.4,,,SCEDC,,C,28,0.2,SCSN,37,38,-1,38,skipped_resume,True,2010,95,data/scedc/event_phases/2010/2010_095/14610844.phase
14610868,scedc:14610868,2010-04-05T06:03:19.390000Z,32.718666666666664,-115.8775,1.34,3.4,,,SCEDC,,A,88,0.21,SCSN,89,89,-1,89,skipped_resume,True,2010,95,data/scedc/event_phases/2010/2010_095/14610868.phase
10149454,scedc:10149454,2010-04-05T06:10:47.010000Z,32.1795,-115.2435,9.99,3.1,,,SCEDC,,C,17,0.19,SCSN,40,40,-1,40,skipped_resume,True,2010,95,data/scedc/event_phases/2010/2010_095/10149454.phase
10173030,scedc:10173030,2010-04-05T06:11:20.140000Z,32.337666666666664,-115.43883333333332,9.97,3.0,,,SCEDC,,C,23,0.22,SCSN,44,45,-1,45,skipped_resume,True,2010,95,data/scedc/event_phases/2010/2010_095/10173030.phase
10173074,scedc:10173074,2010-04-05T06:19:48.140000Z,32.1235,-115.34633333333332,9.99,3.2,,,SCEDC,,C,22,0.15,SCSN,39,39,-1,39,skipped_resume,True,2010,95,data/scedc/event_phases/2010/2010_095/10173074.phase
14610948,scedc:14610948,2010-04-05T06:21:02.460000Z,32.05233333333333,-115.2595,9.99,3.2,,,SCEDC,,C,24,0.09,SCSN,36,36,-1,36,skipped_resume,True,2010,95,data/scedc/event_phases/2010/2010_095/14610948.phase
14610996,scedc:14610996,2010-04-05T06:27:08.290000Z,32.633833333333335,-115.75566666666668,4.11,3.1,,,SCEDC,,A,79,0.22,SCSN,74,74,-1,74,skipped_resume,True,2010,95,data/scedc/event_phases/2010/2010_095/14610996.phase
10173094,scedc:10173094,2010-04-05T06:28:41.240000Z,32.132333333333335,-115.31483333333334,9.99,3.6,,,SCEDC,,C,24,0.15,SCSN,39,39,-1,39,skipped_resume,True,2010,95,data/scedc/event_phases/2010/2010_095/10173094.phase
14611076,scedc:14611076,2010-04-05T06:31:28.350000Z,32.609833333333334,-115.7925,0.0,3.4,,,SCEDC,,A,22,0.29,SCSN,72,74,-1,74,skipped_resume,True,2010,95,data/scedc/event_phases/2010/2010_095/14611076.phase
10149926,scedc:10149926,2010-04-05T06:42:01.800000Z,32.097,-115.17,9.99,3.3,,,SCEDC,,C,14,0.26,SCSN,35,36,-1,36,skipped_resume,True,2010,95,data/scedc/event_phases/2010/2010_095/10149926.phase
10149934,scedc:10149934,2010-04-05T06:49:23.550000Z,32.289,-115.4335,5.75,3.0,,,SCEDC,,C,17,0.16,SCSN,43,44,-1,44,skipped_resume,True,2010,95,data/scedc/event_phases/2010/2010_095/10149934.phase
14611180,scedc:14611180,2010-04-05T06:49:46.340000Z,32.681333333333335,-115.86333333333332,7.16,3.5,,,SCEDC,,B,67,0.25,SCSN,79,80,-1,80,skipped_resume,True,2010,95,data/scedc/event_phases/2010/2010_095/14611180.phase
14611212,scedc:14611212,2010-04-05T06:59:12.700000Z,32.38916666666667,-115.619,5.6,3.2,,,SCEDC,,C,35,0.22,SCSN,58,58,-1,58,skipped_resume,True,2010,95,data/scedc/event_phases/2010/2010_095/14611212.phase
10173190,scedc:10173190,2010-04-05T06:59:27.600000Z,32.144666666666666,-115.35616666666668,9.99,3.4,,,SCEDC,,C,24,0.4,SCSN,42,42,-1,42,skipped_resume,True,2010,95,data/scedc/event_phases/2010/2010_095/10173190.phase
14611244,scedc:14611244,2010-04-05T07:02:28.420000Z,32.392,-115.58716666666666,5.57,3.0,,,SCEDC,,C,24,0.18,SCSN,59,59,-1,59,skipped_resume,True,2010,95,data/scedc/event_phases/2010/2010_095/14611244.phase
14611260,scedc:14611260,2010-04-05T07:03:45.340000Z,32.100833333333334,-115.16466666666666,9.99,3.8,,,SCEDC,,C,10,0.15,SCSN,37,37,-1,37,skipped_resume,True,2010,95,data/scedc/event_phases/2010/2010_095/14611260.phase
14611332,scedc:14611332,2010-04-05T07:15:34.590000Z,32.279,-115.3505,9.98,4.1,,,SCEDC,,C,40,0.19,SCSN,44,44,-1,44,skipped_resume,True,2010,95,data/scedc/event_phases/2010/2010_095/14611332.phase
10173370,scedc:10173370,2010-04-05T07:29:03.630000Z,32.33166666666666,-115.57866666666666,9.97,3.1,,,SCEDC,,C,7,0.13,SCSN,51,51,-1,51,skipped_resume,True,2010,95,data/scedc/event_phases/2010/2010_095/10173370.phase
10173466,scedc:10173466,2010-04-05T07:51:35.810000Z,32.119,-115.18983333333334,9.97,3.0,,,SCEDC,,C,22,0.17,SCSN,37,37,-1,37,skipped_resume,True,2010,95,data/scedc/event_phases/2010/2010_095/10173466.phase
10173470,scedc:10173470,2010-04-05T07:55:15.690000Z,32.272333333333336,-115.32616666666668,9.99,3.0,,,SCEDC,,C,16,0.33,SCSN,41,41,-1,41,skipped_resume,True,2010,95,data/scedc/event_phases/2010/2010_095/10173470.phase
14611572,scedc:14611572,2010-04-05T07:57:15.670000Z,32.11033333333334,-115.25466666666668,9.97,3.5,,,SCEDC,,C,22,0.17,SCSN,37,38,-1,38,skipped_resume,True,2010,95,data/scedc/event_phases/2010/2010_095/14611572.phase
10173794,scedc:10173794,2010-04-05T07:58:12.670000Z,32.11566666666667,-115.092,9.95,3.2,,,SCEDC,,C,8,0.23,SCSN,32,33,-1,33,skipped_resume,True,2010,95,data/scedc/event_phases/2010/2010_095/10173794.phase
10150242,scedc:10150242,2010-04-05T08:09:12.870000Z,32.23166666666667,-115.298,9.99,3.4,,,SCEDC,,C,25,0.23,SCSN,40,41,-1,41,skipped_resume,True,2010,95,data/scedc/event_phases/2010/2010_095/10150242.phase
14611620,scedc:14611620,2010-04-05T08:09:52.350000Z,32.48316666666667,-115.62383333333334,5.63,3.2,,,SCEDC,,C,20,0.14,SCSN,63,63,-1,63,skipped_resume,True,2010,95,data/scedc/event_phases/2010/2010_095/14611620.phase
14611652,scedc:14611652,2010-04-05T08:12:45.150000Z,32.634,-115.7685,5.97,3.3,,,SCEDC,,C,59,0.27,SCSN,75,77,-1,77,skipped_resume,True,2010,95,data/scedc/event_phases/2010/2010_095/14611652.phase
14611700,scedc:14611700,2010-04-05T08:23:22.550000Z,32.162,-115.265,14.99,3.8,,,SCEDC,,C,29,0.17,SCSN,37,38,-1,38,skipped_resume,True,2010,95,data/scedc/event_phases/2010/2010_095/14611700.phase
10173994,scedc:10173994,2010-04-05T08:27:47.060000Z,32.164833333333334,-115.30816666666666,9.96,3.0,,,SCEDC,,C,13,0.12,SCSN,39,40,-1,40,skipped_resume,True,2010,95,data/scedc/event_phases/2010/2010_095/10173994.phase
14611724,scedc:14611724,2010-04-05T08:29:27.990000Z,32.162166666666664,-115.29033333333334,10.0,3.9,,,SCEDC,,C,18,0.2,SCSN,37,38,-1,38,skipped_resume,True,2010,95,data/scedc/event_phases/2010/2010_095/14611724.phase
14611740,scedc:14611740,2010-04-05T08:30:49.910000Z,32.6665,-115.82583333333334,5.15,3.1,,,SCEDC,,A,58,0.24,SCSN,81,81,-1,81,skipped_resume,True,2010,95,data/scedc/event_phases/2010/2010_095/14611740.phase
10174030,scedc:10174030,2010-04-05T08:32:18.100000Z,32.26716666666667,-115.3315,9.98,3.0,,,SCEDC,,C,17,0.22,SCSN,41,42,-1,42,skipped_resume,True,2010,95,data/scedc/event_phases/2010/2010_095/10174030.phase
10150482,scedc:10150482,2010-04-05T08:32:43.390000Z,32.22716666666667,-115.2875,9.99,3.7,,,SCEDC,,C,18,0.26,SCSN,40,41,-1,41,skipped_resume,True,2010,95,data/scedc/event_phases/2010/2010_095/10150482.phase
14611764,scedc:14611764,2010-04-05T08:37:46.090000Z,32.46233333333333,-115.644,6.29,3.1,,,SCEDC,,C,34,0.24,SCSN,62,63,-1,63,skipped_resume,True,2010,95,data/scedc/event_phases/2010/2010_095/14611764.phase
14611780,scedc:14611780,2010-04-05T08:42:35.690000Z,32.61683333333333,-115.72566666666668,4.27,3.4,,,SCEDC,,A,40,0.18,SCSN,70,71,-1,71,skipped_resume,True,2010,95,data/scedc/event_phases/2010/2010_095/14611780.phase
10150562,scedc:10150562,2010-04-05T08:43:57.580000Z,32.2175,-115.32316666666668,9.99,3.0,,,SCEDC,,C,16,0.24,SCSN,41,41,-1,41,skipped_resume,True,2010,95,data/scedc/event_phases/2010/2010_095/10150562.phase
14611812,scedc:14611812,2010-04-05T08:47:45.480000Z,32.508,-115.676,5.5,3.1,,,SCEDC,,C,70,0.23,SCSN,66,66,-1,66,skipped_resume,True,2010,95,data/scedc/event_phases/2010/2010_095/14611812.phase
10174046,scedc:10174046,2010-04-05T08:48:05.300000Z,32.67183333333333,-115.81016666666666,0.07,3.3,,,SCEDC,,A,19,0.18,SCSN,78,78,-1,78,skipped_resume,True,2010,95,data/scedc/event_phases/2010/2010_095/10174046.phase
14611836,scedc:14611836,2010-04-05T08:54:24.480000Z,32.165166666666664,-115.28783333333334,9.99,3.2,,,SCEDC,,C,20,0.2,SCSN,37,38,-1,38,skipped_resume,True,2010,95,data/scedc/event_phases/2010/2010_095/14611836.phase
10174086,scedc:10174086,2010-04-05T09:00:32.700000Z,32.0755,-115.29516666666666,9.99,3.0,,,SCEDC,,C,19,0.14,SCSN,38,38,-1,38,skipped_resume,True,2010,95,data/scedc/event_phases/2010/2010_095/10174086.phase
14611884,scedc:14611884,2010-04-05T09:01:23.520000Z,32.11483333333333,-115.25883333333331,9.99,3.8,,,SCEDC,,D,27,0.16,SCSN,39,39,-1,39,skipped_resume,True,2010,95,data/scedc/event_phases/2010/2010_095/14611884.phase
14611900,scedc:14611900,2010-04-05T09:04:49.340000Z,32.48,-115.6165,9.97,3.0,,,SCEDC,,C,52,0.24,SCSN,61,61,-1,61,skipped_resume,True,2010,95,data/scedc/event_phases/2010/2010_095/14611900.phase
10174102,scedc:10174102,2010-04-05T09:05:11.350000Z,32.2525,-115.292,9.99,3.0,,,SCEDC,,C,16,0.19,SCSN,41,41,-1,41,skipped_resume,True,2010,95,data/scedc/event_phases/2010/2010_095/10174102.phase
14611924,scedc:14611924,2010-04-05T09:12:43.500000Z,32.2985,-115.338,9.99,3.3,,,SCEDC,,C,35,0.3,SCSN,43,43,-1,43,skipped_resume,True,2010,95,data/scedc/event_phases/2010/2010_095/14611924.phase
14611964,scedc:14611964,2010-04-05T09:15:54.580000Z,32.278666666666666,-115.35216666666666,9.99,3.3,,,SCEDC,,C,36,0.21,SCSN,43,43,-1,43,skipped_resume,True,2010,95,data/scedc/event_phases/2010/2010_095/14611964.phase
14612004,scedc:14612004,2010-04-05T09:22:26.420000Z,32.404333333333334,-115.56916666666666,10.33,3.0,,,SCEDC,,C,26,0.18,SCSN,56,57,-1,57,skipped_resume,True,2010,95,data/scedc/event_phases/2010/2010_095/14612004.phase
14612036,scedc:14612036,2010-04-05T09:26:31.680000Z,32.38333333333333,-115.57583333333334,4.19,3.0,,,SCEDC,,C,22,0.2,SCSN,55,56,-1,56,skipped_resume,True,2010,95,data/scedc/event_phases/2010/2010_095/14612036.phase
14612076,scedc:14612076,2010-04-05T09:38:46.130000Z,32.163833333333336,-115.33566666666668,9.96,3.0,,,SCEDC,,C,13,0.21,SCSN,41,42,-1,42,skipped_resume,True,2010,95,data/scedc/event_phases/2010/2010_095/14612076.phase
14612108,scedc:14612108,2010-04-05T09:52:56.210000Z,32.265,-115.38483333333332,9.99,3.9,,,SCEDC,,C,33,0.23,SCSN,44,44,-1,44,skipped_resume,True,2010,95,data/scedc/event_phases/2010/2010_095/14612108.phase
14612124,scedc:14612124,2010-04-05T09:56:03.900000Z,32.634,-115.76883333333332,2.7,3.0,,,SCEDC,,A,66,0.22,SCSN,72,72,-1,72,skipped_resume,True,2010,95,data/scedc/event_phases/2010/2010_095/14612124.phase
14612132,scedc:14612132,2010-04-05T09:58:34.660000Z,32.055166666666665,-115.27066666666668,9.99,3.6,,,SCEDC,,C,23,0.14,SCSN,33,34,-1,34,skipped_resume,True,2010,95,data/scedc/event_phases/2010/2010_095/14612132.phase
10174282,scedc:10174282,2010-04-05T10:01:11.760000Z,32.0065,-114.94533333333334,9.97,3.7,,,SCEDC,,C,15,0.1,SCSN,30,31,-1,31,skipped_resume,True,2010,95,data/scedc/event_phases/2010/2010_095/10174282.phase
14612172,scedc:14612172,2010-04-05T10:05:37.080000Z,32.634,-115.80933333333331,10.06,4.0,,,SCEDC,,A,98,0.23,SCSN,77,79,-1,79,skipped_resume,True,2010,95,data/scedc/event_phases/2010/2010_095/14612172.phase
14612188,scedc:14612188,2010-04-05T10:09:24.920000Z,32.24166666666667,-115.18883333333332,14.99,4.1,,,SCEDC,,C,25,0.28,SCSN,40,41,-1,41,skipped_resume,True,2010,95,data/scedc/event_phases/2010/2010_095/14612188.phase
10174330,scedc:10174330,2010-04-05T10:12:02.510000Z,32.126333333333335,-115.26316666666666,9.99,3.3,,,SCEDC,,C,14,0.24,SCSN,40,40,-1,40,skipped_resume,True,2010,95,data/scedc/event_phases/2010/2010_095/10174330.phase
14612196,scedc:14612196,2010-04-05T10:13:15.760000Z,32.26566666666667,-115.31733333333334,9.99,3.5,,,SCEDC,,C,32,0.22,SCSN,43,43,-1,43,skipped_resume,True,2010,95,data/scedc/event_phases/2010/2010_095/14612196.phase
10174374,scedc:10174374,2010-04-05T10:16:21.820000Z,32.133833333333335,-115.3025,9.99,3.2,,,SCEDC,,C,22,0.17,SCSN,37,37,-1,37,skipped_resume,True,2010,95,data/scedc/event_phases/2010/2010_095/10174374.phase
14612244,scedc:14612244,2010-04-05T10:20:00.750000Z,32.58716666666667,-115.699,9.98,3.0,,,SCEDC,,C,30,0.27,SCSN,70,70,-1,70,skipped_resume,True,2010,95,data/scedc/event_phases/2010/2010_095/14612244.phase
14612268,scedc:14612268,2010-04-05T10:26:34.720000Z,32.102833333333336,-115.0845,9.97,3.6,,,SCEDC,,C,16,0.22,SCSN,36,36,-1,36,skipped_resume,True,2010,95,data/scedc/event_phases/2010/2010_095/14612268.phase
10174462,scedc:10174462,2010-04-05T10:29:36.710000Z,32.49016666666667,-115.65483333333331,1.85,3.0,,,SCEDC,,A,30,0.16,SCSN,64,64,-1,64,skipped_resume,True,2010,95,data/scedc/event_phases/2010/2010_095/10174462.phase
14612308,scedc:14612308,2010-04-05T10:30:59.700000Z,32.13616666666667,-115.28066666666666,9.99,3.2,,,SCEDC,,C,19,0.23,SCSN,40,40,-1,40,skipped_resume,True,2010,95,data/scedc/event_phases/2010/2010_095/14612308.phase
14612324,scedc:14612324,2010-04-05T10:33:03.300000Z,32.65266666666667,-115.79716666666668,1.64,3.4,,,SCEDC,,A,79,0.2,SCSN,78,79,-1,79,skipped_resume,True,2010,95,data/scedc/event_phases/2010/2010_095/14612324.phase
14612364,scedc:14612364,2010-04-05T10:39:21.370000Z,32.6245,-115.7465,3.05,3.4,,,SCEDC,,A,63,0.2,SCSN,67,68,-1,68,skipped_resume,True,2010,95,data/scedc/event_phases/2010/2010_095/14612364.phase
14612372,scedc:14612372,2010-04-05T10:43:23.910000Z,32.653666666666666,-115.79966666666668,2.97,3.3,,,SCEDC,,A,96,0.25,SCSN,77,77,-1,77,skipped_resume,True,2010,95,data/scedc/event_phases/2010/2010_095/14612372.phase
14612388,scedc:14612388,2010-04-05T10:48:02.670000Z,32.5965,-115.77283333333334,11.45,3.0,,,SCEDC,,A,64,0.23,SCSN,70,71,-1,71,skipped_resume,True,2010,95,data/scedc/event_phases/2010/2010_095/14612388.phase
14612396,scedc:14612396,2010-04-05T10:49:44.840000Z,32.280166666666666,-115.34266666666667,9.99,3.0,,,SCEDC,,C,22,0.18,SCSN,43,43,-1,43,skipped_resume,True,2010,95,data/scedc/event_phases/2010/2010_095/14612396.phase
14612452,scedc:14612452,2010-04-05T11:02:55.180000Z,32.177166666666665,-115.32583333333334,9.99,3.2,,,SCEDC,,C,27,0.23,SCSN,41,42,-1,42,skipped_resume,True,2010,95,data/scedc/event_phases/2010/2010_095/14612452.phase
14612508,scedc:14612508,2010-04-05T11:12:30.450000Z,32.27916666666667,-115.32833333333332,9.99,3.0,,,SCEDC,,C,24,0.17,SCSN,43,43,-1,43,skipped_resume,True,2010,95,data/scedc/event_phases/2010/2010_095/14612508.phase
14612532,scedc:14612532,2010-04-05T11:20:41.630000Z,32.69533333333333,-115.81016666666666,5.44,3.7,,,SCEDC,,A,69,0.22,SCSN,81,81,-1,81,skipped_resume,True,2010,95,data/scedc/event_phases/2010/2010_095/14612532.phase
14612548,scedc:14612548,2010-04-05T11:23:41.570000Z,32.602833333333336,-115.76733333333334,2.62,3.1,,,SCEDC,,A,52,0.22,SCSN,73,73,-1,73,skipped_resume,True,2010,95,data/scedc/event_phases/2010/2010_095/14612548.phase
14612588,scedc:14612588,2010-04-05T11:25:59.230000Z,32.63933333333333,-115.73683333333334,4.62,3.3,,,SCEDC,,A,35,0.17,SCSN,75,76,-1,76,skipped_resume,True,2010,95,data/scedc/event_phases/2010/2010_095/14612588.phase
14612596,scedc:14612596,2010-04-05T11:27:08.090000Z,32.6185,-115.76266666666666,1.81,3.3,,,SCEDC,,A,59,0.18,SCSN,72,72,-1,72,skipped_resume,True,2010,95,data/scedc/event_phases/2010/2010_095/14612596.phase
14612652,scedc:14612652,2010-04-05T11:40:33.110000Z,32.61483333333334,-115.78166666666668,2.24,3.1,,,SCEDC,,A,78,0.2,SCSN,72,72,-1,72,skipped_resume,True,2010,95,data/scedc/event_phases/2010/2010_095/14612652.phase
14612708,scedc:14612708,2010-04-05T11:48:11.230000Z,32.627,-115.7475,8.5,3.3,,,SCEDC,,A,70,0.21,SCSN,72,72,-1,72,skipped_resume,True,2010,95,data/scedc/event_phases/2010/2010_095/14612708.phase
10175550,scedc:10175550,2010-04-05T11:54:00.920000Z,32.20666666666666,-115.306,9.94,3.0,,,SCEDC,,D,11,0.49,SCSN,41,41,-1,41,skipped_resume,True,2010,95,data/scedc/event_phases/2010/2010_095/10175550.phase
14612780,scedc:14612780,2010-04-05T12:06:29.530000Z,32.678,-115.81333333333332,11.09,3.2,,,SCEDC,,A,67,0.23,SCSN,78,81,-1,81,skipped_resume,True,2010,95,data/scedc/event_phases/2010/2010_095/14612780.phase
14612812,scedc:14612812,2010-04-05T12:10:40.510000Z,32.2965,-115.3505,9.99,3.1,,,SCEDC,,C,26,0.19,SCSN,45,45,-1,45,skipped_resume,True,2010,95,data/scedc/event_phases/2010/2010_095/14612812.phase
10175870,scedc:10175870,2010-04-05T12:17:01.230000Z,32.18816666666667,-115.32383333333334,9.99,3.3,,,SCEDC,,C,16,0.15,SCSN,42,42,-1,42,skipped_resume,True,2010,95,data/scedc/event_phases/2010/2010_095/10175870.phase
14612828,scedc:14612828,2010-04-05T12:17:09.760000Z,32.5005,-115.69166666666666,14.97,3.1,,,SCEDC,,C,40,0.36,SCSN,68,68,-1,68,skipped_resume,True,2010,95,data/scedc/event_phases/2010/2010_095/14612828.phase
14612868,scedc:14612868,2010-04-05T12:26:49.820000Z,32.299,-115.46083333333333,9.97,3.0,,,SCEDC,,C,38,0.24,SCSN,45,45,-1,45,skipped_resume,True,2010,95,data/scedc/event_phases/2010/2010_095/14612868.phase
10176050,scedc:10176050,2010-04-05T12:32:37.190000Z,32.1955,-115.07816666666666,9.97,3.1,,,SCEDC,,C,14,0.29,SCSN,38,38,-1,38,skipped_resume,True,2010,95,data/scedc/event_phases/2010/2010_095/10176050.phase
14612964,scedc:14612964,2010-04-05T12:43:16.660000Z,32.18216666666667,-115.33166666666666,9.99,3.2,,,SCEDC,,C,30,0.21,SCSN,41,42,-1,42,skipped_resume,True,2010,95,data/scedc/event_phases/2010/2010_095/14612964.phase
10176310,scedc:10176310,2010-04-05T12:47:09.890000Z,32.169666666666664,-115.29083333333334,9.99,3.0,,,SCEDC,,C,14,0.25,SCSN,40,40,-1,40,skipped_resume,True,2010,95,data/scedc/event_phases/2010/2010_095/10176310.phase
14612988,scedc:14612988,2010-04-05T12:47:36.770000Z,32.657333333333334,-115.80766666666666,0.15,3.2,,,SCEDC,,A,59,0.17,SCSN,78,79,-1,79,skipped_resume,True,2010,95,data/scedc/event_phases/2010/2010_095/14612988.phase
14612996,scedc:14612996,2010-04-05T12:49:36.230000Z,32.587,-115.76033333333334,3.32,3.9,,,SCEDC,,A,84,0.22,SCSN,71,73,-1,73,skipped_resume,True,2010,95,data/scedc/event_phases/2010/2010_095/14612996.phase
14613060,scedc:14613060,2010-04-05T12:59:50.720000Z,32.615833333333335,-115.767,0.05,3.1,,,SCEDC,,A,53,0.16,SCSN,72,73,-1,73,skipped_resume,True,2010,95,data/scedc/event_phases/2010/2010_095/14613060.phase
14613076,scedc:14613076,2010-04-05T13:04:12.400000Z,32.078833333333336,-115.12366666666668,9.99,3.2,,,SCEDC,,D,17,0.4,SCSN,35,35,-1,35,skipped_resume,True,2010,95,data/scedc/event_phases/2010/2010_095/14613076.phase
14613084,scedc:14613084,2010-04-05T13:07:28.620000Z,32.61216666666667,-115.76533333333332,0.47,3.6,,,SCEDC,,A,56,0.21,SCSN,73,73,-1,73,skipped_resume,True,2010,95,data/scedc/event_phases/2010/2010_095/14613084.phase
14613116,scedc:14613116,2010-04-05T13:12:22.550000Z,32.169,-115.286,9.99,3.3,,,SCEDC,,C,20,0.13,SCSN,40,40,-1,40,skipped_resume,True,2010,95,data/scedc/event_phases/2010/2010_095/14613116.phase
14613188,scedc:14613188,2010-04-05T13:24:56.270000Z,32.631166666666665,-115.78666666666666,4.56,3.4,,,SCEDC,,B,22,0.2,SCSN,78,78,-1,78,skipped_resume,True,2010,95,data/scedc/event_phases/2010/2010_095/14613188.phase
14613204,scedc:14613204,2010-04-05T13:27:27.710000Z,32.2175,-115.33383333333332,9.98,3.5,,,SCEDC,,C,28,0.26,SCSN,42,42,-1,42,skipped_resume,True,2010,95,data/scedc/event_phases/2010/2010_095/14613204.phase
30405759,scedc:30405759,2010-04-05T13:35:56.300000Z,32.668166666666664,-115.849,5.47,3.5,,,SCEDC,,C,56,0.26,SCSN,81,82,-1,82,skipped_resume,True,2010,95,data/scedc/event_phases/2010/2010_095/30405759.phase
14613300,scedc:14613300,2010-04-05T13:56:54.400000Z,32.158166666666666,-115.33583333333333,9.96,3.1,,,SCEDC,,C,17,0.22,SCSN,40,41,-1,41,skipped_resume,True,2010,95,data/scedc/event_phases/2010/2010_095/14613300.phase
14613292,scedc:14613292,2010-04-05T13:59:03.380000Z,32.189,-115.38216666666666,9.98,3.9,,,SCEDC,,C,22,0.2,SCSN,40,42,-1,42,skipped_resume,True,2010,95,data/scedc/event_phases/2010/2010_095/14613292.phase
10176870,scedc:10176870,2010-04-05T13:59:26.320000Z,32.288,-115.44683333333332,10.01,4.0,,,SCEDC,,C,23,0.2,SCSN,43,44,-1,44,skipped_resume,True,2010,95,data/scedc/event_phases/2010/2010_095/10176870.phase
14613348,scedc:14613348,2010-04-05T14:07:04.550000Z,32.19533333333333,-115.3335,9.98,4.1,,,SCEDC,,C,26,0.15,SCSN,32,32,-1,32,skipped_resume,True,2010,95,data/scedc/event_phases/2010/2010_095/14613348.phase
14613364,scedc:14613364,2010-04-05T14:10:14.640000Z,32.663333333333334,-115.79333333333334,0.25,3.4,,,SCEDC,,A,43,0.23,SCSN,80,80,-1,80,skipped_resume,True,2010,95,data/scedc/event_phases/2010/2010_095/14613364.phase
10177010,scedc:10177010,2010-04-05T14:11:46.200000Z,32.69533333333333,-115.781,4.47,4.0,,,SCEDC,,A,11,0.16,SCSN,43,43,-1,43,skipped_resume,True,2010,95,data/scedc/event_phases/2010/2010_095/10177010.phase
14613420,scedc:14613420,2010-04-05T14:16:35.690000Z,32.655166666666666,-115.791,1.98,3.0,,,SCEDC,,A,78,0.2,SCSN,80,80,-1,80,skipped_resume,True,2010,95,data/scedc/event_phases/2010/2010_095/14613420.phase
10177190,scedc:10177190,2010-04-05T14:27:05.320000Z,32.01683333333333,-114.9995,9.97,3.6,,,SCEDC,,C,20,0.07,SCSN,31,32,-1,32,skipped_resume,True,2010,95,data/scedc/event_phases/2010/2010_095/10177190.phase
14613460,scedc:14613460,2010-04-05T14:30:19.230000Z,32.11533333333333,-115.0965,9.97,3.5,,,SCEDC,,C,17,0.2,SCSN,35,35,-1,35,skipped_resume,True,2010,95,data/scedc/event_phases/2010/2010_095/14613460.phase
14613492,scedc:14613492,2010-04-05T14:34:44.060000Z,32.61866666666667,-115.79016666666666,3.01,3.0,,,SCEDC,,A,78,0.2,SCSN,76,76,-1,76,skipped_resume,True,2010,95,data/scedc/event_phases/2010/2010_095/14613492.phase
10177390,scedc:10177390,2010-04-05T14:38:05.590000Z,32.076,-115.31983333333334,9.96,3.0,,,SCEDC,,C,13,0.18,SCSN,38,38,-1,38,skipped_resume,True,2010,95,data/scedc/event_phases/2010/2010_095/10177390.phase
10177610,scedc:10177610,2010-04-05T14:59:51.400000Z,32.3,-115.3235,7.89,3.3,,,SCEDC,,C,13,0.4,SCSN,44,44,-1,44,skipped_resume,True,2010,95,data/scedc/event_phases/2010/2010_095/10177610.phase
14613588,scedc:14613588,2010-04-05T15:01:43.290000Z,32.453833333333336,-115.65016666666666,0.65,3.6,,,SCEDC,,A,78,0.21,SCSN,62,63,-1,63,skipped_resume,True,2010,95,data/scedc/event_phases/2010/2010_095/14613588.phase
14613596,scedc:14613596,2010-04-05T15:04:17.720000Z,32.184666666666665,-115.308,9.99,3.9,,,SCEDC,,C,36,0.21,SCSN,41,42,-1,42,skipped_resume,True,2010,95,data/scedc/event_phases/2010/2010_095/14613596.phase
10177750,scedc:10177750,2010-04-05T15:09:26.420000Z,32.1005,-115.25666666666666,9.99,3.2,,,SCEDC,,C,18,0.16,SCSN,38,39,-1,39,skipped_resume,True,2010,95,data/scedc/event_phases/2010/2010_095/10177750.phase
10177730,scedc:10177730,2010-04-05T15:10:19.520000Z,32.228833333333334,-115.314,9.96,3.2,,,SCEDC,,C,17,0.21,SCSN,40,41,-1,41,skipped_resume,True,2010,95,data/scedc/event_phases/2010/2010_095/10177730.phase
14613620,scedc:14613620,2010-04-05T15:15:26.070000Z,32.586166666666664,-115.78166666666668,2.37,3.5,,,SCEDC,,A,99,0.26,SCSN,71,72,-1,72,skipped_resume,True,2010,95,data/scedc/event_phases/2010/2010_095/14613620.phase
10178030,scedc:10178030,2010-04-05T15:29:10.650000Z,32.109,-115.21433333333331,9.94,3.2,,,SCEDC,,D,16,0.18,SCSN,38,38,-1,38,skipped_resume,True,2010,95,data/scedc/event_phases/2010/2010_095/10178030.phase
10178050,scedc:10178050,2010-04-05T15:33:27.500000Z,32.114333333333335,-115.19316666666668,9.97,3.3,,,SCEDC,,C,15,0.28,SCSN,36,37,-1,37,skipped_resume,True,2010,95,data/scedc/event_phases/2010/2010_095/10178050.phase
14613700,scedc:14613700,2010-04-05T15:34:40.730000Z,32.60066666666667,-115.7325,12.77,3.7,,,SCEDC,,A,89,0.3,SCSN,71,72,-1,72,skipped_resume,True,2010,95,data/scedc/event_phases/2010/2010_095/14613700.phase
10178110,scedc:10178110,2010-04-05T15:36:27.810000Z,32.069833333333335,-115.31016666666666,9.96,3.3,,,SCEDC,,C,23,0.2,SCSN,38,38,-1,38,skipped_resume,True,2010,95,data/scedc/event_phases/2010/2010_095/10178110.phase
14613732,scedc:14613732,2010-04-05T15:47:34.480000Z,32.578,-115.69466666666666,7.3,3.6,,,SCEDC,,C,43,0.27,SCSN,70,71,-1,71,skipped_resume,True,2010,95,data/scedc/event_phases/2010/2010_095/14613732.phase
14613796,scedc:14613796,2010-04-05T15:58:38.450000Z,32.24316666666667,-115.32066666666668,9.99,3.2,,,SCEDC,,C,18,0.2,SCSN,41,42,-1,42,skipped_resume,True,2010,95,data/scedc/event_phases/2010/2010_095/14613796.phase
14613804,scedc:14613804,2010-04-05T16:01:39.290000Z,32.579,-115.72466666666666,2.64,3.1,,,SCEDC,,A,84,0.24,SCSN,70,71,-1,71,skipped_resume,True,2010,95,data/scedc/event_phases/2010/2010_095/14613804.phase
14613860,scedc:14613860,2010-04-05T16:14:43.210000Z,32.61416666666667,-115.74483333333332,1.7,3.1,,,SCEDC,,A,70,0.2,SCSN,73,73,-1,73,skipped_resume,True,2010,95,data/scedc/event_phases/2010/2010_095/14613860.phase
14613932,scedc:14613932,2010-04-05T16:25:47.110000Z,32.078,-115.26816666666669,9.99,4.3,,,SCEDC,,C,37,0.18,SCSN,35,37,-1,37,skipped_resume,True,2010,95,data/scedc/event_phases/2010/2010_095/14613932.phase
14613940,scedc:14613940,2010-04-05T16:29:29.080000Z,32.54783333333334,-115.7115,4.18,3.5,,,SCEDC,,A,94,0.23,SCSN,69,70,-1,70,skipped_resume,True,2010,95,data/scedc/event_phases/2010/2010_095/14613940.phase
14613964,scedc:14613964,2010-04-05T16:33:29.440000Z,32.07216666666667,-115.08666666666667,9.97,3.6,,,SCEDC,,D,12,0.36,SCSN,31,32,-1,32,skipped_resume,True,2010,95,data/scedc/event_phases/2010/2010_095/14613964.phase
10179370,scedc:10179370,2010-04-05T16:38:32.280000Z,32.222,-115.32733333333331,9.99,3.2,,,SCEDC,,C,27,0.37,SCSN,40,41,-1,41,skipped_resume,True,2010,95,data/scedc/event_phases/2010/2010_095/10179370.phase
14614020,scedc:14614020,2010-04-05T16:46:36.410000Z,32.0635,-115.28166666666668,9.99,3.1,,,SCEDC,,C,23,0.19,SCSN,37,37,-1,37,skipped_resume,True,2010,95,data/scedc/event_phases/2010/2010_095/14614020.phase
14614028,scedc:14614028,2010-04-05T16:48:32.160000Z,32.65233333333333,-115.828,11.33,3.4,,,SCEDC,,A,87,0.25,SCSN,81,82,-1,82,skipped_resume,True,2010,95,data/scedc/event_phases/2010/2010_095/14614028.phase
10178850,scedc:10178850,2010-04-05T16:48:47.070000Z,32.036,-115.26516666666669,9.99,3.7,,,SCEDC,,C,21,0.13,SCSN,35,36,-1,36,skipped_resume,True,2010,95,data/scedc/event_phases/2010/2010_095/10178850.phase
14614036,scedc:14614036,2010-04-05T16:51:58.020000Z,32.16916666666667,-115.25133333333332,9.99,3.2,,,SCEDC,,C,28,0.25,SCSN,40,40,-1,40,skipped_resume,True,2010,95,data/scedc/event_phases/2010/2010_095/14614036.phase
14614044,scedc:14614044,2010-04-05T16:53:47.570000Z,32.602333333333334,-115.7785,1.67,3.0,,,SCEDC,,A,68,0.21,SCSN,74,74,-1,74,skipped_resume,True,2010,95,data/scedc/event_phases/2010/2010_095/14614044.phase
14614052,scedc:14614052,2010-04-05T16:56:09.280000Z,32.6655,-115.79583333333332,0.03,3.0,,,SCEDC,,A,57,0.2,SCSN,79,80,-1,80,skipped_resume,True,2010,95,data/scedc/event_phases/2010/2010_095/14614052.phase
14614068,scedc:14614068,2010-04-05T16:59:02.160000Z,32.634166666666665,-115.77933333333333,0.01,3.1,,,SCEDC,,C,35,0.26,SCSN,78,79,-1,79,skipped_resume,True,2010,95,data/scedc/event_phases/2010/2010_095/14614068.phase
10178970,scedc:10178970,2010-04-05T16:59:24.860000Z,32.19833333333333,-115.36233333333334,9.99,3.1,,,SCEDC,,D,10,0.44,SCSN,42,42,-1,42,skipped_resume,True,2010,95,data/scedc/event_phases/2010/2010_095/10178970.phase
14614092,scedc:14614092,2010-04-05T17:03:09.390000Z,32.6065,-115.78466666666668,2.75,3.4,,,SCEDC,,A,83,0.23,SCSN,70,70,-1,70,skipped_resume,True,2010,95,data/scedc/event_phases/2010/2010_095/14614092.phase
10179030,scedc:10179030,2010-04-05T17:24:20.620000Z,32.20816666666666,-115.37266666666666,9.99,3.1,,,SCEDC,,C,16,0.15,SCSN,42,42,-1,42,skipped_resume,True,2010,95,data/scedc/event_phases/2010/2010_095/10179030.phase
14614188,scedc:14614188,2010-04-05T17:28:28.760000Z,33.04366666666667,-116.4095,13.2,3.2,,,SCEDC,,A,89,0.2,SCSN,127,128,-1,128,skipped_resume,True,2010,95,data/scedc/event_phases/2010/2010_095/14614188.phase
14614228,scedc:14614228,2010-04-05T17:33:05.110000Z,32.4635,-115.61733333333332,15.65,3.0,,,SCEDC,,B,52,0.21,SCSN,63,63,-1,63,skipped_resume,True,2010,95,data/scedc/event_phases/2010/2010_095/14614228.phase
10179190,scedc:10179190,2010-04-05T17:33:43.370000Z,32.04966666666667,-114.98933333333332,9.97,3.2,,,SCEDC,,D,10,0.4,SCSN,32,32,-1,32,skipped_resume,True,2010,95,data/scedc/event_phases/2010/2010_095/10179190.phase
14614300,scedc:14614300,2010-04-05T17:42:44.240000Z,32.623,-115.76066666666668,2.21,3.4,,,SCEDC,,A,73,0.21,SCSN,68,69,-1,69,skipped_resume,True,2010,95,data/scedc/event_phases/2010/2010_095/14614300.phase
10179434,scedc:10179434,2010-04-05T18:03:59.300000Z,32.55733333333333,-115.78666666666666,3.14,3.3,,,SCEDC,,A,23,0.22,SCSN,71,72,-1,72,skipped_resume,True,2010,95,data/scedc/event_phases/2010/2010_095/10179434.phase
10179470,scedc:10179470,2010-04-05T18:12:32.650000Z,32.136833333333335,-115.29683333333334,9.96,3.1,,,SCEDC,,C,13,0.21,SCSN,39,40,-1,40,skipped_resume,True,2010,95,data/scedc/event_phases/2010/2010_095/10179470.phase
10179550,scedc:10179550,2010-04-05T18:15:18.440000Z,32.6275,-115.7875,0.0,3.4,,,SCEDC,,A,53,0.26,SCSN,78,78,-1,78,skipped_resume,True,2010,95,data/scedc/event_phases/2010/2010_095/10179550.phase
10180310,scedc:10180310,2010-04-05T18:17:10.640000Z,32.17483333333333,-115.0765,9.92,3.2,,,SCEDC,,C,10,0.39,SCSN,36,37,-1,37,skipped_resume,True,2010,95,data/scedc/event_phases/2010/2010_095/10180310.phase
10179610,scedc:10179610,2010-04-05T18:21:38.470000Z,32.26016666666666,-115.50316666666669,9.88,3.1,,,SCEDC,,D,16,0.42,SCSN,44,45,-1,45,skipped_resume,True,2010,95,data/scedc/event_phases/2010/2010_095/10179610.phase
14614500,scedc:14614500,2010-04-05T18:26:13.470000Z,32.65133333333333,-115.83716666666666,9.2,3.0,,,SCEDC,,A,60,0.27,SCSN,81,82,-1,82,skipped_resume,True,2010,95,data/scedc/event_phases/2010/2010_095/14614500.phase
14614580,scedc:14614580,2010-04-05T18:47:11.590000Z,32.66,-115.81216666666668,1.3,3.6,,,SCEDC,,A,54,0.24,SCSN,81,81,-1,81,skipped_resume,True,2010,95,data/scedc/event_phases/2010/2010_095/14614580.phase
14614668,scedc:14614668,2010-04-05T19:06:30.040000Z,32.6305,-115.75266666666668,2.45,3.1,,,SCEDC,,A,82,0.22,SCSN,75,75,-1,75,skipped_resume,True,2010,95,data/scedc/event_phases/2010/2010_095/14614668.phase
10180090,scedc:10180090,2010-04-05T19:07:14.470000Z,32.032666666666664,-115.09333333333332,9.97,3.0,,,SCEDC,,C,15,0.16,SCSN,30,31,-1,31,skipped_resume,True,2010,95,data/scedc/event_phases/2010/2010_095/10180090.phase
14614684,scedc:14614684,2010-04-05T19:10:08.600000Z,32.67733333333334,-115.8155,0.96,3.1,,,SCEDC,,A,81,0.26,SCSN,79,80,-1,80,skipped_resume,True,2010,95,data/scedc/event_phases/2010/2010_095/14614684.phase
10180190,scedc:10180190,2010-04-05T19:10:34.800000Z,32.40233333333333,-115.59016666666666,3.76,3.0,,,SCEDC,,C,15,0.21,SCSN,59,59,-1,59,skipped_resume,True,2010,95,data/scedc/event_phases/2010/2010_095/10180190.phase
14614692,scedc:14614692,2010-04-05T19:12:59.580000Z,32.272166666666664,-115.35933333333334,10.96,3.2,,,SCEDC,,C,32,0.33,SCSN,44,44,-1,44,skipped_resume,True,2010,95,data/scedc/event_phases/2010/2010_095/14614692.phase
14614708,scedc:14614708,2010-04-05T19:14:32.610000Z,32.194833333333335,-115.26616666666666,9.99,3.2,,,SCEDC,,C,21,0.19,SCSN,41,42,-1,42,skipped_resume,True,2010,95,data/scedc/event_phases/2010/2010_095/14614708.phase
14614700,scedc:14614700,2010-04-05T19:16:33.440000Z,32.399,-115.55166666666666,14.31,3.7,,,SCEDC,,B,61,0.3,SCSN,56,57,-1,57,skipped_resume,True,2010,95,data/scedc/event_phases/2010/2010_095/14614700.phase
10180270,scedc:10180270,2010-04-05T19:17:25.940000Z,32.14216666666667,-115.224,7.01,3.8,,,SCEDC,,C,17,0.09,SCSN,39,40,-1,40,skipped_resume,True,2010,95,data/scedc/event_phases/2010/2010_095/10180270.phase
14614772,scedc:14614772,2010-04-05T19:30:45.350000Z,32.06166666666667,-114.9765,9.99,3.5,,,SCEDC,,D,18,0.2,SCSN,32,32,-1,32,skipped_resume,True,2010,95,data/scedc/event_phases/2010/2010_095/14614772.phase
14614796,scedc:14614796,2010-04-05T19:42:36.450000Z,32.65833333333333,-115.82266666666666,2.33,3.3,,,SCEDC,,A,53,0.2,SCSN,79,80,-1,80,skipped_resume,True,2010,95,data/scedc/event_phases/2010/2010_095/14614796.phase
14614924,scedc:14614924,2010-04-05T20:09:41.660000Z,32.284,-115.35633333333334,9.99,3.0,,,SCEDC,,C,26,0.22,SCSN,43,44,-1,44,skipped_resume,True,2010,95,data/scedc/event_phases/2010/2010_095/14614924.phase
14614940,scedc:14614940,2010-04-05T20:12:17.910000Z,32.300666666666665,-115.337,9.99,3.1,,,SCEDC,,C,33,0.32,SCSN,43,43,-1,43,skipped_resume,True,2010,95,data/scedc/event_phases/2010/2010_095/14614940.phase
14614948,scedc:14614948,2010-04-05T20:16:26.060000Z,32.18833333333333,-115.3185,9.99,3.0,,,SCEDC,,C,25,0.24,SCSN,41,42,-1,42,skipped_resume,True,2010,95,data/scedc/event_phases/2010/2010_095/14614948.phase
14615044,scedc:14615044,2010-04-05T20:28:31.930000Z,32.172,-115.1955,9.97,3.1,,,SCEDC,,C,16,0.18,SCSN,40,40,-1,40,skipped_resume,True,2010,95,data/scedc/event_phases/2010/2010_095/14615044.phase
10181150,scedc:10181150,2010-04-05T20:36:22.520000Z,32.084666666666664,-115.10266666666666,9.98,3.3,,,SCEDC,,C,15,0.16,SCSN,33,33,-1,33,skipped_resume,True,2010,95,data/scedc/event_phases/2010/2010_095/10181150.phase
14615084,scedc:14615084,2010-04-05T20:38:59.470000Z,32.26283333333333,-115.33716666666666,10.01,3.8,,,SCEDC,,C,13,0.19,SCSN,43,43,-1,43,skipped_resume,True,2010,95,data/scedc/event_phases/2010/2010_095/14615084.phase
10181190,scedc:10181190,2010-04-05T20:39:29.280000Z,32.30583333333333,-115.3435,9.99,3.8,,,SCEDC,,C,18,0.22,SCSN,44,44,-1,44,skipped_resume,True,2010,95,data/scedc/event_phases/2010/2010_095/10181190.phase
14615180,scedc:14615180,2010-04-05T20:56:02.190000Z,32.13783333333333,-115.13733333333332,9.97,3.8,,,SCEDC,,C,22,0.22,SCSN,37,37,-1,37,skipped_resume,True,2010,95,data/scedc/event_phases/2010/2010_095/14615180.phase
10181410,scedc:10181410,2010-04-05T21:01:33.270000Z,32.13883333333333,-115.15466666666669,9.96,3.3,,,SCEDC,,C,8,0.17,SCSN,37,37,-1,37,skipped_resume,True,2010,95,data/scedc/event_phases/2010/2010_095/10181410.phase
14615212,scedc:14615212,2010-04-05T21:04:36.440000Z,32.67816666666667,-115.85883333333334,2.02,3.7,,,SCEDC,,A,97,0.23,SCSN,81,82,-1,82,skipped_resume,True,2010,95,data/scedc/event_phases/2010/2010_095/14615212.phase
10181510,scedc:10181510,2010-04-05T21:06:50.220000Z,32.681333333333335,-115.863,0.51,3.3,,,SCEDC,,A,38,0.24,SCSN,80,80,-1,80,skipped_resume,True,2010,95,data/scedc/event_phases/2010/2010_095/10181510.phase
14615252,scedc:14615252,2010-04-05T21:07:50.420000Z,32.684333333333335,-115.85883333333334,1.45,3.5,,,SCEDC,,A,76,0.22,SCSN,81,81,-1,81,skipped_resume,True,2010,95,data/scedc/event_phases/2010/2010_095/14615252.phase
10181530,scedc:10181530,2010-04-05T21:08:15.070000Z,32.15866666666667,-115.22683333333332,9.99,3.9,,,SCEDC,,C,20,0.25,SCSN,39,39,-1,39,skipped_resume,True,2010,95,data/scedc/event_phases/2010/2010_095/10181530.phase
10181610,scedc:10181610,2010-04-05T21:15:31.290000Z,32.375,-115.55766666666666,6.98,3.0,,,SCEDC,,C,24,0.39,SCSN,52,52,-1,52,skipped_resume,True,2010,95,data/scedc/event_phases/2010/2010_095/10181610.phase
14615284,scedc:14615284,2010-04-05T21:16:36.770000Z,32.12316666666667,-115.29233333333332,9.99,3.5,,,SCEDC,,C,23,0.2,SCSN,38,38,-1,38,skipped_resume,True,2010,95,data/scedc/event_phases/2010/2010_095/14615284.phase
14615276,scedc:14615276,2010-04-05T21:18:11.690000Z,32.6875,-115.86116666666666,0.84,3.1,,,SCEDC,,A,62,0.2,SCSN,82,82,-1,82,skipped_resume,True,2010,95,data/scedc/event_phases/2010/2010_095/14615276.phase
10181730,scedc:10181730,2010-04-05T21:29:34.890000Z,32.096333333333334,-115.1425,9.97,3.6,,,SCEDC,,C,10,0.18,SCSN,35,35,-1,35,skipped_resume,True,2010,95,data/scedc/event_phases/2010/2010_095/10181730.phase
14615332,scedc:14615332,2010-04-05T21:31:35.760000Z,32.682,-115.86033333333332,1.06,3.1,,,SCEDC,,A,65,0.24,SCSN,81,81,-1,81,skipped_resume,True,2010,95,data/scedc/event_phases/2010/2010_095/14615332.phase
14615356,scedc:14615356,2010-04-05T21:41:02.410000Z,32.72383333333333,-115.89283333333331,0.66,3.0,,,SCEDC,,A,46,0.2,SCSN,87,87,-1,87,skipped_resume,True,2010,95,data/scedc/event_phases/2010/2010_095/14615356.phase
14615372,scedc:14615372,2010-04-05T21:43:43.930000Z,32.634,-115.746,2.92,3.4,,,SCEDC,,A,76,0.17,SCSN,73,75,-1,75,skipped_resume,True,2010,95,data/scedc/event_phases/2010/2010_095/14615372.phase
14615404,scedc:14615404,2010-04-05T21:51:05.870000Z,32.722166666666666,-115.89116666666666,0.89,3.0,,,SCEDC,,A,43,0.19,SCSN,87,87,-1,87,skipped_resume,True,2010,95,data/scedc/event_phases/2010/2010_095/14615404.phase
14615460,scedc:14615460,2010-04-05T22:05:23.670000Z,32.342666666666666,-115.39,14.99,3.5,,,SCEDC,,C,14,0.14,SCSN,43,44,-1,44,skipped_resume,True,2010,95,data/scedc/event_phases/2010/2010_095/14615460.phase
10182170,scedc:10182170,2010-04-05T22:06:07.200000Z,32.2665,-115.47083333333332,9.95,3.3,,,SCEDC,,C,9,0.03,SCSN,45,45,-1,45,skipped_resume,True,2010,95,data/scedc/event_phases/2010/2010_095/10182170.phase
14615468,scedc:14615468,2010-04-05T22:07:32.060000Z,32.113,-115.20433333333334,9.98,3.9,,,SCEDC,,C,10,0.02,SCSN,37,38,-1,38,skipped_resume,True,2010,95,data/scedc/event_phases/2010/2010_095/14615468.phase
14615484,scedc:14615484,2010-04-05T22:14:47.840000Z,32.17516666666667,-115.23516666666669,9.94,3.0,,,SCEDC,,C,7,0.13,SCSN,39,39,-1,39,skipped_resume,True,2010,95,data/scedc/event_phases/2010/2010_095/14615484.phase
14615596,scedc:14615596,2010-04-05T22:41:31.050000Z,32.60966666666667,-115.77166666666666,3.38,3.1,,,SCEDC,,B,33,0.27,SCSN,72,72,-1,72,skipped_resume,True,2010,95,data/scedc/event_phases/2010/2010_095/14615596.phase
10182550,scedc:10182550,2010-04-05T22:42:58.160000Z,32.1635,-115.3315,9.99,3.1,,,SCEDC,,C,13,0.26,SCSN,41,42,-1,42,skipped_resume,True,2010,95,data/scedc/event_phases/2010/2010_095/10182550.phase
10182570,scedc:10182570,2010-04-05T22:43:21.680000Z,32.2125,-115.268,9.99,3.8,,,SCEDC,,C,16,0.2,SCSN,41,42,-1,42,skipped_resume,True,2010,95,data/scedc/event_phases/2010/2010_095/10182570.phase
14615620,scedc:14615620,2010-04-05T22:50:43.240000Z,32.20433333333333,-115.32916666666668,9.99,3.0,,,SCEDC,,C,21,0.24,SCSN,40,40,-1,40,skipped_resume,True,2010,95,data/scedc/event_phases/2010/2010_095/14615620.phase
14615636,scedc:14615636,2010-04-05T22:54:39.970000Z,32.544666666666664,-115.70116666666668,5.74,3.3,,,SCEDC,,C,34,0.24,SCSN,66,68,-1,68,skipped_resume,True,2010,95,data/scedc/event_phases/2010/2010_095/14615636.phase
14615652,scedc:14615652,2010-04-05T23:02:30.540000Z,32.647666666666666,-115.76316666666666,9.97,3.6,,,SCEDC,,C,48,0.32,SCSN,75,76,-1,76,skipped_resume,True,2010,95,data/scedc/event_phases/2010/2010_095/14615652.phase
14615668,scedc:14615668,2010-04-05T23:06:30.730000Z,32.115,-115.32516666666666,9.99,3.8,,,SCEDC,,C,20,0.14,SCSN,39,40,-1,40,skipped_resume,True,2010,95,data/scedc/event_phases/2010/2010_095/14615668.phase
14615676,scedc:14615676,2010-04-05T23:09:39.900000Z,32.64333333333333,-115.7685,4.56,3.4,,,SCEDC,,A,36,0.24,SCSN,75,77,-1,77,skipped_resume,True,2010,95,data/scedc/event_phases/2010/2010_095/14615676.phase
14615724,scedc:14615724,2010-04-05T23:18:56.400000Z,32.14116666666666,-115.16833333333334,9.97,3.1,,,SCEDC,,C,15,0.23,SCSN,38,38,-1,38,skipped_resume,True,2010,95,data/scedc/event_phases/2010/2010_095/14615724.phase
14615748,scedc:14615748,2010-04-05T23:28:33.240000Z,32.102333333333334,-115.1845,9.99,3.8,,,SCEDC,,C,12,0.21,SCSN,37,37,-1,37,skipped_resume,True,2010,95,data/scedc/event_phases/2010/2010_095/14615748.phase
14615756,scedc:14615756,2010-04-05T23:32:27.130000Z,32.614333333333335,-115.782,2.41,3.2,,,SCEDC,,A,39,0.2,SCSN,74,75,-1,75,skipped_resume,True,2010,95,data/scedc/event_phases/2010/2010_095/14615756.phase
14615788,scedc:14615788,2010-04-05T23:39:30.680000Z,32.28216666666667,-115.41066666666669,9.97,3.7,,,SCEDC,,C,17,0.25,SCSN,43,44,-1,44,skipped_resume,True,2010,95,data/scedc/event_phases/2010/2010_095/14615788.phase
10183050,scedc:10183050,2010-04-05T23:41:09.190000Z,32.14566666666666,-115.296,9.99,3.0,,,SCEDC,,C,12,0.19,SCSN,39,39,-1,39,skipped_resume,True,2010,95,data/scedc/event_phases/2010/2010_095/10183050.phase
10183090,scedc:10183090,2010-04-05T23:41:37.920000Z,32.07083333333333,-115.07666666666668,9.95,3.1,,,SCEDC,,C,10,0.23,SCSN,31,31,-1,31,skipped_resume,True,2010,95,data/scedc/event_phases/2010/2010_095/10183090.phase
14615796,scedc:14615796,2010-04-05T23:42:30.660000Z,32.589166666666664,-115.76716666666668,2.52,3.1,,,SCEDC,,A,44,0.2,SCSN,71,71,-1,71,skipped_resume,True,2010,95,data/scedc/event_phases/2010/2010_095/14615796.phase
14615932,scedc:14615932,2010-04-05T23:59:24.680000Z,32.2485,-115.37116666666668,9.96,3.1,,,SCEDC,,C,9,0.18,SCSN,42,42,-1,42,skipped_resume,True,2010,95,data/scedc/event_phases/2010/2010_095/14615932.phase
14615972,scedc:14615972,2010-04-06T00:05:19.080000Z,32.16016666666667,-115.2365,9.99,3.1,,,SCEDC,,C,12,0.24,SCSN,39,39,-1,39,skipped_resume,True,2010,96,data/scedc/event_phases/2010/2010_096/14615972.phase
14616012,scedc:14616012,2010-04-06T00:16:55.460000Z,32.60466666666667,-115.77766666666666,4.49,3.4,,,SCEDC,,A,48,0.19,SCSN,71,72,-1,72,skipped_resume,True,2010,96,data/scedc/event_phases/2010/2010_096/14616012.phase
14616028,scedc:14616028,2010-04-06T00:19:05.070000Z,32.5935,-115.726,3.98,3.0,,,SCEDC,,A,44,0.21,SCSN,66,66,-1,66,skipped_resume,True,2010,96,data/scedc/event_phases/2010/2010_096/14616028.phase
14616076,scedc:14616076,2010-04-06T00:28:55.330000Z,32.18983333333333,-115.20266666666669,9.98,3.1,,,SCEDC,,C,14,0.25,SCSN,37,37,-1,37,skipped_resume,True,2010,96,data/scedc/event_phases/2010/2010_096/14616076.phase
14616148,scedc:14616148,2010-04-06T00:40:24.170000Z,32.14366666666667,-115.265,9.99,3.8,,,SCEDC,,C,14,0.23,SCSN,39,39,-1,39,skipped_resume,True,2010,96,data/scedc/event_phases/2010/2010_096/14616148.phase
14616140,scedc:14616140,2010-04-06T00:41:37.870000Z,32.5915,-115.756,4.35,3.3,,,SCEDC,,A,40,0.18,SCSN,67,67,-1,67,skipped_resume,True,2010,96,data/scedc/event_phases/2010/2010_096/14616140.phase
14616164,scedc:14616164,2010-04-06T00:46:40.560000Z,32.0145,-114.983,9.97,3.2,,,SCEDC,,C,8,0.11,SCSN,30,30,-1,30,skipped_resume,True,2010,96,data/scedc/event_phases/2010/2010_096/14616164.phase
14616196,scedc:14616196,2010-04-06T00:51:19.920000Z,32.61516666666667,-115.79666666666668,2.27,3.7,,,SCEDC,,A,44,0.2,SCSN,70,70,-1,70,skipped_resume,True,2010,96,data/scedc/event_phases/2010/2010_096/14616196.phase
14616204,scedc:14616204,2010-04-06T00:53:53.530000Z,32.5755,-115.78416666666666,1.48,3.8,,,SCEDC,,A,45,0.26,SCSN,69,71,-1,71,skipped_resume,True,2010,96,data/scedc/event_phases/2010/2010_096/14616204.phase
14616212,scedc:14616212,2010-04-06T00:56:40.710000Z,32.09133333333333,-115.21933333333334,9.99,4.1,,,SCEDC,,C,15,0.1,SCSN,36,38,-1,38,skipped_resume,True,2010,96,data/scedc/event_phases/2010/2010_096/14616212.phase
14616220,scedc:14616220,2010-04-06T00:59:10.570000Z,32.25783333333333,-115.36183333333334,9.99,3.3,,,SCEDC,,C,18,0.22,SCSN,42,42,-1,42,skipped_resume,True,2010,96,data/scedc/event_phases/2010/2010_096/14616220.phase
14616244,scedc:14616244,2010-04-06T01:00:50.930000Z,32.1675,-115.2015,9.99,3.5,,,SCEDC,,C,16,0.22,SCSN,38,39,-1,39,skipped_resume,True,2010,96,data/scedc/event_phases/2010/2010_096/14616244.phase
10184250,scedc:10184250,2010-04-06T01:02:38.440000Z,32.159666666666666,-115.06833333333331,9.97,3.5,,,SCEDC,,D,10,0.19,SCSN,35,36,-1,36,skipped_resume,True,2010,96,data/scedc/event_phases/2010/2010_096/10184250.phase
14616252,scedc:14616252,2010-04-06T01:04:00.680000Z,32.570166666666665,-115.72933333333332,4.23,3.0,,,SCEDC,,A,44,0.23,SCSN,66,68,-1,68,skipped_resume,True,2010,96,data/scedc/event_phases/2010/2010_096/14616252.phase
30605759,scedc:30605759,2010-04-06T01:04:35.540000Z,32.6405,-115.807,0.37,4.0,,,SCEDC,,A,52,0.21,SCSN,73,74,-1,74,skipped_resume,True,2010,96,data/scedc/event_phases/2010/2010_096/30605759.phase
14616308,scedc:14616308,2010-04-06T01:08:13.770000Z,32.115,-115.0395,9.97,3.6,,,SCEDC,,C,16,0.3,SCSN,32,32,-1,32,skipped_resume,True,2010,96,data/scedc/event_phases/2010/2010_096/14616308.phase
14616332,scedc:14616332,2010-04-06T01:15:14.250000Z,32.208666666666666,-115.33516666666668,9.99,3.4,,,SCEDC,,C,19,0.16,SCSN,40,42,-1,42,skipped_resume,True,2010,96,data/scedc/event_phases/2010/2010_096/14616332.phase
10184470,scedc:10184470,2010-04-06T01:22:26.820000Z,32.048833333333334,-115.075,9.96,3.0,,,SCEDC,,C,9,0.25,SCSN,30,31,-1,31,skipped_resume,True,2010,96,data/scedc/event_phases/2010/2010_096/10184470.phase
14616380,scedc:14616380,2010-04-06T01:23:00.820000Z,32.21516666666667,-115.0715,9.99,4.5,,,SCEDC,,C,8,0.4,SCSN,36,37,-1,37,skipped_resume,True,2010,96,data/scedc/event_phases/2010/2010_096/14616380.phase
10184490,scedc:10184490,2010-04-06T01:25:15.800000Z,32.424,-115.4695,6.86,3.0,,,SCEDC,,C,10,0.35,SCSN,49,50,-1,50,skipped_resume,True,2010,96,data/scedc/event_phases/2010/2010_096/10184490.phase
10184494,scedc:10184494,2010-04-06T01:26:57.070000Z,32.138,-115.0885,9.97,3.6,,,SCEDC,,C,9,0.23,SCSN,35,36,-1,36,skipped_resume,True,2010,96,data/scedc/event_phases/2010/2010_096/10184494.phase
14616388,scedc:14616388,2010-04-06T01:28:46.770000Z,32.66,-115.74466666666666,6.08,3.0,,,SCEDC,,A,42,0.19,SCSN,77,77,-1,77,skipped_resume,True,2010,96,data/scedc/event_phases/2010/2010_096/14616388.phase
14616396,scedc:14616396,2010-04-06T01:34:02.320000Z,32.10666666666667,-115.25983333333332,9.99,3.0,,,SCEDC,,C,15,0.15,SCSN,37,38,-1,38,skipped_resume,True,2010,96,data/scedc/event_phases/2010/2010_096/14616396.phase
14616428,scedc:14616428,2010-04-06T01:46:24.580000Z,32.29716666666667,-115.32716666666668,9.99,3.2,,,SCEDC,,C,20,0.2,SCSN,41,43,-1,43,skipped_resume,True,2010,96,data/scedc/event_phases/2010/2010_096/14616428.phase
14616444,scedc:14616444,2010-04-06T01:48:18.110000Z,32.1395,-115.32116666666668,9.99,3.2,,,SCEDC,,C,11,0.16,SCSN,38,39,-1,39,skipped_resume,True,2010,96,data/scedc/event_phases/2010/2010_096/14616444.phase
14616476,scedc:14616476,2010-04-06T01:57:00.420000Z,32.14116666666666,-115.31033333333332,9.99,3.8,,,SCEDC,,C,18,0.19,SCSN,38,39,-1,39,skipped_resume,True,2010,96,data/scedc/event_phases/2010/2010_096/14616476.phase
14616484,scedc:14616484,2010-04-06T01:58:14.550000Z,32.278666666666666,-115.35133333333332,9.99,4.5,,,SCEDC,,C,18,0.23,SCSN,42,44,-1,44,skipped_resume,True,2010,96,data/scedc/event_phases/2010/2010_096/14616484.phase
14616500,scedc:14616500,2010-04-06T02:02:04.480000Z,32.30616666666667,-115.3165,9.99,3.3,,,SCEDC,,C,25,0.39,SCSN,42,42,-1,42,skipped_resume,True,2010,96,data/scedc/event_phases/2010/2010_096/14616500.phase
14616524,scedc:14616524,2010-04-06T02:08:07.300000Z,32.095666666666666,-115.21,9.99,3.4,,,SCEDC,,C,10,0.09,SCSN,36,37,-1,37,skipped_resume,True,2010,96,data/scedc/event_phases/2010/2010_096/14616524.phase
30725759,scedc:30725759,2010-04-06T02:08:49.440000Z,32.12433333333333,-115.20766666666668,9.99,3.5,,,SCEDC,,C,16,0.1,SCSN,38,39,-1,39,skipped_resume,True,2010,96,data/scedc/event_phases/2010/2010_096/30725759.phase
14616612,scedc:14616612,2010-04-06T02:29:08.260000Z,32.675333333333334,-115.814,6.69,3.5,,,SCEDC,,A,48,0.23,SCSN,76,78,-1,78,skipped_resume,True,2010,96,data/scedc/event_phases/2010/2010_096/14616612.phase
10185350,scedc:10185350,2010-04-06T02:30:35.100000Z,32.19283333333333,-115.26483333333331,9.99,3.1,,,SCEDC,,C,8,0.28,SCSN,42,42,-1,42,skipped_resume,True,2010,96,data/scedc/event_phases/2010/2010_096/10185350.phase
14616660,scedc:14616660,2010-04-06T02:39:09.650000Z,32.658833333333334,-115.836,9.97,3.0,,,SCEDC,,C,34,0.22,SCSN,78,78,-1,78,skipped_resume,True,2010,96,data/scedc/event_phases/2010/2010_096/14616660.phase
10185490,scedc:10185490,2010-04-06T02:44:39.570000Z,32.05266666666667,-115.047,9.96,3.3,,,SCEDC,,C,9,0.25,SCSN,32,32,-1,32,skipped_resume,True,2010,96,data/scedc/event_phases/2010/2010_096/10185490.phase
14616764,scedc:14616764,2010-04-06T03:09:53.100000Z,32.3115,-115.37966666666668,9.99,3.1,,,SCEDC,,C,24,0.33,SCSN,43,44,-1,44,skipped_resume,True,2010,96,data/scedc/event_phases/2010/2010_096/14616764.phase
30877767,scedc:30877767,2010-04-06T03:13:46.500000Z,32.617,-115.851,3.72,3.0,,,SCEDC,,A,41,0.2,SCSN,77,77,-1,77,skipped_resume,True,2010,96,data/scedc/event_phases/2010/2010_096/30877767.phase
14616852,scedc:14616852,2010-04-06T03:20:18.170000Z,32.231,-115.347,9.96,3.3,,,SCEDC,,D,11,0.2,SCSN,42,42,-1,42,skipped_resume,True,2010,96,data/scedc/event_phases/2010/2010_096/14616852.phase
14616868,scedc:14616868,2010-04-06T03:26:53.390000Z,32.211,-115.04733333333331,9.97,3.4,,,SCEDC,,C,11,0.26,SCSN,36,36,-1,36,skipped_resume,True,2010,96,data/scedc/event_phases/2010/2010_096/14616868.phase
14616948,scedc:14616948,2010-04-06T03:38:08.920000Z,32.29866666666667,-115.39133333333334,9.96,3.2,,,SCEDC,,C,17,0.28,SCSN,42,43,-1,43,skipped_resume,True,2010,96,data/scedc/event_phases/2010/2010_096/14616948.phase
10186390,scedc:10186390,2010-04-06T03:52:11.700000Z,32.25233333333333,-115.33233333333334,9.98,3.6,,,SCEDC,,C,14,0.31,SCSN,42,43,-1,43,skipped_resume,True,2010,96,data/scedc/event_phases/2010/2010_096/10186390.phase
14617004,scedc:14617004,2010-04-06T03:52:18.590000Z,32.66716666666667,-115.801,4.91,3.0,,,SCEDC,,A,29,0.19,SCSN,79,80,-1,80,skipped_resume,True,2010,96,data/scedc/event_phases/2010/2010_096/14617004.phase
10187990,scedc:10187990,2010-04-06T04:09:18.420000Z,32.07233333333333,-115.18716666666668,9.99,3.6,,,SCEDC,,C,10,0.18,SCSN,35,36,-1,36,skipped_resume,True,2010,96,data/scedc/event_phases/2010/2010_096/10187990.phase
14617100,scedc:14617100,2010-04-06T04:12:21.260000Z,32.593666666666664,-115.77383333333331,3.98,4.6,,,SCEDC,,A,54,0.23,SCSN,71,73,-1,73,skipped_resume,True,2010,96,data/scedc/event_phases/2010/2010_096/14617100.phase
14617116,scedc:14617116,2010-04-06T04:20:07.130000Z,32.59166666666667,-115.781,3.86,3.2,,,SCEDC,,A,48,0.24,SCSN,68,68,-1,68,skipped_resume,True,2010,96,data/scedc/event_phases/2010/2010_096/14617116.phase
10188870,scedc:10188870,2010-04-06T04:34:35.220000Z,32.063833333333335,-115.07383333333334,9.98,3.1,,,SCEDC,,C,8,0.19,SCSN,32,32,-1,32,skipped_resume,True,2010,96,data/scedc/event_phases/2010/2010_096/10188870.phase
14617308,scedc:14617308,2010-04-06T04:59:45.790000Z,32.17,-115.283,9.99,3.2,,,SCEDC,,C,20,0.25,SCSN,39,39,-1,39,skipped_resume,True,2010,96,data/scedc/event_phases/2010/2010_096/14617308.phase
14617396,scedc:14617396,2010-04-06T05:13:35.730000Z,32.596666666666664,-115.77883333333334,2.63,3.0,,,SCEDC,,A,40,0.26,SCSN,65,66,-1,66,skipped_resume,True,2010,96,data/scedc/event_phases/2010/2010_096/14617396.phase
10189730,scedc:10189730,2010-04-06T05:15:33.200000Z,32.02916666666667,-115.06883333333332,9.97,3.2,,,SCEDC,,D,6,0.33,SCSN,33,33,-1,33,skipped_resume,True,2010,96,data/scedc/event_phases/2010/2010_096/10189730.phase
14617404,scedc:14617404,2010-04-06T05:15:55.780000Z,32.42216666666667,-115.66333333333333,5.62,3.0,,,SCEDC,,C,20,0.35,SCSN,63,63,-1,63,skipped_resume,True,2010,96,data/scedc/event_phases/2010/2010_096/14617404.phase
14617412,scedc:14617412,2010-04-06T05:19:51.970000Z,32.650333333333336,-115.7975,4.71,3.1,,,SCEDC,,A,46,0.24,SCSN,79,79,-1,79,skipped_resume,True,2010,96,data/scedc/event_phases/2010/2010_096/14617412.phase
10189830,scedc:10189830,2010-04-06T05:20:41.120000Z,32.134166666666665,-115.2595,9.97,3.0,,,SCEDC,,C,15,0.15,SCSN,40,40,-1,40,skipped_resume,True,2010,96,data/scedc/event_phases/2010/2010_096/10189830.phase
14617716,scedc:14617716,2010-04-06T06:19:49.040000Z,32.6735,-115.7695,1.96,3.1,,,SCEDC,,A,45,0.23,SCSN,77,77,-1,77,skipped_resume,True,2010,96,data/scedc/event_phases/2010/2010_096/14617716.phase
10190550,scedc:10190550,2010-04-06T06:27:53.360000Z,32.2315,-115.32133333333331,2.06,3.6,,,SCEDC,,C,12,0.09,SCSN,42,42,-1,42,skipped_resume,True,2010,96,data/scedc/event_phases/2010/2010_096/10190550.phase
14617812,scedc:14617812,2010-04-06T06:38:51.550000Z,32.276666666666664,-115.3515,9.99,3.5,,,SCEDC,,C,21,0.22,SCSN,42,42,-1,42,skipped_resume,True,2010,96,data/scedc/event_phases/2010/2010_096/14617812.phase
14617820,scedc:14617820,2010-04-06T06:39:50.750000Z,32.3985,-115.4975,10.96,3.6,,,SCEDC,,C,22,0.18,SCSN,53,53,-1,53,skipped_resume,True,2010,96,data/scedc/event_phases/2010/2010_096/14617820.phase
14617876,scedc:14617876,2010-04-06T06:53:10.390000Z,32.20766666666667,-115.33166666666666,9.99,3.5,,,SCEDC,,C,17,0.16,SCSN,42,42,-1,42,skipped_resume,True,2010,96,data/scedc/event_phases/2010/2010_096/14617876.phase
10191330,scedc:10191330,2010-04-06T06:53:33.830000Z,32.669,-115.8515,6.99,3.0,,,SCEDC,,C,19,0.23,SCSN,81,81,-1,81,skipped_resume,True,2010,96,data/scedc/event_phases/2010/2010_096/10191330.phase
10191390,scedc:10191390,2010-04-06T06:54:35.450000Z,32.12283333333333,-115.161,9.97,3.3,,,SCEDC,,C,18,0.21,SCSN,37,37,-1,37,skipped_resume,True,2010,96,data/scedc/event_phases/2010/2010_096/10191390.phase
14617900,scedc:14617900,2010-04-06T07:01:05.370000Z,32.266333333333336,-115.381,9.99,3.1,,,SCEDC,,C,19,0.21,SCSN,44,44,-1,44,skipped_resume,True,2010,96,data/scedc/event_phases/2010/2010_096/14617900.phase
14617964,scedc:14617964,2010-04-06T07:19:29.120000Z,32.623666666666665,-115.74866666666668,1.93,3.3,,,SCEDC,,A,45,0.23,SCSN,72,72,-1,72,skipped_resume,True,2010,96,data/scedc/event_phases/2010/2010_096/14617964.phase
14617996,scedc:14617996,2010-04-06T07:23:02.170000Z,32.708,-115.87316666666666,4.36,3.7,,,SCEDC,,A,67,0.3,SCSN,83,84,-1,84,skipped_resume,True,2010,96,data/scedc/event_phases/2010/2010_096/14617996.phase
14618004,scedc:14618004,2010-04-06T07:25:06.390000Z,32.706,-115.87616666666666,1.54,3.1,,,SCEDC,,A,22,0.18,SCSN,84,84,-1,84,skipped_resume,True,2010,96,data/scedc/event_phases/2010/2010_096/14618004.phase
10191694,scedc:10191694,2010-04-06T07:25:41.930000Z,32.109,-115.18383333333334,9.97,3.4,,,SCEDC,,C,11,0.12,SCSN,36,36,-1,36,skipped_resume,True,2010,96,data/scedc/event_phases/2010/2010_096/10191694.phase
14618140,scedc:14618140,2010-04-06T07:47:59.150000Z,32.07066666666667,-115.084,9.99,3.6,,,SCEDC,,C,8,0.22,SCSN,32,33,-1,33,skipped_resume,True,2010,96,data/scedc/event_phases/2010/2010_096/14618140.phase
14618180,scedc:14618180,2010-04-06T07:56:51.890000Z,32.63433333333333,-115.73883333333332,3.73,3.8,,,SCEDC,,A,42,0.17,SCSN,69,70,-1,70,skipped_resume,True,2010,96,data/scedc/event_phases/2010/2010_096/14618180.phase
14618252,scedc:14618252,2010-04-06T08:19:43.800000Z,32.574,-115.688,6.05,3.1,,,SCEDC,,B,26,0.16,SCSN,69,69,-1,69,skipped_resume,True,2010,96,data/scedc/event_phases/2010/2010_096/14618252.phase
14618284,scedc:14618284,2010-04-06T08:25:06.840000Z,32.11,-115.16333333333333,9.97,3.6,,,SCEDC,,C,15,0.19,SCSN,36,36,-1,36,skipped_resume,True,2010,96,data/scedc/event_phases/2010/2010_096/14618284.phase
14618300,scedc:14618300,2010-04-06T08:27:12.450000Z,32.70333333333333,-115.84766666666668,1.7,3.1,,,SCEDC,,A,43,0.24,SCSN,81,82,-1,82,skipped_resume,True,2010,96,data/scedc/event_phases/2010/2010_096/14618300.phase
14618308,scedc:14618308,2010-04-06T08:27:30.360000Z,32.6955,-115.855,1.04,3.8,,,SCEDC,,A,40,0.23,SCSN,78,79,-1,79,skipped_resume,True,2010,96,data/scedc/event_phases/2010/2010_096/14618308.phase
10192030,scedc:10192030,2010-04-06T08:28:43.030000Z,32.68083333333333,-115.7885,1.25,3.0,,,SCEDC,,A,25,0.2,SCSN,77,77,-1,77,skipped_resume,True,2010,96,data/scedc/event_phases/2010/2010_096/10192030.phase
14618428,scedc:14618428,2010-04-06T08:52:55.120000Z,32.6345,-115.73733333333334,7.98,3.3,,,SCEDC,,A,38,0.2,SCSN,74,75,-1,75,skipped_resume,True,2010,96,data/scedc/event_phases/2010/2010_096/14618428.phase
14618468,scedc:14618468,2010-04-06T08:58:51.600000Z,32.672333333333334,-115.86466666666666,6.18,3.0,,,SCEDC,,B,53,0.24,SCSN,81,81,-1,81,skipped_resume,True,2010,96,data/scedc/event_phases/2010/2010_096/14618468.phase
14618492,scedc:14618492,2010-04-06T09:03:46.330000Z,32.21783333333333,-115.36633333333332,9.99,3.8,,,SCEDC,,C,20,0.21,SCSN,37,37,-1,37,skipped_resume,True,2010,96,data/scedc/event_phases/2010/2010_096/14618492.phase
14618556,scedc:14618556,2010-04-06T09:22:22.500000Z,32.358333333333334,-115.5,14.97,3.2,,,SCEDC,,C,38,0.26,SCSN,50,50,-1,50,skipped_resume,True,2010,96,data/scedc/event_phases/2010/2010_096/14618556.phase
14618588,scedc:14618588,2010-04-06T09:28:36.880000Z,32.618833333333335,-115.785,2.06,3.1,,,SCEDC,,B,42,0.23,SCSN,71,71,-1,71,skipped_resume,True,2010,96,data/scedc/event_phases/2010/2010_096/14618588.phase
14618596,scedc:14618596,2010-04-06T09:29:12.940000Z,32.676,-115.7875,4.59,3.4,,,SCEDC,,A,42,0.23,SCSN,76,76,-1,76,skipped_resume,True,2010,96,data/scedc/event_phases/2010/2010_096/14618596.phase
14618660,scedc:14618660,2010-04-06T09:41:05.160000Z,32.407,-115.381,9.99,3.6,,,SCEDC,,C,18,0.26,SCSN,48,48,-1,48,skipped_resume,True,2010,96,data/scedc/event_phases/2010/2010_096/14618660.phase
14618708,scedc:14618708,2010-04-06T09:51:13.500000Z,32.162,-115.29916666666666,9.99,3.0,,,SCEDC,,C,16,0.19,SCSN,38,38,-1,38,skipped_resume,True,2010,96,data/scedc/event_phases/2010/2010_096/14618708.phase
14618772,scedc:14618772,2010-04-06T10:06:37.750000Z,32.665166666666664,-115.81066666666666,1.73,4.5,,,SCEDC,,A,56,0.23,SCSN,79,81,-1,81,skipped_resume,True,2010,96,data/scedc/event_phases/2010/2010_096/14618772.phase
10192810,scedc:10192810,2010-04-06T10:09:05.620000Z,32.123,-115.1765,9.95,3.2,,,SCEDC,,C,9,0.12,SCSN,34,35,-1,35,skipped_resume,True,2010,96,data/scedc/event_phases/2010/2010_096/10192810.phase
14618804,scedc:14618804,2010-04-06T10:15:14.610000Z,32.25566666666667,-115.36833333333334,9.99,3.2,,,SCEDC,,C,19,0.19,SCSN,43,43,-1,43,skipped_resume,True,2010,96,data/scedc/event_phases/2010/2010_096/14618804.phase
14618948,scedc:14618948,2010-04-06T10:46:57.780000Z,32.38133333333333,-115.3295,17.99,3.2,,,SCEDC,,C,24,0.21,SCSN,42,43,-1,43,skipped_resume,True,2010,96,data/scedc/event_phases/2010/2010_096/14618948.phase
10193290,scedc:10193290,2010-04-06T10:52:45.260000Z,32.24033333333333,-115.32216666666666,10.0,3.1,,,SCEDC,,C,15,0.18,SCSN,42,42,-1,42,skipped_resume,True,2010,96,data/scedc/event_phases/2010/2010_096/10193290.phase
10193634,scedc:10193634,2010-04-06T10:56:31.480000Z,32.0045,-115.16633333333333,9.98,3.0,,,SCEDC,,C,10,0.28,SCSN,32,33,-1,33,skipped_resume,True,2010,96,data/scedc/event_phases/2010/2010_096/10193634.phase
14619076,scedc:14619076,2010-04-06T11:12:33.580000Z,32.0755,-115.12116666666668,9.97,4.0,,,SCEDC,,C,14,0.19,SCSN,31,31,-1,31,skipped_resume,True,2010,96,data/scedc/event_phases/2010/2010_096/14619076.phase
14619108,scedc:14619108,2010-04-06T11:23:42.920000Z,32.01233333333333,-115.12383333333334,9.97,3.0,,,SCEDC,,C,7,0.14,SCSN,33,33,-1,33,skipped_resume,True,2010,96,data/scedc/event_phases/2010/2010_096/14619108.phase
14619132,scedc:14619132,2010-04-06T11:33:21.330000Z,32.617333333333335,-115.78516666666668,6.32,3.1,,,SCEDC,,A,46,0.16,SCSN,74,74,-1,74,skipped_resume,True,2010,96,data/scedc/event_phases/2010/2010_096/14619132.phase
14619284,scedc:14619284,2010-04-06T12:06:01.230000Z,32.22383333333333,-115.28166666666668,9.99,3.0,,,SCEDC,,C,19,0.13,SCSN,42,42,-1,42,skipped_resume,True,2010,96,data/scedc/event_phases/2010/2010_096/14619284.phase
14619388,scedc:14619388,2010-04-06T12:26:53.040000Z,32.07266666666667,-115.0895,9.97,3.0,,,SCEDC,,C,7,0.18,SCSN,32,32,-1,32,skipped_resume,True,2010,96,data/scedc/event_phases/2010/2010_096/14619388.phase
14619500,scedc:14619500,2010-04-06T12:44:57.820000Z,32.314166666666665,-115.33183333333334,9.99,3.1,,,SCEDC,,C,17,0.22,SCSN,45,45,-1,45,skipped_resume,True,2010,96,data/scedc/event_phases/2010/2010_096/14619500.phase
14619516,scedc:14619516,2010-04-06T12:48:31.920000Z,32.08283333333333,-115.081,9.98,3.2,,,SCEDC,,C,8,0.28,SCSN,32,33,-1,33,skipped_resume,True,2010,96,data/scedc/event_phases/2010/2010_096/14619516.phase
14619508,scedc:14619508,2010-04-06T12:50:42.300000Z,32.2035,-115.299,9.99,3.1,,,SCEDC,,C,18,0.2,SCSN,41,42,-1,42,skipped_resume,True,2010,96,data/scedc/event_phases/2010/2010_096/14619508.phase
14619580,scedc:14619580,2010-04-06T13:01:32.670000Z,32.2005,-115.28516666666668,9.99,3.4,,,SCEDC,,D,15,0.22,SCSN,42,42,-1,42,skipped_resume,True,2010,96,data/scedc/event_phases/2010/2010_096/14619580.phase
14619668,scedc:14619668,2010-04-06T13:24:56.140000Z,32.62683333333333,-115.78466666666668,6.67,3.1,,,SCEDC,,A,42,0.21,SCSN,75,75,-1,75,skipped_resume,True,2010,96,data/scedc/event_phases/2010/2010_096/14619668.phase
14619692,scedc:14619692,2010-04-06T13:32:01.350000Z,32.265,-115.39983333333332,9.97,3.8,,,SCEDC,,C,23,0.31,SCSN,44,44,-1,44,skipped_resume,True,2010,96,data/scedc/event_phases/2010/2010_096/14619692.phase
14619764,scedc:14619764,2010-04-06T13:48:02.640000Z,32.19616666666667,-115.2915,9.99,3.1,,,SCEDC,,C,17,0.26,SCSN,39,39,-1,39,skipped_resume,True,2010,96,data/scedc/event_phases/2010/2010_096/14619764.phase
14619780,scedc:14619780,2010-04-06T13:51:51.030000Z,32.63883333333333,-115.758,1.11,3.1,,,SCEDC,,A,37,0.22,SCSN,74,74,-1,74,skipped_resume,True,2010,96,data/scedc/event_phases/2010/2010_096/14619780.phase
14619940,scedc:14619940,2010-04-06T14:27:23.390000Z,32.61066666666667,-115.78483333333334,3.94,3.2,,,SCEDC,,A,44,0.22,SCSN,74,74,-1,74,skipped_resume,True,2010,96,data/scedc/event_phases/2010/2010_096/14619940.phase
14620076,scedc:14620076,2010-04-06T14:58:38.010000Z,32.633833333333335,-115.77116666666667,2.45,3.5,,,SCEDC,,A,37,0.22,SCSN,75,76,-1,76,skipped_resume,True,2010,96,data/scedc/event_phases/2010/2010_096/14620076.phase
14620124,scedc:14620124,2010-04-06T15:13:19.980000Z,32.727666666666664,-115.88,14.62,3.9,,,SCEDC,,C,74,0.23,SCSN,86,86,-1,86,skipped_resume,True,2010,96,data/scedc/event_phases/2010/2010_096/14620124.phase
14620228,scedc:14620228,2010-04-06T15:35:11.390000Z,32.11483333333333,-115.1085,9.98,3.2,,,SCEDC,,C,14,0.23,SCSN,35,35,-1,35,skipped_resume,True,2010,96,data/scedc/event_phases/2010/2010_096/14620228.phase
10195754,scedc:10195754,2010-04-06T16:14:08.740000Z,32.261,-115.26933333333334,9.98,3.3,,,SCEDC,,C,18,0.26,SCSN,41,41,-1,41,skipped_resume,True,2010,96,data/scedc/event_phases/2010/2010_096/10195754.phase
14620444,scedc:14620444,2010-04-06T16:23:23.510000Z,32.27,-115.35366666666668,9.99,3.2,,,SCEDC,,C,18,0.26,SCSN,42,42,-1,42,skipped_resume,True,2010,96,data/scedc/event_phases/2010/2010_096/14620444.phase
14620452,scedc:14620452,2010-04-06T16:23:57.550000Z,32.144333333333336,-115.307,9.99,4.2,,,SCEDC,,C,18,0.22,SCSN,38,38,-1,38,skipped_resume,True,2010,96,data/scedc/event_phases/2010/2010_096/14620452.phase
14620476,scedc:14620476,2010-04-06T16:33:58.050000Z,32.665,-115.85966666666668,5.95,3.2,,,SCEDC,,A,41,0.21,SCSN,79,79,-1,79,skipped_resume,True,2010,96,data/scedc/event_phases/2010/2010_096/14620476.phase
14620484,scedc:14620484,2010-04-06T16:36:15.320000Z,32.19983333333333,-115.34766666666668,9.99,3.1,,,SCEDC,,C,18,0.21,SCSN,41,41,-1,41,skipped_resume,True,2010,96,data/scedc/event_phases/2010/2010_096/14620484.phase
14620636,scedc:14620636,2010-04-06T17:17:40.810000Z,32.00783333333333,-114.97866666666668,10.0,3.9,,,SCEDC,,D,14,0.62,SCSN,31,31,-1,31,skipped_resume,True,2010,96,data/scedc/event_phases/2010/2010_096/14620636.phase
14620652,scedc:14620652,2010-04-06T17:19:35.820000Z,32.15233333333333,-115.29466666666669,9.99,4.0,,,SCEDC,,C,16,0.17,SCSN,35,35,-1,35,skipped_resume,True,2010,96,data/scedc/event_phases/2010/2010_096/14620652.phase
14620676,scedc:14620676,2010-04-06T17:31:16.940000Z,32.055,-115.08183333333334,9.97,4.3,,,SCEDC,,C,7,0.2,SCSN,31,33,-1,33,skipped_resume,True,2010,96,data/scedc/event_phases/2010/2010_096/14620676.phase
14620684,scedc:14620684,2010-04-06T17:33:22.610000Z,32.70366666666666,-115.864,6.33,3.0,,,SCEDC,,C,34,0.24,SCSN,82,82,-1,82,skipped_resume,True,2010,96,data/scedc/event_phases/2010/2010_096/14620684.phase
14620700,scedc:14620700,2010-04-06T17:36:50.270000Z,32.215,-115.221,9.99,3.3,,,SCEDC,,C,14,0.31,SCSN,38,39,-1,39,skipped_resume,True,2010,96,data/scedc/event_phases/2010/2010_096/14620700.phase
10196110,scedc:10196110,2010-04-06T17:44:16.210000Z,32.01,-115.01533333333332,9.98,3.0,,,SCEDC,,C,12,0.35,SCSN,31,31,-1,31,skipped_resume,True,2010,96,data/scedc/event_phases/2010/2010_096/10196110.phase
14620780,scedc:14620780,2010-04-06T17:58:33.070000Z,32.616166666666665,-115.77333333333333,5.22,3.3,,,SCEDC,,C,35,0.16,SCSN,71,72,-1,72,skipped_resume,True,2010,96,data/scedc/event_phases/2010/2010_096/14620780.phase
14620836,scedc:14620836,2010-04-06T18:06:33.990000Z,32.21483333333333,-115.31233333333331,9.99,3.0,,,SCEDC,,C,16,0.16,SCSN,41,42,-1,42,skipped_resume,True,2010,96,data/scedc/event_phases/2010/2010_096/14620836.phase
14620916,scedc:14620916,2010-04-06T18:16:55.220000Z,32.590833333333336,-115.78483333333334,2.44,3.4,,,SCEDC,,B,15,0.19,SCSN,72,73,-1,73,skipped_resume,True,2010,96,data/scedc/event_phases/2010/2010_096/14620916.phase
14621140,scedc:14621140,2010-04-06T18:54:38.460000Z,32.304833333333335,-115.38966666666668,9.99,3.0,,,SCEDC,,C,16,0.36,SCSN,43,43,-1,43,skipped_resume,True,2010,96,data/scedc/event_phases/2010/2010_096/14621140.phase
14621164,scedc:14621164,2010-04-06T19:02:00.880000Z,32.70466666666667,-115.86033333333332,5.15,3.6,,,SCEDC,,A,65,0.24,SCSN,82,83,-1,83,skipped_resume,True,2010,96,data/scedc/event_phases/2010/2010_096/14621164.phase
14621220,scedc:14621220,2010-04-06T19:09:46.090000Z,32.14816666666667,-115.21733333333331,9.96,3.3,,,SCEDC,,C,7,0.13,SCSN,39,39,-1,39,skipped_resume,True,2010,96,data/scedc/event_phases/2010/2010_096/14621220.phase
14621340,scedc:14621340,2010-04-06T19:33:42.000000Z,32.237833333333334,-115.36783333333334,9.96,3.0,,,SCEDC,,C,14,0.19,SCSN,42,42,-1,42,skipped_resume,True,2010,96,data/scedc/event_phases/2010/2010_096/14621340.phase
14621356,scedc:14621356,2010-04-06T19:36:13.350000Z,32.23883333333333,-115.35083333333333,9.99,3.1,,,SCEDC,,C,16,0.24,SCSN,42,43,-1,43,skipped_resume,True,2010,96,data/scedc/event_phases/2010/2010_096/14621356.phase
14621372,scedc:14621372,2010-04-06T19:43:17.460000Z,32.688,-115.80666666666669,4.74,3.2,,,SCEDC,,A,46,0.23,SCSN,79,81,-1,81,skipped_resume,True,2010,96,data/scedc/event_phases/2010/2010_096/14621372.phase
14621476,scedc:14621476,2010-04-06T20:07:46.390000Z,32.16683333333334,-115.24333333333334,9.99,3.1,,,SCEDC,,C,20,0.21,SCSN,39,39,-1,39,skipped_resume,True,2010,96,data/scedc/event_phases/2010/2010_096/14621476.phase
14621500,scedc:14621500,2010-04-06T20:12:31.450000Z,32.086333333333336,-115.15283333333332,9.97,3.1,,,SCEDC,,C,10,0.23,SCSN,35,35,-1,35,skipped_resume,True,2010,96,data/scedc/event_phases/2010/2010_096/14621500.phase
10197310,scedc:10197310,2010-04-06T20:15:56.370000Z,32.103,-115.17333333333332,9.97,3.5,,,SCEDC,,C,12,0.3,SCSN,36,36,-1,36,skipped_resume,True,2010,96,data/scedc/event_phases/2010/2010_096/10197310.phase
14621692,scedc:14621692,2010-04-06T20:56:08.420000Z,32.18416666666667,-115.2,9.99,3.4,,,SCEDC,,C,16,0.29,SCSN,39,39,-1,39,skipped_resume,True,2010,96,data/scedc/event_phases/2010/2010_096/14621692.phase
14621716,scedc:14621716,2010-04-06T21:01:18.380000Z,32.125,-115.0665,9.98,3.2,,,SCEDC,,C,10,0.23,SCSN,35,35,-1,35,skipped_resume,True,2010,96,data/scedc/event_phases/2010/2010_096/14621716.phase
10197650,scedc:10197650,2010-04-06T21:12:14.530000Z,32.05016666666667,-115.11633333333332,9.97,3.4,,,SCEDC,,C,12,0.13,SCSN,30,30,-1,30,skipped_resume,True,2010,96,data/scedc/event_phases/2010/2010_096/10197650.phase
14621788,scedc:14621788,2010-04-06T21:17:44.400000Z,32.20166666666667,-115.33066666666669,9.99,3.1,,,SCEDC,,C,16,0.26,SCSN,41,42,-1,42,skipped_resume,True,2010,96,data/scedc/event_phases/2010/2010_096/14621788.phase
10197690,scedc:10197690,2010-04-06T21:18:30.660000Z,32.0925,-115.01416666666668,9.97,3.3,,,SCEDC,,C,12,0.26,SCSN,32,32,-1,32,skipped_resume,True,2010,96,data/scedc/event_phases/2010/2010_096/10197690.phase
14622036,scedc:14622036,2010-04-06T22:09:10.430000Z,32.63316666666667,-115.753,1.04,4.2,,,SCEDC,,A,52,0.23,SCSN,74,75,-1,75,skipped_resume,True,2010,96,data/scedc/event_phases/2010/2010_096/14622036.phase
14622156,scedc:14622156,2010-04-06T22:42:15.600000Z,32.61033333333334,-115.77933333333333,4.21,3.0,,,SCEDC,,A,32,0.18,SCSN,72,72,-1,72,skipped_resume,True,2010,96,data/scedc/event_phases/2010/2010_096/14622156.phase
14622260,scedc:14622260,2010-04-06T23:02:36.990000Z,32.26,-115.27716666666667,17.42,3.1,,,SCEDC,,C,20,0.44,SCSN,39,40,-1,40,skipped_resume,True,2010,96,data/scedc/event_phases/2010/2010_096/14622260.phase
14622340,scedc:14622340,2010-04-06T23:16:51.080000Z,32.1645,-115.265,9.99,3.3,,,SCEDC,,C,15,0.22,SCSN,40,40,-1,40,skipped_resume,True,2010,96,data/scedc/event_phases/2010/2010_096/14622340.phase
14622460,scedc:14622460,2010-04-06T23:41:19.480000Z,32.289833333333334,-115.42266666666669,9.97,3.9,,,SCEDC,,C,21,0.34,SCSN,42,42,-1,42,skipped_resume,True,2010,96,data/scedc/event_phases/2010/2010_096/14622460.phase
14622932,scedc:14622932,2010-04-07T01:43:50.120000Z,32.109,-115.19616666666668,9.53,3.2,,,SCEDC,,C,18,0.25,SCSN,38,38,-1,38,skipped_resume,True,2010,97,data/scedc/event_phases/2010/2010_097/14622932.phase
14622956,scedc:14622956,2010-04-07T01:48:59.050000Z,32.1545,-115.202,9.99,3.1,,,SCEDC,,C,17,0.3,SCSN,40,40,-1,40,skipped_resume,True,2010,97,data/scedc/event_phases/2010/2010_097/14622956.phase
14623076,scedc:14623076,2010-04-07T02:14:59.480000Z,32.095333333333336,-115.0895,9.98,3.2,,,SCEDC,,C,13,0.28,SCSN,34,34,-1,34,skipped_resume,True,2010,97,data/scedc/event_phases/2010/2010_097/14623076.phase
37010487,scedc:37010487,2010-04-07T02:15:39.250000Z,32.146166666666666,-115.10483333333332,9.53,3.2,,,SCEDC,,C,13,0.23,SCSN,37,37,-1,37,skipped_resume,True,2010,97,data/scedc/event_phases/2010/2010_097/37010487.phase
14623108,scedc:14623108,2010-04-07T02:30:46.980000Z,32.60616666666667,-115.77,4.46,3.1,,,SCEDC,,A,47,0.21,SCSN,71,71,-1,71,skipped_resume,True,2010,97,data/scedc/event_phases/2010/2010_097/14623108.phase
14623372,scedc:14623372,2010-04-07T03:31:55.080000Z,32.16,-115.29783333333332,9.99,3.6,,,SCEDC,,C,22,0.16,SCSN,40,40,-1,40,skipped_resume,True,2010,97,data/scedc/event_phases/2010/2010_097/14623372.phase
14623388,scedc:14623388,2010-04-07T03:36:15.910000Z,32.1045,-115.23766666666668,9.98,3.5,,,SCEDC,,C,20,0.2,SCSN,38,38,-1,38,skipped_resume,True,2010,97,data/scedc/event_phases/2010/2010_097/14623388.phase
14623396,scedc:14623396,2010-04-07T03:37:47.030000Z,32.63316666666667,-115.74733333333332,4.72,3.6,,,SCEDC,,A,40,0.2,SCSN,74,74,-1,74,skipped_resume,True,2010,97,data/scedc/event_phases/2010/2010_097/14623396.phase
14623556,scedc:14623556,2010-04-07T04:16:12.470000Z,32.178,-115.29816666666666,9.99,3.3,,,SCEDC,,C,21,0.18,SCSN,42,42,-1,42,skipped_resume,True,2010,97,data/scedc/event_phases/2010/2010_097/14623556.phase
14623572,scedc:14623572,2010-04-07T04:18:34.310000Z,32.72266666666667,-115.88166666666666,3.38,3.0,,,SCEDC,,A,62,0.18,SCSN,88,88,-1,88,skipped_resume,True,2010,97,data/scedc/event_phases/2010/2010_097/14623572.phase
14623708,scedc:14623708,2010-04-07T05:03:06.380000Z,32.2195,-115.3555,9.99,3.4,,,SCEDC,,C,26,0.2,SCSN,42,42,-1,42,skipped_resume,True,2010,97,data/scedc/event_phases/2010/2010_097/14623708.phase
14623804,scedc:14623804,2010-04-07T05:21:25.940000Z,32.7335,-115.9045,1.95,4.3,,,SCEDC,,A,65,0.22,SCSN,89,89,-1,89,skipped_resume,True,2010,97,data/scedc/event_phases/2010/2010_097/14623804.phase
30461759,scedc:30461759,2010-04-07T05:21:41.570000Z,32.711666666666666,-115.89233333333334,7.26,4.3,,,SCEDC,,A,22,0.21,SCSN,89,89,-1,89,skipped_resume,True,2010,97,data/scedc/event_phases/2010/2010_097/30461759.phase
14623812,scedc:14623812,2010-04-07T05:25:32.000000Z,32.7185,-115.91183333333332,1.95,3.8,,,SCEDC,,A,79,0.25,SCSN,90,90,-1,90,skipped_resume,True,2010,97,data/scedc/event_phases/2010/2010_097/14623812.phase
14623820,scedc:14623820,2010-04-07T05:27:41.380000Z,32.7315,-115.913,1.69,3.6,,,SCEDC,,A,49,0.22,SCSN,92,92,-1,92,skipped_resume,True,2010,97,data/scedc/event_phases/2010/2010_097/14623820.phase
14623868,scedc:14623868,2010-04-07T05:39:07.650000Z,32.73433333333333,-115.908,2.27,3.1,,,SCEDC,,A,73,0.25,SCSN,92,92,-1,92,skipped_resume,True,2010,97,data/scedc/event_phases/2010/2010_097/14623868.phase
14623932,scedc:14623932,2010-04-07T05:48:23.660000Z,32.71033333333333,-115.88883333333334,6.08,3.4,,,SCEDC,,A,44,0.21,SCSN,88,88,-1,88,skipped_resume,True,2010,97,data/scedc/event_phases/2010/2010_097/14623932.phase
14624012,scedc:14624012,2010-04-07T06:04:32.440000Z,32.38166666666667,-115.56083333333332,14.87,3.7,,,SCEDC,,B,39,0.25,SCSN,56,56,-1,56,skipped_resume,True,2010,97,data/scedc/event_phases/2010/2010_097/14624012.phase
14624028,scedc:14624028,2010-04-07T06:10:22.930000Z,32.714333333333336,-115.86183333333334,2.94,3.1,,,SCEDC,,A,69,0.19,SCSN,83,83,-1,83,skipped_resume,True,2010,97,data/scedc/event_phases/2010/2010_097/14624028.phase
14624156,scedc:14624156,2010-04-07T06:30:35.170000Z,32.42483333333333,-115.54983333333334,12.36,3.2,,,SCEDC,,B,43,0.19,SCSN,59,59,-1,59,skipped_resume,True,2010,97,data/scedc/event_phases/2010/2010_097/14624156.phase
14624316,scedc:14624316,2010-04-07T07:15:48.480000Z,32.0685,-114.91233333333334,14.98,3.1,,,SCEDC,,C,9,0.09,SCSN,32,32,-1,32,skipped_resume,True,2010,97,data/scedc/event_phases/2010/2010_097/14624316.phase
14624396,scedc:14624396,2010-04-07T07:33:57.190000Z,32.73566666666667,-115.904,1.0,3.3,,,SCEDC,,A,63,0.22,SCSN,91,91,-1,91,skipped_resume,True,2010,97,data/scedc/event_phases/2010/2010_097/14624396.phase
14624428,scedc:14624428,2010-04-07T07:42:22.110000Z,32.63883333333333,-115.74283333333334,3.93,3.4,,,SCEDC,,A,51,0.19,SCSN,75,75,-1,75,skipped_resume,True,2010,97,data/scedc/event_phases/2010/2010_097/14624428.phase
14624452,scedc:14624452,2010-04-07T07:44:17.110000Z,32.17133333333334,-115.27416666666667,9.54,3.3,,,SCEDC,,C,18,0.12,SCSN,39,39,-1,39,skipped_resume,True,2010,97,data/scedc/event_phases/2010/2010_097/14624452.phase
14624484,scedc:14624484,2010-04-07T07:54:22.940000Z,32.625,-115.78566666666669,3.15,3.3,,,SCEDC,,A,55,0.23,SCSN,77,78,-1,78,skipped_resume,True,2010,97,data/scedc/event_phases/2010/2010_097/14624484.phase
14624500,scedc:14624500,2010-04-07T08:01:39.370000Z,32.67633333333333,-115.7945,5.75,3.0,,,SCEDC,,A,46,0.17,SCSN,80,80,-1,80,skipped_resume,True,2010,97,data/scedc/event_phases/2010/2010_097/14624500.phase
14624668,scedc:14624668,2010-04-07T08:41:06.700000Z,32.206,-115.28733333333334,9.54,3.7,,,SCEDC,,C,21,0.17,SCSN,42,42,-1,42,skipped_resume,True,2010,97,data/scedc/event_phases/2010/2010_097/14624668.phase
14624676,scedc:14624676,2010-04-07T08:42:48.910000Z,32.2,-115.3,9.99,3.0,,,SCEDC,,D,21,0.22,SCSN,42,42,-1,42,skipped_resume,True,2010,97,data/scedc/event_phases/2010/2010_097/14624676.phase
14624868,scedc:14624868,2010-04-07T09:25:51.760000Z,32.73266666666667,-115.902,2.53,3.6,,,SCEDC,,A,70,0.24,SCSN,90,90,-1,90,skipped_resume,True,2010,97,data/scedc/event_phases/2010/2010_097/14624868.phase
14624948,scedc:14624948,2010-04-07T09:27:35.890000Z,32.737,-115.885,3.4,3.8,,,SCEDC,,A,34,0.17,SCSN,89,89,-1,89,skipped_resume,True,2010,97,data/scedc/event_phases/2010/2010_097/14624948.phase
14625052,scedc:14625052,2010-04-07T09:52:04.800000Z,32.2845,-115.3135,9.99,3.0,,,SCEDC,,C,16,0.2,SCSN,43,43,-1,43,skipped_resume,True,2010,97,data/scedc/event_phases/2010/2010_097/14625052.phase
14625100,scedc:14625100,2010-04-07T10:04:09.550000Z,32.6175,-115.78866666666669,4.0,3.0,,,SCEDC,,A,52,0.22,SCSN,75,75,-1,75,skipped_resume,True,2010,97,data/scedc/event_phases/2010/2010_097/14625100.phase
14625236,scedc:14625236,2010-04-07T10:35:31.840000Z,32.245666666666665,-115.33533333333334,9.99,3.1,,,SCEDC,,C,17,0.14,SCSN,42,42,-1,42,skipped_resume,True,2010,97,data/scedc/event_phases/2010/2010_097/14625236.phase
14625404,scedc:14625404,2010-04-07T11:00:40.400000Z,32.625,-115.799,3.17,3.4,,,SCEDC,,A,49,0.25,SCSN,80,80,-1,80,skipped_resume,True,2010,97,data/scedc/event_phases/2010/2010_097/14625404.phase
14625420,scedc:14625420,2010-04-07T11:04:13.670000Z,32.29533333333333,-115.41933333333331,10.0,3.9,,,SCEDC,,C,31,0.19,SCSN,44,44,-1,44,skipped_resume,True,2010,97,data/scedc/event_phases/2010/2010_097/14625420.phase
14625628,scedc:14625628,2010-04-07T11:49:07.920000Z,32.7215,-115.9125,1.57,3.2,,,SCEDC,,A,69,0.24,SCSN,92,92,-1,92,skipped_resume,True,2010,97,data/scedc/event_phases/2010/2010_097/14625628.phase
10202454,scedc:10202454,2010-04-07T11:50:14.900000Z,32.271,-115.33083333333332,9.99,3.1,,,SCEDC,,C,16,0.13,SCSN,43,43,-1,43,skipped_resume,True,2010,97,data/scedc/event_phases/2010/2010_097/10202454.phase
14625700,scedc:14625700,2010-04-07T12:08:18.630000Z,32.27316666666667,-115.3635,9.99,3.2,,,SCEDC,,C,14,0.12,SCSN,44,44,-1,44,skipped_resume,True,2010,97,data/scedc/event_phases/2010/2010_097/14625700.phase
14625732,scedc:14625732,2010-04-07T12:15:47.080000Z,32.26316666666666,-115.33316666666668,9.99,3.4,,,SCEDC,,C,26,0.14,SCSN,43,43,-1,43,skipped_resume,True,2010,97,data/scedc/event_phases/2010/2010_097/14625732.phase
14625748,scedc:14625748,2010-04-07T12:18:38.150000Z,32.275,-115.34633333333332,9.99,3.1,,,SCEDC,,C,19,0.14,SCSN,43,43,-1,43,skipped_resume,True,2010,97,data/scedc/event_phases/2010/2010_097/14625748.phase
14625828,scedc:14625828,2010-04-07T12:34:38.380000Z,32.60666666666667,-115.77783333333332,4.62,3.2,,,SCEDC,,A,45,0.2,SCSN,73,73,-1,73,skipped_resume,True,2010,97,data/scedc/event_phases/2010/2010_097/14625828.phase
14625852,scedc:14625852,2010-04-07T12:43:03.040000Z,32.25266666666667,-115.33866666666668,9.99,3.7,,,SCEDC,,C,21,0.15,SCSN,43,43,-1,43,skipped_resume,True,2010,97,data/scedc/event_phases/2010/2010_097/14625852.phase
14625868,scedc:14625868,2010-04-07T12:47:31.590000Z,32.66316666666667,-115.79616666666666,7.57,3.3,,,SCEDC,,A,43,0.24,SCSN,80,80,-1,80,skipped_resume,True,2010,97,data/scedc/event_phases/2010/2010_097/14625868.phase
14625884,scedc:14625884,2010-04-07T12:49:56.140000Z,32.6645,-115.80433333333332,3.14,3.2,,,SCEDC,,A,35,0.25,SCSN,81,81,-1,81,skipped_resume,True,2010,97,data/scedc/event_phases/2010/2010_097/14625884.phase
14625980,scedc:14625980,2010-04-07T13:18:09.030000Z,32.25633333333333,-115.26883333333332,17.46,3.0,,,SCEDC,,C,21,0.19,SCSN,42,42,-1,42,skipped_resume,True,2010,97,data/scedc/event_phases/2010/2010_097/14625980.phase
14626092,scedc:14626092,2010-04-07T13:44:25.790000Z,32.23383333333334,-115.28683333333332,9.99,3.2,,,SCEDC,,C,19,0.16,SCSN,42,42,-1,42,skipped_resume,True,2010,97,data/scedc/event_phases/2010/2010_097/14626092.phase
14626292,scedc:14626292,2010-04-07T14:38:05.140000Z,32.03916666666667,-115.00033333333332,9.97,3.0,,,SCEDC,,C,12,0.41,SCSN,32,32,-1,32,skipped_resume,True,2010,97,data/scedc/event_phases/2010/2010_097/14626292.phase
14626372,scedc:14626372,2010-04-07T15:04:43.170000Z,32.69266666666667,-115.857,6.6,3.5,,,SCEDC,,A,74,0.21,SCSN,84,84,-1,84,skipped_resume,True,2010,97,data/scedc/event_phases/2010/2010_097/14626372.phase
14626460,scedc:14626460,2010-04-07T15:31:07.460000Z,32.2495,-115.26466666666668,9.99,3.1,,,SCEDC,,C,20,0.18,SCSN,42,42,-1,42,skipped_resume,True,2010,97,data/scedc/event_phases/2010/2010_097/14626460.phase
14626484,scedc:14626484,2010-04-07T15:36:42.770000Z,32.153,-115.06683333333334,9.98,3.1,,,SCEDC,,C,14,0.21,SCSN,37,37,-1,37,skipped_resume,True,2010,97,data/scedc/event_phases/2010/2010_097/14626484.phase
14626548,scedc:14626548,2010-04-07T15:52:50.980000Z,32.3215,-115.29783333333332,9.99,3.5,,,SCEDC,,C,21,0.26,SCSN,44,45,-1,45,skipped_resume,True,2010,97,data/scedc/event_phases/2010/2010_097/14626548.phase
14626660,scedc:14626660,2010-04-07T16:22:35.700000Z,32.2715,-115.369,8.55,3.5,,,SCEDC,,B,26,0.17,SCSN,43,44,-1,44,skipped_resume,True,2010,97,data/scedc/event_phases/2010/2010_097/14626660.phase
14626708,scedc:14626708,2010-04-07T16:38:37.620000Z,32.590833333333336,-115.72916666666669,3.62,3.7,,,SCEDC,,A,43,0.15,SCSN,70,71,-1,71,skipped_resume,True,2010,97,data/scedc/event_phases/2010/2010_097/14626708.phase
14626748,scedc:14626748,2010-04-07T16:51:09.000000Z,32.199333333333335,-115.18466666666669,9.98,3.4,,,SCEDC,,C,11,0.24,SCSN,39,40,-1,40,skipped_resume,True,2010,97,data/scedc/event_phases/2010/2010_097/14626748.phase
14626796,scedc:14626796,2010-04-07T17:01:48.780000Z,32.226,-115.27433333333332,9.99,3.7,,,SCEDC,,C,19,0.18,SCSN,40,41,-1,41,skipped_resume,True,2010,97,data/scedc/event_phases/2010/2010_097/14626796.phase
10203498,scedc:10203498,2010-04-07T17:02:44.590000Z,32.496,-115.59783333333333,10.49,3.1,,,SCEDC,,B,16,0.09,SCSN,63,63,-1,63,skipped_resume,True,2010,97,data/scedc/event_phases/2010/2010_097/10203498.phase
14626908,scedc:14626908,2010-04-07T17:26:24.050000Z,32.2925,-115.33233333333334,14.59,3.0,,,SCEDC,,A,23,0.1,SCSN,43,44,-1,44,skipped_resume,True,2010,97,data/scedc/event_phases/2010/2010_097/14626908.phase
14626956,scedc:14626956,2010-04-07T17:41:02.070000Z,32.7175,-115.889,5.16,3.0,,,SCEDC,,A,69,0.17,SCSN,89,90,-1,90,skipped_resume,True,2010,97,data/scedc/event_phases/2010/2010_097/14626956.phase
14627012,scedc:14627012,2010-04-07T17:49:45.260000Z,32.24466666666667,-115.26283333333332,9.99,3.0,,,SCEDC,,C,14,0.2,SCSN,41,42,-1,42,skipped_resume,True,2010,97,data/scedc/event_phases/2010/2010_097/14627012.phase
14627220,scedc:14627220,2010-04-07T18:45:40.430000Z,32.61383333333333,-115.764,6.97,3.4,,,SCEDC,,A,56,0.18,SCSN,73,74,-1,74,skipped_resume,True,2010,97,data/scedc/event_phases/2010/2010_097/14627220.phase
14627404,scedc:14627404,2010-04-07T19:40:22.160000Z,32.28933333333333,-115.241,9.98,3.0,,,SCEDC,,C,14,0.24,SCSN,42,42,-1,42,skipped_resume,True,2010,97,data/scedc/event_phases/2010/2010_097/14627404.phase
14627412,scedc:14627412,2010-04-07T19:44:11.170000Z,32.69166666666667,-115.79,8.15,3.1,,,SCEDC,,A,50,0.18,SCSN,79,79,-1,79,skipped_resume,True,2010,97,data/scedc/event_phases/2010/2010_097/14627412.phase
10204178,scedc:10204178,2010-04-07T19:45:19.680000Z,32.0965,-115.15416666666668,9.53,3.4,,,SCEDC,,C,10,0.25,SCSN,34,35,-1,35,skipped_resume,True,2010,97,data/scedc/event_phases/2010/2010_097/10204178.phase
14627420,scedc:14627420,2010-04-07T19:47:32.390000Z,32.18116666666667,-115.26666666666668,9.98,3.2,,,SCEDC,,C,17,0.22,SCSN,38,38,-1,38,skipped_resume,True,2010,97,data/scedc/event_phases/2010/2010_097/14627420.phase
14627500,scedc:14627500,2010-04-07T20:11:10.720000Z,32.67516666666667,-115.76766666666668,3.9,3.9,,,SCEDC,,A,43,0.2,SCSN,79,80,-1,80,skipped_resume,True,2010,97,data/scedc/event_phases/2010/2010_097/14627500.phase
14627516,scedc:14627516,2010-04-07T20:14:57.500000Z,32.39516666666667,-115.50866666666668,13.72,3.0,,,SCEDC,,A,31,0.14,SCSN,53,53,-1,53,skipped_resume,True,2010,97,data/scedc/event_phases/2010/2010_097/14627516.phase
14627612,scedc:14627612,2010-04-07T20:37:37.330000Z,32.228833333333334,-115.30883333333334,9.99,3.6,,,SCEDC,,C,19,0.16,SCSN,41,42,-1,42,skipped_resume,True,2010,97,data/scedc/event_phases/2010/2010_097/14627612.phase
14627652,scedc:14627652,2010-04-07T20:48:47.420000Z,32.632666666666665,-115.7425,3.64,3.1,,,SCEDC,,A,34,0.15,SCSN,75,76,-1,76,skipped_resume,True,2010,97,data/scedc/event_phases/2010/2010_097/14627652.phase
10204370,scedc:10204370,2010-04-07T21:00:45.380000Z,32.315666666666665,-115.25883333333331,14.99,4.3,,,SCEDC,,C,14,0.23,SCSN,43,44,-1,44,skipped_resume,True,2010,97,data/scedc/event_phases/2010/2010_097/10204370.phase
10204374,scedc:10204374,2010-04-07T21:01:33.800000Z,32.2215,-115.3095,9.99,3.7,,,SCEDC,,C,17,0.14,SCSN,40,42,-1,42,skipped_resume,True,2010,97,data/scedc/event_phases/2010/2010_097/10204374.phase
14627732,scedc:14627732,2010-04-07T21:17:54.990000Z,32.15083333333333,-115.24916666666668,9.98,3.0,,,SCEDC,,C,19,0.11,SCSN,39,39,-1,39,skipped_resume,True,2010,97,data/scedc/event_phases/2010/2010_097/14627732.phase
14627772,scedc:14627772,2010-04-07T21:21:52.460000Z,32.636833333333335,-115.74816666666666,2.3,3.4,,,SCEDC,,A,23,0.14,SCSN,75,76,-1,76,skipped_resume,True,2010,97,data/scedc/event_phases/2010/2010_097/14627772.phase
30717759,scedc:30717759,2010-04-07T21:51:06.260000Z,32.147666666666666,-115.16766666666666,14.98,3.5,,,SCEDC,,C,28,0.19,SCSN,38,39,-1,39,skipped_resume,True,2010,97,data/scedc/event_phases/2010/2010_097/30717759.phase
10204550,scedc:10204550,2010-04-07T22:05:18.180000Z,32.142,-115.2655,14.98,3.3,,,SCEDC,,C,23,0.19,SCSN,36,37,-1,37,skipped_resume,True,2010,97,data/scedc/event_phases/2010/2010_097/10204550.phase
10584285,scedc:10584285,2010-04-07T22:18:12.440000Z,32.57183333333333,-115.66316666666668,11.47,3.2,,,SCEDC,,A,50,0.12,SCSN,66,67,-1,67,skipped_resume,True,2010,97,data/scedc/event_phases/2010/2010_097/10584285.phase
10584357,scedc:10584357,2010-04-07T22:30:07.960000Z,32.271166666666666,-115.34366666666666,9.99,3.1,,,SCEDC,,C,18,0.14,SCSN,40,40,-1,40,skipped_resume,True,2010,97,data/scedc/event_phases/2010/2010_097/10584357.phase
10584389,scedc:10584389,2010-04-07T22:40:30.810000Z,35.937666666666665,-120.48583333333332,5.84,4.1,,,SCEDC,,C,21,0.25,SCSN,43,43,-1,43,skipped_resume,True,2010,97,data/scedc/event_phases/2010/2010_097/10584389.phase
10584429,scedc:10584429,2010-04-07T22:47:15.730000Z,32.43416666666667,-115.53383333333332,9.72,3.1,,,SCEDC,,A,34,0.14,SCSN,55,57,-1,57,skipped_resume,True,2010,97,data/scedc/event_phases/2010/2010_097/10584429.phase
10584533,scedc:10584533,2010-04-07T23:15:02.170000Z,32.21,-115.3555,9.99,3.2,,,SCEDC,,C,23,0.15,SCSN,39,41,-1,41,skipped_resume,True,2010,97,data/scedc/event_phases/2010/2010_097/10584533.phase
10584549,scedc:10584549,2010-04-07T23:21:37.480000Z,32.17133333333334,-115.25133333333332,9.98,3.3,,,SCEDC,,C,19,0.14,SCSN,37,38,-1,38,skipped_resume,True,2010,97,data/scedc/event_phases/2010/2010_097/10584549.phase
10584781,scedc:10584781,2010-04-08T00:18:21.490000Z,32.10516666666667,-115.02266666666668,14.95,3.0,,,SCEDC,,D,10,0.38,SCSN,31,31,-1,31,skipped_resume,True,2010,98,data/scedc/event_phases/2010/2010_098/10584781.phase
10584821,scedc:10584821,2010-04-08T00:25:37.920000Z,32.215666666666664,-115.25866666666668,9.98,4.0,,,SCEDC,,C,23,0.18,SCSN,40,41,-1,41,skipped_resume,True,2010,98,data/scedc/event_phases/2010/2010_098/10584821.phase
10584853,scedc:10584853,2010-04-08T00:36:03.160000Z,32.614,-115.78016666666667,5.41,3.4,,,SCEDC,,A,54,0.18,SCSN,73,74,-1,74,skipped_resume,True,2010,98,data/scedc/event_phases/2010/2010_098/10584853.phase
10584981,scedc:10584981,2010-04-08T01:11:05.280000Z,32.23683333333334,-115.26483333333331,9.98,3.4,,,SCEDC,,C,22,0.13,SCSN,39,39,-1,39,skipped_resume,True,2010,98,data/scedc/event_phases/2010/2010_098/10584981.phase
10585093,scedc:10585093,2010-04-08T01:44:33.340000Z,32.627,-116.12383333333334,6.88,3.1,,,SCEDC,,A,82,0.19,SCSN,97,97,-1,97,skipped_resume,True,2010,98,data/scedc/event_phases/2010/2010_098/10585093.phase
10585117,scedc:10585117,2010-04-08T01:49:53.680000Z,32.34433333333333,-115.41266666666668,18.77,3.0,,,SCEDC,,B,25,0.15,SCSN,44,45,-1,45,skipped_resume,True,2010,98,data/scedc/event_phases/2010/2010_098/10585117.phase
10585205,scedc:10585205,2010-04-08T02:08:23.820000Z,32.69533333333333,-115.78966666666666,7.6,3.0,,,SCEDC,,A,62,0.14,SCSN,79,79,-1,79,skipped_resume,True,2010,98,data/scedc/event_phases/2010/2010_098/10585205.phase
10585341,scedc:10585341,2010-04-08T02:38:20.780000Z,32.617666666666665,-115.77816666666666,5.46,3.1,,,SCEDC,,A,67,0.18,SCSN,74,74,-1,74,skipped_resume,True,2010,98,data/scedc/event_phases/2010/2010_098/10585341.phase
10585357,scedc:10585357,2010-04-08T02:41:39.690000Z,32.28933333333333,-115.38433333333332,10.2,3.1,,,SCEDC,,C,35,0.14,SCSN,43,43,-1,43,skipped_resume,True,2010,98,data/scedc/event_phases/2010/2010_098/10585357.phase
10585381,scedc:10585381,2010-04-08T02:47:57.030000Z,32.6855,-115.7635,3.99,4.2,,,SCEDC,,A,60,0.23,SCSN,77,78,-1,78,skipped_resume,True,2010,98,data/scedc/event_phases/2010/2010_098/10585381.phase
10585397,scedc:10585397,2010-04-08T02:53:06.590000Z,32.727833333333336,-116.01116666666668,1.96,3.1,,,SCEDC,,A,27,0.12,SCSN,95,96,-1,96,skipped_resume,True,2010,98,data/scedc/event_phases/2010/2010_098/10585397.phase
10585493,scedc:10585493,2010-04-08T03:11:57.130000Z,32.078833333333336,-115.03233333333333,14.54,3.3,,,SCEDC,,C,20,0.22,SCSN,32,32,-1,32,skipped_resume,True,2010,98,data/scedc/event_phases/2010/2010_098/10585493.phase
10585533,scedc:10585533,2010-04-08T03:22:32.670000Z,32.714333333333336,-115.87383333333334,2.68,3.6,,,SCEDC,,A,78,0.19,SCSN,86,86,-1,86,skipped_resume,True,2010,98,data/scedc/event_phases/2010/2010_098/10585533.phase
10585565,scedc:10585565,2010-04-08T03:27:52.900000Z,32.422333333333334,-115.53616666666667,11.53,3.9,,,SCEDC,,B,40,0.14,SCSN,59,59,-1,59,skipped_resume,True,2010,98,data/scedc/event_phases/2010/2010_098/10585565.phase
10585581,scedc:10585581,2010-04-08T03:31:28.460000Z,32.2795,-115.33216666666668,5.51,3.0,,,SCEDC,,C,20,0.07,SCSN,42,42,-1,42,skipped_resume,True,2010,98,data/scedc/event_phases/2010/2010_098/10585581.phase
10585621,scedc:10585621,2010-04-08T03:37:46.260000Z,32.3925,-115.55916666666668,8.23,3.1,,,SCEDC,,A,46,0.19,SCSN,59,59,-1,59,skipped_resume,True,2010,98,data/scedc/event_phases/2010/2010_098/10585621.phase
10585717,scedc:10585717,2010-04-08T04:02:09.550000Z,32.12583333333333,-115.0835,9.98,4.0,,,SCEDC,,C,15,0.29,SCSN,35,35,-1,35,skipped_resume,True,2010,98,data/scedc/event_phases/2010/2010_098/10585717.phase
10585749,scedc:10585749,2010-04-08T04:13:43.880000Z,32.422333333333334,-115.53583333333331,13.68,3.1,,,SCEDC,,A,64,0.27,SCSN,58,59,-1,59,skipped_resume,True,2010,98,data/scedc/event_phases/2010/2010_098/10585749.phase
37022619,scedc:37022619,2010-04-08T04:25:16.060000Z,32.03966666666667,-115.06483333333334,9.98,3.6,,,SCEDC,,C,15,0.3,SCSN,31,32,-1,32,skipped_resume,True,2010,98,data/scedc/event_phases/2010/2010_098/37022619.phase
10585829,scedc:10585829,2010-04-08T04:31:14.200000Z,32.02733333333333,-115.05,9.97,3.2,,,SCEDC,,C,13,0.42,SCSN,31,31,-1,31,skipped_resume,True,2010,98,data/scedc/event_phases/2010/2010_098/10585829.phase
10585901,scedc:10585901,2010-04-08T04:46:14.820000Z,32.24483333333333,-115.0935,9.98,3.6,,,SCEDC,,C,17,0.26,SCSN,40,40,-1,40,skipped_resume,True,2010,98,data/scedc/event_phases/2010/2010_098/10585901.phase
10585989,scedc:10585989,2010-04-08T05:06:11.580000Z,32.033,-115.06383333333332,9.97,3.3,,,SCEDC,,C,11,0.27,SCSN,32,32,-1,32,skipped_resume,True,2010,98,data/scedc/event_phases/2010/2010_098/10585989.phase
10586053,scedc:10586053,2010-04-08T05:30:19.520000Z,32.223166666666664,-115.331,9.99,3.6,,,SCEDC,,C,24,0.13,SCSN,41,41,-1,41,skipped_resume,True,2010,98,data/scedc/event_phases/2010/2010_098/10586053.phase
10586109,scedc:10586109,2010-04-08T05:45:42.590000Z,32.19733333333333,-115.22016666666669,9.98,3.2,,,SCEDC,,C,26,0.28,SCSN,39,39,-1,39,skipped_resume,True,2010,98,data/scedc/event_phases/2010/2010_098/10586109.phase
10586709,scedc:10586709,2010-04-08T08:06:32.650000Z,32.61383333333333,-115.78583333333331,4.5,3.1,,,SCEDC,,A,63,0.2,SCSN,75,75,-1,75,skipped_resume,True,2010,98,data/scedc/event_phases/2010/2010_098/10586709.phase
10587245,scedc:10587245,2010-04-08T09:45:32.760000Z,32.163666666666664,-115.27366666666668,9.98,3.2,,,SCEDC,,C,36,0.22,SCSN,39,39,-1,39,skipped_resume,True,2010,98,data/scedc/event_phases/2010/2010_098/10587245.phase
10587269,scedc:10587269,2010-04-08T09:48:01.750000Z,32.187666666666665,-115.2525,9.98,3.2,,,SCEDC,,C,28,0.18,SCSN,39,39,-1,39,skipped_resume,True,2010,98,data/scedc/event_phases/2010/2010_098/10587269.phase
10587325,scedc:10587325,2010-04-08T10:04:28.570000Z,32.275333333333336,-115.32,9.98,3.0,,,SCEDC,,C,35,0.23,SCSN,42,42,-1,42,skipped_resume,True,2010,98,data/scedc/event_phases/2010/2010_098/10587325.phase
10587693,scedc:10587693,2010-04-08T11:21:00.130000Z,32.17033333333333,-115.2785,9.98,3.4,,,SCEDC,,C,31,0.22,SCSN,39,39,-1,39,skipped_resume,True,2010,98,data/scedc/event_phases/2010/2010_098/10587693.phase
10587781,scedc:10587781,2010-04-08T11:38:14.740000Z,32.14966666666667,-115.1625,9.98,3.0,,,SCEDC,,C,27,0.19,SCSN,38,38,-1,38,skipped_resume,True,2010,98,data/scedc/event_phases/2010/2010_098/10587781.phase
10588005,scedc:10588005,2010-04-08T12:38:44.320000Z,32.6915,-115.83516666666668,10.99,3.7,,,SCEDC,,A,76,0.22,SCSN,82,82,-1,82,skipped_resume,True,2010,98,data/scedc/event_phases/2010/2010_098/10588005.phase
10588293,scedc:10588293,2010-04-08T13:46:57.820000Z,32.212833333333336,-115.339,9.99,3.1,,,SCEDC,,C,36,0.23,SCSN,40,40,-1,40,skipped_resume,True,2010,98,data/scedc/event_phases/2010/2010_098/10588293.phase
37037411,scedc:37037411,2010-04-08T13:52:48.700000Z,32.1685,-115.29816666666666,9.98,3.1,,,SCEDC,,C,20,0.23,SCSN,40,40,-1,40,skipped_resume,True,2010,98,data/scedc/event_phases/2010/2010_098/37037411.phase
10588421,scedc:10588421,2010-04-08T14:26:05.480000Z,32.60166666666667,-115.76566666666666,6.18,3.1,,,SCEDC,,A,72,0.21,SCSN,72,72,-1,72,skipped_resume,True,2010,98,data/scedc/event_phases/2010/2010_098/10588421.phase
10588589,scedc:10588589,2010-04-08T15:06:35.550000Z,32.40983333333333,-115.54966666666668,0.54,3.1,,,SCEDC,,A,45,0.22,SCSN,59,59,-1,59,skipped_resume,True,2010,98,data/scedc/event_phases/2010/2010_098/10588589.phase
10588597,scedc:10588597,2010-04-08T15:08:10.180000Z,32.12883333333333,-115.26133333333334,9.98,3.1,,,SCEDC,,C,25,0.21,SCSN,39,39,-1,39,skipped_resume,True,2010,98,data/scedc/event_phases/2010/2010_098/10588597.phase
37039451,scedc:37039451,2010-04-08T15:35:18.000000Z,32.235,-115.3215,9.99,3.1,,,SCEDC,,C,22,0.19,SCSN,41,41,-1,41,skipped_resume,True,2010,98,data/scedc/event_phases/2010/2010_098/37039451.phase
10588789,scedc:10588789,2010-04-08T15:44:58.950000Z,32.61,-115.76116666666668,7.75,4.4,,,SCEDC,,A,62,0.18,SCSN,72,72,-1,72,skipped_resume,True,2010,98,data/scedc/event_phases/2010/2010_098/10588789.phase
10588909,scedc:10588909,2010-04-08T16:16:50.000000Z,32.088,-115.009,9.95,3.0,,,SCEDC,,D,13,0.3,SCSN,33,33,-1,33,skipped_resume,True,2010,98,data/scedc/event_phases/2010/2010_098/10588909.phase
10589037,scedc:10589037,2010-04-08T16:44:25.010000Z,32.16466666666667,-115.26833333333332,9.98,5.3,,,SCEDC,,C,45,0.2,SCSN,39,40,-1,40,skipped_resume,True,2010,98,data/scedc/event_phases/2010/2010_098/10589037.phase
10589053,scedc:10589053,2010-04-08T16:54:34.140000Z,32.68483333333333,-115.8365,9.43,3.3,,,SCEDC,,A,76,0.2,SCSN,82,83,-1,83,skipped_resume,True,2010,98,data/scedc/event_phases/2010/2010_098/10589053.phase
10589189,scedc:10589189,2010-04-08T17:29:28.580000Z,32.45433333333333,-115.602,13.43,3.3,,,SCEDC,,A,54,0.22,SCSN,61,62,-1,62,skipped_resume,True,2010,98,data/scedc/event_phases/2010/2010_098/10589189.phase
10589261,scedc:10589261,2010-04-08T17:48:39.510000Z,32.580333333333336,-115.73583333333332,2.34,3.3,,,SCEDC,,A,48,0.19,SCSN,72,73,-1,73,skipped_resume,True,2010,98,data/scedc/event_phases/2010/2010_098/10589261.phase
37043347,scedc:37043347,2010-04-08T17:49:04.130000Z,32.58833333333333,-115.7345,3.7,3.1,,,SCEDC,,A,28,0.17,SCSN,72,73,-1,73,skipped_resume,True,2010,98,data/scedc/event_phases/2010/2010_098/37043347.phase
10589269,scedc:10589269,2010-04-08T17:50:04.430000Z,32.58383333333333,-115.73766666666668,3.63,3.0,,,SCEDC,,A,49,0.2,SCSN,72,72,-1,72,skipped_resume,True,2010,98,data/scedc/event_phases/2010/2010_098/10589269.phase
10589677,scedc:10589677,2010-04-08T19:27:36.350000Z,32.669333333333334,-115.82016666666668,11.21,3.3,,,SCEDC,,A,72,0.21,SCSN,81,82,-1,82,skipped_resume,True,2010,98,data/scedc/event_phases/2010/2010_098/10589677.phase
10590013,scedc:10590013,2010-04-08T21:01:11.310000Z,32.68866666666667,-115.91016666666668,10.17,3.4,,,SCEDC,,A,77,0.21,SCSN,89,90,-1,90,skipped_resume,True,2010,98,data/scedc/event_phases/2010/2010_098/10590013.phase
10590109,scedc:10590109,2010-04-08T21:26:12.250000Z,32.220166666666664,-115.25516666666668,14.43,3.2,,,SCEDC,,C,37,0.21,SCSN,41,42,-1,42,skipped_resume,True,2010,98,data/scedc/event_phases/2010/2010_098/10590109.phase
10590125,scedc:10590125,2010-04-08T21:32:52.160000Z,32.33416666666667,-115.40533333333332,19.12,3.3,,,SCEDC,,A,40,0.13,SCSN,44,45,-1,45,skipped_resume,True,2010,98,data/scedc/event_phases/2010/2010_098/10590125.phase
10590157,scedc:10590157,2010-04-08T21:41:18.370000Z,32.10366666666667,-115.09183333333333,9.43,3.5,,,SCEDC,,C,20,0.23,SCSN,35,35,-1,35,skipped_resume,True,2010,98,data/scedc/event_phases/2010/2010_098/10590157.phase
10590325,scedc:10590325,2010-04-08T22:23:09.410000Z,32.698166666666665,-115.90816666666667,9.71,3.3,,,SCEDC,,A,80,0.18,SCSN,87,88,-1,88,skipped_resume,True,2010,98,data/scedc/event_phases/2010/2010_098/10590325.phase
10590413,scedc:10590413,2010-04-08T22:47:00.570000Z,32.208,-115.22416666666666,14.43,3.9,,,SCEDC,,C,31,0.18,SCSN,39,39,-1,39,skipped_resume,True,2010,98,data/scedc/event_phases/2010/2010_098/10590413.phase
10590661,scedc:10590661,2010-04-08T23:55:11.240000Z,32.62416666666667,-115.76733333333334,4.84,3.2,,,SCEDC,,A,65,0.19,SCSN,69,69,-1,69,skipped_resume,True,2010,98,data/scedc/event_phases/2010/2010_098/10590661.phase
10590669,scedc:10590669,2010-04-08T23:56:09.070000Z,32.6145,-115.76516666666669,4.21,3.4,,,SCEDC,,A,62,0.15,SCSN,69,69,-1,69,skipped_resume,True,2010,98,data/scedc/event_phases/2010/2010_098/10590669.phase
37053803,scedc:37053803,2010-04-09T00:00:59.240000Z,32.348166666666664,-115.47966666666667,9.43,3.0,,,SCEDC,,C,11,0.29,SCSN,48,48,-1,48,skipped_resume,True,2010,99,data/scedc/event_phases/2010/2010_099/37053803.phase
10590725,scedc:10590725,2010-04-09T00:19:01.070000Z,32.282833333333336,-115.39766666666668,9.44,4.1,,,SCEDC,,C,28,0.23,SCSN,42,44,-1,44,skipped_resume,True,2010,99,data/scedc/event_phases/2010/2010_099/10590725.phase
10590757,scedc:10590757,2010-04-09T00:26:34.870000Z,32.689166666666665,-115.90933333333334,10.62,3.1,,,SCEDC,,A,73,0.23,SCSN,88,89,-1,89,skipped_resume,True,2010,99,data/scedc/event_phases/2010/2010_099/10590757.phase
10590893,scedc:10590893,2010-04-09T00:53:33.880000Z,32.4775,-115.62316666666666,8.66,3.1,,,SCEDC,,A,60,0.21,SCSN,63,64,-1,64,skipped_resume,True,2010,99,data/scedc/event_phases/2010/2010_099/10590893.phase
10591117,scedc:10591117,2010-04-09T02:12:48.470000Z,32.012,-115.102,9.42,3.0,,,SCEDC,,C,14,0.28,SCSN,33,33,-1,33,skipped_resume,True,2010,99,data/scedc/event_phases/2010/2010_099/10591117.phase
10591125,scedc:10591125,2010-04-09T02:16:19.440000Z,32.6865,-115.85833333333332,7.09,3.1,,,SCEDC,,A,64,0.19,SCSN,81,82,-1,82,skipped_resume,True,2010,99,data/scedc/event_phases/2010/2010_099/10591125.phase
10591141,scedc:10591141,2010-04-09T02:27:47.080000Z,32.10316666666667,-115.18566666666666,9.42,3.4,,,SCEDC,,C,23,0.23,SCSN,37,37,-1,37,skipped_resume,True,2010,99,data/scedc/event_phases/2010/2010_099/10591141.phase
10591309,scedc:10591309,2010-04-09T02:55:48.270000Z,32.054,-115.16333333333333,14.43,4.0,,,SCEDC,,C,30,0.22,SCSN,35,35,-1,35,skipped_resume,True,2010,99,data/scedc/event_phases/2010/2010_099/10591309.phase
10591517,scedc:10591517,2010-04-09T04:33:10.150000Z,32.17333333333333,-115.323,14.45,3.1,,,SCEDC,,C,24,0.27,SCSN,42,42,-1,42,skipped_resume,True,2010,99,data/scedc/event_phases/2010/2010_099/10591517.phase
10591525,scedc:10591525,2010-04-09T04:34:44.960000Z,32.788833333333336,-116.0315,11.83,3.4,,,SCEDC,,A,48,0.18,SCSN,104,105,-1,105,skipped_resume,True,2010,99,data/scedc/event_phases/2010/2010_099/10591525.phase
37066451,scedc:37066451,2010-04-09T04:34:46.260000Z,32.3315,-115.357,9.44,3.7,,,SCEDC,,C,17,0.19,SCSN,44,45,-1,45,skipped_resume,True,2010,99,data/scedc/event_phases/2010/2010_099/37066451.phase
10591725,scedc:10591725,2010-04-09T05:32:14.470000Z,32.176,-115.30633333333331,14.43,4.4,,,SCEDC,,C,34,0.24,SCSN,41,42,-1,42,skipped_resume,True,2010,99,data/scedc/event_phases/2010/2010_099/10591725.phase
10591741,scedc:10591741,2010-04-09T05:38:28.360000Z,32.211666666666666,-115.36683333333332,9.43,3.1,,,SCEDC,,C,20,0.18,SCSN,42,42,-1,42,skipped_resume,True,2010,99,data/scedc/event_phases/2010/2010_099/10591741.phase
10592053,scedc:10592053,2010-04-09T06:51:41.330000Z,32.001,-115.09466666666668,7.58,3.6,,,SCEDC,,B,22,0.22,SCSN,32,32,-1,32,skipped_resume,True,2010,99,data/scedc/event_phases/2010/2010_099/10592053.phase
10592085,scedc:10592085,2010-04-09T06:58:24.940000Z,32.013666666666666,-115.069,9.97,3.0,,,SCEDC,,C,8,0.31,SCSN,32,32,-1,32,skipped_resume,True,2010,99,data/scedc/event_phases/2010/2010_099/10592085.phase
10592157,scedc:10592157,2010-04-09T07:20:22.310000Z,32.0445,-115.04933333333334,13.61,3.3,,,SCEDC,,B,19,0.2,SCSN,32,32,-1,32,skipped_resume,True,2010,99,data/scedc/event_phases/2010/2010_099/10592157.phase
10592173,scedc:10592173,2010-04-09T07:24:33.530000Z,32.05866666666667,-115.066,16.66,3.0,,,SCEDC,,B,23,0.2,SCSN,32,32,-1,32,skipped_resume,True,2010,99,data/scedc/event_phases/2010/2010_099/10592173.phase
10592213,scedc:10592213,2010-04-09T07:47:30.880000Z,32.3295,-115.422,14.44,3.8,,,SCEDC,,C,43,0.22,SCSN,43,44,-1,44,skipped_resume,True,2010,99,data/scedc/event_phases/2010/2010_099/10592213.phase
10592445,scedc:10592445,2010-04-09T08:50:34.400000Z,32.3265,-115.4685,18.51,3.0,,,SCEDC,,A,38,0.14,SCSN,44,44,-1,44,skipped_resume,True,2010,99,data/scedc/event_phases/2010/2010_099/10592445.phase
10592725,scedc:10592725,2010-04-09T10:09:04.150000Z,32.374833333333335,-115.3905,14.43,3.3,,,SCEDC,,C,33,0.19,SCSN,46,47,-1,47,skipped_resume,True,2010,99,data/scedc/event_phases/2010/2010_099/10592725.phase
37073883,scedc:37073883,2010-04-09T11:39:09.250000Z,32.101,-115.18316666666666,9.42,3.2,,,SCEDC,,C,14,0.25,SCSN,35,36,-1,36,skipped_resume,True,2010,99,data/scedc/event_phases/2010/2010_099/37073883.phase
37074211,scedc:37074211,2010-04-09T11:53:53.210000Z,32.007333333333335,-115.06733333333334,9.43,3.1,,,SCEDC,,C,16,0.23,SCSN,33,34,-1,34,skipped_resume,True,2010,99,data/scedc/event_phases/2010/2010_099/37074211.phase
10593141,scedc:10593141,2010-04-09T11:59:02.040000Z,32.606833333333334,-115.76483333333331,7.25,3.5,,,SCEDC,,A,59,0.19,SCSN,72,73,-1,73,skipped_resume,True,2010,99,data/scedc/event_phases/2010/2010_099/10593141.phase
10593373,scedc:10593373,2010-04-09T12:52:44.190000Z,32.139,-115.21433333333331,16.62,3.2,,,SCEDC,,B,35,0.21,SCSN,39,40,-1,40,skipped_resume,True,2010,99,data/scedc/event_phases/2010/2010_099/10593373.phase
10594021,scedc:10594021,2010-04-09T15:54:05.600000Z,32.06583333333333,-115.1385,11.88,3.1,,,SCEDC,,B,15,0.21,SCSN,33,33,-1,33,skipped_resume,True,2010,99,data/scedc/event_phases/2010/2010_099/10594021.phase
10594061,scedc:10594061,2010-04-09T16:08:07.920000Z,32.597166666666666,-115.74733333333332,4.54,3.5,,,SCEDC,,A,56,0.19,SCSN,71,73,-1,73,skipped_resume,True,2010,99,data/scedc/event_phases/2010/2010_099/10594061.phase
37075923,scedc:37075923,2010-04-09T16:08:17.830000Z,32.5965,-115.73133333333334,5.37,3.2,,,SCEDC,,A,11,0.06,SCSN,72,73,-1,73,skipped_resume,True,2010,99,data/scedc/event_phases/2010/2010_099/37075923.phase
31629759,scedc:31629759,2010-04-09T17:36:13.920000Z,32.65266666666667,-115.7255,9.69,3.0,,,SCEDC,,A,58,0.2,SCSN,75,76,-1,76,skipped_resume,True,2010,99,data/scedc/event_phases/2010/2010_099/31629759.phase
10594461,scedc:10594461,2010-04-09T18:31:20.310000Z,32.721,-115.88683333333331,6.26,3.3,,,SCEDC,,A,69,0.24,SCSN,90,91,-1,91,skipped_resume,True,2010,99,data/scedc/event_phases/2010/2010_099/10594461.phase
37078283,scedc:37078283,2010-04-09T18:32:11.350000Z,32.17366666666667,-115.0905,16.68,3.4,,,SCEDC,,B,21,0.18,SCSN,37,38,-1,38,skipped_resume,True,2010,99,data/scedc/event_phases/2010/2010_099/37078283.phase
10594589,scedc:10594589,2010-04-09T19:24:13.930000Z,32.6685,-116.00183333333334,12.25,3.2,,,SCEDC,,A,82,0.24,SCSN,93,93,-1,93,skipped_resume,True,2010,99,data/scedc/event_phases/2010/2010_099/10594589.phase
10594605,scedc:10594605,2010-04-09T19:32:18.250000Z,32.12133333333333,-115.14566666666668,15.16,3.0,,,SCEDC,,B,21,0.16,SCSN,35,35,-1,35,skipped_resume,True,2010,99,data/scedc/event_phases/2010/2010_099/10594605.phase
10594757,scedc:10594757,2010-04-09T20:53:26.560000Z,32.308,-115.35916666666668,9.43,4.1,,,SCEDC,,C,42,0.24,SCSN,45,46,-1,46,skipped_resume,True,2010,99,data/scedc/event_phases/2010/2010_099/10594757.phase
37081003,scedc:37081003,2010-04-09T21:38:47.570000Z,32.04183333333334,-115.0595,11.62,3.0,,,SCEDC,,B,22,0.18,SCSN,32,33,-1,33,skipped_resume,True,2010,99,data/scedc/event_phases/2010/2010_099/37081003.phase
10594957,scedc:10594957,2010-04-09T21:58:00.420000Z,32.66683333333334,-115.78333333333332,9.46,3.6,,,SCEDC,,A,73,0.23,SCSN,79,81,-1,81,skipped_resume,True,2010,99,data/scedc/event_phases/2010/2010_099/10594957.phase
10594989,scedc:10594989,2010-04-09T22:17:20.800000Z,32.47383333333333,-115.62866666666666,3.32,3.2,,,SCEDC,,C,48,0.21,SCSN,64,65,-1,65,skipped_resume,True,2010,99,data/scedc/event_phases/2010/2010_099/10594989.phase
10595053,scedc:10595053,2010-04-09T22:40:24.720000Z,32.407,-115.48583333333332,14.2,3.0,,,SCEDC,,A,43,0.18,SCSN,53,55,-1,55,skipped_resume,True,2010,99,data/scedc/event_phases/2010/2010_099/10595053.phase
10595133,scedc:10595133,2010-04-09T23:05:42.000000Z,32.18183333333333,-115.245,12.27,4.7,,,SCEDC,,B,54,0.16,SCSN,39,41,-1,41,skipped_resume,True,2010,99,data/scedc/event_phases/2010/2010_099/10595133.phase
10595157,scedc:10595157,2010-04-09T23:28:41.940000Z,32.177,-115.28666666666666,15.26,3.3,,,SCEDC,,B,29,0.15,SCSN,40,42,-1,42,skipped_resume,True,2010,99,data/scedc/event_phases/2010/2010_099/10595157.phase
10595277,scedc:10595277,2010-04-10T00:13:56.080000Z,32.22933333333334,-115.21966666666668,15.58,3.0,,,SCEDC,,C,21,0.16,SCSN,42,42,-1,42,skipped_resume,True,2010,100,data/scedc/event_phases/2010/2010_100/10595277.phase
10595453,scedc:10595453,2010-04-10T01:01:43.230000Z,32.136,-115.05966666666669,13.77,3.2,,,SCEDC,,B,16,0.16,SCSN,37,37,-1,37,skipped_resume,True,2010,100,data/scedc/event_phases/2010/2010_100/10595453.phase
10595461,scedc:10595461,2010-04-10T01:05:24.000000Z,32.653166666666664,-115.7375,2.67,3.3,,,SCEDC,,A,35,0.16,SCSN,77,77,-1,77,skipped_resume,True,2010,100,data/scedc/event_phases/2010/2010_100/10595461.phase
10595613,scedc:10595613,2010-04-10T01:50:57.260000Z,32.175333333333334,-115.20383333333334,9.43,3.2,,,SCEDC,,C,21,0.18,SCSN,38,38,-1,38,skipped_resume,True,2010,100,data/scedc/event_phases/2010/2010_100/10595613.phase
10595677,scedc:10595677,2010-04-10T02:16:04.260000Z,32.66883333333333,-115.778,8.53,3.4,,,SCEDC,,A,48,0.18,SCSN,80,80,-1,80,skipped_resume,True,2010,100,data/scedc/event_phases/2010/2010_100/10595677.phase
10595685,scedc:10595685,2010-04-10T02:18:09.580000Z,32.60766666666667,-115.75766666666668,7.81,3.6,,,SCEDC,,A,48,0.16,SCSN,73,73,-1,73,skipped_resume,True,2010,100,data/scedc/event_phases/2010/2010_100/10595685.phase
10595693,scedc:10595693,2010-04-10T02:20:33.320000Z,32.248,-115.31633333333332,14.01,3.2,,,SCEDC,,B,22,0.09,SCSN,42,42,-1,42,skipped_resume,True,2010,100,data/scedc/event_phases/2010/2010_100/10595693.phase
10595805,scedc:10595805,2010-04-10T02:39:19.430000Z,32.534333333333336,-115.66133333333332,8.32,3.0,,,SCEDC,,A,33,0.15,SCSN,70,70,-1,70,skipped_resume,True,2010,100,data/scedc/event_phases/2010/2010_100/10595805.phase
10595917,scedc:10595917,2010-04-10T03:09:32.530000Z,32.6745,-115.80233333333334,8.04,3.8,,,SCEDC,,A,53,0.2,SCSN,81,81,-1,81,skipped_resume,True,2010,100,data/scedc/event_phases/2010/2010_100/10595917.phase
10596077,scedc:10596077,2010-04-10T03:40:41.500000Z,32.688833333333335,-115.79933333333334,8.95,3.2,,,SCEDC,,A,56,0.2,SCSN,82,82,-1,82,skipped_resume,True,2010,100,data/scedc/event_phases/2010/2010_100/10596077.phase
10596093,scedc:10596093,2010-04-10T03:43:27.560000Z,32.69116666666667,-115.797,9.02,3.0,,,SCEDC,,A,49,0.19,SCSN,82,82,-1,82,skipped_resume,True,2010,100,data/scedc/event_phases/2010/2010_100/10596093.phase
10596173,scedc:10596173,2010-04-10T04:05:13.970000Z,32.6515,-115.7315,7.29,3.3,,,SCEDC,,A,43,0.16,SCSN,77,77,-1,77,skipped_resume,True,2010,100,data/scedc/event_phases/2010/2010_100/10596173.phase
10596205,scedc:10596205,2010-04-10T04:12:27.970000Z,32.66433333333333,-115.722,8.78,3.4,,,SCEDC,,A,37,0.12,SCSN,76,77,-1,77,skipped_resume,True,2010,100,data/scedc/event_phases/2010/2010_100/10596205.phase
10596269,scedc:10596269,2010-04-10T04:26:58.230000Z,32.18633333333333,-114.96383333333333,14.43,3.1,,,SCEDC,,C,8,0.22,SCSN,36,36,-1,36,skipped_resume,True,2010,100,data/scedc/event_phases/2010/2010_100/10596269.phase
10596301,scedc:10596301,2010-04-10T04:32:13.460000Z,32.147166666666664,-114.95716666666668,15.72,3.1,,,SCEDC,,B,13,0.23,SCSN,32,33,-1,33,skipped_resume,True,2010,100,data/scedc/event_phases/2010/2010_100/10596301.phase
10596605,scedc:10596605,2010-04-10T06:31:25.700000Z,32.113,-115.09733333333334,19.07,3.4,,,SCEDC,,B,16,0.21,SCSN,36,36,-1,36,skipped_resume,True,2010,100,data/scedc/event_phases/2010/2010_100/10596605.phase
10596989,scedc:10596989,2010-04-10T08:46:53.370000Z,32.1,-115.09616666666666,8.99,3.8,,,SCEDC,,C,12,0.28,SCSN,36,36,-1,36,skipped_resume,True,2010,100,data/scedc/event_phases/2010/2010_100/10596989.phase
10597061,scedc:10597061,2010-04-10T09:12:28.030000Z,32.675333333333334,-115.75816666666668,9.71,4.5,,,SCEDC,,A,53,0.2,SCSN,77,78,-1,78,skipped_resume,True,2010,100,data/scedc/event_phases/2010/2010_100/10597061.phase
37205253,scedc:37205253,2010-04-10T09:13:22.660000Z,32.67666666666667,-115.7505,9.87,3.6,,,SCEDC,,A,13,0.11,SCSN,78,78,-1,78,skipped_resume,True,2010,100,data/scedc/event_phases/2010/2010_100/37205253.phase
10597069,scedc:10597069,2010-04-10T09:17:14.130000Z,32.681,-115.75983333333332,10.24,3.2,,,SCEDC,,A,50,0.19,SCSN,79,79,-1,79,skipped_resume,True,2010,100,data/scedc/event_phases/2010/2010_100/10597069.phase
10597077,scedc:10597077,2010-04-10T09:19:05.010000Z,32.6855,-115.757,10.79,3.1,,,SCEDC,,A,54,0.18,SCSN,79,79,-1,79,skipped_resume,True,2010,100,data/scedc/event_phases/2010/2010_100/10597077.phase
10597101,scedc:10597101,2010-04-10T09:23:55.340000Z,32.6815,-115.75716666666666,9.39,3.0,,,SCEDC,,A,42,0.13,SCSN,77,78,-1,78,skipped_resume,True,2010,100,data/scedc/event_phases/2010/2010_100/10597101.phase
10597109,scedc:10597109,2010-04-10T09:24:42.380000Z,32.429833333333335,-115.52766666666666,13.43,3.0,,,SCEDC,,B,21,0.15,SCSN,57,57,-1,57,skipped_resume,True,2010,100,data/scedc/event_phases/2010/2010_100/10597109.phase
10597293,scedc:10597293,2010-04-10T09:52:01.200000Z,32.6805,-115.76,10.36,3.6,,,SCEDC,,A,45,0.18,SCSN,78,79,-1,79,skipped_resume,True,2010,100,data/scedc/event_phases/2010/2010_100/10597293.phase
10597877,scedc:10597877,2010-04-10T13:14:29.800000Z,32.70733333333333,-115.795,2.19,3.0,,,SCEDC,,A,16,0.21,SCSN,81,81,-1,81,skipped_resume,True,2010,100,data/scedc/event_phases/2010/2010_100/10597877.phase
10597885,scedc:10597885,2010-04-10T13:21:54.150000Z,32.672,-115.78133333333334,8.48,3.5,,,SCEDC,,A,35,0.17,SCSN,79,79,-1,79,skipped_resume,True,2010,100,data/scedc/event_phases/2010/2010_100/10597885.phase
10598173,scedc:10598173,2010-04-10T15:43:09.800000Z,32.278,-115.347,16.73,3.1,,,SCEDC,,C,13,0.1,SCSN,42,43,-1,43,skipped_resume,True,2010,100,data/scedc/event_phases/2010/2010_100/10598173.phase
10598237,scedc:10598237,2010-04-10T16:05:56.420000Z,32.15683333333333,-115.17616666666666,18.87,3.0,,,SCEDC,,B,23,0.18,SCSN,39,39,-1,39,skipped_resume,True,2010,100,data/scedc/event_phases/2010/2010_100/10598237.phase
10598341,scedc:10598341,2010-04-10T16:37:51.450000Z,32.232166666666664,-115.2375,6.46,3.4,,,SCEDC,,C,15,0.22,SCSN,41,41,-1,41,skipped_resume,True,2010,100,data/scedc/event_phases/2010/2010_100/10598341.phase
10598493,scedc:10598493,2010-04-10T17:31:40.140000Z,32.65866666666667,-115.79216666666667,8.2,3.6,,,SCEDC,,A,47,0.2,SCSN,79,79,-1,79,skipped_resume,True,2010,100,data/scedc/event_phases/2010/2010_100/10598493.phase
10598693,scedc:10598693,2010-04-10T18:47:59.560000Z,32.676,-115.801,8.57,3.8,,,SCEDC,,A,50,0.18,SCSN,79,80,-1,80,skipped_resume,True,2010,100,data/scedc/event_phases/2010/2010_100/10598693.phase
10598757,scedc:10598757,2010-04-10T19:11:52.060000Z,32.2745,-115.31316666666666,13.98,3.0,,,SCEDC,,C,22,0.15,SCSN,41,41,-1,41,skipped_resume,True,2010,100,data/scedc/event_phases/2010/2010_100/10598757.phase
10599181,scedc:10599181,2010-04-10T22:03:58.970000Z,32.67583333333333,-115.7595,10.75,3.3,,,SCEDC,,A,45,0.2,SCSN,78,78,-1,78,skipped_resume,True,2010,100,data/scedc/event_phases/2010/2010_100/10599181.phase
10599269,scedc:10599269,2010-04-10T22:37:37.430000Z,32.10666666666667,-115.14333333333332,17.94,3.3,,,SCEDC,,B,16,0.18,SCSN,36,37,-1,37,skipped_resume,True,2010,100,data/scedc/event_phases/2010/2010_100/10599269.phase
10599285,scedc:10599285,2010-04-10T22:39:00.250000Z,32.17783333333333,-115.086,13.16,3.2,,,SCEDC,,B,17,0.24,SCSN,36,36,-1,36,skipped_resume,True,2010,100,data/scedc/event_phases/2010/2010_100/10599285.phase
10599373,scedc:10599373,2010-04-10T23:11:54.960000Z,32.684,-115.76633333333334,10.42,3.3,,,SCEDC,,A,47,0.17,SCSN,77,79,-1,79,skipped_resume,True,2010,100,data/scedc/event_phases/2010/2010_100/10599373.phase
10599437,scedc:10599437,2010-04-10T23:43:43.320000Z,32.6155,-115.767,6.35,3.2,,,SCEDC,,A,46,0.16,SCSN,73,73,-1,73,skipped_resume,True,2010,100,data/scedc/event_phases/2010/2010_100/10599437.phase
10599493,scedc:10599493,2010-04-11T00:10:58.650000Z,32.42966666666667,-115.553,0.0,3.0,,,SCEDC,,C,26,0.28,SCSN,59,59,-1,59,skipped_resume,True,2010,101,data/scedc/event_phases/2010/2010_101/10599493.phase
10599501,scedc:10599501,2010-04-11T00:11:45.910000Z,32.4205,-115.56233333333331,9.36,3.0,,,SCEDC,,B,31,0.14,SCSN,59,59,-1,59,skipped_resume,True,2010,101,data/scedc/event_phases/2010/2010_101/10599501.phase
10599557,scedc:10599557,2010-04-11T00:32:42.760000Z,32.23133333333333,-115.18733333333331,14.45,3.3,,,SCEDC,,C,15,0.22,SCSN,41,41,-1,41,skipped_resume,True,2010,101,data/scedc/event_phases/2010/2010_101/10599557.phase
31157759,scedc:31157759,2010-04-11T00:46:31.790000Z,32.09,-115.16266666666668,17.42,3.9,,,SCEDC,,C,15,0.22,SCSN,36,36,-1,36,skipped_resume,True,2010,101,data/scedc/event_phases/2010/2010_101/31157759.phase
10599653,scedc:10599653,2010-04-11T01:02:14.760000Z,32.61416666666667,-115.75366666666666,7.21,3.2,,,SCEDC,,A,44,0.14,SCSN,67,68,-1,68,skipped_resume,True,2010,101,data/scedc/event_phases/2010/2010_101/10599653.phase
10600333,scedc:10600333,2010-04-11T05:21:46.090000Z,32.6345,-115.75716666666666,7.04,3.0,,,SCEDC,,A,38,0.16,SCSN,76,76,-1,76,skipped_resume,True,2010,101,data/scedc/event_phases/2010/2010_101/10600333.phase
10600349,scedc:10600349,2010-04-11T05:30:11.700000Z,32.5295,-115.61416666666666,13.78,3.0,,,SCEDC,,A,41,0.15,SCSN,65,65,-1,65,skipped_resume,True,2010,101,data/scedc/event_phases/2010/2010_101/10600349.phase
10600549,scedc:10600549,2010-04-11T06:30:26.270000Z,32.63433333333333,-115.71516666666666,7.25,3.3,,,SCEDC,,A,44,0.15,SCSN,72,72,-1,72,skipped_resume,True,2010,101,data/scedc/event_phases/2010/2010_101/10600549.phase
10601013,scedc:10601013,2010-04-11T08:50:13.330000Z,32.348,-115.42166666666668,14.23,3.5,,,SCEDC,,A,27,0.12,SCSN,45,45,-1,45,skipped_resume,True,2010,101,data/scedc/event_phases/2010/2010_101/10601013.phase
10601021,scedc:10601021,2010-04-11T08:52:20.600000Z,32.089,-115.06216666666668,15.83,3.4,,,SCEDC,,B,17,0.18,SCSN,32,32,-1,32,skipped_resume,True,2010,101,data/scedc/event_phases/2010/2010_101/10601021.phase
10601253,scedc:10601253,2010-04-11T09:52:52.260000Z,32.31133333333333,-115.31816666666668,18.68,3.5,,,SCEDC,,B,31,0.17,SCSN,43,43,-1,43,skipped_resume,True,2010,101,data/scedc/event_phases/2010/2010_101/10601253.phase
10601613,scedc:10601613,2010-04-11T11:50:32.780000Z,32.60783333333333,-115.768,5.38,3.1,,,SCEDC,,A,31,0.21,SCSN,73,73,-1,73,skipped_resume,True,2010,101,data/scedc/event_phases/2010/2010_101/10601613.phase
10601749,scedc:10601749,2010-04-11T12:49:15.380000Z,32.099,-115.15083333333334,14.42,3.3,,,SCEDC,,C,23,0.27,SCSN,36,36,-1,36,skipped_resume,True,2010,101,data/scedc/event_phases/2010/2010_101/10601749.phase
10601837,scedc:10601837,2010-04-11T13:20:48.710000Z,32.175666666666665,-115.07566666666666,15.69,3.4,,,SCEDC,,B,18,0.18,SCSN,36,36,-1,36,skipped_resume,True,2010,101,data/scedc/event_phases/2010/2010_101/10601837.phase
10601877,scedc:10601877,2010-04-11T13:29:09.740000Z,32.1555,-115.08266666666668,19.18,3.7,,,SCEDC,,B,16,0.21,SCSN,36,36,-1,36,skipped_resume,True,2010,101,data/scedc/event_phases/2010/2010_101/10601877.phase
37227469,scedc:37227469,2010-04-11T13:54:52.990000Z,32.09883333333333,-115.02016666666668,17.02,3.5,,,SCEDC,,B,16,0.14,SCSN,32,32,-1,32,skipped_resume,True,2010,101,data/scedc/event_phases/2010/2010_101/37227469.phase
10602077,scedc:10602077,2010-04-11T14:29:07.660000Z,32.31166666666667,-115.366,15.13,3.3,,,SCEDC,,C,21,0.14,SCSN,43,43,-1,43,skipped_resume,True,2010,101,data/scedc/event_phases/2010/2010_101/10602077.phase
10602149,scedc:10602149,2010-04-11T14:56:20.560000Z,32.20466666666667,-115.10016666666668,13.99,3.5,,,SCEDC,,B,20,0.19,SCSN,40,41,-1,41,skipped_resume,True,2010,101,data/scedc/event_phases/2010/2010_101/10602149.phase
10602229,scedc:10602229,2010-04-11T15:15:54.690000Z,32.07783333333333,-115.11766666666666,10.31,3.4,,,SCEDC,,C,9,0.2,SCSN,33,34,-1,34,skipped_resume,True,2010,101,data/scedc/event_phases/2010/2010_101/10602229.phase
10602405,scedc:10602405,2010-04-11T16:23:42.190000Z,32.315333333333335,-115.36516666666668,14.43,3.0,,,SCEDC,,C,25,0.15,SCSN,43,44,-1,44,skipped_resume,True,2010,101,data/scedc/event_phases/2010/2010_101/10602405.phase
10602453,scedc:10602453,2010-04-11T16:42:04.040000Z,32.33266666666667,-115.318,17.55,4.4,,,SCEDC,,B,28,0.14,SCSN,43,44,-1,44,skipped_resume,True,2010,101,data/scedc/event_phases/2010/2010_101/10602453.phase
37227701,scedc:37227701,2010-04-11T16:44:42.310000Z,32.2825,-115.31933333333332,14.99,3.1,,,SCEDC,,C,14,0.1,SCSN,43,43,-1,43,skipped_resume,True,2010,101,data/scedc/event_phases/2010/2010_101/37227701.phase
10602461,scedc:10602461,2010-04-11T16:48:21.720000Z,32.35766666666667,-115.328,10.23,3.1,,,SCEDC,,C,29,0.15,SCSN,43,44,-1,44,skipped_resume,True,2010,101,data/scedc/event_phases/2010/2010_101/10602461.phase
10602797,scedc:10602797,2010-04-11T19:13:49.330000Z,32.12316666666667,-115.083,18.75,4.0,,,SCEDC,,B,14,0.11,SCSN,37,37,-1,37,skipped_resume,True,2010,101,data/scedc/event_phases/2010/2010_101/10602797.phase
37227837,scedc:37227837,2010-04-11T19:17:33.540000Z,32.099,-115.064,13.7,3.0,,,SCEDC,,B,15,0.18,SCSN,33,33,-1,33,skipped_resume,True,2010,101,data/scedc/event_phases/2010/2010_101/37227837.phase
10602813,scedc:10602813,2010-04-11T19:22:11.310000Z,32.08833333333333,-115.0405,17.54,3.1,,,SCEDC,,B,18,0.21,SCSN,33,33,-1,33,skipped_resume,True,2010,101,data/scedc/event_phases/2010/2010_101/10602813.phase
10602949,scedc:10602949,2010-04-11T19:55:19.860000Z,32.60816666666667,-115.75216666666668,7.87,3.0,,,SCEDC,,A,30,0.15,SCSN,72,72,-1,72,skipped_resume,True,2010,101,data/scedc/event_phases/2010/2010_101/10602949.phase
10602989,scedc:10602989,2010-04-11T20:05:47.280000Z,32.6455,-115.7655,4.33,3.4,,,SCEDC,,A,44,0.16,SCSN,77,78,-1,78,skipped_resume,True,2010,101,data/scedc/event_phases/2010/2010_101/10602989.phase
10603141,scedc:10603141,2010-04-11T21:09:14.880000Z,32.42883333333333,-115.53883333333332,1.38,3.2,,,SCEDC,,C,29,0.15,SCSN,58,59,-1,59,skipped_resume,True,2010,101,data/scedc/event_phases/2010/2010_101/10603141.phase
10603301,scedc:10603301,2010-04-11T22:02:36.240000Z,32.403333333333336,-115.53733333333334,10.89,3.3,,,SCEDC,,C,28,0.12,SCSN,56,57,-1,57,skipped_resume,True,2010,101,data/scedc/event_phases/2010/2010_101/10603301.phase
10603485,scedc:10603485,2010-04-11T22:55:10.470000Z,32.6455,-115.7635,4.55,3.6,,,SCEDC,,A,42,0.16,SCSN,77,78,-1,78,skipped_resume,True,2010,101,data/scedc/event_phases/2010/2010_101/10603485.phase
10603669,scedc:10603669,2010-04-12T00:06:55.060000Z,32.36816666666667,-115.3745,9.44,3.2,,,SCEDC,,C,23,0.22,SCSN,46,46,-1,46,skipped_resume,True,2010,102,data/scedc/event_phases/2010/2010_102/10603669.phase
31261767,scedc:31261767,2010-04-12T00:47:55.590000Z,32.19616666666667,-115.09,14.65,3.5,,,SCEDC,,B,17,0.12,SCSN,39,39,-1,39,skipped_resume,True,2010,102,data/scedc/event_phases/2010/2010_102/31261767.phase
10603837,scedc:10603837,2010-04-12T01:52:07.860000Z,32.224,-115.282,13.44,3.9,,,SCEDC,,A,28,0.15,SCSN,42,42,-1,42,skipped_resume,True,2010,102,data/scedc/event_phases/2010/2010_102/10603837.phase
10603853,scedc:10603853,2010-04-12T02:04:24.180000Z,32.681333333333335,-115.8015,9.34,3.4,,,SCEDC,,A,56,0.18,SCSN,82,82,-1,82,skipped_resume,True,2010,102,data/scedc/event_phases/2010/2010_102/10603853.phase
10603957,scedc:10603957,2010-04-12T02:47:01.280000Z,32.60766666666667,-115.75216666666668,3.77,3.0,,,SCEDC,,A,46,0.12,SCSN,73,73,-1,73,skipped_resume,True,2010,102,data/scedc/event_phases/2010/2010_102/10603957.phase
10604101,scedc:10604101,2010-04-12T03:37:03.320000Z,32.5125,-115.62866666666666,6.56,3.0,,,SCEDC,,B,40,0.12,SCSN,66,66,-1,66,skipped_resume,True,2010,102,data/scedc/event_phases/2010/2010_102/10604101.phase
10604285,scedc:10604285,2010-04-12T05:29:50.660000Z,32.4235,-115.496,15.8,3.3,,,SCEDC,,A,36,0.16,SCSN,55,55,-1,55,skipped_resume,True,2010,102,data/scedc/event_phases/2010/2010_102/10604285.phase
10604309,scedc:10604309,2010-04-12T05:35:22.210000Z,32.56783333333333,-115.65716666666668,11.69,3.2,,,SCEDC,,A,44,0.12,SCSN,70,70,-1,70,skipped_resume,True,2010,102,data/scedc/event_phases/2010/2010_102/10604309.phase
10604477,scedc:10604477,2010-04-12T07:44:21.480000Z,32.604166666666664,-115.72116666666666,9.72,3.8,,,SCEDC,,A,42,0.15,SCSN,72,73,-1,73,skipped_resume,True,2010,102,data/scedc/event_phases/2010/2010_102/10604477.phase
10604581,scedc:10604581,2010-04-12T09:08:22.020000Z,32.69283333333333,-115.80283333333334,8.84,3.5,,,SCEDC,,A,45,0.14,SCSN,82,82,-1,82,skipped_resume,True,2010,102,data/scedc/event_phases/2010/2010_102/10604581.phase
10604749,scedc:10604749,2010-04-12T10:36:14.280000Z,32.657833333333336,-115.7915,1.62,3.6,,,SCEDC,,A,42,0.18,SCSN,80,80,-1,80,skipped_resume,True,2010,102,data/scedc/event_phases/2010/2010_102/10604749.phase
10604773,scedc:10604773,2010-04-12T10:46:00.560000Z,32.663833333333336,-115.78733333333334,0.76,3.2,,,SCEDC,,A,36,0.14,SCSN,80,80,-1,80,skipped_resume,True,2010,102,data/scedc/event_phases/2010/2010_102/10604773.phase
10604789,scedc:10604789,2010-04-12T10:53:15.240000Z,32.11866666666667,-115.02233333333334,14.43,3.6,,,SCEDC,,C,19,0.22,SCSN,34,34,-1,34,skipped_resume,True,2010,102,data/scedc/event_phases/2010/2010_102/10604789.phase
10605117,scedc:10605117,2010-04-12T14:00:30.710000Z,32.6245,-115.7545,6.53,3.0,,,SCEDC,,A,36,0.11,SCSN,74,74,-1,74,skipped_resume,True,2010,102,data/scedc/event_phases/2010/2010_102/10605117.phase
10605141,scedc:10605141,2010-04-12T14:17:50.700000Z,32.67166666666667,-115.7765,3.35,3.3,,,SCEDC,,A,40,0.17,SCSN,80,80,-1,80,skipped_resume,True,2010,102,data/scedc/event_phases/2010/2010_102/10605141.phase
10605149,scedc:10605149,2010-04-12T14:33:51.250000Z,32.65116666666667,-115.72566666666668,9.72,3.1,,,SCEDC,,A,29,0.14,SCSN,75,75,-1,75,skipped_resume,True,2010,102,data/scedc/event_phases/2010/2010_102/10605149.phase
10605269,scedc:10605269,2010-04-12T15:34:55.050000Z,32.6795,-115.79783333333332,8.86,3.2,,,SCEDC,,A,45,0.21,SCSN,81,81,-1,81,skipped_resume,True,2010,102,data/scedc/event_phases/2010/2010_102/10605269.phase
10605685,scedc:10605685,2010-04-12T19:51:18.340000Z,32.19766666666666,-115.2745,9.43,3.3,,,SCEDC,,C,17,0.15,SCSN,40,41,-1,41,skipped_resume,True,2010,102,data/scedc/event_phases/2010/2010_102/10605685.phase
10605749,scedc:10605749,2010-04-12T20:43:13.590000Z,32.544333333333334,-115.6395,9.83,3.1,,,SCEDC,,A,38,0.12,SCSN,69,70,-1,70,skipped_resume,True,2010,102,data/scedc/event_phases/2010/2010_102/10605749.phase
10605957,scedc:10605957,2010-04-12T22:18:40.540000Z,32.68566666666667,-115.764,6.68,3.2,,,SCEDC,,A,42,0.19,SCSN,77,78,-1,78,skipped_resume,True,2010,102,data/scedc/event_phases/2010/2010_102/10605957.phase
37225973,scedc:37225973,2010-04-12T23:06:22.320000Z,32.17966666666667,-115.037,17.1,3.0,,,SCEDC,,B,11,0.17,SCSN,37,37,-1,37,skipped_resume,True,2010,102,data/scedc/event_phases/2010/2010_102/37225973.phase
10606053,scedc:10606053,2010-04-12T23:06:29.870000Z,32.14783333333333,-115.13583333333334,17.4,3.5,,,SCEDC,,C,32,0.19,SCSN,36,36,-1,36,skipped_resume,True,2010,102,data/scedc/event_phases/2010/2010_102/10606053.phase
10606485,scedc:10606485,2010-04-13T03:39:31.740000Z,32.663833333333336,-115.77983333333331,2.25,3.4,,,SCEDC,,A,45,0.17,SCSN,78,79,-1,79,skipped_resume,True,2010,103,data/scedc/event_phases/2010/2010_103/10606485.phase
10606693,scedc:10606693,2010-04-13T05:36:13.850000Z,32.27133333333333,-115.37183333333331,13.98,3.4,,,SCEDC,,C,22,0.16,SCSN,43,43,-1,43,skipped_resume,True,2010,103,data/scedc/event_phases/2010/2010_103/10606693.phase
10607365,scedc:10607365,2010-04-13T11:56:27.990000Z,32.2215,-115.27183333333332,13.65,3.0,,,SCEDC,,B,27,0.14,SCSN,41,41,-1,41,skipped_resume,True,2010,103,data/scedc/event_phases/2010/2010_103/10607365.phase
10607397,scedc:10607397,2010-04-13T12:16:01.350000Z,32.18033333333333,-115.04716666666668,14.57,3.2,,,SCEDC,,B,16,0.15,SCSN,37,37,-1,37,skipped_resume,True,2010,103,data/scedc/event_phases/2010/2010_103/10607397.phase
10607389,scedc:10607389,2010-04-13T12:18:34.970000Z,32.012166666666666,-115.01466666666668,18.61,3.6,,,SCEDC,,D,16,0.14,SCSN,32,32,-1,32,skipped_resume,True,2010,103,data/scedc/event_phases/2010/2010_103/10607389.phase
10607469,scedc:10607469,2010-04-13T12:58:56.260000Z,32.05916666666667,-115.072,16.75,3.0,,,SCEDC,,B,16,0.17,SCSN,33,33,-1,33,skipped_resume,True,2010,103,data/scedc/event_phases/2010/2010_103/10607469.phase
10607485,scedc:10607485,2010-04-13T13:15:36.770000Z,32.71333333333333,-115.85883333333334,2.26,3.4,,,SCEDC,,A,54,0.17,SCSN,83,83,-1,83,skipped_resume,True,2010,103,data/scedc/event_phases/2010/2010_103/10607485.phase
37220101,scedc:37220101,2010-04-13T13:17:10.470000Z,32.16866666666667,-115.08916666666669,13.27,3.1,,,SCEDC,,B,16,0.14,SCSN,37,37,-1,37,skipped_resume,True,2010,103,data/scedc/event_phases/2010/2010_103/37220101.phase
10607629,scedc:10607629,2010-04-13T15:06:51.460000Z,32.075833333333335,-115.15616666666666,16.48,3.2,,,SCEDC,,C,21,0.25,SCSN,35,35,-1,35,skipped_resume,True,2010,103,data/scedc/event_phases/2010/2010_103/10607629.phase
10607677,scedc:10607677,2010-04-13T15:36:32.100000Z,32.67616666666667,-115.7865,4.24,4.0,,,SCEDC,,A,54,0.18,SCSN,78,79,-1,79,skipped_resume,True,2010,103,data/scedc/event_phases/2010/2010_103/10607677.phase
10607685,scedc:10607685,2010-04-13T15:45:14.570000Z,32.0325,-115.0235,14.97,3.0,,,SCEDC,,C,16,0.3,SCSN,32,32,-1,32,skipped_resume,True,2010,103,data/scedc/event_phases/2010/2010_103/10607685.phase
10607813,scedc:10607813,2010-04-13T16:24:56.700000Z,32.711,-115.9815,3.32,3.2,,,SCEDC,,A,48,0.17,SCSN,91,91,-1,91,skipped_resume,True,2010,103,data/scedc/event_phases/2010/2010_103/10607813.phase
10607917,scedc:10607917,2010-04-13T17:23:11.530000Z,32.3305,-115.30133333333332,17.71,3.0,,,SCEDC,,B,25,0.16,SCSN,44,44,-1,44,skipped_resume,True,2010,103,data/scedc/event_phases/2010/2010_103/10607917.phase
10607965,scedc:10607965,2010-04-13T17:41:58.050000Z,32.66766666666667,-115.7585,9.99,3.2,,,SCEDC,,C,45,0.13,SCSN,76,77,-1,77,skipped_resume,True,2010,103,data/scedc/event_phases/2010/2010_103/10607965.phase
10608077,scedc:10608077,2010-04-13T18:50:24.030000Z,32.22116666666667,-115.23333333333332,13.05,3.0,,,SCEDC,,B,21,0.14,SCSN,41,41,-1,41,skipped_resume,True,2010,103,data/scedc/event_phases/2010/2010_103/10608077.phase
10608445,scedc:10608445,2010-04-13T22:04:02.970000Z,32.158833333333334,-115.16283333333334,12.33,3.0,,,SCEDC,,B,20,0.15,SCSN,39,39,-1,39,skipped_resume,True,2010,103,data/scedc/event_phases/2010/2010_103/10608445.phase
10608437,scedc:10608437,2010-04-13T22:05:33.790000Z,32.228833333333334,-115.28516666666668,19.28,3.1,,,SCEDC,,A,28,0.12,SCSN,41,41,-1,41,skipped_resume,True,2010,103,data/scedc/event_phases/2010/2010_103/10608437.phase
10608469,scedc:10608469,2010-04-13T22:16:28.020000Z,32.64783333333333,-115.71133333333331,8.2,3.0,,,SCEDC,,A,37,0.14,SCSN,73,73,-1,73,skipped_resume,True,2010,103,data/scedc/event_phases/2010/2010_103/10608469.phase
10608485,scedc:10608485,2010-04-13T22:18:48.840000Z,32.177,-115.17483333333334,12.08,3.1,,,SCEDC,,B,19,0.14,SCSN,39,39,-1,39,skipped_resume,True,2010,103,data/scedc/event_phases/2010/2010_103/10608485.phase
10609773,scedc:10609773,2010-04-14T11:19:59.520000Z,32.678,-115.76733333333334,2.26,3.8,,,SCEDC,,A,47,0.19,SCSN,77,77,-1,77,skipped_resume,True,2010,104,data/scedc/event_phases/2010/2010_104/10609773.phase
10610021,scedc:10610021,2010-04-14T13:45:39.460000Z,32.3325,-115.31833333333331,15.56,3.3,,,SCEDC,,C,23,0.18,SCSN,42,43,-1,43,skipped_resume,True,2010,104,data/scedc/event_phases/2010/2010_104/10610021.phase
10610149,scedc:10610149,2010-04-14T15:18:52.000000Z,32.13966666666666,-115.17366666666666,15.95,3.0,,,SCEDC,,C,16,0.24,SCSN,38,38,-1,38,skipped_resume,True,2010,104,data/scedc/event_phases/2010/2010_104/10610149.phase
10610333,scedc:10610333,2010-04-14T17:23:07.760000Z,32.343833333333336,-115.31333333333332,9.43,3.5,,,SCEDC,,C,22,0.16,SCSN,44,44,-1,44,skipped_resume,True,2010,104,data/scedc/event_phases/2010/2010_104/10610333.phase
10610389,scedc:10610389,2010-04-14T17:42:23.140000Z,32.163,-115.19733333333332,16.74,3.1,,,SCEDC,,B,15,0.15,SCSN,40,40,-1,40,skipped_resume,True,2010,104,data/scedc/event_phases/2010/2010_104/10610389.phase
10610541,scedc:10610541,2010-04-14T19:14:39.070000Z,32.58583333333333,-115.689,10.62,3.2,,,SCEDC,,A,48,0.14,SCSN,70,70,-1,70,skipped_resume,True,2010,104,data/scedc/event_phases/2010/2010_104/10610541.phase
31813759,scedc:31813759,2010-04-14T22:34:53.470000Z,32.2695,-115.2075,9.44,3.3,,,SCEDC,,C,23,0.22,SCSN,43,43,-1,43,skipped_resume,True,2010,104,data/scedc/event_phases/2010/2010_104/31813759.phase
10610941,scedc:10610941,2010-04-14T22:34:54.360000Z,32.19016666666667,-115.19233333333334,13.98,4.4,,,SCEDC,,C,21,0.22,SCSN,41,41,-1,41,skipped_resume,True,2010,104,data/scedc/event_phases/2010/2010_104/10610941.phase
10611069,scedc:10611069,2010-04-15T00:37:00.050000Z,32.2425,-115.29166666666669,16.0,3.4,,,SCEDC,,B,24,0.08,SCSN,42,42,-1,42,skipped_resume,True,2010,105,data/scedc/event_phases/2010/2010_105/10611069.phase
31845759,scedc:31845759,2010-04-15T02:52:23.580000Z,32.11666666666667,-115.17016666666666,9.42,3.2,,,SCEDC,,C,19,0.19,SCSN,38,38,-1,38,skipped_resume,True,2010,105,data/scedc/event_phases/2010/2010_105/31845759.phase
10611461,scedc:10611461,2010-04-15T04:04:12.340000Z,32.098,-115.08866666666668,9.97,3.0,,,SCEDC,,C,14,0.28,SCSN,35,35,-1,35,skipped_resume,True,2010,105,data/scedc/event_phases/2010/2010_105/10611461.phase
37186429,scedc:37186429,2010-04-15T04:05:53.630000Z,32.719,-115.814,2.69,3.3,,,SCEDC,,A,11,0.07,SCSN,79,79,-1,79,skipped_resume,True,2010,105,data/scedc/event_phases/2010/2010_105/37186429.phase
10611581,scedc:10611581,2010-04-15T05:06:38.870000Z,32.0715,-115.12766666666668,13.63,3.4,,,SCEDC,,D,13,0.3,SCSN,35,35,-1,35,skipped_resume,True,2010,105,data/scedc/event_phases/2010/2010_105/10611581.phase
37186749,scedc:37186749,2010-04-15T05:07:32.000000Z,32.101,-115.07183333333332,14.32,3.7,,,SCEDC,,B,20,0.21,SCSN,35,35,-1,35,skipped_resume,True,2010,105,data/scedc/event_phases/2010/2010_105/37186749.phase
37186757,scedc:37186757,2010-04-15T05:08:04.980000Z,32.0685,-115.08233333333334,6.89,3.6,,,SCEDC,,B,12,0.14,SCSN,34,34,-1,34,skipped_resume,True,2010,105,data/scedc/event_phases/2010/2010_105/37186757.phase
10611597,scedc:10611597,2010-04-15T05:14:27.370000Z,32.0125,-115.09033333333332,5.93,3.2,,,SCEDC,,C,21,0.37,SCSN,32,32,-1,32,skipped_resume,True,2010,105,data/scedc/event_phases/2010/2010_105/10611597.phase
10611701,scedc:10611701,2010-04-15T06:19:55.700000Z,32.6115,-115.7615,8.05,3.5,,,SCEDC,,A,51,0.17,SCSN,73,73,-1,73,skipped_resume,True,2010,105,data/scedc/event_phases/2010/2010_105/10611701.phase
10611741,scedc:10611741,2010-04-15T06:35:20.510000Z,32.70733333333333,-115.85866666666666,6.62,3.2,,,SCEDC,,A,56,0.2,SCSN,84,84,-1,84,skipped_resume,True,2010,105,data/scedc/event_phases/2010/2010_105/10611741.phase
10611797,scedc:10611797,2010-04-15T07:07:39.530000Z,32.32933333333333,-115.33216666666668,7.7,3.0,,,SCEDC,,B,21,0.09,SCSN,45,45,-1,45,skipped_resume,True,2010,105,data/scedc/event_phases/2010/2010_105/10611797.phase
10611837,scedc:10611837,2010-04-15T07:17:22.280000Z,32.366,-115.32516666666666,15.39,3.0,,,SCEDC,,C,20,0.13,SCSN,44,44,-1,44,skipped_resume,True,2010,105,data/scedc/event_phases/2010/2010_105/10611837.phase
10611861,scedc:10611861,2010-04-15T07:29:17.810000Z,32.163333333333334,-115.06116666666668,16.43,3.1,,,SCEDC,,C,13,0.21,SCSN,35,35,-1,35,skipped_resume,True,2010,105,data/scedc/event_phases/2010/2010_105/10611861.phase
10612053,scedc:10612053,2010-04-15T08:51:05.420000Z,32.62233333333333,-115.76733333333334,7.4,3.0,,,SCEDC,,A,44,0.17,SCSN,72,72,-1,72,skipped_resume,True,2010,105,data/scedc/event_phases/2010/2010_105/10612053.phase
31829759,scedc:31829759,2010-04-15T09:21:37.780000Z,32.033833333333334,-115.057,9.39,4.4,,,SCEDC,,B,16,0.13,SCSN,34,34,-1,34,skipped_resume,True,2010,105,data/scedc/event_phases/2010/2010_105/31829759.phase
10612189,scedc:10612189,2010-04-15T09:28:18.550000Z,32.24516666666667,-115.31266666666669,9.39,3.2,,,SCEDC,,C,20,0.11,SCSN,33,33,-1,33,skipped_resume,True,2010,105,data/scedc/event_phases/2010/2010_105/10612189.phase
10612493,scedc:10612493,2010-04-15T11:56:26.480000Z,32.358333333333334,-115.3145,8.94,3.0,,,SCEDC,,C,20,0.15,SCSN,32,32,-1,32,skipped_resume,True,2010,105,data/scedc/event_phases/2010/2010_105/10612493.phase
10612725,scedc:10612725,2010-04-15T14:28:54.000000Z,32.6735,-115.76433333333334,8.69,3.0,,,SCEDC,,A,41,0.16,SCSN,80,80,-1,80,skipped_resume,True,2010,105,data/scedc/event_phases/2010/2010_105/10612725.phase
10613493,scedc:10613493,2010-04-15T21:13:05.040000Z,32.6585,-115.76033333333334,8.9,3.0,,,SCEDC,,A,47,0.14,SCSN,79,79,-1,79,skipped_resume,True,2010,105,data/scedc/event_phases/2010/2010_105/10613493.phase
10613517,scedc:10613517,2010-04-15T21:33:13.140000Z,32.64833333333333,-115.72116666666666,9.41,3.5,,,SCEDC,,A,45,0.17,SCSN,75,75,-1,75,skipped_resume,True,2010,105,data/scedc/event_phases/2010/2010_105/10613517.phase
37197101,scedc:37197101,2010-04-15T23:53:56.320000Z,32.3235,-115.3235,19.28,3.2,,,SCEDC,,B,26,0.13,SCSN,45,45,-1,45,skipped_resume,True,2010,105,data/scedc/event_phases/2010/2010_105/37197101.phase
10613973,scedc:10613973,2010-04-16T01:23:17.600000Z,32.6665,-115.7905,5.31,3.4,,,SCEDC,,A,40,0.13,SCSN,78,79,-1,79,skipped_resume,True,2010,106,data/scedc/event_phases/2010/2010_106/10613973.phase
10614101,scedc:10614101,2010-04-16T02:12:46.160000Z,32.26416666666667,-115.3415,8.98,3.5,,,SCEDC,,C,21,0.11,SCSN,42,43,-1,43,skipped_resume,True,2010,106,data/scedc/event_phases/2010/2010_106/10614101.phase
10614317,scedc:10614317,2010-04-16T04:06:10.630000Z,32.30866666666667,-115.436,17.26,3.2,,,SCEDC,,B,24,0.11,SCSN,44,44,-1,44,skipped_resume,True,2010,106,data/scedc/event_phases/2010/2010_106/10614317.phase
10614365,scedc:10614365,2010-04-16T04:16:57.850000Z,32.4425,-115.54966666666668,8.21,3.0,,,SCEDC,,A,35,0.15,SCSN,60,60,-1,60,skipped_resume,True,2010,106,data/scedc/event_phases/2010/2010_106/10614365.phase
10614397,scedc:10614397,2010-04-16T04:30:01.760000Z,32.632333333333335,-115.73416666666668,2.98,3.6,,,SCEDC,,A,37,0.12,SCSN,74,74,-1,74,skipped_resume,True,2010,106,data/scedc/event_phases/2010/2010_106/10614397.phase
32069767,scedc:32069767,2010-04-16T04:30:24.060000Z,32.6105,-115.72816666666668,1.97,3.3,,,SCEDC,,A,19,0.15,SCSN,73,73,-1,73,skipped_resume,True,2010,106,data/scedc/event_phases/2010/2010_106/32069767.phase
10614493,scedc:10614493,2010-04-16T05:33:36.950000Z,32.1625,-115.28266666666669,8.98,3.3,,,SCEDC,,C,27,0.2,SCSN,41,41,-1,41,skipped_resume,True,2010,106,data/scedc/event_phases/2010/2010_106/10614493.phase
37174245,scedc:37174245,2010-04-16T06:49:20.060000Z,32.05833333333333,-115.20383333333334,11.54,3.2,,,SCEDC,,C,17,0.29,SCSN,37,37,-1,37,skipped_resume,True,2010,106,data/scedc/event_phases/2010/2010_106/37174245.phase
32037759,scedc:32037759,2010-04-16T11:25:02.910000Z,32.463,-115.633,5.1,3.0,,,SCEDC,,C,26,0.19,SCSN,64,64,-1,64,skipped_resume,True,2010,106,data/scedc/event_phases/2010/2010_106/32037759.phase
10615501,scedc:10615501,2010-04-16T13:16:19.320000Z,32.21966666666667,-115.2655,8.98,3.7,,,SCEDC,,C,17,0.2,SCSN,41,42,-1,42,skipped_resume,True,2010,106,data/scedc/event_phases/2010/2010_106/10615501.phase
10615613,scedc:10615613,2010-04-16T14:28:43.960000Z,32.092,-115.18216666666666,9.42,3.8,,,SCEDC,,C,19,0.24,SCSN,34,34,-1,34,skipped_resume,True,2010,106,data/scedc/event_phases/2010/2010_106/10615613.phase
10615725,scedc:10615725,2010-04-16T15:44:29.860000Z,32.29633333333334,-115.346,9.43,4.0,,,SCEDC,,C,17,0.12,SCSN,44,44,-1,44,skipped_resume,True,2010,106,data/scedc/event_phases/2010/2010_106/10615725.phase
10615853,scedc:10615853,2010-04-16T16:39:33.020000Z,32.239,-115.349,9.44,3.0,,,SCEDC,,C,21,0.14,SCSN,43,43,-1,43,skipped_resume,True,2010,106,data/scedc/event_phases/2010/2010_106/10615853.phase
10616181,scedc:10616181,2010-04-16T19:20:09.480000Z,32.704166666666666,-115.77816666666666,8.66,3.0,,,SCEDC,,A,48,0.2,SCSN,81,81,-1,81,skipped_resume,True,2010,106,data/scedc/event_phases/2010/2010_106/10616181.phase
10616293,scedc:10616293,2010-04-16T20:13:40.240000Z,32.18783333333333,-115.22066666666667,8.98,3.3,,,SCEDC,,C,17,0.21,SCSN,41,41,-1,41,skipped_resume,True,2010,106,data/scedc/event_phases/2010/2010_106/10616293.phase
10616381,scedc:10616381,2010-04-16T21:28:44.080000Z,32.66,-115.77066666666668,8.54,3.4,,,SCEDC,,A,49,0.18,SCSN,79,79,-1,79,skipped_resume,True,2010,106,data/scedc/event_phases/2010/2010_106/10616381.phase
10616485,scedc:10616485,2010-04-16T22:24:36.980000Z,32.28816666666667,-115.39016666666669,7.04,3.1,,,SCEDC,,C,34,0.13,SCSN,44,44,-1,44,skipped_resume,True,2010,106,data/scedc/event_phases/2010/2010_106/10616485.phase
10616661,scedc:10616661,2010-04-16T23:54:50.160000Z,32.609833333333334,-115.75933333333332,7.24,3.7,,,SCEDC,,A,59,0.15,SCSN,73,73,-1,73,skipped_resume,True,2010,106,data/scedc/event_phases/2010/2010_106/10616661.phase
10616741,scedc:10616741,2010-04-17T00:42:24.690000Z,32.1855,-115.21233333333332,17.6,3.1,,,SCEDC,,B,26,0.12,SCSN,41,41,-1,41,skipped_resume,True,2010,107,data/scedc/event_phases/2010/2010_107/10616741.phase
10617277,scedc:10617277,2010-04-17T05:52:57.020000Z,32.23833333333334,-115.26316666666666,15.56,3.4,,,SCEDC,,B,31,0.19,SCSN,42,42,-1,42,skipped_resume,True,2010,107,data/scedc/event_phases/2010/2010_107/10617277.phase
10617493,scedc:10617493,2010-04-17T07:45:24.580000Z,32.053666666666665,-115.04266666666666,17.1,3.3,,,SCEDC,,B,11,0.25,SCSN,34,34,-1,34,skipped_resume,True,2010,107,data/scedc/event_phases/2010/2010_107/10617493.phase
10617613,scedc:10617613,2010-04-17T09:06:56.720000Z,32.586166666666664,-115.67416666666666,8.94,3.3,,,SCEDC,,A,48,0.14,SCSN,71,71,-1,71,skipped_resume,True,2010,107,data/scedc/event_phases/2010/2010_107/10617613.phase
10617949,scedc:10617949,2010-04-17T12:43:04.130000Z,32.536833333333334,-115.61116666666666,13.99,3.4,,,SCEDC,,A,38,0.17,SCSN,66,66,-1,66,skipped_resume,True,2010,107,data/scedc/event_phases/2010/2010_107/10617949.phase
10618205,scedc:10618205,2010-04-17T14:50:05.850000Z,32.4955,-115.63333333333334,7.4,3.0,,,SCEDC,,A,33,0.18,SCSN,65,66,-1,66,skipped_resume,True,2010,107,data/scedc/event_phases/2010/2010_107/10618205.phase
10618341,scedc:10618341,2010-04-17T16:09:54.080000Z,32.309666666666665,-115.3425,8.97,4.1,,,SCEDC,,B,30,0.21,SCSN,43,43,-1,43,skipped_resume,True,2010,107,data/scedc/event_phases/2010/2010_107/10618341.phase
10618469,scedc:10618469,2010-04-17T17:25:22.550000Z,32.24433333333333,-115.35416666666669,13.98,3.2,,,SCEDC,,C,22,0.17,SCSN,43,43,-1,43,skipped_resume,True,2010,107,data/scedc/event_phases/2010/2010_107/10618469.phase
10618621,scedc:10618621,2010-04-17T18:55:42.680000Z,32.2565,-115.396,13.94,3.1,,,SCEDC,,C,24,0.22,SCSN,44,44,-1,44,skipped_resume,True,2010,107,data/scedc/event_phases/2010/2010_107/10618621.phase
10618741,scedc:10618741,2010-04-17T19:41:22.790000Z,32.515166666666666,-115.59616666666666,12.08,3.9,,,SCEDC,,A,59,0.15,SCSN,64,64,-1,64,skipped_resume,True,2010,107,data/scedc/event_phases/2010/2010_107/10618741.phase
10618781,scedc:10618781,2010-04-17T19:46:59.260000Z,32.075,-115.168,7.85,3.1,,,SCEDC,,B,17,0.18,SCSN,37,37,-1,37,skipped_resume,True,2010,107,data/scedc/event_phases/2010/2010_107/10618781.phase
10618989,scedc:10618989,2010-04-17T21:28:02.760000Z,32.321,-115.38983333333331,3.41,3.7,,,SCEDC,,A,33,0.17,SCSN,45,45,-1,45,skipped_resume,True,2010,107,data/scedc/event_phases/2010/2010_107/10618989.phase
10619485,scedc:10619485,2010-04-18T02:10:19.530000Z,32.11183333333334,-115.16816666666666,13.75,3.0,,,SCEDC,,B,23,0.14,SCSN,38,38,-1,38,skipped_resume,True,2010,108,data/scedc/event_phases/2010/2010_108/10619485.phase
10619533,scedc:10619533,2010-04-18T02:27:28.530000Z,32.68716666666667,-115.778,5.45,3.5,,,SCEDC,,A,55,0.17,SCSN,81,81,-1,81,skipped_resume,True,2010,108,data/scedc/event_phases/2010/2010_108/10619533.phase
10619605,scedc:10619605,2010-04-18T03:12:35.620000Z,32.2775,-115.34433333333334,13.19,3.0,,,SCEDC,,B,32,0.18,SCSN,42,42,-1,42,skipped_resume,True,2010,108,data/scedc/event_phases/2010/2010_108/10619605.phase
10619629,scedc:10619629,2010-04-18T03:16:58.280000Z,32.0675,-115.10916666666668,8.95,3.8,,,SCEDC,,C,13,0.29,SCSN,35,35,-1,35,skipped_resume,True,2010,108,data/scedc/event_phases/2010/2010_108/10619629.phase
10620269,scedc:10620269,2010-04-18T09:30:58.390000Z,32.361,-115.32583333333334,8.98,3.2,,,SCEDC,,C,22,0.17,SCSN,45,45,-1,45,skipped_resume,True,2010,108,data/scedc/event_phases/2010/2010_108/10620269.phase
10620421,scedc:10620421,2010-04-18T10:30:52.120000Z,32.686,-115.84216666666669,5.03,3.5,,,SCEDC,,A,66,0.18,SCSN,83,83,-1,83,skipped_resume,True,2010,108,data/scedc/event_phases/2010/2010_108/10620421.phase
10621141,scedc:10621141,2010-04-18T17:04:18.420000Z,32.157,-115.21716666666669,16.2,3.1,,,SCEDC,,B,20,0.12,SCSN,41,41,-1,41,skipped_resume,True,2010,108,data/scedc/event_phases/2010/2010_108/10621141.phase
10621613,scedc:10621613,2010-04-18T21:27:20.030000Z,32.409,-115.5435,8.32,3.3,,,SCEDC,,A,38,0.17,SCSN,59,59,-1,59,skipped_resume,True,2010,108,data/scedc/event_phases/2010/2010_108/10621613.phase
10621629,scedc:10621629,2010-04-18T21:31:45.210000Z,32.6895,-115.75833333333334,8.78,3.0,,,SCEDC,,A,59,0.17,SCSN,79,79,-1,79,skipped_resume,True,2010,108,data/scedc/event_phases/2010/2010_108/10621629.phase
10621869,scedc:10621869,2010-04-18T23:19:57.420000Z,32.07633333333333,-115.08066666666669,8.99,3.0,,,SCEDC,,C,16,0.29,SCSN,34,34,-1,34,skipped_resume,True,2010,108,data/scedc/event_phases/2010/2010_108/10621869.phase
10622149,scedc:10622149,2010-04-19T01:52:42.350000Z,32.31316666666667,-115.40683333333334,13.68,3.7,,,SCEDC,,A,34,0.13,SCSN,43,43,-1,43,skipped_resume,True,2010,109,data/scedc/event_phases/2010/2010_109/10622149.phase
10622189,scedc:10622189,2010-04-19T02:07:38.500000Z,32.345666666666666,-115.3245,14.75,3.6,,,SCEDC,,C,30,0.15,SCSN,44,44,-1,44,skipped_resume,True,2010,109,data/scedc/event_phases/2010/2010_109/10622189.phase
10622229,scedc:10622229,2010-04-19T02:26:46.290000Z,32.35966666666667,-115.33633333333331,1.63,3.2,,,SCEDC,,A,28,0.14,SCSN,44,44,-1,44,skipped_resume,True,2010,109,data/scedc/event_phases/2010/2010_109/10622229.phase
10622405,scedc:10622405,2010-04-19T04:26:08.310000Z,32.69533333333333,-115.84266666666667,9.05,4.2,,,SCEDC,,A,67,0.18,SCSN,82,82,-1,82,skipped_resume,True,2010,109,data/scedc/event_phases/2010/2010_109/10622405.phase
10622453,scedc:10622453,2010-04-19T04:54:38.350000Z,32.70016666666667,-115.84483333333333,8.89,3.0,,,SCEDC,,A,47,0.12,SCSN,82,82,-1,82,skipped_resume,True,2010,109,data/scedc/event_phases/2010/2010_109/10622453.phase
10622789,scedc:10622789,2010-04-19T07:54:45.090000Z,32.0755,-115.0545,15.61,3.3,,,SCEDC,,B,24,0.2,SCSN,34,34,-1,34,skipped_resume,True,2010,109,data/scedc/event_phases/2010/2010_109/10622789.phase
10623045,scedc:10623045,2010-04-19T10:30:39.490000Z,32.64216666666667,-115.7455,4.0,3.0,,,SCEDC,,A,95,0.24,SCSN,76,76,-1,76,skipped_resume,True,2010,109,data/scedc/event_phases/2010/2010_109/10623045.phase
10623557,scedc:10623557,2010-04-19T14:39:13.470000Z,32.17283333333334,-115.18716666666668,15.51,3.1,,,SCEDC,,B,15,0.18,SCSN,39,39,-1,39,skipped_resume,True,2010,109,data/scedc/event_phases/2010/2010_109/10623557.phase
10624125,scedc:10624125,2010-04-19T18:48:44.750000Z,32.653,-115.717,8.68,3.0,,,SCEDC,,A,46,0.16,SCSN,75,75,-1,75,skipped_resume,True,2010,109,data/scedc/event_phases/2010/2010_109/10624125.phase
10625213,scedc:10625213,2010-04-20T03:09:44.900000Z,32.362833333333334,-115.31433333333334,8.53,3.2,,,SCEDC,,A,36,0.19,SCSN,45,45,-1,45,skipped_resume,True,2010,110,data/scedc/event_phases/2010/2010_110/10625213.phase
10625445,scedc:10625445,2010-04-20T05:15:43.850000Z,32.1835,-115.26083333333334,14.37,3.3,,,SCEDC,,B,41,0.22,SCSN,41,41,-1,41,skipped_resume,True,2010,110,data/scedc/event_phases/2010/2010_110/10625445.phase
10625565,scedc:10625565,2010-04-20T06:30:30.980000Z,32.725833333333334,-115.8995,1.7,3.0,,,SCEDC,,A,83,0.16,SCSN,90,90,-1,90,skipped_resume,True,2010,110,data/scedc/event_phases/2010/2010_110/10625565.phase
10625661,scedc:10625661,2010-04-20T07:30:25.360000Z,32.2355,-115.25716666666666,12.67,3.2,,,SCEDC,,B,26,0.16,SCSN,42,42,-1,42,skipped_resume,True,2010,110,data/scedc/event_phases/2010/2010_110/10625661.phase
10626357,scedc:10626357,2010-04-20T15:00:28.810000Z,32.644333333333336,-115.71883333333334,9.71,3.6,,,SCEDC,,A,52,0.17,SCSN,75,75,-1,75,skipped_resume,True,2010,110,data/scedc/event_phases/2010/2010_110/10626357.phase
10626661,scedc:10626661,2010-04-20T19:07:35.860000Z,32.54933333333334,-115.64,10.32,3.0,,,SCEDC,,A,47,0.13,SCSN,69,69,-1,69,skipped_resume,True,2010,110,data/scedc/event_phases/2010/2010_110/10626661.phase
10627653,scedc:10627653,2010-04-21T10:37:14.570000Z,32.52583333333333,-115.61816666666668,12.99,4.2,,,SCEDC,,A,47,0.14,SCSN,66,66,-1,66,skipped_resume,True,2010,111,data/scedc/event_phases/2010/2010_111/10627653.phase
10627701,scedc:10627701,2010-04-21T11:15:48.940000Z,32.2965,-115.34433333333334,0.45,3.0,,,SCEDC,,A,25,0.17,SCSN,45,45,-1,45,skipped_resume,True,2010,111,data/scedc/event_phases/2010/2010_111/10627701.phase
10627813,scedc:10627813,2010-04-21T13:33:46.930000Z,32.248,-115.3315,11.97,3.1,,,SCEDC,,A,32,0.14,SCSN,42,42,-1,42,skipped_resume,True,2010,111,data/scedc/event_phases/2010/2010_111/10627813.phase
10628237,scedc:10628237,2010-04-21T21:43:22.380000Z,32.51466666666666,-115.62766666666668,9.63,3.2,,,SCEDC,,A,55,0.13,SCSN,66,66,-1,66,skipped_resume,True,2010,111,data/scedc/event_phases/2010/2010_111/10628237.phase
10628293,scedc:10628293,2010-04-21T22:45:19.550000Z,32.65233333333333,-115.74466666666666,3.08,3.4,,,SCEDC,,A,36,0.14,SCSN,76,77,-1,77,skipped_resume,True,2010,111,data/scedc/event_phases/2010/2010_111/10628293.phase
10628413,scedc:10628413,2010-04-22T02:03:29.070000Z,32.11,-115.161,10.89,3.0,,,SCEDC,,B,22,0.1,SCSN,38,38,-1,38,skipped_resume,True,2010,112,data/scedc/event_phases/2010/2010_112/10628413.phase
32613759,scedc:32613759,2010-04-22T04:43:46.230000Z,32.221,-115.3565,4.74,3.1,,,SCEDC,,C,14,0.31,SCSN,42,42,-1,42,skipped_resume,True,2010,112,data/scedc/event_phases/2010/2010_112/32613759.phase
10628973,scedc:10628973,2010-04-22T11:10:33.020000Z,32.2245,-115.34433333333334,12.44,3.0,,,SCEDC,,B,21,0.34,SCSN,42,42,-1,42,skipped_resume,True,2010,112,data/scedc/event_phases/2010/2010_112/10628973.phase
10629517,scedc:10629517,2010-04-22T17:35:46.370000Z,32.15683333333333,-115.282,1.88,3.3,,,SCEDC,,C,22,0.19,SCSN,41,41,-1,41,skipped_resume,True,2010,112,data/scedc/event_phases/2010/2010_112/10629517.phase
10629541,scedc:10629541,2010-04-22T17:52:27.380000Z,32.6615,-115.79783333333332,7.96,3.3,,,SCEDC,,A,57,0.18,SCSN,80,80,-1,80,skipped_resume,True,2010,112,data/scedc/event_phases/2010/2010_112/10629541.phase
10629877,scedc:10629877,2010-04-22T22:30:05.520000Z,32.04933333333334,-115.101,8.95,3.3,,,SCEDC,,C,27,0.31,SCSN,32,32,-1,32,skipped_resume,True,2010,112,data/scedc/event_phases/2010/2010_112/10629877.phase
10629973,scedc:10629973,2010-04-22T23:20:03.810000Z,32.139833333333335,-115.1725,15.13,3.0,,,SCEDC,,B,15,0.16,SCSN,40,40,-1,40,skipped_resume,True,2010,112,data/scedc/event_phases/2010/2010_112/10629973.phase
10630013,scedc:10630013,2010-04-22T23:28:26.020000Z,32.65416666666667,-115.76266666666666,3.25,3.8,,,SCEDC,,A,44,0.16,SCSN,79,79,-1,79,skipped_resume,True,2010,112,data/scedc/event_phases/2010/2010_112/10630013.phase
10630517,scedc:10630517,2010-04-23T02:59:57.420000Z,32.19833333333333,-115.27683333333331,11.87,3.2,,,SCEDC,,B,24,0.17,SCSN,42,42,-1,42,skipped_resume,True,2010,113,data/scedc/event_phases/2010/2010_113/10630517.phase
10631117,scedc:10631117,2010-04-23T09:30:26.130000Z,32.2745,-115.33683333333332,14.3,3.8,,,SCEDC,,B,34,0.15,SCSN,43,43,-1,43,skipped_resume,True,2010,113,data/scedc/event_phases/2010/2010_113/10631117.phase
10631781,scedc:10631781,2010-04-23T18:24:26.860000Z,32.217166666666664,-115.26416666666668,13.59,3.4,,,SCEDC,,A,27,0.14,SCSN,42,42,-1,42,skipped_resume,True,2010,113,data/scedc/event_phases/2010/2010_113/10631781.phase
37119516,scedc:37119516,2010-04-23T18:25:03.060000Z,32.085,-115.18216666666666,13.64,3.2,,,SCEDC,,C,14,0.17,SCSN,37,37,-1,37,skipped_resume,True,2010,113,data/scedc/event_phases/2010/2010_113/37119516.phase
10631885,scedc:10631885,2010-04-23T20:18:34.030000Z,32.58866666666667,-115.71016666666668,3.19,3.1,,,SCEDC,,A,40,0.15,SCSN,71,71,-1,71,skipped_resume,True,2010,113,data/scedc/event_phases/2010/2010_113/10631885.phase
10632853,scedc:10632853,2010-04-24T06:07:49.000000Z,32.64216666666667,-115.73416666666668,3.88,3.2,,,SCEDC,,A,56,0.16,SCSN,76,76,-1,76,skipped_resume,True,2010,114,data/scedc/event_phases/2010/2010_114/10632853.phase
10633389,scedc:10633389,2010-04-24T12:02:44.950000Z,32.146,-115.255,14.36,3.3,,,SCEDC,,B,31,0.18,SCSN,41,41,-1,41,skipped_resume,True,2010,114,data/scedc/event_phases/2010/2010_114/10633389.phase
10633517,scedc:10633517,2010-04-24T13:57:51.710000Z,32.224,-115.294,15.43,3.3,,,SCEDC,,B,28,0.15,SCSN,42,42,-1,42,skipped_resume,True,2010,114,data/scedc/event_phases/2010/2010_114/10633517.phase
10634557,scedc:10634557,2010-04-25T02:33:22.160000Z,32.3545,-115.39933333333332,14.95,3.4,,,SCEDC,,B,30,0.19,SCSN,46,46,-1,46,skipped_resume,True,2010,115,data/scedc/event_phases/2010/2010_115/10634557.phase
10634565,scedc:10634565,2010-04-25T02:34:45.200000Z,32.29116666666667,-115.39333333333332,7.26,3.1,,,SCEDC,,C,33,0.17,SCSN,44,44,-1,44,skipped_resume,True,2010,115,data/scedc/event_phases/2010/2010_115/10634565.phase
10634717,scedc:10634717,2010-04-25T05:11:46.590000Z,32.181333333333335,-115.266,13.01,3.8,,,SCEDC,,B,27,0.14,SCSN,41,41,-1,41,skipped_resume,True,2010,115,data/scedc/event_phases/2010/2010_115/10634717.phase
10634869,scedc:10634869,2010-04-25T06:57:17.820000Z,32.26316666666666,-115.34183333333333,11.71,3.3,,,SCEDC,,C,32,0.14,SCSN,43,43,-1,43,skipped_resume,True,2010,115,data/scedc/event_phases/2010/2010_115/10634869.phase
10635525,scedc:10635525,2010-04-25T14:54:16.790000Z,32.68266666666667,-115.91966666666669,9.85,3.0,,,SCEDC,,A,87,0.21,SCSN,90,90,-1,90,skipped_resume,True,2010,115,data/scedc/event_phases/2010/2010_115/10635525.phase
10635781,scedc:10635781,2010-04-25T18:04:01.280000Z,32.338,-115.3305,2.99,3.8,,,SCEDC,,B,33,0.19,SCSN,45,45,-1,45,skipped_resume,True,2010,115,data/scedc/event_phases/2010/2010_115/10635781.phase
37117252,scedc:37117252,2010-04-25T18:35:26.350000Z,32.046166666666664,-115.117,9.38,3.0,,,SCEDC,,D,12,0.34,SCSN,34,34,-1,34,skipped_resume,True,2010,115,data/scedc/event_phases/2010/2010_115/37117252.phase
10635813,scedc:10635813,2010-04-25T18:35:38.140000Z,32.042833333333334,-115.05116666666666,14.42,3.9,,,SCEDC,,C,19,0.17,SCSN,34,34,-1,34,skipped_resume,True,2010,115,data/scedc/event_phases/2010/2010_115/10635813.phase
10636565,scedc:10636565,2010-04-26T03:26:49.770000Z,32.12433333333333,-115.22583333333333,9.39,3.0,,,SCEDC,,C,22,0.25,SCSN,38,38,-1,38,skipped_resume,True,2010,116,data/scedc/event_phases/2010/2010_116/10636565.phase
10636885,scedc:10636885,2010-04-26T07:44:02.510000Z,32.16833333333334,-115.27433333333332,6.43,3.3,,,SCEDC,,C,39,0.23,SCSN,41,41,-1,41,skipped_resume,True,2010,116,data/scedc/event_phases/2010/2010_116/10636885.phase
14680436,scedc:14680436,2010-04-26T15:14:22.530000Z,32.216166666666666,-115.23633333333332,18.69,3.8,,,SCEDC,,B,28,0.19,SCSN,43,43,-1,43,skipped_resume,True,2010,116,data/scedc/event_phases/2010/2010_116/14680436.phase
14680500,scedc:14680500,2010-04-26T16:10:53.490000Z,32.42616666666667,-115.54433333333331,7.64,3.4,,,SCEDC,,A,45,0.18,SCSN,61,61,-1,61,skipped_resume,True,2010,116,data/scedc/event_phases/2010/2010_116/14680500.phase
14680868,scedc:14680868,2010-04-26T20:44:40.080000Z,32.266666666666666,-115.4415,4.09,3.0,,,SCEDC,,C,31,0.14,SCSN,44,44,-1,44,skipped_resume,True,2010,116,data/scedc/event_phases/2010/2010_116/14680868.phase
14681116,scedc:14681116,2010-04-27T00:09:47.420000Z,32.2725,-115.35333333333334,13.47,4.0,,,SCEDC,,B,30,0.17,SCSN,43,44,-1,44,skipped_resume,True,2010,117,data/scedc/event_phases/2010/2010_117/14681116.phase
14681124,scedc:14681124,2010-04-27T00:19:01.940000Z,32.274,-115.35366666666668,8.7,3.4,,,SCEDC,,B,27,0.15,SCSN,45,45,-1,45,skipped_resume,True,2010,117,data/scedc/event_phases/2010/2010_117/14681124.phase
14681228,scedc:14681228,2010-04-27T01:39:45.330000Z,32.2365,-115.28,14.25,3.0,,,SCEDC,,B,33,0.15,SCSN,42,42,-1,42,skipped_resume,True,2010,117,data/scedc/event_phases/2010/2010_117/14681228.phase
35989759,scedc:35989759,2010-04-27T10:57:19.000000Z,32.70433333333333,-115.83816666666668,4.71,3.2,,,SCEDC,,A,24,0.15,SCSN,83,83,-1,83,skipped_resume,True,2010,117,data/scedc/event_phases/2010/2010_117/35989759.phase
14682092,scedc:14682092,2010-04-27T11:20:17.420000Z,32.235,-115.25183333333334,18.19,3.3,,,SCEDC,,B,34,0.17,SCSN,43,43,-1,43,skipped_resume,True,2010,117,data/scedc/event_phases/2010/2010_117/14682092.phase
32733759,scedc:32733759,2010-04-27T11:23:22.780000Z,32.69466666666667,-115.835,3.44,3.0,,,SCEDC,,A,12,0.09,SCSN,83,83,-1,83,skipped_resume,True,2010,117,data/scedc/event_phases/2010/2010_117/32733759.phase
14682284,scedc:14682284,2010-04-27T11:25:09.340000Z,32.327,-115.33333333333331,10.16,3.8,,,SCEDC,,A,28,0.22,SCSN,46,46,-1,46,skipped_resume,True,2010,117,data/scedc/event_phases/2010/2010_117/14682284.phase
10147398,scedc:10147398,2010-04-27T11:25:40.350000Z,32.342666666666666,-115.36016666666669,9.42,3.8,,,SCEDC,,C,11,0.1,SCSN,46,46,-1,46,skipped_resume,True,2010,117,data/scedc/event_phases/2010/2010_117/10147398.phase
14682564,scedc:14682564,2010-04-27T13:06:36.870000Z,32.69416666666667,-115.841,7.04,3.1,,,SCEDC,,A,86,0.21,SCSN,83,83,-1,83,skipped_resume,True,2010,117,data/scedc/event_phases/2010/2010_117/14682564.phase
14682676,scedc:14682676,2010-04-27T13:29:11.780000Z,32.693666666666665,-115.843,6.34,3.1,,,SCEDC,,A,60,0.19,SCSN,84,84,-1,84,skipped_resume,True,2010,117,data/scedc/event_phases/2010/2010_117/14682676.phase
14682700,scedc:14682700,2010-04-27T13:34:12.910000Z,32.681333333333335,-115.914,4.36,3.2,,,SCEDC,,A,65,0.16,SCSN,91,91,-1,91,skipped_resume,True,2010,117,data/scedc/event_phases/2010/2010_117/14682700.phase
14683268,scedc:14683268,2010-04-27T18:43:01.920000Z,32.6685,-115.792,5.18,3.6,,,SCEDC,,A,51,0.19,SCSN,80,80,-1,80,skipped_resume,True,2010,117,data/scedc/event_phases/2010/2010_117/14683268.phase
14683468,scedc:14683468,2010-04-27T20:46:04.830000Z,32.216,-115.21633333333334,15.06,3.4,,,SCEDC,,B,27,0.18,SCSN,41,41,-1,41,skipped_resume,True,2010,117,data/scedc/event_phases/2010/2010_117/14683468.phase
14683836,scedc:14683836,2010-04-28T01:01:16.490000Z,32.6845,-115.84083333333334,2.96,3.4,,,SCEDC,,A,76,0.18,SCSN,83,83,-1,83,skipped_resume,True,2010,118,data/scedc/event_phases/2010/2010_118/14683836.phase
14683916,scedc:14683916,2010-04-28T02:27:23.920000Z,32.245333333333335,-115.27616666666668,17.12,3.0,,,SCEDC,,A,38,0.13,SCSN,43,43,-1,43,skipped_resume,True,2010,118,data/scedc/event_phases/2010/2010_118/14683916.phase
14683996,scedc:14683996,2010-04-28T02:56:57.420000Z,32.699333333333335,-115.83666666666667,3.9,3.1,,,SCEDC,,A,66,0.18,SCSN,84,84,-1,84,skipped_resume,True,2010,118,data/scedc/event_phases/2010/2010_118/14683996.phase
14684788,scedc:14684788,2010-04-28T15:40:41.480000Z,32.31666666666667,-115.36933333333332,15.27,3.6,,,SCEDC,,B,26,0.17,SCSN,45,46,-1,46,skipped_resume,True,2010,118,data/scedc/event_phases/2010/2010_118/14684788.phase
14684876,scedc:14684876,2010-04-28T17:12:56.130000Z,32.065333333333335,-115.06516666666668,9.39,3.1,,,SCEDC,,C,16,0.29,SCSN,34,34,-1,34,skipped_resume,True,2010,118,data/scedc/event_phases/2010/2010_118/14684876.phase
14685092,scedc:14685092,2010-04-28T20:29:38.060000Z,32.29983333333333,-115.38716666666669,8.39,3.0,,,SCEDC,,B,17,0.17,SCSN,44,44,-1,44,skipped_resume,True,2010,118,data/scedc/event_phases/2010/2010_118/14685092.phase
14685516,scedc:14685516,2010-04-29T05:53:48.890000Z,32.276,-115.3095,13.84,3.6,,,SCEDC,,B,22,0.16,SCSN,45,45,-1,45,skipped_resume,True,2010,119,data/scedc/event_phases/2010/2010_119/14685516.phase
14685916,scedc:14685916,2010-04-29T15:32:20.100000Z,32.60466666666667,-115.7635,6.26,3.0,,,SCEDC,,A,54,0.2,SCSN,73,73,-1,73,skipped_resume,True,2010,119,data/scedc/event_phases/2010/2010_119/14685916.phase
14686028,scedc:14686028,2010-04-29T17:51:15.810000Z,32.6125,-115.76733333333334,6.08,4.0,,,SCEDC,,A,74,0.17,SCSN,74,75,-1,75,skipped_resume,True,2010,119,data/scedc/event_phases/2010/2010_119/14686028.phase
32829759,scedc:32829759,2010-04-29T17:51:50.430000Z,32.58166666666666,-115.75,6.88,3.4,,,SCEDC,,B,16,0.15,SCSN,73,74,-1,74,skipped_resume,True,2010,119,data/scedc/event_phases/2010/2010_119/32829759.phase
14686124,scedc:14686124,2010-04-29T19:37:00.150000Z,32.61,-115.76483333333331,7.68,3.2,,,SCEDC,,A,57,0.18,SCSN,75,75,-1,75,skipped_resume,True,2010,119,data/scedc/event_phases/2010/2010_119/14686124.phase
14686172,scedc:14686172,2010-04-29T20:25:17.420000Z,32.638333333333335,-115.72366666666667,9.24,3.5,,,SCEDC,,A,45,0.14,SCSN,76,76,-1,76,skipped_resume,True,2010,119,data/scedc/event_phases/2010/2010_119/14686172.phase
14686340,scedc:14686340,2010-04-29T21:53:52.900000Z,32.6315,-115.73433333333334,3.36,3.2,,,SCEDC,,A,64,0.22,SCSN,74,74,-1,74,skipped_resume,True,2010,119,data/scedc/event_phases/2010/2010_119/14686340.phase
14686460,scedc:14686460,2010-04-30T00:09:47.210000Z,32.064,-115.16816666666666,18.22,3.0,,,SCEDC,,B,19,0.16,SCSN,37,37,-1,37,skipped_resume,True,2010,120,data/scedc/event_phases/2010/2010_120/14686460.phase
14686500,scedc:14686500,2010-04-30T00:31:54.900000Z,32.166333333333334,-115.198,18.61,3.1,,,SCEDC,,B,29,0.25,SCSN,41,41,-1,41,skipped_resume,True,2010,120,data/scedc/event_phases/2010/2010_120/14686500.phase
14686692,scedc:14686692,2010-04-30T04:50:05.680000Z,32.195,-115.21783333333332,17.89,3.1,,,SCEDC,,B,35,0.22,SCSN,41,41,-1,41,skipped_resume,True,2010,120,data/scedc/event_phases/2010/2010_120/14686692.phase
14686860,scedc:14686860,2010-04-30T07:30:33.800000Z,32.671,-115.82883333333334,8.41,3.0,,,SCEDC,,A,91,0.16,SCSN,82,82,-1,82,skipped_resume,True,2010,120,data/scedc/event_phases/2010/2010_120/14686860.phase
14687260,scedc:14687260,2010-04-30T15:15:37.680000Z,32.5815,-115.654,12.29,3.2,,,SCEDC,,A,65,0.17,SCSN,71,71,-1,71,skipped_resume,True,2010,120,data/scedc/event_phases/2010/2010_120/14687260.phase
14687420,scedc:14687420,2010-04-30T17:18:00.200000Z,32.494,-115.563,13.73,3.0,,,SCEDC,,A,46,0.16,SCSN,64,64,-1,64,skipped_resume,True,2010,120,data/scedc/event_phases/2010/2010_120/14687420.phase
14687740,scedc:14687740,2010-05-01T00:35:27.630000Z,32.257666666666665,-115.3225,2.88,3.6,,,SCEDC,,A,51,0.21,SCSN,43,43,-1,43,skipped_resume,True,2010,121,data/scedc/event_phases/2010/2010_121/14687740.phase
14687804,scedc:14687804,2010-05-01T01:45:52.090000Z,32.30416666666667,-115.46333333333334,4.91,3.8,,,SCEDC,,C,79,0.22,SCSN,46,46,-1,46,skipped_resume,True,2010,121,data/scedc/event_phases/2010/2010_121/14687804.phase
14688260,scedc:14688260,2010-05-01T08:43:06.760000Z,32.7165,-115.8905,3.95,3.5,,,SCEDC,,A,93,0.22,SCSN,90,90,-1,90,skipped_resume,True,2010,121,data/scedc/event_phases/2010/2010_121/14688260.phase
14688476,scedc:14688476,2010-05-01T13:24:30.780000Z,35.50633333333333,-118.2825,4.45,3.0,,,SCEDC,,C,71,0.23,SCSN,150,150,-1,150,skipped_resume,True,2010,121,data/scedc/event_phases/2010/2010_121/14688476.phase
14688820,scedc:14688820,2010-05-01T19:43:30.920000Z,32.279333333333334,-115.39016666666669,5.79,3.2,,,SCEDC,,C,49,0.23,SCSN,45,45,-1,45,skipped_resume,True,2010,121,data/scedc/event_phases/2010/2010_121/14688820.phase
14688996,scedc:14688996,2010-05-01T22:30:54.840000Z,32.21033333333333,-115.31816666666668,6.4,3.4,,,SCEDC,,C,15,0.19,SCSN,43,43,-1,43,skipped_resume,True,2010,121,data/scedc/event_phases/2010/2010_121/14688996.phase
14689004,scedc:14689004,2010-05-01T22:31:29.730000Z,32.688,-115.797,5.47,3.0,,,SCEDC,,A,55,0.22,SCSN,83,83,-1,83,skipped_resume,True,2010,121,data/scedc/event_phases/2010/2010_121/14689004.phase
14689228,scedc:14689228,2010-05-02T02:06:46.820000Z,32.345333333333336,-115.466,14.39,3.2,,,SCEDC,,C,58,0.21,SCSN,48,48,-1,48,skipped_resume,True,2010,122,data/scedc/event_phases/2010/2010_122/14689228.phase
14689420,scedc:14689420,2010-05-02T04:59:15.510000Z,32.089,-115.03383333333332,11.72,3.5,,,SCEDC,,B,21,0.18,SCSN,34,34,-1,34,skipped_resume,True,2010,122,data/scedc/event_phases/2010/2010_122/14689420.phase
14689652,scedc:14689652,2010-05-02T08:46:05.310000Z,32.351333333333336,-115.5525,13.94,3.9,,,SCEDC,,A,90,0.21,SCSN,52,52,-1,52,skipped_resume,True,2010,122,data/scedc/event_phases/2010/2010_122/14689652.phase
14689972,scedc:14689972,2010-05-02T13:21:44.100000Z,32.10933333333333,-115.111,14.38,3.0,,,SCEDC,,C,22,0.22,SCSN,36,37,-1,37,skipped_resume,True,2010,122,data/scedc/event_phases/2010/2010_122/14689972.phase
14689980,scedc:14689980,2010-05-02T13:23:10.180000Z,32.37616666666667,-115.4525,15.05,3.4,,,SCEDC,,B,57,0.25,SCSN,51,52,-1,52,skipped_resume,True,2010,122,data/scedc/event_phases/2010/2010_122/14689980.phase
14690804,scedc:14690804,2010-05-03T01:42:59.390000Z,32.202666666666666,-115.30133333333332,15.54,3.0,,,SCEDC,,B,50,0.27,SCSN,43,43,-1,43,skipped_resume,True,2010,123,data/scedc/event_phases/2010/2010_123/14690804.phase
32973759,scedc:32973759,2010-05-03T03:34:48.550000Z,32.394333333333336,-115.56316666666666,12.67,3.1,,,SCEDC,,B,31,0.19,SCSN,61,61,-1,61,skipped_resume,True,2010,123,data/scedc/event_phases/2010/2010_123/32973759.phase
14690932,scedc:14690932,2010-05-03T03:42:12.510000Z,32.39783333333333,-115.55883333333334,14.4,3.0,,,SCEDC,,A,74,0.21,SCSN,61,61,-1,61,skipped_resume,True,2010,123,data/scedc/event_phases/2010/2010_123/14690932.phase
14692612,scedc:14692612,2010-05-04T08:05:28.590000Z,32.18633333333333,-115.26933333333334,14.26,3.3,,,SCEDC,,B,46,0.2,SCSN,41,41,-1,41,skipped_resume,True,2010,124,data/scedc/event_phases/2010/2010_124/14692612.phase
14692700,scedc:14692700,2010-05-04T09:10:53.320000Z,32.03783333333333,-115.19783333333334,14.4,3.5,,,SCEDC,,C,55,0.17,SCSN,36,36,-1,36,skipped_resume,True,2010,124,data/scedc/event_phases/2010/2010_124/14692700.phase
14692836,scedc:14692836,2010-05-04T11:26:32.050000Z,32.263666666666666,-115.28666666666666,14.06,4.7,,,SCEDC,,B,59,0.26,SCSN,43,43,-1,43,skipped_resume,True,2010,124,data/scedc/event_phases/2010/2010_124/14692836.phase
14692844,scedc:14692844,2010-05-04T11:38:21.440000Z,33.7825,-120.276,8.53,3.4,,,SCEDC,,C,37,0.16,SCSN,96,96,-1,96,skipped_resume,True,2010,124,data/scedc/event_phases/2010/2010_124/14692844.phase
14694564,scedc:14694564,2010-05-05T10:25:03.630000Z,33.7685,-120.263,5.48,3.0,,,SCEDC,,C,46,0.24,SCSN,97,97,-1,97,skipped_resume,True,2010,125,data/scedc/event_phases/2010/2010_125/14694564.phase
14694636,scedc:14694636,2010-05-05T11:07:50.070000Z,32.218833333333336,-115.286,18.71,3.7,,,SCEDC,,A,41,0.18,SCSN,44,44,-1,44,skipped_resume,True,2010,125,data/scedc/event_phases/2010/2010_125/14694636.phase
14695300,scedc:14695300,2010-05-05T21:38:07.450000Z,32.26083333333333,-115.35866666666666,2.37,3.3,,,SCEDC,,A,59,0.22,SCSN,44,44,-1,44,skipped_resume,True,2010,125,data/scedc/event_phases/2010/2010_125/14695300.phase
33029759,scedc:33029759,2010-05-05T21:39:32.200000Z,32.05116666666667,-115.09716666666668,9.84,3.4,,,SCEDC,,C,43,0.13,SCSN,35,35,-1,35,skipped_resume,True,2010,125,data/scedc/event_phases/2010/2010_125/33029759.phase
14695308,scedc:14695308,2010-05-05T21:40:56.600000Z,32.0125,-115.01616666666666,9.96,3.8,,,SCEDC,,D,16,0.44,SCSN,34,34,-1,34,skipped_resume,True,2010,125,data/scedc/event_phases/2010/2010_125/14695308.phase
36934359,scedc:36934359,2010-05-05T21:41:57.030000Z,32.131,-115.08,14.4,3.8,,,SCEDC,,C,12,0.15,SCSN,38,38,-1,38,skipped_resume,True,2010,125,data/scedc/event_phases/2010/2010_125/36934359.phase
14695324,scedc:14695324,2010-05-05T21:46:18.980000Z,32.048833333333334,-115.09066666666666,7.06,3.0,,,SCEDC,,C,14,0.25,SCSN,35,35,-1,35,skipped_resume,True,2010,125,data/scedc/event_phases/2010/2010_125/14695324.phase
14695340,scedc:14695340,2010-05-05T21:55:21.200000Z,32.0625,-115.041,14.39,3.3,,,SCEDC,,C,42,0.27,SCSN,34,34,-1,34,skipped_resume,True,2010,125,data/scedc/event_phases/2010/2010_125/14695340.phase
14695652,scedc:14695652,2010-05-06T04:16:48.380000Z,35.95633333333333,-117.33816666666668,1.37,3.7,,,SCEDC,,A,70,0.22,SCSN,125,126,-1,126,skipped_resume,True,2010,126,data/scedc/event_phases/2010/2010_126/14695652.phase
14695660,scedc:14695660,2010-05-06T04:17:24.740000Z,32.706,-115.86816666666668,4.73,3.0,,,SCEDC,,A,89,0.2,SCSN,86,86,-1,86,skipped_resume,True,2010,126,data/scedc/event_phases/2010/2010_126/14695660.phase
14695812,scedc:14695812,2010-05-06T06:37:16.350000Z,32.70816666666666,-115.87366666666668,3.6,3.0,,,SCEDC,,A,86,0.24,SCSN,88,88,-1,88,skipped_resume,True,2010,126,data/scedc/event_phases/2010/2010_126/14695812.phase
14696612,scedc:14696612,2010-05-06T17:31:34.280000Z,32.314166666666665,-115.43716666666668,0.59,3.0,,,SCEDC,,A,54,0.23,SCSN,44,44,-1,44,skipped_resume,True,2010,126,data/scedc/event_phases/2010/2010_126/14696612.phase
14697108,scedc:14697108,2010-05-06T23:45:00.820000Z,32.7055,-115.87266666666666,4.04,3.1,,,SCEDC,,A,79,0.21,SCSN,85,86,-1,86,skipped_resume,True,2010,126,data/scedc/event_phases/2010/2010_126/14697108.phase
14697788,scedc:14697788,2010-05-07T11:59:52.930000Z,32.29866666666667,-115.32433333333331,3.23,3.3,,,SCEDC,,B,42,0.18,SCSN,47,47,-1,47,skipped_resume,True,2010,127,data/scedc/event_phases/2010/2010_127/14697788.phase
33117759,scedc:33117759,2010-05-07T12:00:07.640000Z,32.325833333333335,-115.342,10.43,3.3,,,SCEDC,,B,41,0.17,SCSN,47,47,-1,47,skipped_resume,True,2010,127,data/scedc/event_phases/2010/2010_127/33117759.phase
14697796,scedc:14697796,2010-05-07T12:02:01.790000Z,32.3595,-115.31766666666668,14.39,3.8,,,SCEDC,,C,60,0.23,SCSN,47,47,-1,47,skipped_resume,True,2010,127,data/scedc/event_phases/2010/2010_127/14697796.phase
10656389,scedc:10656389,2010-05-08T01:31:32.780000Z,32.704166666666666,-115.874,6.32,3.4,,,SCEDC,,A,87,0.19,SCSN,86,86,-1,86,skipped_resume,True,2010,128,data/scedc/event_phases/2010/2010_128/10656389.phase
10657125,scedc:10657125,2010-05-08T11:49:20.570000Z,32.56633333333333,-115.66683333333332,9.43,3.5,,,SCEDC,,A,46,0.17,SCSN,68,70,-1,70,skipped_resume,True,2010,128,data/scedc/event_phases/2010/2010_128/10657125.phase
10657277,scedc:10657277,2010-05-08T14:25:24.950000Z,32.1965,-115.25666666666666,15.93,3.7,,,SCEDC,,C,20,0.18,SCSN,41,42,-1,42,skipped_resume,True,2010,128,data/scedc/event_phases/2010/2010_128/10657277.phase
10657525,scedc:10657525,2010-05-08T18:31:17.190000Z,32.743833333333335,-115.82316666666668,9.33,3.3,,,SCEDC,,A,82,0.2,SCSN,87,87,-1,87,skipped_resume,True,2010,128,data/scedc/event_phases/2010/2010_128/10657525.phase
10657533,scedc:10657533,2010-05-08T18:33:10.750000Z,32.6815,-115.79716666666668,5.96,4.8,,,SCEDC,,C,77,0.24,SCSN,83,83,-1,83,skipped_resume,True,2010,128,data/scedc/event_phases/2010/2010_128/10657533.phase
10657549,scedc:10657549,2010-05-08T18:46:27.460000Z,32.6755,-115.81016666666666,2.38,4.7,,,SCEDC,,A,48,0.18,SCSN,84,84,-1,84,skipped_resume,True,2010,128,data/scedc/event_phases/2010/2010_128/10657549.phase
10657565,scedc:10657565,2010-05-08T18:53:24.130000Z,32.226333333333336,-115.43466666666669,9.97,4.0,,,SCEDC,,C,9,0.2,SCSN,46,46,-1,46,skipped_resume,True,2010,128,data/scedc/event_phases/2010/2010_128/10657565.phase
10657701,scedc:10657701,2010-05-08T19:23:06.270000Z,35.00816666666667,-119.26783333333331,16.28,4.3,,,SCEDC,,A,99,0.19,SCSN,133,133,-1,133,skipped_resume,True,2010,128,data/scedc/event_phases/2010/2010_128/10657701.phase
10657789,scedc:10657789,2010-05-08T19:52:58.590000Z,32.67733333333334,-115.80116666666666,7.53,3.3,,,SCEDC,,A,63,0.23,SCSN,83,83,-1,83,skipped_resume,True,2010,128,data/scedc/event_phases/2010/2010_128/10657789.phase
10657981,scedc:10657981,2010-05-08T21:04:11.490000Z,32.286833333333334,-115.37,8.64,3.0,,,SCEDC,,A,38,0.19,SCSN,45,45,-1,45,skipped_resume,True,2010,128,data/scedc/event_phases/2010/2010_128/10657981.phase
10658109,scedc:10658109,2010-05-08T22:32:26.980000Z,32.70766666666667,-115.87666666666668,3.25,3.2,,,SCEDC,,A,51,0.18,SCSN,88,88,-1,88,skipped_resume,True,2010,128,data/scedc/event_phases/2010/2010_128/10658109.phase
10658421,scedc:10658421,2010-05-09T03:33:43.970000Z,32.672666666666665,-115.81216666666668,6.36,4.1,,,SCEDC,,A,69,0.21,SCSN,83,84,-1,84,skipped_resume,True,2010,129,data/scedc/event_phases/2010/2010_129/10658421.phase
10658461,scedc:10658461,2010-05-09T04:16:57.620000Z,32.42166666666667,-115.55433333333332,13.27,3.3,,,SCEDC,,A,43,0.19,SCSN,61,61,-1,61,skipped_resume,True,2010,129,data/scedc/event_phases/2010/2010_129/10658461.phase
10658789,scedc:10658789,2010-05-09T09:10:56.540000Z,32.36816666666667,-115.435,14.25,3.0,,,SCEDC,,A,35,0.18,SCSN,50,50,-1,50,skipped_resume,True,2010,129,data/scedc/event_phases/2010/2010_129/10658789.phase
10659101,scedc:10659101,2010-05-09T14:46:48.470000Z,32.2725,-115.2575,17.64,3.4,,,SCEDC,,A,30,0.22,SCSN,45,45,-1,45,skipped_resume,True,2010,129,data/scedc/event_phases/2010/2010_129/10659101.phase
10659325,scedc:10659325,2010-05-09T17:58:46.090000Z,32.42066666666667,-115.55016666666668,14.34,3.1,,,SCEDC,,A,55,0.21,SCSN,61,61,-1,61,skipped_resume,True,2010,129,data/scedc/event_phases/2010/2010_129/10659325.phase
10659453,scedc:10659453,2010-05-09T20:44:10.100000Z,32.004,-115.10116666666669,9.38,3.1,,,SCEDC,,C,19,0.2,SCSN,33,33,-1,33,skipped_resume,True,2010,129,data/scedc/event_phases/2010/2010_129/10659453.phase
10659469,scedc:10659469,2010-05-09T20:58:16.340000Z,32.2115,-115.27633333333333,16.35,3.1,,,SCEDC,,B,29,0.22,SCSN,42,42,-1,42,skipped_resume,True,2010,129,data/scedc/event_phases/2010/2010_129/10659469.phase
10659597,scedc:10659597,2010-05-10T00:04:11.100000Z,32.258,-115.352,6.4,3.1,,,SCEDC,,C,40,0.19,SCSN,42,42,-1,42,skipped_resume,True,2010,130,data/scedc/event_phases/2010/2010_130/10659597.phase
10659661,scedc:10659661,2010-05-10T01:40:16.140000Z,32.1195,-115.139,16.14,3.3,,,SCEDC,,B,26,0.22,SCSN,37,37,-1,37,skipped_resume,True,2010,130,data/scedc/event_phases/2010/2010_130/10659661.phase
10660221,scedc:10660221,2010-05-10T12:59:29.110000Z,32.35666666666667,-115.336,8.71,3.0,,,SCEDC,,A,36,0.21,SCSN,45,45,-1,45,skipped_resume,True,2010,130,data/scedc/event_phases/2010/2010_130/10660221.phase
10660557,scedc:10660557,2010-05-10T18:13:42.690000Z,32.27583333333333,-115.342,14.0,3.5,,,SCEDC,,B,28,0.22,SCSN,44,44,-1,44,skipped_resume,True,2010,130,data/scedc/event_phases/2010/2010_130/10660557.phase
10660837,scedc:10660837,2010-05-10T21:28:55.050000Z,35.529833333333336,-118.373,0.97,3.9,,,SCEDC,,A,75,0.09,SCSN,146,147,-1,147,skipped_resume,True,2010,130,data/scedc/event_phases/2010/2010_130/10660837.phase
10661573,scedc:10661573,2010-05-11T10:41:16.340000Z,32.109833333333334,-115.20816666666668,9.39,3.6,,,SCEDC,,C,12,0.19,SCSN,40,40,-1,40,skipped_resume,True,2010,131,data/scedc/event_phases/2010/2010_131/10661573.phase
10661685,scedc:10661685,2010-05-11T13:22:48.500000Z,32.6005,-115.7545,2.58,3.3,,,SCEDC,,A,49,0.23,SCSN,74,74,-1,74,skipped_resume,True,2010,131,data/scedc/event_phases/2010/2010_131/10661685.phase
10662013,scedc:10662013,2010-05-11T19:38:19.840000Z,32.12583333333333,-115.08333333333331,9.98,3.4,,,SCEDC,,C,9,0.23,SCSN,36,37,-1,37,skipped_resume,True,2010,131,data/scedc/event_phases/2010/2010_131/10662013.phase
10662029,scedc:10662029,2010-05-11T19:57:53.660000Z,32.30116666666667,-115.3125,14.14,3.0,,,SCEDC,,B,21,0.14,SCSN,44,45,-1,45,skipped_resume,True,2010,131,data/scedc/event_phases/2010/2010_131/10662029.phase
10662053,scedc:10662053,2010-05-11T20:36:56.150000Z,32.186,-115.14766666666668,16.04,3.3,,,SCEDC,,B,17,0.18,SCSN,40,41,-1,41,skipped_resume,True,2010,131,data/scedc/event_phases/2010/2010_131/10662053.phase
37101116,scedc:37101116,2010-05-11T22:58:03.290000Z,32.2245,-115.2745,15.04,3.0,,,SCEDC,,B,19,0.16,SCSN,41,42,-1,42,skipped_resume,True,2010,131,data/scedc/event_phases/2010/2010_131/37101116.phase
10662365,scedc:10662365,2010-05-12T04:01:00.160000Z,32.161,-115.19133333333332,16.9,3.4,,,SCEDC,,C,15,0.19,SCSN,40,41,-1,41,skipped_resume,True,2010,132,data/scedc/event_phases/2010/2010_132/10662365.phase
10662837,scedc:10662837,2010-05-12T13:33:23.830000Z,32.721666666666664,-115.8745,5.18,3.6,,,SCEDC,,A,76,0.2,SCSN,87,89,-1,89,skipped_resume,True,2010,132,data/scedc/event_phases/2010/2010_132/10662837.phase
10663093,scedc:10663093,2010-05-12T17:57:18.950000Z,32.070166666666665,-115.029,9.39,3.9,,,SCEDC,,D,10,0.36,SCSN,33,35,-1,35,skipped_resume,True,2010,132,data/scedc/event_phases/2010/2010_132/10663093.phase
10663141,scedc:10663141,2010-05-12T19:00:41.870000Z,32.07383333333333,-115.06766666666668,9.27,3.9,,,SCEDC,,C,13,0.3,SCSN,33,34,-1,34,skipped_resume,True,2010,132,data/scedc/event_phases/2010/2010_132/10663141.phase
10663157,scedc:10663157,2010-05-12T19:12:27.210000Z,32.32233333333333,-115.32816666666666,8.76,3.2,,,SCEDC,,B,29,0.19,SCSN,43,43,-1,43,skipped_resume,True,2010,132,data/scedc/event_phases/2010/2010_132/10663157.phase
10663165,scedc:10663165,2010-05-12T19:13:31.980000Z,32.316833333333335,-115.3405,3.78,3.1,,,SCEDC,,B,22,0.13,SCSN,42,43,-1,43,skipped_resume,True,2010,132,data/scedc/event_phases/2010/2010_132/10663165.phase
10663453,scedc:10663453,2010-05-12T23:55:03.150000Z,32.20033333333333,-115.25983333333332,16.77,3.0,,,SCEDC,,B,31,0.11,SCSN,39,39,-1,39,skipped_resume,True,2010,132,data/scedc/event_phases/2010/2010_132/10663453.phase
10663957,scedc:10663957,2010-05-13T08:20:18.730000Z,32.303666666666665,-115.39116666666666,2.67,3.5,,,SCEDC,,C,24,0.13,SCSN,41,41,-1,41,skipped_resume,True,2010,133,data/scedc/event_phases/2010/2010_133/10663957.phase
10664381,scedc:10664381,2010-05-13T17:23:43.960000Z,32.417833333333334,-115.55333333333331,12.48,3.3,,,SCEDC,,A,35,0.2,SCSN,58,58,-1,58,skipped_resume,True,2010,133,data/scedc/event_phases/2010/2010_133/10664381.phase
10664797,scedc:10664797,2010-05-14T00:12:16.590000Z,32.308166666666665,-115.37616666666666,9.29,3.2,,,SCEDC,,A,42,0.2,SCSN,42,42,-1,42,skipped_resume,True,2010,134,data/scedc/event_phases/2010/2010_134/10664797.phase
10664909,scedc:10664909,2010-05-14T01:42:10.510000Z,32.26233333333333,-115.36633333333332,2.45,3.2,,,SCEDC,,C,29,0.19,SCSN,40,40,-1,40,skipped_resume,True,2010,134,data/scedc/event_phases/2010/2010_134/10664909.phase
10665149,scedc:10665149,2010-05-14T04:55:34.520000Z,32.693333333333335,-115.86583333333331,6.5,3.1,,,SCEDC,,A,40,0.18,SCSN,82,82,-1,82,skipped_resume,True,2010,134,data/scedc/event_phases/2010/2010_134/10665149.phase
10665173,scedc:10665173,2010-05-14T05:11:07.870000Z,32.703833333333336,-115.861,4.8,3.9,,,SCEDC,,A,46,0.18,SCSN,82,82,-1,82,skipped_resume,True,2010,134,data/scedc/event_phases/2010/2010_134/10665173.phase
10665373,scedc:10665373,2010-05-14T07:53:22.330000Z,32.7895,-116.11483333333334,9.37,3.0,,,SCEDC,,A,56,0.17,SCSN,108,108,-1,108,skipped_resume,True,2010,134,data/scedc/event_phases/2010/2010_134/10665373.phase
10665413,scedc:10665413,2010-05-14T08:07:51.820000Z,32.08233333333333,-115.14216666666668,9.4,3.2,,,SCEDC,,C,25,0.17,SCSN,34,34,-1,34,skipped_resume,True,2010,134,data/scedc/event_phases/2010/2010_134/10665413.phase
10665629,scedc:10665629,2010-05-14T11:35:17.090000Z,35.95783333333333,-117.32866666666666,0.97,3.5,,,SCEDC,,A,71,0.14,SCSN,129,129,-1,129,skipped_resume,True,2010,134,data/scedc/event_phases/2010/2010_134/10665629.phase
10665693,scedc:10665693,2010-05-14T12:29:02.700000Z,32.60666666666667,-115.75366666666666,8.34,3.3,,,SCEDC,,A,42,0.2,SCSN,71,71,-1,71,skipped_resume,True,2010,134,data/scedc/event_phases/2010/2010_134/10665693.phase
10665733,scedc:10665733,2010-05-14T12:41:27.080000Z,32.091,-115.10316666666668,13.34,3.0,,,SCEDC,,A,12,0.09,SCSN,33,33,-1,33,skipped_resume,True,2010,134,data/scedc/event_phases/2010/2010_134/10665733.phase
10666413,scedc:10666413,2010-05-14T23:41:06.280000Z,32.6645,-115.8495,7.02,3.5,,,SCEDC,,A,49,0.16,SCSN,76,76,-1,76,skipped_resume,True,2010,134,data/scedc/event_phases/2010/2010_134/10666413.phase
10667013,scedc:10667013,2010-05-15T08:38:54.720000Z,32.20783333333333,-115.2625,16.25,4.3,,,SCEDC,,B,21,0.16,SCSN,40,40,-1,40,skipped_resume,True,2010,135,data/scedc/event_phases/2010/2010_135/10667013.phase
10667021,scedc:10667021,2010-05-15T08:45:29.370000Z,32.19133333333333,-115.246,15.87,4.1,,,SCEDC,,B,25,0.18,SCSN,38,38,-1,38,skipped_resume,True,2010,135,data/scedc/event_phases/2010/2010_135/10667021.phase
10667037,scedc:10667037,2010-05-15T08:50:29.890000Z,32.221833333333336,-115.27683333333331,13.44,3.3,,,SCEDC,,B,25,0.15,SCSN,40,40,-1,40,skipped_resume,True,2010,135,data/scedc/event_phases/2010/2010_135/10667037.phase
10667045,scedc:10667045,2010-05-15T08:52:37.500000Z,32.207166666666666,-115.286,9.65,3.0,,,SCEDC,,C,19,0.13,SCSN,40,40,-1,40,skipped_resume,True,2010,135,data/scedc/event_phases/2010/2010_135/10667045.phase
10668173,scedc:10668173,2010-05-16T03:01:02.650000Z,32.223333333333336,-115.287,17.95,3.2,,,SCEDC,,B,24,0.16,SCSN,40,40,-1,40,skipped_resume,True,2010,136,data/scedc/event_phases/2010/2010_136/10668173.phase
10668261,scedc:10668261,2010-05-16T04:02:40.060000Z,32.01416666666667,-114.96383333333333,14.39,3.2,,,SCEDC,,D,17,0.43,SCSN,30,30,-1,30,skipped_resume,True,2010,136,data/scedc/event_phases/2010/2010_136/10668261.phase
10669221,scedc:10669221,2010-05-16T18:33:25.750000Z,32.5355,-115.63516666666666,8.52,3.6,,,SCEDC,,A,45,0.15,SCSN,66,66,-1,66,skipped_resume,True,2010,136,data/scedc/event_phases/2010/2010_136/10669221.phase
10669861,scedc:10669861,2010-05-17T05:09:04.730000Z,32.66266666666667,-115.72583333333333,8.61,3.5,,,SCEDC,,A,47,0.17,SCSN,73,74,-1,74,skipped_resume,True,2010,137,data/scedc/event_phases/2010/2010_137/10669861.phase
10670205,scedc:10670205,2010-05-17T09:44:42.420000Z,32.18533333333333,-115.23616666666666,18.75,3.4,,,SCEDC,,B,17,0.14,SCSN,38,38,-1,38,skipped_resume,True,2010,137,data/scedc/event_phases/2010/2010_137/10670205.phase
10670413,scedc:10670413,2010-05-17T13:13:03.920000Z,32.7075,-115.9105,8.46,3.6,,,SCEDC,,A,55,0.19,SCSN,88,88,-1,88,skipped_resume,True,2010,137,data/scedc/event_phases/2010/2010_137/10670413.phase
10671365,scedc:10671365,2010-05-18T13:16:14.340000Z,32.291,-115.39283333333331,1.43,3.1,,,SCEDC,,A,25,0.13,SCSN,42,42,-1,42,skipped_resume,True,2010,138,data/scedc/event_phases/2010/2010_138/10671365.phase
10671989,scedc:10671989,2010-05-19T00:38:59.780000Z,32.66016666666667,-115.82533333333332,8.91,4.5,,,SCEDC,,A,39,0.18,SCSN,79,79,-1,79,skipped_resume,True,2010,139,data/scedc/event_phases/2010/2010_139/10671989.phase
10672573,scedc:10672573,2010-05-19T07:23:06.790000Z,32.6675,-115.82583333333334,8.96,3.7,,,SCEDC,,A,47,0.23,SCSN,76,76,-1,76,skipped_resume,True,2010,139,data/scedc/event_phases/2010/2010_139/10672573.phase
10672981,scedc:10672981,2010-05-19T14:06:24.560000Z,32.24316666666667,-115.29416666666668,11.46,3.3,,,SCEDC,,C,25,0.13,SCSN,40,40,-1,40,skipped_resume,True,2010,139,data/scedc/event_phases/2010/2010_139/10672981.phase
10672997,scedc:10672997,2010-05-19T14:10:23.180000Z,32.266666666666666,-115.3055,13.62,3.5,,,SCEDC,,B,29,0.2,SCSN,40,40,-1,40,skipped_resume,True,2010,139,data/scedc/event_phases/2010/2010_139/10672997.phase
10673037,scedc:10673037,2010-05-19T14:39:26.430000Z,32.64533333333333,-115.7415,5.2,4.0,,,SCEDC,,A,42,0.19,SCSN,75,75,-1,75,skipped_resume,True,2010,139,data/scedc/event_phases/2010/2010_139/10673037.phase
14715500,scedc:14715500,2010-05-20T08:59:34.410000Z,32.67216666666667,-115.85233333333332,6.58,3.7,,,SCEDC,,A,43,0.16,SCSN,82,82,-1,82,skipped_resume,True,2010,140,data/scedc/event_phases/2010/2010_140/14715500.phase
14715524,scedc:14715524,2010-05-20T09:22:39.940000Z,32.67366666666667,-115.85666666666668,6.58,3.4,,,SCEDC,,A,38,0.16,SCSN,83,83,-1,83,skipped_resume,True,2010,140,data/scedc/event_phases/2010/2010_140/14715524.phase
14715540,scedc:14715540,2010-05-20T09:26:25.860000Z,32.677166666666665,-115.85583333333334,5.75,4.2,,,SCEDC,,A,43,0.15,SCSN,83,83,-1,83,skipped_resume,True,2010,140,data/scedc/event_phases/2010/2010_140/14715540.phase
14715564,scedc:14715564,2010-05-20T09:42:25.260000Z,32.680166666666665,-115.85833333333332,6.47,3.2,,,SCEDC,,A,31,0.11,SCSN,83,83,-1,83,skipped_resume,True,2010,140,data/scedc/event_phases/2010/2010_140/14715564.phase
14715684,scedc:14715684,2010-05-20T10:28:09.110000Z,32.67316666666667,-115.86016666666669,7.05,3.4,,,SCEDC,,A,41,0.16,SCSN,83,84,-1,84,skipped_resume,True,2010,140,data/scedc/event_phases/2010/2010_140/14715684.phase
14715796,scedc:14715796,2010-05-20T12:12:47.830000Z,32.04116666666667,-115.096,9.94,3.1,,,SCEDC,,C,16,0.32,SCSN,33,33,-1,33,skipped_resume,True,2010,140,data/scedc/event_phases/2010/2010_140/14715796.phase
14715916,scedc:14715916,2010-05-20T13:22:37.680000Z,32.24633333333333,-115.24933333333334,14.95,3.2,,,SCEDC,,B,22,0.15,SCSN,42,42,-1,42,skipped_resume,True,2010,140,data/scedc/event_phases/2010/2010_140/14715916.phase
14716692,scedc:14716692,2010-05-21T01:44:44.370000Z,33.879333333333335,-120.55133333333332,2.6,3.1,,,SCEDC,,C,41,0.22,SCSN,83,83,-1,83,skipped_resume,True,2010,141,data/scedc/event_phases/2010/2010_141/14716692.phase
14718124,scedc:14718124,2010-05-22T02:11:34.840000Z,32.658,-115.8145,9.26,3.1,,,SCEDC,,A,39,0.15,SCSN,81,81,-1,81,skipped_resume,True,2010,142,data/scedc/event_phases/2010/2010_142/14718124.phase
14718172,scedc:14718172,2010-05-22T04:28:58.830000Z,32.659333333333336,-115.815,9.51,3.2,,,SCEDC,,A,34,0.14,SCSN,81,81,-1,81,skipped_resume,True,2010,142,data/scedc/event_phases/2010/2010_142/14718172.phase
14718212,scedc:14718212,2010-05-22T04:53:18.630000Z,32.715666666666664,-115.94766666666666,9.02,4.0,,,SCEDC,,A,45,0.17,SCSN,95,95,-1,95,skipped_resume,True,2010,142,data/scedc/event_phases/2010/2010_142/14718212.phase
14718756,scedc:14718756,2010-05-22T17:30:58.170000Z,32.61683333333333,-115.75633333333332,8.07,4.9,,,SCEDC,,A,44,0.17,SCSN,73,73,-1,73,skipped_resume,True,2010,142,data/scedc/event_phases/2010/2010_142/14718756.phase
14718764,scedc:14718764,2010-05-22T17:33:17.900000Z,32.62433333333333,-115.76833333333332,7.49,4.6,,,SCEDC,,A,37,0.14,SCSN,76,76,-1,76,skipped_resume,True,2010,142,data/scedc/event_phases/2010/2010_142/14718764.phase
14718772,scedc:14718772,2010-05-22T17:37:50.060000Z,32.6295,-115.77116666666667,8.91,3.2,,,SCEDC,,A,30,0.11,SCSN,78,78,-1,78,skipped_resume,True,2010,142,data/scedc/event_phases/2010/2010_142/14718772.phase
14718836,scedc:14718836,2010-05-22T17:59:46.020000Z,32.616,-115.76433333333334,6.39,3.5,,,SCEDC,,A,43,0.16,SCSN,74,74,-1,74,skipped_resume,True,2010,142,data/scedc/event_phases/2010/2010_142/14718836.phase
14719076,scedc:14719076,2010-05-22T19:57:39.460000Z,32.605,-115.734,3.64,3.0,,,SCEDC,,A,43,0.25,SCSN,72,72,-1,72,skipped_resume,True,2010,142,data/scedc/event_phases/2010/2010_142/14719076.phase
14719124,scedc:14719124,2010-05-22T20:15:52.900000Z,32.612833333333334,-115.74966666666668,7.99,3.9,,,SCEDC,,A,46,0.16,SCSN,73,73,-1,73,skipped_resume,True,2010,142,data/scedc/event_phases/2010/2010_142/14719124.phase
14719524,scedc:14719524,2010-05-23T00:25:22.100000Z,32.61066666666667,-115.75933333333332,5.5,3.1,,,SCEDC,,A,46,0.15,SCSN,73,73,-1,73,skipped_resume,True,2010,143,data/scedc/event_phases/2010/2010_143/14719524.phase
14720308,scedc:14720308,2010-05-23T18:17:34.100000Z,32.71233333333333,-115.875,8.29,3.1,,,SCEDC,,A,52,0.2,SCSN,87,87,-1,87,skipped_resume,True,2010,143,data/scedc/event_phases/2010/2010_143/14720308.phase
14720340,scedc:14720340,2010-05-23T19:53:56.940000Z,32.13133333333333,-115.171,14.94,3.1,,,SCEDC,,C,23,0.28,SCSN,37,37,-1,37,skipped_resume,True,2010,143,data/scedc/event_phases/2010/2010_143/14720340.phase
14720524,scedc:14720524,2010-05-24T00:36:56.580000Z,32.24783333333333,-115.23416666666668,19.7,3.0,,,SCEDC,,B,24,0.15,SCSN,43,43,-1,43,skipped_resume,True,2010,144,data/scedc/event_phases/2010/2010_144/14720524.phase
14720724,scedc:14720724,2010-05-24T05:21:07.140000Z,32.669,-115.82233333333332,10.54,4.2,,,SCEDC,,A,59,0.19,SCSN,79,82,-1,82,skipped_resume,True,2010,144,data/scedc/event_phases/2010/2010_144/14720724.phase
14722260,scedc:14722260,2010-05-25T08:53:32.360000Z,32.23833333333334,-115.33,8.57,3.2,,,SCEDC,,B,20,0.16,SCSN,42,42,-1,42,skipped_resume,True,2010,145,data/scedc/event_phases/2010/2010_145/14722260.phase
14722268,scedc:14722268,2010-05-25T08:55:14.460000Z,32.24316666666667,-115.3155,8.54,3.1,,,SCEDC,,B,22,0.13,SCSN,42,42,-1,42,skipped_resume,True,2010,145,data/scedc/event_phases/2010/2010_145/14722268.phase
14722972,scedc:14722972,2010-05-25T19:49:51.570000Z,32.60766666666667,-115.73566666666666,9.17,3.1,,,SCEDC,,A,46,0.16,SCSN,75,75,-1,75,skipped_resume,True,2010,145,data/scedc/event_phases/2010/2010_145/14722972.phase
14723412,scedc:14723412,2010-05-26T01:59:51.060000Z,32.155166666666666,-115.13483333333332,19.15,3.3,,,SCEDC,,B,23,0.2,SCSN,38,38,-1,38,skipped_resume,True,2010,146,data/scedc/event_phases/2010/2010_146/14723412.phase
14723532,scedc:14723532,2010-05-26T03:52:43.670000Z,32.2055,-117.60533333333332,13.9,3.7,,,SCEDC,,C,41,0.24,SCSN,112,112,-1,112,skipped_resume,True,2010,146,data/scedc/event_phases/2010/2010_146/14723532.phase
14723540,scedc:14723540,2010-05-26T03:57:29.270000Z,32.2035,-117.604,16.79,4.2,,,SCEDC,,C,62,0.21,SCSN,112,112,-1,112,skipped_resume,True,2010,146,data/scedc/event_phases/2010/2010_146/14723540.phase
14723732,scedc:14723732,2010-05-26T07:01:55.330000Z,32.30016666666667,-115.34916666666666,13.62,3.0,,,SCEDC,,A,34,0.2,SCSN,47,47,-1,47,skipped_resume,True,2010,146,data/scedc/event_phases/2010/2010_146/14723732.phase
14724004,scedc:14724004,2010-05-26T10:25:49.230000Z,32.402833333333334,-115.56966666666666,13.93,3.5,,,SCEDC,,A,37,0.25,SCSN,62,62,-1,62,skipped_resume,True,2010,146,data/scedc/event_phases/2010/2010_146/14724004.phase
14724020,scedc:14724020,2010-05-26T10:32:23.070000Z,32.4245,-115.55416666666666,9.22,3.0,,,SCEDC,,A,42,0.15,SCSN,62,62,-1,62,skipped_resume,True,2010,146,data/scedc/event_phases/2010/2010_146/14724020.phase
14724044,scedc:14724044,2010-05-26T10:53:53.350000Z,32.41116666666667,-115.56016666666666,14.16,3.4,,,SCEDC,,A,35,0.15,SCSN,62,62,-1,62,skipped_resume,True,2010,146,data/scedc/event_phases/2010/2010_146/14724044.phase
14724804,scedc:14724804,2010-05-26T23:44:37.490000Z,32.31016666666667,-115.4105,1.47,3.1,,,SCEDC,,A,28,0.21,SCSN,46,46,-1,46,skipped_resume,True,2010,146,data/scedc/event_phases/2010/2010_146/14724804.phase
10154482,scedc:10154482,2010-05-26T23:45:10.710000Z,32.33283333333333,-115.411,0.44,3.0,,,SCEDC,,A,26,0.18,SCSN,47,47,-1,47,skipped_resume,True,2010,146,data/scedc/event_phases/2010/2010_146/10154482.phase
14725268,scedc:14725268,2010-05-27T11:48:42.190000Z,32.156333333333336,-115.17283333333332,17.39,3.0,,,SCEDC,,C,25,0.2,SCSN,41,41,-1,41,skipped_resume,True,2010,147,data/scedc/event_phases/2010/2010_147/14725268.phase
14725364,scedc:14725364,2010-05-27T13:37:07.880000Z,32.654333333333334,-115.7455,3.66,3.4,,,SCEDC,,A,47,0.18,SCSN,79,79,-1,79,skipped_resume,True,2010,147,data/scedc/event_phases/2010/2010_147/14725364.phase
14725564,scedc:14725564,2010-05-27T19:23:13.260000Z,32.089166666666664,-115.05533333333334,17.93,3.0,,,SCEDC,,C,13,0.33,SCSN,35,35,-1,35,skipped_resume,True,2010,147,data/scedc/event_phases/2010/2010_147/14725564.phase
10154722,scedc:10154722,2010-05-27T20:28:06.350000Z,32.237833333333334,-115.28966666666666,9.31,3.1,,,SCEDC,,B,20,0.19,SCSN,44,44,-1,44,skipped_resume,True,2010,147,data/scedc/event_phases/2010/2010_147/10154722.phase
14725676,scedc:14725676,2010-05-27T20:28:27.890000Z,32.25033333333333,-115.28816666666668,14.26,4.3,,,SCEDC,,B,25,0.16,SCSN,43,43,-1,43,skipped_resume,True,2010,147,data/scedc/event_phases/2010/2010_147/14725676.phase
14725724,scedc:14725724,2010-05-27T22:18:36.800000Z,32.21966666666667,-115.299,6.96,3.0,,,SCEDC,,B,19,0.11,SCSN,44,44,-1,44,skipped_resume,True,2010,147,data/scedc/event_phases/2010/2010_147/14725724.phase
14725764,scedc:14725764,2010-05-27T22:48:00.570000Z,32.25933333333333,-115.281,13.48,3.1,,,SCEDC,,B,20,0.18,SCSN,44,44,-1,44,skipped_resume,True,2010,147,data/scedc/event_phases/2010/2010_147/14725764.phase
14726092,scedc:14726092,2010-05-28T07:43:55.030000Z,36.031,-117.78366666666666,0.62,3.0,,,SCEDC,,A,62,0.19,SCSN,119,119,-1,119,skipped_resume,True,2010,148,data/scedc/event_phases/2010/2010_148/14726092.phase
14726244,scedc:14726244,2010-05-28T10:44:19.270000Z,32.26583333333333,-115.33516666666668,8.79,3.7,,,SCEDC,,A,20,0.09,SCSN,44,44,-1,44,skipped_resume,True,2010,148,data/scedc/event_phases/2010/2010_148/14726244.phase
14726836,scedc:14726836,2010-05-28T23:25:13.240000Z,32.462,-115.566,9.96,3.7,,,SCEDC,,C,16,0.09,SCSN,62,62,-1,62,skipped_resume,True,2010,148,data/scedc/event_phases/2010/2010_148/14726836.phase
14727068,scedc:14727068,2010-05-29T08:02:23.270000Z,32.027,-115.1055,14.94,3.0,,,SCEDC,,C,15,0.33,SCSN,35,35,-1,35,skipped_resume,True,2010,149,data/scedc/event_phases/2010/2010_149/14727068.phase
14727108,scedc:14727108,2010-05-29T08:33:28.800000Z,32.14566666666666,-115.222,9.94,3.8,,,SCEDC,,C,18,0.21,SCSN,42,42,-1,42,skipped_resume,True,2010,149,data/scedc/event_phases/2010/2010_149/14727108.phase
14727396,scedc:14727396,2010-05-29T14:50:00.440000Z,32.727333333333334,-115.87216666666669,6.95,3.8,,,SCEDC,,A,57,0.22,SCSN,90,90,-1,90,skipped_resume,True,2010,149,data/scedc/event_phases/2010/2010_149/14727396.phase
14728444,scedc:14728444,2010-05-30T12:22:28.250000Z,32.287,-115.39966666666666,5.76,3.6,,,SCEDC,,C,22,0.12,SCSN,46,46,-1,46,skipped_resume,True,2010,150,data/scedc/event_phases/2010/2010_150/14728444.phase
14729332,scedc:14729332,2010-05-31T04:53:55.540000Z,32.13966666666666,-115.18216666666666,16.59,3.1,,,SCEDC,,C,25,0.24,SCSN,40,40,-1,40,skipped_resume,True,2010,151,data/scedc/event_phases/2010/2010_151/14729332.phase
14730156,scedc:14730156,2010-05-31T22:22:52.120000Z,32.18716666666667,-115.26966666666668,7.79,3.0,,,SCEDC,,B,21,0.16,SCSN,41,41,-1,41,skipped_resume,True,2010,151,data/scedc/event_phases/2010/2010_151/14730156.phase
14731540,scedc:14731540,2010-06-02T06:33:52.120000Z,32.093666666666664,-115.167,12.36,3.1,,,SCEDC,,B,17,0.2,SCSN,38,38,-1,38,skipped_resume,True,2010,153,data/scedc/event_phases/2010/2010_153/14731540.phase
14731660,scedc:14731660,2010-06-02T09:30:49.520000Z,32.207,-115.21683333333333,19.95,4.0,,,SCEDC,,C,19,0.18,SCSN,42,42,-1,42,skipped_resume,True,2010,153,data/scedc/event_phases/2010/2010_153/14731660.phase
14731716,scedc:14731716,2010-06-02T10:08:59.170000Z,32.276,-115.35016666666668,8.54,3.1,,,SCEDC,,A,26,0.15,SCSN,46,46,-1,46,skipped_resume,True,2010,153,data/scedc/event_phases/2010/2010_153/14731716.phase
14732212,scedc:14732212,2010-06-02T16:07:49.610000Z,32.1805,-115.1955,14.94,4.0,,,SCEDC,,C,17,0.2,SCSN,41,41,-1,41,skipped_resume,True,2010,153,data/scedc/event_phases/2010/2010_153/14732212.phase
14732268,scedc:14732268,2010-06-02T16:40:39.560000Z,32.18666666666667,-115.21083333333333,10.07,3.0,,,SCEDC,,C,25,0.28,SCSN,42,42,-1,42,skipped_resume,True,2010,153,data/scedc/event_phases/2010/2010_153/14732268.phase
14732844,scedc:14732844,2010-06-03T04:38:25.150000Z,32.2105,-115.24833333333332,19.56,3.8,,,SCEDC,,B,20,0.18,SCSN,44,44,-1,44,skipped_resume,True,2010,154,data/scedc/event_phases/2010/2010_154/14732844.phase
14733300,scedc:14733300,2010-06-03T14:15:48.880000Z,33.2515,-116.04883333333332,5.35,3.1,,,SCEDC,,A,97,0.24,SCSN,125,125,-1,125,skipped_resume,True,2010,154,data/scedc/event_phases/2010/2010_154/14733300.phase
14733516,scedc:14733516,2010-06-03T18:10:03.780000Z,32.70066666666666,-115.907,7.63,4.1,,,SCEDC,,A,46,0.17,SCSN,93,93,-1,93,skipped_resume,True,2010,154,data/scedc/event_phases/2010/2010_154/14733516.phase
14734828,scedc:14734828,2010-06-04T18:06:35.810000Z,32.589166666666664,-115.71666666666668,4.86,3.4,,,SCEDC,,A,45,0.15,SCSN,72,72,-1,72,skipped_resume,True,2010,155,data/scedc/event_phases/2010/2010_155/14734828.phase
14734836,scedc:14734836,2010-06-04T18:12:59.910000Z,32.62716666666667,-115.7595,7.13,3.0,,,SCEDC,,A,45,0.18,SCSN,76,76,-1,76,skipped_resume,True,2010,155,data/scedc/event_phases/2010/2010_155/14734836.phase
14736108,scedc:14736108,2010-06-06T00:18:40.510000Z,32.1605,-115.16766666666666,19.79,3.4,,,SCEDC,,B,18,0.15,SCSN,39,39,-1,39,skipped_resume,True,2010,157,data/scedc/event_phases/2010/2010_157/14736108.phase
14736372,scedc:14736372,2010-06-06T08:42:39.910000Z,32.0685,-115.056,26.79,3.1,,,SCEDC,,B,19,0.29,SCSN,35,35,-1,35,skipped_resume,True,2010,157,data/scedc/event_phases/2010/2010_157/14736372.phase
14737396,scedc:14737396,2010-06-07T06:52:43.210000Z,32.1675,-115.0715,20.44,3.9,,,SCEDC,,C,16,0.14,SCSN,39,39,-1,39,skipped_resume,True,2010,158,data/scedc/event_phases/2010/2010_158/14737396.phase
10156322,scedc:10156322,2010-06-07T07:04:11.170000Z,32.10816666666667,-115.05916666666668,17.95,3.0,,,SCEDC,,C,16,0.2,SCSN,35,35,-1,35,skipped_resume,True,2010,158,data/scedc/event_phases/2010/2010_158/10156322.phase
10156402,scedc:10156402,2010-06-07T07:05:59.280000Z,32.07716666666666,-115.06866666666669,25.02,3.1,,,SCEDC,,B,16,0.15,SCSN,35,35,-1,35,skipped_resume,True,2010,158,data/scedc/event_phases/2010/2010_158/10156402.phase
14737476,scedc:14737476,2010-06-07T07:13:36.000000Z,32.153166666666664,-115.08016666666668,14.94,3.2,,,SCEDC,,C,19,0.25,SCSN,39,39,-1,39,skipped_resume,True,2010,158,data/scedc/event_phases/2010/2010_158/14737476.phase
14739124,scedc:14739124,2010-06-08T10:30:49.300000Z,32.6395,-115.7365,5.13,3.0,,,SCEDC,,A,51,0.18,SCSN,78,78,-1,78,skipped_resume,True,2010,159,data/scedc/event_phases/2010/2010_159/14739124.phase
14740124,scedc:14740124,2010-06-09T07:54:26.820000Z,32.324,-115.42733333333334,4.95,3.1,,,SCEDC,,C,35,0.2,SCSN,46,46,-1,46,skipped_resume,True,2010,160,data/scedc/event_phases/2010/2010_160/14740124.phase
14740244,scedc:14740244,2010-06-09T11:02:06.510000Z,32.69566666666667,-115.89483333333334,7.53,3.1,,,SCEDC,,A,55,0.21,SCSN,90,90,-1,90,skipped_resume,True,2010,160,data/scedc/event_phases/2010/2010_160/14740244.phase
14740500,scedc:14740500,2010-06-09T16:45:21.130000Z,32.297666666666665,-115.345,14.49,3.4,,,SCEDC,,A,31,0.16,SCSN,46,46,-1,46,skipped_resume,True,2010,160,data/scedc/event_phases/2010/2010_160/14740500.phase
10699845,scedc:10699845,2010-06-10T22:07:14.120000Z,32.114666666666665,-115.0905,14.94,4.1,,,SCEDC,,C,15,0.26,SCSN,37,37,-1,37,skipped_resume,True,2010,161,data/scedc/event_phases/2010/2010_161/10699845.phase
10158082,scedc:10158082,2010-06-10T22:08:15.710000Z,32.205333333333336,-115.3515,5.11,3.4,,,SCEDC,,C,16,0.3,SCSN,42,42,-1,42,skipped_resume,True,2010,161,data/scedc/event_phases/2010/2010_161/10158082.phase
10699885,scedc:10699885,2010-06-10T23:58:35.410000Z,32.43233333333333,-115.20433333333334,15.25,3.1,,,SCEDC,,C,26,0.29,SCSN,46,47,-1,47,skipped_resume,True,2010,161,data/scedc/event_phases/2010/2010_161/10699885.phase
10192590,scedc:10192590,2010-06-10T23:59:26.480000Z,32.37883333333333,-115.181,16.0,3.0,,,SCEDC,,B,11,0.16,SCSN,43,44,-1,44,skipped_resume,True,2010,161,data/scedc/event_phases/2010/2010_161/10192590.phase
10158162,scedc:10158162,2010-06-11T09:42:15.210000Z,32.396166666666666,-115.17983333333332,9.98,3.1,,,SCEDC,,C,17,0.24,SCSN,46,46,-1,46,skipped_resume,True,2010,162,data/scedc/event_phases/2010/2010_162/10158162.phase
10700149,scedc:10700149,2010-06-11T09:42:20.790000Z,32.341166666666666,-115.10733333333332,9.97,3.3,,,SCEDC,,C,12,0.21,SCSN,44,44,-1,44,skipped_resume,True,2010,162,data/scedc/event_phases/2010/2010_162/10700149.phase
10700293,scedc:10700293,2010-06-11T16:59:42.900000Z,32.3685,-115.321,14.99,4.0,,,SCEDC,,C,25,0.21,SCSN,46,46,-1,46,skipped_resume,True,2010,162,data/scedc/event_phases/2010/2010_162/10700293.phase
10700429,scedc:10700429,2010-06-11T20:51:11.790000Z,32.405,-115.18966666666668,14.98,4.3,,,SCEDC,,C,20,0.22,SCSN,47,47,-1,47,skipped_resume,True,2010,162,data/scedc/event_phases/2010/2010_162/10700429.phase
10158242,scedc:10158242,2010-06-11T20:55:34.210000Z,32.38783333333333,-115.196,9.99,3.0,,,SCEDC,,C,16,0.21,SCSN,46,46,-1,46,skipped_resume,True,2010,162,data/scedc/event_phases/2010/2010_162/10158242.phase
10701413,scedc:10701413,2010-06-13T03:09:20.360000Z,33.392,-116.39466666666668,4.2,4.2,,,SCEDC,,C,44,0.32,SCSN,137,138,-1,138,skipped_resume,True,2010,164,data/scedc/event_phases/2010/2010_164/10701413.phase
10702637,scedc:10702637,2010-06-13T20:42:41.870000Z,32.7055,-115.92016666666666,3.14,3.0,,,SCEDC,,A,50,0.15,SCSN,93,93,-1,93,skipped_resume,True,2010,164,data/scedc/event_phases/2010/2010_164/10702637.phase
10702645,scedc:10702645,2010-06-13T20:42:59.390000Z,32.70016666666667,-115.9235,3.94,3.5,,,SCEDC,,A,40,0.22,SCSN,93,93,-1,93,skipped_resume,True,2010,164,data/scedc/event_phases/2010/2010_164/10702645.phase
10702797,scedc:10702797,2010-06-13T22:55:40.420000Z,32.511833333333335,-115.62933333333334,7.57,3.0,,,SCEDC,,A,47,0.18,SCSN,67,67,-1,67,skipped_resume,True,2010,164,data/scedc/event_phases/2010/2010_164/10702797.phase
10702837,scedc:10702837,2010-06-13T23:36:21.450000Z,32.4415,-115.55233333333334,0.99,3.0,,,SCEDC,,A,48,0.17,SCSN,62,62,-1,62,skipped_resume,True,2010,164,data/scedc/event_phases/2010/2010_164/10702837.phase
10703133,scedc:10703133,2010-06-14T07:02:27.440000Z,32.2345,-115.3095,9.99,4.5,,,SCEDC,,C,17,0.13,SCSN,43,43,-1,43,skipped_resume,True,2010,165,data/scedc/event_phases/2010/2010_165/10703133.phase
10703173,scedc:10703173,2010-06-14T07:29:56.420000Z,32.25033333333333,-115.31583333333332,9.99,3.2,,,SCEDC,,C,23,0.13,SCSN,44,44,-1,44,skipped_resume,True,2010,165,data/scedc/event_phases/2010/2010_165/10703173.phase
10703373,scedc:10703373,2010-06-14T11:59:08.820000Z,32.107166666666664,-115.19483333333334,9.98,3.1,,,SCEDC,,C,27,0.23,SCSN,40,40,-1,40,skipped_resume,True,2010,165,data/scedc/event_phases/2010/2010_165/10703373.phase
10703941,scedc:10703941,2010-06-15T00:30:45.570000Z,32.224,-115.26116666666668,15.26,3.1,,,SCEDC,,C,18,0.12,SCSN,44,44,-1,44,skipped_resume,True,2010,166,data/scedc/event_phases/2010/2010_166/10703941.phase
14745564,scedc:14745564,2010-06-15T03:58:57.460000Z,32.653333333333336,-115.75083333333332,3.24,3.2,,,SCEDC,,A,35,0.14,SCSN,80,80,-1,80,skipped_resume,True,2010,166,data/scedc/event_phases/2010/2010_166/14745564.phase
14745580,scedc:14745580,2010-06-15T04:26:58.240000Z,32.705,-115.91133333333332,8.76,5.7,,,SCEDC,,A,52,0.2,SCSN,90,91,-1,91,skipped_resume,True,2010,166,data/scedc/event_phases/2010/2010_166/14745580.phase
14745588,scedc:14745588,2010-06-15T04:29:55.510000Z,32.72933333333334,-115.95966666666666,5.52,3.8,,,SCEDC,,C,35,0.15,SCSN,94,95,-1,95,skipped_resume,True,2010,166,data/scedc/event_phases/2010/2010_166/14745588.phase
10189474,scedc:10189474,2010-06-15T04:30:27.160000Z,32.72416666666667,-115.95183333333334,5.14,3.1,,,SCEDC,,C,10,0.33,SCSN,95,96,-1,96,skipped_resume,True,2010,166,data/scedc/event_phases/2010/2010_166/10189474.phase
10189650,scedc:10189650,2010-06-15T04:30:55.910000Z,32.69883333333333,-115.91833333333334,5.33,3.1,,,SCEDC,,C,15,0.2,SCSN,91,91,-1,91,skipped_resume,True,2010,166,data/scedc/event_phases/2010/2010_166/10189650.phase
10189654,scedc:10189654,2010-06-15T04:31:21.800000Z,32.716166666666666,-115.9405,2.41,3.1,,,SCEDC,,A,17,0.17,SCSN,94,94,-1,94,skipped_resume,True,2010,166,data/scedc/event_phases/2010/2010_166/10189654.phase
14745596,scedc:14745596,2010-06-15T04:31:55.240000Z,32.73083333333334,-115.957,5.16,3.4,,,SCEDC,,C,33,0.17,SCSN,94,95,-1,95,skipped_resume,True,2010,166,data/scedc/event_phases/2010/2010_166/14745596.phase
14745612,scedc:14745612,2010-06-15T04:33:04.910000Z,32.716166666666666,-115.9395,6.28,3.2,,,SCEDC,,C,16,0.18,SCSN,93,93,-1,93,skipped_resume,True,2010,166,data/scedc/event_phases/2010/2010_166/14745612.phase
14745620,scedc:14745620,2010-06-15T04:34:26.410000Z,32.7135,-115.95166666666668,2.21,3.2,,,SCEDC,,A,41,0.22,SCSN,96,96,-1,96,skipped_resume,True,2010,166,data/scedc/event_phases/2010/2010_166/14745620.phase
14745636,scedc:14745636,2010-06-15T04:36:07.550000Z,32.699666666666666,-115.9115,7.41,4.1,,,SCEDC,,A,43,0.21,SCSN,90,91,-1,91,skipped_resume,True,2010,166,data/scedc/event_phases/2010/2010_166/14745636.phase
33869759,scedc:33869759,2010-06-15T04:36:33.030000Z,32.68633333333333,-115.90483333333331,7.96,3.9,,,SCEDC,,A,29,0.21,SCSN,89,89,-1,89,skipped_resume,True,2010,166,data/scedc/event_phases/2010/2010_166/33869759.phase
14745652,scedc:14745652,2010-06-15T04:39:46.080000Z,32.720666666666666,-115.95116666666668,7.63,3.0,,,SCEDC,,A,59,0.23,SCSN,95,96,-1,96,skipped_resume,True,2010,166,data/scedc/event_phases/2010/2010_166/14745652.phase
14745676,scedc:14745676,2010-06-15T04:40:38.100000Z,32.698,-115.931,7.93,3.8,,,SCEDC,,A,36,0.27,SCSN,89,89,-1,89,skipped_resume,True,2010,166,data/scedc/event_phases/2010/2010_166/14745676.phase
14745684,scedc:14745684,2010-06-15T04:43:10.780000Z,32.701166666666666,-115.93766666666669,9.25,3.7,,,SCEDC,,A,71,0.19,SCSN,93,94,-1,94,skipped_resume,True,2010,166,data/scedc/event_phases/2010/2010_166/14745684.phase
14745732,scedc:14745732,2010-06-15T04:46:06.710000Z,32.72566666666667,-115.9445,7.35,3.1,,,SCEDC,,B,17,0.12,SCSN,96,96,-1,96,skipped_resume,True,2010,166,data/scedc/event_phases/2010/2010_166/14745732.phase
14745748,scedc:14745748,2010-06-15T04:47:24.300000Z,32.70733333333333,-115.92516666666668,4.43,3.5,,,SCEDC,,A,48,0.19,SCSN,93,93,-1,93,skipped_resume,True,2010,166,data/scedc/event_phases/2010/2010_166/14745748.phase
14745908,scedc:14745908,2010-06-15T04:56:49.800000Z,32.705333333333336,-115.94733333333332,5.7,3.6,,,SCEDC,,C,63,0.31,SCSN,94,94,-1,94,skipped_resume,True,2010,166,data/scedc/event_phases/2010/2010_166/14745908.phase
14745924,scedc:14745924,2010-06-15T04:59:06.200000Z,32.695,-115.92016666666666,9.3,3.0,,,SCEDC,,B,24,0.21,SCSN,91,92,-1,92,skipped_resume,True,2010,166,data/scedc/event_phases/2010/2010_166/14745924.phase
10189250,scedc:10189250,2010-06-15T04:59:08.530000Z,32.6665,-115.883,5.37,3.2,,,SCEDC,,C,18,0.44,SCSN,84,85,-1,85,skipped_resume,True,2010,166,data/scedc/event_phases/2010/2010_166/10189250.phase
14745932,scedc:14745932,2010-06-15T04:59:45.530000Z,32.6995,-115.95,10.52,4.4,,,SCEDC,,A,95,0.33,SCSN,93,94,-1,94,skipped_resume,True,2010,166,data/scedc/event_phases/2010/2010_166/14745932.phase
14746004,scedc:14746004,2010-06-15T05:08:44.550000Z,32.643166666666666,-115.90166666666669,9.21,3.5,,,SCEDC,,B,38,0.23,SCSN,83,84,-1,84,skipped_resume,True,2010,166,data/scedc/event_phases/2010/2010_166/14746004.phase
14746164,scedc:14746164,2010-06-15T05:31:00.040000Z,32.66766666666667,-115.91416666666667,6.4,3.7,,,SCEDC,,A,62,0.22,SCSN,88,89,-1,89,skipped_resume,True,2010,166,data/scedc/event_phases/2010/2010_166/14746164.phase
33877759,scedc:33877759,2010-06-15T05:31:20.000000Z,32.75366666666667,-115.9885,1.4,3.7,,,SCEDC,,A,19,0.33,SCSN,96,97,-1,97,skipped_resume,True,2010,166,data/scedc/event_phases/2010/2010_166/33877759.phase
14746172,scedc:14746172,2010-06-15T05:34:16.830000Z,32.70883333333333,-115.95633333333332,5.33,4.4,,,SCEDC,,C,89,0.28,SCSN,95,96,-1,96,skipped_resume,True,2010,166,data/scedc/event_phases/2010/2010_166/14746172.phase
14746452,scedc:14746452,2010-06-15T06:08:28.500000Z,32.69283333333333,-115.951,13.97,3.8,,,SCEDC,,A,78,0.32,SCSN,93,95,-1,95,skipped_resume,True,2010,166,data/scedc/event_phases/2010/2010_166/14746452.phase
14746604,scedc:14746604,2010-06-15T06:23:37.340000Z,32.689,-115.94216666666668,14.91,3.2,,,SCEDC,,A,36,0.31,SCSN,94,94,-1,94,skipped_resume,True,2010,166,data/scedc/event_phases/2010/2010_166/14746604.phase
34021759,scedc:34021759,2010-06-15T06:23:49.700000Z,32.677166666666665,-115.93583333333332,7.78,3.5,,,SCEDC,,C,25,0.33,SCSN,93,93,-1,93,skipped_resume,True,2010,166,data/scedc/event_phases/2010/2010_166/34021759.phase
14746668,scedc:14746668,2010-06-15T06:32:12.770000Z,32.7005,-115.9165,13.86,3.5,,,SCEDC,,A,57,0.31,SCSN,91,92,-1,92,skipped_resume,True,2010,166,data/scedc/event_phases/2010/2010_166/14746668.phase
14746724,scedc:14746724,2010-06-15T06:40:18.590000Z,32.69733333333333,-115.9535,11.22,3.0,,,SCEDC,,A,48,0.32,SCSN,93,94,-1,94,skipped_resume,True,2010,166,data/scedc/event_phases/2010/2010_166/14746724.phase
14746772,scedc:14746772,2010-06-15T06:46:08.960000Z,32.6965,-115.92283333333332,11.81,3.6,,,SCEDC,,A,50,0.24,SCSN,92,92,-1,92,skipped_resume,True,2010,166,data/scedc/event_phases/2010/2010_166/14746772.phase
14746844,scedc:14746844,2010-06-15T06:52:27.500000Z,32.68183333333333,-115.9205,12.98,3.4,,,SCEDC,,A,87,0.35,SCSN,90,92,-1,92,skipped_resume,True,2010,166,data/scedc/event_phases/2010/2010_166/14746844.phase
14747396,scedc:14747396,2010-06-15T08:14:47.020000Z,32.688,-115.91083333333331,3.54,4.2,,,SCEDC,,A,95,0.3,SCSN,89,90,-1,90,skipped_resume,True,2010,166,data/scedc/event_phases/2010/2010_166/14747396.phase
14747404,scedc:14747404,2010-06-15T08:16:51.390000Z,32.683,-115.91483333333332,5.41,4.0,,,SCEDC,,C,44,0.27,SCSN,91,91,-1,91,skipped_resume,True,2010,166,data/scedc/event_phases/2010/2010_166/14747404.phase
14747428,scedc:14747428,2010-06-15T08:24:33.740000Z,32.66766666666667,-115.86616666666669,2.08,3.1,,,SCEDC,,A,32,0.2,SCSN,83,83,-1,83,skipped_resume,True,2010,166,data/scedc/event_phases/2010/2010_166/14747428.phase
14747452,scedc:14747452,2010-06-15T08:26:48.010000Z,32.69833333333333,-115.92416666666666,9.0,3.3,,,SCEDC,,A,24,0.2,SCSN,86,86,-1,86,skipped_resume,True,2010,166,data/scedc/event_phases/2010/2010_166/14747452.phase
14747556,scedc:14747556,2010-06-15T08:39:43.550000Z,32.696,-115.914,11.74,3.2,,,SCEDC,,A,32,0.21,SCSN,92,92,-1,92,skipped_resume,True,2010,166,data/scedc/event_phases/2010/2010_166/14747556.phase
14747684,scedc:14747684,2010-06-15T08:57:00.970000Z,32.676833333333335,-115.91483333333332,5.55,3.0,,,SCEDC,,C,40,0.26,SCSN,90,90,-1,90,skipped_resume,True,2010,166,data/scedc/event_phases/2010/2010_166/14747684.phase
14747756,scedc:14747756,2010-06-15T09:06:37.440000Z,32.67183333333333,-115.91183333333332,2.01,3.1,,,SCEDC,,A,34,0.21,SCSN,88,89,-1,89,skipped_resume,True,2010,166,data/scedc/event_phases/2010/2010_166/14747756.phase
14748044,scedc:14748044,2010-06-15T09:51:19.000000Z,32.69133333333333,-115.93016666666666,5.09,3.6,,,SCEDC,,A,78,0.31,SCSN,91,91,-1,91,skipped_resume,True,2010,166,data/scedc/event_phases/2010/2010_166/14748044.phase
14748052,scedc:14748052,2010-06-15T09:52:20.580000Z,32.70516666666666,-115.92866666666669,1.91,3.1,,,SCEDC,,A,42,0.25,SCSN,92,92,-1,92,skipped_resume,True,2010,166,data/scedc/event_phases/2010/2010_166/14748052.phase
14749388,scedc:14749388,2010-06-15T14:48:36.480000Z,32.68516666666667,-115.93033333333334,9.85,3.0,,,SCEDC,,A,96,0.35,SCSN,93,93,-1,93,skipped_resume,True,2010,166,data/scedc/event_phases/2010/2010_166/14749388.phase
14749420,scedc:14749420,2010-06-15T14:56:43.440000Z,32.715833333333336,-115.95083333333334,4.81,3.3,,,SCEDC,,A,57,0.25,SCSN,95,97,-1,97,skipped_resume,True,2010,166,data/scedc/event_phases/2010/2010_166/14749420.phase
14749724,scedc:14749724,2010-06-15T16:23:44.430000Z,33.395,-116.42233333333331,10.11,3.0,,,SCEDC,,A,77,0.21,SCSN,139,141,-1,141,skipped_resume,True,2010,166,data/scedc/event_phases/2010/2010_166/14749724.phase
14749764,scedc:14749764,2010-06-15T16:32:32.200000Z,32.709,-115.95866666666667,13.19,3.6,,,SCEDC,,A,85,0.3,SCSN,93,95,-1,95,skipped_resume,True,2010,166,data/scedc/event_phases/2010/2010_166/14749764.phase
14749860,scedc:14749860,2010-06-15T17:06:12.040000Z,32.687,-115.906,13.29,3.7,,,SCEDC,,A,73,0.35,SCSN,90,91,-1,91,skipped_resume,True,2010,166,data/scedc/event_phases/2010/2010_166/14749860.phase
14750604,scedc:14750604,2010-06-15T21:36:38.320000Z,32.703833333333336,-115.93366666666668,1.53,3.0,,,SCEDC,,A,54,0.31,SCSN,95,95,-1,95,skipped_resume,True,2010,166,data/scedc/event_phases/2010/2010_166/14750604.phase
14750724,scedc:14750724,2010-06-15T23:05:37.950000Z,32.71516666666667,-115.95966666666666,8.96,3.1,,,SCEDC,,A,40,0.22,SCSN,96,96,-1,96,skipped_resume,True,2010,166,data/scedc/event_phases/2010/2010_166/14750724.phase
14750780,scedc:14750780,2010-06-15T23:30:48.700000Z,32.7325,-115.976,4.02,3.2,,,SCEDC,,A,51,0.25,SCSN,94,95,-1,95,skipped_resume,True,2010,166,data/scedc/event_phases/2010/2010_166/14750780.phase
14751300,scedc:14751300,2010-06-16T02:42:03.420000Z,32.689,-115.92316666666666,7.45,3.2,,,SCEDC,,A,36,0.23,SCSN,91,91,-1,91,skipped_resume,True,2010,167,data/scedc/event_phases/2010/2010_167/14751300.phase
14751940,scedc:14751940,2010-06-16T07:39:50.220000Z,32.67483333333333,-115.9085,4.75,3.2,,,SCEDC,,A,47,0.24,SCSN,84,85,-1,85,skipped_resume,True,2010,167,data/scedc/event_phases/2010/2010_167/14751940.phase
14752220,scedc:14752220,2010-06-16T10:04:45.310000Z,32.674,-115.905,5.29,3.3,,,SCEDC,,A,57,0.26,SCSN,86,86,-1,86,skipped_resume,True,2010,167,data/scedc/event_phases/2010/2010_167/14752220.phase
14752284,scedc:14752284,2010-06-16T10:54:41.160000Z,32.727833333333336,-115.97416666666666,3.12,3.6,,,SCEDC,,A,94,0.29,SCSN,94,94,-1,94,skipped_resume,True,2010,167,data/scedc/event_phases/2010/2010_167/14752284.phase
14752348,scedc:14752348,2010-06-16T11:30:48.750000Z,32.69566666666667,-115.92866666666669,3.44,3.8,,,SCEDC,,A,89,0.32,SCSN,89,90,-1,90,skipped_resume,True,2010,167,data/scedc/event_phases/2010/2010_167/14752348.phase
14752380,scedc:14752380,2010-06-16T12:03:16.580000Z,32.7075,-115.928,2.2,3.1,,,SCEDC,,A,37,0.25,SCSN,91,91,-1,91,skipped_resume,True,2010,167,data/scedc/event_phases/2010/2010_167/14752380.phase
14752460,scedc:14752460,2010-06-16T12:58:52.860000Z,32.062666666666665,-115.21733333333331,9.94,3.3,,,SCEDC,,C,16,0.31,SCSN,37,37,-1,37,skipped_resume,True,2010,167,data/scedc/event_phases/2010/2010_167/14752460.phase
14752556,scedc:14752556,2010-06-16T13:46:30.040000Z,33.390166666666666,-116.41083333333331,7.96,3.0,,,SCEDC,,A,65,0.2,SCSN,139,139,-1,139,skipped_resume,True,2010,167,data/scedc/event_phases/2010/2010_167/14752556.phase
14752700,scedc:14752700,2010-06-16T15:09:12.810000Z,32.690666666666665,-115.96733333333331,3.02,3.2,,,SCEDC,,A,40,0.23,SCSN,93,94,-1,94,skipped_resume,True,2010,167,data/scedc/event_phases/2010/2010_167/14752700.phase
14752884,scedc:14752884,2010-06-16T16:19:41.020000Z,32.702,-115.92966666666666,3.82,3.2,,,SCEDC,,A,37,0.22,SCSN,91,91,-1,91,skipped_resume,True,2010,167,data/scedc/event_phases/2010/2010_167/14752884.phase
14753036,scedc:14753036,2010-06-16T17:53:27.360000Z,32.719166666666666,-115.95066666666666,5.18,3.0,,,SCEDC,,A,36,0.24,SCSN,77,77,-1,77,skipped_resume,True,2010,167,data/scedc/event_phases/2010/2010_167/14753036.phase
14753300,scedc:14753300,2010-06-16T21:04:24.090000Z,32.67316666666667,-115.8965,3.92,3.4,,,SCEDC,,A,32,0.22,SCSN,70,73,-1,73,skipped_resume,True,2010,167,data/scedc/event_phases/2010/2010_167/14753300.phase
14753356,scedc:14753356,2010-06-16T21:21:49.520000Z,32.725,-115.96533333333332,0.08,3.2,,,SCEDC,,B,17,0.38,SCSN,80,82,-1,82,skipped_resume,True,2010,167,data/scedc/event_phases/2010/2010_167/14753356.phase
14754324,scedc:14754324,2010-06-17T08:37:22.330000Z,32.12583333333333,-115.2025,9.95,3.0,,,SCEDC,,C,13,0.35,SCSN,41,41,-1,41,skipped_resume,True,2010,168,data/scedc/event_phases/2010/2010_168/14754324.phase
14754356,scedc:14754356,2010-06-17T09:04:59.480000Z,32.06316666666667,-115.06133333333334,9.95,3.7,,,SCEDC,,D,15,0.3,SCSN,35,35,-1,35,skipped_resume,True,2010,168,data/scedc/event_phases/2010/2010_168/14754356.phase
10160722,scedc:10160722,2010-06-17T09:05:38.190000Z,32.07483333333333,-115.004,9.93,4.1,,,SCEDC,,D,14,0.4,SCSN,35,35,-1,35,skipped_resume,True,2010,168,data/scedc/event_phases/2010/2010_168/10160722.phase
14754388,scedc:14754388,2010-06-17T09:21:09.280000Z,32.086,-115.0155,9.95,3.1,,,SCEDC,,C,17,0.21,SCSN,35,35,-1,35,skipped_resume,True,2010,168,data/scedc/event_phases/2010/2010_168/14754388.phase
14754412,scedc:14754412,2010-06-17T09:41:44.130000Z,32.7215,-115.96816666666666,0.98,3.1,,,SCEDC,,A,46,0.2,SCSN,96,96,-1,96,skipped_resume,True,2010,168,data/scedc/event_phases/2010/2010_168/14754412.phase
14754780,scedc:14754780,2010-06-17T14:23:35.280000Z,32.724833333333336,-115.96583333333334,3.12,3.3,,,SCEDC,,A,53,0.25,SCSN,76,77,-1,77,skipped_resume,True,2010,168,data/scedc/event_phases/2010/2010_168/14754780.phase
14754900,scedc:14754900,2010-06-17T15:12:08.600000Z,32.494,-115.61283333333331,5.83,3.3,,,SCEDC,,C,46,0.35,SCSN,61,61,-1,61,skipped_resume,True,2010,168,data/scedc/event_phases/2010/2010_168/14754900.phase
10714749,scedc:10714749,2010-06-18T04:49:11.480000Z,32.12283333333333,-115.2405,9.96,3.3,,,SCEDC,,C,20,0.25,SCSN,41,41,-1,41,skipped_resume,True,2010,169,data/scedc/event_phases/2010/2010_169/10714749.phase
10715237,scedc:10715237,2010-06-18T13:57:25.790000Z,32.6995,-115.93366666666668,1.99,3.4,,,SCEDC,,A,43,0.28,SCSN,72,72,-1,72,skipped_resume,True,2010,169,data/scedc/event_phases/2010/2010_169/10715237.phase
10715365,scedc:10715365,2010-06-18T15:14:39.980000Z,33.3905,-116.41666666666669,8.71,3.4,,,SCEDC,,A,87,0.24,SCSN,108,109,-1,109,skipped_resume,True,2010,169,data/scedc/event_phases/2010/2010_169/10715365.phase
10716053,scedc:10716053,2010-06-18T23:02:10.810000Z,32.683,-115.92416666666666,5.6,3.0,,,SCEDC,,A,88,0.27,SCSN,88,88,-1,88,skipped_resume,True,2010,169,data/scedc/event_phases/2010/2010_169/10716053.phase
10716205,scedc:10716205,2010-06-19T01:57:11.240000Z,32.196,-115.3385,9.96,3.5,,,SCEDC,,C,25,0.25,SCSN,44,44,-1,44,skipped_resume,True,2010,170,data/scedc/event_phases/2010/2010_170/10716205.phase
10717277,scedc:10717277,2010-06-19T21:51:45.430000Z,32.231,-115.33166666666666,14.39,3.3,,,SCEDC,,B,27,0.39,SCSN,43,43,-1,43,skipped_resume,True,2010,170,data/scedc/event_phases/2010/2010_170/10717277.phase
10717781,scedc:10717781,2010-06-20T08:53:57.240000Z,32.2215,-115.39283333333331,16.2,3.4,,,SCEDC,,C,35,0.32,SCSN,44,44,-1,44,skipped_resume,True,2010,171,data/scedc/event_phases/2010/2010_171/10717781.phase
10718397,scedc:10718397,2010-06-20T19:57:39.440000Z,32.024166666666666,-115.18983333333334,9.94,3.8,,,SCEDC,,C,31,0.19,SCSN,36,36,-1,36,skipped_resume,True,2010,171,data/scedc/event_phases/2010/2010_171/10718397.phase
10721237,scedc:10721237,2010-06-23T08:39:05.280000Z,32.70633333333333,-115.931,4.89,3.2,,,SCEDC,,A,49,0.28,SCSN,73,73,-1,73,skipped_resume,True,2010,174,data/scedc/event_phases/2010/2010_174/10721237.phase
10722005,scedc:10722005,2010-06-23T21:08:38.740000Z,32.7125,-115.95483333333334,3.02,3.1,,,SCEDC,,A,75,0.22,SCSN,75,76,-1,76,skipped_resume,True,2010,174,data/scedc/event_phases/2010/2010_174/10722005.phase
10722141,scedc:10722141,2010-06-23T22:17:46.260000Z,32.327,-115.4285,9.97,3.2,,,SCEDC,,C,43,0.36,SCSN,44,44,-1,44,skipped_resume,True,2010,174,data/scedc/event_phases/2010/2010_174/10722141.phase
10723037,scedc:10723037,2010-06-24T15:11:15.450000Z,32.02016666666667,-117.22116666666666,9.57,3.5,,,SCEDC,,C,27,0.27,SCSN,73,73,-1,73,skipped_resume,True,2010,175,data/scedc/event_phases/2010/2010_175/10723037.phase
10723509,scedc:10723509,2010-06-24T19:12:23.130000Z,32.16883333333333,-115.23983333333334,13.8,3.1,,,SCEDC,,B,24,0.19,SCSN,39,39,-1,39,skipped_resume,True,2010,175,data/scedc/event_phases/2010/2010_175/10723509.phase
10723933,scedc:10723933,2010-06-25T00:10:34.360000Z,32.7185,-115.96666666666668,1.49,3.1,,,SCEDC,,A,61,0.3,SCSN,76,76,-1,76,skipped_resume,True,2010,176,data/scedc/event_phases/2010/2010_176/10723933.phase
10724837,scedc:10724837,2010-06-25T22:05:28.310000Z,32.13733333333333,-115.28716666666666,10.95,3.0,,,SCEDC,,C,24,0.31,SCSN,40,40,-1,40,skipped_resume,True,2010,176,data/scedc/event_phases/2010/2010_176/10724837.phase
10724845,scedc:10724845,2010-06-25T22:08:54.840000Z,35.337,-118.60916666666668,3.96,3.0,,,SCEDC,,A,71,0.27,SCSN,140,140,-1,140,skipped_resume,True,2010,176,data/scedc/event_phases/2010/2010_176/10724845.phase
10725973,scedc:10725973,2010-06-26T23:55:57.490000Z,32.698166666666665,-115.91816666666666,3.02,3.0,,,SCEDC,,A,51,0.3,SCSN,88,88,-1,88,skipped_resume,True,2010,177,data/scedc/event_phases/2010/2010_177/10725973.phase
10725989,scedc:10725989,2010-06-27T00:17:44.550000Z,32.67216666666667,-115.919,7.63,3.3,,,SCEDC,,A,51,0.29,SCSN,86,86,-1,86,skipped_resume,True,2010,178,data/scedc/event_phases/2010/2010_178/10725989.phase
10726413,scedc:10726413,2010-06-27T12:22:13.510000Z,35.2025,-118.59583333333332,5.8,3.8,,,SCEDC,,C,96,0.22,SCSN,143,143,-1,143,skipped_resume,True,2010,178,data/scedc/event_phases/2010/2010_178/10726413.phase
10727093,scedc:10727093,2010-06-28T03:39:32.850000Z,32.711666666666666,-115.95016666666666,0.99,3.1,,,SCEDC,,A,51,0.24,SCSN,92,92,-1,92,skipped_resume,True,2010,179,data/scedc/event_phases/2010/2010_179/10727093.phase
10727893,scedc:10727893,2010-06-29T01:37:59.980000Z,32.2475,-115.37483333333331,5.96,3.5,,,SCEDC,,C,37,0.36,SCSN,45,45,-1,45,skipped_resume,True,2010,180,data/scedc/event_phases/2010/2010_180/10727893.phase
10728701,scedc:10728701,2010-06-29T18:10:47.590000Z,32.406666666666666,-115.51133333333334,16.72,3.4,,,SCEDC,,C,39,0.29,SCSN,54,54,-1,54,skipped_resume,True,2010,180,data/scedc/event_phases/2010/2010_180/10728701.phase
10730117,scedc:10730117,2010-07-01T01:26:41.070000Z,32.41016666666667,-115.55716666666666,5.71,3.1,,,SCEDC,,C,45,0.28,SCSN,61,61,-1,61,skipped_resume,True,2010,182,data/scedc/event_phases/2010/2010_182/10730117.phase
10730349,scedc:10730349,2010-07-01T07:51:30.720000Z,35.48166666666667,-118.43983333333334,0.7,3.7,,,SCEDC,,A,87,0.24,SCSN,143,143,-1,143,skipped_resume,True,2010,182,data/scedc/event_phases/2010/2010_182/10730349.phase
14771884,scedc:14771884,2010-07-01T18:13:06.890000Z,32.01866666666667,-115.0375,14.93,3.5,,,SCEDC,,C,17,0.31,SCSN,35,35,-1,35,skipped_resume,True,2010,182,data/scedc/event_phases/2010/2010_182/14771884.phase
14772188,scedc:14772188,2010-07-02T01:01:29.790000Z,32.17366666666667,-115.24766666666666,18.1,3.0,,,SCEDC,,C,16,0.24,SCSN,44,44,-1,44,skipped_resume,True,2010,183,data/scedc/event_phases/2010/2010_183/14772188.phase
14772556,scedc:14772556,2010-07-02T13:22:24.740000Z,32.86983333333333,-116.233,9.29,3.0,,,SCEDC,,A,80,0.27,SCSN,119,119,-1,119,skipped_resume,True,2010,183,data/scedc/event_phases/2010/2010_183/14772556.phase
14772652,scedc:14772652,2010-07-02T17:06:44.560000Z,32.0615,-115.1735,9.94,3.9,,,SCEDC,,C,21,0.23,SCSN,38,38,-1,38,skipped_resume,True,2010,183,data/scedc/event_phases/2010/2010_183/14772652.phase
10165682,scedc:10165682,2010-07-02T17:07:59.840000Z,32.035333333333334,-115.18116666666668,9.95,3.4,,,SCEDC,,C,9,0.25,SCSN,37,37,-1,37,skipped_resume,True,2010,183,data/scedc/event_phases/2010/2010_183/10165682.phase
14772972,scedc:14772972,2010-07-03T03:15:54.660000Z,32.207,-115.24583333333334,14.95,3.0,,,SCEDC,,C,21,0.25,SCSN,46,46,-1,46,skipped_resume,True,2010,184,data/scedc/event_phases/2010/2010_184/14772972.phase
14773012,scedc:14773012,2010-07-03T04:30:16.210000Z,32.736,-115.976,4.81,3.0,,,SCEDC,,A,72,0.29,SCSN,97,97,-1,97,skipped_resume,True,2010,184,data/scedc/event_phases/2010/2010_184/14773012.phase
14773244,scedc:14773244,2010-07-03T12:53:17.060000Z,32.17166666666667,-115.25466666666668,5.27,3.0,,,SCEDC,,C,21,0.17,SCSN,44,44,-1,44,skipped_resume,True,2010,184,data/scedc/event_phases/2010/2010_184/14773244.phase
14773852,scedc:14773852,2010-07-04T05:35:30.550000Z,32.16466666666667,-115.26333333333334,9.96,3.0,,,SCEDC,,C,20,0.19,SCSN,40,40,-1,40,skipped_resume,True,2010,185,data/scedc/event_phases/2010/2010_185/14773852.phase
14774036,scedc:14774036,2010-07-04T10:26:53.290000Z,32.2,-115.335,5.5,3.0,,,SCEDC,,C,16,0.23,SCSN,46,46,-1,46,skipped_resume,True,2010,185,data/scedc/event_phases/2010/2010_185/14774036.phase
14774124,scedc:14774124,2010-07-04T13:34:38.920000Z,32.006166666666665,-114.98266666666666,9.95,3.4,,,SCEDC,,C,20,0.19,SCSN,35,35,-1,35,skipped_resume,True,2010,185,data/scedc/event_phases/2010/2010_185/14774124.phase
14775604,scedc:14775604,2010-07-06T02:38:29.090000Z,32.05866666666667,-115.12216666666669,9.94,3.4,,,SCEDC,,C,24,0.25,SCSN,36,36,-1,36,skipped_resume,True,2010,187,data/scedc/event_phases/2010/2010_187/14775604.phase
14775788,scedc:14775788,2010-07-06T10:45:25.340000Z,32.24616666666667,-115.3565,9.96,3.0,,,SCEDC,,C,26,0.33,SCSN,47,47,-1,47,skipped_resume,True,2010,187,data/scedc/event_phases/2010/2010_187/14775788.phase
14776012,scedc:14776012,2010-07-06T16:38:05.230000Z,32.218,-115.34616666666666,1.46,4.3,,,SCEDC,,B,29,0.23,SCSN,46,46,-1,46,skipped_resume,True,2010,187,data/scedc/event_phases/2010/2010_187/14776012.phase
14776636,scedc:14776636,2010-07-07T11:12:51.330000Z,32.307833333333335,-115.42516666666668,13.38,3.0,,,SCEDC,,B,18,0.27,SCSN,47,47,-1,47,skipped_resume,True,2010,188,data/scedc/event_phases/2010/2010_188/14776636.phase
10736101,scedc:10736101,2010-07-07T23:57:23.040000Z,33.391,-116.45083333333334,12.48,3.0,,,SCEDC,,A,72,0.28,SCSN,144,144,-1,144,skipped_resume,True,2010,188,data/scedc/event_phases/2010/2010_188/10736101.phase
36942479,scedc:36942479,2010-07-08T01:09:05.790000Z,32.2365,-115.301,9.26,3.3,,,SCEDC,,C,26,0.22,SCSN,45,45,-1,45,skipped_resume,True,2010,189,data/scedc/event_phases/2010/2010_189/36942479.phase
10743157,scedc:10743157,2010-07-09T01:30:46.420000Z,36.10166666666667,-117.70866666666667,0.71,3.2,,,SCEDC,,A,51,0.2,SCSN,107,107,-1,107,skipped_resume,True,2010,190,data/scedc/event_phases/2010/2010_190/10743157.phase
10743261,scedc:10743261,2010-07-09T02:10:32.030000Z,32.2945,-115.41,5.48,3.0,,,SCEDC,,C,40,0.24,SCSN,44,44,-1,44,skipped_resume,True,2010,190,data/scedc/event_phases/2010/2010_190/10743261.phase
10743373,scedc:10743373,2010-07-09T03:27:38.410000Z,32.4685,-115.6235,1.4,3.1,,,SCEDC,,A,43,0.19,SCSN,65,65,-1,65,skipped_resume,True,2010,190,data/scedc/event_phases/2010/2010_190/10743373.phase
10747941,scedc:10747941,2010-07-11T14:32:51.270000Z,32.67,-115.86916666666669,7.85,3.1,,,SCEDC,,A,64,0.29,SCSN,82,82,-1,82,skipped_resume,True,2010,192,data/scedc/event_phases/2010/2010_192/10747941.phase
10749061,scedc:10749061,2010-07-12T08:37:50.710000Z,32.10033333333333,-115.1785,6.31,3.0,,,SCEDC,,C,27,0.3,SCSN,40,40,-1,40,skipped_resume,True,2010,193,data/scedc/event_phases/2010/2010_193/10749061.phase
10749781,scedc:10749781,2010-07-12T21:10:12.440000Z,32.67,-115.91883333333334,11.86,3.2,,,SCEDC,,A,61,0.29,SCSN,92,92,-1,92,skipped_resume,True,2010,193,data/scedc/event_phases/2010/2010_193/10749781.phase
10751261,scedc:10751261,2010-07-14T01:21:43.170000Z,32.3045,-115.32366666666668,2.27,3.1,,,SCEDC,,B,30,0.36,SCSN,49,49,-1,49,skipped_resume,True,2010,195,data/scedc/event_phases/2010/2010_195/10751261.phase
10751397,scedc:10751397,2010-07-14T03:21:09.330000Z,32.08266666666667,-115.22466666666666,9.94,3.1,,,SCEDC,,C,17,0.31,SCSN,42,42,-1,42,skipped_resume,True,2010,195,data/scedc/event_phases/2010/2010_195/10751397.phase
10751509,scedc:10751509,2010-07-14T07:09:32.860000Z,32.136833333333335,-115.27316666666668,12.54,3.5,,,SCEDC,,B,28,0.3,SCSN,44,44,-1,44,skipped_resume,True,2010,195,data/scedc/event_phases/2010/2010_195/10751509.phase
10751781,scedc:10751781,2010-07-14T15:17:26.830000Z,32.24666666666667,-115.33233333333334,14.96,3.9,,,SCEDC,,C,34,0.28,SCSN,46,46,-1,46,skipped_resume,True,2010,195,data/scedc/event_phases/2010/2010_195/10751781.phase
10751837,scedc:10751837,2010-07-14T17:30:32.750000Z,32.17433333333334,-115.2405,13.91,3.1,,,SCEDC,,B,30,0.28,SCSN,42,42,-1,42,skipped_resume,True,2010,195,data/scedc/event_phases/2010/2010_195/10751837.phase
10752085,scedc:10752085,2010-07-14T21:08:28.710000Z,32.211666666666666,-115.2345,16.53,3.0,,,SCEDC,,B,17,0.16,SCSN,43,43,-1,43,skipped_resume,True,2010,195,data/scedc/event_phases/2010/2010_195/10752085.phase
10753165,scedc:10753165,2010-07-15T23:13:51.120000Z,32.147333333333336,-115.2085,5.7,3.0,,,SCEDC,,C,31,0.37,SCSN,44,44,-1,44,skipped_resume,True,2010,196,data/scedc/event_phases/2010/2010_196/10753165.phase
10753933,scedc:10753933,2010-07-16T15:29:59.210000Z,32.56183333333333,-115.70883333333332,7.65,3.1,,,SCEDC,,C,45,0.28,SCSN,74,74,-1,74,skipped_resume,True,2010,197,data/scedc/event_phases/2010/2010_197/10753933.phase
10754973,scedc:10754973,2010-07-17T21:37:02.690000Z,32.1795,-115.25333333333332,14.4,3.0,,,SCEDC,,B,27,0.26,SCSN,44,44,-1,44,skipped_resume,True,2010,198,data/scedc/event_phases/2010/2010_198/10754973.phase
10756957,scedc:10756957,2010-07-19T23:06:11.900000Z,32.1345,-115.1775,9.97,3.9,,,SCEDC,,C,18,0.37,SCSN,37,37,-1,37,skipped_resume,True,2010,200,data/scedc/event_phases/2010/2010_200/10756957.phase
10757205,scedc:10757205,2010-07-20T10:18:03.460000Z,32.48133333333333,-115.64066666666666,1.08,3.5,,,SCEDC,,B,39,0.16,SCSN,66,67,-1,67,skipped_resume,True,2010,201,data/scedc/event_phases/2010/2010_201/10757205.phase
10758429,scedc:10758429,2010-07-22T01:17:49.700000Z,32.02,-115.155,9.94,3.0,,,SCEDC,,C,24,0.37,SCSN,36,36,-1,36,skipped_resume,True,2010,203,data/scedc/event_phases/2010/2010_203/10758429.phase
10758933,scedc:10758933,2010-07-22T15:33:55.810000Z,32.173,-115.19133333333332,19.73,3.1,,,SCEDC,,B,22,0.16,SCSN,41,41,-1,41,skipped_resume,True,2010,203,data/scedc/event_phases/2010/2010_203/10758933.phase
10760165,scedc:10760165,2010-07-24T03:05:39.140000Z,32.6345,-115.68866666666666,13.65,3.0,,,SCEDC,,A,66,0.34,SCSN,73,73,-1,73,skipped_resume,True,2010,205,data/scedc/event_phases/2010/2010_205/10760165.phase
10760605,scedc:10760605,2010-07-24T13:14:46.930000Z,32.25966666666667,-115.36466666666666,5.51,3.1,,,SCEDC,,C,26,0.25,SCSN,44,45,-1,45,skipped_resume,True,2010,205,data/scedc/event_phases/2010/2010_205/10760605.phase
10760733,scedc:10760733,2010-07-24T18:05:25.130000Z,32.246,-115.35616666666668,13.96,4.0,,,SCEDC,,B,46,0.32,SCSN,46,46,-1,46,skipped_resume,True,2010,205,data/scedc/event_phases/2010/2010_205/10760733.phase
10760949,scedc:10760949,2010-07-24T21:03:51.660000Z,32.05233333333333,-115.19166666666666,9.95,3.0,,,SCEDC,,C,19,0.29,SCSN,39,39,-1,39,skipped_resume,True,2010,205,data/scedc/event_phases/2010/2010_205/10760949.phase
10760973,scedc:10760973,2010-07-24T22:13:46.140000Z,32.2455,-115.36233333333334,2.35,3.0,,,SCEDC,,B,36,0.21,SCSN,46,46,-1,46,skipped_resume,True,2010,205,data/scedc/event_phases/2010/2010_205/10760973.phase
10761373,scedc:10761373,2010-07-25T07:06:57.280000Z,32.154,-115.28766666666668,9.96,3.6,,,SCEDC,,C,31,0.22,SCSN,44,44,-1,44,skipped_resume,True,2010,206,data/scedc/event_phases/2010/2010_206/10761373.phase
10761397,scedc:10761397,2010-07-25T07:27:16.120000Z,32.1475,-115.25666666666666,6.25,3.9,,,SCEDC,,C,36,0.22,SCSN,43,44,-1,44,skipped_resume,True,2010,206,data/scedc/event_phases/2010/2010_206/10761397.phase
10762117,scedc:10762117,2010-07-26T00:11:16.520000Z,32.294666666666664,-115.37983333333334,8.53,4.0,,,SCEDC,,C,35,0.31,SCSN,46,46,-1,46,skipped_resume,True,2010,207,data/scedc/event_phases/2010/2010_207/10762117.phase
10762165,scedc:10762165,2010-07-26T00:33:55.970000Z,32.15233333333333,-115.27016666666668,9.96,3.1,,,SCEDC,,C,18,0.23,SCSN,44,44,-1,44,skipped_resume,True,2010,207,data/scedc/event_phases/2010/2010_207/10762165.phase
10763509,scedc:10763509,2010-07-27T20:58:05.230000Z,32.18416666666667,-115.26066666666668,9.09,3.1,,,SCEDC,,C,29,0.34,SCSN,44,44,-1,44,skipped_resume,True,2010,208,data/scedc/event_phases/2010/2010_208/10763509.phase
10763549,scedc:10763549,2010-07-27T23:16:08.380000Z,32.135333333333335,-115.19216666666668,5.95,3.1,,,SCEDC,,C,28,0.42,SCSN,43,43,-1,43,skipped_resume,True,2010,208,data/scedc/event_phases/2010/2010_208/10763549.phase
10763829,scedc:10763829,2010-07-28T07:21:58.400000Z,32.075,-115.2065,12.85,3.4,,,SCEDC,,C,23,0.29,SCSN,40,40,-1,40,skipped_resume,True,2010,209,data/scedc/event_phases/2010/2010_209/10763829.phase
34965759,scedc:34965759,2010-07-28T07:22:35.160000Z,32.063833333333335,-115.2315,6.64,3.0,,,SCEDC,,C,16,0.33,SCSN,40,40,-1,40,skipped_resume,True,2010,209,data/scedc/event_phases/2010/2010_209/34965759.phase
10765061,scedc:10765061,2010-07-29T18:02:34.940000Z,32.23466666666667,-115.30566666666668,12.62,3.9,,,SCEDC,,C,35,0.37,SCSN,45,46,-1,46,skipped_resume,True,2010,210,data/scedc/event_phases/2010/2010_210/10765061.phase
10765157,scedc:10765157,2010-07-29T21:15:50.300000Z,32.20916666666667,-115.23833333333332,14.66,3.1,,,SCEDC,,B,27,0.32,SCSN,45,45,-1,45,skipped_resume,True,2010,210,data/scedc/event_phases/2010/2010_210/10765157.phase
10767005,scedc:10767005,2010-07-31T20:11:47.120000Z,32.13483333333333,-115.165,14.93,3.0,,,SCEDC,,C,21,0.24,SCSN,41,41,-1,41,skipped_resume,True,2010,212,data/scedc/event_phases/2010/2010_212/10767005.phase
10767557,scedc:10767557,2010-08-01T10:45:16.040000Z,32.025,-115.19433333333332,9.94,3.7,,,SCEDC,,C,26,0.12,SCSN,38,38,-1,38,skipped_resume,True,2010,213,data/scedc/event_phases/2010/2010_213/10767557.phase
10767757,scedc:10767757,2010-08-01T18:37:22.690000Z,32.13333333333333,-115.21766666666667,9.94,3.9,,,SCEDC,,C,29,0.24,SCSN,44,44,-1,44,skipped_resume,True,2010,213,data/scedc/event_phases/2010/2010_213/10767757.phase
10768637,scedc:10768637,2010-08-03T01:11:36.580000Z,32.571,-115.7195,3.74,3.2,,,SCEDC,,A,50,0.27,SCSN,70,70,-1,70,skipped_resume,True,2010,215,data/scedc/event_phases/2010/2010_215/10768637.phase
10768933,scedc:10768933,2010-08-03T08:39:08.970000Z,32.1655,-115.29766666666669,9.96,3.3,,,SCEDC,,C,27,0.2,SCSN,44,44,-1,44,skipped_resume,True,2010,215,data/scedc/event_phases/2010/2010_215/10768933.phase
10769493,scedc:10769493,2010-08-04T03:24:43.440000Z,32.118,-115.07883333333334,9.95,3.2,,,SCEDC,,C,20,0.26,SCSN,40,40,-1,40,skipped_resume,True,2010,216,data/scedc/event_phases/2010/2010_216/10769493.phase
10770029,scedc:10770029,2010-08-04T21:22:14.900000Z,36.436,-120.238,15.84,3.0,,,SCEDC,,C,17,0.34,SCSN,33,33,-1,33,skipped_resume,True,2010,216,data/scedc/event_phases/2010/2010_216/10770029.phase
10773085,scedc:10773085,2010-08-08T16:41:33.870000Z,32.72516666666667,-115.977,2.85,3.5,,,SCEDC,,A,82,0.3,SCSN,97,97,-1,97,skipped_resume,True,2010,220,data/scedc/event_phases/2010/2010_220/10773085.phase
10773949,scedc:10773949,2010-08-09T17:36:12.480000Z,32.065333333333335,-115.21783333333332,9.95,3.7,,,SCEDC,,C,21,0.29,SCSN,39,39,-1,39,skipped_resume,True,2010,221,data/scedc/event_phases/2010/2010_221/10773949.phase
10774605,scedc:10774605,2010-08-10T09:54:52.660000Z,34.724333333333334,-120.42916666666666,0.74,3.7,,,SCEDC,,A,40,0.23,SCSN,89,89,-1,89,skipped_resume,True,2010,222,data/scedc/event_phases/2010/2010_222/10774605.phase
10774757,scedc:10774757,2010-08-10T13:24:49.430000Z,32.23583333333333,-115.37333333333332,9.95,3.3,,,SCEDC,,C,13,0.21,SCSN,46,47,-1,47,skipped_resume,True,2010,222,data/scedc/event_phases/2010/2010_222/10774757.phase
10775573,scedc:10775573,2010-08-11T14:59:28.250000Z,32.2605,-115.34916666666666,0.71,3.0,,,SCEDC,,B,28,0.17,SCSN,47,47,-1,47,skipped_resume,True,2010,223,data/scedc/event_phases/2010/2010_223/10775573.phase
10776605,scedc:10776605,2010-08-12T13:07:20.720000Z,32.18516666666667,-115.26666666666668,13.41,3.0,,,SCEDC,,B,27,0.17,SCSN,42,42,-1,42,skipped_resume,True,2010,224,data/scedc/event_phases/2010/2010_224/10776605.phase
10777357,scedc:10777357,2010-08-13T10:18:22.720000Z,32.03666666666667,-115.0195,9.98,3.0,,,SCEDC,,C,11,0.19,SCSN,36,36,-1,36,skipped_resume,True,2010,225,data/scedc/event_phases/2010/2010_225/10777357.phase
10778317,scedc:10778317,2010-08-14T13:23:06.240000Z,32.17216666666667,-115.29566666666666,9.99,3.0,,,SCEDC,,C,18,0.19,SCSN,44,44,-1,44,skipped_resume,True,2010,226,data/scedc/event_phases/2010/2010_226/10778317.phase
10778757,scedc:10778757,2010-08-15T01:37:58.270000Z,32.02633333333333,-115.08566666666668,9.97,3.8,,,SCEDC,,C,20,0.17,SCSN,32,32,-1,32,skipped_resume,True,2010,227,data/scedc/event_phases/2010/2010_227/10778757.phase
10779005,scedc:10779005,2010-08-15T10:55:08.550000Z,32.158833333333334,-115.25316666666669,9.99,3.6,,,SCEDC,,C,23,0.19,SCSN,44,44,-1,44,skipped_resume,True,2010,227,data/scedc/event_phases/2010/2010_227/10779005.phase
10779277,scedc:10779277,2010-08-15T21:06:47.710000Z,32.14966666666667,-115.23933333333332,9.99,3.4,,,SCEDC,,C,20,0.2,SCSN,43,44,-1,44,skipped_resume,True,2010,227,data/scedc/event_phases/2010/2010_227/10779277.phase
10779597,scedc:10779597,2010-08-16T10:54:55.520000Z,33.169333333333334,-119.3245,5.71,3.2,,,SCEDC,,C,14,0.17,SCSN,117,118,-1,118,skipped_resume,True,2010,228,data/scedc/event_phases/2010/2010_228/10779597.phase
10779701,scedc:10779701,2010-08-16T14:35:07.680000Z,32.190666666666665,-115.28383333333332,9.99,3.1,,,SCEDC,,C,29,0.17,SCSN,46,46,-1,46,skipped_resume,True,2010,228,data/scedc/event_phases/2010/2010_228/10779701.phase
10780253,scedc:10780253,2010-08-17T02:14:10.270000Z,32.116166666666665,-115.199,9.98,3.2,,,SCEDC,,C,19,0.18,SCSN,40,40,-1,40,skipped_resume,True,2010,229,data/scedc/event_phases/2010/2010_229/10780253.phase
10780885,scedc:10780885,2010-08-17T19:28:47.010000Z,34.388,-117.502,12.54,3.1,,,SCEDC,,A,96,0.22,SCSN,164,164,-1,164,skipped_resume,True,2010,229,data/scedc/event_phases/2010/2010_229/10780885.phase
10782957,scedc:10782957,2010-08-20T09:40:24.160000Z,32.154666666666664,-115.231,14.84,3.0,,,SCEDC,,B,28,0.22,SCSN,42,43,-1,43,skipped_resume,True,2010,232,data/scedc/event_phases/2010/2010_232/10782957.phase
10784021,scedc:10784021,2010-08-22T02:46:04.140000Z,32.1425,-115.25433333333334,9.96,3.6,,,SCEDC,,C,26,0.21,SCSN,41,42,-1,42,skipped_resume,True,2010,234,data/scedc/event_phases/2010/2010_234/10784021.phase
10785477,scedc:10785477,2010-08-24T21:43:39.960000Z,32.36333333333334,-115.411,9.97,4.2,,,SCEDC,,C,61,0.3,SCSN,51,52,-1,52,skipped_resume,True,2010,236,data/scedc/event_phases/2010/2010_236/10785477.phase
10786725,scedc:10786725,2010-08-26T16:47:45.090000Z,32.720666666666666,-115.96383333333333,2.23,3.5,,,SCEDC,,A,96,0.31,SCSN,90,91,-1,91,skipped_resume,True,2010,238,data/scedc/event_phases/2010/2010_238/10786725.phase
10787333,scedc:10787333,2010-08-27T10:01:02.720000Z,33.2255,-115.6425,2.06,3.2,,,SCEDC,,C,98,0.24,SCSN,92,94,-1,94,skipped_resume,True,2010,239,data/scedc/event_phases/2010/2010_239/10787333.phase
10787509,scedc:10787509,2010-08-27T17:32:47.970000Z,33.22383333333333,-115.62983333333334,2.06,3.6,,,SCEDC,,C,44,0.19,SCSN,91,92,-1,92,skipped_resume,True,2010,239,data/scedc/event_phases/2010/2010_239/10787509.phase
10787949,scedc:10787949,2010-08-28T14:13:27.940000Z,33.231,-115.6385,3.13,3.3,,,SCEDC,,A,89,0.24,SCSN,88,89,-1,89,skipped_resume,True,2010,240,data/scedc/event_phases/2010/2010_240/10787949.phase
10788077,scedc:10788077,2010-08-28T16:38:55.030000Z,32.43333333333333,-118.22483333333334,9.66,3.0,,,SCEDC,,C,22,0.11,SCSN,113,114,-1,114,skipped_resume,True,2010,240,data/scedc/event_phases/2010/2010_240/10788077.phase
10788765,scedc:10788765,2010-08-29T15:53:43.420000Z,32.18033333333333,-115.293,9.96,4.3,,,SCEDC,,C,38,0.22,SCSN,44,45,-1,45,skipped_resume,True,2010,241,data/scedc/event_phases/2010/2010_241/10788765.phase
10788893,scedc:10788893,2010-08-29T21:39:04.220000Z,32.213166666666666,-115.35133333333332,7.57,3.1,,,SCEDC,,C,25,0.24,SCSN,41,42,-1,42,skipped_resume,True,2010,241,data/scedc/event_phases/2010/2010_241/10788893.phase
10788901,scedc:10788901,2010-08-29T21:41:14.910000Z,32.17783333333333,-115.36083333333332,0.39,3.4,,,SCEDC,,B,20,0.24,SCSN,45,45,-1,45,skipped_resume,True,2010,241,data/scedc/event_phases/2010/2010_241/10788901.phase
10789053,scedc:10789053,2010-08-30T02:15:33.450000Z,32.17633333333333,-115.2965,4.8,3.0,,,SCEDC,,C,24,0.16,SCSN,43,44,-1,44,skipped_resume,True,2010,242,data/scedc/event_phases/2010/2010_242/10789053.phase
10789757,scedc:10789757,2010-08-31T04:41:34.540000Z,32.155166666666666,-115.21466666666667,9.98,3.0,,,SCEDC,,C,20,0.21,SCSN,42,42,-1,42,skipped_resume,True,2010,243,data/scedc/event_phases/2010/2010_243/10789757.phase
10789845,scedc:10789845,2010-08-31T09:32:46.510000Z,32.22833333333333,-115.295,9.99,3.1,,,SCEDC,,C,21,0.18,SCSN,44,45,-1,45,skipped_resume,True,2010,243,data/scedc/event_phases/2010/2010_243/10789845.phase
10791189,scedc:10791189,2010-09-02T17:23:25.160000Z,32.137166666666666,-115.22316666666669,9.99,3.1,,,SCEDC,,C,31,0.18,SCSN,43,44,-1,44,skipped_resume,True,2010,245,data/scedc/event_phases/2010/2010_245/10791189.phase
10791853,scedc:10791853,2010-09-03T18:26:49.650000Z,32.507,-115.65366666666668,1.87,3.0,,,SCEDC,,A,64,0.18,SCSN,63,64,-1,64,skipped_resume,True,2010,246,data/scedc/event_phases/2010/2010_246/10791853.phase
10792493,scedc:10792493,2010-09-04T17:11:24.450000Z,32.16866666666667,-115.31116666666668,2.25,3.4,,,SCEDC,,B,26,0.2,SCSN,45,46,-1,46,skipped_resume,True,2010,247,data/scedc/event_phases/2010/2010_247/10792493.phase
10792661,scedc:10792661,2010-09-04T22:40:53.710000Z,32.120333333333335,-115.26083333333334,11.62,3.6,,,SCEDC,,C,29,0.19,SCSN,43,44,-1,44,skipped_resume,True,2010,247,data/scedc/event_phases/2010/2010_247/10792661.phase
10793149,scedc:10793149,2010-09-05T16:01:10.890000Z,32.11366666666667,-115.26133333333334,9.99,3.7,,,SCEDC,,C,28,0.19,SCSN,43,44,-1,44,skipped_resume,True,2010,248,data/scedc/event_phases/2010/2010_248/10793149.phase
10793549,scedc:10793549,2010-09-06T11:52:13.540000Z,35.52183333333333,-116.77183333333332,8.18,3.0,,,SCEDC,,C,30,0.14,SCSN,139,140,-1,140,skipped_resume,True,2010,249,data/scedc/event_phases/2010/2010_249/10793549.phase
10793685,scedc:10793685,2010-09-06T19:35:06.110000Z,32.651833333333336,-115.71283333333334,5.79,3.2,,,SCEDC,,C,48,0.26,SCSN,72,72,-1,72,skipped_resume,True,2010,249,data/scedc/event_phases/2010/2010_249/10793685.phase
10793909,scedc:10793909,2010-09-07T17:29:13.930000Z,35.727333333333334,-116.95666666666666,3.52,3.5,,,SCEDC,,B,27,0.24,SCSN,128,128,-1,128,skipped_resume,True,2010,250,data/scedc/event_phases/2010/2010_250/10793909.phase
10794229,scedc:10794229,2010-09-08T06:00:43.360000Z,32.2955,-115.3335,9.95,3.2,,,SCEDC,,C,27,0.25,SCSN,47,48,-1,48,skipped_resume,True,2010,251,data/scedc/event_phases/2010/2010_251/10794229.phase
10796181,scedc:10796181,2010-09-11T19:20:04.140000Z,32.68216666666667,-115.895,4.07,3.2,,,SCEDC,,A,49,0.28,SCSN,81,81,-1,81,skipped_resume,True,2010,254,data/scedc/event_phases/2010/2010_254/10796181.phase
10796437,scedc:10796437,2010-09-12T04:44:12.260000Z,32.0215,-115.091,9.94,3.8,,,SCEDC,,D,35,0.24,SCSN,34,35,-1,35,skipped_resume,True,2010,255,data/scedc/event_phases/2010/2010_255/10796437.phase
10798005,scedc:10798005,2010-09-14T10:52:18.000000Z,32.0485,-115.19816666666668,9.94,5.0,,,SCEDC,,C,72,0.21,SCSN,36,36,-1,36,skipped_resume,True,2010,257,data/scedc/event_phases/2010/2010_257/10798005.phase
10798205,scedc:10798205,2010-09-14T12:58:39.240000Z,32.18816666666667,-115.334,12.93,3.2,,,SCEDC,,B,31,0.25,SCSN,44,44,-1,44,skipped_resume,True,2010,257,data/scedc/event_phases/2010/2010_257/10798205.phase
10798845,scedc:10798845,2010-09-15T06:09:53.380000Z,32.16466666666667,-115.24666666666668,13.74,4.5,,,SCEDC,,B,27,0.2,SCSN,42,43,-1,43,skipped_resume,True,2010,258,data/scedc/event_phases/2010/2010_258/10798845.phase
10799037,scedc:10799037,2010-09-15T11:23:13.170000Z,32.29533333333333,-115.366,4.33,3.4,,,SCEDC,,B,70,0.24,SCSN,45,46,-1,46,skipped_resume,True,2010,258,data/scedc/event_phases/2010/2010_258/10799037.phase
10799357,scedc:10799357,2010-09-15T15:29:02.560000Z,32.299166666666665,-115.36716666666666,4.5,3.0,,,SCEDC,,B,35,0.21,SCSN,48,49,-1,49,skipped_resume,True,2010,258,data/scedc/event_phases/2010/2010_258/10799357.phase
10799813,scedc:10799813,2010-09-16T04:32:40.660000Z,32.20433333333333,-115.334,9.92,3.0,,,SCEDC,,D,15,0.14,SCSN,44,44,-1,44,skipped_resume,True,2010,259,data/scedc/event_phases/2010/2010_259/10799813.phase
10800093,scedc:10800093,2010-09-16T15:54:55.660000Z,35.84316666666667,-117.67716666666666,3.59,3.9,,,SCEDC,,A,63,0.18,SCSN,131,131,-1,131,skipped_resume,True,2010,259,data/scedc/event_phases/2010/2010_259/10800093.phase
14842932,scedc:14842932,2010-09-17T23:45:17.730000Z,32.62716666666667,-115.70516666666668,3.94,3.3,,,SCEDC,,A,37,0.26,SCSN,69,70,-1,70,skipped_resume,True,2010,260,data/scedc/event_phases/2010/2010_260/14842932.phase
14843060,scedc:14843060,2010-09-18T04:40:37.310000Z,32.216,-115.3295,6.79,3.9,,,SCEDC,,C,35,0.2,SCSN,44,44,-1,44,skipped_resume,True,2010,261,data/scedc/event_phases/2010/2010_261/14843060.phase
14843140,scedc:14843140,2010-09-18T08:47:54.050000Z,32.20783333333333,-115.34016666666666,8.73,3.0,,,SCEDC,,C,23,0.21,SCSN,42,42,-1,42,skipped_resume,True,2010,261,data/scedc/event_phases/2010/2010_261/14843140.phase
14844244,scedc:14844244,2010-09-20T00:30:02.400000Z,32.02616666666667,-115.10833333333332,9.94,4.8,,,SCEDC,,C,26,0.22,SCSN,35,35,-1,35,skipped_resume,True,2010,263,data/scedc/event_phases/2010/2010_263/14844244.phase
14845268,scedc:14845268,2010-09-21T09:22:49.580000Z,32.25066666666667,-115.38283333333334,13.15,3.4,,,SCEDC,,B,38,0.28,SCSN,46,46,-1,46,skipped_resume,True,2010,264,data/scedc/event_phases/2010/2010_264/14845268.phase
14845508,scedc:14845508,2010-09-21T18:54:47.430000Z,32.1835,-115.276,6.2,3.8,,,SCEDC,,C,33,0.15,SCSN,43,43,-1,43,skipped_resume,True,2010,264,data/scedc/event_phases/2010/2010_264/14845508.phase
14850012,scedc:14850012,2010-09-30T05:49:01.660000Z,32.2025,-115.31866666666669,9.99,3.0,,,SCEDC,,C,14,0.27,SCSN,43,44,-1,44,skipped_resume,True,2010,273,data/scedc/event_phases/2010/2010_273/14850012.phase
14851348,scedc:14851348,2010-10-01T20:03:01.520000Z,32.23716666666667,-115.39,6.44,3.2,,,SCEDC,,C,30,0.19,SCSN,46,47,-1,47,skipped_resume,True,2010,274,data/scedc/event_phases/2010/2010_274/14851348.phase
14851724,scedc:14851724,2010-10-02T07:45:29.480000Z,33.11383333333333,-116.46783333333332,10.09,3.0,,,SCEDC,,A,97,0.23,SCSN,133,133,-1,133,skipped_resume,True,2010,275,data/scedc/event_phases/2010/2010_275/14851724.phase
14851956,scedc:14851956,2010-10-02T20:18:24.430000Z,32.68066666666667,-115.894,4.6,3.1,,,SCEDC,,A,53,0.27,SCSN,82,83,-1,83,skipped_resume,True,2010,275,data/scedc/event_phases/2010/2010_275/14851956.phase
14853612,scedc:14853612,2010-10-05T17:32:20.450000Z,32.0775,-115.2165,9.91,3.0,,,SCEDC,,C,13,0.09,SCSN,39,40,-1,40,skipped_resume,True,2010,278,data/scedc/event_phases/2010/2010_278/14853612.phase
14854492,scedc:14854492,2010-10-06T08:14:38.280000Z,32.05833333333333,-115.06133333333334,9.95,3.0,,,SCEDC,,C,29,0.3,SCSN,34,34,-1,34,skipped_resume,True,2010,279,data/scedc/event_phases/2010/2010_279/14854492.phase
14856188,scedc:14856188,2010-10-07T21:10:07.960000Z,32.6015,-115.74033333333334,9.95,3.4,,,SCEDC,,C,56,0.29,SCSN,71,71,-1,71,skipped_resume,True,2010,280,data/scedc/event_phases/2010/2010_280/14856188.phase
14856420,scedc:14856420,2010-10-08T03:27:21.460000Z,32.588,-115.7395,11.77,3.2,,,SCEDC,,A,59,0.32,SCSN,71,71,-1,71,skipped_resume,True,2010,281,data/scedc/event_phases/2010/2010_281/14856420.phase
14857284,scedc:14857284,2010-10-09T04:01:45.810000Z,32.20033333333333,-115.26433333333334,5.51,3.8,,,SCEDC,,C,20,0.19,SCSN,42,42,-1,42,skipped_resume,True,2010,282,data/scedc/event_phases/2010/2010_282/14857284.phase
14858988,scedc:14858988,2010-10-12T03:00:34.230000Z,32.158166666666666,-115.28983333333332,5.54,4.3,,,SCEDC,,C,58,0.19,SCSN,43,43,-1,43,skipped_resume,True,2010,285,data/scedc/event_phases/2010/2010_285/14858988.phase
14859364,scedc:14859364,2010-10-12T22:24:13.780000Z,35.9625,-117.66266666666668,1.9,3.1,,,SCEDC,,A,60,0.15,SCSN,123,123,-1,123,skipped_resume,True,2010,285,data/scedc/event_phases/2010/2010_285/14859364.phase
14859836,scedc:14859836,2010-10-13T12:07:29.160000Z,32.759,-116.05016666666668,7.55,3.0,,,SCEDC,,A,51,0.27,SCSN,102,102,-1,102,skipped_resume,True,2010,286,data/scedc/event_phases/2010/2010_286/14859836.phase
14861300,scedc:14861300,2010-10-15T11:52:11.860000Z,32.163333333333334,-115.29883333333332,12.68,3.0,,,SCEDC,,C,26,0.22,SCSN,44,44,-1,44,skipped_resume,True,2010,288,data/scedc/event_phases/2010/2010_288/14861300.phase
14861452,scedc:14861452,2010-10-15T16:05:20.070000Z,32.11483333333333,-115.22866666666668,9.94,3.2,,,SCEDC,,C,31,0.27,SCSN,44,44,-1,44,skipped_resume,True,2010,288,data/scedc/event_phases/2010/2010_288/14861452.phase
14861868,scedc:14861868,2010-10-16T12:07:51.010000Z,32.2465,-115.386,5.78,3.0,,,SCEDC,,C,32,0.26,SCSN,48,48,-1,48,skipped_resume,True,2010,289,data/scedc/event_phases/2010/2010_289/14861868.phase
14862044,scedc:14862044,2010-10-16T21:51:28.530000Z,32.162333333333336,-115.25416666666666,0.79,3.6,,,SCEDC,,B,32,0.22,SCSN,43,43,-1,43,skipped_resume,True,2010,289,data/scedc/event_phases/2010/2010_289/14862044.phase
14862116,scedc:14862116,2010-10-17T04:56:57.020000Z,32.088,-115.24483333333332,14.43,3.4,,,SCEDC,,B,27,0.19,SCSN,44,44,-1,44,skipped_resume,True,2010,290,data/scedc/event_phases/2010/2010_290/14862116.phase
14862860,scedc:14862860,2010-10-18T11:42:02.780000Z,32.56466666666667,-115.72166666666666,7.71,3.2,,,SCEDC,,C,61,0.28,SCSN,69,69,-1,69,skipped_resume,True,2010,291,data/scedc/event_phases/2010/2010_291/14862860.phase
14862884,scedc:14862884,2010-10-18T11:42:56.400000Z,32.25516666666667,-115.363,7.42,3.2,,,SCEDC,,C,33,0.22,SCSN,48,48,-1,48,skipped_resume,True,2010,291,data/scedc/event_phases/2010/2010_291/14862884.phase
14863564,scedc:14863564,2010-10-19T08:55:39.890000Z,35.312,-120.311,8.12,3.0,,,SCEDC,,C,16,0.29,SCSN,82,82,-1,82,skipped_resume,True,2010,292,data/scedc/event_phases/2010/2010_292/14863564.phase
14863932,scedc:14863932,2010-10-19T15:49:20.990000Z,32.35966666666667,-115.21883333333334,13.97,3.1,,,SCEDC,,B,22,0.23,SCSN,49,49,-1,49,skipped_resume,True,2010,292,data/scedc/event_phases/2010/2010_292/14863932.phase
14864172,scedc:14864172,2010-10-19T20:58:42.960000Z,32.08383333333333,-115.23366666666666,9.94,3.7,,,SCEDC,,C,26,0.24,SCSN,42,42,-1,42,skipped_resume,True,2010,292,data/scedc/event_phases/2010/2010_292/14864172.phase
14865028,scedc:14865028,2010-10-20T07:42:07.900000Z,32.45733333333333,-115.5775,14.54,3.3,,,SCEDC,,A,44,0.3,SCSN,62,62,-1,62,skipped_resume,True,2010,293,data/scedc/event_phases/2010/2010_293/14865028.phase
10823669,scedc:10823669,2010-10-21T00:51:30.260000Z,32.153,-115.22783333333334,9.95,3.0,,,SCEDC,,C,25,0.2,SCSN,43,43,-1,43,skipped_resume,True,2010,294,data/scedc/event_phases/2010/2010_294/10823669.phase
10824637,scedc:10824637,2010-10-23T05:27:20.960000Z,32.15983333333333,-115.23183333333331,13.48,3.1,,,SCEDC,,B,27,0.18,SCSN,43,43,-1,43,skipped_resume,True,2010,296,data/scedc/event_phases/2010/2010_296/10824637.phase
10826277,scedc:10826277,2010-10-25T13:45:36.480000Z,35.068,-118.97883333333333,16.47,3.7,,,SCEDC,,A,84,0.41,SCSN,140,140,-1,140,skipped_resume,True,2010,298,data/scedc/event_phases/2010/2010_298/10826277.phase
10826629,scedc:10826629,2010-10-26T03:04:37.490000Z,32.18366666666667,-115.33283333333333,2.08,3.0,,,SCEDC,,B,35,0.21,SCSN,45,45,-1,45,skipped_resume,True,2010,299,data/scedc/event_phases/2010/2010_299/10826629.phase
14870372,scedc:14870372,2010-10-29T01:02:55.450000Z,32.0005,-115.1865,9.94,3.5,,,SCEDC,,C,24,0.19,SCSN,37,37,-1,37,skipped_resume,True,2010,302,data/scedc/event_phases/2010/2010_302/14870372.phase
14870428,scedc:14870428,2010-10-29T04:03:11.090000Z,32.16166666666667,-115.07083333333334,9.95,3.5,,,SCEDC,,C,10,0.33,SCSN,40,40,-1,40,skipped_resume,True,2010,302,data/scedc/event_phases/2010/2010_302/14870428.phase
14870436,scedc:14870436,2010-10-29T04:04:14.880000Z,32.164,-115.07766666666669,9.95,4.0,,,SCEDC,,C,10,0.19,SCSN,42,42,-1,42,skipped_resume,True,2010,302,data/scedc/event_phases/2010/2010_302/14870436.phase
14870876,scedc:14870876,2010-10-29T18:37:12.390000Z,32.83283333333333,-115.95166666666668,9.39,3.0,,,SCEDC,,A,58,0.3,SCSN,109,109,-1,109,skipped_resume,True,2010,302,data/scedc/event_phases/2010/2010_302/14870876.phase
14871492,scedc:14871492,2010-10-31T00:42:35.420000Z,34.992,-116.949,7.46,3.1,,,SCEDC,,A,97,0.14,SCSN,158,158,-1,158,skipped_resume,True,2010,304,data/scedc/event_phases/2010/2010_304/14871492.phase
10835133,scedc:10835133,2010-11-07T19:10:30.300000Z,32.1425,-115.2095,14.94,3.2,,,SCEDC,,C,28,0.2,SCSN,45,45,-1,45,skipped_resume,True,2010,311,data/scedc/event_phases/2010/2010_311/10835133.phase
10835317,scedc:10835317,2010-11-08T01:03:34.070000Z,32.22366666666667,-115.34516666666669,5.83,3.1,,,SCEDC,,C,28,0.22,SCSN,45,45,-1,45,skipped_resume,True,2010,312,data/scedc/event_phases/2010/2010_312/10835317.phase
10835997,scedc:10835997,2010-11-09T05:57:24.770000Z,32.650333333333336,-115.68816666666666,11.66,3.3,,,SCEDC,,A,49,0.3,SCSN,78,78,-1,78,skipped_resume,True,2010,313,data/scedc/event_phases/2010/2010_313/10835997.phase
10836613,scedc:10836613,2010-11-10T04:04:54.130000Z,32.101166666666664,-115.183,6.32,3.0,,,SCEDC,,C,22,0.26,SCSN,38,38,-1,38,skipped_resume,True,2010,314,data/scedc/event_phases/2010/2010_314/10836613.phase
10837373,scedc:10837373,2010-11-11T20:21:53.090000Z,32.106,-115.23983333333334,13.09,3.0,,,SCEDC,,B,30,0.16,SCSN,44,44,-1,44,skipped_resume,True,2010,315,data/scedc/event_phases/2010/2010_315/10837373.phase
10837941,scedc:10837941,2010-11-12T17:27:30.430000Z,32.6885,-115.53733333333334,16.3,3.1,,,SCEDC,,A,49,0.33,SCSN,73,73,-1,73,skipped_resume,True,2010,316,data/scedc/event_phases/2010/2010_316/10837941.phase
10838965,scedc:10838965,2010-11-14T20:37:19.610000Z,32.155833333333334,-115.218,14.78,3.4,,,SCEDC,,B,26,0.18,SCSN,45,45,-1,45,skipped_resume,True,2010,318,data/scedc/event_phases/2010/2010_318/10838965.phase
10840013,scedc:10840013,2010-11-16T16:52:53.390000Z,32.10166666666667,-115.2245,14.94,3.9,,,SCEDC,,C,33,0.2,SCSN,43,43,-1,43,skipped_resume,True,2010,320,data/scedc/event_phases/2010/2010_320/10840013.phase
14883196,scedc:14883196,2010-11-17T23:58:42.940000Z,33.00366666666667,-116.4665,4.7,3.7,,,SCEDC,,C,96,0.23,SCSN,126,127,-1,127,skipped_resume,True,2010,321,data/scedc/event_phases/2010/2010_321/14883196.phase
14883684,scedc:14883684,2010-11-18T23:51:04.830000Z,32.1435,-115.21933333333334,12.29,3.6,,,SCEDC,,B,29,0.21,SCSN,45,45,-1,45,skipped_resume,True,2010,322,data/scedc/event_phases/2010/2010_322/14883684.phase
14885260,scedc:14885260,2010-11-23T04:42:56.910000Z,32.081833333333336,-115.17816666666668,14.39,3.4,,,SCEDC,,B,21,0.16,SCSN,41,41,-1,41,skipped_resume,True,2010,327,data/scedc/event_phases/2010/2010_327/14885260.phase
14885556,scedc:14885556,2010-11-23T22:47:39.080000Z,32.602666666666664,-115.7305,7.7,3.2,,,SCEDC,,A,80,0.19,SCSN,72,72,-1,72,skipped_resume,True,2010,327,data/scedc/event_phases/2010/2010_327/14885556.phase
14886020,scedc:14886020,2010-11-25T04:01:15.650000Z,36.0355,-117.781,1.17,3.7,,,SCEDC,,A,69,0.18,SCSN,118,118,-1,118,skipped_resume,True,2010,329,data/scedc/event_phases/2010/2010_329/14886020.phase
14888380,scedc:14888380,2010-11-30T10:59:48.220000Z,32.117,-115.26533333333332,9.62,3.2,,,SCEDC,,C,22,0.17,SCSN,36,36,-1,36,skipped_resume,True,2010,334,data/scedc/event_phases/2010/2010_334/14888380.phase
14889484,scedc:14889484,2010-12-01T20:53:10.450000Z,35.96366666666667,-117.66383333333332,1.65,3.3,,,SCEDC,,A,45,0.22,SCSN,119,119,-1,119,skipped_resume,True,2010,335,data/scedc/event_phases/2010/2010_335/14889484.phase
14889492,scedc:14889492,2010-12-01T20:53:36.980000Z,35.96333333333333,-117.66266666666668,1.52,3.0,,,SCEDC,,A,39,0.15,SCSN,119,119,-1,119,skipped_resume,True,2010,335,data/scedc/event_phases/2010/2010_335/14889492.phase
14890916,scedc:14890916,2010-12-02T22:59:42.660000Z,32.27133333333333,-115.33666666666667,13.38,3.3,,,SCEDC,,B,31,0.25,SCSN,46,46,-1,46,skipped_resume,True,2010,336,data/scedc/event_phases/2010/2010_336/14890916.phase
14892420,scedc:14892420,2010-12-05T19:22:32.200000Z,32.62716666666667,-115.73583333333332,12.1,3.6,,,SCEDC,,A,25,0.16,SCSN,73,73,-1,73,skipped_resume,True,2010,339,data/scedc/event_phases/2010/2010_339/14892420.phase
14893644,scedc:14893644,2010-12-08T07:04:29.680000Z,32.17333333333333,-115.29933333333334,7.42,3.0,,,SCEDC,,C,32,0.25,SCSN,47,47,-1,47,skipped_resume,True,2010,342,data/scedc/event_phases/2010/2010_342/14893644.phase
14893948,scedc:14893948,2010-12-08T20:27:05.950000Z,32.661833333333334,-115.9415,6.67,3.1,,,SCEDC,,A,66,0.29,SCSN,96,96,-1,96,skipped_resume,True,2010,342,data/scedc/event_phases/2010/2010_342/14893948.phase
14894412,scedc:14894412,2010-12-09T09:50:00.800000Z,32.0885,-115.07483333333332,9.95,3.2,,,SCEDC,,C,25,0.24,SCSN,38,38,-1,38,skipped_resume,True,2010,343,data/scedc/event_phases/2010/2010_343/14894412.phase
14895060,scedc:14895060,2010-12-10T17:16:10.840000Z,32.613,-115.76433333333334,4.74,3.7,,,SCEDC,,A,54,0.29,SCSN,78,78,-1,78,skipped_resume,True,2010,344,data/scedc/event_phases/2010/2010_344/14895060.phase
14895612,scedc:14895612,2010-12-11T12:52:26.310000Z,32.163333333333334,-115.26383333333334,13.01,4.7,,,SCEDC,,B,41,0.18,SCSN,45,45,-1,45,skipped_resume,True,2010,345,data/scedc/event_phases/2010/2010_345/14895612.phase
14895692,scedc:14895692,2010-12-11T13:47:50.260000Z,32.153333333333336,-115.26466666666668,13.41,3.0,,,SCEDC,,B,30,0.17,SCSN,43,43,-1,43,skipped_resume,True,2010,345,data/scedc/event_phases/2010/2010_345/14895692.phase
14895764,scedc:14895764,2010-12-11T16:30:22.530000Z,32.20216666666666,-115.26366666666668,9.94,3.1,,,SCEDC,,C,13,0.23,SCSN,47,47,-1,47,skipped_resume,True,2010,345,data/scedc/event_phases/2010/2010_345/14895764.phase
14895908,scedc:14895908,2010-12-11T22:25:29.880000Z,32.218666666666664,-115.2815,5.64,3.0,,,SCEDC,,C,36,0.24,SCSN,46,46,-1,46,skipped_resume,True,2010,345,data/scedc/event_phases/2010/2010_345/14895908.phase
14895956,scedc:14895956,2010-12-12T00:01:53.040000Z,32.22933333333334,-115.271,14.52,3.3,,,SCEDC,,B,29,0.27,SCSN,47,47,-1,47,skipped_resume,True,2010,346,data/scedc/event_phases/2010/2010_346/14895956.phase
14896308,scedc:14896308,2010-12-12T15:26:26.990000Z,32.184666666666665,-115.2895,6.76,3.2,,,SCEDC,,C,34,0.21,SCSN,47,47,-1,47,skipped_resume,True,2010,346,data/scedc/event_phases/2010/2010_346/14896308.phase
14898692,scedc:14898692,2010-12-15T15:27:47.260000Z,33.02633333333333,-115.5475,10.64,3.3,,,SCEDC,,A,65,0.18,SCSN,86,86,-1,86,skipped_resume,True,2010,349,data/scedc/event_phases/2010/2010_349/14898692.phase
14898924,scedc:14898924,2010-12-15T18:59:14.760000Z,33.02316666666667,-115.5395,10.06,3.7,,,SCEDC,,A,63,0.18,SCSN,90,90,-1,90,skipped_resume,True,2010,349,data/scedc/event_phases/2010/2010_349/14898924.phase
14899068,scedc:14899068,2010-12-15T19:33:41.600000Z,33.027,-115.54083333333334,13.27,3.4,,,SCEDC,,A,40,0.21,SCSN,90,90,-1,90,skipped_resume,True,2010,349,data/scedc/event_phases/2010/2010_349/14899068.phase
14899076,scedc:14899076,2010-12-15T19:35:03.800000Z,33.019666666666666,-115.54533333333332,11.19,3.9,,,SCEDC,,A,53,0.18,SCSN,90,90,-1,90,skipped_resume,True,2010,349,data/scedc/event_phases/2010/2010_349/14899076.phase
14899164,scedc:14899164,2010-12-15T19:44:32.710000Z,33.0225,-115.53816666666668,8.06,3.1,,,SCEDC,,A,62,0.17,SCSN,89,89,-1,89,skipped_resume,True,2010,349,data/scedc/event_phases/2010/2010_349/14899164.phase
14900260,scedc:14900260,2010-12-16T08:14:46.160000Z,32.62,-115.75516666666668,8.1,3.1,,,SCEDC,,A,32,0.16,SCSN,76,76,-1,76,skipped_resume,True,2010,350,data/scedc/event_phases/2010/2010_350/14900260.phase
10858605,scedc:10858605,2010-12-16T22:20:07.280000Z,32.584833333333336,-115.7575,4.25,3.1,,,SCEDC,,A,61,0.3,SCSN,78,78,-1,78,skipped_resume,True,2010,350,data/scedc/event_phases/2010/2010_350/10858605.phase
10859093,scedc:10859093,2010-12-18T02:03:20.640000Z,36.467333333333336,-120.51916666666666,16.0,3.6,,,SCEDC,,C,17,0.2,SCSN,31,31,-1,31,skipped_resume,True,2010,352,data/scedc/event_phases/2010/2010_352/10859093.phase
10859253,scedc:10859253,2010-12-18T09:45:03.060000Z,32.6625,-115.82983333333334,8.19,3.6,,,SCEDC,,A,54,0.27,SCSN,86,86,-1,86,skipped_resume,True,2010,352,data/scedc/event_phases/2010/2010_352/10859253.phase
10859261,scedc:10859261,2010-12-18T09:47:03.720000Z,32.648,-115.82733333333331,8.6,3.2,,,SCEDC,,A,32,0.25,SCSN,86,86,-1,86,skipped_resume,True,2010,352,data/scedc/event_phases/2010/2010_352/10859261.phase
36907479,scedc:36907479,2010-12-18T09:47:10.220000Z,32.670833333333334,-115.8415,10.04,3.2,,,SCEDC,,A,30,0.24,SCSN,86,86,-1,86,skipped_resume,True,2010,352,data/scedc/event_phases/2010/2010_352/36907479.phase
10859485,scedc:10859485,2010-12-18T16:02:19.630000Z,32.24333333333333,-115.25116666666666,14.87,3.2,,,SCEDC,,B,26,0.25,SCSN,47,47,-1,47,skipped_resume,True,2010,352,data/scedc/event_phases/2010/2010_352/10859485.phase
10859541,scedc:10859541,2010-12-18T19:08:20.840000Z,36.470666666666666,-120.51716666666668,17.59,3.3,,,SCEDC,,C,26,0.15,SCSN,31,32,-1,32,skipped_resume,True,2010,352,data/scedc/event_phases/2010/2010_352/10859541.phase
10860557,scedc:10860557,2010-12-21T11:01:49.630000Z,32.919333333333334,-116.26716666666668,12.39,3.4,,,SCEDC,,A,80,0.29,SCSN,117,118,-1,118,skipped_resume,True,2010,355,data/scedc/event_phases/2010/2010_355/10860557.phase
10861173,scedc:10861173,2010-12-23T09:19:14.120000Z,32.237,-115.3755,0.69,3.1,,,SCEDC,,C,30,0.24,SCSN,46,46,-1,46,skipped_resume,True,2010,357,data/scedc/event_phases/2010/2010_357/10861173.phase
10861221,scedc:10861221,2010-12-23T12:37:35.020000Z,32.45333333333333,-115.56366666666666,14.94,4.3,,,SCEDC,,C,92,0.24,SCSN,62,62,-1,62,skipped_resume,True,2010,357,data/scedc/event_phases/2010/2010_357/10861221.phase
10861981,scedc:10861981,2010-12-25T14:20:16.870000Z,32.084,-115.10466666666666,9.94,3.0,,,SCEDC,,C,16,0.25,SCSN,38,38,-1,38,skipped_resume,True,2010,359,data/scedc/event_phases/2010/2010_359/10861981.phase
10864213,scedc:10864213,2010-12-29T05:48:55.220000Z,32.2675,-115.35883333333334,13.51,3.2,,,SCEDC,,B,33,0.25,SCSN,48,48,-1,48,skipped_resume,True,2010,363,data/scedc/event_phases/2010/2010_363/10864213.phase
10864277,scedc:10864277,2010-12-29T07:04:39.260000Z,32.20166666666667,-115.37266666666666,12.98,3.1,,,SCEDC,,C,27,0.21,SCSN,47,47,-1,47,skipped_resume,True,2010,363,data/scedc/event_phases/2010/2010_363/10864277.phase
10864317,scedc:10864317,2010-12-29T08:42:20.280000Z,32.19716666666667,-115.38133333333332,0.07,3.4,,,SCEDC,,B,23,0.23,SCSN,47,47,-1,47,skipped_resume,True,2010,363,data/scedc/event_phases/2010/2010_363/10864317.phase
10865293,scedc:10865293,2011-01-01T00:34:10.130000Z,33.159666666666666,-115.6445,1.81,3.5,,,SCEDC,,A,99,0.23,SCSN,94,94,-1,94,skipped_resume,True,2011,1,data/scedc/event_phases/2011/2011_001/10865293.phase
10865389,scedc:10865389,2011-01-01T01:00:46.850000Z,33.1625,-115.6375,1.57,3.2,,,SCEDC,,A,52,0.27,SCSN,93,93,-1,93,skipped_resume,True,2011,1,data/scedc/event_phases/2011/2011_001/10865389.phase
10870901,scedc:10870901,2011-01-09T05:50:59.960000Z,33.93983333333333,-120.61183333333334,5.64,3.0,,,SCEDC,,C,17,0.22,SCSN,85,85,-1,85,skipped_resume,True,2011,9,data/scedc/event_phases/2011/2011_009/10870901.phase
10872109,scedc:10872109,2011-01-11T10:09:31.370000Z,33.958,-120.57566666666666,1.63,3.5,,,SCEDC,,B,33,0.18,SCSN,85,86,-1,86,skipped_resume,True,2011,11,data/scedc/event_phases/2011/2011_011/10872109.phase
10872125,scedc:10872125,2011-01-11T10:51:34.330000Z,33.93983333333333,-120.59533333333331,10.17,3.4,,,SCEDC,,C,43,0.24,SCSN,83,84,-1,84,skipped_resume,True,2011,11,data/scedc/event_phases/2011/2011_011/10872125.phase
10876061,scedc:10876061,2011-01-18T20:07:48.820000Z,32.1725,-115.24166666666666,6.49,3.0,,,SCEDC,,C,27,0.13,SCSN,45,45,-1,45,skipped_resume,True,2011,18,data/scedc/event_phases/2011/2011_018/10876061.phase
14920876,scedc:14920876,2011-01-23T06:47:24.550000Z,32.2165,-115.32133333333331,1.82,4.2,,,SCEDC,,B,39,0.2,SCSN,47,47,-1,47,skipped_resume,True,2011,23,data/scedc/event_phases/2011/2011_023/14920876.phase
14921148,scedc:14921148,2011-01-23T22:31:23.750000Z,32.66016666666667,-115.94083333333332,6.2,3.2,,,SCEDC,,A,52,0.27,SCSN,93,93,-1,93,skipped_resume,True,2011,23,data/scedc/event_phases/2011/2011_023/14921148.phase
14922020,scedc:14922020,2011-01-25T00:55:36.180000Z,32.8665,-115.514,14.61,3.0,,,SCEDC,,A,60,0.25,SCSN,72,72,-1,72,skipped_resume,True,2011,25,data/scedc/event_phases/2011/2011_025/14922020.phase
14923004,scedc:14923004,2011-01-26T17:13:09.210000Z,32.14383333333333,-115.22816666666668,14.94,3.3,,,SCEDC,,C,21,0.23,SCSN,45,45,-1,45,skipped_resume,True,2011,26,data/scedc/event_phases/2011/2011_026/14923004.phase
14923668,scedc:14923668,2011-01-27T15:29:46.230000Z,35.079,-118.98466666666668,19.31,3.2,,,SCEDC,,A,68,0.32,SCSN,142,143,-1,143,skipped_resume,True,2011,27,data/scedc/event_phases/2011/2011_027/14923668.phase
14923972,scedc:14923972,2011-01-28T07:26:56.140000Z,32.58,-115.74816666666666,9.95,3.0,,,SCEDC,,C,55,0.35,SCSN,76,76,-1,76,skipped_resume,True,2011,28,data/scedc/event_phases/2011/2011_028/14923972.phase
14925276,scedc:14925276,2011-01-31T00:49:10.670000Z,32.095,-115.17883333333332,9.94,3.2,,,SCEDC,,C,16,0.24,SCSN,42,42,-1,42,skipped_resume,True,2011,31,data/scedc/event_phases/2011/2011_031/14925276.phase
14925764,scedc:14925764,2011-01-31T17:46:29.720000Z,32.6695,-115.84733333333334,8.39,3.5,,,SCEDC,,A,60,0.21,SCSN,87,87,-1,87,skipped_resume,True,2011,31,data/scedc/event_phases/2011/2011_031/14925764.phase
14927276,scedc:14927276,2011-02-02T08:53:33.490000Z,32.1485,-115.22616666666669,14.08,3.2,,,SCEDC,,B,29,0.18,SCSN,45,45,-1,45,skipped_resume,True,2011,33,data/scedc/event_phases/2011/2011_033/14927276.phase
14928124,scedc:14928124,2011-02-03T01:33:14.160000Z,32.22716666666667,-115.32183333333332,5.64,3.2,,,SCEDC,,C,28,0.22,SCSN,47,47,-1,47,skipped_resume,True,2011,34,data/scedc/event_phases/2011/2011_034/14928124.phase
14929452,scedc:14929452,2011-02-04T14:31:33.700000Z,32.134,-115.2215,14.94,3.1,,,SCEDC,,C,26,0.15,SCSN,45,45,-1,45,skipped_resume,True,2011,35,data/scedc/event_phases/2011/2011_035/14929452.phase
14932212,scedc:14932212,2011-02-09T07:06:45.690000Z,33.942166666666665,-120.62233333333332,5.22,3.3,,,SCEDC,,C,39,0.22,SCSN,86,86,-1,86,skipped_resume,True,2011,40,data/scedc/event_phases/2011/2011_040/14932212.phase
10892245,scedc:10892245,2011-02-13T23:02:37.600000Z,32.15416666666667,-115.2795,12.96,3.2,,,SCEDC,,B,23,0.24,SCSN,33,33,-1,33,skipped_resume,True,2011,44,data/scedc/event_phases/2011/2011_044/10892245.phase
10892285,scedc:10892285,2011-02-13T23:25:09.540000Z,32.17066666666667,-115.2835,13.41,4.1,,,SCEDC,,B,36,0.19,SCSN,45,45,-1,45,skipped_resume,True,2011,44,data/scedc/event_phases/2011/2011_044/10892285.phase
10892325,scedc:10892325,2011-02-14T00:17:00.470000Z,32.187666666666665,-115.288,6.0,3.4,,,SCEDC,,C,28,0.22,SCSN,47,47,-1,47,skipped_resume,True,2011,45,data/scedc/event_phases/2011/2011_045/10892325.phase
10892469,scedc:10892469,2011-02-14T05:32:47.450000Z,32.16833333333334,-115.283,6.59,3.1,,,SCEDC,,C,27,0.2,SCSN,45,45,-1,45,skipped_resume,True,2011,45,data/scedc/event_phases/2011/2011_045/10892469.phase
10894053,scedc:10894053,2011-02-17T18:13:18.790000Z,32.23133333333333,-115.30883333333334,3.31,3.3,,,SCEDC,,B,19,0.23,SCSN,45,45,-1,45,skipped_resume,True,2011,48,data/scedc/event_phases/2011/2011_048/10894053.phase
14937372,scedc:14937372,2011-02-18T17:47:35.770000Z,32.047,-115.06216666666668,14.93,5.1,,,SCEDC,,C,63,0.26,SCSN,35,36,-1,36,skipped_resume,True,2011,49,data/scedc/event_phases/2011/2011_049/14937372.phase
10171182,scedc:10171182,2011-02-18T17:50:55.160000Z,32.02016666666667,-115.0405,9.93,3.9,,,SCEDC,,C,15,0.23,SCSN,35,36,-1,36,skipped_resume,True,2011,49,data/scedc/event_phases/2011/2011_049/10171182.phase
10171202,scedc:10171202,2011-02-18T17:52:03.860000Z,32.1,-115.10066666666668,9.93,3.8,,,SCEDC,,C,16,0.19,SCSN,39,40,-1,40,skipped_resume,True,2011,49,data/scedc/event_phases/2011/2011_049/10171202.phase
14937740,scedc:14937740,2011-02-19T22:57:13.320000Z,34.31433333333333,-118.7205,8.12,3.2,,,SCEDC,,A,99,0.38,SCSN,150,150,-1,150,skipped_resume,True,2011,50,data/scedc/event_phases/2011/2011_050/14937740.phase
14937988,scedc:14937988,2011-02-20T19:34:39.980000Z,32.04683333333333,-115.25183333333334,9.91,4.5,,,SCEDC,,C,50,0.18,SCSN,38,38,-1,38,skipped_resume,True,2011,51,data/scedc/event_phases/2011/2011_051/14937988.phase
14938188,scedc:14938188,2011-02-21T09:04:18.740000Z,35.793,-120.344,9.27,3.2,,,SCEDC,,C,11,0.3,SCSN,48,48,-1,48,skipped_resume,True,2011,52,data/scedc/event_phases/2011/2011_052/14938188.phase
10903717,scedc:10903717,2011-03-05T16:11:35.900000Z,32.14083333333333,-115.35216666666666,9.99,3.5,,,SCEDC,,C,72,0.26,SCSN,37,37,-1,37,skipped_resume,True,2011,64,data/scedc/event_phases/2011/2011_064/10903717.phase
10903869,scedc:10903869,2011-03-06T03:32:32.770000Z,32.8215,-115.616,15.6,3.0,,,SCEDC,,A,76,0.18,SCSN,81,81,-1,81,skipped_resume,True,2011,65,data/scedc/event_phases/2011/2011_065/10903869.phase
10904685,scedc:10904685,2011-03-07T18:18:28.020000Z,32.25816666666667,-115.35416666666669,9.99,3.4,,,SCEDC,,C,46,0.24,SCSN,45,45,-1,45,skipped_resume,True,2011,66,data/scedc/event_phases/2011/2011_066/10904685.phase
10904717,scedc:10904717,2011-03-07T20:26:09.170000Z,32.1815,-115.25233333333334,9.98,3.0,,,SCEDC,,C,18,0.2,SCSN,38,38,-1,38,skipped_resume,True,2011,66,data/scedc/event_phases/2011/2011_066/10904717.phase
10905149,scedc:10905149,2011-03-08T20:46:38.010000Z,32.572,-115.68966666666668,12.84,3.1,,,SCEDC,,A,54,0.3,SCSN,68,68,-1,68,skipped_resume,True,2011,67,data/scedc/event_phases/2011/2011_067/10905149.phase
10905661,scedc:10905661,2011-03-09T13:55:24.260000Z,32.1785,-115.281,9.99,3.1,,,SCEDC,,C,31,0.22,SCSN,36,36,-1,36,skipped_resume,True,2011,68,data/scedc/event_phases/2011/2011_068/10905661.phase
10906469,scedc:10906469,2011-03-10T15:56:24.810000Z,36.008,-117.40083333333334,3.39,3.2,,,SCEDC,,A,63,0.23,SCSN,112,112,-1,112,skipped_resume,True,2011,69,data/scedc/event_phases/2011/2011_069/10906469.phase
10906781,scedc:10906781,2011-03-11T04:51:25.410000Z,35.35066666666667,-118.56116666666668,4.61,3.4,,,SCEDC,,A,92,0.26,SCSN,127,127,-1,127,skipped_resume,True,2011,70,data/scedc/event_phases/2011/2011_070/10906781.phase
10910205,scedc:10910205,2011-03-18T03:17:42.890000Z,32.175333333333334,-115.22383333333332,15.06,3.3,,,SCEDC,,B,26,0.23,SCSN,45,45,-1,45,skipped_resume,True,2011,77,data/scedc/event_phases/2011/2011_077/10910205.phase
10910661,scedc:10910661,2011-03-19T01:31:14.670000Z,32.1175,-115.2335,9.94,3.0,,,SCEDC,,C,23,0.36,SCSN,39,39,-1,39,skipped_resume,True,2011,78,data/scedc/event_phases/2011/2011_078/10910661.phase
10912365,scedc:10912365,2011-03-22T06:26:10.960000Z,33.98533333333334,-118.81316666666666,1.43,3.3,,,SCEDC,,A,90,0.45,SCSN,139,140,-1,140,skipped_resume,True,2011,81,data/scedc/event_phases/2011/2011_081/10912365.phase
10912917,scedc:10912917,2011-03-22T21:24:20.620000Z,32.678666666666665,-115.71666666666668,7.28,3.0,,,SCEDC,,A,56,0.23,SCSN,74,74,-1,74,skipped_resume,True,2011,81,data/scedc/event_phases/2011/2011_081/10912917.phase
14957620,scedc:14957620,2011-03-26T20:01:35.020000Z,32.23016666666667,-115.37183333333331,5.79,3.5,,,SCEDC,,C,38,0.24,SCSN,39,39,-1,39,skipped_resume,True,2011,85,data/scedc/event_phases/2011/2011_085/14957620.phase
14958076,scedc:14958076,2011-03-28T00:25:21.780000Z,32.254333333333335,-115.36533333333334,14.02,3.3,,,SCEDC,,B,39,0.19,SCSN,46,46,-1,46,skipped_resume,True,2011,87,data/scedc/event_phases/2011/2011_087/14958076.phase
14958300,scedc:14958300,2011-03-28T04:32:55.170000Z,32.343333333333334,-115.17566666666669,14.94,4.0,,,SCEDC,,C,67,0.22,SCSN,45,45,-1,45,skipped_resume,True,2011,87,data/scedc/event_phases/2011/2011_087/14958300.phase
14958332,scedc:14958332,2011-03-28T04:56:12.000000Z,33.187333333333335,-115.65383333333334,3.61,3.4,,,SCEDC,,A,79,0.26,SCSN,92,92,-1,92,skipped_resume,True,2011,87,data/scedc/event_phases/2011/2011_087/14958332.phase
14959028,scedc:14959028,2011-03-28T22:32:38.530000Z,32.4075,-115.17583333333332,9.94,3.0,,,SCEDC,,C,16,0.41,SCSN,48,48,-1,48,skipped_resume,True,2011,87,data/scedc/event_phases/2011/2011_087/14959028.phase
14960652,scedc:14960652,2011-03-31T20:22:55.700000Z,32.339166666666664,-115.22816666666668,10.63,4.4,,,SCEDC,,C,32,0.29,SCSN,47,47,-1,47,skipped_resume,True,2011,90,data/scedc/event_phases/2011/2011_090/14960652.phase
36995079,scedc:36995079,2011-04-01T05:07:44.040000Z,32.64,-115.74966666666668,2.75,3.2,,,SCEDC,,A,43,0.24,SCSN,81,81,-1,81,skipped_resume,True,2011,91,data/scedc/event_phases/2011/2011_091/36995079.phase
14963012,scedc:14963012,2011-04-05T16:16:43.460000Z,32.146,-115.2395,6.76,3.0,,,SCEDC,,C,24,0.39,SCSN,32,32,-1,32,skipped_resume,True,2011,95,data/scedc/event_phases/2011/2011_095/14963012.phase
10921765,scedc:10921765,2011-04-08T10:34:31.350000Z,32.632666666666665,-115.72633333333332,9.16,3.3,,,SCEDC,,A,58,0.31,SCSN,73,73,-1,73,skipped_resume,True,2011,98,data/scedc/event_phases/2011/2011_098/10921765.phase
10922333,scedc:10922333,2011-04-09T08:58:49.220000Z,32.6055,-115.72366666666667,9.33,4.1,,,SCEDC,,B,84,0.36,SCSN,80,80,-1,80,skipped_resume,True,2011,99,data/scedc/event_phases/2011/2011_099/10922333.phase
10922397,scedc:10922397,2011-04-09T10:42:28.220000Z,32.632333333333335,-115.7325,8.44,3.1,,,SCEDC,,A,50,0.28,SCSN,80,80,-1,80,skipped_resume,True,2011,99,data/scedc/event_phases/2011/2011_099/10922397.phase
10923517,scedc:10923517,2011-04-11T04:00:55.910000Z,32.151666666666664,-115.24516666666666,6.08,3.8,,,SCEDC,,C,28,0.3,SCSN,46,46,-1,46,skipped_resume,True,2011,101,data/scedc/event_phases/2011/2011_101/10923517.phase
10924669,scedc:10924669,2011-04-13T04:37:10.520000Z,32.2715,-115.36,9.96,3.0,,,SCEDC,,C,24,0.3,SCSN,50,50,-1,50,skipped_resume,True,2011,103,data/scedc/event_phases/2011/2011_103/10924669.phase
10924925,scedc:10924925,2011-04-13T17:53:43.840000Z,32.068666666666665,-115.1685,9.93,3.0,,,SCEDC,,C,22,0.38,SCSN,41,41,-1,41,skipped_resume,True,2011,103,data/scedc/event_phases/2011/2011_103/10924925.phase
10925269,scedc:10925269,2011-04-14T06:01:04.640000Z,32.05416666666667,-115.2475,12.63,3.1,,,SCEDC,,C,26,0.22,SCSN,41,41,-1,41,skipped_resume,True,2011,104,data/scedc/event_phases/2011/2011_104/10925269.phase
10926517,scedc:10926517,2011-04-15T20:39:19.570000Z,32.304,-115.3375,16.91,3.2,,,SCEDC,,C,31,0.33,SCSN,50,50,-1,50,skipped_resume,True,2011,105,data/scedc/event_phases/2011/2011_105/10926517.phase
10930061,scedc:10930061,2011-04-21T04:11:16.220000Z,32.3875,-115.551,9.93,4.0,,,SCEDC,,C,66,0.33,SCSN,63,63,-1,63,skipped_resume,True,2011,111,data/scedc/event_phases/2011/2011_111/10930061.phase
10930101,scedc:10930101,2011-04-21T04:38:34.040000Z,32.40083333333333,-115.54866666666666,9.93,3.3,,,SCEDC,,C,36,0.3,SCSN,64,64,-1,64,skipped_resume,True,2011,111,data/scedc/event_phases/2011/2011_111/10930101.phase
10930109,scedc:10930109,2011-04-21T04:39:24.650000Z,32.378166666666665,-115.549,13.98,3.6,,,SCEDC,,A,49,0.28,SCSN,58,58,-1,58,skipped_resume,True,2011,111,data/scedc/event_phases/2011/2011_111/10930109.phase
10930133,scedc:10930133,2011-04-21T04:46:09.950000Z,32.374833333333335,-115.5465,12.18,3.5,,,SCEDC,,B,50,0.29,SCSN,59,59,-1,59,skipped_resume,True,2011,111,data/scedc/event_phases/2011/2011_111/10930133.phase
10930141,scedc:10930141,2011-04-21T04:47:13.240000Z,32.3965,-115.55666666666669,9.93,3.1,,,SCEDC,,C,30,0.33,SCSN,66,66,-1,66,skipped_resume,True,2011,111,data/scedc/event_phases/2011/2011_111/10930141.phase
10930749,scedc:10930749,2011-04-22T05:15:57.050000Z,32.01566666666667,-114.94433333333332,9.95,3.2,,,SCEDC,,C,19,0.25,SCSN,35,35,-1,35,skipped_resume,True,2011,112,data/scedc/event_phases/2011/2011_112/10930749.phase
10933157,scedc:10933157,2011-04-26T16:16:44.070000Z,35.96816666666667,-117.64733333333334,2.29,3.2,,,SCEDC,,A,97,0.18,SCSN,130,130,-1,130,skipped_resume,True,2011,116,data/scedc/event_phases/2011/2011_116/10933157.phase
10933245,scedc:10933245,2011-04-26T18:55:26.050000Z,35.9575,-117.65816666666667,1.73,3.2,,,SCEDC,,B,15,0.16,SCSN,129,129,-1,129,skipped_resume,True,2011,116,data/scedc/event_phases/2011/2011_116/10933245.phase
14978940,scedc:14978940,2011-05-03T21:41:49.820000Z,36.39533333333333,-117.87033333333332,0.46,4.5,,,SCEDC,,A,69,0.18,SCSN,63,64,-1,64,skipped_resume,True,2011,123,data/scedc/event_phases/2011/2011_123/14978940.phase
10936853,scedc:10936853,2011-05-04T08:10:45.910000Z,36.39083333333333,-117.86983333333332,0.21,3.6,,,SCEDC,,A,59,0.22,SCSN,65,65,-1,65,skipped_resume,True,2011,124,data/scedc/event_phases/2011/2011_124/10936853.phase
36998159,scedc:36998159,2011-05-04T08:11:09.650000Z,36.398833333333336,-117.87266666666666,5.4,3.5,,,SCEDC,,C,26,0.17,SCSN,63,63,-1,63,skipped_resume,True,2011,124,data/scedc/event_phases/2011/2011_124/36998159.phase
10937077,scedc:10937077,2011-05-04T11:55:45.960000Z,36.3865,-117.87366666666668,0.18,3.0,,,SCEDC,,A,50,0.24,SCSN,64,64,-1,64,skipped_resume,True,2011,124,data/scedc/event_phases/2011/2011_124/10937077.phase
14980244,scedc:14980244,2011-05-05T19:47:35.990000Z,32.045833333333334,-115.16216666666666,9.94,3.6,,,SCEDC,,C,28,0.37,SCSN,39,39,-1,39,skipped_resume,True,2011,125,data/scedc/event_phases/2011/2011_125/14980244.phase
14983932,scedc:14983932,2011-05-12T14:48:24.660000Z,32.07066666666667,-114.97666666666667,9.96,3.2,,,SCEDC,,D,12,0.26,SCSN,36,36,-1,36,skipped_resume,True,2011,132,data/scedc/event_phases/2011/2011_132/14983932.phase
14984324,scedc:14984324,2011-05-13T03:31:33.190000Z,32.6575,-115.7895,13.46,3.6,,,SCEDC,,A,83,0.45,SCSN,87,87,-1,87,skipped_resume,True,2011,133,data/scedc/event_phases/2011/2011_133/14984324.phase
14984380,scedc:14984380,2011-05-13T04:38:07.660000Z,35.349333333333334,-118.56416666666668,5.73,3.1,,,SCEDC,,C,62,0.23,SCSN,156,156,-1,156,skipped_resume,True,2011,133,data/scedc/event_phases/2011/2011_133/14984380.phase
14985556,scedc:14985556,2011-05-15T04:07:55.820000Z,35.14366666666667,-116.86266666666668,1.79,3.4,,,SCEDC,,A,90,0.13,SCSN,163,163,-1,163,skipped_resume,True,2011,135,data/scedc/event_phases/2011/2011_135/14985556.phase
14988492,scedc:14988492,2011-05-20T14:44:38.340000Z,32.05533333333333,-115.18833333333332,9.94,3.1,,,SCEDC,,C,15,0.38,SCSN,40,40,-1,40,skipped_resume,True,2011,140,data/scedc/event_phases/2011/2011_140/14988492.phase
14988780,scedc:14988780,2011-05-21T01:09:22.090000Z,33.501666666666665,-119.11816666666668,15.05,3.7,,,SCEDC,,A,75,0.54,SCSN,139,139,-1,139,skipped_resume,True,2011,141,data/scedc/event_phases/2011/2011_141/14988780.phase
14990764,scedc:14990764,2011-05-25T01:05:29.770000Z,32.01983333333333,-115.20533333333331,9.95,3.5,,,SCEDC,,C,29,0.23,SCSN,39,39,-1,39,skipped_resume,True,2011,145,data/scedc/event_phases/2011/2011_145/14990764.phase
14992084,scedc:14992084,2011-05-27T18:37:40.300000Z,32.147,-115.18566666666666,14.85,3.8,,,SCEDC,,B,37,0.29,SCSN,44,44,-1,44,skipped_resume,True,2011,147,data/scedc/event_phases/2011/2011_147/14992084.phase
14992148,scedc:14992148,2011-05-27T19:13:59.800000Z,32.112,-115.17733333333334,13.79,3.6,,,SCEDC,,B,36,0.28,SCSN,38,38,-1,38,skipped_resume,True,2011,147,data/scedc/event_phases/2011/2011_147/14992148.phase
14993492,scedc:14993492,2011-05-30T14:32:37.660000Z,32.128,-115.2785,9.76,3.0,,,SCEDC,,C,10,0.02,SCSN,45,45,-1,45,skipped_resume,True,2011,150,data/scedc/event_phases/2011/2011_150/14993492.phase
14996388,scedc:14996388,2011-06-05T13:53:19.590000Z,33.98433333333333,-116.56166666666668,11.81,3.1,,,SCEDC,,A,50,0.12,SCSN,170,170,-1,170,skipped_resume,True,2011,156,data/scedc/event_phases/2011/2011_156/14996388.phase
14999460,scedc:14999460,2011-06-10T12:51:13.050000Z,32.63333333333333,-115.73683333333334,4.4,3.1,,,SCEDC,,A,49,0.22,SCSN,79,79,-1,79,skipped_resume,True,2011,161,data/scedc/event_phases/2011/2011_161/14999460.phase
14999660,scedc:14999660,2011-06-10T17:28:03.860000Z,32.2135,-115.31783333333334,9.97,3.1,,,SCEDC,,C,29,0.48,SCSN,47,47,-1,47,skipped_resume,True,2011,161,data/scedc/event_phases/2011/2011_161/14999660.phase
14999964,scedc:14999964,2011-06-11T08:17:48.240000Z,33.623,-119.04333333333334,10.44,3.5,,,SCEDC,,B,72,0.44,SCSN,152,152,-1,152,skipped_resume,True,2011,162,data/scedc/event_phases/2011/2011_162/14999964.phase
15000164,scedc:15000164,2011-06-11T17:19:44.860000Z,32.10816666666667,-115.1595,9.95,3.3,,,SCEDC,,C,8,0.14,SCSN,42,42,-1,42,skipped_resume,True,2011,162,data/scedc/event_phases/2011/2011_162/15000164.phase
10960933,scedc:10960933,2011-06-17T17:38:51.070000Z,32.998,-116.35233333333332,7.24,3.6,,,SCEDC,,B,91,0.24,SCSN,132,132,-1,132,skipped_resume,True,2011,168,data/scedc/event_phases/2011/2011_168/10960933.phase
10961077,scedc:10961077,2011-06-18T00:58:22.640000Z,34.510666666666665,-119.0795,2.73,3.3,,,SCEDC,,A,96,0.39,SCSN,152,152,-1,152,skipped_resume,True,2011,169,data/scedc/event_phases/2011/2011_169/10961077.phase
10961109,scedc:10961109,2011-06-18T02:21:31.640000Z,32.56316666666667,-115.66616666666668,13.92,3.0,,,SCEDC,,A,40,0.29,SCSN,72,72,-1,72,skipped_resume,True,2011,169,data/scedc/event_phases/2011/2011_169/10961109.phase
10962925,scedc:10962925,2011-06-22T02:00:27.160000Z,32.076,-116.72033333333331,18.22,3.1,,,SCEDC,,A,35,0.1,SCSN,87,87,-1,87,skipped_resume,True,2011,173,data/scedc/event_phases/2011/2011_173/10962925.phase
10964509,scedc:10964509,2011-06-25T18:36:10.910000Z,35.923,-117.73966666666666,3.43,3.3,,,SCEDC,,A,53,0.17,SCSN,106,106,-1,106,skipped_resume,True,2011,176,data/scedc/event_phases/2011/2011_176/10964509.phase
10964829,scedc:10964829,2011-06-26T08:56:30.230000Z,33.1725,-115.6515,1.44,3.1,,,SCEDC,,A,62,0.31,SCSN,102,102,-1,102,skipped_resume,True,2011,177,data/scedc/event_phases/2011/2011_177/10964829.phase
10964949,scedc:10964949,2011-06-26T16:07:57.140000Z,32.29266666666667,-115.3315,9.97,3.2,,,SCEDC,,C,32,0.38,SCSN,50,50,-1,50,skipped_resume,True,2011,177,data/scedc/event_phases/2011/2011_177/10964949.phase
15009764,scedc:15009764,2011-06-30T22:03:24.830000Z,36.4535,-120.31016666666666,6.12,3.3,,,SCEDC,,C,30,0.63,SCSN,36,36,-1,36,skipped_resume,True,2011,181,data/scedc/event_phases/2011/2011_181/15009764.phase
15010796,scedc:15010796,2011-07-02T22:25:18.220000Z,32.0345,-115.08583333333333,9.98,3.4,,,SCEDC,,D,7,0.37,SCSN,36,36,-1,36,skipped_resume,True,2011,183,data/scedc/event_phases/2011/2011_183/15010796.phase
15011108,scedc:15011108,2011-07-03T16:00:30.310000Z,32.164,-115.26916666666666,10.0,3.3,,,SCEDC,,C,19,0.22,SCSN,44,44,-1,44,skipped_resume,True,2011,184,data/scedc/event_phases/2011/2011_184/15011108.phase
15011732,scedc:15011732,2011-07-04T23:35:42.040000Z,33.05316666666667,-117.98283333333332,5.8,3.7,,,SCEDC,,C,24,0.38,SCSN,160,160,-1,160,skipped_resume,True,2011,185,data/scedc/event_phases/2011/2011_185/15011732.phase
15013156,scedc:15013156,2011-07-07T17:22:25.530000Z,35.388,-117.83966666666667,4.84,3.4,,,SCEDC,,C,93,0.18,SCSN,168,168,-1,168,skipped_resume,True,2011,188,data/scedc/event_phases/2011/2011_188/15013156.phase
15014764,scedc:15014764,2011-07-10T18:00:44.260000Z,32.07866666666666,-115.23683333333334,9.95,3.5,,,SCEDC,,C,9,0.2,SCSN,42,42,-1,42,skipped_resume,True,2011,191,data/scedc/event_phases/2011/2011_191/15014764.phase
15014900,scedc:15014900,2011-07-11T01:58:54.040000Z,32.80116666666667,-116.14983333333332,8.59,4.1,,,SCEDC,,B,78,0.28,SCSN,125,125,-1,125,skipped_resume,True,2011,192,data/scedc/event_phases/2011/2011_192/15014900.phase
15015212,scedc:15015212,2011-07-11T12:22:52.610000Z,32.224,-115.35866666666666,1.35,3.1,,,SCEDC,,B,31,0.24,SCSN,45,45,-1,45,skipped_resume,True,2011,192,data/scedc/event_phases/2011/2011_192/15015212.phase
15016292,scedc:15016292,2011-07-13T05:54:08.740000Z,32.18,-115.26016666666666,9.96,3.1,,,SCEDC,,C,16,0.41,SCSN,45,45,-1,45,skipped_resume,True,2011,194,data/scedc/event_phases/2011/2011_194/15016292.phase
15017636,scedc:15017636,2011-07-15T04:53:09.250000Z,32.791666666666664,-115.44566666666668,13.14,3.0,,,SCEDC,,A,46,0.23,SCSN,79,79,-1,79,skipped_resume,True,2011,196,data/scedc/event_phases/2011/2011_196/15017636.phase
15017860,scedc:15017860,2011-07-15T10:59:38.800000Z,32.0955,-115.11683333333332,9.94,3.5,,,SCEDC,,C,21,0.23,SCSN,39,39,-1,39,skipped_resume,True,2011,196,data/scedc/event_phases/2011/2011_196/15017860.phase
15018300,scedc:15018300,2011-07-16T00:29:20.450000Z,32.06033333333333,-115.131,9.94,3.7,,,SCEDC,,C,18,0.21,SCSN,39,39,-1,39,skipped_resume,True,2011,197,data/scedc/event_phases/2011/2011_197/15018300.phase
15018412,scedc:15018412,2011-07-16T07:39:00.200000Z,32.791,-115.4525,14.85,3.0,,,SCEDC,,A,27,0.24,SCSN,79,79,-1,79,skipped_resume,True,2011,197,data/scedc/event_phases/2011/2011_197/15018412.phase
15019060,scedc:15019060,2011-07-17T05:18:31.080000Z,34.581833333333336,-120.92633333333332,13.0,3.4,,,SCEDC,,B,37,0.23,SCSN,61,61,-1,61,skipped_resume,True,2011,198,data/scedc/event_phases/2011/2011_198/15019060.phase
15019748,scedc:15019748,2011-07-18T11:27:46.850000Z,32.0475,-115.11883333333331,14.48,3.2,,,SCEDC,,B,48,0.23,SCSN,38,38,-1,38,skipped_resume,True,2011,199,data/scedc/event_phases/2011/2011_199/15019748.phase
15020804,scedc:15020804,2011-07-20T00:01:07.250000Z,32.8715,-115.50566666666668,15.04,3.0,,,SCEDC,,C,46,0.22,SCSN,79,79,-1,79,skipped_resume,True,2011,201,data/scedc/event_phases/2011/2011_201/15020804.phase
10980341,scedc:10980341,2011-07-23T07:36:40.340000Z,33.870333333333335,-118.2855,15.04,3.2,,,SCEDC,,A,93,0.26,SCSN,165,165,-1,165,skipped_resume,True,2011,204,data/scedc/event_phases/2011/2011_204/10980341.phase
10981293,scedc:10981293,2011-07-25T06:13:47.280000Z,32.22233333333333,-115.323,5.68,3.0,,,SCEDC,,C,22,0.22,SCSN,47,47,-1,47,skipped_resume,True,2011,206,data/scedc/event_phases/2011/2011_206/10981293.phase
10983197,scedc:10983197,2011-07-28T10:28:13.550000Z,32.157333333333334,-115.26183333333331,9.96,3.5,,,SCEDC,,C,31,0.32,SCSN,43,43,-1,43,skipped_resume,True,2011,209,data/scedc/event_phases/2011/2011_209/10983197.phase
10989053,scedc:10989053,2011-08-07T19:25:24.630000Z,33.63216666666667,-118.51516666666669,2.85,3.2,,,SCEDC,,A,76,0.27,SCSN,169,169,-1,169,skipped_resume,True,2011,219,data/scedc/event_phases/2011/2011_219/10989053.phase
10989965,scedc:10989965,2011-08-09T15:03:07.090000Z,36.029833333333336,-117.77333333333333,1.09,3.0,,,SCEDC,,A,60,0.18,SCSN,126,126,-1,126,skipped_resume,True,2011,221,data/scedc/event_phases/2011/2011_221/10989965.phase
10990213,scedc:10990213,2011-08-09T23:30:39.470000Z,32.091166666666666,-116.36966666666666,10.72,4.1,,,SCEDC,,A,88,0.27,SCSN,76,76,-1,76,skipped_resume,True,2011,221,data/scedc/event_phases/2011/2011_221/10990213.phase
10990365,scedc:10990365,2011-08-10T05:00:35.640000Z,32.737833333333334,-115.42116666666666,15.01,3.0,,,SCEDC,,C,38,0.28,SCSN,71,71,-1,71,skipped_resume,True,2011,222,data/scedc/event_phases/2011/2011_222/10990365.phase
10990485,scedc:10990485,2011-08-10T09:42:06.130000Z,32.05533333333333,-115.237,9.94,3.0,,,SCEDC,,C,31,0.18,SCSN,41,41,-1,41,skipped_resume,True,2011,222,data/scedc/event_phases/2011/2011_222/10990485.phase
10995205,scedc:10995205,2011-08-18T21:43:49.260000Z,33.7725,-118.14566666666668,19.53,3.1,,,SCEDC,,A,99,0.25,SCSN,167,167,-1,167,skipped_resume,True,2011,230,data/scedc/event_phases/2011/2011_230/10995205.phase
10995629,scedc:10995629,2011-08-20T01:10:34.350000Z,32.1665,-115.30733333333332,9.96,3.7,,,SCEDC,,C,40,0.31,SCSN,44,44,-1,44,skipped_resume,True,2011,232,data/scedc/event_phases/2011/2011_232/10995629.phase
10995917,scedc:10995917,2011-08-21T02:22:48.020000Z,36.36866666666667,-117.8385,0.54,3.2,,,SCEDC,,A,57,0.16,SCSN,75,75,-1,75,skipped_resume,True,2011,233,data/scedc/event_phases/2011/2011_233/10995917.phase
11001981,scedc:11001981,2011-09-03T00:32:42.310000Z,32.12083333333333,-115.21683333333333,9.94,3.2,,,SCEDC,,C,30,0.31,SCSN,44,44,-1,44,skipped_resume,True,2011,246,data/scedc/event_phases/2011/2011_246/11001981.phase
11005933,scedc:11005933,2011-09-13T20:18:09.440000Z,32.081,-115.17516666666668,14.94,4.0,,,SCEDC,,C,17,0.19,SCSN,31,31,-1,31,skipped_resume,True,2011,256,data/scedc/event_phases/2011/2011_256/11005933.phase
11009917,scedc:11009917,2011-09-21T09:49:27.320000Z,32.2145,-115.44666666666669,6.09,3.3,,,SCEDC,,C,26,0.23,SCSN,47,47,-1,47,skipped_resume,True,2011,264,data/scedc/event_phases/2011/2011_264/11009917.phase
11010669,scedc:11010669,2011-09-22T16:19:08.920000Z,36.11066666666667,-117.58916666666669,0.08,3.8,,,SCEDC,,A,72,0.23,SCSN,116,116,-1,116,skipped_resume,True,2011,265,data/scedc/event_phases/2011/2011_265/11010669.phase
11010989,scedc:11010989,2011-09-23T00:41:52.020000Z,36.10416666666666,-117.58733333333332,0.67,3.1,,,SCEDC,,A,55,0.19,SCSN,119,119,-1,119,skipped_resume,True,2011,266,data/scedc/event_phases/2011/2011_266/11010989.phase
11012957,scedc:11012957,2011-09-26T22:03:27.620000Z,32.3435,-115.25116666666666,3.79,3.8,,,SCEDC,,B,34,0.35,SCSN,49,49,-1,49,skipped_resume,True,2011,269,data/scedc/event_phases/2011/2011_269/11012957.phase
15060820,scedc:15060820,2011-10-08T18:55:22.070000Z,35.494,-118.398,1.78,3.1,,,SCEDC,,A,96,0.23,SCSN,165,165,-1,165,skipped_resume,True,2011,281,data/scedc/event_phases/2011/2011_281/15060820.phase
15061092,scedc:15061092,2011-10-09T11:47:01.330000Z,33.72716666666667,-119.38916666666668,5.76,3.0,,,SCEDC,,C,41,0.31,SCSN,153,153,-1,153,skipped_resume,True,2011,282,data/scedc/event_phases/2011/2011_282/15061092.phase
15061972,scedc:15061972,2011-10-11T10:12:02.380000Z,34.72,-116.0275,6.58,3.4,,,SCEDC,,B,68,0.15,SCSN,180,180,-1,180,skipped_resume,True,2011,284,data/scedc/event_phases/2011/2011_284/15061972.phase
15062076,scedc:15062076,2011-10-11T13:25:27.300000Z,32.654666666666664,-115.94816666666668,6.29,3.1,,,SCEDC,,A,86,0.3,SCSN,106,106,-1,106,skipped_resume,True,2011,284,data/scedc/event_phases/2011/2011_284/15062076.phase
15063316,scedc:15063316,2011-10-14T17:28:52.380000Z,32.536833333333334,-115.68166666666669,12.73,3.6,,,SCEDC,,A,79,0.35,SCSN,88,88,-1,88,skipped_resume,True,2011,287,data/scedc/event_phases/2011/2011_287/15063316.phase
15063580,scedc:15063580,2011-10-15T01:10:17.510000Z,32.14966666666667,-115.2865,11.63,3.8,,,SCEDC,,B,35,0.32,SCSN,50,50,-1,50,skipped_resume,True,2011,288,data/scedc/event_phases/2011/2011_288/15063580.phase
11023197,scedc:11023197,2011-10-21T08:39:21.300000Z,32.147,-115.27816666666666,0.91,3.3,,,SCEDC,,B,34,0.2,SCSN,45,45,-1,45,skipped_resume,True,2011,294,data/scedc/event_phases/2011/2011_294/11023197.phase
11025061,scedc:11025061,2011-10-25T00:06:45.350000Z,32.204166666666666,-115.3515,5.58,3.3,,,SCEDC,,C,21,0.28,SCSN,47,47,-1,47,skipped_resume,True,2011,298,data/scedc/event_phases/2011/2011_298/11025061.phase
11026285,scedc:11026285,2011-10-27T18:40:41.880000Z,32.34883333333333,-115.22333333333331,9.94,3.3,,,SCEDC,,C,33,0.39,SCSN,49,49,-1,49,skipped_resume,True,2011,300,data/scedc/event_phases/2011/2011_300/11026285.phase
15072204,scedc:15072204,2011-11-04T03:01:25.740000Z,32.11833333333333,-115.24266666666666,5.61,3.3,,,SCEDC,,C,16,0.22,SCSN,44,44,-1,44,skipped_resume,True,2011,308,data/scedc/event_phases/2011/2011_308/15072204.phase
15074636,scedc:15074636,2011-11-11T09:06:19.190000Z,32.217333333333336,-115.3355,9.97,3.3,,,SCEDC,,C,42,0.32,SCSN,47,47,-1,47,skipped_resume,True,2011,315,data/scedc/event_phases/2011/2011_315/15074636.phase
15075140,scedc:15075140,2011-11-12T23:13:17.040000Z,32.29116666666667,-115.50666666666666,5.56,3.0,,,SCEDC,,C,34,0.17,SCSN,49,49,-1,49,skipped_resume,True,2011,316,data/scedc/event_phases/2011/2011_316/15075140.phase
15075572,scedc:15075572,2011-11-15T00:40:18.280000Z,36.22733333333333,-118.31866666666669,2.32,3.4,,,SCEDC,,A,60,0.22,SCSN,104,105,-1,105,skipped_resume,True,2011,319,data/scedc/event_phases/2011/2011_319/15075572.phase
15076212,scedc:15076212,2011-11-16T13:59:59.110000Z,32.11516666666667,-115.21633333333334,9.96,3.1,,,SCEDC,,C,25,0.33,SCSN,43,43,-1,43,skipped_resume,True,2011,320,data/scedc/event_phases/2011/2011_320/15076212.phase
11034157,scedc:11034157,2011-11-19T01:00:50.270000Z,32.218666666666664,-115.33433333333332,9.97,3.2,,,SCEDC,,C,33,0.32,SCSN,46,46,-1,46,skipped_resume,True,2011,323,data/scedc/event_phases/2011/2011_323/11034157.phase
37011839,scedc:37011839,2011-11-19T20:32:33.970000Z,33.246,-116.2615,3.8,3.3,,,SCEDC,,A,28,0.34,SCSN,150,150,-1,150,skipped_resume,True,2011,323,data/scedc/event_phases/2011/2011_323/37011839.phase
11034853,scedc:11034853,2011-11-21T01:01:38.280000Z,33.17916666666667,-115.60633333333334,1.91,3.2,,,SCEDC,,A,89,0.28,SCSN,98,98,-1,98,skipped_resume,True,2011,325,data/scedc/event_phases/2011/2011_325/11034853.phase
11035037,scedc:11035037,2011-11-21T09:07:11.190000Z,32.1275,-115.2275,6.06,3.0,,,SCEDC,,C,33,0.27,SCSN,44,44,-1,44,skipped_resume,True,2011,325,data/scedc/event_phases/2011/2011_325/11035037.phase
11035837,scedc:11035837,2011-11-23T07:51:49.230000Z,32.14033333333333,-115.23833333333332,9.96,3.1,,,SCEDC,,C,31,0.29,SCSN,45,45,-1,45,skipped_resume,True,2011,327,data/scedc/event_phases/2011/2011_327/11035837.phase
11035861,scedc:11035861,2011-11-23T09:19:11.450000Z,32.1205,-115.245,9.97,3.0,,,SCEDC,,C,27,0.22,SCSN,43,43,-1,43,skipped_resume,True,2011,327,data/scedc/event_phases/2011/2011_327/11035861.phase
15080668,scedc:15080668,2011-11-29T06:56:09.020000Z,33.632666666666665,-119.05633333333331,15.55,3.3,,,SCEDC,,A,58,0.18,SCSN,159,159,-1,159,skipped_resume,True,2011,333,data/scedc/event_phases/2011/2011_333/15080668.phase
15081996,scedc:15081996,2011-12-02T18:12:21.580000Z,32.094833333333334,-115.18516666666666,9.94,3.2,,,SCEDC,,C,34,0.38,SCSN,42,42,-1,42,skipped_resume,True,2011,336,data/scedc/event_phases/2011/2011_336/15081996.phase
15085388,scedc:15085388,2011-12-12T10:20:39.460000Z,32.12266666666667,-115.29733333333331,11.73,3.1,,,SCEDC,,B,23,0.21,SCSN,49,49,-1,49,skipped_resume,True,2011,346,data/scedc/event_phases/2011/2011_346/15085388.phase
11047933,scedc:11047933,2011-12-30T15:34:29.360000Z,32.141333333333336,-115.2975,9.97,4.2,,,SCEDC,,C,18,0.27,SCSN,52,52,-1,52,skipped_resume,True,2011,364,data/scedc/event_phases/2011/2011_364/11047933.phase
11047941,scedc:11047941,2011-12-30T15:50:12.260000Z,32.1345,-115.25566666666668,9.96,3.1,,,SCEDC,,C,19,0.32,SCSN,51,51,-1,51,skipped_resume,True,2011,364,data/scedc/event_phases/2011/2011_364/11047941.phase
11048237,scedc:11048237,2011-12-31T19:14:44.380000Z,32.208333333333336,-115.3365,9.96,3.2,,,SCEDC,,C,33,0.34,SCSN,54,54,-1,54,skipped_resume,True,2011,365,data/scedc/event_phases/2011/2011_365/11048237.phase
11049285,scedc:11049285,2012-01-03T14:18:56.110000Z,33.19466666666667,-119.44916666666668,18.02,4.1,,,SCEDC,,B,31,0.29,SCSN,152,152,-1,152,skipped_resume,True,2012,3,data/scedc/event_phases/2012/2012_003/11049285.phase
11050157,scedc:11050157,2012-01-06T02:14:08.590000Z,34.3975,-119.814,13.6,3.0,,,SCEDC,,A,44,0.29,SCSN,143,143,-1,143,skipped_resume,True,2012,6,data/scedc/event_phases/2012/2012_006/11050157.phase
11050245,scedc:11050245,2012-01-06T06:50:10.220000Z,36.0025,-117.90783333333331,4.97,3.3,,,SCEDC,,A,63,0.17,SCSN,149,149,-1,149,skipped_resume,True,2012,6,data/scedc/event_phases/2012/2012_006/11050245.phase
11051373,scedc:11051373,2012-01-08T09:19:59.670000Z,32.12316666666667,-115.25483333333334,9.96,3.1,,,SCEDC,,C,23,0.17,SCSN,51,51,-1,51,skipped_resume,True,2012,8,data/scedc/event_phases/2012/2012_008/11051373.phase
15097500,scedc:15097500,2012-01-15T05:50:39.360000Z,32.615833333333335,-115.74916666666668,3.3,3.2,,,SCEDC,,A,59,0.19,SCSN,93,93,-1,93,skipped_resume,True,2012,15,data/scedc/event_phases/2012/2012_015/15097500.phase
15098716,scedc:15098716,2012-01-18T13:31:42.420000Z,32.461166666666664,-115.26,1.53,4.2,,,SCEDC,,C,53,0.39,SCSN,60,60,-1,60,skipped_resume,True,2012,18,data/scedc/event_phases/2012/2012_018/15098716.phase
15102380,scedc:15102380,2012-01-28T00:29:04.090000Z,32.299166666666665,-115.294,12.1,3.3,,,SCEDC,,C,35,0.33,SCSN,56,56,-1,56,skipped_resume,True,2012,28,data/scedc/event_phases/2012/2012_028/15102380.phase
15104644,scedc:15104644,2012-02-01T19:05:05.800000Z,32.923,-115.5275,4.18,3.4,,,SCEDC,,A,73,0.21,SCSN,103,103,-1,103,skipped_resume,True,2012,32,data/scedc/event_phases/2012/2012_032/15104644.phase
10205150,scedc:10205150,2012-02-03T02:38:49.500000Z,36.23266666666667,-118.32816666666666,4.15,3.0,,,SCEDC,,C,46,0.21,SCSN,110,110,-1,110,skipped_resume,True,2012,34,data/scedc/event_phases/2012/2012_034/10205150.phase
11064213,scedc:11064213,2012-02-08T00:30:47.680000Z,33.3585,-118.21333333333334,11.45,3.3,,,SCEDC,,A,45,0.41,SCSN,174,174,-1,174,skipped_resume,True,2012,39,data/scedc/event_phases/2012/2012_039/11064213.phase
11065613,scedc:11065613,2012-02-11T09:46:47.280000Z,33.202666666666666,-115.5525,0.07,3.0,,,SCEDC,,A,89,0.21,SCSN,107,107,-1,107,skipped_resume,True,2012,42,data/scedc/event_phases/2012/2012_042/11065613.phase
11066877,scedc:11066877,2012-02-14T10:09:28.440000Z,32.19916666666666,-115.2085,9.96,4.9,,,SCEDC,,C,28,0.31,SCSN,50,50,-1,50,skipped_resume,True,2012,45,data/scedc/event_phases/2012/2012_045/11066877.phase
11067101,scedc:11067101,2012-02-14T19:35:55.550000Z,32.127,-115.19266666666668,9.94,3.5,,,SCEDC,,C,17,0.36,SCSN,49,49,-1,49,skipped_resume,True,2012,45,data/scedc/event_phases/2012/2012_045/11067101.phase
11069757,scedc:11069757,2012-02-20T19:37:25.970000Z,33.211666666666666,-115.55416666666666,0.49,3.0,,,SCEDC,,A,73,0.17,SCSN,105,107,-1,107,skipped_resume,True,2012,51,data/scedc/event_phases/2012/2012_051/11069757.phase
15114473,scedc:15114473,2012-02-26T11:31:19.540000Z,33.216,-115.555,0.07,3.2,,,SCEDC,,A,77,0.18,SCSN,110,110,-1,110,skipped_resume,True,2012,57,data/scedc/event_phases/2012/2012_057/15114473.phase
15115905,scedc:15115905,2012-02-29T01:27:29.170000Z,32.20333333333333,-115.2825,9.96,4.2,,,SCEDC,,C,53,0.46,SCSN,50,50,-1,50,skipped_resume,True,2012,60,data/scedc/event_phases/2012/2012_060/15115905.phase
15116009,scedc:15116009,2012-02-29T05:47:17.020000Z,32.192,-115.2845,9.96,3.3,,,SCEDC,,C,40,0.46,SCSN,50,50,-1,50,skipped_resume,True,2012,60,data/scedc/event_phases/2012/2012_060/15116009.phase
15116089,scedc:15116089,2012-02-29T14:48:05.460000Z,33.215833333333336,-115.55616666666668,1.48,3.3,,,SCEDC,,A,67,0.21,SCSN,111,111,-1,111,skipped_resume,True,2012,60,data/scedc/event_phases/2012/2012_060/15116089.phase
15116121,scedc:15116121,2012-02-29T15:01:39.100000Z,33.20933333333333,-115.557,0.13,3.2,,,SCEDC,,A,97,0.23,SCSN,110,110,-1,110,skipped_resume,True,2012,60,data/scedc/event_phases/2012/2012_060/15116121.phase
15116321,scedc:15116321,2012-02-29T17:35:55.900000Z,33.21366666666667,-115.5605,2.6,3.4,,,SCEDC,,A,92,0.17,SCSN,112,112,-1,112,skipped_resume,True,2012,60,data/scedc/event_phases/2012/2012_060/15116321.phase
11081386,scedc:11081386,2012-03-19T07:19:43.790000Z,32.67066666666667,-115.70866666666667,9.2,3.2,,,SCEDC,,A,81,0.36,SCSN,85,85,-1,85,skipped_resume,True,2012,79,data/scedc/event_phases/2012/2012_079/11081386.phase
11084554,scedc:11084554,2012-03-26T18:02:15.490000Z,32.04633333333334,-115.07733333333331,9.93,3.1,,,SCEDC,,C,32,0.42,SCSN,37,37,-1,37,skipped_resume,True,2012,86,data/scedc/event_phases/2012/2012_086/11084554.phase
11084594,scedc:11084594,2012-03-26T19:50:13.500000Z,32.674166666666665,-115.7045,8.92,3.6,,,SCEDC,,A,56,0.21,SCSN,85,85,-1,85,skipped_resume,True,2012,86,data/scedc/event_phases/2012/2012_086/11084594.phase
11085218,scedc:11085218,2012-03-28T02:07:48.030000Z,32.58983333333333,-115.68666666666668,9.96,3.0,,,SCEDC,,C,64,0.28,SCSN,79,79,-1,79,skipped_resume,True,2012,88,data/scedc/event_phases/2012/2012_088/11085218.phase
11086778,scedc:11086778,2012-03-31T09:53:26.800000Z,33.691,-119.136,11.15,3.0,,,SCEDC,,A,86,0.24,SCSN,151,151,-1,151,skipped_resume,True,2012,91,data/scedc/event_phases/2012/2012_091/11086778.phase
11088938,scedc:11088938,2012-04-04T20:59:13.740000Z,32.6155,-115.816,8.86,3.0,,,SCEDC,,A,90,0.29,SCSN,90,90,-1,90,skipped_resume,True,2012,95,data/scedc/event_phases/2012/2012_095/11088938.phase
11090274,scedc:11090274,2012-04-08T03:38:21.010000Z,32.126333333333335,-115.18316666666666,9.93,3.5,,,SCEDC,,C,39,0.44,SCSN,43,43,-1,43,skipped_resume,True,2012,99,data/scedc/event_phases/2012/2012_099/11090274.phase
11090314,scedc:11090314,2012-04-08T05:59:36.980000Z,32.62466666666667,-115.81116666666668,9.12,3.0,,,SCEDC,,A,45,0.16,SCSN,89,89,-1,89,skipped_resume,True,2012,99,data/scedc/event_phases/2012/2012_099/11090314.phase
11090322,scedc:11090322,2012-04-08T05:59:42.530000Z,32.65533333333333,-115.835,1.74,3.2,,,SCEDC,,A,45,0.22,SCSN,93,93,-1,93,skipped_resume,True,2012,99,data/scedc/event_phases/2012/2012_099/11090322.phase
11090394,scedc:11090394,2012-04-08T08:15:20.310000Z,32.62166666666667,-115.81633333333332,9.86,3.1,,,SCEDC,,A,77,0.3,SCSN,90,90,-1,90,skipped_resume,True,2012,99,data/scedc/event_phases/2012/2012_099/11090394.phase
15136241,scedc:15136241,2012-04-17T00:12:03.710000Z,35.46633333333333,-119.34766666666668,24.39,3.4,,,SCEDC,,A,96,0.2,SCSN,146,146,-1,146,skipped_resume,True,2012,108,data/scedc/event_phases/2012/2012_108/15136241.phase
15140193,scedc:15140193,2012-04-25T05:29:32.410000Z,33.13666666666666,-117.937,5.8,3.0,,,SCEDC,,C,70,0.22,SCSN,147,147,-1,147,skipped_resume,True,2012,116,data/scedc/event_phases/2012/2012_116/15140193.phase
15141665,scedc:15141665,2012-04-28T21:25:08.420000Z,32.1745,-115.28033333333332,9.65,4.2,,,SCEDC,,C,31,0.25,SCSN,45,45,-1,45,skipped_resume,True,2012,119,data/scedc/event_phases/2012/2012_119/15141665.phase
15143305,scedc:15143305,2012-05-02T23:10:09.930000Z,32.42066666666667,-115.55133333333332,12.15,3.3,,,SCEDC,,A,72,0.23,SCSN,67,67,-1,67,skipped_resume,True,2012,123,data/scedc/event_phases/2012/2012_123/15143305.phase
11104602,scedc:11104602,2012-05-09T08:18:08.950000Z,32.16583333333333,-115.23983333333334,9.66,3.6,,,SCEDC,,C,22,0.26,SCSN,45,45,-1,45,skipped_resume,True,2012,130,data/scedc/event_phases/2012/2012_130/11104602.phase
11104642,scedc:11104642,2012-05-09T09:42:52.120000Z,32.090666666666664,-115.71633333333334,4.38,3.7,,,SCEDC,,C,41,0.14,SCSN,50,50,-1,50,skipped_resume,True,2012,130,data/scedc/event_phases/2012/2012_130/11104642.phase
15147057,scedc:15147057,2012-05-10T06:24:38.230000Z,32.158166666666666,-115.21216666666666,9.65,3.7,,,SCEDC,,C,25,0.2,SCSN,46,46,-1,46,skipped_resume,True,2012,131,data/scedc/event_phases/2012/2012_131/15147057.phase
15147393,scedc:15147393,2012-05-11T02:23:36.430000Z,32.214333333333336,-115.31,9.66,3.1,,,SCEDC,,C,20,0.24,SCSN,48,48,-1,48,skipped_resume,True,2012,132,data/scedc/event_phases/2012/2012_132/15147393.phase
15147457,scedc:15147457,2012-05-11T06:19:32.280000Z,32.0935,-115.736,9.37,3.9,,,SCEDC,,C,61,0.18,SCSN,51,51,-1,51,skipped_resume,True,2012,132,data/scedc/event_phases/2012/2012_132/15147457.phase
15148241,scedc:15148241,2012-05-13T09:21:05.180000Z,32.19583333333333,-115.279,9.66,3.1,,,SCEDC,,C,39,0.29,SCSN,48,48,-1,48,skipped_resume,True,2012,134,data/scedc/event_phases/2012/2012_134/15148241.phase
15152041,scedc:15152041,2012-05-20T10:21:09.130000Z,32.247166666666665,-115.26566666666666,9.66,3.5,,,SCEDC,,C,20,0.27,SCSN,48,48,-1,48,skipped_resume,True,2012,141,data/scedc/event_phases/2012/2012_141/15152041.phase
15153497,scedc:15153497,2012-05-22T15:06:24.530000Z,32.676833333333335,-115.70316666666666,8.83,4.0,,,SCEDC,,A,92,0.22,SCSN,86,86,-1,86,skipped_resume,True,2012,143,data/scedc/event_phases/2012/2012_143/15153497.phase
15154161,scedc:15154161,2012-05-24T05:45:27.410000Z,34.9475,-116.724,1.03,3.2,,,SCEDC,,A,74,0.14,SCSN,156,156,-1,156,skipped_resume,True,2012,145,data/scedc/event_phases/2012/2012_145/15154161.phase
15156505,scedc:15156505,2012-05-30T05:14:00.810000Z,33.691833333333335,-119.058,16.18,4.0,,,SCEDC,,A,32,0.15,SCSN,142,142,-1,142,skipped_resume,True,2012,151,data/scedc/event_phases/2012/2012_151/15156505.phase
15157065,scedc:15157065,2012-05-31T06:42:55.830000Z,33.17583333333334,-118.83333333333331,5.03,3.5,,,SCEDC,,C,30,0.14,SCSN,139,139,-1,139,skipped_resume,True,2012,152,data/scedc/event_phases/2012/2012_152/15157065.phase
15158321,scedc:15158321,2012-06-02T15:55:38.460000Z,32.113,-115.73316666666666,11.49,3.1,,,SCEDC,,A,48,0.2,SCSN,51,51,-1,51,skipped_resume,True,2012,154,data/scedc/event_phases/2012/2012_154/15158321.phase
15159441,scedc:15159441,2012-06-05T05:49:07.520000Z,32.11233333333333,-115.74033333333334,11.98,3.0,,,SCEDC,,A,43,0.21,SCSN,51,51,-1,51,skipped_resume,True,2012,157,data/scedc/event_phases/2012/2012_157/15159441.phase
15159921,scedc:15159921,2012-06-06T01:31:41.000000Z,35.790166666666664,-116.27133333333332,10.45,3.0,,,SCEDC,,A,56,0.11,SCSN,102,102,-1,102,skipped_resume,True,2012,158,data/scedc/event_phases/2012/2012_158/15159921.phase
15162145,scedc:15162145,2012-06-08T22:24:49.200000Z,32.10966666666667,-115.73516666666669,11.84,3.8,,,SCEDC,,A,78,0.2,SCSN,52,52,-1,52,skipped_resume,True,2012,160,data/scedc/event_phases/2012/2012_160/15162145.phase
15162377,scedc:15162377,2012-06-09T15:41:52.510000Z,32.10366666666667,-115.72433333333332,10.96,3.0,,,SCEDC,,A,47,0.27,SCSN,51,51,-1,51,skipped_resume,True,2012,161,data/scedc/event_phases/2012/2012_161/15162377.phase
15162585,scedc:15162585,2012-06-10T04:33:58.920000Z,34.95183333333333,-116.72233333333334,0.82,3.1,,,SCEDC,,A,99,0.12,SCSN,156,156,-1,156,skipped_resume,True,2012,162,data/scedc/event_phases/2012/2012_162/15162585.phase
15162881,scedc:15162881,2012-06-10T22:45:42.910000Z,32.105,-115.735,10.61,4.0,,,SCEDC,,A,91,0.26,SCSN,51,51,-1,51,skipped_resume,True,2012,162,data/scedc/event_phases/2012/2012_162/15162881.phase
15163313,scedc:15163313,2012-06-11T20:46:24.670000Z,32.106833333333334,-115.741,11.61,3.2,,,SCEDC,,A,39,0.21,SCSN,51,51,-1,51,skipped_resume,True,2012,163,data/scedc/event_phases/2012/2012_163/15163313.phase
15164393,scedc:15164393,2012-06-14T20:56:39.890000Z,32.281,-115.36333333333332,9.64,3.1,,,SCEDC,,C,42,0.45,SCSN,51,51,-1,51,skipped_resume,True,2012,166,data/scedc/event_phases/2012/2012_166/15164393.phase
15164409,scedc:15164409,2012-06-14T21:25:34.700000Z,32.1095,-115.72583333333333,10.43,3.0,,,SCEDC,,C,41,0.19,SCSN,53,53,-1,53,skipped_resume,True,2012,166,data/scedc/event_phases/2012/2012_166/15164409.phase
11127410,scedc:11127410,2012-06-26T14:34:03.770000Z,32.217,-115.28083333333332,8.29,3.1,,,SCEDC,,C,41,0.4,SCSN,49,49,-1,49,skipped_resume,True,2012,178,data/scedc/event_phases/2012/2012_178/11127410.phase
11129826,scedc:11129826,2012-07-01T03:25:20.450000Z,32.207166666666666,-115.34316666666666,2.82,4.6,,,SCEDC,,C,18,0.24,SCSN,49,49,-1,49,skipped_resume,True,2012,183,data/scedc/event_phases/2012/2012_183/11129826.phase
11129834,scedc:11129834,2012-07-01T03:33:47.210000Z,32.2035,-115.32166666666669,9.64,3.5,,,SCEDC,,C,15,0.2,SCSN,49,49,-1,49,skipped_resume,True,2012,183,data/scedc/event_phases/2012/2012_183/11129834.phase
11129882,scedc:11129882,2012-07-01T05:52:40.820000Z,32.218666666666664,-115.30116666666666,9.64,3.5,,,SCEDC,,C,35,0.66,SCSN,49,49,-1,49,skipped_resume,True,2012,183,data/scedc/event_phases/2012/2012_183/11129882.phase
11129914,scedc:11129914,2012-07-01T06:36:06.350000Z,32.213166666666666,-115.28866666666669,9.64,4.7,,,SCEDC,,C,16,0.22,SCSN,49,49,-1,49,skipped_resume,True,2012,183,data/scedc/event_phases/2012/2012_183/11129914.phase
11129930,scedc:11129930,2012-07-01T06:49:58.170000Z,32.19866666666667,-115.27266666666668,9.64,3.5,,,SCEDC,,C,20,0.2,SCSN,49,49,-1,49,skipped_resume,True,2012,183,data/scedc/event_phases/2012/2012_183/11129930.phase
11129994,scedc:11129994,2012-07-01T07:54:20.470000Z,32.18633333333333,-115.267,9.64,4.1,,,SCEDC,,C,21,0.2,SCSN,47,47,-1,47,skipped_resume,True,2012,183,data/scedc/event_phases/2012/2012_183/11129994.phase
11133122,scedc:11133122,2012-07-07T09:49:08.750000Z,32.1705,-115.22416666666666,12.58,3.3,,,SCEDC,,B,29,0.23,SCSN,47,47,-1,47,skipped_resume,True,2012,189,data/scedc/event_phases/2012/2012_189/11133122.phase
11134282,scedc:11134282,2012-07-10T12:37:40.280000Z,32.201166666666666,-115.30016666666668,9.64,3.1,,,SCEDC,,C,34,0.27,SCSN,49,49,-1,49,skipped_resume,True,2012,192,data/scedc/event_phases/2012/2012_192/11134282.phase
11135186,scedc:11135186,2012-07-12T08:49:44.810000Z,32.19566666666667,-115.2885,9.64,3.4,,,SCEDC,,C,45,0.34,SCSN,48,48,-1,48,skipped_resume,True,2012,194,data/scedc/event_phases/2012/2012_194/11135186.phase
15179873,scedc:15179873,2012-07-18T10:17:24.660000Z,32.21816666666667,-115.273,18.3,3.1,,,SCEDC,,B,23,0.22,SCSN,48,48,-1,48,skipped_resume,True,2012,200,data/scedc/event_phases/2012/2012_200/15179873.phase
15179889,scedc:15179889,2012-07-18T11:58:34.150000Z,32.153,-115.2215,17.93,3.7,,,SCEDC,,B,22,0.24,SCSN,45,45,-1,45,skipped_resume,True,2012,200,data/scedc/event_phases/2012/2012_200/15179889.phase
15179897,scedc:15179897,2012-07-18T12:20:43.720000Z,32.15,-115.21633333333334,17.4,3.4,,,SCEDC,,B,23,0.24,SCSN,45,45,-1,45,skipped_resume,True,2012,200,data/scedc/event_phases/2012/2012_200/15179897.phase
15179985,scedc:15179985,2012-07-18T18:09:15.950000Z,32.191,-115.241,13.39,3.7,,,SCEDC,,B,21,0.21,SCSN,46,46,-1,46,skipped_resume,True,2012,200,data/scedc/event_phases/2012/2012_200/15179985.phase
15179993,scedc:15179993,2012-07-18T18:11:46.010000Z,32.17816666666667,-115.25,13.42,3.1,,,SCEDC,,A,21,0.13,SCSN,46,46,-1,46,skipped_resume,True,2012,200,data/scedc/event_phases/2012/2012_200/15179993.phase
15180393,scedc:15180393,2012-07-19T08:56:33.760000Z,32.196666666666665,-115.28933333333332,9.64,3.0,,,SCEDC,,C,55,0.33,SCSN,48,48,-1,48,skipped_resume,True,2012,201,data/scedc/event_phases/2012/2012_201/15180393.phase
15181369,scedc:15181369,2012-07-21T13:57:26.010000Z,32.1,-115.18316666666666,14.62,3.2,,,SCEDC,,C,22,0.33,SCSN,43,43,-1,43,skipped_resume,True,2012,203,data/scedc/event_phases/2012/2012_203/15181369.phase
15187057,scedc:15187057,2012-08-03T18:05:31.770000Z,32.7865,-115.45033333333332,11.86,3.3,,,SCEDC,,A,96,0.28,SCSN,84,84,-1,84,skipped_resume,True,2012,216,data/scedc/event_phases/2012/2012_216/15187057.phase
15187625,scedc:15187625,2012-08-04T09:17:49.090000Z,35.532,-118.40833333333332,0.97,3.0,,,SCEDC,,A,95,0.15,SCSN,139,139,-1,139,skipped_resume,True,2012,217,data/scedc/event_phases/2012/2012_217/15187625.phase
15188353,scedc:15188353,2012-08-06T07:35:49.380000Z,35.9755,-120.4825,14.53,4.5,,,SCEDC,,C,47,0.29,SCSN,50,50,-1,50,skipped_resume,True,2012,219,data/scedc/event_phases/2012/2012_219/15188353.phase
15191201,scedc:15191201,2012-08-12T06:22:03.750000Z,32.108666666666664,-115.09966666666666,9.64,3.5,,,SCEDC,,C,39,0.68,SCSN,42,42,-1,42,skipped_resume,True,2012,225,data/scedc/event_phases/2012/2012_225/15191201.phase
15191649,scedc:15191649,2012-08-13T14:03:47.930000Z,35.95466666666667,-117.66916666666668,1.14,3.5,,,SCEDC,,A,65,0.14,SCSN,149,149,-1,149,skipped_resume,True,2012,226,data/scedc/event_phases/2012/2012_226/15191649.phase
15196129,scedc:15196129,2012-08-21T13:58:09.680000Z,32.2005,-115.2135,14.99,3.3,,,SCEDC,,C,25,0.27,SCSN,46,46,-1,46,skipped_resume,True,2012,234,data/scedc/event_phases/2012/2012_234/15196129.phase
15197817,scedc:15197817,2012-08-24T09:12:18.310000Z,34.824,-120.96983333333333,5.6,3.3,,,SCEDC,,C,39,0.22,SCSN,57,57,-1,57,skipped_resume,True,2012,237,data/scedc/event_phases/2012/2012_237/15197817.phase
15198281,scedc:15198281,2012-08-25T09:27:54.670000Z,36.45916666666667,-117.87783333333331,10.44,3.0,,,SCEDC,,A,64,0.15,SCSN,65,65,-1,65,skipped_resume,True,2012,238,data/scedc/event_phases/2012/2012_238/15198281.phase
15198929,scedc:15198929,2012-08-26T17:02:12.830000Z,33.008833333333335,-115.55183333333332,9.5,3.8,,,SCEDC,,A,41,0.14,SCSN,97,97,-1,97,skipped_resume,True,2012,239,data/scedc/event_phases/2012/2012_239/15198929.phase
15199065,scedc:15199065,2012-08-26T17:16:02.130000Z,33.01266666666667,-115.54933333333334,9.89,3.3,,,SCEDC,,A,41,0.16,SCSN,99,99,-1,99,skipped_resume,True,2012,239,data/scedc/event_phases/2012/2012_239/15199065.phase
15199441,scedc:15199441,2012-08-26T18:58:12.240000Z,33.0135,-115.5445,10.36,3.0,,,SCEDC,,A,72,0.2,SCSN,98,98,-1,98,skipped_resume,True,2012,239,data/scedc/event_phases/2012/2012_239/15199441.phase
15199497,scedc:15199497,2012-08-26T19:03:18.810000Z,33.0185,-115.54516666666666,10.16,3.0,,,SCEDC,,A,52,0.16,SCSN,98,98,-1,98,skipped_resume,True,2012,239,data/scedc/event_phases/2012/2012_239/15199497.phase
15199577,scedc:15199577,2012-08-26T19:16:11.490000Z,33.01716666666667,-115.54816666666666,9.29,4.0,,,SCEDC,,A,57,0.16,SCSN,99,99,-1,99,skipped_resume,True,2012,239,data/scedc/event_phases/2012/2012_239/15199577.phase
15199593,scedc:15199593,2012-08-26T19:20:04.810000Z,33.01583333333333,-115.53633333333332,4.79,4.6,,,SCEDC,,A,27,0.12,SCSN,98,98,-1,98,skipped_resume,True,2012,239,data/scedc/event_phases/2012/2012_239/15199593.phase
15199601,scedc:15199601,2012-08-26T19:21:04.500000Z,33.00116666666667,-115.56583333333332,4.02,3.9,,,SCEDC,,A,56,0.18,SCSN,99,99,-1,99,skipped_resume,True,2012,239,data/scedc/event_phases/2012/2012_239/15199601.phase
15199657,scedc:15199657,2012-08-26T19:28:45.230000Z,33.00416666666667,-115.566,4.22,3.4,,,SCEDC,,A,55,0.22,SCSN,99,99,-1,99,skipped_resume,True,2012,239,data/scedc/event_phases/2012/2012_239/15199657.phase
15199681,scedc:15199681,2012-08-26T19:31:23.040000Z,33.01716666666667,-115.55366666666669,8.32,5.3,,,SCEDC,,A,94,0.21,SCSN,99,99,-1,99,skipped_resume,True,2012,239,data/scedc/event_phases/2012/2012_239/15199681.phase
15199689,scedc:15199689,2012-08-26T19:33:01.090000Z,33.0135,-115.55916666666668,4.39,4.9,,,SCEDC,,A,56,0.17,SCSN,98,98,-1,98,skipped_resume,True,2012,239,data/scedc/event_phases/2012/2012_239/15199689.phase
37089323,scedc:37089323,2012-08-26T19:33:59.490000Z,33.002833333333335,-115.5765,1.73,3.5,,,SCEDC,,A,16,0.11,SCSN,102,102,-1,102,skipped_resume,True,2012,239,data/scedc/event_phases/2012/2012_239/37089323.phase
15199697,scedc:15199697,2012-08-26T19:35:51.760000Z,33.002,-115.51366666666668,6.53,3.4,,,SCEDC,,A,31,0.18,SCSN,96,96,-1,96,skipped_resume,True,2012,239,data/scedc/event_phases/2012/2012_239/15199697.phase
15199721,scedc:15199721,2012-08-26T19:40:12.920000Z,32.986666666666665,-115.59666666666666,9.78,4.4,,,SCEDC,,A,62,0.14,SCSN,101,101,-1,101,skipped_resume,True,2012,239,data/scedc/event_phases/2012/2012_239/15199721.phase
15199729,scedc:15199729,2012-08-26T19:43:41.190000Z,33.02283333333333,-115.54216666666667,4.25,3.2,,,SCEDC,,A,40,0.13,SCSN,98,98,-1,98,skipped_resume,True,2012,239,data/scedc/event_phases/2012/2012_239/15199729.phase
15199745,scedc:15199745,2012-08-26T19:45:55.510000Z,32.9985,-115.56466666666668,10.06,3.1,,,SCEDC,,A,34,0.12,SCSN,98,98,-1,98,skipped_resume,True,2012,239,data/scedc/event_phases/2012/2012_239/15199745.phase
15199785,scedc:15199785,2012-08-26T19:50:14.760000Z,33.00066666666667,-115.58283333333333,8.55,3.4,,,SCEDC,,A,44,0.13,SCSN,101,101,-1,101,skipped_resume,True,2012,239,data/scedc/event_phases/2012/2012_239/15199785.phase
15199865,scedc:15199865,2012-08-26T19:58:17.270000Z,33.020833333333336,-115.544,8.85,3.6,,,SCEDC,,A,55,0.16,SCSN,97,97,-1,97,skipped_resume,True,2012,239,data/scedc/event_phases/2012/2012_239/15199865.phase
15199969,scedc:15199969,2012-08-26T20:14:45.920000Z,32.994,-115.58016666666668,8.91,3.0,,,SCEDC,,A,62,0.15,SCSN,100,100,-1,100,skipped_resume,True,2012,239,data/scedc/event_phases/2012/2012_239/15199969.phase
15200001,scedc:15200001,2012-08-26T20:16:54.200000Z,33.00783333333333,-115.56416666666668,4.63,3.5,,,SCEDC,,A,35,0.15,SCSN,97,97,-1,97,skipped_resume,True,2012,239,data/scedc/event_phases/2012/2012_239/15200001.phase
15200033,scedc:15200033,2012-08-26T20:20:24.630000Z,33.02033333333333,-115.5465,3.9,3.5,,,SCEDC,,A,49,0.17,SCSN,98,98,-1,98,skipped_resume,True,2012,239,data/scedc/event_phases/2012/2012_239/15200033.phase
15200161,scedc:15200161,2012-08-26T20:31:13.350000Z,33.01916666666666,-115.54983333333334,4.14,3.1,,,SCEDC,,A,46,0.16,SCSN,99,99,-1,99,skipped_resume,True,2012,239,data/scedc/event_phases/2012/2012_239/15200161.phase
15200401,scedc:15200401,2012-08-26T20:57:58.220000Z,33.0185,-115.54033333333334,8.28,5.4,,,SCEDC,,A,56,0.16,SCSN,97,97,-1,97,skipped_resume,True,2012,239,data/scedc/event_phases/2012/2012_239/15200401.phase
15200417,scedc:15200417,2012-08-26T21:05:11.620000Z,33.025333333333336,-115.53716666666666,4.02,3.2,,,SCEDC,,A,39,0.12,SCSN,98,98,-1,98,skipped_resume,True,2012,239,data/scedc/event_phases/2012/2012_239/15200417.phase
15200449,scedc:15200449,2012-08-26T21:08:45.430000Z,32.99583333333333,-115.59583333333332,11.93,3.4,,,SCEDC,,A,48,0.17,SCSN,102,102,-1,102,skipped_resume,True,2012,239,data/scedc/event_phases/2012/2012_239/15200449.phase
15200489,scedc:15200489,2012-08-26T21:15:29.150000Z,33.037333333333336,-115.53466666666668,4.71,4.3,,,SCEDC,,A,55,0.16,SCSN,99,99,-1,99,skipped_resume,True,2012,239,data/scedc/event_phases/2012/2012_239/15200489.phase
37094291,scedc:37094291,2012-08-26T21:15:56.590000Z,33.0285,-115.52166666666666,3.54,3.3,,,SCEDC,,B,10,0.04,SCSN,97,97,-1,97,skipped_resume,True,2012,239,data/scedc/event_phases/2012/2012_239/37094291.phase
15200513,scedc:15200513,2012-08-26T21:17:26.720000Z,32.98016666666667,-115.60766666666666,8.92,3.9,,,SCEDC,,A,77,0.15,SCSN,102,102,-1,102,skipped_resume,True,2012,239,data/scedc/event_phases/2012/2012_239/15200513.phase
37090299,scedc:37090299,2012-08-26T21:17:58.960000Z,32.99733333333333,-115.54616666666666,8.69,3.0,,,SCEDC,,A,16,0.14,SCSN,97,97,-1,97,skipped_resume,True,2012,239,data/scedc/event_phases/2012/2012_239/37090299.phase
15200593,scedc:15200593,2012-08-26T21:23:23.870000Z,32.99133333333333,-115.5805,4.21,3.6,,,SCEDC,,A,35,0.13,SCSN,102,102,-1,102,skipped_resume,True,2012,239,data/scedc/event_phases/2012/2012_239/15200593.phase
15200601,scedc:15200601,2012-08-26T21:26:39.820000Z,33.0285,-115.53183333333334,7.84,3.8,,,SCEDC,,A,49,0.16,SCSN,99,99,-1,99,skipped_resume,True,2012,239,data/scedc/event_phases/2012/2012_239/15200601.phase
15200753,scedc:15200753,2012-08-26T21:46:11.800000Z,32.9865,-115.582,4.14,3.1,,,SCEDC,,A,38,0.11,SCSN,102,102,-1,102,skipped_resume,True,2012,239,data/scedc/event_phases/2012/2012_239/15200753.phase
15200817,scedc:15200817,2012-08-26T21:54:16.480000Z,32.9885,-115.5785,3.73,3.0,,,SCEDC,,A,26,0.13,SCSN,99,99,-1,99,skipped_resume,True,2012,239,data/scedc/event_phases/2012/2012_239/15200817.phase
15200921,scedc:15200921,2012-08-26T22:06:28.700000Z,33.015,-115.54366666666668,4.1,3.4,,,SCEDC,,A,59,0.17,SCSN,99,99,-1,99,skipped_resume,True,2012,239,data/scedc/event_phases/2012/2012_239/15200921.phase
15201057,scedc:15201057,2012-08-26T22:23:58.800000Z,33.027,-115.53533333333333,4.3,3.0,,,SCEDC,,A,36,0.12,SCSN,99,99,-1,99,skipped_resume,True,2012,239,data/scedc/event_phases/2012/2012_239/15201057.phase
15201145,scedc:15201145,2012-08-26T22:34:45.710000Z,32.992333333333335,-115.5905,7.13,3.5,,,SCEDC,,A,49,0.17,SCSN,100,100,-1,100,skipped_resume,True,2012,239,data/scedc/event_phases/2012/2012_239/15201145.phase
15201241,scedc:15201241,2012-08-26T22:52:09.470000Z,32.99366666666667,-115.58866666666668,13.03,3.4,,,SCEDC,,A,50,0.15,SCSN,99,99,-1,99,skipped_resume,True,2012,239,data/scedc/event_phases/2012/2012_239/15201241.phase
15201249,scedc:15201249,2012-08-26T22:53:35.540000Z,33.01383333333333,-115.54983333333334,10.25,3.2,,,SCEDC,,A,51,0.15,SCSN,98,98,-1,98,skipped_resume,True,2012,239,data/scedc/event_phases/2012/2012_239/15201249.phase
15201297,scedc:15201297,2012-08-26T22:58:41.860000Z,32.98766666666667,-115.5885,4.8,4.3,,,SCEDC,,A,52,0.17,SCSN,101,101,-1,101,skipped_resume,True,2012,239,data/scedc/event_phases/2012/2012_239/15201297.phase
15201537,scedc:15201537,2012-08-26T23:33:25.130000Z,33.028,-115.5305,7.47,4.6,,,SCEDC,,A,98,0.22,SCSN,99,99,-1,99,skipped_resume,True,2012,239,data/scedc/event_phases/2012/2012_239/15201537.phase
15201545,scedc:15201545,2012-08-26T23:34:50.740000Z,33.00333333333333,-115.53683333333332,9.2,3.2,,,SCEDC,,A,24,0.11,SCSN,97,97,-1,97,skipped_resume,True,2012,239,data/scedc/event_phases/2012/2012_239/15201545.phase
15201553,scedc:15201553,2012-08-26T23:36:57.970000Z,33.04266666666667,-115.53133333333334,4.63,3.2,,,SCEDC,,A,40,0.1,SCSN,99,99,-1,99,skipped_resume,True,2012,239,data/scedc/event_phases/2012/2012_239/15201553.phase
15201617,scedc:15201617,2012-08-26T23:53:14.870000Z,33.0245,-115.534,10.81,3.3,,,SCEDC,,A,47,0.17,SCSN,99,99,-1,99,skipped_resume,True,2012,239,data/scedc/event_phases/2012/2012_239/15201617.phase
15201697,scedc:15201697,2012-08-27T00:12:25.930000Z,33.0375,-115.53983333333332,6.82,3.0,,,SCEDC,,A,50,0.18,SCSN,99,99,-1,99,skipped_resume,True,2012,240,data/scedc/event_phases/2012/2012_240/15201697.phase
15201961,scedc:15201961,2012-08-27T00:58:44.940000Z,32.992,-115.5795,4.2,3.4,,,SCEDC,,A,40,0.13,SCSN,102,102,-1,102,skipped_resume,True,2012,240,data/scedc/event_phases/2012/2012_240/15201961.phase
15202401,scedc:15202401,2012-08-27T02:53:15.110000Z,32.974833333333336,-115.60916666666668,10.06,3.1,,,SCEDC,,A,48,0.16,SCSN,102,102,-1,102,skipped_resume,True,2012,240,data/scedc/event_phases/2012/2012_240/15202401.phase
15202465,scedc:15202465,2012-08-27T03:03:33.270000Z,32.9855,-115.5875,8.25,3.1,,,SCEDC,,A,50,0.14,SCSN,101,101,-1,101,skipped_resume,True,2012,240,data/scedc/event_phases/2012/2012_240/15202465.phase
15202921,scedc:15202921,2012-08-27T04:41:37.000000Z,33.021166666666666,-115.5195,4.17,4.9,,,SCEDC,,A,47,0.21,SCSN,97,97,-1,97,skipped_resume,True,2012,240,data/scedc/event_phases/2012/2012_240/15202921.phase
15202929,scedc:15202929,2012-08-27T04:46:14.220000Z,33.0245,-115.4895,8.15,3.0,,,SCEDC,,B,21,0.13,SCSN,97,97,-1,97,skipped_resume,True,2012,240,data/scedc/event_phases/2012/2012_240/15202929.phase
15203033,scedc:15203033,2012-08-27T05:09:05.100000Z,33.054833333333335,-115.54166666666669,8.74,3.3,,,SCEDC,,A,64,0.17,SCSN,99,99,-1,99,skipped_resume,True,2012,240,data/scedc/event_phases/2012/2012_240/15203033.phase
15203249,scedc:15203249,2012-08-27T06:31:28.760000Z,33.04366666666667,-115.53033333333332,4.78,3.4,,,SCEDC,,A,43,0.18,SCSN,99,99,-1,99,skipped_resume,True,2012,240,data/scedc/event_phases/2012/2012_240/15203249.phase
15203401,scedc:15203401,2012-08-27T07:32:06.130000Z,32.973166666666664,-115.57516666666666,10.82,3.0,,,SCEDC,,A,49,0.17,SCSN,99,99,-1,99,skipped_resume,True,2012,240,data/scedc/event_phases/2012/2012_240/15203401.phase
15204137,scedc:15204137,2012-08-27T15:33:48.310000Z,36.008833333333335,-118.40183333333331,3.64,3.3,,,SCEDC,,A,81,0.18,SCSN,143,143,-1,143,skipped_resume,True,2012,240,data/scedc/event_phases/2012/2012_240/15204137.phase
15204369,scedc:15204369,2012-08-27T17:47:51.510000Z,33.00566666666667,-115.57016666666668,4.53,3.8,,,SCEDC,,A,52,0.18,SCSN,99,99,-1,99,skipped_resume,True,2012,240,data/scedc/event_phases/2012/2012_240/15204369.phase
15204969,scedc:15204969,2012-08-28T02:01:19.870000Z,33.004333333333335,-115.56883333333332,4.42,4.2,,,SCEDC,,A,52,0.16,SCSN,99,99,-1,99,skipped_resume,True,2012,241,data/scedc/event_phases/2012/2012_241/15204969.phase
15205377,scedc:15205377,2012-08-28T08:54:15.540000Z,32.973166666666664,-115.61133333333332,9.77,3.5,,,SCEDC,,A,56,0.13,SCSN,102,102,-1,102,skipped_resume,True,2012,241,data/scedc/event_phases/2012/2012_241/15205377.phase
15205449,scedc:15205449,2012-08-28T09:36:18.330000Z,36.0125,-118.39916666666667,3.87,3.3,,,SCEDC,,C,80,0.16,SCSN,144,144,-1,144,skipped_resume,True,2012,241,data/scedc/event_phases/2012/2012_241/15205449.phase
15206065,scedc:15206065,2012-08-28T20:05:30.340000Z,32.65716666666667,-115.93533333333332,9.02,3.3,,,SCEDC,,A,73,0.21,SCSN,101,101,-1,101,skipped_resume,True,2012,241,data/scedc/event_phases/2012/2012_241/15206065.phase
15206089,scedc:15206089,2012-08-28T20:28:32.720000Z,36.00633333333333,-118.39966666666666,3.68,3.3,,,SCEDC,,C,57,0.13,SCSN,145,145,-1,145,skipped_resume,True,2012,241,data/scedc/event_phases/2012/2012_241/15206089.phase
15206465,scedc:15206465,2012-08-29T01:34:35.440000Z,35.844166666666666,-117.77833333333334,8.28,3.3,,,SCEDC,,A,76,0.12,SCSN,158,158,-1,158,skipped_resume,True,2012,242,data/scedc/event_phases/2012/2012_242/15206465.phase
15207025,scedc:15207025,2012-08-29T13:01:50.040000Z,36.0105,-118.4025,3.22,3.5,,,SCEDC,,A,72,0.17,SCSN,144,144,-1,144,skipped_resume,True,2012,242,data/scedc/event_phases/2012/2012_242/15207025.phase
15208857,scedc:15208857,2012-08-31T13:56:02.680000Z,33.0165,-115.5385,10.41,3.5,,,SCEDC,,A,51,0.15,SCSN,99,99,-1,99,skipped_resume,True,2012,244,data/scedc/event_phases/2012/2012_244/15208857.phase
15209153,scedc:15209153,2012-08-31T21:44:08.510000Z,36.00333333333333,-120.53966666666666,5.53,3.3,,,SCEDC,,C,21,0.21,SCSN,47,47,-1,47,skipped_resume,True,2012,244,data/scedc/event_phases/2012/2012_244/15209153.phase
15209801,scedc:15209801,2012-09-02T17:28:34.660000Z,32.121,-115.16883333333334,9.61,3.4,,,SCEDC,,C,18,0.25,SCSN,43,43,-1,43,skipped_resume,True,2012,246,data/scedc/event_phases/2012/2012_246/15209801.phase
15211993,scedc:15211993,2012-09-07T13:22:10.360000Z,36.147333333333336,-120.02866666666668,10.6,3.7,,,SCEDC,,C,48,0.44,SCSN,59,59,-1,59,skipped_resume,True,2012,251,data/scedc/event_phases/2012/2012_251/15211993.phase
15212001,scedc:15212001,2012-09-07T13:23:49.660000Z,36.102,-119.98283333333332,7.9,4.1,,,SCEDC,,C,34,0.38,SCSN,66,66,-1,66,skipped_resume,True,2012,251,data/scedc/event_phases/2012/2012_251/15212001.phase
15220681,scedc:15220681,2012-09-25T12:02:04.580000Z,33.158833333333334,-115.6415,4.01,3.1,,,SCEDC,,A,66,0.19,SCSN,109,109,-1,109,skipped_resume,True,2012,269,data/scedc/event_phases/2012/2012_269/15220681.phase
15222209,scedc:15222209,2012-09-28T16:27:31.010000Z,32.2805,-115.2665,9.95,3.8,,,SCEDC,,C,48,0.43,SCSN,50,50,-1,50,skipped_resume,True,2012,272,data/scedc/event_phases/2012/2012_272/15222209.phase
15222329,scedc:15222329,2012-09-28T21:21:02.050000Z,32.2165,-115.24933333333334,9.62,3.0,,,SCEDC,,C,32,0.27,SCSN,48,48,-1,48,skipped_resume,True,2012,272,data/scedc/event_phases/2012/2012_272/15222329.phase
15222625,scedc:15222625,2012-09-29T23:13:31.790000Z,32.2065,-115.21283333333334,9.62,3.2,,,SCEDC,,C,34,0.33,SCSN,46,46,-1,46,skipped_resume,True,2012,273,data/scedc/event_phases/2012/2012_273/15222625.phase
15223249,scedc:15223249,2012-10-02T03:20:53.080000Z,36.22,-118.31783333333334,3.71,3.1,,,SCEDC,,A,59,0.2,SCSN,118,118,-1,118,skipped_resume,True,2012,276,data/scedc/event_phases/2012/2012_276/15223249.phase
15224969,scedc:15224969,2012-10-05T01:17:21.760000Z,35.92816666666667,-117.67966666666666,1.49,3.5,,,SCEDC,,A,81,0.14,SCSN,152,152,-1,152,skipped_resume,True,2012,279,data/scedc/event_phases/2012/2012_279/15224969.phase
15226417,scedc:15226417,2012-10-08T06:07:10.820000Z,32.2175,-115.22783333333334,18.83,3.4,,,SCEDC,,B,24,0.44,SCSN,48,48,-1,48,skipped_resume,True,2012,282,data/scedc/event_phases/2012/2012_282/15226417.phase
15226785,scedc:15226785,2012-10-08T23:25:07.600000Z,36.238,-120.802,6.63,3.0,,,SCEDC,,C,13,0.6,SCSN,37,37,-1,37,skipped_resume,True,2012,282,data/scedc/event_phases/2012/2012_282/15226785.phase
15230145,scedc:15230145,2012-10-14T17:43:13.870000Z,32.4115,-115.224,8.89,3.0,,,SCEDC,,B,35,0.38,SCSN,53,53,-1,53,skipped_resume,True,2012,288,data/scedc/event_phases/2012/2012_288/15230145.phase
15232441,scedc:15232441,2012-10-19T02:51:56.230000Z,32.18,-115.2095,9.62,4.0,,,SCEDC,,C,15,0.26,SCSN,45,45,-1,45,skipped_resume,True,2012,293,data/scedc/event_phases/2012/2012_293/15232441.phase
15233041,scedc:15233041,2012-10-21T06:55:09.930000Z,36.32416666666666,-120.84666666666666,15.43,5.3,,,SCEDC,,C,53,0.55,SCSN,35,35,-1,35,skipped_resume,True,2012,295,data/scedc/event_phases/2012/2012_295/15233041.phase
15233081,scedc:15233081,2012-10-21T07:37:47.880000Z,36.3145,-120.85766666666666,9.47,3.6,,,SCEDC,,C,23,0.2,SCSN,35,35,-1,35,skipped_resume,True,2012,295,data/scedc/event_phases/2012/2012_295/15233081.phase
37101284,scedc:37101284,2012-11-19T06:52:46.400000Z,32.31216666666667,-115.3405,10.11,3.0,,,SCEDC,,C,28,0.28,SCSN,52,52,-1,52,skipped_resume,True,2012,324,data/scedc/event_phases/2012/2012_324/37101284.phase
11209466,scedc:11209466,2012-11-27T08:03:55.080000Z,34.55266666666667,-120.18166666666669,2.53,3.0,,,SCEDC,,A,45,0.24,SCSN,129,129,-1,129,skipped_resume,True,2012,332,data/scedc/event_phases/2012/2012_332/11209466.phase
11209634,scedc:11209634,2012-11-27T15:17:21.360000Z,35.784666666666666,-117.26666666666668,5.81,3.0,,,SCEDC,,A,84,0.12,SCSN,154,154,-1,154,skipped_resume,True,2012,332,data/scedc/event_phases/2012/2012_332/11209634.phase
15252729,scedc:15252729,2012-11-30T03:19:47.550000Z,33.73166666666667,-118.81616666666666,1.53,3.2,,,SCEDC,,A,80,0.24,SCSN,140,140,-1,140,skipped_resume,True,2012,335,data/scedc/event_phases/2012/2012_335/15252729.phase
15252921,scedc:15252921,2012-11-30T10:40:03.300000Z,36.090833333333336,-117.84716666666668,1.27,3.7,,,SCEDC,,A,92,0.12,SCSN,141,141,-1,141,skipped_resume,True,2012,335,data/scedc/event_phases/2012/2012_335/15252921.phase
15254617,scedc:15254617,2012-12-02T10:20:34.920000Z,36.09033333333333,-117.845,1.45,3.6,,,SCEDC,,A,78,0.13,SCSN,140,140,-1,140,skipped_resume,True,2012,337,data/scedc/event_phases/2012/2012_337/15254617.phase
15255361,scedc:15255361,2012-12-03T08:45:15.450000Z,32.16016666666667,-115.31966666666666,10.0,3.0,,,SCEDC,,C,15,0.26,SCSN,48,48,-1,48,skipped_resume,True,2012,338,data/scedc/event_phases/2012/2012_338/15255361.phase
15257521,scedc:15257521,2012-12-05T13:36:38.400000Z,36.0895,-117.846,1.32,3.0,,,SCEDC,,A,70,0.14,SCSN,135,135,-1,135,skipped_resume,True,2012,340,data/scedc/event_phases/2012/2012_340/15257521.phase
15264345,scedc:15264345,2012-12-15T20:13:24.440000Z,32.78916666666667,-115.54783333333332,12.4,3.6,,,SCEDC,,A,50,0.23,SCSN,83,83,-1,83,skipped_resume,True,2012,350,data/scedc/event_phases/2012/2012_350/15264345.phase
15267289,scedc:15267289,2012-12-23T10:02:45.340000Z,35.64833333333333,-120.93883333333332,1.58,3.8,,,SCEDC,,A,14,0.2,SCSN,42,42,-1,42,skipped_resume,True,2012,358,data/scedc/event_phases/2012/2012_358/15267289.phase
15267601,scedc:15267601,2012-12-24T16:04:56.990000Z,32.32516666666667,-115.23816666666669,10.55,3.6,,,SCEDC,,C,23,0.24,SCSN,50,50,-1,50,skipped_resume,True,2012,359,data/scedc/event_phases/2012/2012_359/15267601.phase
15268089,scedc:15268089,2012-12-26T11:32:32.710000Z,35.96033333333333,-120.51733333333334,5.52,3.4,,,SCEDC,,C,15,0.21,SCSN,51,51,-1,51,skipped_resume,True,2012,361,data/scedc/event_phases/2012/2012_361/15268089.phase
15270393,scedc:15270393,2013-01-05T00:39:09.400000Z,32.33533333333333,-115.3175,9.98,3.6,,,SCEDC,,C,47,0.41,SCSN,52,52,-1,52,skipped_resume,True,2013,5,data/scedc/event_phases/2013/2013_005/15270393.phase
15273705,scedc:15273705,2013-01-16T03:56:33.490000Z,32.25983333333333,-115.3335,14.52,3.2,,,SCEDC,,B,47,0.33,SCSN,50,50,-1,50,skipped_resume,True,2013,16,data/scedc/event_phases/2013/2013_016/15273705.phase
15275633,scedc:15275633,2013-01-20T17:13:54.040000Z,32.204,-115.2745,9.62,3.2,,,SCEDC,,C,19,0.2,SCSN,49,49,-1,49,skipped_resume,True,2013,20,data/scedc/event_phases/2013/2013_020/15275633.phase
15275793,scedc:15275793,2013-01-21T01:25:57.560000Z,34.785833333333336,-119.48066666666666,11.87,3.3,,,SCEDC,,A,99,0.25,SCSN,147,147,-1,147,skipped_resume,True,2013,21,data/scedc/event_phases/2013/2013_021/15275793.phase
15276817,scedc:15276817,2013-01-23T22:28:36.530000Z,32.920833333333334,-117.49766666666666,15.28,3.1,,,SCEDC,,A,91,0.16,SCSN,132,132,-1,132,skipped_resume,True,2013,23,data/scedc/event_phases/2013/2013_023/15276817.phase
15278929,scedc:15278929,2013-01-30T04:21:22.680000Z,32.16583333333333,-116.02333333333333,2.37,3.0,,,SCEDC,,C,55,0.37,SCSN,72,72,-1,72,skipped_resume,True,2013,30,data/scedc/event_phases/2013/2013_030/15278929.phase
15281473,scedc:15281473,2013-02-05T06:07:50.020000Z,32.1615,-115.21116666666668,18.35,3.1,,,SCEDC,,A,31,0.16,SCSN,45,45,-1,45,skipped_resume,True,2013,36,data/scedc/event_phases/2013/2013_036/15281473.phase
11244018,scedc:11244018,2013-02-13T10:35:44.170000Z,32.219166666666666,-115.28266666666669,9.64,3.1,,,SCEDC,,C,20,0.12,SCSN,49,49,-1,49,skipped_resume,True,2013,44,data/scedc/event_phases/2013/2013_044/11244018.phase
11248258,scedc:11248258,2013-02-23T04:40:14.560000Z,32.132,-117.68933333333334,9.86,4.0,,,SCEDC,,C,19,0.26,SCSN,131,131,-1,131,skipped_resume,True,2013,54,data/scedc/event_phases/2013/2013_054/11248258.phase
15296289,scedc:15296289,2013-03-11T16:56:57.750000Z,33.508,-116.4475,12.93,3.0,,,SCEDC,,A,30,0.15,SCSN,133,133,-1,133,skipped_resume,True,2013,70,data/scedc/event_phases/2013/2013_070/15296289.phase
11281434,scedc:11281434,2013-04-07T20:45:18.090000Z,34.7115,-116.287,0.67,3.2,,,SCEDC,,A,99,0.12,SCSN,141,141,-1,141,skipped_resume,True,2013,97,data/scedc/event_phases/2013/2013_097/11281434.phase
11282242,scedc:11282242,2013-04-09T12:48:22.750000Z,32.2345,-115.2795,9.36,3.0,,,SCEDC,,C,23,0.43,SCSN,38,39,-1,39,skipped_resume,True,2013,99,data/scedc/event_phases/2013/2013_099/11282242.phase
11286130,scedc:11286130,2013-04-17T02:57:58.060000Z,32.2405,-115.26983333333334,9.96,4.1,,,SCEDC,,C,49,0.44,SCSN,50,50,-1,50,skipped_resume,True,2013,107,data/scedc/event_phases/2013/2013_107/11286130.phase
15330097,scedc:15330097,2013-04-20T16:55:15.130000Z,32.304833333333335,-115.22566666666668,11.68,3.1,,,SCEDC,,C,19,0.4,SCSN,47,47,-1,47,skipped_resume,True,2013,110,data/scedc/event_phases/2013/2013_110/15330097.phase
37111996,scedc:37111996,2013-04-20T16:55:31.030000Z,32.295,-115.20533333333331,7.2,3.5,,,SCEDC,,B,18,0.2,SCSN,49,49,-1,49,skipped_resume,True,2013,110,data/scedc/event_phases/2013/2013_110/37111996.phase
15331489,scedc:15331489,2013-04-23T18:58:11.760000Z,32.338,-115.33216666666668,9.07,3.2,,,SCEDC,,A,19,0.13,SCSN,53,53,-1,53,skipped_resume,True,2013,113,data/scedc/event_phases/2013/2013_113/15331489.phase
15334809,scedc:15334809,2013-04-29T17:32:09.340000Z,33.15533333333333,-115.642,1.58,3.0,,,SCEDC,,A,64,0.2,SCSN,107,107,-1,107,skipped_resume,True,2013,119,data/scedc/event_phases/2013/2013_119/15334809.phase
15335545,scedc:15335545,2013-04-30T18:10:20.430000Z,32.19416666666667,-115.1845,21.44,3.3,,,SCEDC,,C,27,0.26,SCSN,47,47,-1,47,skipped_resume,True,2013,120,data/scedc/event_phases/2013/2013_120/15335545.phase
15336073,scedc:15336073,2013-05-01T19:48:41.020000Z,32.211,-115.22133333333332,9.62,3.0,,,SCEDC,,C,33,0.35,SCSN,47,47,-1,47,skipped_resume,True,2013,121,data/scedc/event_phases/2013/2013_121/15336073.phase
15336761,scedc:15336761,2013-05-03T06:42:23.890000Z,32.102666666666664,-115.09233333333331,9.63,3.4,,,SCEDC,,C,39,0.48,SCSN,43,43,-1,43,skipped_resume,True,2013,123,data/scedc/event_phases/2013/2013_123/15336761.phase
15336825,scedc:15336825,2013-05-03T10:06:43.090000Z,35.88,-120.42316666666666,5.75,3.0,,,SCEDC,,C,27,0.4,SCSN,60,60,-1,60,skipped_resume,True,2013,123,data/scedc/event_phases/2013/2013_123/15336825.phase
15338553,scedc:15338553,2013-05-06T22:40:07.890000Z,32.177,-115.197,15.35,3.1,,,SCEDC,,C,29,0.58,SCSN,47,47,-1,47,skipped_resume,True,2013,126,data/scedc/event_phases/2013/2013_126/15338553.phase
15343145,scedc:15343145,2013-05-15T20:00:06.230000Z,33.65833333333333,-118.37216666666669,1.08,4.1,,,SCEDC,,A,78,0.22,SCSN,132,132,-1,132,skipped_resume,True,2013,135,data/scedc/event_phases/2013/2013_135/15343145.phase
15343449,scedc:15343449,2013-05-16T03:24:27.200000Z,32.248666666666665,-115.243,17.37,3.0,,,SCEDC,,A,36,0.15,SCSN,51,51,-1,51,skipped_resume,True,2013,136,data/scedc/event_phases/2013/2013_136/15343449.phase
15343601,scedc:15343601,2013-05-16T10:04:58.010000Z,34.85783333333333,-119.23866666666666,11.03,3.2,,,SCEDC,,A,90,0.21,SCSN,146,146,-1,146,skipped_resume,True,2013,136,data/scedc/event_phases/2013/2013_136/15343601.phase
15344465,scedc:15344465,2013-05-17T03:07:52.320000Z,33.20316666666667,-115.54983333333334,1.92,3.5,,,SCEDC,,A,57,0.13,SCSN,107,107,-1,107,skipped_resume,True,2013,137,data/scedc/event_phases/2013/2013_137/15344465.phase
15344585,scedc:15344585,2013-05-17T04:38:13.650000Z,33.2125,-115.5525,1.84,3.1,,,SCEDC,,A,26,0.07,SCSN,108,108,-1,108,skipped_resume,True,2013,137,data/scedc/event_phases/2013/2013_137/15344585.phase
15347865,scedc:15347865,2013-05-23T18:54:04.720000Z,32.281666666666666,-115.3235,0.63,3.0,,,SCEDC,,B,30,0.21,SCSN,52,52,-1,52,skipped_resume,True,2013,143,data/scedc/event_phases/2013/2013_143/15347865.phase
15347969,scedc:15347969,2013-05-23T21:23:14.980000Z,32.259,-115.30683333333332,9.62,3.2,,,SCEDC,,C,32,0.43,SCSN,50,50,-1,50,skipped_resume,True,2013,143,data/scedc/event_phases/2013/2013_143/15347969.phase
15349113,scedc:15349113,2013-05-26T01:58:30.730000Z,35.1615,-116.84,1.89,3.3,,,SCEDC,,A,94,0.14,SCSN,144,144,-1,144,skipped_resume,True,2013,146,data/scedc/event_phases/2013/2013_146/15349113.phase
15349313,scedc:15349313,2013-05-26T14:01:09.580000Z,36.078,-120.1765,9.44,3.3,,,SCEDC,,C,30,0.15,SCSN,61,61,-1,61,skipped_resume,True,2013,146,data/scedc/event_phases/2013/2013_146/15349313.phase
15351401,scedc:15351401,2013-05-30T03:19:02.070000Z,34.42033333333333,-119.93416666666668,10.05,3.1,,,SCEDC,,A,75,0.27,SCSN,139,139,-1,139,skipped_resume,True,2013,150,data/scedc/event_phases/2013/2013_150/15351401.phase
15353321,scedc:15353321,2013-06-03T12:43:34.550000Z,33.2335,-115.62516666666669,1.94,3.1,,,SCEDC,,A,54,0.13,SCSN,112,112,-1,112,skipped_resume,True,2013,154,data/scedc/event_phases/2013/2013_154/15353321.phase
15353521,scedc:15353521,2013-06-03T19:04:10.170000Z,33.232,-115.62533333333332,2.5,3.9,,,SCEDC,,A,70,0.14,SCSN,113,113,-1,113,skipped_resume,True,2013,154,data/scedc/event_phases/2013/2013_154/15353521.phase
15354321,scedc:15354321,2013-06-04T19:46:40.710000Z,33.20916666666667,-115.55533333333334,1.81,3.6,,,SCEDC,,A,49,0.15,SCSN,107,107,-1,107,skipped_resume,True,2013,155,data/scedc/event_phases/2013/2013_155/15354321.phase
15354537,scedc:15354537,2013-06-04T21:24:28.690000Z,33.20666666666666,-115.55283333333334,2.57,3.1,,,SCEDC,,A,56,0.13,SCSN,108,108,-1,108,skipped_resume,True,2013,155,data/scedc/event_phases/2013/2013_155/15354537.phase
15356121,scedc:15356121,2013-06-07T00:48:46.220000Z,32.228,-115.321,2.97,3.6,,,SCEDC,,C,55,0.42,SCSN,50,50,-1,50,skipped_resume,True,2013,158,data/scedc/event_phases/2013/2013_158/15356121.phase
15357721,scedc:15357721,2013-06-10T04:50:12.670000Z,32.217666666666666,-115.29333333333334,12.52,3.2,,,SCEDC,,B,41,0.37,SCSN,50,50,-1,50,skipped_resume,True,2013,161,data/scedc/event_phases/2013/2013_161/15357721.phase
11319146,scedc:11319146,2013-06-15T14:22:24.460000Z,32.173,-115.18516666666666,14.33,3.1,,,SCEDC,,B,23,0.32,SCSN,47,47,-1,47,skipped_resume,True,2013,166,data/scedc/event_phases/2013/2013_166/11319146.phase
11322154,scedc:11322154,2013-06-20T03:45:39.930000Z,35.9275,-120.467,9.75,3.0,,,SCEDC,,C,27,0.31,SCSN,54,54,-1,54,skipped_resume,True,2013,171,data/scedc/event_phases/2013/2013_171/11322154.phase
11326274,scedc:11326274,2013-06-26T00:43:52.400000Z,32.68216666666667,-117.34033333333332,15.82,3.0,,,SCEDC,,A,95,0.17,SCSN,131,131,-1,131,skipped_resume,True,2013,177,data/scedc/event_phases/2013/2013_177/11326274.phase
11326354,scedc:11326354,2013-06-26T01:48:14.190000Z,32.24783333333333,-115.30333333333331,14.58,3.2,,,SCEDC,,B,49,0.44,SCSN,50,50,-1,50,skipped_resume,True,2013,177,data/scedc/event_phases/2013/2013_177/11326354.phase
11333434,scedc:11333434,2013-07-12T02:33:11.300000Z,32.12383333333333,-115.25783333333334,18.04,3.2,,,SCEDC,,B,33,0.37,SCSN,46,46,-1,46,skipped_resume,True,2013,193,data/scedc/event_phases/2013/2013_193/11333434.phase
11339938,scedc:11339938,2013-07-26T14:00:47.340000Z,32.97233333333333,-115.8805,8.4,3.1,,,SCEDC,,A,74,0.16,SCSN,130,130,-1,130,skipped_resume,True,2013,207,data/scedc/event_phases/2013/2013_207/11339938.phase
11340186,scedc:11340186,2013-07-27T08:41:55.490000Z,32.091,-115.0225,9.57,3.1,,,SCEDC,,C,20,0.22,SCSN,37,37,-1,37,skipped_resume,True,2013,208,data/scedc/event_phases/2013/2013_208/11340186.phase
11340658,scedc:11340658,2013-07-28T17:31:43.790000Z,35.48233333333334,-118.28783333333334,2.49,3.2,,,SCEDC,,A,79,0.12,SCSN,146,146,-1,146,skipped_resume,True,2013,209,data/scedc/event_phases/2013/2013_209/11340658.phase
11345546,scedc:11345546,2013-08-06T15:02:33.630000Z,36.076,-120.639,5.33,3.4,,,SCEDC,,C,26,0.26,SCSN,45,45,-1,45,skipped_resume,True,2013,218,data/scedc/event_phases/2013/2013_218/11345546.phase
11347530,scedc:11347530,2013-08-09T22:01:51.070000Z,36.055,-120.094,16.14,3.0,,,SCEDC,,D,33,0.56,SCSN,65,65,-1,65,skipped_resume,True,2013,221,data/scedc/event_phases/2013/2013_221/11347530.phase
11347906,scedc:11347906,2013-08-10T16:33:00.090000Z,32.8795,-116.25433333333334,5.12,3.3,,,SCEDC,,A,89,0.2,SCSN,133,133,-1,133,skipped_resume,True,2013,222,data/scedc/event_phases/2013/2013_222/11347906.phase
11348882,scedc:11348882,2013-08-12T07:32:34.960000Z,36.0215,-117.776,0.07,3.8,,,SCEDC,,A,88,0.15,SCSN,146,146,-1,146,skipped_resume,True,2013,224,data/scedc/event_phases/2013/2013_224/11348882.phase
11351498,scedc:11351498,2013-08-16T14:40:25.880000Z,35.48233333333334,-118.287,4.01,3.3,,,SCEDC,,B,96,0.1,SCSN,145,145,-1,145,skipped_resume,True,2013,228,data/scedc/event_phases/2013/2013_228/11351498.phase
11351586,scedc:11351586,2013-08-16T16:45:13.450000Z,32.146,-115.24166666666666,13.3,3.1,,,SCEDC,,B,14,0.24,SCSN,47,47,-1,47,skipped_resume,True,2013,228,data/scedc/event_phases/2013/2013_228/11351586.phase
15394377,scedc:15394377,2013-08-20T07:11:54.490000Z,35.48166666666667,-118.28733333333334,1.46,3.1,,,SCEDC,,A,83,0.15,SCSN,144,144,-1,144,skipped_resume,True,2013,232,data/scedc/event_phases/2013/2013_232/15394377.phase
15396097,scedc:15396097,2013-08-24T01:16:30.990000Z,34.56666666666667,-120.95666666666666,2.8,4.1,,,SCEDC,,C,44,0.3,SCSN,66,66,-1,66,skipped_resume,True,2013,236,data/scedc/event_phases/2013/2013_236/15396097.phase
15397857,scedc:15397857,2013-08-27T13:56:58.410000Z,32.25516666666667,-115.30433333333332,13.17,3.3,,,SCEDC,,B,37,0.34,SCSN,50,50,-1,50,skipped_resume,True,2013,239,data/scedc/event_phases/2013/2013_239/15397857.phase
11362618,scedc:11362618,2013-09-10T22:49:58.800000Z,35.7645,-117.60366666666668,9.59,3.2,,,SCEDC,,A,75,0.12,SCSN,142,142,-1,142,skipped_resume,True,2013,253,data/scedc/event_phases/2013/2013_253/11362618.phase
11364370,scedc:11364370,2013-09-14T10:25:36.360000Z,32.41133333333333,-115.21483333333332,9.96,4.1,,,SCEDC,,C,65,0.39,SCSN,54,54,-1,54,skipped_resume,True,2013,257,data/scedc/event_phases/2013/2013_257/11364370.phase
11367474,scedc:11367474,2013-09-20T18:05:46.290000Z,32.254666666666665,-115.25416666666666,15.62,3.2,,,SCEDC,,C,33,0.19,SCSN,51,51,-1,51,skipped_resume,True,2013,263,data/scedc/event_phases/2013/2013_263/11367474.phase
11369546,scedc:11369546,2013-09-24T18:09:55.240000Z,32.12833333333333,-115.131,9.61,3.1,,,SCEDC,,C,34,0.42,SCSN,43,43,-1,43,skipped_resume,True,2013,267,data/scedc/event_phases/2013/2013_267/11369546.phase
11372194,scedc:11372194,2013-10-02T05:28:08.000000Z,32.14683333333333,-117.60733333333332,11.83,3.0,,,SCEDC,,C,43,0.3,SCSN,119,119,-1,119,skipped_resume,True,2013,275,data/scedc/event_phases/2013/2013_275/11372194.phase
11372242,scedc:11372242,2013-10-02T06:12:43.450000Z,32.14333333333333,-117.602,20.4,3.2,,,SCEDC,,C,28,0.14,SCSN,130,130,-1,130,skipped_resume,True,2013,275,data/scedc/event_phases/2013/2013_275/11372242.phase
11375090,scedc:11375090,2013-10-09T08:18:03.130000Z,32.324,-115.29983333333334,11.44,3.0,,,SCEDC,,C,46,0.38,SCSN,53,53,-1,53,skipped_resume,True,2013,282,data/scedc/event_phases/2013/2013_282/11375090.phase
11375690,scedc:11375690,2013-10-10T01:34:23.160000Z,35.659166666666664,-118.4725,9.44,3.4,,,SCEDC,,A,99,0.17,SCSN,146,146,-1,146,skipped_resume,True,2013,283,data/scedc/event_phases/2013/2013_283/11375690.phase
11377554,scedc:11377554,2013-10-14T06:43:34.310000Z,33.205,-115.67483333333334,2.16,3.0,,,SCEDC,,A,96,0.15,SCSN,119,119,-1,119,skipped_resume,True,2013,287,data/scedc/event_phases/2013/2013_287/11377554.phase
11377978,scedc:11377978,2013-10-14T12:38:23.890000Z,33.2015,-115.676,1.6,3.6,,,SCEDC,,A,37,0.17,SCSN,117,118,-1,118,skipped_resume,True,2013,287,data/scedc/event_phases/2013/2013_287/11377978.phase
11377986,scedc:11377986,2013-10-14T12:39:20.030000Z,33.204,-115.677,0.92,3.0,,,SCEDC,,A,39,0.11,SCSN,120,121,-1,121,skipped_resume,True,2013,287,data/scedc/event_phases/2013/2013_287/11377986.phase
11378394,scedc:11378394,2013-10-15T07:07:06.300000Z,36.15166666666666,-118.06833333333331,2.08,3.2,,,SCEDC,,A,76,0.12,SCSN,128,128,-1,128,skipped_resume,True,2013,288,data/scedc/event_phases/2013/2013_288/11378394.phase
11381170,scedc:11381170,2013-10-20T13:00:09.020000Z,32.385666666666665,-115.16316666666668,17.66,3.7,,,SCEDC,,B,37,0.32,SCSN,51,51,-1,51,skipped_resume,True,2013,293,data/scedc/event_phases/2013/2013_293/11381170.phase
11382378,scedc:11382378,2013-10-23T04:17:09.840000Z,32.19766666666666,-115.2495,14.4,3.1,,,SCEDC,,C,33,0.24,SCSN,46,46,-1,46,skipped_resume,True,2013,296,data/scedc/event_phases/2013/2013_296/11382378.phase
11384370,scedc:11384370,2013-10-28T11:15:09.950000Z,32.2015,-115.19666666666669,19.67,3.8,,,SCEDC,,B,46,0.36,SCSN,45,45,-1,45,skipped_resume,True,2013,301,data/scedc/event_phases/2013/2013_301/11384370.phase
11384530,scedc:11384530,2013-10-28T20:32:06.360000Z,32.2155,-115.24183333333332,13.34,3.0,,,SCEDC,,A,31,0.14,SCSN,45,45,-1,45,skipped_resume,True,2013,301,data/scedc/event_phases/2013/2013_301/11384530.phase
11386226,scedc:11386226,2013-11-01T06:19:42.060000Z,36.270833333333336,-120.808,9.05,3.3,,,SCEDC,,C,32,0.2,SCSN,36,36,-1,36,skipped_resume,True,2013,305,data/scedc/event_phases/2013/2013_305/11386226.phase
11388298,scedc:11388298,2013-11-06T13:26:07.250000Z,36.216166666666666,-120.77533333333334,0.58,3.1,,,SCEDC,,B,23,0.23,SCSN,38,38,-1,38,skipped_resume,True,2013,310,data/scedc/event_phases/2013/2013_310/11388298.phase
11388610,scedc:11388610,2013-11-07T09:19:09.840000Z,32.2795,-115.30566666666668,14.92,3.5,,,SCEDC,,A,49,0.31,SCSN,51,51,-1,51,skipped_resume,True,2013,311,data/scedc/event_phases/2013/2013_311/11388610.phase
11389202,scedc:11389202,2013-11-08T20:31:18.690000Z,36.267,-120.323,13.9,3.1,,,SCEDC,,D,36,0.44,SCSN,44,44,-1,44,skipped_resume,True,2013,312,data/scedc/event_phases/2013/2013_312/11389202.phase
11393506,scedc:11393506,2013-11-20T18:31:23.990000Z,32.16116666666667,-115.1585,18.04,3.0,,,SCEDC,,B,42,0.39,SCSN,45,45,-1,45,skipped_resume,True,2013,324,data/scedc/event_phases/2013/2013_324/11393506.phase
15443537,scedc:15443537,2013-12-13T07:49:57.790000Z,35.812666666666665,-119.78416666666666,9.48,4.1,,,SCEDC,,C,21,0.18,SCSN,98,98,-1,98,skipped_resume,True,2013,347,data/scedc/event_phases/2013/2013_347/15443537.phase
15446921,scedc:15446921,2013-12-22T19:57:28.990000Z,32.24583333333333,-115.31883333333332,12.78,3.4,,,SCEDC,,B,51,0.24,SCSN,49,49,-1,49,skipped_resume,True,2013,356,data/scedc/event_phases/2013/2013_356/15446921.phase
15447161,scedc:15447161,2013-12-23T13:39:26.300000Z,36.1405,-118.06483333333334,0.87,4.3,,,SCEDC,,A,54,0.15,SCSN,133,133,-1,133,skipped_resume,True,2013,357,data/scedc/event_phases/2013/2013_357/15447161.phase
11405530,scedc:11405530,2013-12-25T05:00:52.360000Z,36.228,-118.32966666666668,3.26,3.3,,,SCEDC,,A,67,0.2,SCSN,117,117,-1,117,skipped_resume,True,2013,359,data/scedc/event_phases/2013/2013_359/11405530.phase
11405954,scedc:11405954,2013-12-26T00:18:19.630000Z,32.40083333333333,-116.265,14.19,4.1,,,SCEDC,,C,87,0.23,SCSN,101,101,-1,101,skipped_resume,True,2013,360,data/scedc/event_phases/2013/2013_360/11405954.phase
11406722,scedc:11406722,2013-12-28T04:05:57.340000Z,32.16316666666667,-115.214,11.99,3.1,,,SCEDC,,B,13,0.19,SCSN,46,46,-1,46,skipped_resume,True,2013,362,data/scedc/event_phases/2013/2013_362/11406722.phase
11408690,scedc:11408690,2014-01-01T15:47:16.460000Z,35.66466666666667,-118.469,9.44,3.0,,,SCEDC,,A,99,0.14,SCSN,141,141,-1,141,skipped_resume,True,2014,1,data/scedc/event_phases/2014/2014_001/11408690.phase
11415114,scedc:11415114,2014-01-18T06:37:37.200000Z,36.39416666666666,-116.93583333333332,8.12,3.2,,,SCEDC,,A,42,0.13,SCSN,61,61,-1,61,skipped_resume,True,2014,18,data/scedc/event_phases/2014/2014_018/11415114.phase
11417914,scedc:11417914,2014-01-26T17:49:33.940000Z,36.28916666666667,-120.364,1.45,3.0,,,SCEDC,,B,38,0.18,SCSN,43,43,-1,43,skipped_resume,True,2014,26,data/scedc/event_phases/2014/2014_026/11417914.phase
11418410,scedc:11418410,2014-01-27T23:35:33.750000Z,35.3125,-118.49633333333334,6.59,3.4,,,SCEDC,,A,93,0.15,SCSN,142,142,-1,142,skipped_resume,True,2014,27,data/scedc/event_phases/2014/2014_027/11418410.phase
11419778,scedc:11419778,2014-02-01T01:25:17.720000Z,34.216,-119.56766666666668,12.8,3.1,,,SCEDC,,A,97,0.51,SCSN,136,136,-1,136,skipped_resume,True,2014,32,data/scedc/event_phases/2014/2014_032/11419778.phase
11420466,scedc:11420466,2014-02-03T13:12:06.340000Z,32.57266666666666,-115.70066666666666,12.93,3.2,,,SCEDC,,A,98,0.22,SCSN,85,85,-1,85,skipped_resume,True,2014,34,data/scedc/event_phases/2014/2014_034/11420466.phase
11420746,scedc:11420746,2014-02-04T13:21:48.300000Z,32.17516666666667,-115.1745,18.39,3.0,,,SCEDC,,B,26,0.13,SCSN,46,46,-1,46,skipped_resume,True,2014,35,data/scedc/event_phases/2014/2014_035/11420746.phase
11421970,scedc:11421970,2014-02-07T21:51:51.730000Z,32.173833333333334,-115.78416666666666,10.93,3.7,,,SCEDC,,C,95,0.32,SCSN,59,59,-1,59,skipped_resume,True,2014,38,data/scedc/event_phases/2014/2014_038/11421970.phase
37189912,scedc:37189912,2014-02-20T00:34:41.600000Z,35.308166666666665,-118.49016666666668,2.71,3.7,,,SCEDC,,A,79,0.1,SCSN,134,134,-1,134,skipped_resume,True,2014,51,data/scedc/event_phases/2014/2014_051/37189912.phase
15472201,scedc:15472201,2014-03-04T22:42:55.600000Z,35.96183333333333,-117.29966666666668,6.09,3.3,,,SCEDC,,A,50,0.14,SCSN,140,140,-1,140,skipped_resume,True,2014,63,data/scedc/event_phases/2014/2014_063/15472201.phase
15472217,scedc:15472217,2014-03-04T22:49:32.790000Z,35.961,-117.29766666666669,5.57,3.8,,,SCEDC,,A,51,0.14,SCSN,140,140,-1,140,skipped_resume,True,2014,63,data/scedc/event_phases/2014/2014_063/15472217.phase
15472225,scedc:15472225,2014-03-04T22:51:03.070000Z,35.963166666666666,-117.30033333333331,5.41,3.0,,,SCEDC,,A,42,0.14,SCSN,140,140,-1,140,skipped_resume,True,2014,63,data/scedc/event_phases/2014/2014_063/15472225.phase
15473569,scedc:15473569,2014-03-07T17:58:31.540000Z,35.9495,-117.30266666666668,6.15,3.1,,,SCEDC,,A,65,0.13,SCSN,141,141,-1,141,skipped_resume,True,2014,66,data/scedc/event_phases/2014/2014_066/15473569.phase
15474201,scedc:15474201,2014-03-09T18:59:48.510000Z,36.1045,-117.84483333333333,1.9,3.1,,,SCEDC,,A,70,0.14,SCSN,129,129,-1,129,skipped_resume,True,2014,68,data/scedc/event_phases/2014/2014_068/15474201.phase
15478505,scedc:15478505,2014-03-21T18:16:59.730000Z,36.26116666666667,-120.83916666666669,7.88,3.4,,,SCEDC,,C,28,0.55,SCSN,34,34,-1,34,skipped_resume,True,2014,80,data/scedc/event_phases/2014/2014_080/15478505.phase
15480609,scedc:15480609,2014-03-26T23:50:53.140000Z,36.016,-117.53866666666669,1.86,3.2,,,SCEDC,,A,57,0.18,SCSN,133,133,-1,133,skipped_resume,True,2014,85,data/scedc/event_phases/2014/2014_085/15480609.phase
15481681,scedc:15481681,2014-03-29T04:11:53.750000Z,33.92,-117.93166666666669,2.04,3.2,,,SCEDC,,A,78,0.2,SCSN,119,119,-1,119,skipped_resume,True,2014,88,data/scedc/event_phases/2014/2014_088/15481681.phase
15484513,scedc:15484513,2014-04-01T18:30:44.960000Z,33.9105,-117.95033333333332,3.88,3.0,,,SCEDC,,A,86,0.19,SCSN,118,118,-1,118,skipped_resume,True,2014,91,data/scedc/event_phases/2014/2014_091/15484513.phase
15485145,scedc:15485145,2014-04-03T17:08:01.850000Z,34.045,-118.94266666666668,11.39,3.1,,,SCEDC,,A,68,0.19,SCSN,127,127,-1,127,skipped_resume,True,2014,93,data/scedc/event_phases/2014/2014_093/15485145.phase
37213512,scedc:37213512,2014-04-18T17:44:32.230000Z,32.6365,-115.718,9.67,3.1,,,SCEDC,,A,95,0.28,SCSN,92,92,-1,92,skipped_resume,True,2014,108,data/scedc/event_phases/2014/2014_108/37213512.phase
37214944,scedc:37214944,2014-04-20T05:12:18.160000Z,35.466166666666666,-118.52183333333332,2.68,3.1,,,SCEDC,,A,68,0.14,SCSN,138,138,-1,138,skipped_resume,True,2014,110,data/scedc/event_phases/2014/2014_110/37214944.phase
15504753,scedc:15504753,2014-05-23T14:14:57.580000Z,32.33166666666666,-115.18433333333331,10.96,3.2,,,SCEDC,,C,15,0.26,SCSN,52,52,-1,52,skipped_resume,True,2014,143,data/scedc/event_phases/2014/2014_143/15504753.phase
15506089,scedc:15506089,2014-05-27T19:30:51.690000Z,34.990833333333335,-116.8665,2.76,3.0,,,SCEDC,,A,61,0.11,SCSN,141,141,-1,141,skipped_resume,True,2014,147,data/scedc/event_phases/2014/2014_147/15506089.phase
15507505,scedc:15507505,2014-06-01T07:25:14.420000Z,32.075833333333335,-115.00333333333332,9.63,3.0,,,SCEDC,,C,30,0.39,SCSN,38,38,-1,38,skipped_resume,True,2014,152,data/scedc/event_phases/2014/2014_152/15507505.phase
15512169,scedc:15512169,2014-06-15T04:30:26.010000Z,36.1925,-118.14083333333332,1.26,3.0,,,SCEDC,,A,69,0.15,SCSN,136,136,-1,136,skipped_resume,True,2014,166,data/scedc/event_phases/2014/2014_166/15512169.phase
37233232,scedc:37233232,2014-06-18T00:31:53.150000Z,36.31883333333333,-120.32666666666668,1.29,3.0,,,SCEDC,,C,23,0.14,SCSN,48,48,-1,48,skipped_resume,True,2014,169,data/scedc/event_phases/2014/2014_169/37233232.phase
37235984,scedc:37235984,2014-06-25T10:12:23.400000Z,35.85316666666667,-119.82566666666666,4.5,3.1,,,SCEDC,,D,75,0.38,SCSN,104,104,-1,104,skipped_resume,True,2014,176,data/scedc/event_phases/2014/2014_176/37235984.phase
37236200,scedc:37236200,2014-06-25T17:02:52.670000Z,35.86216666666667,-119.82483333333332,6.5,3.0,,,SCEDC,,C,33,0.47,SCSN,105,105,-1,105,skipped_resume,True,2014,176,data/scedc/event_phases/2014/2014_176/37236200.phase
37236296,scedc:37236296,2014-06-25T22:01:36.060000Z,35.85433333333334,-119.84133333333334,1.65,3.2,,,SCEDC,,D,74,0.4,SCSN,107,107,-1,107,skipped_resume,True,2014,176,data/scedc/event_phases/2014/2014_176/37236296.phase
37237584,scedc:37237584,2014-06-30T04:30:55.470000Z,36.1835,-118.32166666666669,2.76,3.1,,,SCEDC,,A,63,0.17,SCSN,125,126,-1,126,skipped_resume,True,2014,181,data/scedc/event_phases/2014/2014_181/37237584.phase
37238128,scedc:37238128,2014-07-01T09:04:43.120000Z,36.13433333333333,-117.965,3.06,3.0,,,SCEDC,,A,64,0.09,SCSN,139,139,-1,139,skipped_resume,True,2014,182,data/scedc/event_phases/2014/2014_182/37238128.phase
37238872,scedc:37238872,2014-07-02T18:32:17.740000Z,36.135333333333335,-117.9635,2.77,3.1,,,SCEDC,,A,63,0.11,SCSN,140,140,-1,140,skipped_resume,True,2014,183,data/scedc/event_phases/2014/2014_183/37238872.phase
15519497,scedc:15519497,2014-07-03T23:50:27.720000Z,33.16416666666667,-115.646,1.82,3.1,,,SCEDC,,A,79,0.2,SCSN,123,123,-1,123,skipped_resume,True,2014,184,data/scedc/event_phases/2014/2014_184/15519497.phase
15521265,scedc:15521265,2014-07-05T19:05:46.130000Z,36.133,-117.96666666666668,2.63,3.0,,,SCEDC,,A,48,0.1,SCSN,141,141,-1,141,skipped_resume,True,2014,186,data/scedc/event_phases/2014/2014_186/15521265.phase
15521601,scedc:15521601,2014-07-06T00:54:56.800000Z,36.13783333333333,-117.96583333333334,2.71,3.4,,,SCEDC,,A,59,0.1,SCSN,141,141,-1,141,skipped_resume,True,2014,187,data/scedc/event_phases/2014/2014_187/15521601.phase
15523545,scedc:15523545,2014-07-08T12:31:46.080000Z,33.161833333333334,-115.647,1.94,3.2,,,SCEDC,,A,96,0.23,SCSN,122,122,-1,122,skipped_resume,True,2014,189,data/scedc/event_phases/2014/2014_189/15523545.phase
15524177,scedc:15524177,2014-07-09T07:04:47.700000Z,36.434333333333335,-116.9325,8.2,3.6,,,SCEDC,,A,26,0.16,SCSN,70,70,-1,70,skipped_resume,True,2014,190,data/scedc/event_phases/2014/2014_190/15524177.phase
15525225,scedc:15525225,2014-07-11T06:37:36.460000Z,35.77466666666667,-119.75083333333332,22.62,3.2,,,SCEDC,,A,34,0.2,SCSN,127,127,-1,127,skipped_resume,True,2014,192,data/scedc/event_phases/2014/2014_192/15525225.phase
15527401,scedc:15527401,2014-07-16T21:15:43.820000Z,32.086333333333336,-115.1545,26.86,3.0,,,SCEDC,,A,37,0.24,SCSN,53,53,-1,53,skipped_resume,True,2014,197,data/scedc/event_phases/2014/2014_197/15527401.phase
15527633,scedc:15527633,2014-07-17T15:45:53.190000Z,32.255,-115.32233333333332,20.48,3.1,,,SCEDC,,B,52,0.36,SCSN,63,63,-1,63,skipped_resume,True,2014,198,data/scedc/event_phases/2014/2014_198/15527633.phase
37248544,scedc:37248544,2014-07-20T09:18:21.790000Z,32.8935,-116.27383333333331,5.87,3.1,,,SCEDC,,A,97,0.2,SCSN,118,118,-1,118,skipped_resume,True,2014,201,data/scedc/event_phases/2014/2014_201/37248544.phase
37248768,scedc:37248768,2014-07-20T19:43:22.240000Z,35.51383333333333,-116.24183333333332,1.62,3.2,,,SCEDC,,A,37,0.1,SCSN,135,135,-1,135,skipped_resume,True,2014,201,data/scedc/event_phases/2014/2014_201/37248768.phase
37248888,scedc:37248888,2014-07-21T02:55:13.090000Z,32.469833333333334,-117.71516666666666,9.82,3.2,,,SCEDC,,C,12,0.19,SCSN,120,120,-1,120,skipped_resume,True,2014,202,data/scedc/event_phases/2014/2014_202/37248888.phase
37249624,scedc:37249624,2014-07-22T16:14:36.560000Z,32.2855,-115.25,9.64,3.0,,,SCEDC,,B,17,0.22,SCSN,65,65,-1,65,skipped_resume,True,2014,203,data/scedc/event_phases/2014/2014_203/37249624.phase
15531937,scedc:15531937,2014-07-28T06:45:40.120000Z,32.9875,-117.74483333333332,9.88,3.3,,,SCEDC,,C,49,0.16,SCSN,115,115,-1,115,skipped_resume,True,2014,209,data/scedc/event_phases/2014/2014_209/15531937.phase
15532569,scedc:15532569,2014-07-29T22:38:26.180000Z,32.12683333333333,-115.13983333333331,26.11,3.2,,,SCEDC,,B,31,0.38,SCSN,54,54,-1,54,skipped_resume,True,2014,210,data/scedc/event_phases/2014/2014_210/15532569.phase
15534209,scedc:15534209,2014-08-03T21:13:44.740000Z,35.858333333333334,-119.8335,0.09,3.1,,,SCEDC,,C,34,0.4,SCSN,136,136,-1,136,skipped_resume,True,2014,215,data/scedc/event_phases/2014/2014_215/15534209.phase
15536217,scedc:15536217,2014-08-08T16:48:24.340000Z,35.94533333333333,-120.4665,4.68,3.4,,,SCEDC,,C,30,0.37,SCSN,82,82,-1,82,skipped_resume,True,2014,220,data/scedc/event_phases/2014/2014_220/15536217.phase
15537393,scedc:15537393,2014-08-12T05:06:29.420000Z,36.14333333333333,-118.0555,0.4,3.0,,,SCEDC,,A,80,0.18,SCSN,137,137,-1,137,skipped_resume,True,2014,224,data/scedc/event_phases/2014/2014_224/15537393.phase
15537721,scedc:15537721,2014-08-12T20:58:50.160000Z,35.989666666666665,-116.0725,5.47,3.2,,,SCEDC,,A,56,0.1,SCSN,96,96,-1,96,skipped_resume,True,2014,224,data/scedc/event_phases/2014/2014_224/15537721.phase
37259016,scedc:37259016,2014-08-17T22:59:09.990000Z,32.225833333333334,-115.232,19.23,3.2,,,SCEDC,,A,18,0.18,SCSN,69,69,-1,69,skipped_resume,True,2014,229,data/scedc/event_phases/2014/2014_229/37259016.phase
37208589,scedc:37208589,2014-08-17T22:59:21.430000Z,32.2055,-115.25966666666666,12.45,3.5,,,SCEDC,,B,19,0.21,SCSN,69,69,-1,69,skipped_resume,True,2014,229,data/scedc/event_phases/2014/2014_229/37208589.phase
37259944,scedc:37259944,2014-08-20T11:14:34.160000Z,32.23133333333333,-115.23783333333331,19.93,3.4,,,SCEDC,,C,48,0.4,SCSN,68,68,-1,68,skipped_resume,True,2014,232,data/scedc/event_phases/2014/2014_232/37259944.phase
37264592,scedc:37264592,2014-09-04T22:07:04.250000Z,32.55,-115.6735,9.16,3.4,,,SCEDC,,A,96,0.33,SCSN,112,112,-1,112,skipped_resume,True,2014,247,data/scedc/event_phases/2014/2014_247/37264592.phase
37265488,scedc:37265488,2014-09-07T12:13:56.570000Z,32.21216666666667,-117.6125,14.86,4.0,,,SCEDC,,C,32,0.37,SCSN,118,118,-1,118,skipped_resume,True,2014,250,data/scedc/event_phases/2014/2014_250/37265488.phase
37268088,scedc:37268088,2014-09-15T00:56:56.280000Z,35.916,-118.00866666666668,8.2,3.2,,,SCEDC,,A,87,0.15,SCSN,139,140,-1,140,skipped_resume,True,2014,258,data/scedc/event_phases/2014/2014_258/37268088.phase
37042559,scedc:37042559,2014-09-20T00:33:21.320000Z,36.04966666666667,-117.85933333333334,0.29,3.1,,,SCEDC,,A,91,0.17,SCSN,145,145,-1,145,skipped_resume,True,2014,263,data/scedc/event_phases/2014/2014_263/37042559.phase
37045495,scedc:37045495,2014-09-27T02:06:30.800000Z,32.383833333333335,-115.24683333333331,23.37,3.9,,,SCEDC,,B,70,0.4,SCSN,77,78,-1,78,skipped_resume,True,2014,270,data/scedc/event_phases/2014/2014_270/37045495.phase
37225869,scedc:37225869,2014-09-27T02:06:48.300000Z,32.3665,-115.24183333333332,19.95,3.8,,,SCEDC,,C,27,0.6,SCSN,77,77,-1,77,skipped_resume,True,2014,270,data/scedc/event_phases/2014/2014_270/37225869.phase
37045511,scedc:37045511,2014-09-27T02:23:40.440000Z,32.40083333333333,-115.25066666666666,9.34,3.1,,,SCEDC,,B,30,0.39,SCSN,80,80,-1,80,skipped_resume,True,2014,270,data/scedc/event_phases/2014/2014_270/37045511.phase
37047759,scedc:37047759,2014-10-05T10:11:26.430000Z,35.8925,-115.2555,4.16,3.6,,,SCEDC,,C,41,0.17,SCSN,52,52,-1,52,skipped_resume,True,2014,278,data/scedc/event_phases/2014/2014_278/37047759.phase
37047927,scedc:37047927,2014-10-05T19:18:29.590000Z,32.189166666666665,-115.2025,26.66,3.0,,,SCEDC,,B,35,0.4,SCSN,68,68,-1,68,skipped_resume,True,2014,278,data/scedc/event_phases/2014/2014_278/37047927.phase
37281064,scedc:37281064,2014-10-21T22:57:22.840000Z,32.185833333333335,-115.1995,24.43,3.3,,,SCEDC,,A,23,0.2,SCSN,68,68,-1,68,skipped_resume,True,2014,294,data/scedc/event_phases/2014/2014_294/37281064.phase
37283792,scedc:37283792,2014-10-30T05:38:24.450000Z,35.979,-116.0745,0.73,3.0,,,SCEDC,,A,45,0.1,SCSN,95,95,-1,95,skipped_resume,True,2014,303,data/scedc/event_phases/2014/2014_303/37283792.phase
37067415,scedc:37067415,2014-12-07T12:59:05.800000Z,36.003166666666665,-117.9105,4.49,3.1,,,SCEDC,,A,82,0.14,SCSN,146,146,-1,146,skipped_resume,True,2014,341,data/scedc/event_phases/2014/2014_341/37067415.phase
37298672,scedc:37298672,2014-12-24T05:51:51.440000Z,33.18516666666667,-115.6085,1.39,4.2,,,SCEDC,,A,51,0.2,SCSN,124,124,-1,124,skipped_resume,True,2014,358,data/scedc/event_phases/2014/2014_358/37298672.phase
37298680,scedc:37298680,2014-12-24T06:00:11.470000Z,33.178333333333335,-115.60416666666669,1.14,3.6,,,SCEDC,,A,45,0.14,SCSN,124,124,-1,124,skipped_resume,True,2014,358,data/scedc/event_phases/2014/2014_358/37298680.phase
37300152,scedc:37300152,2014-12-30T00:12:02.710000Z,35.93666666666667,-117.22216666666668,6.32,3.5,,,SCEDC,,A,66,0.12,SCSN,147,147,-1,147,skipped_resume,True,2014,364,data/scedc/event_phases/2014/2014_364/37300152.phase
37300496,scedc:37300496,2014-12-31T06:27:41.910000Z,34.610166666666665,-118.63533333333334,8.12,3.1,,,SCEDC,,A,71,0.25,SCSN,132,132,-1,132,skipped_resume,True,2014,365,data/scedc/event_phases/2014/2014_365/37300496.phase
37301696,scedc:37301696,2015-01-04T02:58:10.810000Z,34.610166666666665,-118.6355,8.35,3.0,,,SCEDC,,A,82,0.22,SCSN,134,134,-1,134,skipped_resume,True,2015,4,data/scedc/event_phases/2015/2015_004/37301696.phase
37307304,scedc:37307304,2015-01-20T13:21:36.970000Z,36.43333333333333,-120.61216666666668,8.95,4.4,,,SCEDC,,D,23,2.19,SCSN,52,52,-1,52,skipped_resume,True,2015,20,data/scedc/event_phases/2015/2015_020/37307304.phase
37309768,scedc:37309768,2015-01-28T11:36:02.900000Z,32.805166666666665,-115.45516666666668,10.13,3.2,,,SCEDC,,A,36,0.3,SCSN,119,120,-1,120,skipped_resume,True,2015,28,data/scedc/event_phases/2015/2015_028/37309768.phase
37312792,scedc:37312792,2015-02-04T11:50:53.470000Z,32.39666666666667,-115.25833333333334,7.22,3.4,,,SCEDC,,A,40,0.31,SCSN,78,80,-1,80,skipped_resume,True,2015,35,data/scedc/event_phases/2015/2015_035/37312792.phase
37315720,scedc:37315720,2015-02-12T16:14:08.930000Z,32.2045,-115.22883333333333,20.63,3.1,,,SCEDC,,A,33,0.22,SCSN,67,70,-1,70,skipped_resume,True,2015,43,data/scedc/event_phases/2015/2015_043/37315720.phase
37104391,scedc:37104391,2015-02-27T00:43:45.790000Z,32.219833333333334,-117.69133333333332,20.67,3.4,,,SCEDC,,C,46,0.17,SCSN,121,121,-1,121,skipped_resume,True,2015,58,data/scedc/event_phases/2015/2015_058/37104391.phase
37350360,scedc:37350360,2015-03-27T07:32:32.330000Z,36.277166666666666,-120.36183333333334,10.82,3.4,,,SCEDC,,C,21,0.34,SCSN,69,69,-1,69,skipped_resume,True,2015,86,data/scedc/event_phases/2015/2015_086/37350360.phase
37350568,scedc:37350568,2015-03-27T13:30:14.620000Z,36.23833333333334,-120.30966666666669,10.04,4.1,,,SCEDC,,C,66,0.25,SCSN,72,72,-1,72,skipped_resume,True,2015,86,data/scedc/event_phases/2015/2015_086/37350568.phase
37354952,scedc:37354952,2015-04-02T18:50:15.200000Z,32.409333333333336,-115.211,8.36,3.5,,,SCEDC,,A,54,0.4,SCSN,80,80,-1,80,skipped_resume,True,2015,92,data/scedc/event_phases/2015/2015_092/37354952.phase
37359304,scedc:37359304,2015-04-08T19:23:15.390000Z,32.376,-115.2085,7.28,4.3,,,SCEDC,,A,71,0.51,SCSN,79,79,-1,79,skipped_resume,True,2015,98,data/scedc/event_phases/2015/2015_098/37359304.phase
37359312,scedc:37359312,2015-04-08T19:30:28.070000Z,32.41116666666667,-115.24483333333332,5.95,4.0,,,SCEDC,,C,95,0.47,SCSN,82,82,-1,82,skipped_resume,True,2015,98,data/scedc/event_phases/2015/2015_098/37359312.phase
37137764,scedc:37137764,2015-05-21T03:16:13.990000Z,33.1555,-115.64433333333334,3.78,3.5,,,SCEDC,,A,31,0.19,SCSN,125,125,-1,125,skipped_resume,True,2015,141,data/scedc/event_phases/2015/2015_141/37137764.phase
37385072,scedc:37385072,2015-05-22T05:05:58.620000Z,32.362,-115.24233333333332,25.65,3.3,,,SCEDC,,A,40,0.25,SCSN,78,78,-1,78,skipped_resume,True,2015,142,data/scedc/event_phases/2015/2015_142/37385072.phase
37385088,scedc:37385088,2015-05-22T06:56:07.350000Z,32.376333333333335,-115.238,23.15,3.4,,,SCEDC,,A,45,0.26,SCSN,78,78,-1,78,skipped_resume,True,2015,142,data/scedc/event_phases/2015/2015_142/37385088.phase
37388136,scedc:37388136,2015-05-27T07:47:38.350000Z,33.964166666666664,-119.906,16.86,3.0,,,SCEDC,,A,55,0.23,SCSN,136,136,-1,136,skipped_resume,True,2015,147,data/scedc/event_phases/2015/2015_147/37388136.phase
37388832,scedc:37388832,2015-05-28T12:04:00.300000Z,32.23233333333334,-115.28216666666668,11.81,3.3,,,SCEDC,,A,49,0.27,SCSN,71,71,-1,71,skipped_resume,True,2015,148,data/scedc/event_phases/2015/2015_148/37388832.phase
37388864,scedc:37388864,2015-05-28T12:13:41.750000Z,32.24733333333333,-115.28166666666668,10.79,3.5,,,SCEDC,,A,46,0.27,SCSN,72,72,-1,72,skipped_resume,True,2015,148,data/scedc/event_phases/2015/2015_148/37388864.phase
37392152,scedc:37392152,2015-06-02T01:31:11.550000Z,35.8595,-117.68883333333332,3.07,3.5,,,SCEDC,,A,76,0.14,SCSN,143,144,-1,144,skipped_resume,True,2015,153,data/scedc/event_phases/2015/2015_153/37392152.phase
37392440,scedc:37392440,2015-06-02T13:20:29.160000Z,35.862,-117.6855,2.78,3.5,,,SCEDC,,A,83,0.14,SCSN,141,143,-1,143,skipped_resume,True,2015,153,data/scedc/event_phases/2015/2015_153/37392440.phase
37393840,scedc:37393840,2015-06-05T06:11:16.740000Z,35.86266666666667,-117.69033333333331,3.4,3.3,,,SCEDC,,A,78,0.13,SCSN,145,146,-1,146,skipped_resume,True,2015,156,data/scedc/event_phases/2015/2015_156/37393840.phase
37194935,scedc:37194935,2015-06-30T21:47:44.320000Z,32.354,-115.208,26.01,3.2,,,SCEDC,,A,39,0.29,SCSN,73,75,-1,75,skipped_resume,True,2015,181,data/scedc/event_phases/2015/2015_181/37194935.phase
37200503,scedc:37200503,2015-07-07T18:46:27.850000Z,34.095333333333336,-120.63666666666668,18.56,3.6,,,SCEDC,,B,52,0.25,SCSN,130,130,-1,130,skipped_resume,True,2015,188,data/scedc/event_phases/2015/2015_188/37200503.phase
37228879,scedc:37228879,2015-08-17T07:39:09.710000Z,32.18966666666667,-117.7175,9.82,3.8,,,SCEDC,,C,59,0.31,SCSN,121,121,-1,121,skipped_resume,True,2015,229,data/scedc/event_phases/2015/2015_229/37228879.phase
37229351,scedc:37229351,2015-08-18T10:59:22.370000Z,35.84,-120.02266666666668,1.31,3.0,,,SCEDC,,A,61,0.21,SCSN,124,124,-1,124,skipped_resume,True,2015,230,data/scedc/event_phases/2015/2015_230/37229351.phase
37243311,scedc:37243311,2015-09-16T03:27:57.820000Z,32.931333333333335,-115.54133333333333,11.96,3.3,,,SCEDC,,A,85,0.24,SCSN,120,120,-1,120,skipped_resume,True,2015,259,data/scedc/event_phases/2015/2015_259/37243311.phase
37254543,scedc:37254543,2015-10-07T13:28:51.470000Z,32.3435,-115.255,15.43,3.4,,,SCEDC,,A,53,0.32,SCSN,79,79,-1,79,skipped_resume,True,2015,280,data/scedc/event_phases/2015/2015_280/37254543.phase
37264615,scedc:37264615,2015-10-27T18:20:12.620000Z,32.40833333333333,-115.464,15.17,3.2,,,SCEDC,,A,61,0.29,SCSN,90,90,-1,90,skipped_resume,True,2015,300,data/scedc/event_phases/2015/2015_300/37264615.phase
37265103,scedc:37265103,2015-10-29T00:05:46.150000Z,32.95466666666667,-115.73716666666668,11.2,3.1,,,SCEDC,,A,95,0.26,SCSN,123,123,-1,123,skipped_resume,True,2015,302,data/scedc/event_phases/2015/2015_302/37265103.phase
37265303,scedc:37265303,2015-10-29T15:45:32.280000Z,35.839,-120.59916666666666,8.53,3.3,,,SCEDC,,A,53,0.23,SCSN,70,70,-1,70,skipped_resume,True,2015,302,data/scedc/event_phases/2015/2015_302/37265303.phase
37485376,scedc:37485376,2015-11-04T22:57:37.670000Z,32.11783333333333,-115.058,21.12,3.4,,,SCEDC,,B,36,0.26,SCSN,61,61,-1,61,skipped_resume,True,2015,308,data/scedc/event_phases/2015/2015_308/37485376.phase
37500960,scedc:37500960,2015-12-11T04:21:34.930000Z,32.307833333333335,-115.4005,15.19,3.1,,,SCEDC,,A,45,0.28,SCSN,80,80,-1,80,skipped_resume,True,2015,345,data/scedc/event_phases/2015/2015_345/37500960.phase
37501352,scedc:37501352,2015-12-13T04:36:16.130000Z,32.39816666666667,-115.26083333333334,5.19,3.0,,,SCEDC,,A,45,0.35,SCSN,81,81,-1,81,skipped_resume,True,2015,347,data/scedc/event_phases/2015/2015_347/37501352.phase
37502072,scedc:37502072,2015-12-15T21:50:26.510000Z,32.393166666666666,-115.22933333333332,11.78,3.3,,,SCEDC,,A,37,0.29,SCSN,79,79,-1,79,skipped_resume,True,2015,349,data/scedc/event_phases/2015/2015_349/37502072.phase
37286727,scedc:37286727,2015-12-19T17:36:49.290000Z,32.094166666666666,-115.15366666666668,26.97,3.6,,,SCEDC,,B,39,0.31,SCSN,62,62,-1,62,skipped_resume,True,2015,353,data/scedc/event_phases/2015/2015_353/37286727.phase
37286815,scedc:37286815,2015-12-20T02:47:46.080000Z,32.08266666666667,-115.16616666666668,22.86,3.2,,,SCEDC,,B,20,0.22,SCSN,63,63,-1,63,skipped_resume,True,2015,354,data/scedc/event_phases/2015/2015_354/37286815.phase
37295831,scedc:37295831,2016-01-14T04:23:58.850000Z,35.40566666666667,-117.80983333333332,6.88,3.6,,,SCEDC,,A,91,0.16,SCSN,136,137,-1,137,skipped_resume,True,2016,14,data/scedc/event_phases/2016/2016_014/37295831.phase
37296015,scedc:37296015,2016-01-14T14:39:23.340000Z,32.364,-115.39533333333333,23.61,3.0,,,SCEDC,,A,43,0.2,SCSN,84,84,-1,84,skipped_resume,True,2016,14,data/scedc/event_phases/2016/2016_014/37296015.phase
37297743,scedc:37297743,2016-01-19T10:21:06.950000Z,34.692,-116.23683333333334,2.37,3.7,,,SCEDC,,A,61,0.17,SCSN,130,131,-1,131,skipped_resume,True,2016,19,data/scedc/event_phases/2016/2016_019/37297743.phase
37297831,scedc:37297831,2016-01-19T14:34:28.970000Z,34.69083333333333,-116.237,2.32,3.0,,,SCEDC,,A,60,0.17,SCSN,132,133,-1,133,skipped_resume,True,2016,19,data/scedc/event_phases/2016/2016_019/37297831.phase
37298055,scedc:37298055,2016-01-20T13:43:09.970000Z,34.69133333333333,-116.23666666666666,1.39,3.2,,,SCEDC,,A,61,0.24,SCSN,132,133,-1,133,skipped_resume,True,2016,20,data/scedc/event_phases/2016/2016_020/37298055.phase
37299263,scedc:37299263,2016-01-24T15:32:16.360000Z,34.69716666666667,-116.23916666666666,2.61,4.1,,,SCEDC,,A,79,0.16,SCSN,132,133,-1,133,skipped_resume,True,2016,24,data/scedc/event_phases/2016/2016_024/37299263.phase
37299799,scedc:37299799,2016-01-26T00:32:26.700000Z,32.3935,-115.22266666666668,11.42,3.3,,,SCEDC,,A,59,0.3,SCSN,76,76,-1,76,skipped_resume,True,2016,26,data/scedc/event_phases/2016/2016_026/37299799.phase
37521568,scedc:37521568,2016-02-08T06:20:42.400000Z,35.464333333333336,-119.97333333333331,7.64,3.5,,,SCEDC,,A,76,0.3,SCSN,132,132,-1,132,skipped_resume,True,2016,39,data/scedc/event_phases/2016/2016_039/37521568.phase
37523376,scedc:37523376,2016-02-13T02:19:28.040000Z,35.73233333333334,-119.67716666666666,25.97,3.1,,,SCEDC,,A,78,0.28,SCSN,129,129,-1,129,skipped_resume,True,2016,44,data/scedc/event_phases/2016/2016_044/37523376.phase
37526720,scedc:37526720,2016-02-20T21:42:31.170000Z,36.23416666666667,-117.517,3.78,3.2,,,SCEDC,,A,96,0.16,SCSN,140,140,-1,140,skipped_resume,True,2016,51,data/scedc/event_phases/2016/2016_051/37526720.phase
37312311,scedc:37312311,2016-02-27T18:45:29.280000Z,32.695166666666665,-115.7445,9.87,3.0,,,SCEDC,,A,78,0.26,SCSN,121,121,-1,121,skipped_resume,True,2016,58,data/scedc/event_phases/2016/2016_058/37312311.phase
37536936,scedc:37536936,2016-03-18T14:31:03.820000Z,32.66266666666667,-118.105,5.77,3.0,,,SCEDC,,C,57,0.24,SCSN,109,109,-1,109,skipped_resume,True,2016,78,data/scedc/event_phases/2016/2016_078/37536936.phase
37538432,scedc:37538432,2016-03-22T09:31:47.800000Z,32.11533333333333,-115.07,18.38,3.2,,,SCEDC,,B,40,0.29,SCSN,61,61,-1,61,skipped_resume,True,2016,82,data/scedc/event_phases/2016/2016_082/37538432.phase
37548408,scedc:37548408,2016-04-12T07:35:23.410000Z,36.07333333333333,-117.65966666666668,3.22,3.1,,,SCEDC,,A,65,0.14,SCSN,146,146,-1,146,skipped_resume,True,2016,103,data/scedc/event_phases/2016/2016_103/37548408.phase
37139548,scedc:37139548,2016-04-29T10:55:25.010000Z,32.38766666666667,-115.26516666666669,4.95,3.0,,,SCEDC,,C,36,0.37,SCSN,82,82,-1,82,skipped_resume,True,2016,120,data/scedc/event_phases/2016/2016_120/37139548.phase
37566648,scedc:37566648,2016-05-13T14:50:39.810000Z,36.37683333333333,-117.4655,1.26,3.5,,,SCEDC,,A,59,0.19,SCSN,101,101,-1,101,skipped_resume,True,2016,134,data/scedc/event_phases/2016/2016_134/37566648.phase
37577944,scedc:37577944,2016-05-29T08:27:34.690000Z,32.10216666666667,-115.174,23.87,3.5,,,SCEDC,,B,37,0.28,SCSN,68,68,-1,68,skipped_resume,True,2016,150,data/scedc/event_phases/2016/2016_150/37577944.phase
37367055,scedc:37367055,2016-06-02T09:23:52.120000Z,34.717,-116.03316666666667,2.77,3.3,,,SCEDC,,A,56,0.14,SCSN,135,135,-1,135,skipped_resume,True,2016,154,data/scedc/event_phases/2016/2016_154/37367055.phase
37367207,scedc:37367207,2016-06-02T11:11:22.900000Z,34.71783333333333,-116.03533333333333,2.98,3.2,,,SCEDC,,A,69,0.16,SCSN,134,134,-1,134,skipped_resume,True,2016,154,data/scedc/event_phases/2016/2016_154/37367207.phase
37142124,scedc:37142124,2016-06-10T08:06:14.010000Z,33.449333333333335,-116.4505,11.91,3.2,,,SCEDC,,A,38,0.13,SCSN,119,119,-1,119,skipped_resume,True,2016,162,data/scedc/event_phases/2016/2016_162/37142124.phase
37374719,scedc:37374719,2016-06-10T08:06:22.670000Z,33.443666666666665,-116.466,10.78,3.2,,,SCEDC,,A,79,0.19,SCSN,117,117,-1,117,skipped_resume,True,2016,162,data/scedc/event_phases/2016/2016_162/37374719.phase
37387567,scedc:37387567,2016-06-15T07:41:03.050000Z,32.965666666666664,-115.56983333333334,12.99,3.0,,,SCEDC,,A,60,0.22,SCSN,124,124,-1,124,skipped_resume,True,2016,167,data/scedc/event_phases/2016/2016_167/37387567.phase
37622848,scedc:37622848,2016-07-07T12:55:25.250000Z,32.909,-115.53133333333334,12.79,3.8,,,SCEDC,,A,96,0.3,SCSN,119,119,-1,119,skipped_resume,True,2016,189,data/scedc/event_phases/2016/2016_189/37622848.phase
37412335,scedc:37412335,2016-07-11T15:16:09.030000Z,35.611666666666665,-116.29866666666666,3.1,3.0,,,SCEDC,,A,40,0.17,SCSN,142,142,-1,142,skipped_resume,True,2016,193,data/scedc/event_phases/2016/2016_193/37412335.phase
37413567,scedc:37413567,2016-07-12T22:32:07.560000Z,35.166333333333334,-119.33716666666666,22.09,3.0,,,SCEDC,,A,81,0.21,SCSN,130,130,-1,130,skipped_resume,True,2016,194,data/scedc/event_phases/2016/2016_194/37413567.phase
37417111,scedc:37417111,2016-07-17T09:16:41.260000Z,34.5715,-120.052,12.31,3.2,,,SCEDC,,A,72,0.21,SCSN,132,132,-1,132,skipped_resume,True,2016,199,data/scedc/event_phases/2016/2016_199/37417111.phase
37647240,scedc:37647240,2016-08-04T11:08:24.040000Z,32.24066666666667,-115.225,15.64,3.2,,,SCEDC,,B,42,0.25,SCSN,79,79,-1,79,skipped_resume,True,2016,217,data/scedc/event_phases/2016/2016_217/37647240.phase
37447719,scedc:37447719,2016-08-16T19:01:22.630000Z,32.19316666666667,-115.22233333333334,24.09,3.1,,,SCEDC,,B,50,0.3,SCSN,76,76,-1,76,skipped_resume,True,2016,229,data/scedc/event_phases/2016/2016_229/37447719.phase
37449175,scedc:37449175,2016-08-18T03:39:54.830000Z,36.39933333333333,-117.86533333333334,1.68,3.5,,,SCEDC,,A,65,0.16,SCSN,114,114,-1,114,skipped_resume,True,2016,231,data/scedc/event_phases/2016/2016_231/37449175.phase
37666480,scedc:37666480,2016-08-20T23:44:37.920000Z,35.989666666666665,-117.92133333333334,4.25,3.1,,,SCEDC,,A,68,0.11,SCSN,132,132,-1,132,skipped_resume,True,2016,233,data/scedc/event_phases/2016/2016_233/37666480.phase
37468263,scedc:37468263,2016-09-03T04:31:17.440000Z,36.398,-117.86816666666668,1.7,3.5,,,SCEDC,,A,62,0.17,SCSN,99,99,-1,99,skipped_resume,True,2016,247,data/scedc/event_phases/2016/2016_247/37468263.phase
37700544,scedc:37700544,2016-09-26T15:47:28.670000Z,33.2925,-115.72166666666666,2.74,3.1,,,SCEDC,,A,95,0.2,SCSN,118,118,-1,118,skipped_resume,True,2016,270,data/scedc/event_phases/2016/2016_270/37700544.phase
37382677,scedc:37382677,2016-09-26T15:48:40.110000Z,33.295833333333334,-115.71533333333332,2.47,3.2,,,SCEDC,,A,28,0.19,SCSN,116,116,-1,116,skipped_resume,True,2016,270,data/scedc/event_phases/2016/2016_270/37382677.phase
37382749,scedc:37382749,2016-09-26T23:34:01.180000Z,33.29516666666667,-115.7065,5.63,3.0,,,SCEDC,,A,73,0.25,SCSN,114,114,-1,114,skipped_resume,True,2016,270,data/scedc/event_phases/2016/2016_270/37382749.phase
37701512,scedc:37701512,2016-09-27T03:06:14.250000Z,33.29716666666667,-115.716,2.99,3.3,,,SCEDC,,A,92,0.19,SCSN,116,116,-1,116,skipped_resume,True,2016,271,data/scedc/event_phases/2016/2016_271/37701512.phase
37147076,scedc:37147076,2016-09-27T03:24:44.710000Z,33.30266666666667,-115.6945,1.85,3.1,,,SCEDC,,A,19,0.14,SCSN,118,118,-1,118,skipped_resume,True,2016,271,data/scedc/event_phases/2016/2016_271/37147076.phase
37701552,scedc:37701552,2016-09-27T03:25:06.150000Z,33.2905,-115.71183333333332,5.03,3.3,,,SCEDC,,A,99,0.2,SCSN,117,117,-1,117,skipped_resume,True,2016,271,data/scedc/event_phases/2016/2016_271/37701552.phase
37701856,scedc:37701856,2016-09-27T04:43:51.280000Z,33.287,-115.719,1.2,3.0,,,SCEDC,,A,92,0.32,SCSN,118,118,-1,118,skipped_resume,True,2016,271,data/scedc/event_phases/2016/2016_271/37701856.phase
37703976,scedc:37703976,2016-09-28T11:18:18.160000Z,32.097833333333334,-115.07683333333334,27.36,3.2,,,SCEDC,,B,28,0.22,SCSN,64,64,-1,64,skipped_resume,True,2016,272,data/scedc/event_phases/2016/2016_272/37703976.phase
37705224,scedc:37705224,2016-09-29T12:59:29.730000Z,35.897666666666666,-117.684,2.41,3.0,,,SCEDC,,A,75,0.15,SCSN,139,139,-1,139,skipped_resume,True,2016,273,data/scedc/event_phases/2016/2016_273/37705224.phase
37707792,scedc:37707792,2016-10-01T17:23:16.430000Z,33.29833333333333,-115.71733333333331,7.24,3.0,,,SCEDC,,A,80,0.18,SCSN,116,116,-1,116,skipped_resume,True,2016,275,data/scedc/event_phases/2016/2016_275/37707792.phase
37712704,scedc:37712704,2016-10-08T03:25:26.990000Z,34.68816666666667,-120.27633333333333,3.05,3.4,,,SCEDC,,A,78,0.18,SCSN,130,130,-1,130,skipped_resume,True,2016,282,data/scedc/event_phases/2016/2016_282/37712704.phase
37718752,scedc:37718752,2016-10-16T11:25:32.600000Z,32.29716666666667,-115.34533333333331,2.8,3.1,,,SCEDC,,A,43,0.26,SCSN,84,84,-1,84,skipped_resume,True,2016,290,data/scedc/event_phases/2016/2016_290/37718752.phase
37514831,scedc:37514831,2016-10-31T10:00:54.090000Z,33.1875,-115.56916666666666,3.19,3.1,,,SCEDC,,A,97,0.23,SCSN,118,118,-1,118,skipped_resume,True,2016,305,data/scedc/event_phases/2016/2016_305/37514831.phase
37514847,scedc:37514847,2016-10-31T10:15:19.510000Z,33.18666666666667,-115.56466666666668,3.2,3.0,,,SCEDC,,A,87,0.22,SCSN,120,120,-1,120,skipped_resume,True,2016,305,data/scedc/event_phases/2016/2016_305/37514847.phase
37514887,scedc:37514887,2016-10-31T10:41:51.210000Z,33.18866666666667,-115.563,2.68,3.0,,,SCEDC,,A,33,0.19,SCSN,121,121,-1,121,skipped_resume,True,2016,305,data/scedc/event_phases/2016/2016_305/37514887.phase
37515151,scedc:37515151,2016-10-31T17:17:07.090000Z,33.18516666666667,-115.565,3.25,3.1,,,SCEDC,,A,86,0.23,SCSN,120,120,-1,120,skipped_resume,True,2016,305,data/scedc/event_phases/2016/2016_305/37515151.phase
37515167,scedc:37515167,2016-10-31T17:26:24.960000Z,33.1845,-115.56833333333331,4.48,3.0,,,SCEDC,,A,97,0.24,SCSN,119,119,-1,119,skipped_resume,True,2016,305,data/scedc/event_phases/2016/2016_305/37515167.phase
37749920,scedc:37749920,2016-11-26T08:20:00.710000Z,32.748,-115.42366666666666,11.25,3.4,,,SCEDC,,A,72,0.25,SCSN,120,120,-1,120,skipped_resume,True,2016,331,data/scedc/event_phases/2016/2016_331/37749920.phase
37540863,scedc:37540863,2016-12-06T01:36:38.580000Z,32.13366666666667,-115.10133333333332,15.74,3.2,,,SCEDC,,A,46,0.24,SCSN,71,71,-1,71,skipped_resume,True,2016,341,data/scedc/event_phases/2016/2016_341/37540863.phase
37770624,scedc:37770624,2016-12-24T14:15:33.700000Z,34.3835,-119.75483333333334,10.27,3.1,,,SCEDC,,A,85,0.22,SCSN,131,131,-1,131,skipped_resume,True,2016,359,data/scedc/event_phases/2016/2016_359/37770624.phase
37775048,scedc:37775048,2016-12-31T21:49:30.510000Z,32.979166666666664,-115.54783333333332,9.64,3.3,,,SCEDC,,A,74,0.27,SCSN,119,119,-1,119,skipped_resume,True,2016,366,data/scedc/event_phases/2016/2016_366/37775048.phase
37775056,scedc:37775056,2016-12-31T21:49:38.970000Z,32.97266666666667,-115.53466666666668,3.92,3.3,,,SCEDC,,A,64,0.35,SCSN,120,120,-1,120,skipped_resume,True,2016,366,data/scedc/event_phases/2016/2016_366/37775056.phase
37775296,scedc:37775296,2016-12-31T22:41:26.530000Z,32.9745,-115.54833333333332,9.7,3.7,,,SCEDC,,A,85,0.25,SCSN,118,118,-1,118,skipped_resume,True,2016,366,data/scedc/event_phases/2016/2016_366/37775296.phase
37775304,scedc:37775304,2016-12-31T22:42:26.150000Z,32.971,-115.54983333333334,6.13,3.0,,,SCEDC,,A,30,0.27,SCSN,120,120,-1,120,skipped_resume,True,2016,366,data/scedc/event_phases/2016/2016_366/37775304.phase
37775432,scedc:37775432,2016-12-31T22:58:12.930000Z,32.977666666666664,-115.54516666666666,11.27,3.5,,,SCEDC,,A,86,0.25,SCSN,120,120,-1,120,skipped_resume,True,2016,366,data/scedc/event_phases/2016/2016_366/37775432.phase
37775504,scedc:37775504,2016-12-31T23:06:56.130000Z,32.975,-115.54583333333332,14.48,3.9,,,SCEDC,,A,94,0.27,SCSN,119,119,-1,119,skipped_resume,True,2016,366,data/scedc/event_phases/2016/2016_366/37775504.phase
37775608,scedc:37775608,2016-12-31T23:25:27.120000Z,32.974833333333336,-115.53883333333332,10.2,3.6,,,SCEDC,,A,90,0.29,SCSN,120,120,-1,120,skipped_resume,True,2016,366,data/scedc/event_phases/2016/2016_366/37775608.phase
37776080,scedc:37776080,2017-01-01T01:42:35.140000Z,32.978833333333334,-115.546,13.61,3.1,,,SCEDC,,A,90,0.27,SCSN,119,119,-1,119,skipped_resume,True,2017,1,data/scedc/event_phases/2017/2017_001/37776080.phase
37776336,scedc:37776336,2017-01-01T02:50:06.790000Z,32.977666666666664,-115.5455,11.34,3.1,,,SCEDC,,A,86,0.24,SCSN,117,117,-1,117,skipped_resume,True,2017,1,data/scedc/event_phases/2017/2017_001/37776336.phase
37781184,scedc:37781184,2017-01-06T06:55:09.270000Z,32.3835,-115.27116666666667,7.76,3.2,,,SCEDC,,A,47,0.39,SCSN,85,85,-1,85,skipped_resume,True,2017,6,data/scedc/event_phases/2017/2017_006/37781184.phase
37781192,scedc:37781192,2017-01-06T06:55:47.780000Z,32.401833333333336,-115.25383333333332,3.13,3.3,,,SCEDC,,A,45,0.34,SCSN,87,87,-1,87,skipped_resume,True,2017,6,data/scedc/event_phases/2017/2017_006/37781192.phase
37572335,scedc:37572335,2017-01-22T16:13:42.390000Z,32.2195,-115.21116666666668,19.12,3.3,,,SCEDC,,A,53,0.3,SCSN,74,74,-1,74,skipped_resume,True,2017,22,data/scedc/event_phases/2017/2017_022/37572335.phase
37578223,scedc:37578223,2017-02-05T08:09:01.030000Z,32.36216666666667,-115.3755,15.3,3.3,,,SCEDC,,A,53,0.29,SCSN,87,87,-1,87,skipped_resume,True,2017,36,data/scedc/event_phases/2017/2017_036/37578223.phase
37583871,scedc:37583871,2017-02-15T06:15:11.350000Z,35.203,-117.28083333333332,1.62,3.4,,,SCEDC,,A,77,0.15,SCSN,128,128,-1,128,skipped_resume,True,2017,46,data/scedc/event_phases/2017/2017_046/37583871.phase
37811048,scedc:37811048,2017-02-23T04:49:43.740000Z,34.39933333333333,-120.16233333333334,2.78,3.3,,,SCEDC,,A,68,0.21,SCSN,130,130,-1,130,skipped_resume,True,2017,54,data/scedc/event_phases/2017/2017_054/37811048.phase
37827296,scedc:37827296,2017-03-13T14:39:03.880000Z,35.917833333333334,-120.03633333333332,0.06,3.5,,,SCEDC,,A,40,0.26,SCSN,113,113,-1,113,skipped_resume,True,2017,72,data/scedc/event_phases/2017/2017_072/37827296.phase
37610567,scedc:37610567,2017-03-22T18:57:32.990000Z,32.225,-115.22783333333334,18.5,4.0,,,SCEDC,,A,40,0.31,SCSN,79,79,-1,79,skipped_resume,True,2017,81,data/scedc/event_phases/2017/2017_081/37610567.phase
37391405,scedc:37391405,2017-03-22T18:59:06.170000Z,32.224,-115.22383333333332,15.21,3.8,,,SCEDC,,A,40,0.25,SCSN,80,80,-1,80,skipped_resume,True,2017,81,data/scedc/event_phases/2017/2017_081/37391405.phase
37612991,scedc:37612991,2017-03-27T01:45:55.320000Z,36.16583333333333,-118.723,11.36,3.6,,,SCEDC,,A,47,0.18,SCSN,130,130,-1,130,skipped_resume,True,2017,86,data/scedc/event_phases/2017/2017_086/37612991.phase
37613935,scedc:37613935,2017-03-28T11:03:27.620000Z,32.943333333333335,-115.54416666666668,11.4,3.0,,,SCEDC,,A,89,0.25,SCSN,123,123,-1,123,skipped_resume,True,2017,87,data/scedc/event_phases/2017/2017_087/37613935.phase
37843824,scedc:37843824,2017-03-29T16:34:23.450000Z,32.02483333333333,-116.913,9.61,3.2,,,SCEDC,,A,51,0.21,SCSN,115,115,-1,115,skipped_resume,True,2017,88,data/scedc/event_phases/2017/2017_088/37843824.phase
37845672,scedc:37845672,2017-04-01T06:40:44.400000Z,32.5035,-116.97016666666669,12.11,3.5,,,SCEDC,,A,82,0.21,SCSN,112,112,-1,112,skipped_resume,True,2017,91,data/scedc/event_phases/2017/2017_091/37845672.phase
37854536,scedc:37854536,2017-04-11T07:27:02.130000Z,32.39783333333333,-115.26016666666666,6.43,3.3,,,SCEDC,,A,51,0.31,SCSN,90,90,-1,90,skipped_resume,True,2017,101,data/scedc/event_phases/2017/2017_101/37854536.phase
37865792,scedc:37865792,2017-04-24T17:41:24.670000Z,35.56783333333333,-118.33116666666666,2.76,3.1,,,SCEDC,,A,82,0.13,SCSN,128,128,-1,128,skipped_resume,True,2017,114,data/scedc/event_phases/2017/2017_114/37865792.phase
37636359,scedc:37636359,2017-04-29T17:07:00.020000Z,32.41283333333333,-115.232,9.39,3.7,,,SCEDC,,A,54,0.36,SCSN,91,91,-1,91,skipped_resume,True,2017,119,data/scedc/event_phases/2017/2017_119/37636359.phase
37646591,scedc:37646591,2017-05-16T18:19:38.310000Z,32.83133333333333,-115.60583333333334,11.96,3.0,,,SCEDC,,A,85,0.24,SCSN,120,120,-1,120,skipped_resume,True,2017,136,data/scedc/event_phases/2017/2017_136/37646591.phase
37646983,scedc:37646983,2017-05-17T04:42:25.330000Z,34.41916666666667,-120.00216666666668,2.25,4.1,,,SCEDC,,A,90,0.24,SCSN,126,126,-1,126,skipped_resume,True,2017,137,data/scedc/event_phases/2017/2017_137/37646983.phase
37646991,scedc:37646991,2017-05-17T04:43:29.160000Z,34.43233333333333,-119.99983333333331,1.78,3.0,,,SCEDC,,A,40,0.24,SCSN,129,129,-1,129,skipped_resume,True,2017,137,data/scedc/event_phases/2017/2017_137/37646991.phase
37654463,scedc:37654463,2017-05-25T15:22:53.550000Z,36.18116666666667,-117.846,2.38,3.4,,,SCEDC,,A,62,0.13,SCSN,133,134,-1,134,skipped_resume,True,2017,145,data/scedc/event_phases/2017/2017_145/37654463.phase
37654479,scedc:37654479,2017-05-25T15:42:51.500000Z,36.181333333333335,-117.8455,2.5,3.7,,,SCEDC,,A,59,0.15,SCSN,134,135,-1,135,skipped_resume,True,2017,145,data/scedc/event_phases/2017/2017_145/37654479.phase
37659863,scedc:37659863,2017-06-02T08:08:35.150000Z,33.869,-119.37983333333334,6.93,3.0,,,SCEDC,,A,88,0.27,SCSN,122,122,-1,122,skipped_resume,True,2017,153,data/scedc/event_phases/2017/2017_153/37659863.phase
37160164,scedc:37160164,2017-06-07T07:12:35.610000Z,33.88183333333333,-116.79883333333332,15.38,3.4,,,SCEDC,,A,53,0.12,SCSN,115,115,-1,115,skipped_resume,True,2017,158,data/scedc/event_phases/2017/2017_158/37160164.phase
37664623,scedc:37664623,2017-06-08T07:58:11.380000Z,36.00216666666667,-117.87383333333334,2.16,3.0,,,SCEDC,,A,85,0.14,SCSN,130,131,-1,131,skipped_resume,True,2017,159,data/scedc/event_phases/2017/2017_159/37664623.phase
37664663,scedc:37664663,2017-06-08T08:19:02.100000Z,36.00366666666667,-117.87416666666668,2.5,3.0,,,SCEDC,,A,76,0.15,SCSN,132,133,-1,133,skipped_resume,True,2017,159,data/scedc/event_phases/2017/2017_159/37664663.phase
37664695,scedc:37664695,2017-06-08T08:30:40.080000Z,36.004333333333335,-117.87433333333334,2.64,3.3,,,SCEDC,,A,79,0.12,SCSN,131,131,-1,131,skipped_resume,True,2017,159,data/scedc/event_phases/2017/2017_159/37664695.phase
37924848,scedc:37924848,2017-07-04T03:21:49.420000Z,32.345666666666666,-115.2015,18.69,3.0,,,SCEDC,,A,43,0.28,SCSN,85,85,-1,85,skipped_resume,True,2017,185,data/scedc/event_phases/2017/2017_185/37924848.phase
37706255,scedc:37706255,2017-07-18T12:32:37.140000Z,32.42066666666667,-115.27166666666666,4.08,3.3,,,SCEDC,,A,70,0.34,SCSN,94,94,-1,94,skipped_resume,True,2017,199,data/scedc/event_phases/2017/2017_199/37706255.phase
37726895,scedc:37726895,2017-08-07T08:34:01.370000Z,32.8155,-115.46416666666669,12.17,3.0,,,SCEDC,,A,70,0.29,SCSN,120,120,-1,120,skipped_resume,True,2017,219,data/scedc/event_phases/2017/2017_219/37726895.phase
37727007,scedc:37727007,2017-08-07T08:44:05.170000Z,32.81916666666667,-115.46616666666668,12.03,3.0,,,SCEDC,,A,72,0.29,SCSN,116,116,-1,116,skipped_resume,True,2017,219,data/scedc/event_phases/2017/2017_219/37727007.phase
37730783,scedc:37730783,2017-08-10T17:14:42.250000Z,32.81,-115.46033333333334,11.54,3.2,,,SCEDC,,A,83,0.29,SCSN,120,120,-1,120,skipped_resume,True,2017,222,data/scedc/event_phases/2017/2017_222/37730783.phase
37980632,scedc:37980632,2017-08-22T19:51:59.450000Z,35.904333333333334,-116.92233333333331,6.14,4.1,,,SCEDC,,A,76,0.15,SCSN,124,124,-1,124,skipped_resume,True,2017,234,data/scedc/event_phases/2017/2017_234/37980632.phase
37753607,scedc:37753607,2017-09-02T19:30:48.400000Z,36.00983333333333,-117.809,1.28,3.0,,,SCEDC,,A,68,0.15,SCSN,123,123,-1,123,skipped_resume,True,2017,245,data/scedc/event_phases/2017/2017_245/37753607.phase
38006480,scedc:38006480,2017-09-19T18:34:13.020000Z,36.019,-117.76733333333334,1.55,3.2,,,SCEDC,,A,64,0.15,SCSN,122,122,-1,122,skipped_resume,True,2017,262,data/scedc/event_phases/2017/2017_262/38006480.phase
38006496,scedc:38006496,2017-09-19T18:45:43.780000Z,36.019333333333336,-117.76983333333334,1.78,3.7,,,SCEDC,,A,79,0.15,SCSN,121,121,-1,121,skipped_resume,True,2017,262,data/scedc/event_phases/2017/2017_262/38006496.phase
38007544,scedc:38007544,2017-09-21T23:10:47.270000Z,32.383,-115.39716666666666,12.07,3.0,,,SCEDC,,A,54,0.25,SCSN,94,95,-1,95,skipped_resume,True,2017,264,data/scedc/event_phases/2017/2017_264/38007544.phase
38010488,scedc:38010488,2017-09-25T20:31:23.300000Z,32.22083333333333,-115.22083333333332,20.46,3.1,,,SCEDC,,A,71,0.29,SCSN,82,82,-1,82,skipped_resume,True,2017,268,data/scedc/event_phases/2017/2017_268/38010488.phase
38022776,scedc:38022776,2017-10-10T21:28:19.060000Z,32.9555,-115.53733333333334,11.57,3.1,,,SCEDC,,A,97,0.28,SCSN,117,117,-1,117,skipped_resume,True,2017,283,data/scedc/event_phases/2017/2017_283/38022776.phase
38029344,scedc:38029344,2017-10-21T18:33:49.620000Z,34.42,-120.0025,0.54,3.1,,,SCEDC,,A,84,0.28,SCSN,118,118,-1,118,skipped_resume,True,2017,294,data/scedc/event_phases/2017/2017_294/38029344.phase
38030504,scedc:38030504,2017-10-24T07:00:51.690000Z,33.159166666666664,-118.71783333333332,4.85,3.9,,,SCEDC,,C,79,0.26,SCSN,107,107,-1,107,skipped_resume,True,2017,297,data/scedc/event_phases/2017/2017_297/38030504.phase
38035912,scedc:38035912,2017-11-03T00:18:20.480000Z,32.215666666666664,-115.03883333333332,15.21,3.2,,,SCEDC,,A,46,0.22,SCSN,72,74,-1,74,skipped_resume,True,2017,307,data/scedc/event_phases/2017/2017_307/38035912.phase
37812447,scedc:37812447,2017-11-15T22:56:54.300000Z,32.0985,-116.6135,12.38,3.1,,,SCEDC,,A,91,0.17,SCSN,106,109,-1,109,skipped_resume,True,2017,319,data/scedc/event_phases/2017/2017_319/37812447.phase
37833503,scedc:37833503,2017-12-20T08:35:09.940000Z,36.00233333333333,-118.3965,3.28,3.0,,,SCEDC,,A,67,0.17,SCSN,121,123,-1,123,skipped_resume,True,2017,354,data/scedc/event_phases/2017/2017_354/37833503.phase
37837119,scedc:37837119,2017-12-25T06:42:57.930000Z,36.001,-118.39333333333332,4.32,3.1,,,SCEDC,,A,66,0.17,SCSN,121,121,-1,121,skipped_resume,True,2017,359,data/scedc/event_phases/2017/2017_359/37837119.phase
37848263,scedc:37848263,2018-01-07T01:31:11.150000Z,34.42,-120.0015,2.26,3.8,,,SCEDC,,A,92,0.24,SCSN,115,116,-1,116,skipped_resume,True,2018,7,data/scedc/event_phases/2018/2018_007/37848263.phase
38090568,scedc:38090568,2018-01-22T14:54:00.980000Z,34.7025,-116.23183333333331,3.01,3.0,,,SCEDC,,A,58,0.16,SCSN,123,125,-1,125,skipped_resume,True,2018,22,data/scedc/event_phases/2018/2018_022/38090568.phase
38099808,scedc:38099808,2018-02-05T06:43:14.930000Z,36.041,-119.746,22.25,3.3,,,SCEDC,,C,43,0.32,SCSN,116,116,-1,116,skipped_resume,True,2018,36,data/scedc/event_phases/2018/2018_036/38099808.phase
38109320,scedc:38109320,2018-02-15T11:35:24.050000Z,36.18033333333333,-117.851,1.9,3.3,,,SCEDC,,A,66,0.14,SCSN,126,126,-1,126,skipped_resume,True,2018,46,data/scedc/event_phases/2018/2018_046/38109320.phase
37890431,scedc:37890431,2018-03-08T08:08:29.670000Z,35.55883333333333,-120.8705,6.78,3.2,,,SCEDC,,A,56,0.21,SCSN,73,73,-1,73,skipped_resume,True,2018,67,data/scedc/event_phases/2018/2018_067/37890431.phase
37891767,scedc:37891767,2018-03-10T22:20:38.960000Z,32.210166666666666,-115.3225,15.41,3.1,,,SCEDC,,A,60,0.29,SCSN,83,84,-1,84,skipped_resume,True,2018,69,data/scedc/event_phases/2018/2018_069/37891767.phase
37898863,scedc:37898863,2018-03-22T22:57:55.810000Z,36.23283333333333,-117.5685,0.79,3.0,,,SCEDC,,A,78,0.15,SCSN,127,127,-1,127,skipped_resume,True,2018,81,data/scedc/event_phases/2018/2018_081/37898863.phase
37899039,scedc:37899039,2018-03-23T08:49:25.840000Z,35.3965,-117.825,7.67,3.1,,,SCEDC,,A,92,0.14,SCSN,123,123,-1,123,skipped_resume,True,2018,82,data/scedc/event_phases/2018/2018_082/37899039.phase
38161632,scedc:38161632,2018-05-01T11:53:03.230000Z,32.79833333333333,-118.4455,7.74,3.4,,,SCEDC,,A,64,0.32,SCSN,101,102,-1,102,skipped_resume,True,2018,121,data/scedc/event_phases/2018/2018_121/38161632.phase
38161664,scedc:38161664,2018-05-01T12:53:10.880000Z,32.783833333333334,-118.44466666666666,7.73,3.3,,,SCEDC,,A,46,0.29,SCSN,102,102,-1,102,skipped_resume,True,2018,121,data/scedc/event_phases/2018/2018_121/38161664.phase
38201136,scedc:38201136,2018-06-20T01:20:32.260000Z,34.946666666666665,-116.74133333333332,4.43,3.3,,,SCEDC,,A,76,0.14,SCSN,124,124,-1,124,skipped_resume,True,2018,171,data/scedc/event_phases/2018/2018_171/38201136.phase
37272194,scedc:37272194,2018-06-30T06:44:01.120000Z,34.94083333333333,-116.66016666666668,9.44,3.1,,,SCEDC,,A,63,0.15,SCSN,127,127,-1,127,skipped_resume,True,2018,181,data/scedc/event_phases/2018/2018_181/37272194.phase
37272234,scedc:37272234,2018-06-30T08:14:15.030000Z,34.942,-116.65866666666666,8.18,3.1,,,SCEDC,,A,61,0.15,SCSN,126,126,-1,126,skipped_resume,True,2018,181,data/scedc/event_phases/2018/2018_181/37272234.phase
37274218,scedc:37274218,2018-07-03T22:10:38.970000Z,32.01716666666667,-114.98366666666666,19.11,3.1,,,SCEDC,,B,47,0.3,SCSN,63,63,-1,63,skipped_resume,True,2018,184,data/scedc/event_phases/2018/2018_184/37274218.phase
37274818,scedc:37274818,2018-07-05T15:17:37.410000Z,35.898833333333336,-115.76066666666668,1.99,4.6,,,SCEDC,,A,70,0.15,SCSN,94,94,-1,94,skipped_resume,True,2018,186,data/scedc/event_phases/2018/2018_186/37274818.phase
37275802,scedc:37275802,2018-07-07T15:37:03.560000Z,34.80283333333333,-116.27883333333334,3.14,3.6,,,SCEDC,,A,68,0.16,SCSN,123,123,-1,123,skipped_resume,True,2018,188,data/scedc/event_phases/2018/2018_188/37275802.phase
38043735,scedc:38043735,2018-09-01T12:19:54.550000Z,32.088166666666666,-115.023,20.0,4.0,,,SCEDC,,B,51,0.32,SCSN,62,63,-1,63,skipped_resume,True,2018,244,data/scedc/event_phases/2018/2018_244/38043735.phase
38064031,scedc:38064031,2018-09-18T01:07:03.500000Z,32.320166666666665,-115.22083333333332,25.99,3.1,,,SCEDC,,A,50,0.35,SCSN,87,87,-1,87,skipped_resume,True,2018,261,data/scedc/event_phases/2018/2018_261/38064031.phase
37372850,scedc:37372850,2018-09-28T15:13:57.000000Z,35.777166666666666,-118.2445,8.87,3.2,,,SCEDC,,A,81,0.13,SCSN,120,120,-1,120,skipped_resume,True,2018,271,data/scedc/event_phases/2018/2018_271/37372850.phase
37373442,scedc:37373442,2018-09-29T02:17:46.720000Z,32.34766666666667,-115.184,28.67,4.4,,,SCEDC,,A,67,0.29,SCSN,87,88,-1,88,skipped_resume,True,2018,272,data/scedc/event_phases/2018/2018_272/37373442.phase
38315368,scedc:38315368,2018-10-04T17:58:26.540000Z,32.73766666666667,-118.30266666666668,12.97,3.3,,,SCEDC,,A,51,0.28,SCSN,99,99,-1,99,skipped_resume,True,2018,277,data/scedc/event_phases/2018/2018_277/38315368.phase
38315504,scedc:38315504,2018-10-04T18:14:29.530000Z,32.734833333333334,-118.30083333333332,10.45,3.0,,,SCEDC,,A,60,0.21,SCSN,99,99,-1,99,skipped_resume,True,2018,277,data/scedc/event_phases/2018/2018_277/38315504.phase
38317720,scedc:38317720,2018-10-08T21:25:02.190000Z,36.0675,-118.0,2.92,3.2,,,SCEDC,,A,93,0.15,SCSN,122,122,-1,122,skipped_resume,True,2018,281,data/scedc/event_phases/2018/2018_281/38317720.phase
38317760,scedc:38317760,2018-10-08T21:44:12.640000Z,34.395,-119.23183333333331,2.65,3.0,,,SCEDC,,A,90,0.32,SCSN,111,111,-1,111,skipped_resume,True,2018,281,data/scedc/event_phases/2018/2018_281/38317760.phase
37390754,scedc:37390754,2018-10-14T08:01:43.520000Z,32.16283333333333,-115.05966666666669,19.15,3.3,,,SCEDC,,B,43,0.36,SCSN,76,77,-1,77,skipped_resume,True,2018,287,data/scedc/event_phases/2018/2018_287/37390754.phase
37407226,scedc:37407226,2018-10-29T05:22:12.190000Z,36.076,-120.641,5.35,3.3,,,SCEDC,,C,27,0.45,SCSN,66,66,-1,66,skipped_resume,True,2018,302,data/scedc/event_phases/2018/2018_302/37407226.phase
38351080,scedc:38351080,2018-11-06T06:35:51.550000Z,36.147666666666666,-118.0665,0.59,3.5,,,SCEDC,,A,64,0.17,SCSN,122,122,-1,122,skipped_resume,True,2018,310,data/scedc/event_phases/2018/2018_310/38351080.phase
38354872,scedc:38354872,2018-11-09T04:12:24.100000Z,35.22666666666667,-118.87583333333332,14.06,3.0,,,SCEDC,,A,85,0.19,SCSN,108,109,-1,109,skipped_resume,True,2018,313,data/scedc/event_phases/2018/2018_313/38354872.phase
38354928,scedc:38354928,2018-11-09T05:57:06.020000Z,32.38433333333333,-115.23983333333334,12.13,3.3,,,SCEDC,,A,57,0.38,SCSN,94,94,-1,94,skipped_resume,True,2018,313,data/scedc/event_phases/2018/2018_313/38354928.phase
38138175,scedc:38138175,2018-11-19T20:18:42.510000Z,32.2065,-115.2535,10.95,4.8,,,SCEDC,,C,58,0.38,SCSN,89,89,-1,89,skipped_resume,True,2018,323,data/scedc/event_phases/2018/2018_323/38138175.phase
38138183,scedc:38138183,2018-11-19T20:25:01.260000Z,32.2325,-115.251,21.33,3.2,,,SCEDC,,A,46,0.29,SCSN,89,89,-1,89,skipped_resume,True,2018,323,data/scedc/event_phases/2018/2018_323/38138183.phase
38138415,scedc:38138415,2018-11-19T23:49:15.230000Z,32.20733333333333,-115.226,18.63,3.5,,,SCEDC,,A,57,0.37,SCSN,86,86,-1,86,skipped_resume,True,2018,323,data/scedc/event_phases/2018/2018_323/38138415.phase
38138431,scedc:38138431,2018-11-19T23:51:18.840000Z,32.215,-115.23216666666669,19.65,3.3,,,SCEDC,,A,53,0.32,SCSN,88,88,-1,88,skipped_resume,True,2018,323,data/scedc/event_phases/2018/2018_323/38138431.phase
38146343,scedc:38146343,2018-11-27T13:07:13.480000Z,36.09033333333333,-120.15883333333332,10.22,4.0,,,SCEDC,,A,57,0.29,SCSN,97,97,-1,97,skipped_resume,True,2018,331,data/scedc/event_phases/2018/2018_331/38146343.phase
38404744,scedc:38404744,2018-12-23T18:04:34.570000Z,34.851,-120.39633333333332,1.42,3.2,,,SCEDC,,A,79,0.2,SCSN,108,108,-1,108,skipped_resume,True,2018,357,data/scedc/event_phases/2018/2018_357/38404744.phase
38207119,scedc:38207119,2019-01-27T11:10:49.270000Z,34.2715,-119.582,0.74,3.1,,,SCEDC,,A,83,0.26,SCSN,110,110,-1,110,skipped_resume,True,2019,27,data/scedc/event_phases/2019/2019_027/38207119.phase
38213159,scedc:38213159,2019-01-31T03:13:36.090000Z,35.365,-117.87083333333334,2.65,3.2,,,SCEDC,,A,99,0.19,SCSN,119,119,-1,119,skipped_resume,True,2019,31,data/scedc/event_phases/2019/2019_031/38213159.phase
38216855,scedc:38216855,2019-02-02T20:19:17.400000Z,32.770833333333336,-118.34633333333332,1.77,3.4,,,SCEDC,,B,44,0.33,SCSN,100,100,-1,100,skipped_resume,True,2019,33,data/scedc/event_phases/2019/2019_033/38216855.phase
37522578,scedc:37522578,2019-02-06T21:07:52.710000Z,32.26766666666666,-115.09933333333332,24.8,3.3,,,SCEDC,,A,46,0.28,SCSN,87,87,-1,87,skipped_resume,True,2019,37,data/scedc/event_phases/2019/2019_037/37522578.phase
37522954,scedc:37522954,2019-02-07T05:34:58.360000Z,32.799,-118.33666666666667,8.71,3.0,,,SCEDC,,A,77,0.27,SCSN,100,100,-1,100,skipped_resume,True,2019,38,data/scedc/event_phases/2019/2019_038/37522954.phase
38277999,scedc:38277999,2019-03-20T12:06:02.360000Z,36.068,-117.68533333333332,0.19,3.2,,,SCEDC,,A,74,0.2,SCSN,124,124,-1,124,skipped_resume,True,2019,79,data/scedc/event_phases/2019/2019_079/38277999.phase
37607530,scedc:37607530,2019-04-05T17:52:32.910000Z,35.864,-120.4115,8.58,3.6,,,SCEDC,,A,52,0.22,SCSN,105,105,-1,105,skipped_resume,True,2019,95,data/scedc/event_phases/2019/2019_095/37607530.phase
38544608,scedc:38544608,2019-04-13T00:39:16.480000Z,32.20366666666666,-115.255,19.65,3.1,,,SCEDC,,A,65,0.31,SCSN,88,88,-1,88,skipped_resume,True,2019,103,data/scedc/event_phases/2019/2019_103/38544608.phase
38338687,scedc:38338687,2019-04-30T15:13:20.970000Z,32.117666666666665,-115.05933333333331,19.46,3.0,,,SCEDC,,A,46,0.24,SCSN,73,73,-1,73,skipped_resume,True,2019,120,data/scedc/event_phases/2019/2019_120/38338687.phase
38338823,scedc:38338823,2019-04-30T16:46:06.850000Z,32.11216666666667,-115.05566666666668,19.63,3.3,,,SCEDC,,A,42,0.3,SCSN,70,70,-1,70,skipped_resume,True,2019,120,data/scedc/event_phases/2019/2019_120/38338823.phase
38339119,scedc:38339119,2019-04-30T20:31:24.160000Z,32.113,-115.05483333333332,19.26,3.3,,,SCEDC,,A,43,0.28,SCSN,71,71,-1,71,skipped_resume,True,2019,120,data/scedc/event_phases/2019/2019_120/38339119.phase
37418485,scedc:37418485,2019-04-30T20:32:28.830000Z,32.1195,-115.07083333333334,18.83,3.3,,,SCEDC,,A,44,0.35,SCSN,73,73,-1,73,skipped_resume,True,2019,120,data/scedc/event_phases/2019/2019_120/37418485.phase
38343375,scedc:38343375,2019-05-03T04:11:18.400000Z,33.8195,-119.30383333333332,5.89,3.0,,,SCEDC,,C,98,0.26,SCSN,105,106,-1,106,skipped_resume,True,2019,123,data/scedc/event_phases/2019/2019_123/38343375.phase
38343471,scedc:38343471,2019-05-03T05:22:38.610000Z,35.55,-120.808,4.34,3.3,,,SCEDC,,C,84,0.37,SCSN,81,82,-1,82,skipped_resume,True,2019,123,data/scedc/event_phases/2019/2019_123/38343471.phase
38592680,scedc:38592680,2019-05-13T20:45:26.940000Z,36.1205,-117.67016666666666,2.15,3.1,,,SCEDC,,A,88,0.17,SCSN,118,119,-1,119,skipped_resume,True,2019,133,data/scedc/event_phases/2019/2019_133/38592680.phase
38601472,scedc:38601472,2019-05-22T06:53:56.260000Z,36.119166666666665,-117.6705,2.14,3.3,,,SCEDC,,A,84,0.16,SCSN,119,119,-1,119,skipped_resume,True,2019,142,data/scedc/event_phases/2019/2019_142/38601472.phase
38624056,scedc:38624056,2019-06-05T10:47:18.800000Z,32.822833333333335,-118.48283333333332,8.38,4.3,,,SCEDC,,A,88,0.26,SCSN,93,93,-1,93,skipped_resume,True,2019,156,data/scedc/event_phases/2019/2019_156/38624056.phase
38624424,scedc:38624424,2019-06-05T14:32:09.580000Z,32.837666666666664,-118.50316666666669,8.4,4.3,,,SCEDC,,A,59,0.26,SCSN,94,94,-1,94,skipped_resume,True,2019,156,data/scedc/event_phases/2019/2019_156/38624424.phase
38626504,scedc:38626504,2019-06-06T11:25:36.310000Z,32.839166666666664,-118.47533333333334,7.56,3.5,,,SCEDC,,A,62,0.29,SCSN,94,94,-1,94,skipped_resume,True,2019,157,data/scedc/event_phases/2019/2019_157/38626504.phase
38644688,scedc:38644688,2019-06-16T01:48:53.270000Z,36.11416666666667,-117.673,2.44,3.3,,,SCEDC,,A,80,0.15,SCSN,119,120,-1,120,skipped_resume,True,2019,167,data/scedc/event_phases/2019/2019_167/38644688.phase
38422639,scedc:38422639,2019-06-19T23:57:44.990000Z,34.989666666666665,-116.459,1.57,3.2,,,SCEDC,,A,74,0.1,SCSN,124,124,-1,124,skipped_resume,True,2019,170,data/scedc/event_phases/2019/2019_170/38422639.phase
38432527,scedc:38432527,2019-06-27T06:21:20.510000Z,32.2795,-115.22633333333332,27.03,3.2,,,SCEDC,,A,64,0.34,SCSN,88,88,-1,88,skipped_resume,True,2019,178,data/scedc/event_phases/2019/2019_178/38432527.phase
38443191,scedc:38443191,2019-07-04T17:35:01.660000Z,35.644,-117.56716666666668,4.64,4.5,,,SCEDC,,A,69,0.15,SCSN,117,119,-1,119,skipped_resume,True,2019,185,data/scedc/event_phases/2019/2019_185/38443191.phase
37255940,scedc:37255940,2019-07-04T17:35:17.430000Z,35.68866666666667,-117.474,6.48,3.9,,,SCEDC,,A,22,0.15,SCSN,115,117,-1,117,skipped_resume,True,2019,185,data/scedc/event_phases/2019/2019_185/37255940.phase
37222356,scedc:37222356,2019-07-04T17:35:46.340000Z,35.693666666666665,-117.437,7.65,3.6,,,SCEDC,,B,19,0.14,SCSN,116,118,-1,118,skipped_resume,True,2019,185,data/scedc/event_phases/2019/2019_185/37222356.phase
37218988,scedc:37218988,2019-07-04T17:35:52.170000Z,35.687,-117.50616666666669,1.6,4.3,,,SCEDC,,A,46,0.15,SCSN,117,119,-1,119,skipped_resume,True,2019,185,data/scedc/event_phases/2019/2019_185/37218988.phase
37255980,scedc:37255980,2019-07-04T17:36:04.360000Z,35.73416666666667,-117.57416666666668,6.41,3.9,,,SCEDC,,A,21,0.19,SCSN,117,119,-1,119,skipped_resume,True,2019,185,data/scedc/event_phases/2019/2019_185/37255980.phase
37222380,scedc:37222380,2019-07-04T17:36:58.950000Z,35.725833333333334,-117.55933333333331,5.3,3.4,,,SCEDC,,A,27,0.11,SCSN,117,119,-1,119,skipped_resume,True,2019,185,data/scedc/event_phases/2019/2019_185/37222380.phase
37222372,scedc:37222372,2019-07-04T17:37:01.140000Z,35.7105,-117.47733333333332,1.57,3.7,,,SCEDC,,A,32,0.12,SCSN,117,119,-1,119,skipped_resume,True,2019,185,data/scedc/event_phases/2019/2019_185/37222372.phase
37222364,scedc:37222364,2019-07-04T17:37:14.850000Z,35.6655,-117.516,1.64,4.0,,,SCEDC,,A,37,0.16,SCSN,117,119,-1,119,skipped_resume,True,2019,185,data/scedc/event_phases/2019/2019_185/37222364.phase
37218996,scedc:37218996,2019-07-04T17:37:25.640000Z,35.67583333333333,-117.4575,15.82,4.0,,,SCEDC,,A,38,0.22,SCSN,115,117,-1,117,skipped_resume,True,2019,185,data/scedc/event_phases/2019/2019_185/37218996.phase
37259580,scedc:37259580,2019-07-04T17:37:46.320000Z,35.68116666666667,-117.52616666666668,6.83,3.2,,,SCEDC,,A,8,0.11,SCSN,117,119,-1,119,skipped_resume,True,2019,185,data/scedc/event_phases/2019/2019_185/37259580.phase
38443199,scedc:38443199,2019-07-04T17:37:55.500000Z,35.745666666666665,-117.55166666666666,8.29,3.9,,,SCEDC,,A,55,0.13,SCSN,117,119,-1,119,skipped_resume,True,2019,185,data/scedc/event_phases/2019/2019_185/38443199.phase
37421941,scedc:37421941,2019-07-04T17:38:21.450000Z,35.714,-117.476,1.74,3.7,,,SCEDC,,A,40,0.16,SCSN,118,119,-1,119,skipped_resume,True,2019,185,data/scedc/event_phases/2019/2019_185/37421941.phase
37222396,scedc:37222396,2019-07-04T17:38:47.760000Z,35.6235,-117.596,8.55,3.5,,,SCEDC,,A,40,0.14,SCSN,118,119,-1,119,skipped_resume,True,2019,185,data/scedc/event_phases/2019/2019_185/37222396.phase
37256196,scedc:37256196,2019-07-04T17:38:57.260000Z,35.66983333333334,-117.5295,1.87,3.4,,,SCEDC,,A,13,0.12,SCSN,118,119,-1,119,skipped_resume,True,2019,185,data/scedc/event_phases/2019/2019_185/37256196.phase
37259588,scedc:37259588,2019-07-04T17:39:05.120000Z,35.716833333333334,-117.66616666666668,5.17,3.3,,,SCEDC,,A,11,0.1,SCSN,118,119,-1,119,skipped_resume,True,2019,185,data/scedc/event_phases/2019/2019_185/37259588.phase
37259612,scedc:37259612,2019-07-04T17:39:14.620000Z,35.6215,-117.5945,8.82,3.0,,,SCEDC,,A,16,0.14,SCSN,115,117,-1,117,skipped_resume,True,2019,185,data/scedc/event_phases/2019/2019_185/37259612.phase
37222404,scedc:37222404,2019-07-04T17:39:33.310000Z,35.574333333333335,-117.63666666666668,6.85,3.1,,,SCEDC,,A,9,0.07,SCSN,116,118,-1,118,skipped_resume,True,2019,185,data/scedc/event_phases/2019/2019_185/37222404.phase
38443215,scedc:38443215,2019-07-04T17:39:35.360000Z,35.687666666666665,-117.49316666666668,10.96,3.7,,,SCEDC,,A,60,0.16,SCSN,117,119,-1,119,skipped_resume,True,2019,185,data/scedc/event_phases/2019/2019_185/38443215.phase
37259660,scedc:37259660,2019-07-04T17:39:51.740000Z,35.6715,-117.54533333333332,2.27,3.1,,,SCEDC,,B,10,0.23,SCSN,117,119,-1,119,skipped_resume,True,2019,185,data/scedc/event_phases/2019/2019_185/37259660.phase
38443223,scedc:38443223,2019-07-04T17:40:02.250000Z,35.72533333333333,-117.57083333333334,6.63,3.8,,,SCEDC,,A,60,0.16,SCSN,117,119,-1,119,skipped_resume,True,2019,185,data/scedc/event_phases/2019/2019_185/38443223.phase
38443231,scedc:38443231,2019-07-04T17:40:18.520000Z,35.707,-117.51016666666666,8.66,4.1,,,SCEDC,,A,65,0.16,SCSN,116,118,-1,118,skipped_resume,True,2019,185,data/scedc/event_phases/2019/2019_185/38443231.phase
37222508,scedc:37222508,2019-07-04T17:40:34.900000Z,35.694833333333335,-117.50183333333334,2.04,3.5,,,SCEDC,,A,18,0.1,SCSN,117,118,-1,118,skipped_resume,True,2019,185,data/scedc/event_phases/2019/2019_185/37222508.phase
37222516,scedc:37222516,2019-07-04T17:40:46.140000Z,35.72983333333333,-117.55483333333332,7.72,3.4,,,SCEDC,,A,22,0.16,SCSN,118,119,-1,119,skipped_resume,True,2019,185,data/scedc/event_phases/2019/2019_185/37222516.phase
37259692,scedc:37259692,2019-07-04T17:40:51.720000Z,35.6805,-117.47433333333332,7.09,3.1,,,SCEDC,,C,9,0.23,SCSN,118,119,-1,119,skipped_resume,True,2019,185,data/scedc/event_phases/2019/2019_185/37259692.phase
37421957,scedc:37421957,2019-07-04T17:41:20.850000Z,35.72666666666667,-117.52883333333334,1.97,3.3,,,SCEDC,,A,41,0.24,SCSN,117,119,-1,119,skipped_resume,True,2019,185,data/scedc/event_phases/2019/2019_185/37421957.phase
37421973,scedc:37421973,2019-07-04T17:41:43.580000Z,35.60483333333333,-117.58433333333332,7.3,3.2,,,SCEDC,,A,28,0.18,SCSN,116,118,-1,118,skipped_resume,True,2019,185,data/scedc/event_phases/2019/2019_185/37421973.phase
37421965,scedc:37421965,2019-07-04T17:42:21.920000Z,35.57666666666667,-117.63866666666668,6.89,3.2,,,SCEDC,,A,45,0.19,SCSN,115,117,-1,117,skipped_resume,True,2019,185,data/scedc/event_phases/2019/2019_185/37421965.phase
38443239,scedc:38443239,2019-07-04T17:42:54.130000Z,35.73016666666667,-117.55866666666668,7.84,3.2,,,SCEDC,,A,72,0.16,SCSN,117,119,-1,119,skipped_resume,True,2019,185,data/scedc/event_phases/2019/2019_185/38443239.phase
37421925,scedc:37421925,2019-07-04T17:43:29.600000Z,35.654833333333336,-117.5405,9.57,3.5,,,SCEDC,,A,55,0.19,SCSN,117,119,-1,119,skipped_resume,True,2019,185,data/scedc/event_phases/2019/2019_185/37421925.phase
37421933,scedc:37421933,2019-07-04T17:43:49.220000Z,35.74583333333333,-117.53466666666668,6.35,3.2,,,SCEDC,,A,43,0.18,SCSN,117,119,-1,119,skipped_resume,True,2019,185,data/scedc/event_phases/2019/2019_185/37421933.phase
37421997,scedc:37421997,2019-07-04T17:45:05.780000Z,35.69766666666666,-117.4865,2.24,3.0,,,SCEDC,,A,31,0.12,SCSN,118,119,-1,119,skipped_resume,True,2019,185,data/scedc/event_phases/2019/2019_185/37421997.phase
37421989,scedc:37421989,2019-07-04T17:45:23.950000Z,35.71516666666667,-117.54733333333331,7.21,3.0,,,SCEDC,,A,27,0.12,SCSN,117,119,-1,119,skipped_resume,True,2019,185,data/scedc/event_phases/2019/2019_185/37421989.phase
37222524,scedc:37222524,2019-07-04T17:45:28.630000Z,35.734833333333334,-117.53683333333332,10.34,3.2,,,SCEDC,,A,24,0.16,SCSN,117,119,-1,119,skipped_resume,True,2019,185,data/scedc/event_phases/2019/2019_185/37222524.phase
38443263,scedc:38443263,2019-07-04T17:46:03.710000Z,35.643166666666666,-117.61016666666669,10.14,3.0,,,SCEDC,,A,54,0.13,SCSN,116,117,-1,117,skipped_resume,True,2019,185,data/scedc/event_phases/2019/2019_185/38443263.phase
38443271,scedc:38443271,2019-07-04T17:46:49.960000Z,35.6385,-117.61083333333332,10.97,3.1,,,SCEDC,,A,64,0.15,SCSN,118,119,-1,119,skipped_resume,True,2019,185,data/scedc/event_phases/2019/2019_185/38443271.phase
38443279,scedc:38443279,2019-07-04T17:47:17.810000Z,35.7455,-117.5465,7.11,3.5,,,SCEDC,,A,87,0.15,SCSN,118,119,-1,119,skipped_resume,True,2019,185,data/scedc/event_phases/2019/2019_185/38443279.phase
37222548,scedc:37222548,2019-07-04T17:47:40.970000Z,35.726,-117.5585,3.58,3.1,,,SCEDC,,A,42,0.17,SCSN,117,118,-1,118,skipped_resume,True,2019,185,data/scedc/event_phases/2019/2019_185/37222548.phase
37222556,scedc:37222556,2019-07-04T17:47:54.970000Z,35.72866666666667,-117.56066666666666,5.25,3.4,,,SCEDC,,A,49,0.16,SCSN,117,119,-1,119,skipped_resume,True,2019,185,data/scedc/event_phases/2019/2019_185/37222556.phase
37222564,scedc:37222564,2019-07-04T17:48:03.160000Z,35.6365,-117.55183333333332,6.62,3.3,,,SCEDC,,A,22,0.16,SCSN,117,119,-1,119,skipped_resume,True,2019,185,data/scedc/event_phases/2019/2019_185/37222564.phase
37222572,scedc:37222572,2019-07-04T17:48:15.680000Z,35.705333333333336,-117.5245,5.52,3.1,,,SCEDC,,C,25,0.26,SCSN,117,119,-1,119,skipped_resume,True,2019,185,data/scedc/event_phases/2019/2019_185/37222572.phase
37222580,scedc:37222580,2019-07-04T17:48:24.150000Z,35.659333333333336,-117.52633333333333,2.68,3.0,,,SCEDC,,A,25,0.17,SCSN,118,119,-1,119,skipped_resume,True,2019,185,data/scedc/event_phases/2019/2019_185/37222580.phase
38443287,scedc:38443287,2019-07-04T17:51:46.650000Z,35.674,-117.5235,5.3,3.5,,,SCEDC,,A,48,0.14,SCSN,118,119,-1,119,skipped_resume,True,2019,185,data/scedc/event_phases/2019/2019_185/38443287.phase
38443311,scedc:38443311,2019-07-04T17:57:31.460000Z,35.6595,-117.52233333333334,2.3,3.0,,,SCEDC,,A,52,0.12,SCSN,116,118,-1,118,skipped_resume,True,2019,185,data/scedc/event_phases/2019/2019_185/38443311.phase
38443319,scedc:38443319,2019-07-04T17:58:02.640000Z,35.702,-117.50833333333334,4.77,3.3,,,SCEDC,,A,72,0.16,SCSN,117,119,-1,119,skipped_resume,True,2019,185,data/scedc/event_phases/2019/2019_185/38443319.phase
37422005,scedc:37422005,2019-07-04T18:01:23.180000Z,35.687666666666665,-117.5085,1.26,3.5,,,SCEDC,,A,55,0.16,SCSN,117,118,-1,118,skipped_resume,True,2019,185,data/scedc/event_phases/2019/2019_185/37422005.phase
37223156,scedc:37223156,2019-07-04T18:01:31.230000Z,35.597833333333334,-117.5905,6.79,3.4,,,SCEDC,,A,37,0.17,SCSN,115,117,-1,117,skipped_resume,True,2019,185,data/scedc/event_phases/2019/2019_185/37223156.phase
38443383,scedc:38443383,2019-07-04T18:06:16.110000Z,35.660666666666664,-117.523,2.14,3.8,,,SCEDC,,A,87,0.16,SCSN,116,118,-1,118,skipped_resume,True,2019,185,data/scedc/event_phases/2019/2019_185/38443383.phase
38443391,scedc:38443391,2019-07-04T18:07:09.270000Z,35.59916666666667,-117.61016666666669,2.12,3.5,,,SCEDC,,A,72,0.18,SCSN,114,116,-1,116,skipped_resume,True,2019,185,data/scedc/event_phases/2019/2019_185/38443391.phase
37223244,scedc:37223244,2019-07-04T18:07:10.910000Z,35.65083333333333,-117.542,2.77,3.5,,,SCEDC,,A,18,0.12,SCSN,116,118,-1,118,skipped_resume,True,2019,185,data/scedc/event_phases/2019/2019_185/37223244.phase
37259964,scedc:37259964,2019-07-04T18:07:20.290000Z,35.56883333333333,-117.6365,6.67,3.0,,,SCEDC,,A,21,0.2,SCSN,114,116,-1,116,skipped_resume,True,2019,185,data/scedc/event_phases/2019/2019_185/37259964.phase
38443407,scedc:38443407,2019-07-04T18:08:33.160000Z,35.667833333333334,-117.50616666666669,2.27,3.4,,,SCEDC,,A,55,0.15,SCSN,117,118,-1,118,skipped_resume,True,2019,185,data/scedc/event_phases/2019/2019_185/38443407.phase
37223308,scedc:37223308,2019-07-04T18:08:45.070000Z,35.71083333333333,-117.47683333333332,1.17,3.6,,,SCEDC,,A,46,0.16,SCSN,116,117,-1,117,skipped_resume,True,2019,185,data/scedc/event_phases/2019/2019_185/37223308.phase
38443415,scedc:38443415,2019-07-04T18:10:32.710000Z,35.65983333333333,-117.53483333333334,10.25,3.5,,,SCEDC,,A,79,0.14,SCSN,117,118,-1,118,skipped_resume,True,2019,185,data/scedc/event_phases/2019/2019_185/38443415.phase
38443431,scedc:38443431,2019-07-04T18:12:52.070000Z,35.67033333333333,-117.5605,6.91,3.4,,,SCEDC,,A,71,0.14,SCSN,116,117,-1,117,skipped_resume,True,2019,185,data/scedc/event_phases/2019/2019_185/38443431.phase
38443439,scedc:38443439,2019-07-04T18:13:51.400000Z,35.70816666666666,-117.485,6.44,3.5,,,SCEDC,,A,48,0.16,SCSN,116,118,-1,118,skipped_resume,True,2019,185,data/scedc/event_phases/2019/2019_185/38443439.phase
37420701,scedc:37420701,2019-07-04T18:15:12.820000Z,35.66916666666667,-117.52033333333333,1.84,3.2,,,SCEDC,,A,45,0.2,SCSN,116,117,-1,117,skipped_resume,True,2019,185,data/scedc/event_phases/2019/2019_185/37420701.phase
37223676,scedc:37223676,2019-07-04T18:18:52.070000Z,35.61233333333333,-117.624,0.0,3.0,,,SCEDC,,A,18,0.23,SCSN,116,116,-1,116,skipped_resume,True,2019,185,data/scedc/event_phases/2019/2019_185/37223676.phase
38443519,scedc:38443519,2019-07-04T18:26:03.750000Z,35.663833333333336,-117.5245,2.53,3.1,,,SCEDC,,A,79,0.13,SCSN,116,118,-1,118,skipped_resume,True,2019,185,data/scedc/event_phases/2019/2019_185/38443519.phase
38443527,scedc:38443527,2019-07-04T18:27:26.770000Z,35.67483333333333,-117.51433333333334,2.68,3.3,,,SCEDC,,A,74,0.13,SCSN,117,118,-1,118,skipped_resume,True,2019,185,data/scedc/event_phases/2019/2019_185/38443527.phase
38443543,scedc:38443543,2019-07-04T18:28:43.640000Z,35.66616666666667,-117.56566666666669,7.14,3.8,,,SCEDC,,A,78,0.13,SCSN,117,118,-1,118,skipped_resume,True,2019,185,data/scedc/event_phases/2019/2019_185/38443543.phase
37229300,scedc:37229300,2019-07-04T18:35:50.890000Z,35.60216666666667,-117.603,4.21,3.0,,,SCEDC,,A,43,0.19,SCSN,116,117,-1,117,skipped_resume,True,2019,185,data/scedc/event_phases/2019/2019_185/37229300.phase
38443607,scedc:38443607,2019-07-04T18:39:44.440000Z,35.601333333333336,-117.597,2.81,4.6,,,SCEDC,,A,80,0.14,SCSN,117,118,-1,118,skipped_resume,True,2019,185,data/scedc/event_phases/2019/2019_185/38443607.phase
37224612,scedc:37224612,2019-07-04T18:40:56.740000Z,35.652,-117.53683333333332,2.03,3.1,,,SCEDC,,A,41,0.12,SCSN,117,117,-1,117,skipped_resume,True,2019,185,data/scedc/event_phases/2019/2019_185/37224612.phase
38443615,scedc:38443615,2019-07-04T18:41:14.270000Z,35.67633333333333,-117.5115,2.13,3.1,,,SCEDC,,A,46,0.15,SCSN,116,116,-1,116,skipped_resume,True,2019,185,data/scedc/event_phases/2019/2019_185/38443615.phase
37421213,scedc:37421213,2019-07-04T18:47:22.600000Z,35.6755,-117.472,10.27,4.0,,,SCEDC,,A,30,0.17,SCSN,116,117,-1,117,skipped_resume,True,2019,185,data/scedc/event_phases/2019/2019_185/37421213.phase
37230556,scedc:37230556,2019-07-04T18:47:44.310000Z,35.687666666666665,-117.51466666666668,7.87,3.3,,,SCEDC,,A,24,0.18,SCSN,117,118,-1,118,skipped_resume,True,2019,185,data/scedc/event_phases/2019/2019_185/37230556.phase
37230564,scedc:37230564,2019-07-04T18:47:59.170000Z,35.670833333333334,-117.46866666666666,10.52,3.2,,,SCEDC,,A,33,0.15,SCSN,117,118,-1,118,skipped_resume,True,2019,185,data/scedc/event_phases/2019/2019_185/37230564.phase
38443671,scedc:38443671,2019-07-04T18:50:15.910000Z,35.682,-117.49616666666668,1.26,3.7,,,SCEDC,,A,85,0.19,SCSN,117,119,-1,119,skipped_resume,True,2019,185,data/scedc/event_phases/2019/2019_185/38443671.phase
37230836,scedc:37230836,2019-07-04T18:53:03.340000Z,35.67033333333333,-117.547,4.9,3.1,,,SCEDC,,A,24,0.21,SCSN,118,119,-1,119,skipped_resume,True,2019,185,data/scedc/event_phases/2019/2019_185/37230836.phase
38443695,scedc:38443695,2019-07-04T18:53:27.670000Z,35.7285,-117.5605,7.87,3.4,,,SCEDC,,A,68,0.13,SCSN,118,119,-1,119,skipped_resume,True,2019,185,data/scedc/event_phases/2019/2019_185/38443695.phase
38443703,scedc:38443703,2019-07-04T18:54:13.990000Z,35.5975,-117.59966666666666,5.33,4.1,,,SCEDC,,A,90,0.13,SCSN,118,119,-1,119,skipped_resume,True,2019,185,data/scedc/event_phases/2019/2019_185/38443703.phase
38443711,scedc:38443711,2019-07-04T18:55:27.680000Z,35.675333333333334,-117.4795,10.71,3.0,,,SCEDC,,A,43,0.13,SCSN,117,119,-1,119,skipped_resume,True,2019,185,data/scedc/event_phases/2019/2019_185/38443711.phase
37420717,scedc:37420717,2019-07-04T18:56:22.030000Z,35.708666666666666,-117.55416666666666,1.16,4.2,,,SCEDC,,A,30,0.26,SCSN,118,119,-1,119,skipped_resume,True,2019,185,data/scedc/event_phases/2019/2019_185/37420717.phase
37230948,scedc:37230948,2019-07-04T18:57:15.610000Z,35.688833333333335,-117.52933333333333,5.72,3.2,,,SCEDC,,C,25,0.22,SCSN,118,119,-1,119,skipped_resume,True,2019,185,data/scedc/event_phases/2019/2019_185/37230948.phase
37230908,scedc:37230908,2019-07-04T18:57:42.060000Z,35.71333333333333,-117.54816666666666,2.02,3.0,,,SCEDC,,A,33,0.18,SCSN,118,119,-1,119,skipped_resume,True,2019,185,data/scedc/event_phases/2019/2019_185/37230908.phase
38443751,scedc:38443751,2019-07-04T19:00:09.670000Z,35.711166666666664,-117.55133333333332,1.99,3.2,,,SCEDC,,A,76,0.15,SCSN,118,119,-1,119,skipped_resume,True,2019,185,data/scedc/event_phases/2019/2019_185/38443751.phase
37231484,scedc:37231484,2019-07-04T19:00:14.000000Z,35.67733333333334,-117.55233333333334,5.01,3.1,,,SCEDC,,B,19,0.18,SCSN,117,119,-1,119,skipped_resume,True,2019,185,data/scedc/event_phases/2019/2019_185/37231484.phase
38443759,scedc:38443759,2019-07-04T19:01:10.800000Z,35.708666666666666,-117.5565,2.15,3.0,,,SCEDC,,A,55,0.2,SCSN,117,118,-1,118,skipped_resume,True,2019,185,data/scedc/event_phases/2019/2019_185/38443759.phase
38443823,scedc:38443823,2019-07-04T19:10:19.820000Z,35.694,-117.49016666666668,1.58,3.3,,,SCEDC,,A,92,0.14,SCSN,116,118,-1,118,skipped_resume,True,2019,185,data/scedc/event_phases/2019/2019_185/38443823.phase
38443831,scedc:38443831,2019-07-04T19:14:59.490000Z,35.654833333333336,-117.53883333333332,2.42,3.0,,,SCEDC,,A,84,0.14,SCSN,118,119,-1,119,skipped_resume,True,2019,185,data/scedc/event_phases/2019/2019_185/38443831.phase
38443855,scedc:38443855,2019-07-04T19:17:51.360000Z,35.695166666666665,-117.50966666666666,1.46,3.0,,,SCEDC,,A,56,0.13,SCSN,117,118,-1,118,skipped_resume,True,2019,185,data/scedc/event_phases/2019/2019_185/38443855.phase
37224620,scedc:37224620,2019-07-04T19:17:58.140000Z,35.62683333333333,-117.601,10.4,3.3,,,SCEDC,,A,36,0.19,SCSN,118,119,-1,119,skipped_resume,True,2019,185,data/scedc/event_phases/2019/2019_185/37224620.phase
38444047,scedc:38444047,2019-07-04T19:49:04.980000Z,35.683,-117.4895,1.04,3.3,,,SCEDC,,A,84,0.13,SCSN,117,118,-1,118,skipped_resume,True,2019,185,data/scedc/event_phases/2019/2019_185/38444047.phase
38444063,scedc:38444063,2019-07-04T19:51:16.980000Z,35.71,-117.55616666666668,2.09,3.4,,,SCEDC,,A,89,0.15,SCSN,117,118,-1,118,skipped_resume,True,2019,185,data/scedc/event_phases/2019/2019_185/38444063.phase
38444111,scedc:38444111,2019-07-04T19:56:08.440000Z,32.18666666666667,-115.1805,23.42,3.4,,,SCEDC,,A,57,0.29,SCSN,84,84,-1,84,skipped_resume,True,2019,185,data/scedc/event_phases/2019/2019_185/38444111.phase
37260124,scedc:37260124,2019-07-04T19:56:25.890000Z,35.663666666666664,-117.5225,2.15,3.3,,,SCEDC,,A,30,0.19,SCSN,117,119,-1,119,skipped_resume,True,2019,185,data/scedc/event_phases/2019/2019_185/37260124.phase
38444231,scedc:38444231,2019-07-04T20:17:36.830000Z,35.7,-117.48366666666666,1.25,3.1,,,SCEDC,,A,86,0.13,SCSN,117,118,-1,118,skipped_resume,True,2019,185,data/scedc/event_phases/2019/2019_185/38444231.phase
38444407,scedc:38444407,2019-07-04T20:45:26.710000Z,35.70283333333333,-117.4775,1.31,3.1,,,SCEDC,,A,82,0.15,SCSN,115,117,-1,117,skipped_resume,True,2019,185,data/scedc/event_phases/2019/2019_185/38444407.phase
38444487,scedc:38444487,2019-07-04T20:55:25.070000Z,35.711666666666666,-117.48083333333334,2.39,3.4,,,SCEDC,,A,97,0.15,SCSN,115,118,-1,118,skipped_resume,True,2019,185,data/scedc/event_phases/2019/2019_185/38444487.phase
38444719,scedc:38444719,2019-07-04T21:26:35.000000Z,35.67483333333333,-117.52533333333334,9.41,3.0,,,SCEDC,,A,83,0.15,SCSN,117,118,-1,118,skipped_resume,True,2019,185,data/scedc/event_phases/2019/2019_185/38444719.phase
38444791,scedc:38444791,2019-07-04T21:33:34.350000Z,35.617,-117.58983333333332,7.45,3.2,,,SCEDC,,A,99,0.13,SCSN,114,116,-1,116,skipped_resume,True,2019,185,data/scedc/event_phases/2019/2019_185/38444791.phase
37225444,scedc:37225444,2019-07-04T22:05:22.270000Z,35.7115,-117.477,1.32,3.6,,,SCEDC,,A,72,0.13,SCSN,117,119,-1,119,skipped_resume,True,2019,185,data/scedc/event_phases/2019/2019_185/37225444.phase
38445495,scedc:38445495,2019-07-04T23:12:40.400000Z,35.67316666666667,-117.47133333333332,9.01,3.5,,,SCEDC,,A,92,0.14,SCSN,116,116,-1,116,skipped_resume,True,2019,185,data/scedc/event_phases/2019/2019_185/38445495.phase
38445503,scedc:38445503,2019-07-04T23:13:05.010000Z,35.74616666666667,-117.5775,4.4,3.0,,,SCEDC,,A,49,0.13,SCSN,116,117,-1,117,skipped_resume,True,2019,185,data/scedc/event_phases/2019/2019_185/38445503.phase
37420973,scedc:37420973,2019-07-04T23:34:00.630000Z,35.662333333333336,-117.5245,2.61,3.8,,,SCEDC,,A,37,0.14,SCSN,116,118,-1,118,skipped_resume,True,2019,185,data/scedc/event_phases/2019/2019_185/37420973.phase
38445703,scedc:38445703,2019-07-04T23:34:02.380000Z,35.601166666666664,-117.61066666666666,4.75,4.0,,,SCEDC,,A,77,0.24,SCSN,117,119,-1,119,skipped_resume,True,2019,185,data/scedc/event_phases/2019/2019_185/38445703.phase
38445751,scedc:38445751,2019-07-04T23:42:33.830000Z,35.74783333333333,-117.56783333333334,4.36,3.7,,,SCEDC,,A,96,0.15,SCSN,118,120,-1,120,skipped_resume,True,2019,185,data/scedc/event_phases/2019/2019_185/38445751.phase
38445839,scedc:38445839,2019-07-04T23:54:36.390000Z,35.656,-117.52333333333333,1.71,3.4,,,SCEDC,,A,97,0.12,SCSN,117,119,-1,119,skipped_resume,True,2019,185,data/scedc/event_phases/2019/2019_185/38445839.phase
38446343,scedc:38446343,2019-07-05T01:08:53.450000Z,35.7245,-117.548,1.89,3.1,,,SCEDC,,A,93,0.14,SCSN,116,117,-1,117,skipped_resume,True,2019,186,data/scedc/event_phases/2019/2019_186/38446343.phase
38446639,scedc:38446639,2019-07-05T02:01:41.150000Z,35.774166666666666,-117.6165,2.84,3.3,,,SCEDC,,A,81,0.13,SCSN,116,118,-1,118,skipped_resume,True,2019,186,data/scedc/event_phases/2019/2019_186/38446639.phase
38446671,scedc:38446671,2019-07-05T02:05:19.180000Z,35.6555,-117.52266666666668,1.93,3.4,,,SCEDC,,A,91,0.14,SCSN,116,118,-1,118,skipped_resume,True,2019,186,data/scedc/event_phases/2019/2019_186/38446671.phase
38446807,scedc:38446807,2019-07-05T02:19:41.890000Z,35.772666666666666,-117.619,2.83,3.3,,,SCEDC,,A,97,0.15,SCSN,115,117,-1,117,skipped_resume,True,2019,186,data/scedc/event_phases/2019/2019_186/38446807.phase
38447191,scedc:38447191,2019-07-05T03:19:53.570000Z,35.655,-117.52216666666666,1.51,3.4,,,SCEDC,,A,97,0.12,SCSN,117,117,-1,117,skipped_resume,True,2019,186,data/scedc/event_phases/2019/2019_186/38447191.phase
38447391,scedc:38447391,2019-07-05T03:46:54.410000Z,35.68116666666667,-117.50133333333332,1.39,3.1,,,SCEDC,,A,79,0.14,SCSN,115,116,-1,116,skipped_resume,True,2019,186,data/scedc/event_phases/2019/2019_186/38447391.phase
38448631,scedc:38448631,2019-07-05T07:02:22.360000Z,35.72533333333333,-117.56466666666668,2.67,3.2,,,SCEDC,,A,95,0.15,SCSN,116,118,-1,118,skipped_resume,True,2019,186,data/scedc/event_phases/2019/2019_186/38448631.phase
37260284,scedc:37260284,2019-07-05T11:08:40.190000Z,35.7575,-117.5715,7.02,3.8,,,SCEDC,,A,37,0.11,SCSN,115,117,-1,117,skipped_resume,True,2019,186,data/scedc/event_phases/2019/2019_186/37260284.phase
38450271,scedc:38450271,2019-07-05T11:10:09.340000Z,35.755,-117.58366666666667,7.0,3.0,,,SCEDC,,A,45,0.14,SCSN,116,117,-1,117,skipped_resume,True,2019,186,data/scedc/event_phases/2019/2019_186/38450271.phase
38450511,scedc:38450511,2019-07-05T11:36:03.920000Z,35.76316666666666,-117.58383333333332,7.91,3.2,,,SCEDC,,A,56,0.19,SCSN,117,119,-1,119,skipped_resume,True,2019,186,data/scedc/event_phases/2019/2019_186/38450511.phase
37260292,scedc:37260292,2019-07-05T12:39:06.080000Z,35.67283333333334,-117.52083333333331,4.58,3.1,,,SCEDC,,A,42,0.18,SCSN,115,117,-1,117,skipped_resume,True,2019,186,data/scedc/event_phases/2019/2019_186/37260292.phase
37257780,scedc:37257780,2019-07-06T03:17:13.500000Z,35.745333333333335,-117.56083333333332,6.5,4.1,,,SCEDC,,A,46,0.15,SCSN,116,118,-1,118,skipped_resume,True,2019,187,data/scedc/event_phases/2019/2019_187/37257780.phase
38457511,scedc:38457511,2019-07-06T03:19:53.040000Z,35.7695,-117.59933333333332,8.0,7.1,,,SCEDC,,C,95,0.22,SCSN,118,119,-1,119,skipped_resume,True,2019,187,data/scedc/event_phases/2019/2019_187/38457511.phase
37222188,scedc:37222188,2019-07-06T03:20:36.080000Z,36.00683333333333,-117.8525,13.93,4.3,,,SCEDC,,B,8,0.22,SCSN,113,115,-1,115,skipped_resume,True,2019,187,data/scedc/event_phases/2019/2019_187/37222188.phase
37222196,scedc:37222196,2019-07-06T03:20:41.140000Z,35.949666666666666,-117.73766666666668,9.28,4.8,,,SCEDC,,A,18,0.09,SCSN,117,119,-1,119,skipped_resume,True,2019,187,data/scedc/event_phases/2019/2019_187/37222196.phase
37222204,scedc:37222204,2019-07-06T03:21:10.050000Z,35.830666666666666,-117.66016666666668,5.86,4.3,,,SCEDC,,A,25,0.21,SCSN,116,118,-1,118,skipped_resume,True,2019,187,data/scedc/event_phases/2019/2019_187/37222204.phase
37260300,scedc:37260300,2019-07-06T03:21:19.190000Z,35.54233333333333,-117.50533333333334,5.6,4.2,,,SCEDC,,B,7,0.06,SCSN,119,120,-1,120,skipped_resume,True,2019,187,data/scedc/event_phases/2019/2019_187/37260300.phase
37222212,scedc:37222212,2019-07-06T03:21:31.910000Z,35.88783333333333,-117.73316666666666,9.83,4.2,,,SCEDC,,A,12,0.08,SCSN,118,119,-1,119,skipped_resume,True,2019,187,data/scedc/event_phases/2019/2019_187/37222212.phase
38457519,scedc:38457519,2019-07-06T03:22:03.570000Z,35.92166666666667,-117.729,8.17,4.6,,,SCEDC,,A,36,0.15,SCSN,117,119,-1,119,skipped_resume,True,2019,187,data/scedc/event_phases/2019/2019_187/38457519.phase
37219484,scedc:37219484,2019-07-06T03:22:17.100000Z,35.748,-117.54566666666666,3.9,4.6,,,SCEDC,,A,35,0.2,SCSN,117,119,-1,119,skipped_resume,True,2019,187,data/scedc/event_phases/2019/2019_187/37219484.phase
37219492,scedc:37219492,2019-07-06T03:22:27.160000Z,35.61716666666667,-117.4275,8.45,4.5,,,SCEDC,,A,10,0.16,SCSN,120,122,-1,122,skipped_resume,True,2019,187,data/scedc/event_phases/2019/2019_187/37219492.phase
37219500,scedc:37219500,2019-07-06T03:22:35.630000Z,35.61666666666667,-117.43016666666666,9.35,4.7,,,SCEDC,,A,12,0.14,SCSN,120,122,-1,122,skipped_resume,True,2019,187,data/scedc/event_phases/2019/2019_187/37219500.phase
37219156,scedc:37219156,2019-07-06T03:22:48.300000Z,35.891,-117.7365,9.1,4.6,,,SCEDC,,A,45,0.16,SCSN,118,119,-1,119,skipped_resume,True,2019,187,data/scedc/event_phases/2019/2019_187/37219156.phase
37260308,scedc:37260308,2019-07-06T03:23:07.570000Z,35.837833333333336,-117.64066666666666,9.75,3.8,,,SCEDC,,A,14,0.06,SCSN,118,120,-1,120,skipped_resume,True,2019,187,data/scedc/event_phases/2019/2019_187/37260308.phase
37219468,scedc:37219468,2019-07-06T03:23:19.870000Z,35.861,-117.67783333333334,6.82,4.5,,,SCEDC,,A,21,0.24,SCSN,117,119,-1,119,skipped_resume,True,2019,187,data/scedc/event_phases/2019/2019_187/37219468.phase
37260316,scedc:37260316,2019-07-06T03:23:29.560000Z,35.877833333333335,-117.724,6.14,4.0,,,SCEDC,,A,16,0.11,SCSN,119,120,-1,120,skipped_resume,True,2019,187,data/scedc/event_phases/2019/2019_187/37260316.phase
37219476,scedc:37219476,2019-07-06T03:23:34.710000Z,35.5685,-117.5165,10.82,4.2,,,SCEDC,,A,16,0.12,SCSN,119,120,-1,120,skipped_resume,True,2019,187,data/scedc/event_phases/2019/2019_187/37219476.phase
37219164,scedc:37219164,2019-07-06T03:23:50.720000Z,35.80316666666667,-117.61783333333334,11.44,4.8,,,SCEDC,,A,64,0.23,SCSN,117,119,-1,119,skipped_resume,True,2019,187,data/scedc/event_phases/2019/2019_187/37219164.phase
37219508,scedc:37219508,2019-07-06T03:24:07.550000Z,35.88766666666667,-117.72016666666669,7.95,3.9,,,SCEDC,,A,14,0.08,SCSN,119,120,-1,120,skipped_resume,True,2019,187,data/scedc/event_phases/2019/2019_187/37219508.phase
37260444,scedc:37260444,2019-07-06T03:24:15.200000Z,35.90133333333333,-117.7075,7.11,3.5,,,SCEDC,,A,18,0.09,SCSN,119,120,-1,120,skipped_resume,True,2019,187,data/scedc/event_phases/2019/2019_187/37260444.phase
38457535,scedc:38457535,2019-07-06T03:24:22.370000Z,35.901833333333336,-117.72733333333332,5.3,4.2,,,SCEDC,,A,43,0.18,SCSN,117,118,-1,118,skipped_resume,True,2019,187,data/scedc/event_phases/2019/2019_187/38457535.phase
37219516,scedc:37219516,2019-07-06T03:24:33.520000Z,35.89116666666666,-117.6755,7.42,4.1,,,SCEDC,,A,12,0.17,SCSN,118,119,-1,119,skipped_resume,True,2019,187,data/scedc/event_phases/2019/2019_187/37219516.phase
37260452,scedc:37260452,2019-07-06T03:24:56.850000Z,35.87,-117.5695,10.81,3.9,,,SCEDC,,A,22,0.11,SCSN,116,118,-1,118,skipped_resume,True,2019,187,data/scedc/event_phases/2019/2019_187/37260452.phase
37219524,scedc:37219524,2019-07-06T03:25:19.720000Z,35.903,-117.69116666666666,7.01,3.9,,,SCEDC,,A,18,0.07,SCSN,118,120,-1,120,skipped_resume,True,2019,187,data/scedc/event_phases/2019/2019_187/37219524.phase
37219172,scedc:37219172,2019-07-06T03:25:27.970000Z,35.86066666666667,-117.67083333333332,10.32,4.6,,,SCEDC,,A,59,0.2,SCSN,117,119,-1,119,skipped_resume,True,2019,187,data/scedc/event_phases/2019/2019_187/37219172.phase
37260468,scedc:37260468,2019-07-06T03:25:42.310000Z,35.87083333333333,-117.6655,8.06,3.7,,,SCEDC,,A,12,0.04,SCSN,117,119,-1,119,skipped_resume,True,2019,187,data/scedc/event_phases/2019/2019_187/37260468.phase
37260460,scedc:37260460,2019-07-06T03:25:49.560000Z,35.654333333333334,-117.478,1.75,4.0,,,SCEDC,,A,12,0.09,SCSN,117,119,-1,119,skipped_resume,True,2019,187,data/scedc/event_phases/2019/2019_187/37260460.phase
37219540,scedc:37219540,2019-07-06T03:26:04.010000Z,35.83316666666666,-117.64516666666668,8.1,4.0,,,SCEDC,,A,36,0.2,SCSN,117,119,-1,119,skipped_resume,True,2019,187,data/scedc/event_phases/2019/2019_187/37219540.phase
37260476,scedc:37260476,2019-07-06T03:26:27.680000Z,35.6135,-117.43683333333334,6.11,3.8,,,SCEDC,,A,9,0.09,SCSN,121,123,-1,123,skipped_resume,True,2019,187,data/scedc/event_phases/2019/2019_187/37260476.phase
37219548,scedc:37219548,2019-07-06T03:26:40.490000Z,35.89983333333333,-117.6955,6.89,3.6,,,SCEDC,,A,15,0.06,SCSN,118,120,-1,120,skipped_resume,True,2019,187,data/scedc/event_phases/2019/2019_187/37219548.phase
37219556,scedc:37219556,2019-07-06T03:26:51.990000Z,35.8875,-117.6495,10.86,4.1,,,SCEDC,,A,34,0.16,SCSN,117,119,-1,119,skipped_resume,True,2019,187,data/scedc/event_phases/2019/2019_187/37219556.phase
37260484,scedc:37260484,2019-07-06T03:27:04.570000Z,35.6105,-117.41766666666666,5.77,3.8,,,SCEDC,,B,8,0.09,SCSN,121,122,-1,122,skipped_resume,True,2019,187,data/scedc/event_phases/2019/2019_187/37260484.phase
37219180,scedc:37219180,2019-07-06T03:27:07.010000Z,35.913833333333336,-117.72583333333333,8.0,4.5,,,SCEDC,,A,39,0.18,SCSN,118,119,-1,119,skipped_resume,True,2019,187,data/scedc/event_phases/2019/2019_187/37219180.phase
37219564,scedc:37219564,2019-07-06T03:27:11.370000Z,35.53033333333333,-117.43133333333331,3.83,4.6,,,SCEDC,,A,12,0.1,SCSN,119,120,-1,120,skipped_resume,True,2019,187,data/scedc/event_phases/2019/2019_187/37219564.phase
37260492,scedc:37260492,2019-07-06T03:27:18.420000Z,35.873333333333335,-117.65783333333331,6.73,3.9,,,SCEDC,,A,19,0.17,SCSN,118,119,-1,119,skipped_resume,True,2019,187,data/scedc/event_phases/2019/2019_187/37260492.phase
37260500,scedc:37260500,2019-07-06T03:27:25.350000Z,35.665,-117.48666666666666,5.51,3.9,,,SCEDC,,A,12,0.11,SCSN,117,119,-1,119,skipped_resume,True,2019,187,data/scedc/event_phases/2019/2019_187/37260500.phase
37219572,scedc:37219572,2019-07-06T03:27:36.260000Z,35.8895,-117.6975,7.85,4.0,,,SCEDC,,A,39,0.12,SCSN,117,119,-1,119,skipped_resume,True,2019,187,data/scedc/event_phases/2019/2019_187/37219572.phase
38457551,scedc:38457551,2019-07-06T03:28:00.730000Z,35.910666666666664,-117.73166666666668,8.16,4.1,,,SCEDC,,A,40,0.1,SCSN,117,119,-1,119,skipped_resume,True,2019,187,data/scedc/event_phases/2019/2019_187/38457551.phase
37219580,scedc:37219580,2019-07-06T03:28:12.340000Z,35.841166666666666,-117.65983333333334,11.45,4.1,,,SCEDC,,A,29,0.2,SCSN,117,119,-1,119,skipped_resume,True,2019,187,data/scedc/event_phases/2019/2019_187/37219580.phase
37219588,scedc:37219588,2019-07-06T03:28:25.160000Z,35.8695,-117.69066666666669,2.66,4.0,,,SCEDC,,A,23,0.13,SCSN,118,119,-1,119,skipped_resume,True,2019,187,data/scedc/event_phases/2019/2019_187/37219588.phase
38457559,scedc:38457559,2019-07-06T03:28:46.550000Z,35.9025,-117.72216666666668,4.76,4.2,,,SCEDC,,A,55,0.18,SCSN,118,119,-1,119,skipped_resume,True,2019,187,data/scedc/event_phases/2019/2019_187/38457559.phase
37219596,scedc:37219596,2019-07-06T03:29:10.290000Z,35.656666666666666,-117.4465,2.23,4.0,,,SCEDC,,A,16,0.23,SCSN,117,118,-1,118,skipped_resume,True,2019,187,data/scedc/event_phases/2019/2019_187/37219596.phase
38457575,scedc:38457575,2019-07-06T03:29:15.860000Z,35.86566666666667,-117.65266666666666,15.11,4.0,,,SCEDC,,A,22,0.23,SCSN,118,119,-1,119,skipped_resume,True,2019,187,data/scedc/event_phases/2019/2019_187/38457575.phase
37219604,scedc:37219604,2019-07-06T03:29:28.840000Z,35.7325,-117.50883333333331,7.03,4.1,,,SCEDC,,A,12,0.19,SCSN,118,119,-1,119,skipped_resume,True,2019,187,data/scedc/event_phases/2019/2019_187/37219604.phase
38457583,scedc:38457583,2019-07-06T03:29:32.080000Z,35.902833333333334,-117.7115,3.18,4.5,,,SCEDC,,A,35,0.15,SCSN,118,119,-1,119,skipped_resume,True,2019,187,data/scedc/event_phases/2019/2019_187/38457583.phase
37219612,scedc:37219612,2019-07-06T03:29:47.130000Z,35.901666666666664,-117.704,7.8,3.6,,,SCEDC,,A,14,0.09,SCSN,118,120,-1,120,skipped_resume,True,2019,187,data/scedc/event_phases/2019/2019_187/37219612.phase
37260612,scedc:37260612,2019-07-06T03:29:50.040000Z,35.8705,-117.68183333333332,5.35,3.6,,,SCEDC,,A,9,0.05,SCSN,117,119,-1,119,skipped_resume,True,2019,187,data/scedc/event_phases/2019/2019_187/37260612.phase
37260620,scedc:37260620,2019-07-06T03:30:00.710000Z,35.8845,-117.70183333333334,6.05,3.6,,,SCEDC,,A,19,0.13,SCSN,116,118,-1,118,skipped_resume,True,2019,187,data/scedc/event_phases/2019/2019_187/37260620.phase
38457591,scedc:38457591,2019-07-06T03:30:25.050000Z,35.556666666666665,-117.35816666666666,8.71,4.5,,,SCEDC,,A,83,0.2,SCSN,121,123,-1,123,skipped_resume,True,2019,187,data/scedc/event_phases/2019/2019_187/38457591.phase
37219620,scedc:37219620,2019-07-06T03:30:43.010000Z,35.86716666666667,-117.72233333333334,8.26,3.5,,,SCEDC,,A,16,0.09,SCSN,118,120,-1,120,skipped_resume,True,2019,187,data/scedc/event_phases/2019/2019_187/37219620.phase
37219628,scedc:37219628,2019-07-06T03:30:59.670000Z,35.90683333333333,-117.704,8.84,3.9,,,SCEDC,,A,30,0.09,SCSN,111,112,-1,112,skipped_resume,True,2019,187,data/scedc/event_phases/2019/2019_187/37219628.phase
37219636,scedc:37219636,2019-07-06T03:31:10.380000Z,35.89366666666667,-117.72166666666666,9.39,3.6,,,SCEDC,,A,20,0.09,SCSN,118,120,-1,120,skipped_resume,True,2019,187,data/scedc/event_phases/2019/2019_187/37219636.phase
37219644,scedc:37219644,2019-07-06T03:31:24.540000Z,35.659666666666666,-117.48533333333332,5.2,3.6,,,SCEDC,,A,23,0.15,SCSN,116,118,-1,118,skipped_resume,True,2019,187,data/scedc/event_phases/2019/2019_187/37219644.phase
37260788,scedc:37260788,2019-07-06T03:31:33.720000Z,35.739333333333335,-117.54883333333332,2.39,3.5,,,SCEDC,,A,14,0.18,SCSN,117,119,-1,119,skipped_resume,True,2019,187,data/scedc/event_phases/2019/2019_187/37260788.phase
37219652,scedc:37219652,2019-07-06T03:31:48.760000Z,35.888333333333335,-117.69783333333334,8.93,4.0,,,SCEDC,,A,34,0.09,SCSN,117,119,-1,119,skipped_resume,True,2019,187,data/scedc/event_phases/2019/2019_187/37219652.phase
37219660,scedc:37219660,2019-07-06T03:31:58.270000Z,35.890166666666666,-117.71216666666666,6.29,3.9,,,SCEDC,,A,25,0.14,SCSN,118,120,-1,120,skipped_resume,True,2019,187,data/scedc/event_phases/2019/2019_187/37219660.phase
37260804,scedc:37260804,2019-07-06T03:32:13.430000Z,35.87083333333333,-117.65316666666666,8.18,3.3,,,SCEDC,,A,13,0.1,SCSN,117,119,-1,119,skipped_resume,True,2019,187,data/scedc/event_phases/2019/2019_187/37260804.phase
37219668,scedc:37219668,2019-07-06T03:32:25.640000Z,35.89816666666667,-117.72633333333332,10.82,3.6,,,SCEDC,,A,23,0.12,SCSN,117,119,-1,119,skipped_resume,True,2019,187,data/scedc/event_phases/2019/2019_187/37219668.phase
37219676,scedc:37219676,2019-07-06T03:32:29.440000Z,35.5985,-117.4145,6.69,3.7,,,SCEDC,,A,10,0.1,SCSN,120,122,-1,122,skipped_resume,True,2019,187,data/scedc/event_phases/2019/2019_187/37219676.phase
38457599,scedc:38457599,2019-07-06T03:32:46.660000Z,35.89033333333333,-117.73033333333332,6.15,4.2,,,SCEDC,,A,38,0.2,SCSN,117,119,-1,119,skipped_resume,True,2019,187,data/scedc/event_phases/2019/2019_187/38457599.phase
37219684,scedc:37219684,2019-07-06T03:33:03.660000Z,35.9025,-117.71633333333334,8.47,3.9,,,SCEDC,,A,20,0.12,SCSN,117,119,-1,119,skipped_resume,True,2019,187,data/scedc/event_phases/2019/2019_187/37219684.phase
37219692,scedc:37219692,2019-07-06T03:33:09.850000Z,35.71483333333333,-117.50516666666668,1.74,4.1,,,SCEDC,,A,46,0.2,SCSN,116,118,-1,118,skipped_resume,True,2019,187,data/scedc/event_phases/2019/2019_187/37219692.phase
37219700,scedc:37219700,2019-07-06T03:33:20.200000Z,35.624,-117.48616666666666,10.99,4.1,,,SCEDC,,A,27,0.2,SCSN,118,120,-1,120,skipped_resume,True,2019,187,data/scedc/event_phases/2019/2019_187/37219700.phase
37219716,scedc:37219716,2019-07-06T03:33:39.100000Z,35.89333333333333,-117.72383333333332,9.89,3.8,,,SCEDC,,A,15,0.07,SCSN,118,120,-1,120,skipped_resume,True,2019,187,data/scedc/event_phases/2019/2019_187/37219716.phase
37219708,scedc:37219708,2019-07-06T03:33:39.450000Z,35.726,-117.56133333333334,11.09,4.0,,,SCEDC,,A,21,0.19,SCSN,117,119,-1,119,skipped_resume,True,2019,187,data/scedc/event_phases/2019/2019_187/37219708.phase
37261156,scedc:37261156,2019-07-06T03:33:48.800000Z,35.665,-117.424,0.78,3.2,,,SCEDC,,A,10,0.16,SCSN,117,119,-1,119,skipped_resume,True,2019,187,data/scedc/event_phases/2019/2019_187/37261156.phase
37260828,scedc:37260828,2019-07-06T03:33:55.940000Z,35.87233333333333,-117.699,11.58,3.5,,,SCEDC,,A,17,0.09,SCSN,116,118,-1,118,skipped_resume,True,2019,187,data/scedc/event_phases/2019/2019_187/37260828.phase
37219724,scedc:37219724,2019-07-06T03:34:10.700000Z,35.897666666666666,-117.705,7.43,4.0,,,SCEDC,,A,35,0.12,SCSN,118,120,-1,120,skipped_resume,True,2019,187,data/scedc/event_phases/2019/2019_187/37219724.phase
37219732,scedc:37219732,2019-07-06T03:34:21.530000Z,35.76616666666666,-117.5875,1.82,3.6,,,SCEDC,,A,12,0.17,SCSN,116,118,-1,118,skipped_resume,True,2019,187,data/scedc/event_phases/2019/2019_187/37219732.phase
37260860,scedc:37260860,2019-07-06T03:34:27.200000Z,35.904,-117.70333333333332,8.1,3.4,,,SCEDC,,A,18,0.07,SCSN,118,120,-1,120,skipped_resume,True,2019,187,data/scedc/event_phases/2019/2019_187/37260860.phase
37261164,scedc:37261164,2019-07-06T03:34:36.640000Z,35.893,-117.72533333333334,6.89,3.3,,,SCEDC,,A,14,0.04,SCSN,117,119,-1,119,skipped_resume,True,2019,187,data/scedc/event_phases/2019/2019_187/37261164.phase
37219740,scedc:37219740,2019-07-06T03:34:42.840000Z,35.905833333333334,-117.65733333333333,9.5,3.7,,,SCEDC,,A,19,0.17,SCSN,118,119,-1,119,skipped_resume,True,2019,187,data/scedc/event_phases/2019/2019_187/37219740.phase
37219788,scedc:37219788,2019-07-06T03:34:55.980000Z,35.580666666666666,-117.39616666666667,13.22,3.5,,,SCEDC,,A,18,0.25,SCSN,120,121,-1,121,skipped_resume,True,2019,187,data/scedc/event_phases/2019/2019_187/37219788.phase
38457607,scedc:38457607,2019-07-06T03:35:05.420000Z,35.652166666666666,-117.46683333333333,1.97,4.1,,,SCEDC,,A,47,0.24,SCSN,118,119,-1,119,skipped_resume,True,2019,187,data/scedc/event_phases/2019/2019_187/38457607.phase
37260868,scedc:37260868,2019-07-06T03:35:24.390000Z,35.70516666666666,-117.5565,9.09,3.4,,,SCEDC,,A,9,0.12,SCSN,115,117,-1,117,skipped_resume,True,2019,187,data/scedc/event_phases/2019/2019_187/37260868.phase
37219796,scedc:37219796,2019-07-06T03:35:30.660000Z,35.979,-117.75766666666668,6.52,3.7,,,SCEDC,,A,24,0.07,SCSN,117,119,-1,119,skipped_resume,True,2019,187,data/scedc/event_phases/2019/2019_187/37219796.phase
37219804,scedc:37219804,2019-07-06T03:35:44.730000Z,35.614,-117.44533333333334,5.9,3.4,,,SCEDC,,A,11,0.14,SCSN,120,122,-1,122,skipped_resume,True,2019,187,data/scedc/event_phases/2019/2019_187/37219804.phase
37260876,scedc:37260876,2019-07-06T03:35:49.820000Z,35.883833333333335,-117.69,7.5,3.4,,,SCEDC,,A,19,0.11,SCSN,117,119,-1,119,skipped_resume,True,2019,187,data/scedc/event_phases/2019/2019_187/37260876.phase
37260884,scedc:37260884,2019-07-06T03:35:58.410000Z,35.7175,-117.55766666666666,10.29,3.5,,,SCEDC,,A,9,0.11,SCSN,117,119,-1,119,skipped_resume,True,2019,187,data/scedc/event_phases/2019/2019_187/37260884.phase
37219812,scedc:37219812,2019-07-06T03:36:28.480000Z,35.6625,-117.5445,3.18,3.9,,,SCEDC,,A,20,0.17,SCSN,117,119,-1,119,skipped_resume,True,2019,187,data/scedc/event_phases/2019/2019_187/37219812.phase
37260892,scedc:37260892,2019-07-06T03:36:54.860000Z,35.903,-117.73716666666668,9.16,3.2,,,SCEDC,,A,14,0.13,SCSN,117,118,-1,118,skipped_resume,True,2019,187,data/scedc/event_phases/2019/2019_187/37260892.phase
37219820,scedc:37219820,2019-07-06T03:37:05.160000Z,35.73266666666667,-117.52683333333331,2.63,3.6,,,SCEDC,,A,33,0.14,SCSN,118,119,-1,119,skipped_resume,True,2019,187,data/scedc/event_phases/2019/2019_187/37219820.phase
37219828,scedc:37219828,2019-07-06T03:37:25.270000Z,35.871833333333335,-117.70133333333334,6.12,3.5,,,SCEDC,,A,20,0.09,SCSN,117,119,-1,119,skipped_resume,True,2019,187,data/scedc/event_phases/2019/2019_187/37219828.phase
37260924,scedc:37260924,2019-07-06T03:37:44.910000Z,35.659166666666664,-117.50083333333332,4.84,3.5,,,SCEDC,,A,20,0.14,SCSN,117,119,-1,119,skipped_resume,True,2019,187,data/scedc/event_phases/2019/2019_187/37260924.phase
37219836,scedc:37219836,2019-07-06T03:38:22.930000Z,35.91283333333333,-117.71233333333332,6.7,3.8,,,SCEDC,,A,33,0.11,SCSN,119,120,-1,120,skipped_resume,True,2019,187,data/scedc/event_phases/2019/2019_187/37219836.phase
37261204,scedc:37261204,2019-07-06T03:38:41.000000Z,35.785,-117.605,9.3,3.3,,,SCEDC,,A,9,0.07,SCSN,118,120,-1,120,skipped_resume,True,2019,187,data/scedc/event_phases/2019/2019_187/37261204.phase
38457623,scedc:38457623,2019-07-06T03:38:56.100000Z,35.64833333333333,-117.46733333333331,4.21,3.5,,,SCEDC,,A,26,0.14,SCSN,117,119,-1,119,skipped_resume,True,2019,187,data/scedc/event_phases/2019/2019_187/38457623.phase
37219844,scedc:37219844,2019-07-06T03:39:02.720000Z,35.71666666666667,-117.5515,10.52,3.7,,,SCEDC,,A,26,0.19,SCSN,116,118,-1,118,skipped_resume,True,2019,187,data/scedc/event_phases/2019/2019_187/37219844.phase
37421221,scedc:37421221,2019-07-06T03:39:14.680000Z,35.61366666666667,-117.433,9.8,3.8,,,SCEDC,,A,44,0.2,SCSN,120,122,-1,122,skipped_resume,True,2019,187,data/scedc/event_phases/2019/2019_187/37421221.phase
37421237,scedc:37421237,2019-07-06T03:39:34.110000Z,35.902166666666666,-117.74266666666666,8.81,3.7,,,SCEDC,,A,40,0.13,SCSN,114,116,-1,116,skipped_resume,True,2019,187,data/scedc/event_phases/2019/2019_187/37421237.phase
37219852,scedc:37219852,2019-07-06T03:39:41.270000Z,35.902833333333334,-117.72083333333332,8.24,3.2,,,SCEDC,,A,10,0.12,SCSN,116,118,-1,118,skipped_resume,True,2019,187,data/scedc/event_phases/2019/2019_187/37219852.phase
38457631,scedc:38457631,2019-07-06T03:40:04.140000Z,35.913333333333334,-117.703,7.04,3.7,,,SCEDC,,A,46,0.1,SCSN,119,120,-1,120,skipped_resume,True,2019,187,data/scedc/event_phases/2019/2019_187/38457631.phase
37261220,scedc:37261220,2019-07-06T03:40:16.160000Z,35.834666666666664,-117.658,5.51,3.0,,,SCEDC,,A,8,0.1,SCSN,117,119,-1,119,skipped_resume,True,2019,187,data/scedc/event_phases/2019/2019_187/37261220.phase
37219860,scedc:37219860,2019-07-06T03:40:32.540000Z,35.780166666666666,-117.62816666666669,5.74,3.4,,,SCEDC,,A,23,0.17,SCSN,117,119,-1,119,skipped_resume,True,2019,187,data/scedc/event_phases/2019/2019_187/37219860.phase
37261244,scedc:37261244,2019-07-06T03:40:43.090000Z,35.87766666666667,-117.6725,7.56,3.4,,,SCEDC,,A,21,0.14,SCSN,116,118,-1,118,skipped_resume,True,2019,187,data/scedc/event_phases/2019/2019_187/37261244.phase
37219868,scedc:37219868,2019-07-06T03:40:51.430000Z,35.774166666666666,-117.61183333333334,9.88,3.5,,,SCEDC,,A,31,0.16,SCSN,117,119,-1,119,skipped_resume,True,2019,187,data/scedc/event_phases/2019/2019_187/37219868.phase
37219876,scedc:37219876,2019-07-06T03:41:14.110000Z,35.639833333333335,-117.43633333333334,3.31,3.1,,,SCEDC,,A,11,0.15,SCSN,120,122,-1,122,skipped_resume,True,2019,187,data/scedc/event_phases/2019/2019_187/37219876.phase
37261260,scedc:37261260,2019-07-06T03:41:27.460000Z,35.89033333333333,-117.68166666666669,8.24,3.2,,,SCEDC,,A,21,0.1,SCSN,118,120,-1,120,skipped_resume,True,2019,187,data/scedc/event_phases/2019/2019_187/37261260.phase
38457639,scedc:38457639,2019-07-06T03:41:38.650000Z,35.89233333333333,-117.722,7.87,4.0,,,SCEDC,,A,61,0.18,SCSN,118,120,-1,120,skipped_resume,True,2019,187,data/scedc/event_phases/2019/2019_187/38457639.phase
37261268,scedc:37261268,2019-07-06T03:41:46.460000Z,35.9065,-117.727,6.0,3.5,,,SCEDC,,A,14,0.13,SCSN,117,119,-1,119,skipped_resume,True,2019,187,data/scedc/event_phases/2019/2019_187/37261268.phase
37261276,scedc:37261276,2019-07-06T03:42:04.410000Z,35.907333333333334,-117.70483333333334,7.09,3.2,,,SCEDC,,A,12,0.13,SCSN,119,120,-1,120,skipped_resume,True,2019,187,data/scedc/event_phases/2019/2019_187/37261276.phase
37261284,scedc:37261284,2019-07-06T03:42:09.680000Z,35.875166666666665,-117.73,6.96,3.6,,,SCEDC,,A,17,0.09,SCSN,118,119,-1,119,skipped_resume,True,2019,187,data/scedc/event_phases/2019/2019_187/37261284.phase
37219884,scedc:37219884,2019-07-06T03:42:25.640000Z,35.758,-117.56133333333334,7.57,3.3,,,SCEDC,,A,16,0.15,SCSN,118,119,-1,119,skipped_resume,True,2019,187,data/scedc/event_phases/2019/2019_187/37219884.phase
37261436,scedc:37261436,2019-07-06T03:42:37.900000Z,35.56883333333333,-117.38433333333332,7.95,3.5,,,SCEDC,,A,8,0.12,SCSN,119,121,-1,121,skipped_resume,True,2019,187,data/scedc/event_phases/2019/2019_187/37261436.phase
37219908,scedc:37219908,2019-07-06T03:42:45.760000Z,35.866,-117.68483333333332,4.95,3.6,,,SCEDC,,A,22,0.15,SCSN,117,119,-1,119,skipped_resume,True,2019,187,data/scedc/event_phases/2019/2019_187/37219908.phase
38457655,scedc:38457655,2019-07-06T03:42:52.530000Z,35.878,-117.70166666666668,4.58,3.9,,,SCEDC,,A,33,0.13,SCSN,118,119,-1,119,skipped_resume,True,2019,187,data/scedc/event_phases/2019/2019_187/38457655.phase
37219900,scedc:37219900,2019-07-06T03:43:09.040000Z,35.8865,-117.69383333333332,9.46,3.9,,,SCEDC,,A,37,0.18,SCSN,116,118,-1,118,skipped_resume,True,2019,187,data/scedc/event_phases/2019/2019_187/37219900.phase
37261468,scedc:37261468,2019-07-06T03:43:32.470000Z,35.8685,-117.72766666666666,6.05,3.2,,,SCEDC,,A,18,0.09,SCSN,117,119,-1,119,skipped_resume,True,2019,187,data/scedc/event_phases/2019/2019_187/37261468.phase
38457663,scedc:38457663,2019-07-06T03:44:01.600000Z,35.9135,-117.72766666666666,6.96,3.9,,,SCEDC,,A,38,0.21,SCSN,117,119,-1,119,skipped_resume,True,2019,187,data/scedc/event_phases/2019/2019_187/38457663.phase
37261484,scedc:37261484,2019-07-06T03:44:10.780000Z,35.78216666666667,-117.5935,11.22,3.6,,,SCEDC,,A,12,0.07,SCSN,118,119,-1,119,skipped_resume,True,2019,187,data/scedc/event_phases/2019/2019_187/37261484.phase
37219924,scedc:37219924,2019-07-06T03:44:17.710000Z,35.905833333333334,-117.69416666666666,6.12,4.0,,,SCEDC,,A,48,0.14,SCSN,120,121,-1,121,skipped_resume,True,2019,187,data/scedc/event_phases/2019/2019_187/37219924.phase
37219948,scedc:37219948,2019-07-06T03:44:50.150000Z,35.897166666666664,-117.7305,9.84,3.3,,,SCEDC,,A,17,0.09,SCSN,117,119,-1,119,skipped_resume,True,2019,187,data/scedc/event_phases/2019/2019_187/37219948.phase
38457671,scedc:38457671,2019-07-06T03:45:09.010000Z,35.91866666666667,-117.71883333333334,3.32,3.5,,,SCEDC,,A,36,0.16,SCSN,117,119,-1,119,skipped_resume,True,2019,187,data/scedc/event_phases/2019/2019_187/38457671.phase
37220108,scedc:37220108,2019-07-06T03:45:13.210000Z,35.90266666666667,-117.74266666666666,8.47,3.5,,,SCEDC,,A,14,0.08,SCSN,116,117,-1,117,skipped_resume,True,2019,187,data/scedc/event_phases/2019/2019_187/37220108.phase
37220268,scedc:37220268,2019-07-06T03:45:29.320000Z,35.8835,-117.72766666666666,7.51,3.5,,,SCEDC,,A,28,0.16,SCSN,117,119,-1,119,skipped_resume,True,2019,187,data/scedc/event_phases/2019/2019_187/37220268.phase
37220276,scedc:37220276,2019-07-06T03:45:54.830000Z,35.70366666666666,-117.50633333333332,11.11,3.5,,,SCEDC,,A,26,0.21,SCSN,117,119,-1,119,skipped_resume,True,2019,187,data/scedc/event_phases/2019/2019_187/37220276.phase
37261500,scedc:37261500,2019-07-06T03:46:19.420000Z,35.91116666666667,-117.7205,7.5,3.2,,,SCEDC,,A,7,0.06,SCSN,115,117,-1,117,skipped_resume,True,2019,187,data/scedc/event_phases/2019/2019_187/37261500.phase
38457679,scedc:38457679,2019-07-06T03:46:26.870000Z,35.6805,-117.47033333333331,6.85,4.3,,,SCEDC,,A,63,0.17,SCSN,118,119,-1,119,skipped_resume,True,2019,187,data/scedc/event_phases/2019/2019_187/38457679.phase
37220284,scedc:37220284,2019-07-06T03:46:38.500000Z,35.657333333333334,-117.45,2.12,3.7,,,SCEDC,,A,16,0.21,SCSN,118,119,-1,119,skipped_resume,True,2019,187,data/scedc/event_phases/2019/2019_187/37220284.phase
37261516,scedc:37261516,2019-07-06T03:46:57.130000Z,35.89416666666666,-117.71716666666669,5.11,3.3,,,SCEDC,,C,17,0.06,SCSN,119,120,-1,120,skipped_resume,True,2019,187,data/scedc/event_phases/2019/2019_187/37261516.phase
37220292,scedc:37220292,2019-07-06T03:47:00.080000Z,35.902,-117.74366666666668,8.46,3.6,,,SCEDC,,A,16,0.11,SCSN,117,118,-1,118,skipped_resume,True,2019,187,data/scedc/event_phases/2019/2019_187/37220292.phase
37261540,scedc:37261540,2019-07-06T03:47:08.740000Z,35.886833333333335,-117.71733333333331,7.32,3.3,,,SCEDC,,A,15,0.15,SCSN,117,120,-1,120,skipped_resume,True,2019,187,data/scedc/event_phases/2019/2019_187/37261540.phase
38457687,scedc:38457687,2019-07-06T03:47:53.420000Z,35.90116666666667,-117.7495,5.04,5.5,,,SCEDC,,A,82,0.16,SCSN,115,118,-1,118,skipped_resume,True,2019,187,data/scedc/event_phases/2019/2019_187/38457687.phase
37261556,scedc:37261556,2019-07-06T03:48:14.550000Z,35.90133333333333,-117.74866666666668,7.58,3.8,,,SCEDC,,A,14,0.1,SCSN,115,118,-1,118,skipped_resume,True,2019,187,data/scedc/event_phases/2019/2019_187/37261556.phase
37220300,scedc:37220300,2019-07-06T03:48:24.660000Z,35.9025,-117.69,0.5,4.0,,,SCEDC,,A,17,0.12,SCSN,117,120,-1,120,skipped_resume,True,2019,187,data/scedc/event_phases/2019/2019_187/37220300.phase
37261564,scedc:37261564,2019-07-06T03:48:36.260000Z,35.910833333333336,-117.73533333333332,7.04,3.6,,,SCEDC,,A,18,0.05,SCSN,116,119,-1,119,skipped_resume,True,2019,187,data/scedc/event_phases/2019/2019_187/37261564.phase
37261628,scedc:37261628,2019-07-06T03:48:54.220000Z,35.999833333333335,-117.72233333333334,9.53,3.5,,,SCEDC,,A,6,0.08,SCSN,114,116,-1,116,skipped_resume,True,2019,187,data/scedc/event_phases/2019/2019_187/37261628.phase
37261620,scedc:37261620,2019-07-06T03:48:57.740000Z,35.905833333333334,-117.72366666666667,6.2,3.7,,,SCEDC,,A,18,0.08,SCSN,116,118,-1,118,skipped_resume,True,2019,187,data/scedc/event_phases/2019/2019_187/37261620.phase
37220308,scedc:37220308,2019-07-06T03:49:24.980000Z,35.55716666666667,-117.38516666666666,3.51,3.8,,,SCEDC,,A,16,0.11,SCSN,121,122,-1,122,skipped_resume,True,2019,187,data/scedc/event_phases/2019/2019_187/37220308.phase
38457695,scedc:38457695,2019-07-06T03:49:52.420000Z,35.826166666666666,-117.68416666666668,7.08,3.8,,,SCEDC,,A,62,0.19,SCSN,116,118,-1,118,skipped_resume,True,2019,187,data/scedc/event_phases/2019/2019_187/38457695.phase
37261788,scedc:37261788,2019-07-06T03:50:04.740000Z,35.61633333333333,-117.44366666666669,7.26,3.7,,,SCEDC,,A,14,0.07,SCSN,120,122,-1,122,skipped_resume,True,2019,187,data/scedc/event_phases/2019/2019_187/37261788.phase
37421773,scedc:37421773,2019-07-06T03:50:11.070000Z,35.903666666666666,-117.72483333333334,6.5,3.8,,,SCEDC,,A,42,0.14,SCSN,116,118,-1,118,skipped_resume,True,2019,187,data/scedc/event_phases/2019/2019_187/37421773.phase
37220588,scedc:37220588,2019-07-06T03:50:34.000000Z,35.894,-117.73833333333332,8.37,3.5,,,SCEDC,,A,18,0.08,SCSN,116,118,-1,118,skipped_resume,True,2019,187,data/scedc/event_phases/2019/2019_187/37220588.phase
37220316,scedc:37220316,2019-07-06T03:50:49.350000Z,35.91016666666667,-117.739,10.71,3.8,,,SCEDC,,A,22,0.08,SCSN,116,118,-1,118,skipped_resume,True,2019,187,data/scedc/event_phases/2019/2019_187/37220316.phase
38457703,scedc:38457703,2019-07-06T03:50:59.710000Z,35.9035,-117.70016666666666,8.26,5.0,,,SCEDC,,A,78,0.17,SCSN,117,119,-1,119,skipped_resume,True,2019,187,data/scedc/event_phases/2019/2019_187/38457703.phase
37261844,scedc:37261844,2019-07-06T03:51:20.330000Z,35.937333333333335,-117.67416666666666,9.87,3.8,,,SCEDC,,A,13,0.11,SCSN,117,118,-1,118,skipped_resume,True,2019,187,data/scedc/event_phases/2019/2019_187/37261844.phase
37261900,scedc:37261900,2019-07-06T03:51:38.800000Z,35.895833333333336,-117.707,6.16,3.4,,,SCEDC,,A,18,0.07,SCSN,118,119,-1,119,skipped_resume,True,2019,187,data/scedc/event_phases/2019/2019_187/37261900.phase
37261948,scedc:37261948,2019-07-06T03:51:46.160000Z,35.911,-117.68816666666666,8.23,3.2,,,SCEDC,,A,11,0.06,SCSN,117,118,-1,118,skipped_resume,True,2019,187,data/scedc/event_phases/2019/2019_187/37261948.phase
37261964,scedc:37261964,2019-07-06T03:51:53.810000Z,35.8895,-117.6785,8.96,3.1,,,SCEDC,,A,11,0.07,SCSN,116,117,-1,117,skipped_resume,True,2019,187,data/scedc/event_phases/2019/2019_187/37261964.phase
37220596,scedc:37220596,2019-07-06T03:52:03.730000Z,35.89966666666667,-117.69633333333331,9.69,3.6,,,SCEDC,,A,19,0.11,SCSN,118,120,-1,120,skipped_resume,True,2019,187,data/scedc/event_phases/2019/2019_187/37220596.phase
37220604,scedc:37220604,2019-07-06T03:52:23.960000Z,35.75083333333333,-117.6025,6.81,3.4,,,SCEDC,,A,14,0.11,SCSN,117,119,-1,119,skipped_resume,True,2019,187,data/scedc/event_phases/2019/2019_187/37220604.phase
37220612,scedc:37220612,2019-07-06T03:52:54.840000Z,35.57683333333333,-117.40733333333333,3.6,3.6,,,SCEDC,,A,38,0.19,SCSN,120,122,-1,122,skipped_resume,True,2019,187,data/scedc/event_phases/2019/2019_187/37220612.phase
37220748,scedc:37220748,2019-07-06T03:52:59.340000Z,35.92733333333334,-117.7415,6.24,3.7,,,SCEDC,,A,31,0.16,SCSN,116,118,-1,118,skipped_resume,True,2019,187,data/scedc/event_phases/2019/2019_187/37220748.phase
37220908,scedc:37220908,2019-07-06T03:53:20.900000Z,35.775,-117.56383333333332,11.75,3.5,,,SCEDC,,A,15,0.16,SCSN,117,118,-1,118,skipped_resume,True,2019,187,data/scedc/event_phases/2019/2019_187/37220908.phase
38457719,scedc:38457719,2019-07-06T03:53:40.290000Z,35.86966666666667,-117.71066666666668,5.8,3.7,,,SCEDC,,A,43,0.11,SCSN,117,118,-1,118,skipped_resume,True,2019,187,data/scedc/event_phases/2019/2019_187/38457719.phase
37221068,scedc:37221068,2019-07-06T03:53:40.350000Z,35.70516666666666,-117.5235,10.04,3.3,,,SCEDC,,A,16,0.09,SCSN,117,118,-1,118,skipped_resume,True,2019,187,data/scedc/event_phases/2019/2019_187/37221068.phase
37221076,scedc:37221076,2019-07-06T03:53:57.980000Z,35.9025,-117.68083333333334,8.09,3.7,,,SCEDC,,A,26,0.15,SCSN,117,119,-1,119,skipped_resume,True,2019,187,data/scedc/event_phases/2019/2019_187/37221076.phase
37261980,scedc:37261980,2019-07-06T03:54:09.890000Z,35.9,-117.744,6.99,3.2,,,SCEDC,,A,15,0.08,SCSN,115,117,-1,117,skipped_resume,True,2019,187,data/scedc/event_phases/2019/2019_187/37261980.phase
37261988,scedc:37261988,2019-07-06T03:54:15.260000Z,35.91733333333333,-117.7255,9.54,3.4,,,SCEDC,,A,28,0.11,SCSN,117,117,-1,117,skipped_resume,True,2019,187,data/scedc/event_phases/2019/2019_187/37261988.phase
38457727,scedc:38457727,2019-07-06T03:54:46.840000Z,35.78,-117.58566666666668,10.44,3.5,,,SCEDC,,A,66,0.16,SCSN,116,118,-1,118,skipped_resume,True,2019,187,data/scedc/event_phases/2019/2019_187/38457727.phase
37221092,scedc:37221092,2019-07-06T03:55:03.710000Z,35.63,-117.43766666666669,4.24,3.1,,,SCEDC,,A,11,0.19,SCSN,121,122,-1,122,skipped_resume,True,2019,187,data/scedc/event_phases/2019/2019_187/37221092.phase
38457735,scedc:38457735,2019-07-06T03:55:20.020000Z,35.9055,-117.6875,8.43,4.1,,,SCEDC,,A,78,0.16,SCSN,117,119,-1,119,skipped_resume,True,2019,187,data/scedc/event_phases/2019/2019_187/38457735.phase
37262524,scedc:37262524,2019-07-06T03:55:48.170000Z,35.834833333333336,-117.6805,9.05,3.2,,,SCEDC,,A,16,0.1,SCSN,116,118,-1,118,skipped_resume,True,2019,187,data/scedc/event_phases/2019/2019_187/37262524.phase
37221100,scedc:37221100,2019-07-06T03:56:01.640000Z,35.88183333333333,-117.674,4.37,3.5,,,SCEDC,,A,35,0.17,SCSN,115,117,-1,117,skipped_resume,True,2019,187,data/scedc/event_phases/2019/2019_187/37221100.phase
37262684,scedc:37262684,2019-07-06T03:56:02.750000Z,35.669333333333334,-117.48133333333334,3.23,3.1,,,SCEDC,,A,9,0.06,SCSN,116,118,-1,118,skipped_resume,True,2019,187,data/scedc/event_phases/2019/2019_187/37262684.phase
37262860,scedc:37262860,2019-07-06T03:56:10.490000Z,35.89816666666667,-117.73066666666666,6.58,3.4,,,SCEDC,,A,15,0.12,SCSN,116,118,-1,118,skipped_resume,True,2019,187,data/scedc/event_phases/2019/2019_187/37262860.phase
37262884,scedc:37262884,2019-07-06T03:56:25.080000Z,35.87,-117.70833333333331,5.44,3.1,,,SCEDC,,A,18,0.09,SCSN,116,117,-1,117,skipped_resume,True,2019,187,data/scedc/event_phases/2019/2019_187/37262884.phase
37221108,scedc:37221108,2019-07-06T03:56:33.520000Z,35.918,-117.73616666666666,6.52,3.5,,,SCEDC,,A,36,0.12,SCSN,116,117,-1,117,skipped_resume,True,2019,187,data/scedc/event_phases/2019/2019_187/37221108.phase
37262892,scedc:37262892,2019-07-06T03:56:45.000000Z,35.913666666666664,-117.71533333333332,6.04,3.2,,,SCEDC,,A,15,0.07,SCSN,116,118,-1,118,skipped_resume,True,2019,187,data/scedc/event_phases/2019/2019_187/37262892.phase
37262916,scedc:37262916,2019-07-06T03:57:12.320000Z,35.895833333333336,-117.74,7.23,3.0,,,SCEDC,,A,14,0.09,SCSN,116,117,-1,117,skipped_resume,True,2019,187,data/scedc/event_phases/2019/2019_187/37262916.phase
37221116,scedc:37221116,2019-07-06T03:57:37.970000Z,35.89083333333333,-117.6995,4.57,3.6,,,SCEDC,,A,36,0.14,SCSN,116,118,-1,118,skipped_resume,True,2019,187,data/scedc/event_phases/2019/2019_187/37221116.phase
37421229,scedc:37421229,2019-07-06T03:57:50.900000Z,35.869,-117.66133333333332,7.21,4.3,,,SCEDC,,A,58,0.14,SCSN,116,118,-1,118,skipped_resume,True,2019,187,data/scedc/event_phases/2019/2019_187/37421229.phase
37262924,scedc:37262924,2019-07-06T03:58:11.300000Z,35.88466666666667,-117.69083333333332,9.69,3.4,,,SCEDC,,A,20,0.1,SCSN,116,118,-1,118,skipped_resume,True,2019,187,data/scedc/event_phases/2019/2019_187/37262924.phase
37221124,scedc:37221124,2019-07-06T03:58:25.300000Z,35.659166666666664,-117.4605,9.41,3.5,,,SCEDC,,A,25,0.13,SCSN,117,119,-1,119,skipped_resume,True,2019,187,data/scedc/event_phases/2019/2019_187/37221124.phase
37262956,scedc:37262956,2019-07-06T03:58:47.290000Z,35.637,-117.4765,5.27,3.2,,,SCEDC,,A,14,0.1,SCSN,118,119,-1,119,skipped_resume,True,2019,187,data/scedc/event_phases/2019/2019_187/37262956.phase
37263204,scedc:37263204,2019-07-06T03:58:57.000000Z,35.783833333333334,-117.61183333333334,7.39,3.2,,,SCEDC,,A,12,0.08,SCSN,116,118,-1,118,skipped_resume,True,2019,187,data/scedc/event_phases/2019/2019_187/37263204.phase
37263020,scedc:37263020,2019-07-06T03:58:57.750000Z,35.91,-117.68366666666668,2.3,3.4,,,SCEDC,,A,16,0.06,SCSN,117,119,-1,119,skipped_resume,True,2019,187,data/scedc/event_phases/2019/2019_187/37263020.phase
37263212,scedc:37263212,2019-07-06T03:59:10.110000Z,35.873,-117.68783333333332,4.52,3.0,,,SCEDC,,A,13,0.07,SCSN,115,117,-1,117,skipped_resume,True,2019,187,data/scedc/event_phases/2019/2019_187/37263212.phase
37221132,scedc:37221132,2019-07-06T03:59:24.000000Z,35.892833333333336,-117.72383333333332,8.02,3.5,,,SCEDC,,A,32,0.11,SCSN,118,119,-1,119,skipped_resume,True,2019,187,data/scedc/event_phases/2019/2019_187/37221132.phase
38457759,scedc:38457759,2019-07-06T03:59:48.610000Z,35.875166666666665,-117.71416666666669,4.37,3.5,,,SCEDC,,A,58,0.16,SCSN,118,119,-1,119,skipped_resume,True,2019,187,data/scedc/event_phases/2019/2019_187/38457759.phase
37221140,scedc:37221140,2019-07-06T04:00:10.650000Z,35.89366666666667,-117.73866666666666,6.94,3.0,,,SCEDC,,A,17,0.13,SCSN,116,118,-1,118,skipped_resume,True,2019,187,data/scedc/event_phases/2019/2019_187/37221140.phase
37221148,scedc:37221148,2019-07-06T04:00:36.030000Z,35.9475,-117.70183333333334,4.68,3.2,,,SCEDC,,A,21,0.07,SCSN,116,118,-1,118,skipped_resume,True,2019,187,data/scedc/event_phases/2019/2019_187/37221148.phase
37263220,scedc:37263220,2019-07-06T04:00:46.390000Z,35.8815,-117.73183333333331,2.65,3.0,,,SCEDC,,A,18,0.11,SCSN,116,118,-1,118,skipped_resume,True,2019,187,data/scedc/event_phases/2019/2019_187/37263220.phase
37221180,scedc:37221180,2019-07-06T04:00:58.520000Z,35.55,-117.37966666666668,2.29,3.2,,,SCEDC,,A,10,0.18,SCSN,122,123,-1,123,skipped_resume,True,2019,187,data/scedc/event_phases/2019/2019_187/37221180.phase
37221156,scedc:37221156,2019-07-06T04:01:05.610000Z,35.83733333333333,-117.6685,10.82,3.2,,,SCEDC,,A,29,0.2,SCSN,115,117,-1,117,skipped_resume,True,2019,187,data/scedc/event_phases/2019/2019_187/37221156.phase
37221164,scedc:37221164,2019-07-06T04:02:14.740000Z,35.89116666666666,-117.683,2.23,3.0,,,SCEDC,,A,17,0.12,SCSN,117,119,-1,119,skipped_resume,True,2019,187,data/scedc/event_phases/2019/2019_187/37221164.phase
38457767,scedc:38457767,2019-07-06T04:02:42.790000Z,35.6935,-117.524,7.47,3.3,,,SCEDC,,A,30,0.19,SCSN,116,118,-1,118,skipped_resume,True,2019,187,data/scedc/event_phases/2019/2019_187/38457767.phase
37221220,scedc:37221220,2019-07-06T04:02:59.570000Z,35.88216666666667,-117.71633333333334,4.85,3.5,,,SCEDC,,A,45,0.16,SCSN,118,119,-1,119,skipped_resume,True,2019,187,data/scedc/event_phases/2019/2019_187/37221220.phase
37263228,scedc:37263228,2019-07-06T04:03:06.160000Z,35.917,-117.7105,6.17,3.1,,,SCEDC,,A,23,0.11,SCSN,117,119,-1,119,skipped_resume,True,2019,187,data/scedc/event_phases/2019/2019_187/37263228.phase
37221236,scedc:37221236,2019-07-06T04:04:09.030000Z,35.576166666666666,-117.34516666666669,4.14,3.1,,,SCEDC,,A,11,0.19,SCSN,121,123,-1,123,skipped_resume,True,2019,187,data/scedc/event_phases/2019/2019_187/37221236.phase
37221388,scedc:37221388,2019-07-06T04:04:53.230000Z,35.89266666666666,-117.72883333333333,6.47,3.1,,,SCEDC,,A,25,0.13,SCSN,116,118,-1,118,skipped_resume,True,2019,187,data/scedc/event_phases/2019/2019_187/37221388.phase
37221404,scedc:37221404,2019-07-06T04:05:27.720000Z,35.657833333333336,-117.48666666666666,1.93,3.6,,,SCEDC,,A,27,0.16,SCSN,117,118,-1,118,skipped_resume,True,2019,187,data/scedc/event_phases/2019/2019_187/37221404.phase
37263236,scedc:37263236,2019-07-06T04:05:40.640000Z,35.829166666666666,-117.657,6.3,3.1,,,SCEDC,,A,21,0.07,SCSN,116,118,-1,118,skipped_resume,True,2019,187,data/scedc/event_phases/2019/2019_187/37263236.phase
37221188,scedc:37221188,2019-07-06T04:05:49.900000Z,35.917,-117.70883333333332,2.34,3.9,,,SCEDC,,A,29,0.11,SCSN,117,119,-1,119,skipped_resume,True,2019,187,data/scedc/event_phases/2019/2019_187/37221188.phase
38457887,scedc:38457887,2019-07-06T04:06:14.580000Z,35.578,-117.37383333333334,5.91,3.8,,,SCEDC,,A,31,0.19,SCSN,120,122,-1,122,skipped_resume,True,2019,187,data/scedc/event_phases/2019/2019_187/38457887.phase
37221204,scedc:37221204,2019-07-06T04:06:31.960000Z,35.598,-117.35883333333334,5.81,3.2,,,SCEDC,,A,13,0.1,SCSN,121,122,-1,122,skipped_resume,True,2019,187,data/scedc/event_phases/2019/2019_187/37221204.phase
37221212,scedc:37221212,2019-07-06T04:06:50.070000Z,35.61966666666667,-117.46083333333333,10.76,3.2,,,SCEDC,,A,19,0.14,SCSN,120,121,-1,121,skipped_resume,True,2019,187,data/scedc/event_phases/2019/2019_187/37221212.phase
37263244,scedc:37263244,2019-07-06T04:07:15.800000Z,35.864666666666665,-117.69466666666666,2.73,3.7,,,SCEDC,,A,14,0.1,SCSN,116,118,-1,118,skipped_resume,True,2019,187,data/scedc/event_phases/2019/2019_187/37263244.phase
37221428,scedc:37221428,2019-07-06T04:07:37.930000Z,35.910333333333334,-117.71766666666667,4.05,3.6,,,SCEDC,,A,16,0.11,SCSN,116,118,-1,118,skipped_resume,True,2019,187,data/scedc/event_phases/2019/2019_187/37221428.phase
37221436,scedc:37221436,2019-07-06T04:07:52.610000Z,35.896,-117.70233333333331,7.88,3.0,,,SCEDC,,A,20,0.07,SCSN,117,119,-1,119,skipped_resume,True,2019,187,data/scedc/event_phases/2019/2019_187/37221436.phase
37263252,scedc:37263252,2019-07-06T04:08:07.770000Z,35.73983333333334,-117.58066666666669,11.65,3.1,,,SCEDC,,A,22,0.12,SCSN,117,118,-1,118,skipped_resume,True,2019,187,data/scedc/event_phases/2019/2019_187/37263252.phase
38457791,scedc:38457791,2019-07-06T04:08:35.800000Z,35.868833333333335,-117.66666666666669,6.45,3.4,,,SCEDC,,A,47,0.14,SCSN,117,118,-1,118,skipped_resume,True,2019,187,data/scedc/event_phases/2019/2019_187/38457791.phase
37221444,scedc:37221444,2019-07-06T04:08:45.480000Z,35.8875,-117.68333333333334,8.77,3.4,,,SCEDC,,A,34,0.11,SCSN,116,118,-1,118,skipped_resume,True,2019,187,data/scedc/event_phases/2019/2019_187/37221444.phase
37263260,scedc:37263260,2019-07-06T04:08:55.760000Z,35.886833333333335,-117.687,8.18,3.0,,,SCEDC,,A,11,0.07,SCSN,117,119,-1,119,skipped_resume,True,2019,187,data/scedc/event_phases/2019/2019_187/37263260.phase
37221460,scedc:37221460,2019-07-06T04:09:31.080000Z,35.67816666666667,-117.54666666666668,11.16,3.4,,,SCEDC,,A,28,0.16,SCSN,116,118,-1,118,skipped_resume,True,2019,187,data/scedc/event_phases/2019/2019_187/37221460.phase
37221548,scedc:37221548,2019-07-06T04:09:50.190000Z,35.69166666666667,-117.51166666666668,8.69,3.5,,,SCEDC,,A,30,0.16,SCSN,116,118,-1,118,skipped_resume,True,2019,187,data/scedc/event_phases/2019/2019_187/37221548.phase
37221556,scedc:37221556,2019-07-06T04:10:05.710000Z,35.635333333333335,-117.39966666666666,3.04,3.4,,,SCEDC,,B,11,0.14,SCSN,120,122,-1,122,skipped_resume,True,2019,187,data/scedc/event_phases/2019/2019_187/37221556.phase
37221564,scedc:37221564,2019-07-06T04:10:06.490000Z,35.82183333333333,-117.64933333333332,6.35,3.3,,,SCEDC,,A,22,0.18,SCSN,116,118,-1,118,skipped_resume,True,2019,187,data/scedc/event_phases/2019/2019_187/37221564.phase
38457799,scedc:38457799,2019-07-06T04:10:37.520000Z,35.835,-117.675,9.07,3.5,,,SCEDC,,A,49,0.14,SCSN,116,118,-1,118,skipped_resume,True,2019,187,data/scedc/event_phases/2019/2019_187/38457799.phase
37221580,scedc:37221580,2019-07-06T04:10:49.060000Z,35.777833333333334,-117.58066666666669,10.58,3.7,,,SCEDC,,A,37,0.12,SCSN,116,118,-1,118,skipped_resume,True,2019,187,data/scedc/event_phases/2019/2019_187/37221580.phase
37221612,scedc:37221612,2019-07-06T04:10:52.280000Z,35.925,-117.69466666666666,3.18,3.4,,,SCEDC,,C,8,0.14,SCSN,117,119,-1,119,skipped_resume,True,2019,187,data/scedc/event_phases/2019/2019_187/37221612.phase
37263324,scedc:37263324,2019-07-06T04:10:58.090000Z,35.87683333333333,-117.71383333333333,9.75,3.6,,,SCEDC,,A,22,0.06,SCSN,117,119,-1,119,skipped_resume,True,2019,187,data/scedc/event_phases/2019/2019_187/37263324.phase
37221588,scedc:37221588,2019-07-06T04:11:02.280000Z,35.9,-117.69266666666668,6.48,3.8,,,SCEDC,,A,37,0.15,SCSN,117,119,-1,119,skipped_resume,True,2019,187,data/scedc/event_phases/2019/2019_187/37221588.phase
37258068,scedc:37258068,2019-07-06T04:11:08.920000Z,35.92133333333334,-117.70866666666667,9.03,3.5,,,SCEDC,,A,12,0.12,SCSN,117,119,-1,119,skipped_resume,True,2019,187,data/scedc/event_phases/2019/2019_187/37258068.phase
37221596,scedc:37221596,2019-07-06T04:11:23.280000Z,35.879333333333335,-117.69233333333334,11.35,3.3,,,SCEDC,,A,19,0.13,SCSN,117,118,-1,118,skipped_resume,True,2019,187,data/scedc/event_phases/2019/2019_187/37221596.phase
37221604,scedc:37221604,2019-07-06T04:11:53.940000Z,35.91166666666667,-117.72583333333333,6.76,3.1,,,SCEDC,,A,16,0.1,SCSN,117,118,-1,118,skipped_resume,True,2019,187,data/scedc/event_phases/2019/2019_187/37221604.phase
37263332,scedc:37263332,2019-07-06T04:12:02.550000Z,35.6775,-117.49,1.26,3.1,,,SCEDC,,A,11,0.04,SCSN,117,118,-1,118,skipped_resume,True,2019,187,data/scedc/event_phases/2019/2019_187/37263332.phase
38457807,scedc:38457807,2019-07-06T04:12:13.840000Z,35.659,-117.47983333333332,6.97,3.9,,,SCEDC,,A,40,0.14,SCSN,117,118,-1,118,skipped_resume,True,2019,187,data/scedc/event_phases/2019/2019_187/38457807.phase
37221620,scedc:37221620,2019-07-06T04:12:18.850000Z,35.88733333333333,-117.72283333333333,9.17,3.9,,,SCEDC,,A,23,0.19,SCSN,117,119,-1,119,skipped_resume,True,2019,187,data/scedc/event_phases/2019/2019_187/37221620.phase
37221628,scedc:37221628,2019-07-06T04:12:44.170000Z,35.841,-117.64083333333332,10.1,3.6,,,SCEDC,,A,32,0.13,SCSN,117,119,-1,119,skipped_resume,True,2019,187,data/scedc/event_phases/2019/2019_187/37221628.phase
37220324,scedc:37220324,2019-07-06T04:13:06.130000Z,35.909166666666664,-117.68933333333334,8.39,3.6,,,SCEDC,,A,18,0.05,SCSN,117,119,-1,119,skipped_resume,True,2019,187,data/scedc/event_phases/2019/2019_187/37220324.phase
37263340,scedc:37263340,2019-07-06T04:13:30.590000Z,35.891,-117.72683333333332,10.01,3.5,,,SCEDC,,A,19,0.12,SCSN,116,118,-1,118,skipped_resume,True,2019,187,data/scedc/event_phases/2019/2019_187/37263340.phase
37221636,scedc:37221636,2019-07-06T04:13:55.120000Z,35.90416666666667,-117.68083333333334,9.43,3.4,,,SCEDC,,A,13,0.18,SCSN,117,119,-1,119,skipped_resume,True,2019,187,data/scedc/event_phases/2019/2019_187/37221636.phase
37221644,scedc:37221644,2019-07-06T04:14:20.800000Z,35.604166666666664,-117.40266666666666,6.72,3.8,,,SCEDC,,A,33,0.13,SCSN,120,122,-1,122,skipped_resume,True,2019,187,data/scedc/event_phases/2019/2019_187/37221644.phase
37221708,scedc:37221708,2019-07-06T04:14:31.370000Z,35.6795,-117.49066666666668,0.91,3.7,,,SCEDC,,A,20,0.19,SCSN,116,118,-1,118,skipped_resume,True,2019,187,data/scedc/event_phases/2019/2019_187/37221708.phase
37263348,scedc:37263348,2019-07-06T04:14:55.290000Z,35.7095,-117.50666666666666,7.01,3.0,,,SCEDC,,A,17,0.12,SCSN,116,118,-1,118,skipped_resume,True,2019,187,data/scedc/event_phases/2019/2019_187/37263348.phase
37221716,scedc:37221716,2019-07-06T04:14:59.200000Z,35.903,-117.72716666666666,4.42,3.0,,,SCEDC,,A,14,0.12,SCSN,116,118,-1,118,skipped_resume,True,2019,187,data/scedc/event_phases/2019/2019_187/37221716.phase
37221876,scedc:37221876,2019-07-06T04:16:01.980000Z,35.887,-117.689,9.01,3.1,,,SCEDC,,A,26,0.13,SCSN,116,118,-1,118,skipped_resume,True,2019,187,data/scedc/event_phases/2019/2019_187/37221876.phase
38457831,scedc:38457831,2019-07-06T04:16:17.230000Z,35.82483333333333,-117.6715,8.56,3.5,,,SCEDC,,A,69,0.12,SCSN,116,118,-1,118,skipped_resume,True,2019,187,data/scedc/event_phases/2019/2019_187/38457831.phase
37221892,scedc:37221892,2019-07-06T04:16:36.160000Z,35.8115,-117.62633333333332,7.49,3.1,,,SCEDC,,A,9,0.15,SCSN,117,118,-1,118,skipped_resume,True,2019,187,data/scedc/event_phases/2019/2019_187/37221892.phase
37221884,scedc:37221884,2019-07-06T04:16:48.800000Z,35.824,-117.66,5.81,3.6,,,SCEDC,,A,30,0.27,SCSN,116,118,-1,118,skipped_resume,True,2019,187,data/scedc/event_phases/2019/2019_187/37221884.phase
37221900,scedc:37221900,2019-07-06T04:16:58.530000Z,35.780166666666666,-117.604,9.48,3.0,,,SCEDC,,A,11,0.07,SCSN,118,119,-1,119,skipped_resume,True,2019,187,data/scedc/event_phases/2019/2019_187/37221900.phase
37221908,scedc:37221908,2019-07-06T04:17:41.000000Z,35.879,-117.66866666666668,6.95,3.0,,,SCEDC,,A,27,0.12,SCSN,116,118,-1,118,skipped_resume,True,2019,187,data/scedc/event_phases/2019/2019_187/37221908.phase
38457839,scedc:38457839,2019-07-06T04:18:07.940000Z,35.66583333333333,-117.48233333333332,4.15,3.4,,,SCEDC,,A,52,0.17,SCSN,116,119,-1,119,skipped_resume,True,2019,187,data/scedc/event_phases/2019/2019_187/38457839.phase
37221924,scedc:37221924,2019-07-06T04:18:32.600000Z,35.8975,-117.72683333333332,8.21,3.2,,,SCEDC,,A,8,0.03,SCSN,115,118,-1,118,skipped_resume,True,2019,187,data/scedc/event_phases/2019/2019_187/37221924.phase
37221916,scedc:37221916,2019-07-06T04:18:36.030000Z,35.694,-117.53816666666668,8.39,3.6,,,SCEDC,,A,34,0.13,SCSN,116,119,-1,119,skipped_resume,True,2019,187,data/scedc/event_phases/2019/2019_187/37221916.phase
37221932,scedc:37221932,2019-07-06T04:19:15.480000Z,35.785,-117.6175,10.63,4.3,,,SCEDC,,A,22,0.1,SCSN,117,119,-1,119,skipped_resume,True,2019,187,data/scedc/event_phases/2019/2019_187/37221932.phase
37263380,scedc:37263380,2019-07-06T04:19:40.830000Z,35.889,-117.7245,1.31,3.4,,,SCEDC,,C,11,0.11,SCSN,118,120,-1,120,skipped_resume,True,2019,187,data/scedc/event_phases/2019/2019_187/37263380.phase
38457855,scedc:38457855,2019-07-06T04:19:54.940000Z,35.885,-117.717,4.9,3.8,,,SCEDC,,A,30,0.11,SCSN,118,120,-1,120,skipped_resume,True,2019,187,data/scedc/event_phases/2019/2019_187/38457855.phase
38457863,scedc:38457863,2019-07-06T04:19:56.010000Z,35.58083333333333,-117.40416666666668,5.18,4.0,,,SCEDC,,A,13,0.08,SCSN,120,122,-1,122,skipped_resume,True,2019,187,data/scedc/event_phases/2019/2019_187/38457863.phase
37263396,scedc:37263396,2019-07-06T04:20:06.180000Z,35.89816666666667,-117.71,10.24,3.5,,,SCEDC,,A,11,0.08,SCSN,118,120,-1,120,skipped_resume,True,2019,187,data/scedc/event_phases/2019/2019_187/37263396.phase
37263484,scedc:37263484,2019-07-06T04:20:22.140000Z,35.87733333333333,-117.7265,4.23,3.4,,,SCEDC,,A,18,0.13,SCSN,118,120,-1,120,skipped_resume,True,2019,187,data/scedc/event_phases/2019/2019_187/37263484.phase
37221940,scedc:37221940,2019-07-06T04:20:28.200000Z,35.92466666666667,-117.70883333333332,2.76,3.7,,,SCEDC,,A,17,0.2,SCSN,118,120,-1,120,skipped_resume,True,2019,187,data/scedc/event_phases/2019/2019_187/37221940.phase
37221948,scedc:37221948,2019-07-06T04:20:46.910000Z,35.8735,-117.7,3.16,3.6,,,SCEDC,,C,17,0.1,SCSN,117,119,-1,119,skipped_resume,True,2019,187,data/scedc/event_phases/2019/2019_187/37221948.phase
37263500,scedc:37263500,2019-07-06T04:21:00.220000Z,35.79716666666667,-117.62433333333334,8.47,3.5,,,SCEDC,,A,37,0.09,SCSN,117,119,-1,119,skipped_resume,True,2019,187,data/scedc/event_phases/2019/2019_187/37263500.phase
38457871,scedc:38457871,2019-07-06T04:21:35.820000Z,35.778666666666666,-117.61216666666668,2.59,4.2,,,SCEDC,,A,69,0.17,SCSN,117,119,-1,119,skipped_resume,True,2019,187,data/scedc/event_phases/2019/2019_187/38457871.phase
37222028,scedc:37222028,2019-07-06T04:21:53.760000Z,35.71666666666667,-117.55483333333332,6.81,3.6,,,SCEDC,,A,29,0.15,SCSN,117,118,-1,118,skipped_resume,True,2019,187,data/scedc/event_phases/2019/2019_187/37222028.phase
37222036,scedc:37222036,2019-07-06T04:22:16.200000Z,35.86116666666667,-117.69116666666666,7.72,3.6,,,SCEDC,,A,42,0.1,SCSN,117,118,-1,118,skipped_resume,True,2019,187,data/scedc/event_phases/2019/2019_187/37222036.phase
37222044,scedc:37222044,2019-07-06T04:22:39.100000Z,35.913,-117.74466666666666,6.21,3.1,,,SCEDC,,A,29,0.11,SCSN,116,117,-1,117,skipped_resume,True,2019,187,data/scedc/event_phases/2019/2019_187/37222044.phase
37222052,scedc:37222052,2019-07-06T04:23:29.510000Z,35.650666666666666,-117.488,1.08,3.4,,,SCEDC,,A,25,0.2,SCSN,117,119,-1,119,skipped_resume,True,2019,187,data/scedc/event_phases/2019/2019_187/37222052.phase
37222060,scedc:37222060,2019-07-06T04:23:29.830000Z,35.8885,-117.71866666666666,4.63,3.3,,,SCEDC,,A,39,0.11,SCSN,118,120,-1,120,skipped_resume,True,2019,187,data/scedc/event_phases/2019/2019_187/37222060.phase
37263508,scedc:37263508,2019-07-06T04:23:52.580000Z,35.89266666666666,-117.69633333333331,9.72,3.1,,,SCEDC,,A,15,0.11,SCSN,117,119,-1,119,skipped_resume,True,2019,187,data/scedc/event_phases/2019/2019_187/37263508.phase
38457879,scedc:38457879,2019-07-06T04:24:14.940000Z,35.635666666666665,-117.429,5.65,3.3,,,SCEDC,,A,30,0.12,SCSN,120,122,-1,122,skipped_resume,True,2019,187,data/scedc/event_phases/2019/2019_187/38457879.phase
38457895,scedc:38457895,2019-07-06T04:24:40.670000Z,35.897666666666666,-117.6995,7.41,3.7,,,SCEDC,,A,53,0.11,SCSN,118,120,-1,120,skipped_resume,True,2019,187,data/scedc/event_phases/2019/2019_187/38457895.phase
37222092,scedc:37222092,2019-07-06T04:24:43.320000Z,35.674166666666665,-117.549,7.96,3.7,,,SCEDC,,A,24,0.19,SCSN,117,119,-1,119,skipped_resume,True,2019,187,data/scedc/event_phases/2019/2019_187/37222092.phase
37222116,scedc:37222116,2019-07-06T04:25:36.100000Z,35.883833333333335,-117.73116666666668,3.0,3.0,,,SCEDC,,A,26,0.18,SCSN,113,114,-1,114,skipped_resume,True,2019,187,data/scedc/event_phases/2019/2019_187/37222116.phase
37222140,scedc:37222140,2019-07-06T04:26:37.290000Z,35.901666666666664,-117.71366666666668,10.01,3.2,,,SCEDC,,A,29,0.14,SCSN,118,120,-1,120,skipped_resume,True,2019,187,data/scedc/event_phases/2019/2019_187/37222140.phase
38457903,scedc:38457903,2019-07-06T04:27:10.340000Z,35.887166666666666,-117.71316666666668,5.98,3.6,,,SCEDC,,A,68,0.14,SCSN,119,120,-1,120,skipped_resume,True,2019,187,data/scedc/event_phases/2019/2019_187/38457903.phase
37222156,scedc:37222156,2019-07-06T04:28:09.260000Z,35.88216666666667,-117.72616666666669,3.78,3.5,,,SCEDC,,A,62,0.1,SCSN,119,120,-1,120,skipped_resume,True,2019,187,data/scedc/event_phases/2019/2019_187/37222156.phase
37222164,scedc:37222164,2019-07-06T04:28:38.500000Z,35.89533333333333,-117.731,6.95,3.2,,,SCEDC,,A,28,0.07,SCSN,117,119,-1,119,skipped_resume,True,2019,187,data/scedc/event_phases/2019/2019_187/37222164.phase
38457911,scedc:38457911,2019-07-06T04:29:02.200000Z,35.7955,-117.63066666666668,2.82,3.6,,,SCEDC,,A,68,0.16,SCSN,118,120,-1,120,skipped_resume,True,2019,187,data/scedc/event_phases/2019/2019_187/38457911.phase
37263516,scedc:37263516,2019-07-06T04:29:21.400000Z,35.8655,-117.6895,9.06,3.1,,,SCEDC,,A,18,0.09,SCSN,117,119,-1,119,skipped_resume,True,2019,187,data/scedc/event_phases/2019/2019_187/37263516.phase
37224788,scedc:37224788,2019-07-06T04:30:03.430000Z,35.899166666666666,-117.6965,2.48,3.2,,,SCEDC,,A,27,0.11,SCSN,119,121,-1,121,skipped_resume,True,2019,187,data/scedc/event_phases/2019/2019_187/37224788.phase
37263644,scedc:37263644,2019-07-06T04:30:09.210000Z,35.894,-117.69983333333332,0.8,3.0,,,SCEDC,,A,10,0.12,SCSN,118,120,-1,120,skipped_resume,True,2019,187,data/scedc/event_phases/2019/2019_187/37263644.phase
38457919,scedc:38457919,2019-07-06T04:30:44.040000Z,35.87233333333333,-117.6735,8.26,3.0,,,SCEDC,,A,21,0.11,SCSN,118,119,-1,119,skipped_resume,True,2019,187,data/scedc/event_phases/2019/2019_187/38457919.phase
37224748,scedc:37224748,2019-07-06T04:30:46.820000Z,35.68333333333333,-117.51116666666668,10.89,3.5,,,SCEDC,,A,32,0.19,SCSN,118,119,-1,119,skipped_resume,True,2019,187,data/scedc/event_phases/2019/2019_187/37224748.phase
38457927,scedc:38457927,2019-07-06T04:31:05.250000Z,35.840833333333336,-117.66016666666668,4.81,3.5,,,SCEDC,,A,61,0.15,SCSN,117,119,-1,119,skipped_resume,True,2019,187,data/scedc/event_phases/2019/2019_187/38457927.phase
37224756,scedc:37224756,2019-07-06T04:31:19.460000Z,35.565666666666665,-117.39583333333331,3.36,3.8,,,SCEDC,,A,41,0.18,SCSN,121,122,-1,122,skipped_resume,True,2019,187,data/scedc/event_phases/2019/2019_187/37224756.phase
37224764,scedc:37224764,2019-07-06T04:31:38.200000Z,35.898833333333336,-117.72616666666669,5.82,3.4,,,SCEDC,,A,26,0.13,SCSN,117,119,-1,119,skipped_resume,True,2019,187,data/scedc/event_phases/2019/2019_187/37224764.phase
37263532,scedc:37263532,2019-07-06T04:31:42.380000Z,35.89366666666667,-117.73366666666666,6.66,3.3,,,SCEDC,,A,14,0.09,SCSN,117,119,-1,119,skipped_resume,True,2019,187,data/scedc/event_phases/2019/2019_187/37263532.phase
37263548,scedc:37263548,2019-07-06T04:32:12.860000Z,35.78183333333333,-117.605,4.56,3.2,,,SCEDC,,A,36,0.16,SCSN,119,120,-1,120,skipped_resume,True,2019,187,data/scedc/event_phases/2019/2019_187/37263548.phase
37263564,scedc:37263564,2019-07-06T04:32:42.690000Z,35.661833333333334,-117.53566666666669,9.13,3.0,,,SCEDC,,A,42,0.13,SCSN,117,119,-1,119,skipped_resume,True,2019,187,data/scedc/event_phases/2019/2019_187/37263564.phase
38457935,scedc:38457935,2019-07-06T04:33:24.410000Z,35.9205,-117.714,2.58,3.3,,,SCEDC,,A,57,0.12,SCSN,117,119,-1,119,skipped_resume,True,2019,187,data/scedc/event_phases/2019/2019_187/38457935.phase
37263676,scedc:37263676,2019-07-06T04:33:34.330000Z,35.88666666666667,-117.71383333333333,5.16,3.0,,,SCEDC,,A,13,0.07,SCSN,118,120,-1,120,skipped_resume,True,2019,187,data/scedc/event_phases/2019/2019_187/37263676.phase
37263684,scedc:37263684,2019-07-06T04:33:40.150000Z,35.87866666666667,-117.703,6.57,3.1,,,SCEDC,,A,17,0.11,SCSN,118,119,-1,119,skipped_resume,True,2019,187,data/scedc/event_phases/2019/2019_187/37263684.phase
37224772,scedc:37224772,2019-07-06T04:33:50.060000Z,35.8285,-117.6625,2.97,3.6,,,SCEDC,,A,54,0.18,SCSN,118,119,-1,119,skipped_resume,True,2019,187,data/scedc/event_phases/2019/2019_187/37224772.phase
37224796,scedc:37224796,2019-07-06T04:34:01.800000Z,35.87416666666667,-117.70216666666668,6.32,3.2,,,SCEDC,,A,24,0.1,SCSN,117,119,-1,119,skipped_resume,True,2019,187,data/scedc/event_phases/2019/2019_187/37224796.phase
37224780,scedc:37224780,2019-07-06T04:34:11.150000Z,35.8965,-117.73983333333334,7.81,3.5,,,SCEDC,,A,36,0.11,SCSN,118,119,-1,119,skipped_resume,True,2019,187,data/scedc/event_phases/2019/2019_187/37224780.phase
37224804,scedc:37224804,2019-07-06T04:34:24.330000Z,35.873666666666665,-117.71633333333334,4.45,3.1,,,SCEDC,,A,27,0.13,SCSN,118,120,-1,120,skipped_resume,True,2019,187,data/scedc/event_phases/2019/2019_187/37224804.phase
37224812,scedc:37224812,2019-07-06T04:34:38.320000Z,35.67516666666667,-117.53483333333334,7.76,3.2,,,SCEDC,,A,24,0.18,SCSN,117,119,-1,119,skipped_resume,True,2019,187,data/scedc/event_phases/2019/2019_187/37224812.phase
37224820,scedc:37224820,2019-07-06T04:35:15.900000Z,35.5975,-117.40433333333333,4.86,3.2,,,SCEDC,,A,28,0.12,SCSN,120,122,-1,122,skipped_resume,True,2019,187,data/scedc/event_phases/2019/2019_187/37224820.phase
37224908,scedc:37224908,2019-07-06T04:35:19.440000Z,35.897166666666664,-117.72516666666668,4.2,3.8,,,SCEDC,,A,69,0.14,SCSN,117,119,-1,119,skipped_resume,True,2019,187,data/scedc/event_phases/2019/2019_187/37224908.phase
38457951,scedc:38457951,2019-07-06T04:36:30.490000Z,35.70616666666667,-117.512,2.29,3.2,,,SCEDC,,A,31,0.14,SCSN,117,119,-1,119,skipped_resume,True,2019,187,data/scedc/event_phases/2019/2019_187/38457951.phase
37224932,scedc:37224932,2019-07-06T04:36:50.230000Z,35.868833333333335,-117.70666666666666,2.76,3.8,,,SCEDC,,A,36,0.11,SCSN,117,119,-1,119,skipped_resume,True,2019,187,data/scedc/event_phases/2019/2019_187/37224932.phase
37224964,scedc:37224964,2019-07-06T04:37:13.570000Z,35.91,-117.74533333333332,8.01,4.3,,,SCEDC,,A,40,0.11,SCSN,116,118,-1,118,skipped_resume,True,2019,187,data/scedc/event_phases/2019/2019_187/37224964.phase
37263716,scedc:37263716,2019-07-06T04:37:31.520000Z,35.70516666666666,-117.52666666666669,8.94,3.2,,,SCEDC,,B,11,0.21,SCSN,118,119,-1,119,skipped_resume,True,2019,187,data/scedc/event_phases/2019/2019_187/37263716.phase
37224972,scedc:37224972,2019-07-06T04:37:43.640000Z,35.82666666666667,-117.6645,8.41,3.3,,,SCEDC,,A,14,0.06,SCSN,117,119,-1,119,skipped_resume,True,2019,187,data/scedc/event_phases/2019/2019_187/37224972.phase
37263724,scedc:37263724,2019-07-06T04:38:08.610000Z,35.632666666666665,-117.434,6.26,3.6,,,SCEDC,,A,57,0.15,SCSN,120,122,-1,122,skipped_resume,True,2019,187,data/scedc/event_phases/2019/2019_187/37263724.phase
37263732,scedc:37263732,2019-07-06T04:38:24.630000Z,35.686,-117.5345,8.09,3.0,,,SCEDC,,A,14,0.09,SCSN,115,116,-1,116,skipped_resume,True,2019,187,data/scedc/event_phases/2019/2019_187/37263732.phase
38457975,scedc:38457975,2019-07-06T04:39:10.040000Z,35.88933333333333,-117.74316666666668,6.63,3.2,,,SCEDC,,A,36,0.13,SCSN,118,119,-1,119,skipped_resume,True,2019,187,data/scedc/event_phases/2019/2019_187/38457975.phase
37224980,scedc:37224980,2019-07-06T04:39:43.930000Z,35.890166666666666,-117.7095,8.36,3.4,,,SCEDC,,A,24,0.11,SCSN,118,120,-1,120,skipped_resume,True,2019,187,data/scedc/event_phases/2019/2019_187/37224980.phase
37224988,scedc:37224988,2019-07-06T04:39:46.020000Z,35.89,-117.711,7.54,3.4,,,SCEDC,,A,19,0.1,SCSN,118,120,-1,120,skipped_resume,True,2019,187,data/scedc/event_phases/2019/2019_187/37224988.phase
37224996,scedc:37224996,2019-07-06T04:40:09.690000Z,35.837,-117.66633333333333,9.8,3.4,,,SCEDC,,A,39,0.16,SCSN,117,119,-1,119,skipped_resume,True,2019,187,data/scedc/event_phases/2019/2019_187/37224996.phase
38457983,scedc:38457983,2019-07-06T04:40:15.980000Z,35.642833333333336,-117.44566666666668,2.88,4.2,,,SCEDC,,A,79,0.15,SCSN,117,119,-1,119,skipped_resume,True,2019,187,data/scedc/event_phases/2019/2019_187/38457983.phase
37225004,scedc:37225004,2019-07-06T04:40:39.610000Z,35.8805,-117.71516666666666,3.41,3.4,,,SCEDC,,A,29,0.13,SCSN,118,120,-1,120,skipped_resume,True,2019,187,data/scedc/event_phases/2019/2019_187/37225004.phase
38457991,scedc:38457991,2019-07-06T04:41:03.050000Z,35.89933333333333,-117.72483333333334,5.62,3.6,,,SCEDC,,A,46,0.1,SCSN,117,119,-1,119,skipped_resume,True,2019,187,data/scedc/event_phases/2019/2019_187/38457991.phase
38457999,scedc:38457999,2019-07-06T04:41:49.210000Z,35.886833333333335,-117.691,6.77,3.5,,,SCEDC,,A,86,0.13,SCSN,117,119,-1,119,skipped_resume,True,2019,187,data/scedc/event_phases/2019/2019_187/38457999.phase
38458007,scedc:38458007,2019-07-06T04:42:54.390000Z,35.6915,-117.6045,6.63,3.4,,,SCEDC,,A,70,0.2,SCSN,117,119,-1,119,skipped_resume,True,2019,187,data/scedc/event_phases/2019/2019_187/38458007.phase
37225044,scedc:37225044,2019-07-06T04:43:22.910000Z,35.6975,-117.5495,10.37,3.1,,,SCEDC,,A,47,0.16,SCSN,117,119,-1,119,skipped_resume,True,2019,187,data/scedc/event_phases/2019/2019_187/37225044.phase
38458015,scedc:38458015,2019-07-06T04:44:09.190000Z,35.887,-117.72766666666666,6.17,3.0,,,SCEDC,,A,41,0.09,SCSN,119,120,-1,120,skipped_resume,True,2019,187,data/scedc/event_phases/2019/2019_187/38458015.phase
38458023,scedc:38458023,2019-07-06T04:44:32.390000Z,35.62283333333333,-117.57916666666668,7.0,3.3,,,SCEDC,,A,36,0.18,SCSN,117,119,-1,119,skipped_resume,True,2019,187,data/scedc/event_phases/2019/2019_187/38458023.phase
37225084,scedc:37225084,2019-07-06T04:44:37.670000Z,35.9085,-117.74116666666669,6.48,3.1,,,SCEDC,,A,28,0.1,SCSN,116,118,-1,118,skipped_resume,True,2019,187,data/scedc/event_phases/2019/2019_187/37225084.phase
38458031,scedc:38458031,2019-07-06T04:45:36.470000Z,35.905166666666666,-117.72416666666666,4.51,3.6,,,SCEDC,,A,84,0.13,SCSN,118,119,-1,119,skipped_resume,True,2019,187,data/scedc/event_phases/2019/2019_187/38458031.phase
37225100,scedc:37225100,2019-07-06T04:45:40.920000Z,35.903,-117.67483333333334,9.0,3.3,,,SCEDC,,A,20,0.11,SCSN,119,120,-1,120,skipped_resume,True,2019,187,data/scedc/event_phases/2019/2019_187/37225100.phase
37225172,scedc:37225172,2019-07-06T04:47:37.150000Z,35.63033333333333,-117.36016666666669,4.83,3.2,,,SCEDC,,A,9,0.13,SCSN,120,120,-1,120,skipped_resume,True,2019,187,data/scedc/event_phases/2019/2019_187/37225172.phase
37225188,scedc:37225188,2019-07-06T04:48:35.640000Z,35.879333333333335,-117.69183333333334,4.2,3.0,,,SCEDC,,A,28,0.09,SCSN,117,119,-1,119,skipped_resume,True,2019,187,data/scedc/event_phases/2019/2019_187/37225188.phase
37225196,scedc:37225196,2019-07-06T04:48:48.860000Z,35.82933333333333,-117.6585,7.38,3.1,,,SCEDC,,A,39,0.13,SCSN,117,119,-1,119,skipped_resume,True,2019,187,data/scedc/event_phases/2019/2019_187/37225196.phase
37263740,scedc:37263740,2019-07-06T04:48:57.880000Z,35.86866666666667,-117.70366666666666,5.8,3.0,,,SCEDC,,A,17,0.05,SCSN,118,119,-1,119,skipped_resume,True,2019,187,data/scedc/event_phases/2019/2019_187/37263740.phase
37225204,scedc:37225204,2019-07-06T04:49:02.340000Z,35.64266666666666,-117.44066666666669,2.63,3.1,,,SCEDC,,A,24,0.16,SCSN,119,121,-1,121,skipped_resume,True,2019,187,data/scedc/event_phases/2019/2019_187/37225204.phase
38458063,scedc:38458063,2019-07-06T04:49:42.550000Z,35.8815,-117.73016666666666,8.06,3.7,,,SCEDC,,A,91,0.14,SCSN,119,120,-1,120,skipped_resume,True,2019,187,data/scedc/event_phases/2019/2019_187/38458063.phase
37263756,scedc:37263756,2019-07-06T04:49:56.620000Z,35.782666666666664,-117.64716666666666,9.31,3.0,,,SCEDC,,A,18,0.15,SCSN,118,119,-1,119,skipped_resume,True,2019,187,data/scedc/event_phases/2019/2019_187/37263756.phase
37225220,scedc:37225220,2019-07-06T04:50:04.100000Z,35.79066666666667,-117.61333333333332,7.19,3.7,,,SCEDC,,A,40,0.15,SCSN,117,119,-1,119,skipped_resume,True,2019,187,data/scedc/event_phases/2019/2019_187/37225220.phase
37263764,scedc:37263764,2019-07-06T04:50:11.880000Z,35.892,-117.72883333333333,5.64,3.5,,,SCEDC,,A,18,0.1,SCSN,118,119,-1,119,skipped_resume,True,2019,187,data/scedc/event_phases/2019/2019_187/37263764.phase
37225228,scedc:37225228,2019-07-06T04:50:16.120000Z,35.896,-117.732,7.18,3.7,,,SCEDC,,A,40,0.16,SCSN,117,119,-1,119,skipped_resume,True,2019,187,data/scedc/event_phases/2019/2019_187/37225228.phase
37263772,scedc:37263772,2019-07-06T04:50:23.490000Z,35.897,-117.70816666666668,5.62,3.4,,,SCEDC,,A,11,0.09,SCSN,118,120,-1,120,skipped_resume,True,2019,187,data/scedc/event_phases/2019/2019_187/37263772.phase
37225388,scedc:37225388,2019-07-06T04:50:42.220000Z,35.70783333333333,-117.50083333333332,1.53,3.5,,,SCEDC,,A,19,0.19,SCSN,117,119,-1,119,skipped_resume,True,2019,187,data/scedc/event_phases/2019/2019_187/37225388.phase
37225412,scedc:37225412,2019-07-06T04:51:49.070000Z,35.923,-117.71133333333331,3.86,3.0,,,SCEDC,,A,18,0.1,SCSN,117,119,-1,119,skipped_resume,True,2019,187,data/scedc/event_phases/2019/2019_187/37225412.phase
38458071,scedc:38458071,2019-07-06T04:52:04.010000Z,35.8895,-117.73233333333332,5.37,4.6,,,SCEDC,,A,58,0.13,SCSN,117,119,-1,119,skipped_resume,True,2019,187,data/scedc/event_phases/2019/2019_187/38458071.phase
37225420,scedc:37225420,2019-07-06T04:52:45.230000Z,35.86983333333333,-117.6935,2.45,3.4,,,SCEDC,,A,17,0.09,SCSN,117,118,-1,118,skipped_resume,True,2019,187,data/scedc/event_phases/2019/2019_187/37225420.phase
37225428,scedc:37225428,2019-07-06T04:53:03.960000Z,35.89666666666667,-117.73533333333332,6.77,3.5,,,SCEDC,,A,27,0.09,SCSN,118,118,-1,118,skipped_resume,True,2019,187,data/scedc/event_phases/2019/2019_187/37225428.phase
38458087,scedc:38458087,2019-07-06T04:53:41.990000Z,35.875,-117.6595,6.86,4.0,,,SCEDC,,A,93,0.15,SCSN,117,118,-1,118,skipped_resume,True,2019,187,data/scedc/event_phases/2019/2019_187/38458087.phase
37225436,scedc:37225436,2019-07-06T04:53:45.340000Z,35.592166666666664,-117.5275,9.9,3.7,,,SCEDC,,A,17,0.15,SCSN,118,119,-1,119,skipped_resume,True,2019,187,data/scedc/event_phases/2019/2019_187/37225436.phase
37225548,scedc:37225548,2019-07-06T04:55:21.890000Z,35.71333333333333,-117.5515,4.83,3.0,,,SCEDC,,A,25,0.14,SCSN,118,118,-1,118,skipped_resume,True,2019,187,data/scedc/event_phases/2019/2019_187/37225548.phase
38458103,scedc:38458103,2019-07-06T04:55:22.740000Z,35.74133333333333,-117.56616666666666,11.17,3.1,,,SCEDC,,A,38,0.23,SCSN,117,118,-1,118,skipped_resume,True,2019,187,data/scedc/event_phases/2019/2019_187/38458103.phase
38458111,scedc:38458111,2019-07-06T04:55:47.030000Z,35.8775,-117.70216666666668,11.01,3.0,,,SCEDC,,A,35,0.15,SCSN,117,118,-1,118,skipped_resume,True,2019,187,data/scedc/event_phases/2019/2019_187/38458111.phase
38458119,scedc:38458119,2019-07-06T04:56:02.220000Z,35.8755,-117.65533333333332,7.35,3.2,,,SCEDC,,A,52,0.09,SCSN,117,118,-1,118,skipped_resume,True,2019,187,data/scedc/event_phases/2019/2019_187/38458119.phase
38458127,scedc:38458127,2019-07-06T04:57:26.620000Z,35.926,-117.7065,3.93,3.3,,,SCEDC,,A,45,0.11,SCSN,118,120,-1,120,skipped_resume,True,2019,187,data/scedc/event_phases/2019/2019_187/38458127.phase
38458135,scedc:38458135,2019-07-06T04:58:12.040000Z,35.63216666666667,-117.433,3.19,3.5,,,SCEDC,,A,56,0.13,SCSN,120,122,-1,122,skipped_resume,True,2019,187,data/scedc/event_phases/2019/2019_187/38458135.phase
38458143,scedc:38458143,2019-07-06T04:58:36.690000Z,35.70733333333333,-117.57066666666668,2.9,4.0,,,SCEDC,,A,90,0.15,SCSN,118,119,-1,119,skipped_resume,True,2019,187,data/scedc/event_phases/2019/2019_187/38458143.phase
37427053,scedc:37427053,2019-07-06T04:59:16.420000Z,35.87316666666667,-117.716,8.45,3.0,,,SCEDC,,A,29,0.11,SCSN,118,120,-1,120,skipped_resume,True,2019,187,data/scedc/event_phases/2019/2019_187/37427053.phase
38458159,scedc:38458159,2019-07-06T05:00:29.050000Z,35.88133333333333,-117.70416666666668,2.94,3.2,,,SCEDC,,A,77,0.13,SCSN,117,119,-1,119,skipped_resume,True,2019,187,data/scedc/event_phases/2019/2019_187/38458159.phase
37427093,scedc:37427093,2019-07-06T05:00:43.610000Z,35.903166666666664,-117.731,6.16,3.1,,,SCEDC,,A,30,0.1,SCSN,117,119,-1,119,skipped_resume,True,2019,187,data/scedc/event_phases/2019/2019_187/37427093.phase
37427173,scedc:37427173,2019-07-06T05:01:50.660000Z,35.8945,-117.69683333333332,6.17,3.0,,,SCEDC,,A,27,0.11,SCSN,118,119,-1,119,skipped_resume,True,2019,187,data/scedc/event_phases/2019/2019_187/37427173.phase
37427197,scedc:37427197,2019-07-06T05:01:53.030000Z,35.709666666666664,-117.54683333333334,6.56,3.0,,,SCEDC,,A,28,0.12,SCSN,118,119,-1,119,skipped_resume,True,2019,187,data/scedc/event_phases/2019/2019_187/37427197.phase
37427213,scedc:37427213,2019-07-06T05:03:07.180000Z,35.8925,-117.71266666666666,2.43,3.5,,,SCEDC,,A,61,0.12,SCSN,118,120,-1,120,skipped_resume,True,2019,187,data/scedc/event_phases/2019/2019_187/37427213.phase
38458175,scedc:38458175,2019-07-06T05:04:19.720000Z,35.879333333333335,-117.69483333333334,7.37,3.6,,,SCEDC,,A,85,0.13,SCSN,117,119,-1,119,skipped_resume,True,2019,187,data/scedc/event_phases/2019/2019_187/38458175.phase
37427253,scedc:37427253,2019-07-06T05:04:23.380000Z,35.88066666666667,-117.69783333333334,5.67,3.6,,,SCEDC,,A,23,0.16,SCSN,118,119,-1,119,skipped_resume,True,2019,187,data/scedc/event_phases/2019/2019_187/37427253.phase
38458183,scedc:38458183,2019-07-06T05:04:53.860000Z,35.88466666666667,-117.706,2.59,3.1,,,SCEDC,,A,30,0.1,SCSN,118,120,-1,120,skipped_resume,True,2019,187,data/scedc/event_phases/2019/2019_187/38458183.phase
37427381,scedc:37427381,2019-07-06T05:05:35.650000Z,35.905,-117.72816666666668,6.32,3.0,,,SCEDC,,A,31,0.08,SCSN,117,119,-1,119,skipped_resume,True,2019,187,data/scedc/event_phases/2019/2019_187/37427381.phase
38458199,scedc:38458199,2019-07-06T05:06:56.030000Z,35.9165,-117.73333333333332,6.17,3.3,,,SCEDC,,A,55,0.11,SCSN,117,119,-1,119,skipped_resume,True,2019,187,data/scedc/event_phases/2019/2019_187/38458199.phase
37427405,scedc:37427405,2019-07-06T05:08:42.570000Z,35.68033333333333,-117.46366666666668,1.61,3.0,,,SCEDC,,A,19,0.16,SCSN,117,119,-1,119,skipped_resume,True,2019,187,data/scedc/event_phases/2019/2019_187/37427405.phase
38458223,scedc:38458223,2019-07-06T05:09:31.790000Z,35.75266666666667,-117.5785,3.16,3.4,,,SCEDC,,A,61,0.15,SCSN,117,119,-1,119,skipped_resume,True,2019,187,data/scedc/event_phases/2019/2019_187/38458223.phase
37427421,scedc:37427421,2019-07-06T05:09:59.590000Z,35.916666666666664,-117.71133333333331,2.51,3.1,,,SCEDC,,A,24,0.08,SCSN,117,120,-1,120,skipped_resume,True,2019,187,data/scedc/event_phases/2019/2019_187/37427421.phase
37427437,scedc:37427437,2019-07-06T05:10:09.260000Z,35.89183333333333,-117.72183333333334,4.02,3.5,,,SCEDC,,A,37,0.13,SCSN,118,120,-1,120,skipped_resume,True,2019,187,data/scedc/event_phases/2019/2019_187/37427437.phase
38458247,scedc:38458247,2019-07-06T05:12:13.040000Z,35.882333333333335,-117.6475,9.37,3.0,,,SCEDC,,A,34,0.21,SCSN,118,119,-1,119,skipped_resume,True,2019,187,data/scedc/event_phases/2019/2019_187/38458247.phase
38458263,scedc:38458263,2019-07-06T05:13:14.990000Z,35.8755,-117.66083333333331,7.14,4.0,,,SCEDC,,A,98,0.14,SCSN,118,119,-1,119,skipped_resume,True,2019,187,data/scedc/event_phases/2019/2019_187/38458263.phase
37427557,scedc:37427557,2019-07-06T05:13:51.490000Z,35.9065,-117.72383333333332,5.97,3.2,,,SCEDC,,A,23,0.1,SCSN,118,119,-1,119,skipped_resume,True,2019,187,data/scedc/event_phases/2019/2019_187/37427557.phase
38458287,scedc:38458287,2019-07-06T05:14:56.880000Z,35.75083333333333,-117.55933333333331,10.91,3.4,,,SCEDC,,A,40,0.16,SCSN,117,118,-1,118,skipped_resume,True,2019,187,data/scedc/event_phases/2019/2019_187/38458287.phase
37226836,scedc:37226836,2019-07-06T05:15:31.400000Z,35.565666666666665,-117.45133333333334,4.18,3.0,,,SCEDC,,B,10,0.15,SCSN,119,121,-1,121,skipped_resume,True,2019,187,data/scedc/event_phases/2019/2019_187/37226836.phase
38458295,scedc:38458295,2019-07-06T05:15:37.240000Z,35.91283333333333,-117.74483333333332,8.56,3.5,,,SCEDC,,A,64,0.18,SCSN,116,118,-1,118,skipped_resume,True,2019,187,data/scedc/event_phases/2019/2019_187/38458295.phase
37226844,scedc:37226844,2019-07-06T05:16:05.280000Z,35.91166666666667,-117.7355,7.27,3.3,,,SCEDC,,A,32,0.06,SCSN,117,119,-1,119,skipped_resume,True,2019,187,data/scedc/event_phases/2019/2019_187/37226844.phase
37226852,scedc:37226852,2019-07-06T05:16:20.470000Z,35.913,-117.73133333333334,4.63,3.2,,,SCEDC,,A,38,0.09,SCSN,117,119,-1,119,skipped_resume,True,2019,187,data/scedc/event_phases/2019/2019_187/37226852.phase
37226900,scedc:37226900,2019-07-06T05:18:30.310000Z,35.8905,-117.73383333333334,5.18,3.1,,,SCEDC,,A,44,0.12,SCSN,116,118,-1,118,skipped_resume,True,2019,187,data/scedc/event_phases/2019/2019_187/37226900.phase
38458303,scedc:38458303,2019-07-06T05:19:37.350000Z,35.70066666666666,-117.551,10.72,3.1,,,SCEDC,,A,48,0.17,SCSN,116,119,-1,119,skipped_resume,True,2019,187,data/scedc/event_phases/2019/2019_187/38458303.phase
37226940,scedc:37226940,2019-07-06T05:21:02.300000Z,35.7465,-117.5485,5.25,3.1,,,SCEDC,,A,36,0.2,SCSN,61,63,-1,63,skipped_resume,True,2019,187,data/scedc/event_phases/2019/2019_187/37226940.phase
38458327,scedc:38458327,2019-07-06T05:21:11.120000Z,35.60016666666667,-117.42733333333334,1.84,3.3,,,SCEDC,,A,20,0.21,SCSN,121,121,-1,121,skipped_resume,True,2019,187,data/scedc/event_phases/2019/2019_187/38458327.phase
37263884,scedc:37263884,2019-07-06T05:21:36.180000Z,35.797,-117.5895,10.72,3.0,,,SCEDC,,A,38,0.1,SCSN,115,117,-1,117,skipped_resume,True,2019,187,data/scedc/event_phases/2019/2019_187/37263884.phase
38458335,scedc:38458335,2019-07-06T05:22:31.120000Z,35.589166666666664,-117.39166666666668,5.81,3.0,,,SCEDC,,A,28,0.16,SCSN,121,122,-1,122,skipped_resume,True,2019,187,data/scedc/event_phases/2019/2019_187/38458335.phase
37226956,scedc:37226956,2019-07-06T05:22:34.420000Z,35.879666666666665,-117.691,2.89,3.1,,,SCEDC,,A,33,0.07,SCSN,117,118,-1,118,skipped_resume,True,2019,187,data/scedc/event_phases/2019/2019_187/37226956.phase
37226964,scedc:37226964,2019-07-06T05:22:52.800000Z,35.906333333333336,-117.7225,6.27,3.2,,,SCEDC,,A,26,0.09,SCSN,117,118,-1,118,skipped_resume,True,2019,187,data/scedc/event_phases/2019/2019_187/37226964.phase
38458359,scedc:38458359,2019-07-06T05:23:49.830000Z,35.89533333333333,-117.70633333333332,6.49,3.1,,,SCEDC,,A,42,0.14,SCSN,117,119,-1,119,skipped_resume,True,2019,187,data/scedc/event_phases/2019/2019_187/38458359.phase
37227004,scedc:37227004,2019-07-06T05:24:17.130000Z,35.743833333333335,-117.53933333333332,13.9,3.0,,,SCEDC,,A,14,0.13,SCSN,116,118,-1,118,skipped_resume,True,2019,187,data/scedc/event_phases/2019/2019_187/37227004.phase
37227020,scedc:37227020,2019-07-06T05:25:36.710000Z,35.73316666666667,-117.561,6.77,3.5,,,SCEDC,,A,23,0.09,SCSN,116,118,-1,118,skipped_resume,True,2019,187,data/scedc/event_phases/2019/2019_187/37227020.phase
37263980,scedc:37263980,2019-07-06T05:25:41.850000Z,35.909166666666664,-117.7,6.22,3.3,,,SCEDC,,A,16,0.11,SCSN,118,119,-1,119,skipped_resume,True,2019,187,data/scedc/event_phases/2019/2019_187/37263980.phase
38458383,scedc:38458383,2019-07-06T05:26:05.990000Z,35.903333333333336,-117.72016666666669,6.16,3.3,,,SCEDC,,A,41,0.07,SCSN,116,118,-1,118,skipped_resume,True,2019,187,data/scedc/event_phases/2019/2019_187/38458383.phase
38458391,scedc:38458391,2019-07-06T05:26:53.000000Z,35.64683333333333,-117.46016666666668,3.11,3.5,,,SCEDC,,A,50,0.18,SCSN,118,119,-1,119,skipped_resume,True,2019,187,data/scedc/event_phases/2019/2019_187/38458391.phase
37227036,scedc:37227036,2019-07-06T05:27:05.020000Z,35.85633333333333,-117.6735,2.69,3.4,,,SCEDC,,A,31,0.15,SCSN,117,118,-1,118,skipped_resume,True,2019,187,data/scedc/event_phases/2019/2019_187/37227036.phase
37227044,scedc:37227044,2019-07-06T05:27:28.120000Z,35.892833333333336,-117.73766666666668,8.61,3.1,,,SCEDC,,A,28,0.1,SCSN,117,118,-1,118,skipped_resume,True,2019,187,data/scedc/event_phases/2019/2019_187/37227044.phase
37227068,scedc:37227068,2019-07-06T05:28:05.080000Z,35.56216666666667,-117.52483333333332,7.13,3.0,,,SCEDC,,A,16,0.26,SCSN,118,120,-1,120,skipped_resume,True,2019,187,data/scedc/event_phases/2019/2019_187/37227068.phase
38458407,scedc:38458407,2019-07-06T05:28:39.220000Z,35.90266666666667,-117.72583333333333,5.41,3.2,,,SCEDC,,A,34,0.13,SCSN,117,118,-1,118,skipped_resume,True,2019,187,data/scedc/event_phases/2019/2019_187/38458407.phase
37227076,scedc:37227076,2019-07-06T05:28:43.140000Z,35.85016666666667,-117.65866666666666,10.97,3.5,,,SCEDC,,A,48,0.18,SCSN,117,118,-1,118,skipped_resume,True,2019,187,data/scedc/event_phases/2019/2019_187/37227076.phase
37227084,scedc:37227084,2019-07-06T05:29:07.270000Z,35.908833333333334,-117.67566666666669,4.06,3.2,,,SCEDC,,A,17,0.1,SCSN,118,119,-1,119,skipped_resume,True,2019,187,data/scedc/event_phases/2019/2019_187/37227084.phase
37227156,scedc:37227156,2019-07-06T05:29:28.650000Z,35.64633333333333,-117.4525,5.05,3.0,,,SCEDC,,A,22,0.13,SCSN,117,119,-1,119,skipped_resume,True,2019,187,data/scedc/event_phases/2019/2019_187/37227156.phase
38458415,scedc:38458415,2019-07-06T05:29:40.360000Z,35.8915,-117.73016666666666,3.98,3.0,,,SCEDC,,A,49,0.16,SCSN,117,118,-1,118,skipped_resume,True,2019,187,data/scedc/event_phases/2019/2019_187/38458415.phase
37227172,scedc:37227172,2019-07-06T05:30:43.690000Z,35.54933333333334,-117.38466666666666,4.47,3.1,,,SCEDC,,A,31,0.14,SCSN,121,123,-1,123,skipped_resume,True,2019,187,data/scedc/event_phases/2019/2019_187/37227172.phase
38458431,scedc:38458431,2019-07-06T05:31:56.580000Z,35.855,-117.682,8.65,3.4,,,SCEDC,,A,51,0.14,SCSN,116,118,-1,118,skipped_resume,True,2019,187,data/scedc/event_phases/2019/2019_187/38458431.phase
37227196,scedc:37227196,2019-07-06T05:32:17.910000Z,35.8945,-117.72016666666669,8.6,3.1,,,SCEDC,,A,17,0.05,SCSN,117,119,-1,119,skipped_resume,True,2019,187,data/scedc/event_phases/2019/2019_187/37227196.phase
37227204,scedc:37227204,2019-07-06T05:32:29.140000Z,35.881,-117.69333333333331,2.66,3.3,,,SCEDC,,A,41,0.1,SCSN,116,118,-1,118,skipped_resume,True,2019,187,data/scedc/event_phases/2019/2019_187/37227204.phase
37227220,scedc:37227220,2019-07-06T05:32:43.080000Z,35.8595,-117.69066666666669,9.04,3.1,,,SCEDC,,A,33,0.14,SCSN,117,118,-1,118,skipped_resume,True,2019,187,data/scedc/event_phases/2019/2019_187/37227220.phase
38458439,scedc:38458439,2019-07-06T05:32:59.940000Z,35.844166666666666,-117.67966666666666,7.73,3.6,,,SCEDC,,A,71,0.18,SCSN,117,118,-1,118,skipped_resume,True,2019,187,data/scedc/event_phases/2019/2019_187/38458439.phase
37227228,scedc:37227228,2019-07-06T05:33:13.660000Z,35.88616666666667,-117.6685,2.45,3.4,,,SCEDC,,A,22,0.1,SCSN,117,118,-1,118,skipped_resume,True,2019,187,data/scedc/event_phases/2019/2019_187/37227228.phase
38458447,scedc:38458447,2019-07-06T05:34:08.110000Z,35.669666666666664,-117.51566666666666,1.62,3.0,,,SCEDC,,A,35,0.17,SCSN,117,118,-1,118,skipped_resume,True,2019,187,data/scedc/event_phases/2019/2019_187/38458447.phase
38458479,scedc:38458479,2019-07-06T05:37:30.430000Z,35.879333333333335,-117.71533333333332,4.43,3.3,,,SCEDC,,A,83,0.14,SCSN,117,119,-1,119,skipped_resume,True,2019,187,data/scedc/event_phases/2019/2019_187/38458479.phase
38458487,scedc:38458487,2019-07-06T05:39:14.300000Z,35.799,-117.62716666666668,9.77,3.4,,,SCEDC,,A,76,0.13,SCSN,117,118,-1,118,skipped_resume,True,2019,187,data/scedc/event_phases/2019/2019_187/38458487.phase
38458495,scedc:38458495,2019-07-06T05:40:08.510000Z,35.888,-117.6785,9.34,3.3,,,SCEDC,,A,30,0.05,SCSN,117,118,-1,118,skipped_resume,True,2019,187,data/scedc/event_phases/2019/2019_187/38458495.phase
37227348,scedc:37227348,2019-07-06T05:40:09.270000Z,35.72816666666667,-117.56833333333331,6.83,3.1,,,SCEDC,,A,27,0.16,SCSN,117,118,-1,118,skipped_resume,True,2019,187,data/scedc/event_phases/2019/2019_187/37227348.phase
37227356,scedc:37227356,2019-07-06T05:40:16.280000Z,35.8545,-117.65266666666666,11.52,3.3,,,SCEDC,,A,25,0.22,SCSN,116,118,-1,118,skipped_resume,True,2019,187,data/scedc/event_phases/2019/2019_187/37227356.phase
38458503,scedc:38458503,2019-07-06T05:41:32.240000Z,35.783833333333334,-117.60416666666669,2.95,3.6,,,SCEDC,,A,54,0.12,SCSN,117,119,-1,119,skipped_resume,True,2019,187,data/scedc/event_phases/2019/2019_187/38458503.phase
37227372,scedc:37227372,2019-07-06T05:41:36.030000Z,35.55866666666667,-117.419,8.89,3.7,,,SCEDC,,A,17,0.09,SCSN,121,123,-1,123,skipped_resume,True,2019,187,data/scedc/event_phases/2019/2019_187/37227372.phase
37227380,scedc:37227380,2019-07-06T05:41:48.390000Z,35.777166666666666,-117.55733333333332,10.9,3.8,,,SCEDC,,A,50,0.15,SCSN,117,118,-1,118,skipped_resume,True,2019,187,data/scedc/event_phases/2019/2019_187/37227380.phase
37227388,scedc:37227388,2019-07-06T05:42:32.470000Z,35.89383333333333,-117.731,5.3,3.0,,,SCEDC,,A,26,0.1,SCSN,116,118,-1,118,skipped_resume,True,2019,187,data/scedc/event_phases/2019/2019_187/37227388.phase
38458511,scedc:38458511,2019-07-06T05:43:22.370000Z,35.894666666666666,-117.714,3.1,3.3,,,SCEDC,,A,67,0.18,SCSN,118,120,-1,120,skipped_resume,True,2019,187,data/scedc/event_phases/2019/2019_187/38458511.phase
38458527,scedc:38458527,2019-07-06T05:44:08.930000Z,35.92283333333334,-117.71133333333331,3.43,3.4,,,SCEDC,,A,56,0.17,SCSN,116,119,-1,119,skipped_resume,True,2019,187,data/scedc/event_phases/2019/2019_187/38458527.phase
37227500,scedc:37227500,2019-07-06T05:44:17.230000Z,35.900333333333336,-117.66933333333331,9.09,3.4,,,SCEDC,,A,26,0.19,SCSN,116,119,-1,119,skipped_resume,True,2019,187,data/scedc/event_phases/2019/2019_187/37227500.phase
38458535,scedc:38458535,2019-07-06T05:45:26.320000Z,35.92616666666667,-117.70416666666668,2.75,3.1,,,SCEDC,,A,56,0.12,SCSN,118,120,-1,120,skipped_resume,True,2019,187,data/scedc/event_phases/2019/2019_187/38458535.phase
38458543,scedc:38458543,2019-07-06T05:46:06.840000Z,35.7085,-117.553,2.11,3.1,,,SCEDC,,A,48,0.15,SCSN,117,119,-1,119,skipped_resume,True,2019,187,data/scedc/event_phases/2019/2019_187/38458543.phase
37227996,scedc:37227996,2019-07-06T05:49:57.470000Z,35.63916666666667,-117.4645,2.87,3.0,,,SCEDC,,A,35,0.19,SCSN,117,119,-1,119,skipped_resume,True,2019,187,data/scedc/event_phases/2019/2019_187/37227996.phase
37228004,scedc:37228004,2019-07-06T05:50:15.300000Z,35.630833333333335,-117.45533333333331,8.83,3.0,,,SCEDC,,A,20,0.18,SCSN,119,120,-1,120,skipped_resume,True,2019,187,data/scedc/event_phases/2019/2019_187/37228004.phase
38458567,scedc:38458567,2019-07-06T05:51:49.700000Z,35.91433333333333,-117.713,3.75,3.4,,,SCEDC,,A,40,0.08,SCSN,119,120,-1,120,skipped_resume,True,2019,187,data/scedc/event_phases/2019/2019_187/38458567.phase
38458575,scedc:38458575,2019-07-06T05:52:05.350000Z,35.60583333333334,-117.403,5.35,3.6,,,SCEDC,,A,67,0.14,SCSN,120,122,-1,122,skipped_resume,True,2019,187,data/scedc/event_phases/2019/2019_187/38458575.phase
38458599,scedc:38458599,2019-07-06T05:55:07.100000Z,35.897,-117.72983333333332,4.57,3.0,,,SCEDC,,A,36,0.1,SCSN,117,119,-1,119,skipped_resume,True,2019,187,data/scedc/event_phases/2019/2019_187/38458599.phase
38458655,scedc:38458655,2019-07-06T05:58:17.570000Z,35.93233333333333,-117.69166666666666,1.86,4.2,,,SCEDC,,A,64,0.17,SCSN,119,120,-1,120,skipped_resume,True,2019,187,data/scedc/event_phases/2019/2019_187/38458655.phase
38458647,scedc:38458647,2019-07-06T05:58:45.840000Z,35.86866666666667,-117.67516666666668,7.56,3.5,,,SCEDC,,A,23,0.09,SCSN,118,119,-1,119,skipped_resume,True,2019,187,data/scedc/event_phases/2019/2019_187/38458647.phase
38458663,scedc:38458663,2019-07-06T05:59:44.190000Z,35.73766666666667,-117.574,3.12,3.6,,,SCEDC,,A,43,0.17,SCSN,117,119,-1,119,skipped_resume,True,2019,187,data/scedc/event_phases/2019/2019_187/38458663.phase
38458671,scedc:38458671,2019-07-06T06:00:57.770000Z,35.5535,-117.3465,4.31,3.5,,,SCEDC,,A,54,0.17,SCSN,121,123,-1,123,skipped_resume,True,2019,187,data/scedc/event_phases/2019/2019_187/38458671.phase
37263996,scedc:37263996,2019-07-06T06:01:46.390000Z,35.67366666666667,-117.48016666666666,3.58,3.1,,,SCEDC,,A,16,0.14,SCSN,117,119,-1,119,skipped_resume,True,2019,187,data/scedc/event_phases/2019/2019_187/37263996.phase
37420885,scedc:37420885,2019-07-06T06:02:30.250000Z,35.811166666666665,-117.63666666666668,6.83,3.2,,,SCEDC,,A,27,0.12,SCSN,118,119,-1,119,skipped_resume,True,2019,187,data/scedc/event_phases/2019/2019_187/37420885.phase
37228292,scedc:37228292,2019-07-06T06:03:48.180000Z,35.89633333333333,-117.67983333333332,2.01,3.2,,,SCEDC,,A,42,0.15,SCSN,118,120,-1,120,skipped_resume,True,2019,187,data/scedc/event_phases/2019/2019_187/37228292.phase
38458687,scedc:38458687,2019-07-06T06:04:34.100000Z,35.88783333333333,-117.70733333333334,4.8,3.5,,,SCEDC,,A,92,0.14,SCSN,118,120,-1,120,skipped_resume,True,2019,187,data/scedc/event_phases/2019/2019_187/38458687.phase
37228468,scedc:37228468,2019-07-06T06:06:58.610000Z,35.833666666666666,-117.6325,8.89,3.0,,,SCEDC,,A,24,0.1,SCSN,118,120,-1,120,skipped_resume,True,2019,187,data/scedc/event_phases/2019/2019_187/37228468.phase
38458719,scedc:38458719,2019-07-06T06:07:08.680000Z,35.57716666666666,-117.3635,3.81,3.5,,,SCEDC,,A,75,0.16,SCSN,122,123,-1,123,skipped_resume,True,2019,187,data/scedc/event_phases/2019/2019_187/38458719.phase
37420965,scedc:37420965,2019-07-06T06:07:40.070000Z,35.623333333333335,-117.42083333333332,6.36,3.4,,,SCEDC,,A,31,0.11,SCSN,120,122,-1,122,skipped_resume,True,2019,187,data/scedc/event_phases/2019/2019_187/37420965.phase
38458735,scedc:38458735,2019-07-06T06:09:08.080000Z,35.897166666666664,-117.7055,7.42,3.0,,,SCEDC,,A,57,0.13,SCSN,118,119,-1,119,skipped_resume,True,2019,187,data/scedc/event_phases/2019/2019_187/38458735.phase
38458759,scedc:38458759,2019-07-06T06:12:52.000000Z,35.58133333333333,-117.37516666666669,5.45,4.3,,,SCEDC,,A,88,0.15,SCSN,121,122,-1,122,skipped_resume,True,2019,187,data/scedc/event_phases/2019/2019_187/38458759.phase
37264012,scedc:37264012,2019-07-06T06:13:23.000000Z,35.6165,-117.46116666666668,9.36,3.0,,,SCEDC,,A,15,0.12,SCSN,119,120,-1,120,skipped_resume,True,2019,187,data/scedc/event_phases/2019/2019_187/37264012.phase
37264020,scedc:37264020,2019-07-06T06:13:35.610000Z,35.67016666666667,-117.46683333333333,3.0,3.0,,,SCEDC,,A,13,0.12,SCSN,87,88,-1,88,skipped_resume,True,2019,187,data/scedc/event_phases/2019/2019_187/37264020.phase
38458767,scedc:38458767,2019-07-06T06:14:15.680000Z,35.67316666666667,-117.47033333333331,7.25,3.3,,,SCEDC,,A,68,0.16,SCSN,118,119,-1,119,skipped_resume,True,2019,187,data/scedc/event_phases/2019/2019_187/38458767.phase
38458783,scedc:38458783,2019-07-06T06:16:01.130000Z,35.855333333333334,-117.6815,4.56,3.2,,,SCEDC,,A,64,0.16,SCSN,116,117,-1,117,skipped_resume,True,2019,187,data/scedc/event_phases/2019/2019_187/38458783.phase
38458799,scedc:38458799,2019-07-06T06:17:20.990000Z,35.8795,-117.68916666666668,2.78,3.5,,,SCEDC,,A,64,0.19,SCSN,117,118,-1,118,skipped_resume,True,2019,187,data/scedc/event_phases/2019/2019_187/38458799.phase
38458815,scedc:38458815,2019-07-06T06:18:11.250000Z,35.91916666666667,-117.684,8.98,3.6,,,SCEDC,,A,38,0.2,SCSN,118,120,-1,120,skipped_resume,True,2019,187,data/scedc/event_phases/2019/2019_187/38458815.phase
37228820,scedc:37228820,2019-07-06T06:18:45.970000Z,35.819833333333335,-117.65566666666666,2.19,3.5,,,SCEDC,,A,47,0.16,SCSN,117,118,-1,118,skipped_resume,True,2019,187,data/scedc/event_phases/2019/2019_187/37228820.phase
38458831,scedc:38458831,2019-07-06T06:19:42.410000Z,35.884166666666665,-117.71916666666668,4.42,3.1,,,SCEDC,,A,60,0.16,SCSN,119,120,-1,120,skipped_resume,True,2019,187,data/scedc/event_phases/2019/2019_187/38458831.phase
38458887,scedc:38458887,2019-07-06T06:25:58.220000Z,35.67283333333334,-117.46933333333334,8.54,3.0,,,SCEDC,,A,32,0.17,SCSN,117,119,-1,119,skipped_resume,True,2019,187,data/scedc/event_phases/2019/2019_187/38458887.phase
38458895,scedc:38458895,2019-07-06T06:26:18.620000Z,35.7095,-117.5095,4.8,3.1,,,SCEDC,,A,53,0.14,SCSN,117,119,-1,119,skipped_resume,True,2019,187,data/scedc/event_phases/2019/2019_187/38458895.phase
38458903,scedc:38458903,2019-07-06T06:26:53.340000Z,35.874,-117.70266666666669,5.68,3.4,,,SCEDC,,A,75,0.14,SCSN,118,119,-1,119,skipped_resume,True,2019,187,data/scedc/event_phases/2019/2019_187/38458903.phase
37229124,scedc:37229124,2019-07-06T06:28:57.500000Z,35.707,-117.5305,10.08,3.3,,,SCEDC,,A,42,0.23,SCSN,118,119,-1,119,skipped_resume,True,2019,187,data/scedc/event_phases/2019/2019_187/37229124.phase
37229132,scedc:37229132,2019-07-06T06:29:25.330000Z,35.881166666666665,-117.72366666666667,4.66,3.0,,,SCEDC,,A,22,0.12,SCSN,117,119,-1,119,skipped_resume,True,2019,187,data/scedc/event_phases/2019/2019_187/37229132.phase
38458943,scedc:38458943,2019-07-06T06:30:45.870000Z,35.87,-117.66666666666669,6.94,3.3,,,SCEDC,,A,48,0.1,SCSN,118,118,-1,118,skipped_resume,True,2019,187,data/scedc/event_phases/2019/2019_187/38458943.phase
37229172,scedc:37229172,2019-07-06T06:30:50.570000Z,35.639,-117.439,5.03,3.1,,,SCEDC,,A,14,0.11,SCSN,121,122,-1,122,skipped_resume,True,2019,187,data/scedc/event_phases/2019/2019_187/37229172.phase
38458951,scedc:38458951,2019-07-06T06:31:00.730000Z,35.8785,-117.68683333333334,4.3,3.7,,,SCEDC,,A,74,0.17,SCSN,117,118,-1,118,skipped_resume,True,2019,187,data/scedc/event_phases/2019/2019_187/38458951.phase
37264124,scedc:37264124,2019-07-06T06:31:09.270000Z,35.896,-117.65416666666668,2.71,3.3,,,SCEDC,,A,9,0.12,SCSN,117,119,-1,119,skipped_resume,True,2019,187,data/scedc/event_phases/2019/2019_187/37264124.phase
38458967,scedc:38458967,2019-07-06T06:31:55.320000Z,35.88933333333333,-117.72266666666668,4.65,3.6,,,SCEDC,,A,63,0.16,SCSN,119,120,-1,120,skipped_resume,True,2019,187,data/scedc/event_phases/2019/2019_187/38458967.phase
38458975,scedc:38458975,2019-07-06T06:32:26.660000Z,35.78216666666667,-117.609,10.93,3.0,,,SCEDC,,A,37,0.15,SCSN,116,117,-1,117,skipped_resume,True,2019,187,data/scedc/event_phases/2019/2019_187/38458975.phase
37229324,scedc:37229324,2019-07-06T06:35:33.690000Z,35.87316666666667,-117.6965,7.98,3.1,,,SCEDC,,A,25,0.12,SCSN,117,119,-1,119,skipped_resume,True,2019,187,data/scedc/event_phases/2019/2019_187/37229324.phase
38459031,scedc:38459031,2019-07-06T06:39:10.040000Z,35.73116666666667,-117.5415,4.04,3.0,,,SCEDC,,A,80,0.16,SCSN,117,119,-1,119,skipped_resume,True,2019,187,data/scedc/event_phases/2019/2019_187/38459031.phase
38459039,scedc:38459039,2019-07-06T06:40:02.000000Z,35.895833333333336,-117.72766666666666,4.47,3.0,,,SCEDC,,A,45,0.12,SCSN,117,119,-1,119,skipped_resume,True,2019,187,data/scedc/event_phases/2019/2019_187/38459039.phase
38459127,scedc:38459127,2019-07-06T06:47:08.020000Z,35.790333333333336,-117.61933333333332,4.86,3.2,,,SCEDC,,A,37,0.12,SCSN,117,118,-1,118,skipped_resume,True,2019,187,data/scedc/event_phases/2019/2019_187/38459127.phase
38459135,scedc:38459135,2019-07-06T06:47:10.840000Z,35.866166666666665,-117.64666666666666,6.77,3.6,,,SCEDC,,A,26,0.23,SCSN,117,118,-1,118,skipped_resume,True,2019,187,data/scedc/event_phases/2019/2019_187/38459135.phase
37230652,scedc:37230652,2019-07-06T06:48:07.660000Z,35.89683333333333,-117.7315,5.93,3.0,,,SCEDC,,A,28,0.08,SCSN,116,118,-1,118,skipped_resume,True,2019,187,data/scedc/event_phases/2019/2019_187/37230652.phase
38459167,scedc:38459167,2019-07-06T06:49:28.910000Z,35.92583333333333,-117.6945,3.45,3.3,,,SCEDC,,A,62,0.15,SCSN,116,118,-1,118,skipped_resume,True,2019,187,data/scedc/event_phases/2019/2019_187/38459167.phase
38459183,scedc:38459183,2019-07-06T06:50:36.520000Z,35.68716666666667,-117.48433333333334,6.93,3.4,,,SCEDC,,A,66,0.16,SCSN,117,118,-1,118,skipped_resume,True,2019,187,data/scedc/event_phases/2019/2019_187/38459183.phase
38459207,scedc:38459207,2019-07-06T06:52:25.970000Z,35.56016666666667,-117.39833333333333,3.76,3.8,,,SCEDC,,A,93,0.15,SCSN,119,121,-1,121,skipped_resume,True,2019,187,data/scedc/event_phases/2019/2019_187/38459207.phase
38459215,scedc:38459215,2019-07-06T06:53:09.890000Z,35.67183333333333,-117.49466666666666,1.76,3.4,,,SCEDC,,A,43,0.15,SCSN,117,118,-1,118,skipped_resume,True,2019,187,data/scedc/event_phases/2019/2019_187/38459215.phase
37231492,scedc:37231492,2019-07-06T06:53:23.110000Z,35.89083333333333,-117.73266666666666,4.29,3.1,,,SCEDC,,A,23,0.11,SCSN,117,118,-1,118,skipped_resume,True,2019,187,data/scedc/event_phases/2019/2019_187/37231492.phase
38459239,scedc:38459239,2019-07-06T06:56:21.180000Z,35.68666666666667,-117.48083333333334,8.33,3.3,,,SCEDC,,A,68,0.14,SCSN,116,118,-1,118,skipped_resume,True,2019,187,data/scedc/event_phases/2019/2019_187/38459239.phase
38459247,scedc:38459247,2019-07-06T06:57:47.530000Z,35.86266666666667,-117.7105,8.86,3.2,,,SCEDC,,A,65,0.11,SCSN,115,117,-1,117,skipped_resume,True,2019,187,data/scedc/event_phases/2019/2019_187/38459247.phase
38459279,scedc:38459279,2019-07-06T06:59:59.430000Z,35.67633333333333,-117.54866666666666,1.6,3.5,,,SCEDC,,A,71,0.17,SCSN,117,118,-1,118,skipped_resume,True,2019,187,data/scedc/event_phases/2019/2019_187/38459279.phase
38459295,scedc:38459295,2019-07-06T07:00:59.980000Z,35.88766666666667,-117.7075,7.46,3.0,,,SCEDC,,A,59,0.11,SCSN,118,119,-1,119,skipped_resume,True,2019,187,data/scedc/event_phases/2019/2019_187/38459295.phase
38459319,scedc:38459319,2019-07-06T07:04:22.230000Z,35.74366666666667,-117.5585,3.47,3.0,,,SCEDC,,A,40,0.16,SCSN,117,118,-1,118,skipped_resume,True,2019,187,data/scedc/event_phases/2019/2019_187/38459319.phase
38459335,scedc:38459335,2019-07-06T07:05:21.030000Z,35.88916666666667,-117.73066666666666,5.96,3.6,,,SCEDC,,A,41,0.11,SCSN,116,118,-1,118,skipped_resume,True,2019,187,data/scedc/event_phases/2019/2019_187/38459335.phase
38459383,scedc:38459383,2019-07-06T07:09:56.770000Z,35.905,-117.74883333333334,6.22,3.2,,,SCEDC,,A,57,0.11,SCSN,116,117,-1,117,skipped_resume,True,2019,187,data/scedc/event_phases/2019/2019_187/38459383.phase
38459415,scedc:38459415,2019-07-06T07:13:36.110000Z,35.94566666666667,-117.71966666666668,2.44,3.1,,,SCEDC,,A,72,0.14,SCSN,115,118,-1,118,skipped_resume,True,2019,187,data/scedc/event_phases/2019/2019_187/38459415.phase
38459439,scedc:38459439,2019-07-06T07:15:26.440000Z,35.705,-117.50666666666666,9.02,3.3,,,SCEDC,,A,74,0.13,SCSN,117,119,-1,119,skipped_resume,True,2019,187,data/scedc/event_phases/2019/2019_187/38459439.phase
37233156,scedc:37233156,2019-07-06T07:16:03.150000Z,35.92433333333334,-117.748,2.33,3.8,,,SCEDC,,A,55,0.22,SCSN,116,118,-1,118,skipped_resume,True,2019,187,data/scedc/event_phases/2019/2019_187/37233156.phase
37233956,scedc:37233956,2019-07-06T07:24:31.110000Z,35.78366666666667,-117.61133333333332,5.48,3.0,,,SCEDC,,A,32,0.22,SCSN,118,119,-1,119,skipped_resume,True,2019,187,data/scedc/event_phases/2019/2019_187/37233956.phase
38459567,scedc:38459567,2019-07-06T07:28:48.310000Z,35.907,-117.68533333333332,2.11,3.0,,,SCEDC,,A,49,0.17,SCSN,118,120,-1,120,skipped_resume,True,2019,187,data/scedc/event_phases/2019/2019_187/38459567.phase
38459599,scedc:38459599,2019-07-06T07:31:14.490000Z,35.70433333333333,-117.505,2.01,3.6,,,SCEDC,,A,89,0.17,SCSN,118,119,-1,119,skipped_resume,True,2019,187,data/scedc/event_phases/2019/2019_187/38459599.phase
38459647,scedc:38459647,2019-07-06T07:34:55.450000Z,35.93516666666667,-117.71216666666666,4.3,3.1,,,SCEDC,,A,35,0.12,SCSN,118,119,-1,119,skipped_resume,True,2019,187,data/scedc/event_phases/2019/2019_187/38459647.phase
37235380,scedc:37235380,2019-07-06T07:34:59.650000Z,35.78333333333333,-117.61233333333334,6.98,3.2,,,SCEDC,,A,30,0.13,SCSN,117,118,-1,118,skipped_resume,True,2019,187,data/scedc/event_phases/2019/2019_187/37235380.phase
37235404,scedc:37235404,2019-07-06T07:36:15.590000Z,35.63016666666667,-117.41583333333334,6.95,3.1,,,SCEDC,,A,14,0.18,SCSN,120,122,-1,122,skipped_resume,True,2019,187,data/scedc/event_phases/2019/2019_187/37235404.phase
38459671,scedc:38459671,2019-07-06T07:36:23.540000Z,35.732,-117.58483333333334,8.49,3.4,,,SCEDC,,A,47,0.23,SCSN,117,119,-1,119,skipped_resume,True,2019,187,data/scedc/event_phases/2019/2019_187/38459671.phase
38459807,scedc:38459807,2019-07-06T07:46:16.830000Z,35.78333333333333,-117.59366666666666,8.7,3.0,,,SCEDC,,A,69,0.21,SCSN,115,116,-1,116,skipped_resume,True,2019,187,data/scedc/event_phases/2019/2019_187/38459807.phase
37235820,scedc:37235820,2019-07-06T07:46:30.340000Z,35.66,-117.479,2.17,3.3,,,SCEDC,,A,48,0.18,SCSN,115,116,-1,116,skipped_resume,True,2019,187,data/scedc/event_phases/2019/2019_187/37235820.phase
38459831,scedc:38459831,2019-07-06T07:49:00.000000Z,35.603,-117.39966666666666,7.88,3.1,,,SCEDC,,A,62,0.14,SCSN,121,122,-1,122,skipped_resume,True,2019,187,data/scedc/event_phases/2019/2019_187/38459831.phase
38459839,scedc:38459839,2019-07-06T07:50:01.980000Z,35.70366666666666,-117.55716666666666,2.98,3.2,,,SCEDC,,A,62,0.14,SCSN,117,118,-1,118,skipped_resume,True,2019,187,data/scedc/event_phases/2019/2019_187/38459839.phase
37235916,scedc:37235916,2019-07-06T07:50:15.380000Z,35.55,-117.383,2.85,3.4,,,SCEDC,,A,35,0.14,SCSN,109,109,-1,109,skipped_resume,True,2019,187,data/scedc/event_phases/2019/2019_187/37235916.phase
38459855,scedc:38459855,2019-07-06T07:52:11.720000Z,35.803333333333335,-117.63016666666668,2.92,3.2,,,SCEDC,,A,63,0.16,SCSN,119,120,-1,120,skipped_resume,True,2019,187,data/scedc/event_phases/2019/2019_187/38459855.phase
38459863,scedc:38459863,2019-07-06T07:52:24.520000Z,35.88483333333333,-117.729,5.54,3.7,,,SCEDC,,A,76,0.16,SCSN,118,119,-1,119,skipped_resume,True,2019,187,data/scedc/event_phases/2019/2019_187/38459863.phase
38459895,scedc:38459895,2019-07-06T07:56:03.660000Z,35.67466666666667,-117.475,2.0,3.6,,,SCEDC,,A,93,0.17,SCSN,107,108,-1,108,skipped_resume,True,2019,187,data/scedc/event_phases/2019/2019_187/38459895.phase
38459943,scedc:38459943,2019-07-06T08:01:00.680000Z,35.6705,-117.501,1.31,3.2,,,SCEDC,,A,64,0.15,SCSN,114,115,-1,115,skipped_resume,True,2019,187,data/scedc/event_phases/2019/2019_187/38459943.phase
38460039,scedc:38460039,2019-07-06T08:10:50.100000Z,35.9135,-117.71916666666668,2.67,3.6,,,SCEDC,,A,83,0.13,SCSN,113,115,-1,115,skipped_resume,True,2019,187,data/scedc/event_phases/2019/2019_187/38460039.phase
38460223,scedc:38460223,2019-07-06T08:26:51.080000Z,35.56933333333333,-117.388,7.04,3.3,,,SCEDC,,B,20,0.3,SCSN,121,122,-1,122,skipped_resume,True,2019,187,data/scedc/event_phases/2019/2019_187/38460223.phase
37264140,scedc:37264140,2019-07-06T08:26:52.560000Z,35.8965,-117.73066666666666,4.98,3.5,,,SCEDC,,A,48,0.1,SCSN,117,118,-1,118,skipped_resume,True,2019,187,data/scedc/event_phases/2019/2019_187/37264140.phase
38460255,scedc:38460255,2019-07-06T08:28:33.770000Z,35.63183333333333,-117.4105,3.15,3.6,,,SCEDC,,A,88,0.15,SCSN,120,122,-1,122,skipped_resume,True,2019,187,data/scedc/event_phases/2019/2019_187/38460255.phase
38460279,scedc:38460279,2019-07-06T08:31:09.290000Z,35.89366666666667,-117.72283333333333,4.24,3.2,,,SCEDC,,A,60,0.13,SCSN,118,119,-1,119,skipped_resume,True,2019,187,data/scedc/event_phases/2019/2019_187/38460279.phase
38460335,scedc:38460335,2019-07-06T08:36:48.870000Z,35.67883333333333,-117.493,1.38,3.1,,,SCEDC,,A,47,0.11,SCSN,117,118,-1,118,skipped_resume,True,2019,187,data/scedc/event_phases/2019/2019_187/38460335.phase
38460375,scedc:38460375,2019-07-06T08:39:42.830000Z,35.922,-117.71033333333334,2.78,3.1,,,SCEDC,,A,53,0.09,SCSN,117,119,-1,119,skipped_resume,True,2019,187,data/scedc/event_phases/2019/2019_187/38460375.phase
37489525,scedc:37489525,2019-07-06T08:39:55.090000Z,35.81433333333333,-117.64066666666666,4.07,3.3,,,SCEDC,,A,48,0.21,SCSN,116,118,-1,118,skipped_resume,True,2019,187,data/scedc/event_phases/2019/2019_187/37489525.phase
38460415,scedc:38460415,2019-07-06T08:41:33.040000Z,35.70166666666667,-117.50966666666666,2.55,3.4,,,SCEDC,,A,92,0.15,SCSN,116,117,-1,117,skipped_resume,True,2019,187,data/scedc/event_phases/2019/2019_187/38460415.phase
37264148,scedc:37264148,2019-07-06T08:41:59.620000Z,35.905,-117.7355,3.38,3.1,,,SCEDC,,A,32,0.11,SCSN,100,102,-1,102,skipped_resume,True,2019,187,data/scedc/event_phases/2019/2019_187/37264148.phase
38460471,scedc:38460471,2019-07-06T08:46:32.430000Z,35.677,-117.58566666666668,9.19,3.3,,,SCEDC,,A,69,0.16,SCSN,111,113,-1,113,skipped_resume,True,2019,187,data/scedc/event_phases/2019/2019_187/38460471.phase
38460623,scedc:38460623,2019-07-06T08:59:09.290000Z,35.8635,-117.67166666666668,3.87,3.3,,,SCEDC,,A,46,0.11,SCSN,117,118,-1,118,skipped_resume,True,2019,187,data/scedc/event_phases/2019/2019_187/38460623.phase
38460631,scedc:38460631,2019-07-06T08:59:55.720000Z,35.60216666666667,-117.38783333333332,6.72,3.6,,,SCEDC,,A,29,0.12,SCSN,121,122,-1,122,skipped_resume,True,2019,187,data/scedc/event_phases/2019/2019_187/38460631.phase
38460639,scedc:38460639,2019-07-06T08:59:57.510000Z,35.54983333333333,-117.3855,3.71,4.0,,,SCEDC,,A,57,0.17,SCSN,102,102,-1,102,skipped_resume,True,2019,187,data/scedc/event_phases/2019/2019_187/38460639.phase
38460647,scedc:38460647,2019-07-06T09:00:56.060000Z,35.899,-117.73133333333334,5.31,3.0,,,SCEDC,,A,34,0.09,SCSN,117,118,-1,118,skipped_resume,True,2019,187,data/scedc/event_phases/2019/2019_187/38460647.phase
38460655,scedc:38460655,2019-07-06T09:02:22.210000Z,35.56783333333333,-117.36766666666666,5.26,3.1,,,SCEDC,,A,58,0.16,SCSN,122,123,-1,123,skipped_resume,True,2019,187,data/scedc/event_phases/2019/2019_187/38460655.phase
38460671,scedc:38460671,2019-07-06T09:03:12.250000Z,35.68783333333333,-117.53433333333334,9.92,3.0,,,SCEDC,,A,45,0.14,SCSN,100,102,-1,102,skipped_resume,True,2019,187,data/scedc/event_phases/2019/2019_187/38460671.phase
38460719,scedc:38460719,2019-07-06T09:05:25.910000Z,35.82116666666667,-117.6345,3.24,3.2,,,SCEDC,,A,64,0.17,SCSN,110,112,-1,112,skipped_resume,True,2019,187,data/scedc/event_phases/2019/2019_187/38460719.phase
38460727,scedc:38460727,2019-07-06T09:06:21.730000Z,35.6735,-117.47283333333333,3.08,3.4,,,SCEDC,,A,81,0.15,SCSN,99,100,-1,100,skipped_resume,True,2019,187,data/scedc/event_phases/2019/2019_187/38460727.phase
38460791,scedc:38460791,2019-07-06T09:12:41.470000Z,35.8265,-117.66616666666668,7.23,3.0,,,SCEDC,,A,57,0.12,SCSN,115,117,-1,117,skipped_resume,True,2019,187,data/scedc/event_phases/2019/2019_187/38460791.phase
38460887,scedc:38460887,2019-07-06T09:20:59.260000Z,35.874833333333335,-117.72166666666666,7.75,3.1,,,SCEDC,,A,59,0.09,SCSN,98,99,-1,99,skipped_resume,True,2019,187,data/scedc/event_phases/2019/2019_187/38460887.phase
38460895,scedc:38460895,2019-07-06T09:21:22.990000Z,35.748333333333335,-117.569,4.35,3.2,,,SCEDC,,A,60,0.16,SCSN,77,77,-1,77,skipped_resume,True,2019,187,data/scedc/event_phases/2019/2019_187/38460895.phase
38460911,scedc:38460911,2019-07-06T09:23:41.570000Z,36.063,-117.85266666666666,1.86,3.3,,,SCEDC,,A,64,0.15,SCSN,75,76,200,76,ok,True,2019,187,data/scedc/event_phases/2019/2019_187/38460911.phase
38460927,scedc:38460927,2019-07-06T09:24:23.070000Z,35.8015,-117.641,1.2,3.6,,,SCEDC,,A,62,0.22,SCSN,74,76,200,76,ok,True,2019,187,data/scedc/event_phases/2019/2019_187/38460927.phase
37264164,scedc:37264164,2019-07-06T09:24:30.940000Z,35.9095,-117.74016666666668,9.47,3.0,,,SCEDC,,A,13,0.04,SCSN,77,78,200,78,ok,True,2019,187,data/scedc/event_phases/2019/2019_187/37264164.phase
38460951,scedc:38460951,2019-07-06T09:27:08.460000Z,35.61833333333333,-117.58366666666667,10.78,3.5,,,SCEDC,,A,54,0.14,SCSN,107,109,200,109,ok,True,2019,187,data/scedc/event_phases/2019/2019_187/38460951.phase
37258076,scedc:37258076,2019-07-06T09:28:41.790000Z,35.887,-117.71683333333333,4.78,4.2,,,SCEDC,,A,37,0.16,SCSN,95,95,200,95,ok,True,2019,187,data/scedc/event_phases/2019/2019_187/37258076.phase
37264180,scedc:37264180,2019-07-06T09:28:59.630000Z,35.90116666666667,-117.72916666666669,4.46,3.5,,,SCEDC,,A,15,0.06,SCSN,101,103,200,103,ok,True,2019,187,data/scedc/event_phases/2019/2019_187/37264180.phase
37264188,scedc:37264188,2019-07-06T09:29:09.300000Z,35.922666666666665,-117.72883333333333,2.38,3.4,,,SCEDC,,A,5,0.05,SCSN,98,99,200,99,ok,True,2019,187,data/scedc/event_phases/2019/2019_187/37264188.phase
38460975,scedc:38460975,2019-07-06T09:29:20.970000Z,35.881166666666665,-117.7175,5.5,4.4,,,SCEDC,,A,98,0.15,SCSN,90,91,200,91,ok,True,2019,187,data/scedc/event_phases/2019/2019_187/38460975.phase
37264196,scedc:37264196,2019-07-06T09:29:44.490000Z,35.88816666666666,-117.71533333333332,4.09,3.4,,,SCEDC,,A,14,0.06,SCSN,94,94,200,94,ok,True,2019,187,data/scedc/event_phases/2019/2019_187/37264196.phase
37264204,scedc:37264204,2019-07-06T09:29:59.500000Z,35.74433333333333,-117.5895,10.83,3.5,,,SCEDC,,A,37,0.1,SCSN,92,93,200,93,ok,True,2019,187,data/scedc/event_phases/2019/2019_187/37264204.phase
37264284,scedc:37264284,2019-07-06T09:30:57.620000Z,35.9,-117.7255,4.17,3.5,,,SCEDC,,A,23,0.14,SCSN,104,106,200,106,ok,True,2019,187,data/scedc/event_phases/2019/2019_187/37264284.phase
37264292,scedc:37264292,2019-07-06T09:31:19.000000Z,35.95633333333333,-117.67983333333332,2.25,3.3,,,SCEDC,,A,16,0.08,SCSN,113,114,200,114,ok,True,2019,187,data/scedc/event_phases/2019/2019_187/37264292.phase
37264300,scedc:37264300,2019-07-06T09:31:32.070000Z,35.897,-117.7225,5.59,3.1,,,SCEDC,,A,15,0.15,SCSN,118,119,200,119,ok,True,2019,187,data/scedc/event_phases/2019/2019_187/37264300.phase
38460991,scedc:38460991,2019-07-06T09:33:25.010000Z,35.875,-117.72066666666667,8.05,3.2,,,SCEDC,,A,59,0.09,SCSN,115,116,200,116,ok,True,2019,187,data/scedc/event_phases/2019/2019_187/38460991.phase
38460999,scedc:38460999,2019-07-06T09:33:59.740000Z,35.89533333333333,-117.7235,4.91,3.6,,,SCEDC,,A,66,0.18,SCSN,111,113,200,113,ok,True,2019,187,data/scedc/event_phases/2019/2019_187/38460999.phase
38461007,scedc:38461007,2019-07-06T09:34:27.830000Z,35.887166666666666,-117.71333333333334,7.69,3.5,,,SCEDC,,A,37,0.1,SCSN,116,118,200,118,ok,True,2019,187,data/scedc/event_phases/2019/2019_187/38461007.phase
38461023,scedc:38461023,2019-07-06T09:36:39.360000Z,35.873666666666665,-117.70366666666666,7.87,3.2,,,SCEDC,,A,73,0.12,SCSN,116,117,200,117,ok,True,2019,187,data/scedc/event_phases/2019/2019_187/38461023.phase
38461127,scedc:38461127,2019-07-06T09:46:39.930000Z,35.8015,-117.62783333333331,2.81,3.4,,,SCEDC,,A,87,0.14,SCSN,106,108,200,108,ok,True,2019,187,data/scedc/event_phases/2019/2019_187/38461127.phase
38461159,scedc:38461159,2019-07-06T09:49:33.290000Z,35.894,-117.72083333333332,7.52,3.2,,,SCEDC,,A,80,0.13,SCSN,117,119,200,119,ok,True,2019,187,data/scedc/event_phases/2019/2019_187/38461159.phase
38461183,scedc:38461183,2019-07-06T09:50:43.220000Z,35.71066666666667,-117.578,8.88,3.1,,,SCEDC,,A,62,0.15,SCSN,117,119,200,119,ok,True,2019,187,data/scedc/event_phases/2019/2019_187/38461183.phase
38461295,scedc:38461295,2019-07-06T09:57:34.960000Z,35.95316666666667,-117.70166666666668,5.38,3.1,,,SCEDC,,A,66,0.11,SCSN,117,118,200,118,ok,True,2019,187,data/scedc/event_phases/2019/2019_187/38461295.phase
37400764,scedc:37400764,2019-07-06T09:57:51.490000Z,35.87133333333333,-117.68433333333331,4.82,3.1,,,SCEDC,,A,26,0.08,SCSN,101,103,200,103,ok,True,2019,187,data/scedc/event_phases/2019/2019_187/37400764.phase
37400772,scedc:37400772,2019-07-06T09:59:56.230000Z,35.952666666666666,-117.70066666666666,5.12,3.2,,,SCEDC,,A,19,0.08,SCSN,115,116,200,116,ok,True,2019,187,data/scedc/event_phases/2019/2019_187/37400772.phase
37264308,scedc:37264308,2019-07-06T10:00:00.350000Z,35.787166666666664,-117.63733333333332,8.88,3.5,,,SCEDC,,A,57,0.14,SCSN,116,117,200,117,ok,True,2019,187,data/scedc/event_phases/2019/2019_187/37264308.phase
38461327,scedc:38461327,2019-07-06T10:02:24.360000Z,35.6905,-117.5305,8.41,3.0,,,SCEDC,,A,37,0.09,SCSN,116,117,200,117,ok,True,2019,187,data/scedc/event_phases/2019/2019_187/38461327.phase
38461335,scedc:38461335,2019-07-06T10:02:37.020000Z,35.727,-117.59183333333333,10.79,3.2,,,SCEDC,,A,58,0.15,SCSN,113,114,200,114,ok,True,2019,187,data/scedc/event_phases/2019/2019_187/38461335.phase
38461351,scedc:38461351,2019-07-06T10:03:22.380000Z,35.650333333333336,-117.45633333333332,4.23,3.0,,,SCEDC,,A,42,0.14,SCSN,115,115,200,115,ok,True,2019,187,data/scedc/event_phases/2019/2019_187/38461351.phase
38461383,scedc:38461383,2019-07-06T10:05:20.150000Z,35.67633333333333,-117.53883333333332,4.83,3.0,,,SCEDC,,A,38,0.12,SCSN,95,97,200,97,ok,True,2019,187,data/scedc/event_phases/2019/2019_187/38461383.phase
38461391,scedc:38461391,2019-07-06T10:05:32.610000Z,35.903666666666666,-117.72633333333332,3.94,3.4,,,SCEDC,,A,65,0.14,SCSN,96,98,200,98,ok,True,2019,187,data/scedc/event_phases/2019/2019_187/38461391.phase
38461423,scedc:38461423,2019-07-06T10:08:02.530000Z,35.86383333333333,-117.68666666666668,9.8,3.3,,,SCEDC,,A,50,0.11,SCSN,100,101,200,101,ok,True,2019,187,data/scedc/event_phases/2019/2019_187/38461423.phase
38461431,scedc:38461431,2019-07-06T10:08:26.830000Z,35.785666666666664,-117.61333333333332,10.33,3.0,,,SCEDC,,A,49,0.11,SCSN,98,99,200,99,ok,True,2019,187,data/scedc/event_phases/2019/2019_187/38461431.phase
38461447,scedc:38461447,2019-07-06T10:09:18.110000Z,35.5755,-117.51766666666668,10.36,3.5,,,SCEDC,,A,92,0.16,SCSN,115,117,200,117,ok,True,2019,187,data/scedc/event_phases/2019/2019_187/38461447.phase
38461599,scedc:38461599,2019-07-06T10:25:07.050000Z,35.8905,-117.69333333333331,3.48,3.3,,,SCEDC,,A,54,0.14,SCSN,116,118,200,118,ok,True,2019,187,data/scedc/event_phases/2019/2019_187/38461599.phase
38461607,scedc:38461607,2019-07-06T10:25:23.910000Z,35.89783333333333,-117.72683333333332,5.14,3.1,,,SCEDC,,A,44,0.09,SCSN,110,111,200,111,ok,True,2019,187,data/scedc/event_phases/2019/2019_187/38461607.phase
38461631,scedc:38461631,2019-07-06T10:27:59.460000Z,35.68783333333333,-117.54966666666668,10.3,3.2,,,SCEDC,,A,95,0.15,SCSN,97,98,200,98,ok,True,2019,187,data/scedc/event_phases/2019/2019_187/38461631.phase
38461639,scedc:38461639,2019-07-06T10:28:43.030000Z,35.904333333333334,-117.72766666666666,5.66,3.1,,,SCEDC,,A,77,0.12,SCSN,93,94,200,94,ok,True,2019,187,data/scedc/event_phases/2019/2019_187/38461639.phase
38461655,scedc:38461655,2019-07-06T10:31:43.930000Z,35.648666666666664,-117.45466666666668,3.97,3.5,,,SCEDC,,A,62,0.14,SCSN,77,78,200,78,ok,True,2019,187,data/scedc/event_phases/2019/2019_187/38461655.phase
38461703,scedc:38461703,2019-07-06T10:35:18.060000Z,35.56033333333333,-117.35483333333332,9.04,3.4,,,SCEDC,,A,46,0.17,SCSN,86,86,200,86,ok,True,2019,187,data/scedc/event_phases/2019/2019_187/38461703.phase
38461727,scedc:38461727,2019-07-06T10:37:09.160000Z,35.882666666666665,-117.69666666666669,4.43,3.1,,,SCEDC,,A,42,0.1,SCSN,68,69,200,69,ok,True,2019,187,data/scedc/event_phases/2019/2019_187/38461727.phase
38461735,scedc:38461735,2019-07-06T10:37:27.560000Z,35.5745,-117.35283333333334,2.85,3.8,,,SCEDC,,A,64,0.16,SCSN,76,76,200,76,ok,True,2019,187,data/scedc/event_phases/2019/2019_187/38461735.phase
38461743,scedc:38461743,2019-07-06T10:38:31.260000Z,35.913,-117.73316666666666,6.34,3.0,,,SCEDC,,A,56,0.1,SCSN,104,106,200,106,ok,True,2019,187,data/scedc/event_phases/2019/2019_187/38461743.phase
38461783,scedc:38461783,2019-07-06T10:41:26.280000Z,35.8855,-117.69716666666666,7.96,3.1,,,SCEDC,,A,56,0.12,SCSN,91,91,200,91,ok,True,2019,187,data/scedc/event_phases/2019/2019_187/38461783.phase
37489469,scedc:37489469,2019-07-06T10:41:32.400000Z,35.98883333333333,-117.7115,6.11,3.1,,,SCEDC,,A,29,0.21,SCSN,95,96,200,96,ok,True,2019,187,data/scedc/event_phases/2019/2019_187/37489469.phase
38461807,scedc:38461807,2019-07-06T10:43:30.560000Z,35.898,-117.72866666666668,4.19,3.0,,,SCEDC,,A,61,0.14,SCSN,85,87,200,87,ok,True,2019,187,data/scedc/event_phases/2019/2019_187/38461807.phase
38461879,scedc:38461879,2019-07-06T10:48:24.460000Z,35.5785,-117.372,5.6,4.0,,,SCEDC,,A,83,0.14,SCSN,84,85,200,85,ok,True,2019,187,data/scedc/event_phases/2019/2019_187/38461879.phase
37264316,scedc:37264316,2019-07-06T10:48:35.460000Z,35.888333333333335,-117.73266666666666,6.08,3.2,,,SCEDC,,A,12,0.09,SCSN,78,79,200,79,ok,True,2019,187,data/scedc/event_phases/2019/2019_187/37264316.phase
38461887,scedc:38461887,2019-07-06T10:49:48.630000Z,35.9235,-117.70716666666668,2.85,3.3,,,SCEDC,,A,58,0.11,SCSN,82,83,200,83,ok,True,2019,187,data/scedc/event_phases/2019/2019_187/38461887.phase
38461903,scedc:38461903,2019-07-06T10:50:46.520000Z,35.86516666666667,-117.70916666666666,8.61,3.5,,,SCEDC,,A,74,0.13,SCSN,73,74,200,74,ok,True,2019,187,data/scedc/event_phases/2019/2019_187/38461903.phase
38461991,scedc:38461991,2019-07-06T10:59:24.310000Z,35.81966666666667,-117.629,9.81,3.2,,,SCEDC,,A,50,0.16,SCSN,78,78,200,78,ok,True,2019,187,data/scedc/event_phases/2019/2019_187/38461991.phase
38462111,scedc:38462111,2019-07-06T11:11:42.210000Z,35.907,-117.73266666666666,4.39,3.0,,,SCEDC,,A,72,0.12,SCSN,112,113,200,113,ok,True,2019,187,data/scedc/event_phases/2019/2019_187/38462111.phase
38462207,scedc:38462207,2019-07-06T11:18:03.660000Z,35.67616666666667,-117.53316666666667,8.03,3.0,,,SCEDC,,A,75,0.14,SCSN,109,111,200,111,ok,True,2019,187,data/scedc/event_phases/2019/2019_187/38462207.phase
38462351,scedc:38462351,2019-07-06T11:31:09.930000Z,35.927166666666665,-117.70183333333334,2.4,3.2,,,SCEDC,,A,80,0.14,SCSN,81,82,200,82,ok,True,2019,187,data/scedc/event_phases/2019/2019_187/38462351.phase
38462559,scedc:38462559,2019-07-06T11:45:11.440000Z,35.83533333333333,-117.66766666666666,4.77,3.4,,,SCEDC,,A,86,0.15,SCSN,106,108,200,108,ok,True,2019,187,data/scedc/event_phases/2019/2019_187/38462559.phase
37264324,scedc:37264324,2019-07-06T11:51:08.210000Z,35.57,-117.3425,2.55,3.1,,,SCEDC,,A,41,0.21,SCSN,111,112,200,112,ok,True,2019,187,data/scedc/event_phases/2019/2019_187/37264324.phase
38462679,scedc:38462679,2019-07-06T11:53:08.090000Z,35.89533333333333,-117.73366666666666,2.1,4.1,,,SCEDC,,A,89,0.14,SCSN,111,112,200,112,ok,True,2019,187,data/scedc/event_phases/2019/2019_187/38462679.phase
38462687,scedc:38462687,2019-07-06T11:54:54.030000Z,35.89683333333333,-117.73683333333334,2.14,3.2,,,SCEDC,,A,82,0.14,SCSN,117,118,200,118,ok,True,2019,187,data/scedc/event_phases/2019/2019_187/38462687.phase
38462839,scedc:38462839,2019-07-06T12:05:00.770000Z,35.824,-117.6605,6.32,3.6,,,SCEDC,,A,60,0.14,SCSN,104,106,200,106,ok,True,2019,187,data/scedc/event_phases/2019/2019_187/38462839.phase
38462847,scedc:38462847,2019-07-06T12:05:21.290000Z,35.789,-117.62866666666666,8.33,3.3,,,SCEDC,,A,52,0.17,SCSN,116,118,200,118,ok,True,2019,187,data/scedc/event_phases/2019/2019_187/38462847.phase
38462927,scedc:38462927,2019-07-06T12:12:35.820000Z,35.77766666666667,-117.59683333333334,8.0,3.0,,,SCEDC,,A,38,0.14,SCSN,117,119,200,119,ok,True,2019,187,data/scedc/event_phases/2019/2019_187/38462927.phase
38463007,scedc:38463007,2019-07-06T12:20:59.050000Z,35.75783333333333,-117.57983333333334,8.32,3.5,,,SCEDC,,A,93,0.13,SCSN,115,116,200,116,ok,True,2019,187,data/scedc/event_phases/2019/2019_187/38463007.phase
38463087,scedc:38463087,2019-07-06T12:29:19.810000Z,35.8155,-117.59183333333333,9.3,3.4,,,SCEDC,,A,96,0.18,SCSN,116,117,200,117,ok,True,2019,187,data/scedc/event_phases/2019/2019_187/38463087.phase
38463159,scedc:38463159,2019-07-06T12:36:30.300000Z,35.62016666666667,-117.43666666666668,8.56,3.0,,,SCEDC,,A,86,0.13,SCSN,116,117,200,117,ok,True,2019,187,data/scedc/event_phases/2019/2019_187/38463159.phase
38463223,scedc:38463223,2019-07-06T12:40:45.760000Z,35.903,-117.6565,9.64,3.2,,,SCEDC,,A,47,0.08,SCSN,109,111,200,111,ok,True,2019,187,data/scedc/event_phases/2019/2019_187/38463223.phase
37264348,scedc:37264348,2019-07-06T12:40:48.320000Z,35.94016666666667,-117.30883333333334,11.01,3.2,,,SCEDC,,A,8,0.04,SCSN,119,121,200,121,ok,True,2019,187,data/scedc/event_phases/2019/2019_187/37264348.phase
38463359,scedc:38463359,2019-07-06T12:48:42.880000Z,35.857,-117.67183333333334,8.53,3.1,,,SCEDC,,A,84,0.13,SCSN,118,119,200,119,ok,True,2019,187,data/scedc/event_phases/2019/2019_187/38463359.phase
38463375,scedc:38463375,2019-07-06T12:49:39.110000Z,35.60483333333333,-117.40116666666668,7.12,3.1,,,SCEDC,,A,65,0.12,SCSN,121,122,200,122,ok,True,2019,187,data/scedc/event_phases/2019/2019_187/38463375.phase
38463495,scedc:38463495,2019-07-06T13:00:44.170000Z,35.87683333333333,-117.70533333333331,5.07,3.0,,,SCEDC,,A,78,0.12,SCSN,102,103,200,103,ok,True,2019,187,data/scedc/event_phases/2019/2019_187/38463495.phase
37264364,scedc:37264364,2019-07-06T13:07:13.840000Z,35.921,-117.70833333333331,4.91,3.3,,,SCEDC,,A,11,0.05,SCSN,118,119,200,119,ok,True,2019,187,data/scedc/event_phases/2019/2019_187/37264364.phase
38463727,scedc:38463727,2019-07-06T13:27:38.660000Z,35.709,-117.5555,1.9,3.0,,,SCEDC,,A,53,0.14,SCSN,118,119,200,119,ok,True,2019,187,data/scedc/event_phases/2019/2019_187/38463727.phase
38463791,scedc:38463791,2019-07-06T13:32:59.500000Z,35.67616666666667,-117.48733333333334,1.6,3.7,,,SCEDC,,A,74,0.14,SCSN,117,119,200,119,ok,True,2019,187,data/scedc/event_phases/2019/2019_187/38463791.phase
38463807,scedc:38463807,2019-07-06T13:34:46.310000Z,35.903,-117.6925,2.53,3.2,,,SCEDC,,A,88,0.12,SCSN,116,117,200,117,ok,True,2019,187,data/scedc/event_phases/2019/2019_187/38463807.phase
38463903,scedc:38463903,2019-07-06T13:41:42.730000Z,35.5895,-117.4235,6.78,3.2,,,SCEDC,,A,87,0.12,SCSN,121,122,200,122,ok,True,2019,187,data/scedc/event_phases/2019/2019_187/38463903.phase
37264444,scedc:37264444,2019-07-06T13:43:49.660000Z,35.919,-117.71716666666669,0.52,3.4,,,SCEDC,,A,17,0.08,SCSN,117,118,200,118,ok,True,2019,187,data/scedc/event_phases/2019/2019_187/37264444.phase
38464047,scedc:38464047,2019-07-06T13:55:51.090000Z,35.868,-117.705,7.89,3.5,,,SCEDC,,A,99,0.14,SCSN,113,115,200,115,ok,True,2019,187,data/scedc/event_phases/2019/2019_187/38464047.phase
38464383,scedc:38464383,2019-07-06T14:30:07.580000Z,35.8175,-117.63383333333331,9.3,3.2,,,SCEDC,,A,91,0.16,SCSN,116,118,200,118,ok,True,2019,187,data/scedc/event_phases/2019/2019_187/38464383.phase
38464447,scedc:38464447,2019-07-06T14:33:30.510000Z,35.63333333333333,-117.427,2.85,3.1,,,SCEDC,,A,40,0.17,SCSN,119,120,200,120,ok,True,2019,187,data/scedc/event_phases/2019/2019_187/38464447.phase
38464791,scedc:38464791,2019-07-06T15:08:22.000000Z,35.666666666666664,-117.46616666666668,10.76,3.0,,,SCEDC,,A,62,0.19,SCSN,117,117,200,117,ok,True,2019,187,data/scedc/event_phases/2019/2019_187/38464791.phase
38464799,scedc:38464799,2019-07-06T15:09:15.230000Z,35.88316666666667,-117.72366666666667,4.31,3.3,,,SCEDC,,A,90,0.12,SCSN,118,118,200,118,ok,True,2019,187,data/scedc/event_phases/2019/2019_187/38464799.phase
37483669,scedc:37483669,2019-07-06T15:10:49.810000Z,35.5545,-117.396,4.59,3.2,,,SCEDC,,A,41,0.17,SCSN,117,118,200,118,ok,True,2019,187,data/scedc/event_phases/2019/2019_187/37483669.phase
38464839,scedc:38464839,2019-07-06T15:12:01.450000Z,35.652,-117.56266666666669,4.38,3.1,,,SCEDC,,A,89,0.14,SCSN,116,118,200,118,ok,True,2019,187,data/scedc/event_phases/2019/2019_187/38464839.phase
38464927,scedc:38464927,2019-07-06T15:22:26.670000Z,35.904333333333334,-117.737,2.77,3.4,,,SCEDC,,A,93,0.13,SCSN,117,118,200,118,ok,True,2019,187,data/scedc/event_phases/2019/2019_187/38464927.phase
38464943,scedc:38464943,2019-07-06T15:23:28.500000Z,35.8475,-117.667,9.0,3.3,,,SCEDC,,A,95,0.16,SCSN,116,117,200,117,ok,True,2019,187,data/scedc/event_phases/2019/2019_187/38464943.phase
38465063,scedc:38465063,2019-07-06T15:30:49.900000Z,35.69416666666667,-117.55516666666666,10.08,3.3,,,SCEDC,,A,92,0.14,SCSN,117,118,200,118,ok,True,2019,187,data/scedc/event_phases/2019/2019_187/38465063.phase
38465239,scedc:38465239,2019-07-06T15:45:46.040000Z,36.09933333333333,-117.827,2.51,3.6,,,SCEDC,,A,91,0.16,SCSN,115,115,200,115,ok,True,2019,187,data/scedc/event_phases/2019/2019_187/38465239.phase
38465351,scedc:38465351,2019-07-06T15:59:29.290000Z,35.877,-117.69766666666666,2.33,3.6,,,SCEDC,,A,98,0.15,SCSN,118,118,200,118,ok,True,2019,187,data/scedc/event_phases/2019/2019_187/38465351.phase
37409996,scedc:37409996,2019-07-06T16:05:46.960000Z,35.95333333333333,-117.27583333333334,3.84,3.0,,,SCEDC,,A,49,0.21,SCSN,119,120,200,120,ok,True,2019,187,data/scedc/event_phases/2019/2019_187/37409996.phase
38465439,scedc:38465439,2019-07-06T16:10:10.260000Z,36.078,-117.843,1.67,3.2,,,SCEDC,,A,77,0.13,SCSN,112,112,200,112,ok,True,2019,187,data/scedc/event_phases/2019/2019_187/38465439.phase
38465735,scedc:38465735,2019-07-06T16:40:46.160000Z,36.11833333333333,-117.877,5.14,3.1,,,SCEDC,,A,58,0.12,SCSN,115,116,200,116,ok,True,2019,187,data/scedc/event_phases/2019/2019_187/38465735.phase
38465759,scedc:38465759,2019-07-06T16:42:05.120000Z,35.879,-117.71216666666666,4.55,3.5,,,SCEDC,,A,91,0.13,SCSN,119,120,200,120,ok,True,2019,187,data/scedc/event_phases/2019/2019_187/38465759.phase
38465815,scedc:38465815,2019-07-06T16:47:21.410000Z,35.885,-117.72716666666666,6.84,3.0,,,SCEDC,,A,66,0.15,SCSN,118,119,200,119,ok,True,2019,187,data/scedc/event_phases/2019/2019_187/38465815.phase
38466023,scedc:38466023,2019-07-06T17:09:01.450000Z,35.96233333333333,-117.27483333333332,3.84,3.3,,,SCEDC,,A,79,0.14,SCSN,119,120,200,120,ok,True,2019,187,data/scedc/event_phases/2019/2019_187/38466023.phase
38466063,scedc:38466063,2019-07-06T17:14:17.330000Z,35.6365,-117.434,2.72,3.1,,,SCEDC,,A,98,0.17,SCSN,121,122,200,122,ok,True,2019,187,data/scedc/event_phases/2019/2019_187/38466063.phase
38466103,scedc:38466103,2019-07-06T17:18:21.440000Z,35.569,-117.3585,3.57,3.1,,,SCEDC,,A,75,0.14,SCSN,121,123,200,123,ok,True,2019,187,data/scedc/event_phases/2019/2019_187/38466103.phase
38466247,scedc:38466247,2019-07-06T17:31:22.170000Z,35.780833333333334,-117.61733333333332,8.58,3.0,,,SCEDC,,A,96,0.12,SCSN,115,116,200,116,ok,True,2019,187,data/scedc/event_phases/2019/2019_187/38466247.phase
38466583,scedc:38466583,2019-07-06T18:13:16.110000Z,35.9175,-117.71183333333332,2.57,3.3,,,SCEDC,,A,74,0.11,SCSN,115,116,200,116,ok,True,2019,187,data/scedc/event_phases/2019/2019_187/38466583.phase
38466623,scedc:38466623,2019-07-06T18:19:39.620000Z,35.448,-117.32566666666666,4.54,3.6,,,SCEDC,,A,75,0.14,SCSN,117,119,200,119,ok,True,2019,187,data/scedc/event_phases/2019/2019_187/38466623.phase
38466655,scedc:38466655,2019-07-06T18:23:08.690000Z,35.598333333333336,-117.39666666666666,3.68,3.1,,,SCEDC,,A,71,0.13,SCSN,121,122,200,122,ok,True,2019,187,data/scedc/event_phases/2019/2019_187/38466655.phase
38466847,scedc:38466847,2019-07-06T18:46:26.040000Z,35.65416666666667,-117.46483333333332,1.9,3.9,,,SCEDC,,A,82,0.13,SCSN,117,119,200,119,ok,True,2019,187,data/scedc/event_phases/2019/2019_187/38466847.phase
38466855,scedc:38466855,2019-07-06T18:47:47.400000Z,35.717666666666666,-117.56566666666669,7.12,3.4,,,SCEDC,,A,78,0.14,SCSN,116,118,200,118,ok,True,2019,187,data/scedc/event_phases/2019/2019_187/38466855.phase
38466959,scedc:38466959,2019-07-06T18:56:39.130000Z,35.6325,-117.57516666666666,10.76,3.3,,,SCEDC,,A,93,0.13,SCSN,116,118,200,118,ok,True,2019,187,data/scedc/event_phases/2019/2019_187/38466959.phase
38466983,scedc:38466983,2019-07-06T18:58:59.240000Z,35.89833333333333,-117.67266666666669,4.28,3.1,,,SCEDC,,A,70,0.1,SCSN,118,119,200,119,ok,True,2019,187,data/scedc/event_phases/2019/2019_187/38466983.phase
38466991,scedc:38466991,2019-07-06T18:59:41.540000Z,35.56733333333333,-117.40433333333333,7.88,3.1,,,SCEDC,,A,76,0.13,SCSN,121,122,200,122,ok,True,2019,187,data/scedc/event_phases/2019/2019_187/38466991.phase
38467303,scedc:38467303,2019-07-06T19:37:33.160000Z,35.902166666666666,-117.6785,3.04,3.1,,,SCEDC,,A,70,0.13,SCSN,116,118,200,118,ok,True,2019,187,data/scedc/event_phases/2019/2019_187/38467303.phase
38467311,scedc:38467311,2019-07-06T19:37:59.670000Z,35.6625,-117.505,2.51,3.0,,,SCEDC,,A,57,0.14,SCSN,109,111,200,111,ok,True,2019,187,data/scedc/event_phases/2019/2019_187/38467311.phase
38467359,scedc:38467359,2019-07-06T19:46:23.750000Z,35.89216666666667,-117.72616666666669,3.51,3.3,,,SCEDC,,A,99,0.17,SCSN,117,118,200,118,ok,True,2019,187,data/scedc/event_phases/2019/2019_187/38467359.phase
38467423,scedc:38467423,2019-07-06T19:54:29.800000Z,35.89783333333333,-117.72583333333333,6.1,3.2,,,SCEDC,,A,80,0.11,SCSN,117,118,200,118,ok,True,2019,187,data/scedc/event_phases/2019/2019_187/38467423.phase
38467671,scedc:38467671,2019-07-06T20:22:34.030000Z,35.81216666666667,-117.63383333333331,8.52,3.1,,,SCEDC,,A,81,0.13,SCSN,118,119,200,119,ok,True,2019,187,data/scedc/event_phases/2019/2019_187/38467671.phase
38468007,scedc:38468007,2019-07-06T21:05:24.590000Z,35.720666666666666,-117.60266666666666,10.82,3.5,,,SCEDC,,A,88,0.15,SCSN,115,116,200,116,ok,True,2019,187,data/scedc/event_phases/2019/2019_187/38468007.phase
38468023,scedc:38468023,2019-07-06T21:07:44.780000Z,35.961,-117.2755,2.8,3.2,,,SCEDC,,A,46,0.17,SCSN,118,120,200,120,ok,True,2019,187,data/scedc/event_phases/2019/2019_187/38468023.phase
38468063,scedc:38468063,2019-07-06T21:14:59.790000Z,35.89816666666667,-117.67316666666666,2.68,3.2,,,SCEDC,,A,78,0.13,SCSN,117,118,200,118,ok,True,2019,187,data/scedc/event_phases/2019/2019_187/38468063.phase
38468151,scedc:38468151,2019-07-06T21:28:41.920000Z,35.89516666666667,-117.68033333333334,2.4,3.0,,,SCEDC,,A,95,0.13,SCSN,116,117,200,117,ok,True,2019,187,data/scedc/event_phases/2019/2019_187/38468151.phase
38468247,scedc:38468247,2019-07-06T21:41:25.350000Z,35.696,-117.48633333333332,10.59,3.2,,,SCEDC,,A,77,0.22,SCSN,117,118,200,118,ok,True,2019,187,data/scedc/event_phases/2019/2019_187/38468247.phase
38468407,scedc:38468407,2019-07-06T22:04:09.580000Z,35.6295,-117.46016666666668,2.47,3.0,,,SCEDC,,A,83,0.15,SCSN,116,117,200,117,ok,True,2019,187,data/scedc/event_phases/2019/2019_187/38468407.phase
38468767,scedc:38468767,2019-07-06T22:51:35.910000Z,35.63466666666667,-117.45616666666666,6.33,3.2,,,SCEDC,,A,91,0.13,SCSN,119,120,200,120,ok,True,2019,187,data/scedc/event_phases/2019/2019_187/38468767.phase
38469079,scedc:38469079,2019-07-06T23:21:34.140000Z,35.70033333333333,-117.50833333333334,9.09,3.7,,,SCEDC,,A,94,0.14,SCSN,116,117,200,117,ok,True,2019,187,data/scedc/event_phases/2019/2019_187/38469079.phase
38469119,scedc:38469119,2019-07-06T23:26:22.290000Z,35.7775,-117.5915,3.86,3.3,,,SCEDC,,A,93,0.13,SCSN,118,118,200,118,ok,True,2019,187,data/scedc/event_phases/2019/2019_187/38469119.phase
38469271,scedc:38469271,2019-07-06T23:38:32.860000Z,36.028333333333336,-117.84733333333334,2.71,3.3,,,SCEDC,,A,35,0.08,SCSN,110,112,200,112,ok,True,2019,187,data/scedc/event_phases/2019/2019_187/38469271.phase
38469415,scedc:38469415,2019-07-06T23:56:34.560000Z,35.82233333333333,-117.661,6.32,3.5,,,SCEDC,,A,97,0.14,SCSN,117,118,200,118,ok,True,2019,187,data/scedc/event_phases/2019/2019_187/38469415.phase
38469511,scedc:38469511,2019-07-07T00:08:56.710000Z,35.68233333333333,-117.526,8.94,3.0,,,SCEDC,,A,81,0.13,SCSN,116,118,200,118,ok,True,2019,188,data/scedc/event_phases/2019/2019_188/38469511.phase
38470159,scedc:38470159,2019-07-07T01:30:52.470000Z,35.689,-117.536,6.88,3.3,,,SCEDC,,A,98,0.13,SCSN,117,118,200,118,ok,True,2019,188,data/scedc/event_phases/2019/2019_188/38470159.phase
38470415,scedc:38470415,2019-07-07T02:06:04.700000Z,35.76016666666666,-117.56216666666668,10.75,3.6,,,SCEDC,,A,75,0.21,SCSN,118,119,200,119,ok,True,2019,188,data/scedc/event_phases/2019/2019_188/38470415.phase
38470471,scedc:38470471,2019-07-07T02:17:01.710000Z,35.6035,-117.46683333333333,2.83,3.6,,,SCEDC,,A,95,0.14,SCSN,116,117,200,117,ok,True,2019,188,data/scedc/event_phases/2019/2019_188/38470471.phase
37264612,scedc:37264612,2019-07-07T03:50:55.980000Z,35.84883333333333,-117.6975,7.34,3.1,,,SCEDC,,A,67,0.16,SCSN,116,117,200,117,ok,True,2019,188,data/scedc/event_phases/2019/2019_188/37264612.phase
38473223,scedc:38473223,2019-07-07T07:31:06.530000Z,35.82416666666667,-117.64366666666666,9.15,3.1,,,SCEDC,,A,69,0.11,SCSN,116,117,200,117,ok,True,2019,188,data/scedc/event_phases/2019/2019_188/38473223.phase
38473831,scedc:38473831,2019-07-07T08:38:27.500000Z,35.555,-117.38433333333332,1.03,3.3,,,SCEDC,,A,45,0.14,SCSN,120,122,200,122,ok,True,2019,188,data/scedc/event_phases/2019/2019_188/38473831.phase
38473839,scedc:38473839,2019-07-07T08:39:05.650000Z,35.676833333333335,-117.5455,1.84,3.0,,,SCEDC,,A,72,0.12,SCSN,116,119,200,119,ok,True,2019,188,data/scedc/event_phases/2019/2019_188/38473839.phase
38473983,scedc:38473983,2019-07-07T08:56:40.130000Z,35.6805,-117.49316666666668,1.31,3.4,,,SCEDC,,A,95,0.13,SCSN,118,119,200,119,ok,True,2019,188,data/scedc/event_phases/2019/2019_188/38473983.phase
38474119,scedc:38474119,2019-07-07T09:09:25.030000Z,35.67183333333333,-117.52216666666666,9.4,3.1,,,SCEDC,,A,70,0.12,SCSN,118,119,200,119,ok,True,2019,188,data/scedc/event_phases/2019/2019_188/38474119.phase
38474127,scedc:38474127,2019-07-07T09:10:01.710000Z,35.93116666666667,-117.70333333333332,2.57,3.5,,,SCEDC,,A,69,0.13,SCSN,118,119,200,119,ok,True,2019,188,data/scedc/event_phases/2019/2019_188/38474127.phase
38474639,scedc:38474639,2019-07-07T10:02:27.590000Z,35.71933333333333,-117.49616666666668,3.74,3.3,,,SCEDC,,A,58,0.16,SCSN,116,118,200,118,ok,True,2019,188,data/scedc/event_phases/2019/2019_188/38474639.phase
38475431,scedc:38475431,2019-07-07T11:22:16.240000Z,35.80566666666667,-117.594,10.06,4.2,,,SCEDC,,A,97,0.16,SCSN,118,119,200,119,ok,True,2019,188,data/scedc/event_phases/2019/2019_188/38475431.phase
38477007,scedc:38477007,2019-07-07T15:05:04.970000Z,35.5745,-117.41533333333334,7.71,3.0,,,SCEDC,,A,67,0.11,SCSN,121,121,200,121,ok,True,2019,188,data/scedc/event_phases/2019/2019_188/38477007.phase
38477319,scedc:38477319,2019-07-07T15:49:15.080000Z,35.87,-117.70216666666668,4.21,3.2,,,SCEDC,,A,90,0.12,SCSN,118,118,200,118,ok,True,2019,188,data/scedc/event_phases/2019/2019_188/38477319.phase
37485653,scedc:37485653,2019-07-07T16:40:41.590000Z,35.8945,-117.69716666666666,6.79,3.1,,,SCEDC,,A,41,0.18,SCSN,114,116,200,116,ok,True,2019,188,data/scedc/event_phases/2019/2019_188/37485653.phase
38479239,scedc:38479239,2019-07-07T19:48:36.830000Z,35.93866666666667,-117.6995,2.38,3.0,,,SCEDC,,A,68,0.13,SCSN,117,119,200,119,ok,True,2019,188,data/scedc/event_phases/2019/2019_188/38479239.phase
38480631,scedc:38480631,2019-07-07T23:02:24.490000Z,35.54566666666667,-117.414,4.93,3.1,,,SCEDC,,A,96,0.14,SCSN,121,123,200,123,ok,True,2019,188,data/scedc/event_phases/2019/2019_188/38480631.phase
38480975,scedc:38480975,2019-07-07T23:45:25.550000Z,35.67616666666667,-117.48883333333332,3.01,3.4,,,SCEDC,,A,64,0.16,SCSN,117,118,200,118,ok,True,2019,188,data/scedc/event_phases/2019/2019_188/38480975.phase
37264764,scedc:37264764,2019-07-08T01:37:07.910000Z,35.9045,-117.69783333333334,9.08,3.5,,,SCEDC,,A,38,0.13,SCSN,118,119,200,119,ok,True,2019,189,data/scedc/event_phases/2019/2019_189/37264764.phase
38486199,scedc:38486199,2019-07-08T11:34:56.180000Z,35.947833333333335,-117.72416666666666,3.39,3.0,,,SCEDC,,A,95,0.16,SCSN,116,117,200,117,ok,True,2019,189,data/scedc/event_phases/2019/2019_189/38486199.phase
38487519,scedc:38487519,2019-07-08T13:58:19.180000Z,35.559333333333335,-117.39166666666668,2.41,3.2,,,SCEDC,,A,89,0.15,SCSN,117,119,200,119,ok,True,2019,189,data/scedc/event_phases/2019/2019_189/38487519.phase
38490007,scedc:38490007,2019-07-08T18:20:57.730000Z,35.91566666666667,-117.68683333333334,2.8,3.0,,,SCEDC,,A,75,0.15,SCSN,117,119,200,119,ok,True,2019,189,data/scedc/event_phases/2019/2019_189/38490007.phase
37265084,scedc:37265084,2019-07-09T00:00:07.060000Z,36.13283333333333,-117.84466666666668,5.14,3.0,,,SCEDC,,A,19,0.11,SCSN,114,115,200,115,ok,True,2019,190,data/scedc/event_phases/2019/2019_190/37265084.phase
37265404,scedc:37265404,2019-07-09T12:58:31.930000Z,35.67966666666667,-117.487,2.63,3.0,,,SCEDC,,A,26,0.17,SCSN,118,119,200,119,ok,True,2019,190,data/scedc/event_phases/2019/2019_190/37265404.phase
38519143,scedc:38519143,2019-07-10T14:54:00.380000Z,36.049,-117.86583333333331,1.92,3.0,,,SCEDC,,A,77,0.15,SCSN,114,115,200,115,ok,True,2019,191,data/scedc/event_phases/2019/2019_191/38519143.phase
38519223,scedc:38519223,2019-07-10T15:01:56.140000Z,35.879666666666665,-117.68066666666668,4.99,3.3,,,SCEDC,,A,73,0.14,SCSN,116,118,200,118,ok,True,2019,191,data/scedc/event_phases/2019/2019_191/38519223.phase
38519231,scedc:38519231,2019-07-10T15:02:04.290000Z,35.877,-117.68166666666669,4.86,3.6,,,SCEDC,,A,77,0.15,SCSN,117,119,200,119,ok,True,2019,191,data/scedc/event_phases/2019/2019_191/38519231.phase
37265572,scedc:37265572,2019-07-10T18:51:43.830000Z,36.05533333333333,-117.85416666666669,7.76,3.5,,,SCEDC,,A,12,0.12,SCSN,114,114,200,114,ok,True,2019,191,data/scedc/event_phases/2019/2019_191/37265572.phase
38522055,scedc:38522055,2019-07-10T19:15:02.530000Z,36.12133333333333,-117.82866666666666,2.65,3.3,,,SCEDC,,A,75,0.15,SCSN,113,114,200,114,ok,True,2019,191,data/scedc/event_phases/2019/2019_191/38522055.phase
37248948,scedc:37248948,2019-07-10T19:15:14.920000Z,35.346666666666664,-117.9205,4.62,3.2,,,SCEDC,,A,50,0.2,SCSN,114,115,200,115,ok,True,2019,191,data/scedc/event_phases/2019/2019_191/37248948.phase
37265580,scedc:37265580,2019-07-10T22:15:53.250000Z,36.17133333333334,-117.88566666666668,2.05,3.7,,,SCEDC,,A,28,0.19,SCSN,116,117,200,117,ok,True,2019,191,data/scedc/event_phases/2019/2019_191/37265580.phase
38531903,scedc:38531903,2019-07-11T11:17:27.630000Z,36.15533333333333,-117.8805,1.38,3.2,,,SCEDC,,A,91,0.17,SCSN,113,115,200,115,ok,True,2019,192,data/scedc/event_phases/2019/2019_192/38531903.phase
38532479,scedc:38532479,2019-07-11T12:20:04.630000Z,36.083333333333336,-117.87833333333332,1.49,3.0,,,SCEDC,,A,98,0.15,SCSN,111,112,200,112,ok,True,2019,192,data/scedc/event_phases/2019/2019_192/38532479.phase
37266364,scedc:37266364,2019-07-12T13:12:11.930000Z,35.629,-117.597,9.43,3.5,,,SCEDC,,A,38,0.13,SCSN,115,115,200,115,ok,True,2019,193,data/scedc/event_phases/2019/2019_193/37266364.phase
37266372,scedc:37266372,2019-07-12T13:12:22.020000Z,35.63916666666667,-117.5825,9.8,3.2,,,SCEDC,,A,30,0.15,SCSN,117,117,200,117,ok,True,2019,193,data/scedc/event_phases/2019/2019_193/37266372.phase
37266380,scedc:37266380,2019-07-12T13:12:44.260000Z,35.63033333333333,-117.58616666666668,9.26,3.0,,,SCEDC,,A,33,0.15,SCSN,116,117,200,117,ok,True,2019,193,data/scedc/event_phases/2019/2019_193/37266380.phase
37421757,scedc:37421757,2019-07-16T20:15:59.020000Z,35.67766666666667,-117.5155,7.59,3.5,,,SCEDC,,A,59,0.15,SCSN,113,117,200,117,ok,True,2019,197,data/scedc/event_phases/2019/2019_197/37421757.phase
37267164,scedc:37267164,2019-07-17T02:29:32.470000Z,36.11716666666667,-117.89183333333334,6.96,3.3,,,SCEDC,,A,18,0.12,SCSN,112,115,200,115,ok,True,2019,198,data/scedc/event_phases/2019/2019_198/37267164.phase
38588455,scedc:38588455,2019-07-17T12:57:33.450000Z,35.9235,-117.68166666666669,2.47,3.0,,,SCEDC,,A,99,0.17,SCSN,118,119,200,119,ok,True,2019,198,data/scedc/event_phases/2019/2019_198/38588455.phase
37421821,scedc:37421821,2019-07-17T15:12:00.080000Z,35.8975,-117.71866666666666,7.75,3.1,,,SCEDC,,A,68,0.23,SCSN,116,118,200,118,ok,True,2019,198,data/scedc/event_phases/2019/2019_198/37421821.phase
38604199,scedc:38604199,2019-07-19T13:52:22.020000Z,36.10916666666667,-117.84183333333333,2.61,3.4,,,SCEDC,,A,98,0.16,SCSN,117,119,200,119,ok,True,2019,200,data/scedc/event_phases/2019/2019_200/38604199.phase
37482197,scedc:37482197,2019-07-20T18:50:09.100000Z,35.8735,-117.70616666666666,11.08,3.0,,,SCEDC,,A,21,0.07,SCSN,120,121,200,121,ok,True,2019,201,data/scedc/event_phases/2019/2019_201/37482197.phase
38614159,scedc:38614159,2019-07-21T01:18:33.750000Z,32.317,-115.33916666666669,30.0,3.5,,,SCEDC,,A,81,0.26,SCSN,97,97,185,97,ok,True,2019,202,data/scedc/event_phases/2019/2019_202/38614159.phase
38615791,scedc:38615791,2019-07-21T07:36:57.720000Z,35.7805,-117.614,9.73,3.0,,,SCEDC,,A,96,0.16,SCSN,120,120,200,120,ok,True,2019,202,data/scedc/event_phases/2019/2019_202/38615791.phase
37480781,scedc:37480781,2019-07-23T01:36:17.360000Z,35.744166666666665,-117.55683333333332,5.6,3.3,,,SCEDC,,A,54,0.1,SCSN,121,122,200,122,ok,True,2019,204,data/scedc/event_phases/2019/2019_204/37480781.phase
38634351,scedc:38634351,2019-07-24T05:48:48.010000Z,35.79083333333333,-120.34666666666666,3.77,3.0,,,SCEDC,,A,73,0.26,SCSN,106,106,200,106,ok,True,2019,205,data/scedc/event_phases/2019/2019_205/38634351.phase
38644991,scedc:38644991,2019-07-26T00:45:54.950000Z,35.93866666666667,-117.69483333333334,4.04,3.0,,,SCEDC,,A,67,0.13,SCSN,121,121,200,121,ok,True,2019,207,data/scedc/event_phases/2019/2019_207/38644991.phase
38690607,scedc:38690607,2019-08-04T05:29:40.910000Z,36.04933333333334,-117.364,2.4,3.2,,,SCEDC,,A,74,0.17,SCSN,118,119,200,119,ok,True,2019,216,data/scedc/event_phases/2019/2019_216/38690607.phase
38971248,scedc:38971248,2019-08-15T11:52:31.740000Z,36.0825,-117.85833333333332,2.38,3.0,,,SCEDC,,A,91,0.14,SCSN,118,118,200,118,ok,True,2019,227,data/scedc/event_phases/2019/2019_227/38971248.phase
38995952,scedc:38995952,2019-08-22T16:04:28.760000Z,35.68333333333333,-117.48866666666666,6.83,3.0,,,SCEDC,,A,97,0.15,SCSN,120,120,200,120,ok,True,2019,234,data/scedc/event_phases/2019/2019_234/38995952.phase
38999312,scedc:38999312,2019-08-23T05:34:57.240000Z,35.91133333333333,-117.70566666666669,7.49,3.1,,,SCEDC,,A,55,0.11,SCSN,121,121,200,121,ok,True,2019,235,data/scedc/event_phases/2019/2019_235/38999312.phase
39005120,scedc:39005120,2019-08-24T15:18:30.940000Z,35.872,-117.581,8.99,3.1,,,SCEDC,,A,92,0.16,SCSN,123,123,200,123,ok,True,2019,236,data/scedc/event_phases/2019/2019_236/39005120.phase
38820207,scedc:38820207,2019-09-08T22:50:20.630000Z,32.21216666666667,-115.2325,24.01,3.0,,,SCEDC,,A,47,0.3,SCSN,91,91,167,91,ok,True,2019,251,data/scedc/event_phases/2019/2019_251/38820207.phase
38238754,scedc:38238754,2019-11-12T02:14:18.260000Z,32.77583333333333,-115.53866666666669,11.79,3.6,,,SCEDC,,A,60,0.3,SCSN,110,110,200,110,ok,True,2019,316,data/scedc/event_phases/2019/2019_316/38238754.phase
38247706,scedc:38247706,2019-11-16T22:11:21.340000Z,36.187,-117.86166666666666,2.48,3.5,,,SCEDC,,A,88,0.16,SCSN,117,117,200,117,ok,True,2019,320,data/scedc/event_phases/2019/2019_320/38247706.phase
38247754,scedc:38247754,2019-11-16T22:29:26.110000Z,36.186,-117.86633333333332,2.11,3.4,,,SCEDC,,A,96,0.16,SCSN,117,117,200,117,ok,True,2019,320,data/scedc/event_phases/2019/2019_320/38247754.phase
38248602,scedc:38248602,2019-11-17T08:02:35.980000Z,36.1835,-117.86683333333332,2.07,3.6,,,SCEDC,,A,92,0.17,SCSN,116,117,200,117,ok,True,2019,321,data/scedc/event_phases/2019/2019_321/38248602.phase
39209360,scedc:39209360,2019-11-28T06:00:17.330000Z,36.09766666666667,-117.86066666666666,2.78,3.1,,,SCEDC,,A,90,0.15,SCSN,103,103,200,103,ok,True,2019,332,data/scedc/event_phases/2019/2019_332/39209360.phase
39210096,scedc:39210096,2019-11-29T00:49:42.870000Z,35.7125,-117.56783333333334,8.62,3.7,,,SCEDC,,A,98,0.15,SCSN,112,113,200,113,ok,True,2019,333,data/scedc/event_phases/2019/2019_333/39210096.phase
39217824,scedc:39217824,2019-12-05T10:49:02.020000Z,35.55833333333333,-117.43433333333331,4.78,3.1,,,SCEDC,,A,76,0.15,SCSN,110,111,200,111,ok,True,2019,339,data/scedc/event_phases/2019/2019_339/39217824.phase
39225152,scedc:39225152,2019-12-10T18:57:12.540000Z,35.8265,-117.66733333333332,7.74,3.0,,,SCEDC,,A,88,0.15,SCSN,109,110,200,110,ok,True,2019,344,data/scedc/event_phases/2019/2019_344/39225152.phase
39225400,scedc:39225400,2019-12-10T22:06:47.280000Z,32.5875,-117.92233333333331,28.95,3.4,,,SCEDC,,A,65,0.19,SCSN,95,95,200,95,ok,True,2019,344,data/scedc/event_phases/2019/2019_344/39225400.phase
39233472,scedc:39233472,2019-12-17T18:29:21.510000Z,35.807,-120.353,5.71,4.3,,,SCEDC,,C,50,0.25,SCSN,101,101,200,101,ok,True,2019,351,data/scedc/event_phases/2019/2019_351/39233472.phase
39013463,scedc:39013463,2019-12-25T23:15:05.890000Z,32.92366666666667,-119.15816666666667,5.83,3.6,,,SCEDC,,C,21,0.14,SCSN,99,99,200,99,ok,True,2019,359,data/scedc/event_phases/2019/2019_359/39013463.phase
39013663,scedc:39013663,2019-12-26T04:12:00.180000Z,35.94983333333333,-117.368,2.48,3.3,,,SCEDC,,A,93,0.15,SCSN,107,109,200,109,ok,True,2019,360,data/scedc/event_phases/2019/2019_360/39013663.phase
39021735,scedc:39021735,2020-01-03T05:48:05.430000Z,35.792833333333334,-117.61633333333332,5.37,3.1,,,SCEDC,,A,93,0.16,SCSN,108,109,200,109,ok,True,2020,3,data/scedc/event_phases/2020/2020_003/39021735.phase
39033039,scedc:39033039,2020-01-12T05:21:02.820000Z,32.366166666666665,-115.21316666666668,27.69,4.0,,,SCEDC,,A,72,0.31,SCSN,92,92,182,92,ok,True,2020,12,data/scedc/event_phases/2020/2020_012/39033039.phase
39272488,scedc:39272488,2020-01-16T16:14:49.060000Z,32.38483333333333,-115.15166666666669,21.16,3.0,,,SCEDC,,A,52,0.29,SCSN,93,93,176,93,ok,True,2020,16,data/scedc/event_phases/2020/2020_016/39272488.phase
39277800,scedc:39277800,2020-01-22T08:52:56.340000Z,32.413,-115.25033333333332,23.2,3.0,,,SCEDC,,A,81,0.31,SCSN,99,99,188,99,ok,True,2020,22,data/scedc/event_phases/2020/2020_022/39277800.phase
39281440,scedc:39281440,2020-01-25T03:03:34.920000Z,35.0975,-116.96966666666668,3.07,4.6,,,SCEDC,,A,83,0.14,SCSN,113,113,200,113,ok,True,2020,25,data/scedc/event_phases/2020/2020_025/39281440.phase
39281456,scedc:39281456,2020-01-25T03:09:43.600000Z,35.09466666666667,-116.96783333333332,3.29,3.0,,,SCEDC,,A,65,0.12,SCSN,109,109,200,109,ok,True,2020,25,data/scedc/event_phases/2020/2020_025/39281456.phase
39283296,scedc:39283296,2020-01-27T05:25:22.800000Z,34.9955,-116.94066666666669,4.5,3.1,,,SCEDC,,A,69,0.12,SCSN,119,119,200,119,ok,True,2020,27,data/scedc/event_phases/2020/2020_027/39283296.phase
39285816,scedc:39285816,2020-01-29T12:56:21.840000Z,35.435833333333335,-119.00833333333334,17.99,3.2,,,SCEDC,,A,85,0.23,SCSN,108,109,200,109,ok,True,2020,29,data/scedc/event_phases/2020/2020_029/39285816.phase
39287680,scedc:39287680,2020-01-31T07:45:37.110000Z,32.39083333333333,-115.23633333333332,18.88,3.0,,,SCEDC,,A,69,0.32,SCSN,99,99,186,99,ok,True,2020,31,data/scedc/event_phases/2020/2020_031/39287680.phase
39296624,scedc:39296624,2020-02-08T19:34:20.720000Z,35.095,-116.96716666666669,2.27,3.9,,,SCEDC,,A,81,0.13,SCSN,122,122,200,122,ok,True,2020,39,data/scedc/event_phases/2020/2020_039/39296624.phase
39070271,scedc:39070271,2020-02-13T12:55:47.410000Z,35.827,-116.60183333333332,1.05,3.2,,,SCEDC,,A,75,0.2,SCSN,120,120,200,120,ok,True,2020,44,data/scedc/event_phases/2020/2020_044/39070271.phase
39083127,scedc:39083127,2020-02-25T17:19:38.610000Z,33.8725,-119.35966666666668,5.95,3.1,,,SCEDC,,C,51,0.28,SCSN,100,100,200,100,ok,True,2020,56,data/scedc/event_phases/2020/2020_056/39083127.phase
39089007,scedc:39089007,2020-03-03T00:32:50.880000Z,35.89633333333333,-117.69983333333332,4.49,3.3,,,SCEDC,,A,76,0.14,SCSN,111,111,200,111,ok,True,2020,63,data/scedc/event_phases/2020/2020_063/39089007.phase
39089087,scedc:39089087,2020-03-03T02:54:18.630000Z,32.1455,-115.11416666666666,15.64,3.3,,,SCEDC,,A,39,0.32,SCSN,84,84,154,84,ok,True,2020,63,data/scedc/event_phases/2020/2020_063/39089087.phase
39089407,scedc:39089407,2020-03-03T15:01:02.430000Z,36.5,-120.617,10.27,4.0,,,SCEDC,,D,20,0.62,SCSN,56,56,102,56,ok,True,2020,63,data/scedc/event_phases/2020/2020_063/39089407.phase
39090087,scedc:39090087,2020-03-04T10:01:31.660000Z,35.794,-117.62266666666666,3.1,3.0,,,SCEDC,,A,79,0.15,SCSN,110,112,200,112,ok,True,2020,64,data/scedc/event_phases/2020/2020_064/39090087.phase
38386162,scedc:38386162,2020-03-07T08:49:13.250000Z,36.1115,-117.86416666666666,2.65,3.4,,,SCEDC,,A,73,0.15,SCSN,113,114,200,114,ok,True,2020,67,data/scedc/event_phases/2020/2020_067/38386162.phase
38386410,scedc:38386410,2020-03-07T12:51:16.870000Z,36.1145,-117.86216666666668,2.14,3.7,,,SCEDC,,A,75,0.15,SCSN,113,114,200,114,ok,True,2020,67,data/scedc/event_phases/2020/2020_067/38386410.phase
38387018,scedc:38387018,2020-03-08T00:33:32.000000Z,36.11083333333333,-117.86233333333334,2.25,3.8,,,SCEDC,,A,82,0.15,SCSN,114,115,200,115,ok,True,2020,68,data/scedc/event_phases/2020/2020_068/38387018.phase
38395986,scedc:38395986,2020-03-17T01:57:03.720000Z,35.955333333333336,-117.36433333333332,2.26,3.5,,,SCEDC,,A,74,0.15,SCSN,115,116,200,116,ok,True,2020,77,data/scedc/event_phases/2020/2020_077/38395986.phase
39108583,scedc:39108583,2020-03-20T11:52:54.030000Z,35.66316666666667,-117.523,9.85,3.6,,,SCEDC,,A,78,0.13,SCSN,111,111,200,111,ok,True,2020,80,data/scedc/event_phases/2020/2020_080/39108583.phase
39111991,scedc:39111991,2020-03-23T05:53:57.260000Z,35.9555,-117.363,0.94,4.3,,,SCEDC,,A,78,0.18,SCSN,116,117,200,117,ok,True,2020,83,data/scedc/event_phases/2020/2020_083/39111991.phase
39114071,scedc:39114071,2020-03-24T17:01:09.660000Z,36.102,-117.86566666666668,2.49,3.0,,,SCEDC,,A,67,0.15,SCSN,114,114,200,114,ok,True,2020,84,data/scedc/event_phases/2020/2020_084/39114071.phase
39116263,scedc:39116263,2020-03-26T08:13:42.550000Z,35.5955,-117.3935,6.66,3.0,,,SCEDC,,A,80,0.12,SCSN,111,111,200,111,ok,True,2020,86,data/scedc/event_phases/2020/2020_086/39116263.phase
39138391,scedc:39138391,2020-04-06T18:10:02.970000Z,35.676833333333335,-117.51883333333332,9.07,3.0,,,SCEDC,,A,81,0.15,SCSN,111,111,200,111,ok,True,2020,97,data/scedc/event_phases/2020/2020_097/39138391.phase
39141103,scedc:39141103,2020-04-07T20:16:46.750000Z,35.9585,-117.36716666666666,2.26,3.0,,,SCEDC,,A,66,0.13,SCSN,115,116,200,116,ok,True,2020,98,data/scedc/event_phases/2020/2020_098/39141103.phase
39380472,scedc:39380472,2020-04-10T09:42:18.140000Z,32.3595,-115.307,10.3,3.0,,,SCEDC,,A,65,0.31,SCSN,98,98,192,98,ok,True,2020,101,data/scedc/event_phases/2020/2020_101/39380472.phase
39386896,scedc:39386896,2020-04-13T23:36:22.930000Z,35.674166666666665,-117.4265,5.97,3.2,,,SCEDC,,A,77,0.14,SCSN,113,113,200,113,ok,True,2020,104,data/scedc/event_phases/2020/2020_104/39386896.phase
39387336,scedc:39387336,2020-04-14T06:14:28.420000Z,36.11066666666667,-117.847,3.84,3.3,,,SCEDC,,A,74,0.15,SCSN,113,113,200,113,ok,True,2020,105,data/scedc/event_phases/2020/2020_105/39387336.phase
39395080,scedc:39395080,2020-04-18T12:50:14.780000Z,36.0,-117.36066666666666,2.19,3.4,,,SCEDC,,A,79,0.16,SCSN,116,116,200,116,ok,True,2020,109,data/scedc/event_phases/2020/2020_109/39395080.phase
39395096,scedc:39395096,2020-04-18T13:03:01.490000Z,35.999833333333335,-117.36183333333334,2.36,3.4,,,SCEDC,,A,76,0.15,SCSN,116,116,200,116,ok,True,2020,109,data/scedc/event_phases/2020/2020_109/39395096.phase
38480762,scedc:38480762,2020-05-05T15:12:25.900000Z,36.4585,-117.976,6.44,3.0,,,SCEDC,,A,66,0.17,SCSN,115,116,200,116,ok,True,2020,126,data/scedc/event_phases/2020/2020_126/38480762.phase
39202199,scedc:39202199,2020-05-15T22:24:44.430000Z,32.42283333333334,-118.2715,17.49,3.0,,,SCEDC,,B,24,0.24,SCSN,88,89,200,89,ok,True,2020,136,data/scedc/event_phases/2020/2020_136/39202199.phase
39202567,scedc:39202567,2020-05-16T03:31:06.580000Z,35.9555,-117.3355,3.3,3.1,,,SCEDC,,A,67,0.13,SCSN,111,111,200,111,ok,True,2020,137,data/scedc/event_phases/2020/2020_137/39202567.phase
39206855,scedc:39206855,2020-05-19T07:15:39.270000Z,32.406666666666666,-115.2175,9.9,3.2,,,SCEDC,,A,86,0.41,SCSN,95,95,187,95,ok,True,2020,140,data/scedc/event_phases/2020/2020_140/39206855.phase
39462672,scedc:39462672,2020-06-04T01:52:45.900000Z,35.6245,-117.42433333333334,10.06,3.3,,,SCEDC,,A,83,0.14,SCSN,111,111,200,111,ok,True,2020,156,data/scedc/event_phases/2020/2020_156/39462672.phase
39462744,scedc:39462744,2020-06-04T02:04:00.090000Z,35.625,-117.4205,9.61,3.0,,,SCEDC,,A,89,0.16,SCSN,110,110,200,110,ok,True,2020,156,data/scedc/event_phases/2020/2020_156/39462744.phase
39462768,scedc:39462768,2020-06-04T02:07:26.600000Z,35.606833333333334,-117.40983333333334,8.21,3.2,,,SCEDC,,A,86,0.14,SCSN,111,111,200,111,ok,True,2020,156,data/scedc/event_phases/2020/2020_156/39462768.phase
39462920,scedc:39462920,2020-06-04T02:27:54.610000Z,36.14983333333333,-117.97966666666667,2.01,4.2,,,SCEDC,,A,78,0.17,SCSN,111,111,200,111,ok,True,2020,156,data/scedc/event_phases/2020/2020_156/39462920.phase
39463040,scedc:39463040,2020-06-04T02:43:57.790000Z,35.62166666666667,-117.41183333333332,9.29,3.3,,,SCEDC,,A,85,0.14,SCSN,109,109,200,109,ok,True,2020,156,data/scedc/event_phases/2020/2020_156/39463040.phase
39463304,scedc:39463304,2020-06-04T03:39:11.440000Z,35.596666666666664,-117.40166666666669,8.84,3.0,,,SCEDC,,A,84,0.14,SCSN,110,110,200,110,ok,True,2020,156,data/scedc/event_phases/2020/2020_156/39463304.phase
39463528,scedc:39463528,2020-06-04T04:37:46.510000Z,35.60616666666667,-117.40833333333332,6.34,3.5,,,SCEDC,,A,85,0.14,SCSN,110,110,200,110,ok,True,2020,156,data/scedc/event_phases/2020/2020_156/39463528.phase
39464360,scedc:39464360,2020-06-04T10:27:28.650000Z,35.645833333333336,-117.42333333333332,6.01,3.6,,,SCEDC,,A,94,0.16,SCSN,109,109,200,109,ok,True,2020,156,data/scedc/event_phases/2020/2020_156/39464360.phase
39469848,scedc:39469848,2020-06-08T04:15:05.770000Z,35.63766666666667,-117.4175,3.64,4.3,,,SCEDC,,A,90,0.17,SCSN,110,111,200,111,ok,True,2020,160,data/scedc/event_phases/2020/2020_160/39469848.phase
39477608,scedc:39477608,2020-06-13T06:45:06.930000Z,35.90266666666667,-117.705,2.66,3.1,,,SCEDC,,A,79,0.16,SCSN,111,111,200,111,ok,True,2020,165,data/scedc/event_phases/2020/2020_165/39477608.phase
39481424,scedc:39481424,2020-06-16T05:58:22.780000Z,36.04333333333334,-117.80733333333332,1.34,3.8,,,SCEDC,,A,83,0.17,SCSN,111,112,200,112,ok,True,2020,168,data/scedc/event_phases/2020/2020_168/39481424.phase
37447541,scedc:37447541,2020-06-23T00:26:46.470000Z,36.4545,-117.99,7.4,3.3,,,SCEDC,,A,16,0.11,SCSN,115,115,200,115,ok,True,2020,175,data/scedc/event_phases/2020/2020_175/37447541.phase
39490976,scedc:39490976,2020-06-23T00:33:57.560000Z,36.446,-117.97516666666668,6.73,3.0,,,SCEDC,,A,65,0.17,SCSN,113,114,200,114,ok,True,2020,175,data/scedc/event_phases/2020/2020_175/39490976.phase
39491208,scedc:39491208,2020-06-23T02:51:58.480000Z,36.4465,-117.983,4.35,3.8,,,SCEDC,,A,91,0.18,SCSN,113,113,200,113,ok,True,2020,175,data/scedc/event_phases/2020/2020_175/39491208.phase
37447621,scedc:37447621,2020-06-23T02:52:06.440000Z,36.445,-117.98333333333332,0.19,3.7,,,SCEDC,,A,7,0.11,SCSN,113,113,200,113,ok,True,2020,175,data/scedc/event_phases/2020/2020_175/37447621.phase
39491464,scedc:39491464,2020-06-23T06:48:10.430000Z,36.4585,-117.98083333333334,5.03,3.2,,,SCEDC,,A,82,0.19,SCSN,112,112,200,112,ok,True,2020,175,data/scedc/event_phases/2020/2020_175/39491464.phase
39493944,scedc:39493944,2020-06-24T17:40:49.240000Z,36.44683333333333,-117.97516666666668,4.66,5.8,,,SCEDC,,A,91,0.19,SCSN,113,114,200,114,ok,True,2020,176,data/scedc/event_phases/2020/2020_176/39493944.phase
39493968,scedc:39493968,2020-06-24T17:45:00.530000Z,36.456833333333336,-117.9385,10.88,3.5,,,SCEDC,,A,87,0.19,SCSN,115,115,200,115,ok,True,2020,176,data/scedc/event_phases/2020/2020_176/39493968.phase
39494008,scedc:39494008,2020-06-24T17:59:19.960000Z,36.456,-117.93116666666668,9.62,4.6,,,SCEDC,,A,85,0.19,SCSN,115,115,200,115,ok,True,2020,176,data/scedc/event_phases/2020/2020_176/39494008.phase
39494120,scedc:39494120,2020-06-24T18:20:38.300000Z,36.48066666666666,-117.96816666666666,10.23,3.8,,,SCEDC,,A,80,0.19,SCSN,110,111,195,111,ok,True,2020,176,data/scedc/event_phases/2020/2020_176/39494120.phase
39494128,scedc:39494128,2020-06-24T18:25:39.550000Z,36.4845,-117.9735,9.45,3.3,,,SCEDC,,A,78,0.21,SCSN,110,111,195,111,ok,True,2020,176,data/scedc/event_phases/2020/2020_176/39494128.phase
39494264,scedc:39494264,2020-06-24T19:02:17.850000Z,36.4375,-117.933,8.32,3.3,,,SCEDC,,A,70,0.19,SCSN,114,115,200,115,ok,True,2020,176,data/scedc/event_phases/2020/2020_176/39494264.phase
39495128,scedc:39495128,2020-06-25T00:09:30.790000Z,36.481,-117.97366666666667,7.23,3.4,,,SCEDC,,A,79,0.19,SCSN,111,111,195,111,ok,True,2020,177,data/scedc/event_phases/2020/2020_177/39495128.phase
39496120,scedc:39496120,2020-06-25T10:17:10.600000Z,36.44416666666667,-117.968,6.86,3.0,,,SCEDC,,A,79,0.17,SCSN,113,113,200,113,ok,True,2020,177,data/scedc/event_phases/2020/2020_177/39496120.phase
39496160,scedc:39496160,2020-06-25T10:34:27.730000Z,36.48416666666667,-117.9705,6.53,3.5,,,SCEDC,,A,80,0.2,SCSN,109,109,195,109,ok,True,2020,177,data/scedc/event_phases/2020/2020_177/39496160.phase
39496504,scedc:39496504,2020-06-25T13:58:38.830000Z,36.4395,-117.96033333333334,6.89,3.1,,,SCEDC,,A,75,0.17,SCSN,113,113,200,113,ok,True,2020,177,data/scedc/event_phases/2020/2020_177/39496504.phase
39266607,scedc:39266607,2020-06-25T22:21:44.100000Z,36.44383333333333,-117.97483333333334,5.43,3.1,,,SCEDC,,A,72,0.2,SCSN,113,113,200,113,ok,True,2020,177,data/scedc/event_phases/2020/2020_177/39266607.phase
39266839,scedc:39266839,2020-06-26T02:23:26.190000Z,36.445166666666665,-117.992,3.94,3.3,,,SCEDC,,A,88,0.17,SCSN,112,113,200,113,ok,True,2020,178,data/scedc/event_phases/2020/2020_178/39266839.phase
39268023,scedc:39268023,2020-06-26T16:57:05.330000Z,36.44533333333333,-117.97833333333334,4.0,3.1,,,SCEDC,,A,69,0.19,SCSN,114,114,200,114,ok,True,2020,178,data/scedc/event_phases/2020/2020_178/39268023.phase
39268303,scedc:39268303,2020-06-26T18:55:08.110000Z,36.442,-117.98366666666666,4.03,3.2,,,SCEDC,,A,68,0.17,SCSN,112,113,200,113,ok,True,2020,178,data/scedc/event_phases/2020/2020_178/39268303.phase
39274191,scedc:39274191,2020-06-30T17:19:21.450000Z,32.22516666666667,-115.2405,16.58,3.2,,,SCEDC,,A,86,0.36,SCSN,91,91,173,91,ok,True,2020,182,data/scedc/event_phases/2020/2020_182/39274191.phase
39281447,scedc:39281447,2020-07-06T13:41:59.800000Z,36.45183333333333,-117.96166666666667,5.07,3.0,,,SCEDC,,A,66,0.16,SCSN,111,112,200,112,ok,True,2020,188,data/scedc/event_phases/2020/2020_188/39281447.phase
38603762,scedc:38603762,2020-07-23T00:29:26.230000Z,36.44766666666666,-117.98916666666666,4.09,3.7,,,SCEDC,,A,67,0.17,SCSN,115,115,200,115,ok,True,2020,205,data/scedc/event_phases/2020/2020_205/38603762.phase
38604050,scedc:38604050,2020-07-23T05:19:52.830000Z,36.4445,-117.988,2.75,3.0,,,SCEDC,,A,64,0.19,SCSN,114,114,200,114,ok,True,2020,205,data/scedc/event_phases/2020/2020_205/38604050.phase
38605954,scedc:38605954,2020-07-24T07:05:13.560000Z,36.445166666666665,-117.9595,7.59,3.7,,,SCEDC,,A,78,0.19,SCSN,113,113,200,113,ok,True,2020,206,data/scedc/event_phases/2020/2020_206/38605954.phase
39338399,scedc:39338399,2020-08-10T15:55:48.220000Z,33.25066666666667,-115.69533333333334,2.52,3.5,,,SCEDC,,A,80,0.25,SCSN,107,107,200,107,ok,True,2020,223,data/scedc/event_phases/2020/2020_223/39338399.phase
39338415,scedc:39338415,2020-08-10T15:58:16.660000Z,33.24366666666667,-115.68583333333332,2.4,3.0,,,SCEDC,,A,68,0.21,SCSN,108,108,200,108,ok,True,2020,223,data/scedc/event_phases/2020/2020_223/39338415.phase
37452101,scedc:37452101,2020-08-10T18:30:05.830000Z,33.22983333333333,-115.6925,3.67,3.5,,,SCEDC,,A,80,0.29,SCSN,109,109,200,109,ok,True,2020,223,data/scedc/event_phases/2020/2020_223/37452101.phase
39346591,scedc:39346591,2020-08-16T12:08:31.080000Z,35.9585,-117.025,2.14,3.1,,,SCEDC,,A,67,0.15,SCSN,114,114,200,114,ok,True,2020,229,data/scedc/event_phases/2020/2020_229/39346591.phase
39587168,scedc:39587168,2020-08-21T08:20:08.360000Z,35.64416666666666,-117.45983333333334,6.22,3.6,,,SCEDC,,A,91,0.15,SCSN,111,111,200,111,ok,True,2020,234,data/scedc/event_phases/2020/2020_234/39587168.phase
39362087,scedc:39362087,2020-08-27T15:04:06.490000Z,35.821333333333335,-117.6415,0.83,3.2,,,SCEDC,,A,60,0.22,SCSN,109,109,200,109,ok,True,2020,240,data/scedc/event_phases/2020/2020_240/39362087.phase
39368535,scedc:39368535,2020-09-02T16:18:31.660000Z,36.03783333333333,-117.77316666666668,1.88,3.5,,,SCEDC,,A,79,0.14,SCSN,111,111,200,111,ok,True,2020,246,data/scedc/event_phases/2020/2020_246/39368535.phase
38675290,scedc:38675290,2020-09-04T11:39:18.200000Z,36.466166666666666,-117.96166666666667,7.02,3.0,,,SCEDC,,A,99,0.2,SCSN,112,112,200,112,ok,True,2020,248,data/scedc/event_phases/2020/2020_248/38675290.phase
38683914,scedc:38683914,2020-09-11T07:55:45.450000Z,36.440666666666665,-117.9945,3.93,4.2,,,SCEDC,,A,88,0.18,SCSN,111,111,200,111,ok,True,2020,255,data/scedc/event_phases/2020/2020_255/38683914.phase
38683938,scedc:38683938,2020-09-11T08:14:10.210000Z,36.437666666666665,-117.99333333333334,3.7,3.6,,,SCEDC,,A,89,0.18,SCSN,110,110,200,110,ok,True,2020,255,data/scedc/event_phases/2020/2020_255/38683938.phase
38693130,scedc:38693130,2020-09-17T15:20:07.330000Z,36.442166666666665,-117.99216666666666,3.73,3.1,,,SCEDC,,A,80,0.19,SCSN,114,114,200,114,ok,True,2020,261,data/scedc/event_phases/2020/2020_261/38693130.phase
38701098,scedc:38701098,2020-09-23T14:17:44.690000Z,35.652833333333334,-117.487,7.27,3.2,,,SCEDC,,A,83,0.14,SCSN,111,111,200,111,ok,True,2020,267,data/scedc/event_phases/2020/2020_267/38701098.phase
39640688,scedc:39640688,2020-09-30T23:15:30.950000Z,33.047666666666665,-115.59666666666666,2.84,3.5,,,SCEDC,,A,75,0.26,SCSN,104,105,200,105,ok,True,2020,274,data/scedc/event_phases/2020/2020_274/39640688.phase
37457117,scedc:37457117,2020-09-30T23:34:18.140000Z,33.05766666666667,-115.5975,2.94,3.0,,,SCEDC,,A,21,0.23,SCSN,104,105,200,105,ok,True,2020,274,data/scedc/event_phases/2020/2020_274/37457117.phase
39641088,scedc:39641088,2020-09-30T23:34:26.010000Z,33.05383333333333,-115.593,2.76,3.1,,,SCEDC,,A,83,0.28,SCSN,104,105,200,105,ok,True,2020,274,data/scedc/event_phases/2020/2020_274/39641088.phase
39641112,scedc:39641112,2020-09-30T23:38:06.380000Z,33.042,-115.5855,5.27,3.2,,,SCEDC,,A,73,0.22,SCSN,105,105,200,105,ok,True,2020,274,data/scedc/event_phases/2020/2020_274/39641112.phase
37479509,scedc:37479509,2020-10-01T00:33:45.970000Z,33.041,-115.5525,9.1,3.6,,,SCEDC,,B,9,0.25,SCSN,105,105,200,105,ok,True,2020,275,data/scedc/event_phases/2020/2020_275/37479509.phase
37456501,scedc:37456501,2020-10-01T00:34:00.750000Z,33.028333333333336,-115.59983333333334,1.71,3.7,,,SCEDC,,A,28,0.33,SCSN,105,105,200,105,ok,True,2020,275,data/scedc/event_phases/2020/2020_275/37456501.phase
39641552,scedc:39641552,2020-10-01T00:35:43.900000Z,33.044333333333334,-115.58883333333333,5.73,3.0,,,SCEDC,,A,60,0.23,SCSN,105,105,200,105,ok,True,2020,275,data/scedc/event_phases/2020/2020_275/39641552.phase
39641568,scedc:39641568,2020-10-01T00:36:30.510000Z,33.033166666666666,-115.587,3.74,3.5,,,SCEDC,,A,75,0.26,SCSN,105,105,200,105,ok,True,2020,275,data/scedc/event_phases/2020/2020_275/39641568.phase
39641576,scedc:39641576,2020-10-01T00:36:51.750000Z,33.04983333333333,-115.58633333333331,5.53,3.0,,,SCEDC,,A,50,0.21,SCSN,105,105,200,105,ok,True,2020,275,data/scedc/event_phases/2020/2020_275/39641576.phase
37479541,scedc:37479541,2020-10-01T00:37:34.650000Z,33.05016666666667,-115.5495,11.19,3.0,,,SCEDC,,A,49,0.36,SCSN,105,105,200,105,ok,True,2020,275,data/scedc/event_phases/2020/2020_275/37479541.phase
39641592,scedc:39641592,2020-10-01T00:38:43.910000Z,33.03783333333333,-115.59416666666668,3.03,3.3,,,SCEDC,,A,58,0.23,SCSN,105,105,200,105,ok,True,2020,275,data/scedc/event_phases/2020/2020_275/39641592.phase
37457501,scedc:37457501,2020-10-01T00:39:15.700000Z,33.041,-115.59083333333334,7.46,3.1,,,SCEDC,,A,35,0.25,SCSN,105,105,200,105,ok,True,2020,275,data/scedc/event_phases/2020/2020_275/37457501.phase
37456517,scedc:37456517,2020-10-01T00:41:34.960000Z,33.023666666666664,-115.57766666666669,5.65,3.6,,,SCEDC,,B,19,0.34,SCSN,105,105,200,105,ok,True,2020,275,data/scedc/event_phases/2020/2020_275/37456517.phase
39641632,scedc:39641632,2020-10-01T00:43:40.350000Z,33.059,-115.59316666666666,6.03,3.0,,,SCEDC,,A,96,0.27,SCSN,105,105,200,105,ok,True,2020,275,data/scedc/event_phases/2020/2020_275/39641632.phase
39641656,scedc:39641656,2020-10-01T00:47:18.930000Z,33.04783333333334,-115.5895,5.06,3.4,,,SCEDC,,A,95,0.25,SCSN,104,105,200,105,ok,True,2020,275,data/scedc/event_phases/2020/2020_275/39641656.phase
39641672,scedc:39641672,2020-10-01T00:48:06.060000Z,33.046166666666664,-115.577,10.14,3.1,,,SCEDC,,A,71,0.28,SCSN,104,105,200,105,ok,True,2020,275,data/scedc/event_phases/2020/2020_275/39641672.phase
39641696,scedc:39641696,2020-10-01T00:50:21.420000Z,33.05566666666667,-115.58916666666669,4.9,3.2,,,SCEDC,,A,99,0.25,SCSN,105,105,200,105,ok,True,2020,275,data/scedc/event_phases/2020/2020_275/39641696.phase
39641712,scedc:39641712,2020-10-01T00:50:55.360000Z,33.04333333333334,-115.58666666666667,8.22,3.4,,,SCEDC,,A,80,0.26,SCSN,105,105,200,105,ok,True,2020,275,data/scedc/event_phases/2020/2020_275/39641712.phase
37470205,scedc:37470205,2020-10-01T01:05:24.390000Z,33.04266666666667,-115.585,6.99,3.2,,,SCEDC,,A,74,0.24,SCSN,105,106,200,106,ok,True,2020,275,data/scedc/event_phases/2020/2020_275/37470205.phase
37347844,scedc:37347844,2020-10-01T01:10:33.800000Z,33.034666666666666,-115.66033333333333,10.68,3.8,,,SCEDC,,A,16,0.36,SCSN,106,106,200,106,ok,True,2020,275,data/scedc/event_phases/2020/2020_275/37347844.phase
37456509,scedc:37456509,2020-10-01T01:10:44.840000Z,33.047333333333334,-115.59316666666666,8.25,3.7,,,SCEDC,,A,40,0.3,SCSN,106,106,200,106,ok,True,2020,275,data/scedc/event_phases/2020/2020_275/37456509.phase
39641888,scedc:39641888,2020-10-01T01:11:05.530000Z,33.041333333333334,-115.5835,8.74,3.5,,,SCEDC,,A,70,0.25,SCSN,106,106,200,106,ok,True,2020,275,data/scedc/event_phases/2020/2020_275/39641888.phase
39641896,scedc:39641896,2020-10-01T01:11:30.310000Z,33.048833333333334,-115.58416666666666,7.18,3.1,,,SCEDC,,A,71,0.29,SCSN,105,106,200,106,ok,True,2020,275,data/scedc/event_phases/2020/2020_275/39641896.phase
37470253,scedc:37470253,2020-10-01T01:11:30.370000Z,33.042,-115.58633333333331,4.87,3.1,,,SCEDC,,A,68,0.25,SCSN,105,106,200,106,ok,True,2020,275,data/scedc/event_phases/2020/2020_275/37470253.phase
37456549,scedc:37456549,2020-10-01T01:47:11.160000Z,33.015,-115.61216666666668,16.46,3.2,,,SCEDC,,A,26,0.24,SCSN,106,106,200,106,ok,True,2020,275,data/scedc/event_phases/2020/2020_275/37456549.phase
37480893,scedc:37480893,2020-10-01T03:33:13.950000Z,33.062666666666665,-115.61716666666666,2.24,3.1,,,SCEDC,,A,28,0.24,SCSN,104,104,200,104,ok,True,2020,275,data/scedc/event_phases/2020/2020_275/37480893.phase
37456405,scedc:37456405,2020-10-01T03:37:04.380000Z,33.051833333333335,-115.575,8.65,4.0,,,SCEDC,,A,22,0.21,SCSN,104,104,200,104,ok,True,2020,275,data/scedc/event_phases/2020/2020_275/37456405.phase
39643336,scedc:39643336,2020-10-01T03:37:54.500000Z,33.04083333333333,-115.59383333333334,3.54,3.5,,,SCEDC,,A,48,0.22,SCSN,104,104,200,104,ok,True,2020,275,data/scedc/event_phases/2020/2020_275/39643336.phase
37456565,scedc:37456565,2020-10-01T03:38:03.840000Z,33.048,-115.60733333333332,3.02,3.2,,,SCEDC,,A,11,0.2,SCSN,104,104,200,104,ok,True,2020,275,data/scedc/event_phases/2020/2020_275/37456565.phase
39643344,scedc:39643344,2020-10-01T03:38:28.620000Z,33.06466666666667,-115.5915,4.62,3.4,,,SCEDC,,A,85,0.26,SCSN,104,104,200,104,ok,True,2020,275,data/scedc/event_phases/2020/2020_275/39643344.phase
39643368,scedc:39643368,2020-10-01T03:40:49.390000Z,33.07666666666667,-115.58816666666668,8.19,3.2,,,SCEDC,,A,94,0.28,SCSN,104,104,200,104,ok,True,2020,275,data/scedc/event_phases/2020/2020_275/39643368.phase
39645744,scedc:39645744,2020-10-01T11:13:21.390000Z,33.06666666666667,-115.59433333333334,5.1,3.0,,,SCEDC,,A,84,0.28,SCSN,104,104,200,104,ok,True,2020,275,data/scedc/event_phases/2020/2020_275/39645744.phase
37457525,scedc:37457525,2020-10-01T15:00:50.320000Z,33.06333333333333,-115.57733333333331,4.02,3.0,,,SCEDC,,A,67,0.24,SCSN,105,105,200,105,ok,True,2020,275,data/scedc/event_phases/2020/2020_275/37457525.phase
39649048,scedc:39649048,2020-10-02T06:08:28.090000Z,33.06916666666667,-115.57266666666666,5.63,3.7,,,SCEDC,,A,90,0.26,SCSN,104,104,200,104,ok,True,2020,276,data/scedc/event_phases/2020/2020_276/39649048.phase
39649056,scedc:39649056,2020-10-02T06:08:50.640000Z,33.06016666666667,-115.57166666666669,3.92,3.7,,,SCEDC,,A,99,0.25,SCSN,104,104,200,104,ok,True,2020,276,data/scedc/event_phases/2020/2020_276/39649056.phase
39649656,scedc:39649656,2020-10-02T12:32:47.240000Z,35.643,-117.54816666666666,6.13,3.4,,,SCEDC,,A,91,0.12,SCSN,110,110,200,110,ok,True,2020,276,data/scedc/event_phases/2020/2020_276/39649656.phase
39653920,scedc:39653920,2020-10-06T08:50:55.200000Z,33.04066666666667,-115.57783333333332,11.03,3.0,,,SCEDC,,A,92,0.3,SCSN,104,104,200,104,ok,True,2020,280,data/scedc/event_phases/2020/2020_280/39653920.phase
39666952,scedc:39666952,2020-10-18T10:31:34.980000Z,32.46483333333333,-115.178,19.86,3.5,,,SCEDC,,A,93,0.34,SCSN,104,104,197,104,ok,True,2020,292,data/scedc/event_phases/2020/2020_292/39666952.phase
39667304,scedc:39667304,2020-10-18T19:04:16.320000Z,32.39633333333333,-115.25066666666666,7.43,3.2,,,SCEDC,,A,80,0.34,SCSN,105,105,196,105,ok,True,2020,292,data/scedc/event_phases/2020/2020_292/39667304.phase
39441199,scedc:39441199,2020-10-22T09:19:35.090000Z,34.863,-116.34233333333331,5.24,3.3,,,SCEDC,,A,56,0.15,SCSN,113,113,200,113,ok,True,2020,296,data/scedc/event_phases/2020/2020_296/39441199.phase
39442343,scedc:39442343,2020-10-22T23:03:03.220000Z,34.86083333333333,-116.34,5.1,3.0,,,SCEDC,,A,47,0.15,SCSN,113,113,200,113,ok,True,2020,296,data/scedc/event_phases/2020/2020_296/39442343.phase
39460703,scedc:39460703,2020-11-09T15:22:10.350000Z,35.97933333333334,-117.682,1.81,3.1,,,SCEDC,,A,87,0.17,SCSN,109,109,200,109,ok,True,2020,314,data/scedc/event_phases/2020/2020_314/39460703.phase
39461591,scedc:39461591,2020-11-10T16:15:12.940000Z,34.4075,-120.00483333333334,0.9,3.3,,,SCEDC,,A,76,0.24,SCSN,97,97,200,97,ok,True,2020,315,data/scedc/event_phases/2020/2020_315/39461591.phase
39466903,scedc:39466903,2020-11-16T10:56:22.320000Z,35.88816666666666,-117.72366666666667,7.67,3.6,,,SCEDC,,A,90,0.17,SCSN,107,107,200,107,ok,True,2020,321,data/scedc/event_phases/2020/2020_321/39466903.phase
39468407,scedc:39468407,2020-11-17T17:32:32.690000Z,34.86183333333334,-116.34016666666666,5.26,3.5,,,SCEDC,,A,64,0.15,SCSN,113,113,200,113,ok,True,2020,322,data/scedc/event_phases/2020/2020_322/39468407.phase
39470639,scedc:39470639,2020-11-19T18:22:23.790000Z,35.081,-118.82683333333334,2.71,3.1,,,SCEDC,,A,82,0.16,SCSN,101,101,200,101,ok,True,2020,324,data/scedc/event_phases/2020/2020_324/39470639.phase
39481463,scedc:39481463,2020-12-01T01:54:49.480000Z,35.65083333333333,-117.46766666666667,8.57,3.2,,,SCEDC,,A,86,0.14,SCSN,107,107,200,107,ok,True,2020,336,data/scedc/event_phases/2020/2020_336/39481463.phase
39485839,scedc:39485839,2020-12-05T13:48:12.370000Z,32.59166666666667,-117.29,15.71,3.3,,,SCEDC,,A,92,0.16,SCSN,91,91,200,91,ok,True,2020,340,data/scedc/event_phases/2020/2020_340/39485839.phase
39487087,scedc:39487087,2020-12-07T00:24:47.200000Z,35.8835,-117.70083333333334,2.62,3.1,,,SCEDC,,A,76,0.15,SCSN,101,101,200,101,ok,True,2020,342,data/scedc/event_phases/2020/2020_342/39487087.phase
39505887,scedc:39505887,2020-12-28T14:34:53.600000Z,32.4385,-115.16483333333332,27.81,3.4,,,SCEDC,,A,57,0.33,SCSN,96,96,191,96,ok,True,2020,363,data/scedc/event_phases/2020/2020_363/39505887.phase
39509463,scedc:39509463,2021-01-02T18:56:55.640000Z,36.499833333333335,-117.89516666666668,8.83,3.0,,,SCEDC,,A,67,0.18,SCSN,95,95,191,95,ok,True,2021,2,data/scedc/event_phases/2021/2021_002/39509463.phase
37463493,scedc:37463493,2021-01-04T18:04:54.680000Z,33.185,-115.59083333333334,2.2,3.1,,,SCEDC,,A,50,0.25,SCSN,106,106,200,106,ok,True,2021,4,data/scedc/event_phases/2021/2021_004/37463493.phase
37463485,scedc:37463485,2021-01-04T18:05:30.460000Z,33.1935,-115.59283333333332,2.68,3.5,,,SCEDC,,A,20,0.2,SCSN,106,106,200,106,ok,True,2021,4,data/scedc/event_phases/2021/2021_004/37463485.phase
39759376,scedc:39759376,2021-01-17T02:49:08.800000Z,36.187666666666665,-118.09383333333334,1.11,4.0,,,SCEDC,,A,89,0.19,SCSN,106,106,200,106,ok,True,2021,17,data/scedc/event_phases/2021/2021_017/39759376.phase
39759432,scedc:39759432,2021-01-17T03:14:49.720000Z,36.1875,-118.09233333333331,1.52,3.8,,,SCEDC,,A,89,0.18,SCSN,106,106,200,106,ok,True,2021,17,data/scedc/event_phases/2021/2021_017/39759432.phase
39759456,scedc:39759456,2021-01-17T03:30:32.420000Z,36.19116666666667,-118.09083333333334,0.96,3.4,,,SCEDC,,A,85,0.17,SCSN,106,106,200,106,ok,True,2021,17,data/scedc/event_phases/2021/2021_017/39759456.phase
39760416,scedc:39760416,2021-01-18T07:29:46.520000Z,35.9515,-117.46633333333334,2.82,3.3,,,SCEDC,,A,89,0.17,SCSN,103,103,200,103,ok,True,2021,18,data/scedc/event_phases/2021/2021_018/39760416.phase
39534943,scedc:39534943,2021-01-29T02:25:04.310000Z,35.67166666666667,-117.54266666666666,8.25,3.2,,,SCEDC,,A,89,0.17,SCSN,101,101,200,101,ok,True,2021,29,data/scedc/event_phases/2021/2021_029/39534943.phase
39543967,scedc:39543967,2021-02-07T18:57:51.030000Z,35.97716666666667,-117.32416666666668,2.6,3.4,,,SCEDC,,A,82,0.16,SCSN,101,101,200,101,ok,True,2021,38,data/scedc/event_phases/2021/2021_038/39543967.phase
39546855,scedc:39546855,2021-02-10T01:01:41.460000Z,33.172,-115.59983333333334,3.6,3.2,,,SCEDC,,A,38,0.19,SCSN,106,106,200,106,ok,True,2021,41,data/scedc/event_phases/2021/2021_041/39546855.phase
39550567,scedc:39550567,2021-02-12T23:57:13.500000Z,36.21833333333333,-117.92666666666666,3.11,4.0,,,SCEDC,,A,74,0.18,SCSN,101,101,200,101,ok,True,2021,43,data/scedc/event_phases/2021/2021_043/39550567.phase
39552143,scedc:39552143,2021-02-14T23:42:34.470000Z,35.9725,-117.32016666666668,3.07,3.6,,,SCEDC,,A,83,0.16,SCSN,102,102,200,102,ok,True,2021,45,data/scedc/event_phases/2021/2021_045/39552143.phase
39794648,scedc:39794648,2021-02-19T08:52:39.160000Z,35.974666666666664,-117.32083333333334,2.61,3.0,,,SCEDC,,A,63,0.12,SCSN,103,103,200,103,ok,True,2021,50,data/scedc/event_phases/2021/2021_050/39794648.phase
39796240,scedc:39796240,2021-02-21T01:19:59.740000Z,36.1575,-118.071,1.67,3.5,,,SCEDC,,A,72,0.2,SCSN,102,102,200,102,ok,True,2021,52,data/scedc/event_phases/2021/2021_052/39796240.phase
39800544,scedc:39800544,2021-02-24T16:55:36.910000Z,32.8135,-115.46166666666667,13.54,3.1,,,SCEDC,,A,86,0.28,SCSN,105,105,200,105,ok,True,2021,55,data/scedc/event_phases/2021/2021_055/39800544.phase
39800680,scedc:39800680,2021-02-24T19:05:11.070000Z,32.524166666666666,-115.22483333333334,19.65,3.0,,,SCEDC,,A,64,0.28,SCSN,105,105,200,105,ok,True,2021,55,data/scedc/event_phases/2021/2021_055/39800680.phase
39803680,scedc:39803680,2021-02-27T08:17:26.860000Z,35.6845,-117.47766666666666,7.7,3.1,,,SCEDC,,A,86,0.14,SCSN,103,103,200,103,ok,True,2021,58,data/scedc/event_phases/2021/2021_058/39803680.phase
39572231,scedc:39572231,2021-03-05T05:32:46.040000Z,36.16283333333333,-118.06933333333332,1.69,3.0,,,SCEDC,,A,64,0.14,SCSN,107,107,200,107,ok,True,2021,64,data/scedc/event_phases/2021/2021_064/39572231.phase
39572823,scedc:39572823,2021-03-05T18:33:11.710000Z,35.912333333333336,-117.70233333333331,6.77,3.3,,,SCEDC,,A,84,0.15,SCSN,103,103,200,103,ok,True,2021,64,data/scedc/event_phases/2021/2021_064/39572823.phase
39596151,scedc:39596151,2021-03-31T09:38:55.010000Z,32.403,-115.2455,18.91,3.0,,,SCEDC,,A,70,0.33,SCSN,101,101,197,101,ok,True,2021,90,data/scedc/event_phases/2021/2021_090/39596151.phase
39596607,scedc:39596607,2021-03-31T18:42:18.100000Z,32.37166666666667,-115.24033333333334,19.83,3.1,,,SCEDC,,A,58,0.34,SCSN,99,100,192,100,ok,True,2021,90,data/scedc/event_phases/2021/2021_090/39596607.phase
39839912,scedc:39839912,2021-04-05T21:20:44.020000Z,32.32366666666667,-115.33316666666668,16.57,3.0,,,SCEDC,,A,84,0.32,SCSN,102,102,199,102,ok,True,2021,95,data/scedc/event_phases/2021/2021_095/39839912.phase
39841832,scedc:39841832,2021-04-07T13:42:05.870000Z,35.60966666666667,-117.4105,8.97,3.6,,,SCEDC,,A,86,0.15,SCSN,107,107,200,107,ok,True,2021,97,data/scedc/event_phases/2021/2021_097/39841832.phase
39842872,scedc:39842872,2021-04-08T03:28:51.230000Z,32.77766666666667,-115.43766666666669,15.85,3.2,,,SCEDC,,A,99,0.28,SCSN,102,103,200,103,ok,True,2021,98,data/scedc/event_phases/2021/2021_098/39842872.phase
39843952,scedc:39843952,2021-04-08T20:51:15.140000Z,35.65383333333333,-117.54966666666668,8.34,3.6,,,SCEDC,,A,81,0.14,SCSN,104,104,200,104,ok,True,2021,98,data/scedc/event_phases/2021/2021_098/39843952.phase
39846664,scedc:39846664,2021-04-11T09:45:36.990000Z,35.784666666666666,-117.603,6.61,3.1,,,SCEDC,,A,83,0.13,SCSN,105,105,200,105,ok,True,2021,101,data/scedc/event_phases/2021/2021_101/39846664.phase
39851144,scedc:39851144,2021-04-15T18:05:03.520000Z,35.678666666666665,-117.53683333333332,6.81,3.1,,,SCEDC,,A,98,0.12,SCSN,107,107,200,107,ok,True,2021,105,data/scedc/event_phases/2021/2021_105/39851144.phase
39625767,scedc:39625767,2021-04-23T06:51:07.920000Z,35.060833333333335,-116.61983333333332,1.97,3.0,,,SCEDC,,A,51,0.13,SCSN,113,113,200,113,ok,True,2021,113,data/scedc/event_phases/2021/2021_113/39625767.phase
39634983,scedc:39634983,2021-04-29T17:12:19.480000Z,35.653,-117.43933333333334,6.69,3.1,,,SCEDC,,A,90,0.14,SCSN,105,105,200,105,ok,True,2021,119,data/scedc/event_phases/2021/2021_119/39634983.phase
39643455,scedc:39643455,2021-05-06T21:39:07.050000Z,32.91283333333333,-118.60666666666668,5.86,3.0,,,SCEDC,,C,61,0.24,SCSN,89,89,200,89,ok,True,2021,126,data/scedc/event_phases/2021/2021_126/39643455.phase
39647327,scedc:39647327,2021-05-10T23:21:36.880000Z,32.2445,-115.07466666666669,16.3,3.1,,,SCEDC,,A,40,0.31,SCSN,85,85,173,85,ok,True,2021,130,data/scedc/event_phases/2021/2021_130/39647327.phase
39658359,scedc:39658359,2021-05-19T13:39:39.890000Z,32.32366666666667,-115.3355,10.57,3.4,,,SCEDC,,A,67,0.35,SCSN,102,102,200,102,ok,True,2021,139,data/scedc/event_phases/2021/2021_139/39658359.phase
39659271,scedc:39659271,2021-05-20T01:37:22.690000Z,35.974833333333336,-117.3245,3.04,3.6,,,SCEDC,,A,69,0.16,SCSN,109,109,200,109,ok,True,2021,140,data/scedc/event_phases/2021/2021_140/39659271.phase
39906312,scedc:39906312,2021-05-27T14:19:00.120000Z,35.309666666666665,-119.20533333333331,24.5,3.1,,,SCEDC,,A,95,0.21,SCSN,106,106,200,106,ok,True,2021,147,data/scedc/event_phases/2021/2021_147/39906312.phase
39906384,scedc:39906384,2021-05-27T15:18:26.370000Z,35.63183333333333,-117.41183333333332,6.5,3.0,,,SCEDC,,A,62,0.13,SCSN,107,107,200,107,ok,True,2021,147,data/scedc/event_phases/2021/2021_147/39906384.phase
39909592,scedc:39909592,2021-05-29T18:26:40.720000Z,32.137166666666666,-114.98083333333334,15.73,3.5,,,SCEDC,,A,30,0.34,SCSN,73,73,147,73,ok,True,2021,149,data/scedc/event_phases/2021/2021_149/39909592.phase
37327652,scedc:37327652,2021-06-05T17:46:21.000000Z,33.14,-115.63716666666669,6.0,3.3,,,SCEDC,,A,99,0.24,SCSN,102,102,200,102,ok,True,2021,156,data/scedc/event_phases/2021/2021_156/37327652.phase
39919256,scedc:39919256,2021-06-05T17:46:26.060000Z,33.1415,-115.63433333333332,5.87,3.6,,,SCEDC,,A,53,0.24,SCSN,102,102,200,102,ok,True,2021,156,data/scedc/event_phases/2021/2021_156/39919256.phase
39919272,scedc:39919272,2021-06-05T17:47:19.810000Z,33.14483333333333,-115.63383333333331,4.64,3.1,,,SCEDC,,A,30,0.22,SCSN,102,102,200,102,ok,True,2021,156,data/scedc/event_phases/2021/2021_156/39919272.phase
37327820,scedc:37327820,2021-06-05T17:47:50.730000Z,33.1375,-115.63516666666666,4.46,3.0,,,SCEDC,,A,78,0.24,SCSN,102,102,200,102,ok,True,2021,156,data/scedc/event_phases/2021/2021_156/37327820.phase
39919280,scedc:39919280,2021-06-05T17:47:53.750000Z,33.14816666666667,-115.6305,4.03,3.9,,,SCEDC,,A,65,0.3,SCSN,102,102,200,102,ok,True,2021,156,data/scedc/event_phases/2021/2021_156/39919280.phase
39919296,scedc:39919296,2021-06-05T17:48:58.990000Z,33.1395,-115.63783333333332,7.29,3.3,,,SCEDC,,A,23,0.25,SCSN,102,102,200,102,ok,True,2021,156,data/scedc/event_phases/2021/2021_156/39919296.phase
37329188,scedc:37329188,2021-06-05T17:51:09.970000Z,33.1425,-115.63183333333332,3.14,3.0,,,SCEDC,,A,19,0.16,SCSN,102,102,200,102,ok,True,2021,156,data/scedc/event_phases/2021/2021_156/37329188.phase
39919408,scedc:39919408,2021-06-05T17:58:42.200000Z,33.13666666666666,-115.63233333333334,7.57,3.4,,,SCEDC,,A,78,0.2,SCSN,102,102,200,102,ok,True,2021,156,data/scedc/event_phases/2021/2021_156/39919408.phase
39919416,scedc:39919416,2021-06-05T17:59:06.170000Z,33.156333333333336,-115.63333333333334,6.49,3.3,,,SCEDC,,A,73,0.27,SCSN,102,102,200,102,ok,True,2021,156,data/scedc/event_phases/2021/2021_156/39919416.phase
37327332,scedc:37327332,2021-06-05T18:24:13.470000Z,33.1505,-115.60483333333332,3.17,3.0,,,SCEDC,,A,20,0.3,SCSN,102,102,200,102,ok,True,2021,156,data/scedc/event_phases/2021/2021_156/37327332.phase
39924760,scedc:39924760,2021-06-06T11:03:20.960000Z,33.1865,-115.63633333333334,5.61,3.1,,,SCEDC,,A,75,0.26,SCSN,102,102,200,102,ok,True,2021,157,data/scedc/event_phases/2021/2021_157/39924760.phase
39936208,scedc:39936208,2021-06-12T04:40:23.030000Z,33.20333333333333,-115.652,2.41,3.8,,,SCEDC,,A,75,0.25,SCSN,103,103,200,103,ok,True,2021,163,data/scedc/event_phases/2021/2021_163/39936208.phase
39936216,scedc:39936216,2021-06-12T04:41:20.120000Z,33.20333333333333,-115.6575,2.99,3.0,,,SCEDC,,A,64,0.22,SCSN,103,103,200,103,ok,True,2021,163,data/scedc/event_phases/2021/2021_163/39936216.phase
39936224,scedc:39936224,2021-06-12T04:41:34.290000Z,33.20516666666666,-115.6555,3.17,3.1,,,SCEDC,,A,43,0.2,SCSN,103,103,200,103,ok,True,2021,163,data/scedc/event_phases/2021/2021_163/39936224.phase
39708967,scedc:39708967,2021-06-16T17:44:55.070000Z,36.442,-117.88883333333334,0.5,3.4,,,SCEDC,,A,76,0.2,SCSN,107,107,200,107,ok,True,2021,167,data/scedc/event_phases/2021/2021_167/39708967.phase
39709511,scedc:39709511,2021-06-17T02:40:16.690000Z,32.035833333333336,-116.193,13.79,3.0,,,SCEDC,,A,64,0.25,SCSN,96,96,200,96,ok,True,2021,168,data/scedc/event_phases/2021/2021_168/39709511.phase
39710335,scedc:39710335,2021-06-17T17:13:17.950000Z,36.44,-117.88683333333331,0.83,3.2,,,SCEDC,,A,69,0.21,SCSN,106,106,200,106,ok,True,2021,168,data/scedc/event_phases/2021/2021_168/39710335.phase
39711727,scedc:39711727,2021-06-18T18:16:41.430000Z,36.138,-117.9215,5.63,3.1,,,SCEDC,,A,86,0.16,SCSN,108,108,200,108,ok,True,2021,169,data/scedc/event_phases/2021/2021_169/39711727.phase
39715855,scedc:39715855,2021-06-23T03:30:58.080000Z,32.279333333333334,-115.31266666666669,14.75,3.1,,,SCEDC,,A,64,0.32,SCSN,96,96,190,96,ok,True,2021,174,data/scedc/event_phases/2021/2021_174/39715855.phase
39718407,scedc:39718407,2021-06-25T08:26:58.640000Z,35.0735,-117.07583333333334,3.71,3.0,,,SCEDC,,A,65,0.13,SCSN,108,108,200,108,ok,True,2021,176,data/scedc/event_phases/2021/2021_176/39718407.phase
39725271,scedc:39725271,2021-06-30T22:15:56.120000Z,35.77916666666667,-117.587,6.71,3.2,,,SCEDC,,A,86,0.14,SCSN,103,103,200,103,ok,True,2021,181,data/scedc/event_phases/2021/2021_181/39725271.phase
39730287,scedc:39730287,2021-07-06T02:38:01.000000Z,35.6815,-117.5335,6.1,3.5,,,SCEDC,,A,94,0.15,SCSN,105,105,200,105,ok,True,2021,187,data/scedc/event_phases/2021/2021_187/39730287.phase
39749151,scedc:39749151,2021-07-22T03:50:50.750000Z,32.812,-115.46,11.68,3.0,,,SCEDC,,A,91,0.31,SCSN,98,98,200,98,ok,True,2021,203,data/scedc/event_phases/2021/2021_203/39749151.phase
39755903,scedc:39755903,2021-07-28T15:07:31.670000Z,35.78,-120.332,7.65,3.5,,,SCEDC,,C,33,0.23,SCSN,103,103,200,103,ok,True,2021,209,data/scedc/event_phases/2021/2021_209/39755903.phase
39761199,scedc:39761199,2021-08-02T08:50:25.400000Z,32.2345,-115.07233333333332,16.31,3.1,,,SCEDC,,A,38,0.32,SCSN,85,85,176,85,ok,True,2021,214,data/scedc/event_phases/2021/2021_214/39761199.phase
39766271,scedc:39766271,2021-08-07T01:17:16.520000Z,32.35333333333333,-115.30183333333332,19.88,3.5,,,SCEDC,,A,81,0.29,SCSN,98,99,200,99,ok,True,2021,219,data/scedc/event_phases/2021/2021_219/39766271.phase
40024976,scedc:40024976,2021-08-28T00:56:22.000000Z,32.422333333333334,-115.22833333333334,4.96,3.1,,,SCEDC,,A,70,0.38,SCSN,100,100,200,100,ok,True,2021,240,data/scedc/event_phases/2021/2021_240/40024976.phase
40027600,scedc:40027600,2021-08-30T23:11:42.910000Z,32.607166666666664,-115.52233333333334,11.56,3.2,,,SCEDC,,A,94,0.31,SCSN,100,100,200,100,ok,True,2021,242,data/scedc/event_phases/2021/2021_242/40027600.phase
40034008,scedc:40034008,2021-09-05T23:39:22.320000Z,36.15,-118.06533333333331,2.63,3.3,,,SCEDC,,A,86,0.16,SCSN,95,95,200,95,ok,True,2021,248,data/scedc/event_phases/2021/2021_248/40034008.phase
40037288,scedc:40037288,2021-09-08T21:17:52.360000Z,32.40866666666667,-115.20583333333332,16.62,3.0,,,SCEDC,,A,60,0.35,SCSN,100,100,200,100,ok,True,2021,251,data/scedc/event_phases/2021/2021_251/40037288.phase
39811695,scedc:39811695,2021-09-17T12:51:58.300000Z,32.413666666666664,-115.20616666666666,10.89,3.7,,,SCEDC,,A,83,0.35,SCSN,100,100,200,100,ok,True,2021,260,data/scedc/event_phases/2021/2021_260/39811695.phase
39818327,scedc:39818327,2021-09-24T19:28:15.220000Z,35.605333333333334,-117.4695,3.82,3.4,,,SCEDC,,A,77,0.13,SCSN,105,105,200,105,ok,True,2021,267,data/scedc/event_phases/2021/2021_267/39818327.phase
40068112,scedc:40068112,2021-10-11T23:14:47.140000Z,35.658,-117.53566666666669,7.73,3.1,,,SCEDC,,A,83,0.14,SCSN,105,105,200,105,ok,True,2021,284,data/scedc/event_phases/2021/2021_284/40068112.phase
39835791,scedc:39835791,2021-10-17T13:19:00.720000Z,36.213166666666666,-117.86,4.19,4.0,,,SCEDC,,A,86,0.16,SCSN,106,106,200,106,ok,True,2021,290,data/scedc/event_phases/2021/2021_290/39835791.phase
39836495,scedc:39836495,2021-10-18T09:45:07.220000Z,36.194,-120.313,9.32,3.7,,,SCEDC,,C,29,0.39,SCSN,94,94,181,94,ok,True,2021,291,data/scedc/event_phases/2021/2021_291/39836495.phase
39840559,scedc:39840559,2021-10-23T02:56:39.830000Z,32.045833333333334,-117.45166666666668,5.95,3.6,,,SCEDC,,C,56,0.31,SCSN,88,88,200,88,ok,True,2021,296,data/scedc/event_phases/2021/2021_296/39840559.phase
39843975,scedc:39843975,2021-10-29T15:24:10.250000Z,36.221,-117.87816666666669,1.91,3.0,,,SCEDC,,A,80,0.15,SCSN,101,101,200,101,ok,True,2021,302,data/scedc/event_phases/2021/2021_302/39843975.phase
39849903,scedc:39849903,2021-11-05T16:38:39.180000Z,32.853833333333334,-118.4495,3.08,3.1,,,SCEDC,,C,58,0.37,SCSN,87,87,200,87,ok,True,2021,309,data/scedc/event_phases/2021/2021_309/39849903.phase
39875135,scedc:39875135,2021-12-01T01:23:41.210000Z,35.67633333333333,-117.5245,9.12,3.2,,,SCEDC,,A,84,0.13,SCSN,106,106,200,106,ok,True,2021,335,data/scedc/event_phases/2021/2021_335/39875135.phase
39878511,scedc:39878511,2021-12-04T09:20:01.850000Z,32.58316666666666,-115.29216666666667,18.92,3.2,,,SCEDC,,A,88,0.3,SCSN,99,99,200,99,ok,True,2021,338,data/scedc/event_phases/2021/2021_338/39878511.phase
39878559,scedc:39878559,2021-12-04T09:27:32.370000Z,32.5955,-115.29833333333332,19.82,3.1,,,SCEDC,,A,86,0.29,SCSN,99,99,200,99,ok,True,2021,338,data/scedc/event_phases/2021/2021_338/39878559.phase
39881343,scedc:39881343,2021-12-07T07:11:22.480000Z,35.98683333333334,-116.08066666666669,2.74,3.1,,,SCEDC,,A,39,0.18,SCSN,102,102,193,102,ok,True,2021,341,data/scedc/event_phases/2021/2021_341/39881343.phase
40128720,scedc:40128720,2021-12-16T13:13:36.910000Z,32.32516666666667,-115.35266666666666,18.43,3.1,,,SCEDC,,A,56,0.33,SCSN,97,97,200,97,ok,True,2021,350,data/scedc/event_phases/2021/2021_350/40128720.phase
40130936,scedc:40130936,2021-12-19T07:44:45.200000Z,36.113166666666665,-117.853,3.26,3.1,,,SCEDC,,A,79,0.15,SCSN,107,108,200,108,ok,True,2021,353,data/scedc/event_phases/2021/2021_353/40130936.phase
39899591,scedc:39899591,2021-12-31T09:33:52.010000Z,33.37233333333333,-116.879,4.6,3.0,,,SCEDC,,A,99,0.2,SCSN,93,93,200,93,ok,True,2021,365,data/scedc/event_phases/2021/2021_365/39899591.phase
39901543,scedc:39901543,2022-01-03T03:02:30.170000Z,35.281166666666664,-119.39266666666668,21.55,3.0,,,SCEDC,,A,94,0.27,SCSN,97,97,200,97,ok,True,2022,3,data/scedc/event_phases/2022/2022_003/39901543.phase
39923623,scedc:39923623,2022-01-26T09:59:05.010000Z,36.025666666666666,-117.77916666666668,1.74,3.0,,,SCEDC,,A,72,0.14,SCSN,107,107,200,107,ok,True,2022,26,data/scedc/event_phases/2022/2022_026/39923623.phase
39923631,scedc:39923631,2022-01-26T09:59:17.040000Z,36.023,-117.77633333333333,1.63,3.0,,,SCEDC,,A,51,0.13,SCSN,107,107,200,107,ok,True,2022,26,data/scedc/event_phases/2022/2022_026/39923631.phase
39923679,scedc:39923679,2022-01-26T10:38:30.020000Z,36.0235,-117.7755,1.83,3.1,,,SCEDC,,A,80,0.16,SCSN,106,106,200,106,ok,True,2022,26,data/scedc/event_phases/2022/2022_026/39923679.phase
40188560,scedc:40188560,2022-02-18T03:04:17.840000Z,32.4325,-115.27266666666668,4.47,3.0,,,SCEDC,,A,74,0.3,SCSN,97,97,200,97,ok,True,2022,49,data/scedc/event_phases/2022/2022_049/40188560.phase
40195880,scedc:40195880,2022-02-28T11:57:25.370000Z,32.33316666666666,-115.35833333333332,15.54,3.3,,,SCEDC,,A,93,0.32,SCSN,94,94,200,94,ok,True,2022,59,data/scedc/event_phases/2022/2022_059/40195880.phase
39968663,scedc:39968663,2022-03-15T18:15:34.880000Z,35.82516666666667,-117.65083333333334,6.27,3.1,,,SCEDC,,A,78,0.14,SCSN,106,106,200,106,ok,True,2022,74,data/scedc/event_phases/2022/2022_074/39968663.phase
39985119,scedc:39985119,2022-04-03T09:51:30.520000Z,35.03816666666667,-116.9765,2.01,3.6,,,SCEDC,,A,88,0.11,SCSN,109,109,200,109,ok,True,2022,93,data/scedc/event_phases/2022/2022_093/39985119.phase
40240528,scedc:40240528,2022-04-18T22:35:34.450000Z,32.415,-115.25283333333331,18.5,3.3,,,SCEDC,,A,62,0.29,SCSN,99,99,200,99,ok,True,2022,108,data/scedc/event_phases/2022/2022_108/40240528.phase
40241880,scedc:40241880,2022-04-20T05:19:44.850000Z,32.918,-115.51116666666668,11.48,3.4,,,SCEDC,,A,95,0.3,SCSN,98,98,200,98,ok,True,2022,110,data/scedc/event_phases/2022/2022_110/40241880.phase
40242720,scedc:40242720,2022-04-20T23:52:47.560000Z,32.91916666666667,-115.515,7.92,3.3,,,SCEDC,,A,87,0.31,SCSN,100,100,200,100,ok,True,2022,110,data/scedc/event_phases/2022/2022_110/40242720.phase
40255392,scedc:40255392,2022-05-10T06:53:51.020000Z,35.525166666666664,-117.38966666666668,9.05,3.5,,,SCEDC,,A,95,0.15,SCSN,114,114,200,114,ok,True,2022,130,data/scedc/event_phases/2022/2022_130/40255392.phase
40255408,scedc:40255408,2022-05-10T08:01:52.130000Z,35.5235,-117.38733333333332,8.8,3.0,,,SCEDC,,A,87,0.13,SCSN,114,114,200,114,ok,True,2022,130,data/scedc/event_phases/2022/2022_130/40255408.phase
40017815,scedc:40017815,2022-05-13T19:45:18.040000Z,35.69566666666667,-117.60933333333334,7.96,3.2,,,SCEDC,,A,85,0.14,SCSN,111,111,200,111,ok,True,2022,133,data/scedc/event_phases/2022/2022_133/40017815.phase
40022183,scedc:40022183,2022-05-19T05:33:59.940000Z,32.535833333333336,-119.84933333333332,7.4,3.3,,,SCEDC,,A,26,0.25,SCSN,94,94,200,94,ok,True,2022,139,data/scedc/event_phases/2022/2022_139/40022183.phase
40027143,scedc:40027143,2022-05-26T09:23:32.530000Z,35.602666666666664,-117.406,4.79,4.3,,,SCEDC,,A,95,0.18,SCSN,114,114,200,114,ok,True,2022,146,data/scedc/event_phases/2022/2022_146/40027143.phase
40036375,scedc:40036375,2022-06-08T14:41:32.920000Z,33.283,-116.1145,2.76,3.1,,,SCEDC,,A,96,0.19,SCSN,97,98,200,98,ok,True,2022,159,data/scedc/event_phases/2022/2022_159/40036375.phase
40039007,scedc:40039007,2022-06-12T22:44:41.510000Z,32.33433333333333,-115.23683333333334,25.65,3.1,,,SCEDC,,A,50,0.3,SCSN,98,98,197,98,ok,True,2022,163,data/scedc/event_phases/2022/2022_163/40039007.phase
40040359,scedc:40040359,2022-06-15T02:18:33.050000Z,35.98766666666667,-117.40816666666667,0.72,3.2,,,SCEDC,,A,79,0.17,SCSN,110,112,200,112,ok,True,2022,166,data/scedc/event_phases/2022/2022_166/40040359.phase
40285368,scedc:40285368,2022-06-16T17:58:34.410000Z,35.18366666666667,-118.988,12.52,3.1,,,SCEDC,,A,89,0.19,SCSN,109,109,200,109,ok,True,2022,167,data/scedc/event_phases/2022/2022_167/40285368.phase
40287560,scedc:40287560,2022-06-20T03:40:29.350000Z,32.398833333333336,-115.22916666666669,19.74,3.8,,,SCEDC,,A,62,0.32,SCSN,100,100,200,100,ok,True,2022,171,data/scedc/event_phases/2022/2022_171/40287560.phase
40296688,scedc:40296688,2022-07-05T02:42:05.220000Z,32.715,-118.20466666666668,5.84,3.2,,,SCEDC,,C,64,0.31,SCSN,91,91,200,91,ok,True,2022,186,data/scedc/event_phases/2022/2022_186/40296688.phase
40302920,scedc:40302920,2022-07-13T10:28:27.290000Z,32.498,-118.2405,5.93,3.6,,,SCEDC,,C,28,0.35,SCSN,89,89,200,89,ok,True,2022,194,data/scedc/event_phases/2022/2022_194/40302920.phase
40068679,scedc:40068679,2022-07-24T06:12:01.270000Z,32.399,-115.24083333333331,10.97,3.1,,,SCEDC,,A,56,0.35,SCSN,97,97,199,97,ok,True,2022,205,data/scedc/event_phases/2022/2022_205/40068679.phase
40325048,scedc:40325048,2022-08-13T21:56:42.960000Z,33.19383333333333,-115.52833333333334,7.29,3.0,,,SCEDC,,A,75,0.24,SCSN,101,102,200,102,ok,True,2022,225,data/scedc/event_phases/2022/2022_225/40325048.phase
40334320,scedc:40334320,2022-08-30T08:44:40.660000Z,32.406333333333336,-115.22516666666668,12.18,4.0,,,SCEDC,,A,60,0.36,SCSN,98,98,197,98,ok,True,2022,242,data/scedc/event_phases/2022/2022_242/40334320.phase
40103815,scedc:40103815,2022-09-21T10:50:48.980000Z,36.17216666666667,-117.8355,7.13,3.0,,,SCEDC,,A,61,0.16,SCSN,116,117,200,117,ok,True,2022,264,data/scedc/event_phases/2022/2022_264/40103815.phase
40355512,scedc:40355512,2022-10-04T16:38:33.910000Z,32.338166666666666,-115.24433333333332,2.83,3.6,,,SCEDC,,A,51,0.35,SCSN,95,95,186,95,ok,True,2022,277,data/scedc/event_phases/2022/2022_277/40355512.phase
40358328,scedc:40358328,2022-10-09T21:48:21.120000Z,35.657833333333336,-117.48416666666668,4.94,3.0,,,SCEDC,,A,65,0.14,SCSN,115,117,200,117,ok,True,2022,282,data/scedc/event_phases/2022/2022_282/40358328.phase
40131047,scedc:40131047,2022-11-11T11:16:19.920000Z,35.7415,-117.56666666666666,3.56,3.2,,,SCEDC,,A,78,0.15,SCSN,108,109,200,109,ok,True,2022,315,data/scedc/event_phases/2022/2022_315/40131047.phase
40142455,scedc:40142455,2022-12-06T00:10:38.450000Z,35.932,-120.031,6.77,4.0,,,SCEDC,,C,59,0.5,SCSN,113,115,200,115,ok,True,2022,340,data/scedc/event_phases/2022/2022_340/40142455.phase
40153431,scedc:40153431,2023-01-04T00:56:59.540000Z,32.220333333333336,-115.2365,19.68,3.2,,,SCEDC,,A,49,0.3,SCSN,91,91,177,91,ok,True,2023,4,data/scedc/event_phases/2023/2023_004/40153431.phase
40153687,scedc:40153687,2023-01-04T20:49:34.070000Z,36.021166666666666,-117.76733333333334,1.5,3.0,,,SCEDC,,A,60,0.15,SCSN,119,121,200,121,ok,True,2023,4,data/scedc/event_phases/2023/2023_004/40153687.phase
40155183,scedc:40155183,2023-01-10T15:34:50.590000Z,36.08416666666667,-118.90366666666668,7.64,3.2,,,SCEDC,,A,47,0.25,SCSN,112,114,200,114,ok,True,2023,10,data/scedc/event_phases/2023/2023_010/40155183.phase
40403984,scedc:40403984,2023-01-19T13:58:40.370000Z,35.85783333333333,-117.6995,8.5,3.4,,,SCEDC,,A,66,0.15,SCSN,117,117,200,117,ok,True,2023,19,data/scedc/event_phases/2023/2023_019/40403984.phase
40165247,scedc:40165247,2023-02-02T00:37:11.750000Z,35.596333333333334,-117.5995,7.1,3.1,,,SCEDC,,A,79,0.11,SCSN,116,117,200,117,ok,True,2023,33,data/scedc/event_phases/2023/2023_033/40165247.phase
40419408,scedc:40419408,2023-02-28T02:18:04.500000Z,35.61366666666667,-117.4145,7.92,3.2,,,SCEDC,,A,74,0.16,SCSN,112,114,200,114,ok,True,2023,59,data/scedc/event_phases/2023/2023_059/40419408.phase
40419496,scedc:40419496,2023-02-28T13:30:51.690000Z,35.612833333333334,-117.4165,8.15,3.6,,,SCEDC,,A,70,0.15,SCSN,113,114,200,114,ok,True,2023,59,data/scedc/event_phases/2023/2023_059/40419496.phase
40421656,scedc:40421656,2023-03-07T08:42:10.110000Z,35.665333333333336,-117.57283333333334,7.09,3.0,,,SCEDC,,A,69,0.13,SCSN,109,111,200,111,ok,True,2023,66,data/scedc/event_phases/2023/2023_066/40421656.phase
40188871,scedc:40188871,2023-03-24T00:30:20.870000Z,35.5355,-117.44,9.3,3.2,,,SCEDC,,A,84,0.14,SCSN,114,116,200,116,ok,True,2023,83,data/scedc/event_phases/2023/2023_083/40188871.phase
40189967,scedc:40189967,2023-03-26T06:20:45.070000Z,35.789833333333334,-116.8505,0.42,3.6,,,SCEDC,,A,62,0.14,SCSN,117,119,200,119,ok,True,2023,85,data/scedc/event_phases/2023/2023_085/40189967.phase
40438576,scedc:40438576,2023-04-09T02:06:52.420000Z,32.49466666666667,-115.57266666666666,14.57,3.7,,,SCEDC,,A,84,0.33,SCSN,103,103,200,103,ok,True,2023,99,data/scedc/event_phases/2023/2023_099/40438576.phase
40441800,scedc:40441800,2023-04-17T07:45:17.200000Z,33.87133333333333,-120.446,0.85,3.6,,,SCEDC,,A,36,0.22,SCSN,105,105,200,105,ok,True,2023,107,data/scedc/event_phases/2023/2023_107/40441800.phase
40441936,scedc:40441936,2023-04-17T15:27:56.450000Z,34.95183333333333,-116.7195,1.8,3.6,,,SCEDC,,A,77,0.14,SCSN,117,118,200,118,ok,True,2023,107,data/scedc/event_phases/2023/2023_107/40441936.phase
40212415,scedc:40212415,2023-04-28T06:49:52.540000Z,32.70483333333333,-115.53433333333334,11.06,3.2,,,SCEDC,,A,85,0.26,SCSN,106,106,200,106,ok,True,2023,118,data/scedc/event_phases/2023/2023_118/40212415.phase
40214159,scedc:40214159,2023-04-29T12:09:11.090000Z,32.711166666666664,-115.54716666666668,10.58,3.2,,,SCEDC,,A,85,0.26,SCSN,105,105,200,105,ok,True,2023,119,data/scedc/event_phases/2023/2023_119/40214159.phase
40214511,scedc:40214511,2023-04-29T14:48:54.970000Z,32.70133333333333,-115.5325,9.67,3.0,,,SCEDC,,A,79,0.26,SCSN,107,107,200,107,ok,True,2023,119,data/scedc/event_phases/2023/2023_119/40214511.phase
40214943,scedc:40214943,2023-04-29T21:08:02.070000Z,32.706,-115.53516666666668,6.49,3.1,,,SCEDC,,A,52,0.24,SCSN,108,108,200,108,ok,True,2023,119,data/scedc/event_phases/2023/2023_119/40214943.phase
40215415,scedc:40215415,2023-04-30T04:39:04.870000Z,32.71966666666667,-115.5435,9.55,3.0,,,SCEDC,,A,82,0.25,SCSN,106,106,200,106,ok,True,2023,120,data/scedc/event_phases/2023/2023_120/40215415.phase
40215535,scedc:40215535,2023-04-30T06:39:56.770000Z,32.70883333333333,-115.53533333333333,10.38,3.0,,,SCEDC,,A,85,0.27,SCSN,106,106,200,106,ok,True,2023,120,data/scedc/event_phases/2023/2023_120/40215535.phase
40215687,scedc:40215687,2023-04-30T07:32:12.730000Z,33.2095,-115.595,2.0,3.2,,,SCEDC,,A,89,0.23,SCSN,107,107,200,107,ok,True,2023,120,data/scedc/event_phases/2023/2023_120/40215687.phase
40215743,scedc:40215743,2023-04-30T08:01:16.770000Z,33.193,-115.59183333333333,3.22,3.0,,,SCEDC,,A,67,0.22,SCSN,107,107,200,107,ok,True,2023,120,data/scedc/event_phases/2023/2023_120/40215743.phase
40215983,scedc:40215983,2023-04-30T11:44:03.220000Z,33.202666666666666,-115.58883333333333,2.68,3.2,,,SCEDC,,A,96,0.21,SCSN,107,107,200,107,ok,True,2023,120,data/scedc/event_phases/2023/2023_120/40215983.phase
40217047,scedc:40217047,2023-05-02T00:19:35.430000Z,35.94383333333333,-117.49583333333334,0.15,3.2,,,SCEDC,,A,63,0.18,SCSN,115,116,200,116,ok,True,2023,122,data/scedc/event_phases/2023/2023_122/40217047.phase
40217695,scedc:40217695,2023-05-03T01:40:24.490000Z,35.8715,-117.71666666666668,8.85,3.6,,,SCEDC,,A,68,0.15,SCSN,112,113,200,113,ok,True,2023,123,data/scedc/event_phases/2023/2023_123/40217695.phase
40217951,scedc:40217951,2023-05-03T11:43:38.350000Z,35.87083333333333,-117.71683333333333,9.27,3.1,,,SCEDC,,A,63,0.16,SCSN,112,113,200,113,ok,True,2023,123,data/scedc/event_phases/2023/2023_123/40217951.phase
40238455,scedc:40238455,2023-05-31T03:00:52.050000Z,36.4115,-118.24833333333332,2.54,3.1,,,SCEDC,,A,61,0.15,SCSN,113,113,200,113,ok,True,2023,151,data/scedc/event_phases/2023/2023_151/40238455.phase
40488416,scedc:40488416,2023-06-18T23:53:14.890000Z,35.664,-117.4825,6.74,3.0,,,SCEDC,,A,71,0.15,SCSN,115,116,200,116,ok,True,2023,169,data/scedc/event_phases/2023/2023_169/40488416.phase
40500864,scedc:40500864,2023-06-30T20:08:50.530000Z,32.357,-115.34616666666666,14.62,3.0,,,SCEDC,,A,76,0.29,SCSN,106,106,193,106,ok,True,2023,181,data/scedc/event_phases/2023/2023_181/40500864.phase
39620202,scedc:39620202,2023-07-24T07:31:02.810000Z,32.32033333333333,-115.315,11.29,3.0,,,SCEDC,,A,68,0.36,SCSN,97,97,184,97,ok,True,2023,205,data/scedc/event_phases/2023/2023_205/39620202.phase
39628458,scedc:39628458,2023-08-03T07:29:59.460000Z,32.992333333333335,-117.74166666666666,16.33,3.1,,,SCEDC,,C,98,0.2,SCSN,104,104,200,104,ok,True,2023,215,data/scedc/event_phases/2023/2023_215/39628458.phase
40531712,scedc:40531712,2023-08-08T08:47:38.180000Z,32.37883333333333,-115.12366666666668,14.3,3.4,,,SCEDC,,A,61,0.36,SCSN,90,90,177,90,ok,True,2023,220,data/scedc/event_phases/2023/2023_220/40531712.phase
40531840,scedc:40531840,2023-08-08T15:58:35.000000Z,32.381166666666665,-115.1225,15.6,3.6,,,SCEDC,,A,60,0.32,SCSN,92,93,177,93,ok,True,2023,220,data/scedc/event_phases/2023/2023_220/40531840.phase
40533536,scedc:40533536,2023-08-10T19:17:18.490000Z,35.9465,-120.46866666666666,7.61,4.4,,,SCEDC,,A,32,0.21,SCSN,103,104,183,104,ok,True,2023,222,data/scedc/event_phases/2023/2023_222/40533536.phase
40538616,scedc:40538616,2023-08-17T05:17:26.310000Z,32.993833333333335,-118.84066666666666,5.83,3.4,,,SCEDC,,C,27,0.24,SCSN,96,96,200,96,ok,True,2023,229,data/scedc/event_phases/2023/2023_229/40538616.phase
39643754,scedc:39643754,2023-08-18T10:46:10.340000Z,32.397333333333336,-115.13666666666668,10.81,3.7,,,SCEDC,,A,50,0.29,SCSN,90,91,180,91,ok,True,2023,230,data/scedc/event_phases/2023/2023_230/39643754.phase
39643994,scedc:39643994,2023-08-18T16:53:19.190000Z,32.401666666666664,-115.1275,8.26,3.2,,,SCEDC,,A,26,0.26,SCSN,94,94,180,94,ok,True,2023,230,data/scedc/event_phases/2023/2023_230/39643994.phase
39644162,scedc:39644162,2023-08-18T20:36:36.980000Z,35.583666666666666,-117.38133333333332,3.95,3.0,,,SCEDC,,A,66,0.16,SCSN,110,112,200,112,ok,True,2023,230,data/scedc/event_phases/2023/2023_230/39644162.phase
39645394,scedc:39645394,2023-08-20T21:43:06.750000Z,34.4245,-119.19433333333332,2.12,3.0,,,SCEDC,,A,54,0.35,SCSN,112,112,200,112,ok,True,2023,232,data/scedc/event_phases/2023/2023_232/39645394.phase
39658674,scedc:39658674,2023-09-05T14:43:12.060000Z,33.74316666666667,-120.04683333333334,11.17,3.2,,,SCEDC,,A,52,0.2,SCSN,109,109,200,109,ok,True,2023,248,data/scedc/event_phases/2023/2023_248/39658674.phase
40573224,scedc:40573224,2023-09-27T01:29:07.990000Z,35.8795,-117.686,2.74,3.0,,,SCEDC,,A,62,0.16,SCSN,112,112,200,112,ok,True,2023,270,data/scedc/event_phases/2023/2023_270/40573224.phase
40583304,scedc:40583304,2023-10-17T08:29:48.590000Z,33.005833333333335,-117.90866666666666,0.75,3.0,,,SCEDC,,A,87,0.29,SCSN,103,103,200,103,ok,True,2023,290,data/scedc/event_phases/2023/2023_290/40583304.phase
40588312,scedc:40588312,2023-10-26T16:39:56.570000Z,36.017833333333336,-117.771,1.78,3.5,,,SCEDC,,A,84,0.2,SCSN,115,115,200,115,ok,True,2023,299,data/scedc/event_phases/2023/2023_299/40588312.phase
40590352,scedc:40590352,2023-10-28T17:54:38.000000Z,32.141333333333336,-115.13533333333334,10.2,3.0,,,SCEDC,,A,47,0.37,SCSN,82,82,159,82,ok,True,2023,301,data/scedc/event_phases/2023/2023_301/40590352.phase
39714146,scedc:39714146,2023-11-17T09:40:28.200000Z,32.415,-115.19816666666668,11.43,3.4,,,SCEDC,,A,65,0.31,SCSN,93,93,182,93,ok,True,2023,321,data/scedc/event_phases/2023/2023_321/39714146.phase
37591324,scedc:37591324,2023-11-17T15:10:32.760000Z,32.401666666666664,-115.21166666666667,6.51,3.0,,,SCEDC,,A,25,0.21,SCSN,95,95,182,95,ok,True,2023,321,data/scedc/event_phases/2023/2023_321/37591324.phase
40451647,scedc:40451647,2023-12-27T12:08:20.950000Z,35.92883333333333,-117.68183333333332,2.76,3.2,,,SCEDC,,A,93,0.16,SCSN,108,108,200,108,ok,True,2023,361,data/scedc/event_phases/2023/2023_361/40451647.phase
40451791,scedc:40451791,2023-12-27T17:25:29.430000Z,35.925333333333334,-117.684,2.57,3.3,,,SCEDC,,A,68,0.17,SCSN,109,109,200,109,ok,True,2023,361,data/scedc/event_phases/2023/2023_361/40451791.phase
40451871,scedc:40451871,2023-12-27T20:05:40.930000Z,35.241,-120.7735,3.21,3.0,,,SCEDC,,A,60,0.27,SCSN,101,101,180,101,ok,True,2023,361,data/scedc/event_phases/2023/2023_361/40451871.phase
40452647,scedc:40452647,2023-12-30T08:29:11.160000Z,35.74733333333333,-117.57033333333334,4.46,3.4,,,SCEDC,,A,91,0.14,SCSN,107,107,200,107,ok,True,2023,364,data/scedc/event_phases/2023/2023_364/40452647.phase
40460015,scedc:40460015,2024-01-15T10:44:10.130000Z,32.46366666666667,-118.28783333333334,5.91,4.4,,,SCEDC,,C,15,0.18,SCSN,93,93,200,93,ok,True,2024,15,data/scedc/event_phases/2024/2024_015/40460015.phase
40663112,scedc:40663112,2024-02-05T08:56:19.480000Z,32.38,-115.47883333333333,11.04,3.8,,,SCEDC,,A,84,0.34,SCSN,112,113,200,113,ok,True,2024,36,data/scedc/event_phases/2024/2024_036/40663112.phase
40665224,scedc:40665224,2024-02-10T09:49:44.460000Z,32.1335,-115.18083333333334,11.05,3.2,,,SCEDC,,A,50,0.37,SCSN,86,86,154,86,ok,True,2024,41,data/scedc/event_phases/2024/2024_041/40665224.phase
40666296,scedc:40666296,2024-02-12T08:37:47.540000Z,32.80683333333333,-115.56433333333334,11.18,3.6,,,SCEDC,,A,42,0.21,SCSN,114,114,200,114,ok,True,2024,43,data/scedc/event_phases/2024/2024_043/40666296.phase
40666304,scedc:40666304,2024-02-12T08:38:13.420000Z,32.81966666666667,-115.58633333333331,12.1,3.5,,,SCEDC,,A,49,0.32,SCSN,114,114,200,114,ok,True,2024,43,data/scedc/event_phases/2024/2024_043/40666304.phase
40666312,scedc:40666312,2024-02-12T08:38:25.950000Z,32.809,-115.58,14.28,3.6,,,SCEDC,,A,76,0.3,SCSN,114,114,200,114,ok,True,2024,43,data/scedc/event_phases/2024/2024_043/40666312.phase
40666328,scedc:40666328,2024-02-12T08:39:19.200000Z,32.7925,-115.55933333333331,11.09,3.3,,,SCEDC,,A,69,0.25,SCSN,114,114,200,114,ok,True,2024,43,data/scedc/event_phases/2024/2024_043/40666328.phase
40666376,scedc:40666376,2024-02-12T08:43:52.880000Z,32.78483333333333,-115.5615,8.82,3.4,,,SCEDC,,A,66,0.29,SCSN,114,114,200,114,ok,True,2024,43,data/scedc/event_phases/2024/2024_043/40666376.phase
37623804,scedc:37623804,2024-02-12T10:18:44.260000Z,32.786,-115.534,15.95,3.7,,,SCEDC,,A,37,0.33,SCSN,112,112,200,112,ok,True,2024,43,data/scedc/event_phases/2024/2024_043/37623804.phase
40673600,scedc:40673600,2024-02-21T14:01:33.010000Z,35.865,-120.415,8.13,3.7,,,SCEDC,,C,60,0.21,SCSN,108,108,193,108,ok,True,2024,52,data/scedc/event_phases/2024/2024_052/40673600.phase
40685504,scedc:40685504,2024-03-11T11:48:40.900000Z,36.497166666666665,-118.1945,10.15,3.1,,,SCEDC,,A,67,0.18,SCSN,112,112,192,112,ok,True,2024,71,data/scedc/event_phases/2024/2024_071/40685504.phase
40691096,scedc:40691096,2024-03-20T15:09:49.600000Z,35.645833333333336,-118.32016666666668,7.91,3.3,,,SCEDC,,A,94,0.16,SCSN,114,115,200,115,ok,True,2024,80,data/scedc/event_phases/2024/2024_080/40691096.phase
40708192,scedc:40708192,2024-04-09T02:26:26.890000Z,32.403333333333336,-115.20616666666666,11.02,3.0,,,SCEDC,,A,66,0.34,SCSN,103,103,176,103,ok,True,2024,100,data/scedc/event_phases/2024/2024_100/40708192.phase
40714048,scedc:40714048,2024-04-16T15:23:03.890000Z,36.1215,-117.89233333333334,4.35,3.4,,,SCEDC,,A,71,0.16,SCSN,110,110,200,110,ok,True,2024,107,data/scedc/event_phases/2024/2024_107/40714048.phase
40714056,scedc:40714056,2024-04-16T15:23:26.400000Z,36.117,-117.89483333333334,5.08,3.9,,,SCEDC,,A,81,0.19,SCSN,111,111,200,111,ok,True,2024,107,data/scedc/event_phases/2024/2024_107/40714056.phase
40714072,scedc:40714072,2024-04-16T15:25:40.000000Z,36.1215,-117.893,5.77,3.2,,,SCEDC,,A,68,0.17,SCSN,111,111,200,111,ok,True,2024,107,data/scedc/event_phases/2024/2024_107/40714072.phase
40714288,scedc:40714288,2024-04-16T17:43:11.770000Z,36.11716666666667,-117.886,6.03,3.4,,,SCEDC,,A,78,0.17,SCSN,109,110,200,110,ok,True,2024,107,data/scedc/event_phases/2024/2024_107/40714288.phase
40556087,scedc:40556087,2024-04-23T17:08:33.290000Z,32.0565,-117.43883333333332,17.65,3.3,,,SCEDC,,B,27,0.19,SCSN,109,109,200,109,ok,True,2024,114,data/scedc/event_phases/2024/2024_114/40556087.phase
40556879,scedc:40556879,2024-04-24T12:59:08.020000Z,32.080333333333336,-117.47766666666666,14.74,3.3,,,SCEDC,,A,42,0.24,SCSN,109,109,200,109,ok,True,2024,115,data/scedc/event_phases/2024/2024_115/40556879.phase
40742680,scedc:40742680,2024-05-08T01:14:36.590000Z,32.401666666666664,-115.24833333333332,11.54,4.1,,,SCEDC,,A,81,0.37,SCSN,104,104,179,104,ok,True,2024,129,data/scedc/event_phases/2024/2024_129/40742680.phase
40746800,scedc:40746800,2024-05-12T17:24:04.970000Z,32.4175,-115.24633333333334,9.9,3.3,,,SCEDC,,A,67,0.37,SCSN,103,103,180,103,ok,True,2024,133,data/scedc/event_phases/2024/2024_133/40746800.phase
40746912,scedc:40746912,2024-05-12T18:22:42.200000Z,32.42466666666667,-115.2405,8.49,4.9,,,SCEDC,,A,79,0.38,SCSN,103,103,180,103,ok,True,2024,133,data/scedc/event_phases/2024/2024_133/40746912.phase
37653460,scedc:37653460,2024-05-12T18:25:04.340000Z,32.4045,-115.26833333333332,5.05,3.4,,,SCEDC,,A,23,0.25,SCSN,104,104,184,104,ok,True,2024,133,data/scedc/event_phases/2024/2024_133/37653460.phase
40746920,scedc:40746920,2024-05-12T18:25:28.390000Z,32.415166666666664,-115.26383333333334,4.86,3.6,,,SCEDC,,A,51,0.33,SCSN,104,104,184,104,ok,True,2024,133,data/scedc/event_phases/2024/2024_133/40746920.phase
37653444,scedc:37653444,2024-05-12T18:25:54.870000Z,32.42016666666667,-115.23216666666669,8.0,3.5,,,SCEDC,,A,38,0.36,SCSN,102,102,179,102,ok,True,2024,133,data/scedc/event_phases/2024/2024_133/37653444.phase
37653452,scedc:37653452,2024-05-12T18:26:48.790000Z,32.416666666666664,-115.25,7.24,3.3,,,SCEDC,,A,40,0.36,SCSN,103,103,180,103,ok,True,2024,133,data/scedc/event_phases/2024/2024_133/37653452.phase
40746928,scedc:40746928,2024-05-12T18:28:02.560000Z,32.42,-115.239,10.44,3.2,,,SCEDC,,A,50,0.33,SCSN,102,102,179,102,ok,True,2024,133,data/scedc/event_phases/2024/2024_133/40746928.phase
37653884,scedc:37653884,2024-05-12T18:28:17.040000Z,32.27283333333333,-115.3255,19.73,3.0,,,SCEDC,,B,28,0.34,SCSN,98,98,170,98,ok,True,2024,133,data/scedc/event_phases/2024/2024_133/37653884.phase
40746952,scedc:40746952,2024-05-12T18:33:44.660000Z,32.41,-115.25666666666666,11.06,4.0,,,SCEDC,,A,82,0.39,SCSN,104,104,182,104,ok,True,2024,133,data/scedc/event_phases/2024/2024_133/40746952.phase
40746992,scedc:40746992,2024-05-12T18:42:03.030000Z,32.421,-115.2535,6.45,3.2,,,SCEDC,,A,77,0.35,SCSN,104,104,183,104,ok,True,2024,133,data/scedc/event_phases/2024/2024_133/40746992.phase
40747016,scedc:40747016,2024-05-12T18:45:00.880000Z,32.42283333333334,-115.26283333333332,7.75,3.6,,,SCEDC,,A,77,0.38,SCSN,105,105,185,105,ok,True,2024,133,data/scedc/event_phases/2024/2024_133/40747016.phase
40747064,scedc:40747064,2024-05-12T18:53:40.370000Z,32.42616666666667,-115.227,11.74,3.6,,,SCEDC,,A,74,0.35,SCSN,102,102,179,102,ok,True,2024,133,data/scedc/event_phases/2024/2024_133/40747064.phase
40747088,scedc:40747088,2024-05-12T19:04:00.050000Z,32.4115,-115.247,11.21,4.6,,,SCEDC,,A,76,0.39,SCSN,102,102,179,102,ok,True,2024,133,data/scedc/event_phases/2024/2024_133/40747088.phase
40747376,scedc:40747376,2024-05-13T00:04:11.970000Z,32.4315,-115.223,10.53,3.2,,,SCEDC,,A,82,0.34,SCSN,102,102,179,102,ok,True,2024,134,data/scedc/event_phases/2024/2024_134/40747376.phase
40747544,scedc:40747544,2024-05-13T04:02:18.810000Z,32.43483333333333,-115.22816666666668,11.84,4.2,,,SCEDC,,A,85,0.37,SCSN,105,105,183,105,ok,True,2024,134,data/scedc/event_phases/2024/2024_134/40747544.phase
40747552,scedc:40747552,2024-05-13T04:07:34.590000Z,32.435833333333335,-115.228,10.89,3.6,,,SCEDC,,A,74,0.34,SCSN,105,105,183,105,ok,True,2024,134,data/scedc/event_phases/2024/2024_134/40747552.phase
37653724,scedc:37653724,2024-05-13T04:08:16.800000Z,32.42966666666667,-115.217,10.36,3.0,,,SCEDC,,A,36,0.33,SCSN,102,102,179,102,ok,True,2024,134,data/scedc/event_phases/2024/2024_134/37653724.phase
40582559,scedc:40582559,2024-05-14T18:56:44.770000Z,32.406166666666664,-115.2355,20.61,3.3,,,SCEDC,,A,71,0.28,SCSN,101,101,177,101,ok,True,2024,135,data/scedc/event_phases/2024/2024_135/40582559.phase
40590943,scedc:40590943,2024-05-18T21:23:17.750000Z,32.91616666666667,-115.54,8.83,3.0,,,SCEDC,,A,94,0.29,SCSN,111,111,200,111,ok,True,2024,139,data/scedc/event_phases/2024/2024_139/40590943.phase
40591063,scedc:40591063,2024-05-18T23:05:31.310000Z,32.923,-115.54983333333334,3.32,3.4,,,SCEDC,,A,54,0.3,SCSN,111,112,200,112,ok,True,2024,139,data/scedc/event_phases/2024/2024_139/40591063.phase
40592599,scedc:40592599,2024-05-19T17:23:35.760000Z,35.68333333333333,-117.53566666666669,8.43,3.3,,,SCEDC,,A,80,0.14,SCSN,110,110,200,110,ok,True,2024,140,data/scedc/event_phases/2024/2024_140/40592599.phase
40610487,scedc:40610487,2024-06-02T03:01:02.810000Z,32.3835,-115.21133333333331,10.97,3.4,,,SCEDC,,A,73,0.32,SCSN,98,99,173,99,ok,True,2024,154,data/scedc/event_phases/2024/2024_154/40610487.phase
40614631,scedc:40614631,2024-06-05T08:42:42.220000Z,32.37466666666667,-115.20016666666666,14.99,4.3,,,SCEDC,,C,49,0.36,SCSN,94,94,171,94,ok,True,2024,157,data/scedc/event_phases/2024/2024_157/40614631.phase
40614639,scedc:40614639,2024-06-05T08:43:34.230000Z,32.3195,-115.16533333333334,14.99,3.8,,,SCEDC,,C,39,0.32,SCSN,91,91,168,91,ok,True,2024,157,data/scedc/event_phases/2024/2024_157/40614639.phase
40614647,scedc:40614647,2024-06-05T08:44:31.830000Z,32.344833333333334,-115.14583333333331,14.99,3.4,,,SCEDC,,C,44,0.29,SCSN,91,91,168,91,ok,True,2024,157,data/scedc/event_phases/2024/2024_157/40614647.phase
37665244,scedc:37665244,2024-06-05T08:45:42.630000Z,32.314,-115.12166666666668,14.99,3.1,,,SCEDC,,C,40,0.33,SCSN,91,91,167,91,ok,True,2024,157,data/scedc/event_phases/2024/2024_157/37665244.phase
37665252,scedc:37665252,2024-06-05T08:46:34.950000Z,32.353833333333334,-115.153,14.99,3.0,,,SCEDC,,C,44,0.31,SCSN,91,91,168,91,ok,True,2024,157,data/scedc/event_phases/2024/2024_157/37665252.phase
40614823,scedc:40614823,2024-06-05T11:58:40.930000Z,32.4225,-115.17966666666666,15.58,4.6,,,SCEDC,,A,70,0.38,SCSN,96,96,175,96,ok,True,2024,157,data/scedc/event_phases/2024/2024_157/40614823.phase
40800256,scedc:40800256,2024-06-16T07:19:02.550000Z,35.75533333333333,-117.57283333333334,2.95,3.3,,,SCEDC,,A,73,0.15,SCSN,110,110,200,110,ok,True,2024,168,data/scedc/event_phases/2024/2024_168/40800256.phase
40813512,scedc:40813512,2024-06-29T07:46:07.240000Z,35.038,-116.9825,2.3,3.9,,,SCEDC,,A,83,0.13,SCSN,115,115,200,115,ok,True,2024,181,data/scedc/event_phases/2024/2024_181/40813512.phase
40660767,scedc:40660767,2024-07-16T06:24:17.730000Z,36.15083333333333,-118.0515,0.85,3.0,,,SCEDC,,A,67,0.18,SCSN,116,117,200,117,ok,True,2024,198,data/scedc/event_phases/2024/2024_198/40660767.phase
40669943,scedc:40669943,2024-07-24T13:18:54.740000Z,35.8075,-116.75816666666668,0.51,3.0,,,SCEDC,,A,41,0.11,SCSN,118,118,200,118,ok,True,2024,206,data/scedc/event_phases/2024/2024_206/40669943.phase
40675215,scedc:40675215,2024-07-29T20:00:52.590000Z,34.95033333333333,-116.78666666666666,7.26,4.9,,,SCEDC,,A,99,0.16,SCSN,119,119,200,119,ok,True,2024,211,data/scedc/event_phases/2024/2024_211/40675215.phase
40675231,scedc:40675231,2024-07-29T20:03:33.150000Z,34.946,-116.79433333333331,2.84,3.5,,,SCEDC,,A,95,0.16,SCSN,119,119,200,119,ok,True,2024,211,data/scedc/event_phases/2024/2024_211/40675231.phase
40865192,scedc:40865192,2024-08-07T04:10:44.540000Z,35.10883333333334,-119.115,11.98,4.6,,,SCEDC,,A,79,0.24,SCSN,117,117,200,117,ok,True,2024,220,data/scedc/event_phases/2024/2024_220/40865192.phase
37679332,scedc:37679332,2024-08-07T04:12:12.340000Z,35.08133333333333,-119.10733333333332,13.7,3.2,,,SCEDC,,A,37,0.2,SCSN,117,117,200,117,ok,True,2024,220,data/scedc/event_phases/2024/2024_220/37679332.phase
37679660,scedc:37679660,2024-08-07T04:13:17.280000Z,35.112,-119.1055,12.13,3.2,,,SCEDC,,A,33,0.22,SCSN,117,117,200,117,ok,True,2024,220,data/scedc/event_phases/2024/2024_220/37679660.phase
40865216,scedc:40865216,2024-08-07T04:17:03.870000Z,35.06816666666667,-119.08016666666668,12.13,3.0,,,SCEDC,,A,45,0.26,SCSN,117,117,200,117,ok,True,2024,220,data/scedc/event_phases/2024/2024_220/40865216.phase
40865232,scedc:40865232,2024-08-07T04:17:46.890000Z,35.087666666666664,-119.11183333333334,10.17,3.6,,,SCEDC,,A,76,0.26,SCSN,117,117,200,117,ok,True,2024,220,data/scedc/event_phases/2024/2024_220/40865232.phase
40865248,scedc:40865248,2024-08-07T04:19:23.360000Z,35.099333333333334,-119.11766666666666,11.73,3.1,,,SCEDC,,A,53,0.25,SCSN,117,117,200,117,ok,True,2024,220,data/scedc/event_phases/2024/2024_220/40865248.phase
40865280,scedc:40865280,2024-08-07T04:21:50.300000Z,35.089333333333336,-119.10716666666669,11.84,3.2,,,SCEDC,,A,87,0.23,SCSN,117,117,200,117,ok,True,2024,220,data/scedc/event_phases/2024/2024_220/40865280.phase
37678844,scedc:37678844,2024-08-07T04:47:10.570000Z,35.090833333333336,-119.0955,16.01,3.0,,,SCEDC,,A,19,0.28,SCSN,37,37,200,37,ok,True,2024,220,data/scedc/event_phases/2024/2024_220/37678844.phase
40866368,scedc:40866368,2024-08-07T06:53:05.340000Z,35.08283333333333,-119.103,13.39,3.1,,,SCEDC,,A,58,0.27,SCSN,99,99,200,99,ok,True,2024,220,data/scedc/event_phases/2024/2024_220/40866368.phase
40866688,scedc:40866688,2024-08-07T08:07:58.350000Z,35.0855,-119.11116666666666,16.2,3.1,,,SCEDC,,A,50,0.25,SCSN,119,119,200,119,ok,True,2024,220,data/scedc/event_phases/2024/2024_220/40866688.phase
40868176,scedc:40868176,2024-08-07T18:05:48.220000Z,35.0905,-119.114,16.08,3.2,,,SCEDC,,A,79,0.24,SCSN,120,120,200,120,ok,True,2024,220,data/scedc/event_phases/2024/2024_220/40868176.phase
40868336,scedc:40868336,2024-08-07T19:08:25.170000Z,35.096,-119.11133333333332,14.9,3.2,,,SCEDC,,A,51,0.17,SCSN,120,120,200,120,ok,True,2024,220,data/scedc/event_phases/2024/2024_220/40868336.phase
40869240,scedc:40869240,2024-08-08T02:10:40.210000Z,35.0945,-119.07366666666668,12.01,3.1,,,SCEDC,,A,87,0.23,SCSN,121,121,200,121,ok,True,2024,221,data/scedc/event_phases/2024/2024_221/40869240.phase
40869472,scedc:40869472,2024-08-08T04:30:28.390000Z,35.096833333333336,-119.11883333333331,14.28,3.0,,,SCEDC,,A,92,0.24,SCSN,120,120,200,120,ok,True,2024,221,data/scedc/event_phases/2024/2024_221/40869472.phase
40697215,scedc:40697215,2024-08-11T09:45:13.490000Z,35.945,-117.6805,5.0,3.8,,,SCEDC,,A,63,0.14,SCSN,114,114,200,114,ok,True,2024,224,data/scedc/event_phases/2024/2024_224/40697215.phase
40708311,scedc:40708311,2024-08-20T07:30:06.710000Z,32.65833333333333,-115.6045,11.02,3.0,,,SCEDC,,A,96,0.28,SCSN,115,116,200,116,ok,True,2024,233,data/scedc/event_phases/2024/2024_233/40708311.phase
40746391,scedc:40746391,2024-09-26T18:24:29.350000Z,36.206833333333336,-118.0145,1.99,3.8,,,SCEDC,,A,85,0.19,SCSN,119,120,200,120,ok,True,2024,270,data/scedc/event_phases/2024/2024_270/40746391.phase
40752591,scedc:40752591,2024-10-06T00:25:57.740000Z,36.14516666666667,-117.08116666666666,1.83,3.6,,,SCEDC,,A,52,0.16,SCSN,121,121,200,121,ok,True,2024,280,data/scedc/event_phases/2024/2024_280/40752591.phase
40755079,scedc:40755079,2024-10-09T06:05:43.960000Z,32.56366666666667,-115.28816666666668,22.7,3.2,,,SCEDC,,A,84,0.3,SCSN,116,116,200,116,ok,True,2024,283,data/scedc/event_phases/2024/2024_283/40755079.phase
40755215,scedc:40755215,2024-10-09T09:44:47.370000Z,32.56016666666667,-115.28433333333334,18.85,3.0,,,SCEDC,,A,81,0.31,SCSN,116,116,200,116,ok,True,2024,283,data/scedc/event_phases/2024/2024_283/40755215.phase
40958104,scedc:40958104,2024-10-20T23:11:58.080000Z,33.04666666666667,-117.98083333333334,5.85,3.2,,,SCEDC,,C,74,0.3,SCSN,106,106,200,106,ok,True,2024,294,data/scedc/event_phases/2024/2024_294/40958104.phase
40965744,scedc:40965744,2024-10-27T13:48:49.950000Z,36.20883333333333,-118.01583333333332,0.99,3.3,,,SCEDC,,A,83,0.19,SCSN,124,124,200,124,ok,True,2024,301,data/scedc/event_phases/2024/2024_301/40965744.phase
40966152,scedc:40966152,2024-10-28T16:43:45.820000Z,33.05733333333333,-117.95416666666668,5.88,3.0,,,SCEDC,,C,84,0.31,SCSN,105,105,200,105,ok,True,2024,302,data/scedc/event_phases/2024/2024_302/40966152.phase
40792599,scedc:40792599,2024-11-13T18:36:55.680000Z,36.0445,-117.81133333333334,1.49,3.3,,,SCEDC,,A,63,0.17,SCSN,123,124,200,124,ok,True,2024,318,data/scedc/event_phases/2024/2024_318/40792599.phase
40989656,scedc:40989656,2024-11-28T21:45:49.820000Z,32.6395,-118.18766666666669,27.77,3.0,,,SCEDC,,A,21,0.17,SCSN,102,102,200,102,ok,True,2024,333,data/scedc/event_phases/2024/2024_333/40989656.phase
40995120,scedc:40995120,2024-12-05T17:53:26.420000Z,32.07366666666667,-117.54316666666666,15.01,3.6,,,SCEDC,,A,36,0.2,SCSN,105,105,200,105,ok,True,2024,340,data/scedc/event_phases/2024/2024_340/40995120.phase
40827375,scedc:40827375,2024-12-22T19:03:49.510000Z,35.772,-118.01166666666668,2.69,3.6,,,SCEDC,,A,90,0.14,SCSN,125,126,200,126,ok,True,2024,357,data/scedc/event_phases/2024/2024_357/40827375.phase
