event_id,year,doy,s3_key,phase_path,status,http_status,bytes,url_used,error
14566876,2010,1,event_phases/2010/2010_001/14566876.phase,data/scedc/event_phases/2010/2010_001/14566876.phase,reused,,2933,,
14568124,2010,4,event_phases/2010/2010_004/14568124.phase,data/scedc/event_phases/2010/2010_004/14568124.phase,reused,,6008,,
14568516,2010,4,event_phases/2010/2010_004/14568516.phase,data/scedc/event_phases/2010/2010_004/14568516.phase,reused,,5933,,
14568532,2010,4,event_phases/2010/2010_004/14568532.phase,data/scedc/event_phases/2010/2010_004/14568532.phase,reused,,5333,,
14570732,2010,10,event_phases/2010/2010_010/14570732.phase,data/scedc/event_phases/2010/2010_010/14570732.phase,reused,,4583,,
14570852,2010,10,event_phases/2010/2010_010/14570852.phase,data/scedc/event_phases/2010/2010_010/14570852.phase,reused,,5183,,
10526285,2010,14,event_phases/2010/2010_014/10526285.phase,data/scedc/event_phases/2010/2010_014/10526285.phase,reused,,4133,,
10526373,2010,14,event_phases/2010/2010_014/10526373.phase,data/scedc/event_phases/2010/2010_014/10526373.phase,reused,,4133,,
10526413,2010,14,event_phases/2010/2010_014/10526413.phase,data/scedc/event_phases/2010/2010_014/10526413.phase,reused,,5183,,
10526869,2010,15,event_phases/2010/2010_015/10526869.phase,data/scedc/event_phases/2010/2010_015/10526869.phase,reused,,6533,,
10526965,2010,15,event_phases/2010/2010_015/10526965.phase,data/scedc/event_phases/2010/2010_015/10526965.phase,reused,,4433,,
10527789,2010,15,event_phases/2010/2010_015/10527789.phase,data/scedc/event_phases/2010/2010_015/10527789.phase,reused,,6608,,
10527997,2010,15,event_phases/2010/2010_015/10527997.phase,data/scedc/event_phases/2010/2010_015/10527997.phase,reused,,6008,,
10528149,2010,15,event_phases/2010/2010_015/10528149.phase,data/scedc/event_phases/2010/2010_015/10528149.phase,reused,,5483,,
10528517,2010,15,event_phases/2010/2010_015/10528517.phase,data/scedc/event_phases/2010/2010_015/10528517.phase,reused,,5483,,
10528549,2010,15,event_phases/2010/2010_015/10528549.phase,data/scedc/event_phases/2010/2010_015/10528549.phase,reused,,1808,,
10529677,2010,16,event_phases/2010/2010_016/10529677.phase,data/scedc/event_phases/2010/2010_016/10529677.phase,reused,,5708,,
10530685,2010,17,event_phases/2010/2010_017/10530685.phase,data/scedc/event_phases/2010/2010_017/10530685.phase,reused,,2783,,
10535613,2010,28,event_phases/2010/2010_028/10535613.phase,data/scedc/event_phases/2010/2010_028/10535613.phase,reused,,4133,,
10536629,2010,31,event_phases/2010/2010_031/10536629.phase,data/scedc/event_phases/2010/2010_031/10536629.phase,reused,,2858,,
10536725,2010,31,event_phases/2010/2010_031/10536725.phase,data/scedc/event_phases/2010/2010_031/10536725.phase,reused,,1658,,
10537093,2010,32,event_phases/2010/2010_032/10537093.phase,data/scedc/event_phases/2010/2010_032/10537093.phase,reused,,2633,,
10537109,2010,32,event_phases/2010/2010_032/10537109.phase,data/scedc/event_phases/2010/2010_032/10537109.phase,reused,,3683,,
14585204,2010,35,event_phases/2010/2010_035/14585204.phase,data/scedc/event_phases/2010/2010_035/14585204.phase,reused,,3158,,
14586036,2010,37,event_phases/2010/2010_037/14586036.phase,data/scedc/event_phases/2010/2010_037/14586036.phase,reused,,5858,,
14586308,2010,38,event_phases/2010/2010_038/14586308.phase,data/scedc/event_phases/2010/2010_038/14586308.phase,reused,,2333,,
10541133,2010,42,event_phases/2010/2010_042/10541133.phase,data/scedc/event_phases/2010/2010_042/10541133.phase,reused,,3308,,
10541141,2010,42,event_phases/2010/2010_042/10541141.phase,data/scedc/event_phases/2010/2010_042/10541141.phase,reused,,2183,,
10541845,2010,44,event_phases/2010/2010_044/10541845.phase,data/scedc/event_phases/2010/2010_044/10541845.phase,reused,,5033,,
10542165,2010,45,event_phases/2010/2010_045/10542165.phase,data/scedc/event_phases/2010/2010_045/10542165.phase,reused,,6608,,
10542181,2010,45,event_phases/2010/2010_045/10542181.phase,data/scedc/event_phases/2010/2010_045/10542181.phase,reused,,3533,,
10542293,2010,45,event_phases/2010/2010_045/10542293.phase,data/scedc/event_phases/2010/2010_045/10542293.phase,reused,,7058,,
10542533,2010,45,event_phases/2010/2010_045/10542533.phase,data/scedc/event_phases/2010/2010_045/10542533.phase,reused,,4658,,
14594756,2010,57,event_phases/2010/2010_057/14594756.phase,data/scedc/event_phases/2010/2010_057/14594756.phase,reused,,3533,,
14595164,2010,58,event_phases/2010/2010_058/14595164.phase,data/scedc/event_phases/2010/2010_058/14595164.phase,reused,,4133,,
14595172,2010,58,event_phases/2010/2010_058/14595172.phase,data/scedc/event_phases/2010/2010_058/14595172.phase,reused,,4508,,
14595468,2010,59,event_phases/2010/2010_059/14595468.phase,data/scedc/event_phases/2010/2010_059/14595468.phase,reused,,4733,,
14595780,2010,60,event_phases/2010/2010_060/14595780.phase,data/scedc/event_phases/2010/2010_060/14595780.phase,reused,,6833,,
14596204,2010,61,event_phases/2010/2010_061/14596204.phase,data/scedc/event_phases/2010/2010_061/14596204.phase,reused,,5033,,
14597804,2010,67,event_phases/2010/2010_067/14597804.phase,data/scedc/event_phases/2010/2010_067/14597804.phase,reused,,4358,,
14597860,2010,67,event_phases/2010/2010_067/14597860.phase,data/scedc/event_phases/2010/2010_067/14597860.phase,reused,,3758,,
14598340,2010,68,event_phases/2010/2010_068/14598340.phase,data/scedc/event_phases/2010/2010_068/14598340.phase,reused,,3083,,
14598516,2010,68,event_phases/2010/2010_068/14598516.phase,data/scedc/event_phases/2010/2010_068/14598516.phase,reused,,4208,,
14598524,2010,68,event_phases/2010/2010_068/14598524.phase,data/scedc/event_phases/2010/2010_068/14598524.phase,reused,,5258,,
14598644,2010,69,event_phases/2010/2010_069/14598644.phase,data/scedc/event_phases/2010/2010_069/14598644.phase,reused,,3608,,
14599396,2010,70,event_phases/2010/2010_070/14599396.phase,data/scedc/event_phases/2010/2010_070/14599396.phase,reused,,7283,,
14601532,2010,76,event_phases/2010/2010_076/14601532.phase,data/scedc/event_phases/2010/2010_076/14601532.phase,reused,,2633,,
10145042,2010,77,event_phases/2010/2010_077/10145042.phase,data/scedc/event_phases/2010/2010_077/10145042.phase,reused,,2408,,
14601748,2010,77,event_phases/2010/2010_077/14601748.phase,data/scedc/event_phases/2010/2010_077/14601748.phase,reused,,1808,,
14602556,2010,79,event_phases/2010/2010_079/14602556.phase,data/scedc/event_phases/2010/2010_079/14602556.phase,reused,,3308,,
14602596,2010,79,event_phases/2010/2010_079/14602596.phase,data/scedc/event_phases/2010/2010_079/14602596.phase,reused,,3983,,
10145122,2010,80,event_phases/2010/2010_080/10145122.phase,data/scedc/event_phases/2010/2010_080/10145122.phase,reused,,3758,,
14603180,2010,80,event_phases/2010/2010_080/14603180.phase,data/scedc/event_phases/2010/2010_080/14603180.phase,reused,,1958,,
14603396,2010,80,event_phases/2010/2010_080/14603396.phase,data/scedc/event_phases/2010/2010_080/14603396.phase,reused,,1508,,
14603532,2010,81,event_phases/2010/2010_081/14603532.phase,data/scedc/event_phases/2010/2010_081/14603532.phase,reused,,1283,,
14603884,2010,82,event_phases/2010/2010_082/14603884.phase,data/scedc/event_phases/2010/2010_082/14603884.phase,reused,,2783,,
14604260,2010,83,event_phases/2010/2010_083/14604260.phase,data/scedc/event_phases/2010/2010_083/14604260.phase,reused,,2558,,
14604780,2010,84,event_phases/2010/2010_084/14604780.phase,data/scedc/event_phases/2010/2010_084/14604780.phase,reused,,2483,,
14605036,2010,85,event_phases/2010/2010_085/14605036.phase,data/scedc/event_phases/2010/2010_085/14605036.phase,reused,,3833,,
14605204,2010,86,event_phases/2010/2010_086/14605204.phase,data/scedc/event_phases/2010/2010_086/14605204.phase,reused,,1658,,
14606268,2010,90,event_phases/2010/2010_090/14606268.phase,data/scedc/event_phases/2010/2010_090/14606268.phase,reused,,3908,,
14607012,2010,93,event_phases/2010/2010_093/14607012.phase,data/scedc/event_phases/2010/2010_093/14607012.phase,reused,,5183,,
14607188,2010,93,event_phases/2010/2010_093/14607188.phase,data/scedc/event_phases/2010/2010_093/14607188.phase,reused,,1583,,
14607220,2010,93,event_phases/2010/2010_093/14607220.phase,data/scedc/event_phases/2010/2010_093/14607220.phase,reused,,2033,,
10147522,2010,94,event_phases/2010/2010_094/10147522.phase,data/scedc/event_phases/2010/2010_094/10147522.phase,reused,,1283,,
10147530,2010,94,event_phases/2010/2010_094/10147530.phase,data/scedc/event_phases/2010/2010_094/10147530.phase,reused,,608,,
10147762,2010,94,event_phases/2010/2010_094/10147762.phase,data/scedc/event_phases/2010/2010_094/10147762.phase,reused,,833,,
10147770,2010,94,event_phases/2010/2010_094/10147770.phase,data/scedc/event_phases/2010/2010_094/10147770.phase,reused,,1058,,
10169094,2010,94,event_phases/2010/2010_094/10169094.phase,data/scedc/event_phases/2010/2010_094/10169094.phase,reused,,908,,
10169098,2010,94,event_phases/2010/2010_094/10169098.phase,data/scedc/event_phases/2010/2010_094/10169098.phase,reused,,1283,,
10169102,2010,94,event_phases/2010/2010_094/10169102.phase,data/scedc/event_phases/2010/2010_094/10169102.phase,reused,,1208,,
10169106,2010,94,event_phases/2010/2010_094/10169106.phase,data/scedc/event_phases/2010/2010_094/10169106.phase,reused,,758,,
10169110,2010,94,event_phases/2010/2010_094/10169110.phase,data/scedc/event_phases/2010/2010_094/10169110.phase,reused,,758,,
10169114,2010,94,event_phases/2010/2010_094/10169114.phase,data/scedc/event_phases/2010/2010_094/10169114.phase,reused,,1358,,
10169326,2010,94,event_phases/2010/2010_094/10169326.phase,data/scedc/event_phases/2010/2010_094/10169326.phase,reused,,908,,
10169330,2010,94,event_phases/2010/2010_094/10169330.phase,data/scedc/event_phases/2010/2010_094/10169330.phase,reused,,1433,,
10184394,2010,94,event_phases/2010/2010_094/10184394.phase,data/scedc/event_phases/2010/2010_094/10184394.phase,reused,,2183,,
10184834,2010,94,event_phases/2010/2010_094/10184834.phase,data/scedc/event_phases/2010/2010_094/10184834.phase,reused,,1058,,
10184870,2010,94,event_phases/2010/2010_094/10184870.phase,data/scedc/event_phases/2010/2010_094/10184870.phase,reused,,1283,,
10184874,2010,94,event_phases/2010/2010_094/10184874.phase,data/scedc/event_phases/2010/2010_094/10184874.phase,reused,,1208,,
14607364,2010,94,event_phases/2010/2010_094/14607364.phase,data/scedc/event_phases/2010/2010_094/14607364.phase,reused,,1508,,
14607396,2010,94,event_phases/2010/2010_094/14607396.phase,data/scedc/event_phases/2010/2010_094/14607396.phase,reused,,2783,,
14607412,2010,94,event_phases/2010/2010_094/14607412.phase,data/scedc/event_phases/2010/2010_094/14607412.phase,reused,,2108,,
14607620,2010,94,event_phases/2010/2010_094/14607620.phase,data/scedc/event_phases/2010/2010_094/14607620.phase,reused,,1733,,
14607684,2010,94,event_phases/2010/2010_094/14607684.phase,data/scedc/event_phases/2010/2010_094/14607684.phase,reused,,1958,,
14607700,2010,94,event_phases/2010/2010_094/14607700.phase,data/scedc/event_phases/2010/2010_094/14607700.phase,reused,,1283,,
14607748,2010,94,event_phases/2010/2010_094/14607748.phase,data/scedc/event_phases/2010/2010_094/14607748.phase,reused,,5783,,
14607804,2010,94,event_phases/2010/2010_094/14607804.phase,data/scedc/event_phases/2010/2010_094/14607804.phase,reused,,1358,,
14607820,2010,94,event_phases/2010/2010_094/14607820.phase,data/scedc/event_phases/2010/2010_094/14607820.phase,reused,,2033,,
14607836,2010,94,event_phases/2010/2010_094/14607836.phase,data/scedc/event_phases/2010/2010_094/14607836.phase,reused,,1283,,
14607844,2010,94,event_phases/2010/2010_094/14607844.phase,data/scedc/event_phases/2010/2010_094/14607844.phase,reused,,1208,,
14607852,2010,94,event_phases/2010/2010_094/14607852.phase,data/scedc/event_phases/2010/2010_094/14607852.phase,reused,,2183,,
14607868,2010,94,event_phases/2010/2010_094/14607868.phase,data/scedc/event_phases/2010/2010_094/14607868.phase,reused,,1658,,
14607916,2010,94,event_phases/2010/2010_094/14607916.phase,data/scedc/event_phases/2010/2010_094/14607916.phase,reused,,1283,,
14607924,2010,94,event_phases/2010/2010_094/14607924.phase,data/scedc/event_phases/2010/2010_094/14607924.phase,reused,,4208,,
14607956,2010,94,event_phases/2010/2010_094/14607956.phase,data/scedc/event_phases/2010/2010_094/14607956.phase,reused,,2858,,
14607964,2010,94,event_phases/2010/2010_094/14607964.phase,data/scedc/event_phases/2010/2010_094/14607964.phase,reused,,2483,,
14607972,2010,94,event_phases/2010/2010_094/14607972.phase,data/scedc/event_phases/2010/2010_094/14607972.phase,reused,,3383,,
14607988,2010,94,event_phases/2010/2010_094/14607988.phase,data/scedc/event_phases/2010/2010_094/14607988.phase,reused,,1283,,
14607996,2010,94,event_phases/2010/2010_094/14607996.phase,data/scedc/event_phases/2010/2010_094/14607996.phase,reused,,1433,,
14608004,2010,94,event_phases/2010/2010_094/14608004.phase,data/scedc/event_phases/2010/2010_094/14608004.phase,reused,,1508,,
14608012,2010,94,event_phases/2010/2010_094/14608012.phase,data/scedc/event_phases/2010/2010_094/14608012.phase,reused,,2558,,
14608020,2010,94,event_phases/2010/2010_094/14608020.phase,data/scedc/event_phases/2010/2010_094/14608020.phase,reused,,908,,
14608052,2010,94,event_phases/2010/2010_094/14608052.phase,data/scedc/event_phases/2010/2010_094/14608052.phase,reused,,1958,,
14608076,2010,94,event_phases/2010/2010_094/14608076.phase,data/scedc/event_phases/2010/2010_094/14608076.phase,reused,,2258,,
14608092,2010,94,event_phases/2010/2010_094/14608092.phase,data/scedc/event_phases/2010/2010_094/14608092.phase,reused,,1208,,
14608116,2010,94,event_phases/2010/2010_094/14608116.phase,data/scedc/event_phases/2010/2010_094/14608116.phase,reused,,3233,,
30277759,2010,94,event_phases/2010/2010_094/30277759.phase,data/scedc/event_phases/2010/2010_094/30277759.phase,reused,,1808,,
30317767,2010,94,event_phases/2010/2010_094/30317767.phase,data/scedc/event_phases/2010/2010_094/30317767.phase,reused,,1508,,
31957759,2010,94,event_phases/2010/2010_094/31957759.phase,data/scedc/event_phases/2010/2010_094/31957759.phase,reused,,1283,,
31981759,2010,94,event_phases/2010/2010_094/31981759.phase,data/scedc/event_phases/2010/2010_094/31981759.phase,reused,,1433,,
31997759,2010,94,event_phases/2010/2010_094/31997759.phase,data/scedc/event_phases/2010/2010_094/31997759.phase,reused,,983,,
36880079,2010,94,event_phases/2010/2010_094/36880079.phase,data/scedc/event_phases/2010/2010_094/36880079.phase,reused,,833,,
36880167,2010,94,event_phases/2010/2010_094/36880167.phase,data/scedc/event_phases/2010/2010_094/36880167.phase,reused,,833,,
36880175,2010,94,event_phases/2010/2010_094/36880175.phase,data/scedc/event_phases/2010/2010_094/36880175.phase,reused,,1058,,
10148246,2010,95,event_phases/2010/2010_095/10148246.phase,data/scedc/event_phases/2010/2010_095/10148246.phase,reused,,1808,,
10149454,2010,95,event_phases/2010/2010_095/10149454.phase,data/scedc/event_phases/2010/2010_095/10149454.phase,reused,,1358,,
10149926,2010,95,event_phases/2010/2010_095/10149926.phase,data/scedc/event_phases/2010/2010_095/10149926.phase,reused,,1133,,
10149934,2010,95,event_phases/2010/2010_095/10149934.phase,data/scedc/event_phases/2010/2010_095/10149934.phase,reused,,1358,,
10150242,2010,95,event_phases/2010/2010_095/10150242.phase,data/scedc/event_phases/2010/2010_095/10150242.phase,reused,,1958,,
10150482,2010,95,event_phases/2010/2010_095/10150482.phase,data/scedc/event_phases/2010/2010_095/10150482.phase,reused,,1433,,
10150562,2010,95,event_phases/2010/2010_095/10150562.phase,data/scedc/event_phases/2010/2010_095/10150562.phase,reused,,1283,,
10169334,2010,95,event_phases/2010/2010_095/10169334.phase,data/scedc/event_phases/2010/2010_095/10169334.phase,reused,,2333,,
10170626,2010,95,event_phases/2010/2010_095/10170626.phase,data/scedc/event_phases/2010/2010_095/10170626.phase,reused,,758,,
10170682,2010,95,event_phases/2010/2010_095/10170682.phase,data/scedc/event_phases/2010/2010_095/10170682.phase,reused,,608,,
10170742,2010,95,event_phases/2010/2010_095/10170742.phase,data/scedc/event_phases/2010/2010_095/10170742.phase,reused,,1208,,
10170842,2010,95,event_phases/2010/2010_095/10170842.phase,data/scedc/event_phases/2010/2010_095/10170842.phase,reused,,983,,
10170846,2010,95,event_phases/2010/2010_095/10170846.phase,data/scedc/event_phases/2010/2010_095/10170846.phase,reused,,2258,,
10170882,2010,95,event_phases/2010/2010_095/10170882.phase,data/scedc/event_phases/2010/2010_095/10170882.phase,reused,,1883,,
10170886,2010,95,event_phases/2010/2010_095/10170886.phase,data/scedc/event_phases/2010/2010_095/10170886.phase,reused,,1058,,
10170922,2010,95,event_phases/2010/2010_095/10170922.phase,data/scedc/event_phases/2010/2010_095/10170922.phase,reused,,2408,,
10170966,2010,95,event_phases/2010/2010_095/10170966.phase,data/scedc/event_phases/2010/2010_095/10170966.phase,reused,,683,,
10170982,2010,95,event_phases/2010/2010_095/10170982.phase,data/scedc/event_phases/2010/2010_095/10170982.phase,reused,,908,,
10171002,2010,95,event_phases/2010/2010_095/10171002.phase,data/scedc/event_phases/2010/2010_095/10171002.phase,reused,,1283,,
10171042,2010,95,event_phases/2010/2010_095/10171042.phase,data/scedc/event_phases/2010/2010_095/10171042.phase,reused,,1583,,
10171046,2010,95,event_phases/2010/2010_095/10171046.phase,data/scedc/event_phases/2010/2010_095/10171046.phase,reused,,908,,
10171142,2010,95,event_phases/2010/2010_095/10171142.phase,data/scedc/event_phases/2010/2010_095/10171142.phase,reused,,983,,
10171162,2010,95,event_phases/2010/2010_095/10171162.phase,data/scedc/event_phases/2010/2010_095/10171162.phase,reused,,833,,
10171402,2010,95,event_phases/2010/2010_095/10171402.phase,data/scedc/event_phases/2010/2010_095/10171402.phase,reused,,533,,
10171454,2010,95,event_phases/2010/2010_095/10171454.phase,data/scedc/event_phases/2010/2010_095/10171454.phase,reused,,1658,,
10171502,2010,95,event_phases/2010/2010_095/10171502.phase,data/scedc/event_phases/2010/2010_095/10171502.phase,reused,,1358,,
10171602,2010,95,event_phases/2010/2010_095/10171602.phase,data/scedc/event_phases/2010/2010_095/10171602.phase,reused,,1058,,
10171622,2010,95,event_phases/2010/2010_095/10171622.phase,data/scedc/event_phases/2010/2010_095/10171622.phase,reused,,1733,,
10171682,2010,95,event_phases/2010/2010_095/10171682.phase,data/scedc/event_phases/2010/2010_095/10171682.phase,reused,,1433,,
10171686,2010,95,event_phases/2010/2010_095/10171686.phase,data/scedc/event_phases/2010/2010_095/10171686.phase,reused,,1508,,
10171866,2010,95,event_phases/2010/2010_095/10171866.phase,data/scedc/event_phases/2010/2010_095/10171866.phase,reused,,1058,,
10171922,2010,95,event_phases/2010/2010_095/10171922.phase,data/scedc/event_phases/2010/2010_095/10171922.phase,reused,,1133,,
10172062,2010,95,event_phases/2010/2010_095/10172062.phase,data/scedc/event_phases/2010/2010_095/10172062.phase,reused,,1058,,
10172074,2010,95,event_phases/2010/2010_095/10172074.phase,data/scedc/event_phases/2010/2010_095/10172074.phase,reused,,2033,,
10172110,2010,95,event_phases/2010/2010_095/10172110.phase,data/scedc/event_phases/2010/2010_095/10172110.phase,reused,,1508,,
10172370,2010,95,event_phases/2010/2010_095/10172370.phase,data/scedc/event_phases/2010/2010_095/10172370.phase,reused,,1358,,
10172494,2010,95,event_phases/2010/2010_095/10172494.phase,data/scedc/event_phases/2010/2010_095/10172494.phase,reused,,1058,,
10172498,2010,95,event_phases/2010/2010_095/10172498.phase,data/scedc/event_phases/2010/2010_095/10172498.phase,reused,,2558,,
10172682,2010,95,event_phases/2010/2010_095/10172682.phase,data/scedc/event_phases/2010/2010_095/10172682.phase,reused,,2108,,
10172718,2010,95,event_phases/2010/2010_095/10172718.phase,data/scedc/event_phases/2010/2010_095/10172718.phase,reused,,1058,,
10172722,2010,95,event_phases/2010/2010_095/10172722.phase,data/scedc/event_phases/2010/2010_095/10172722.phase,reused,,1058,,
10172750,2010,95,event_phases/2010/2010_095/10172750.phase,data/scedc/event_phases/2010/2010_095/10172750.phase,reused,,1133,,
10172814,2010,95,event_phases/2010/2010_095/10172814.phase,data/scedc/event_phases/2010/2010_095/10172814.phase,reused,,1133,,
10172822,2010,95,event_phases/2010/2010_095/10172822.phase,data/scedc/event_phases/2010/2010_095/10172822.phase,reused,,1583,,
10173030,2010,95,event_phases/2010/2010_095/10173030.phase,data/scedc/event_phases/2010/2010_095/10173030.phase,reused,,1808,,
10173074,2010,95,event_phases/2010/2010_095/10173074.phase,data/scedc/event_phases/2010/2010_095/10173074.phase,reused,,1733,,
10173094,2010,95,event_phases/2010/2010_095/10173094.phase,data/scedc/event_phases/2010/2010_095/10173094.phase,reused,,1883,,
10173190,2010,95,event_phases/2010/2010_095/10173190.phase,data/scedc/event_phases/2010/2010_095/10173190.phase,reused,,1883,,
10173370,2010,95,event_phases/2010/2010_095/10173370.phase,data/scedc/event_phases/2010/2010_095/10173370.phase,reused,,833,,
10173466,2010,95,event_phases/2010/2010_095/10173466.phase,data/scedc/event_phases/2010/2010_095/10173466.phase,reused,,1733,,
10173470,2010,95,event_phases/2010/2010_095/10173470.phase,data/scedc/event_phases/2010/2010_095/10173470.phase,reused,,1283,,
10173794,2010,95,event_phases/2010/2010_095/10173794.phase,data/scedc/event_phases/2010/2010_095/10173794.phase,reused,,683,,
10173994,2010,95,event_phases/2010/2010_095/10173994.phase,data/scedc/event_phases/2010/2010_095/10173994.phase,reused,,1058,,
10174030,2010,95,event_phases/2010/2010_095/10174030.phase,data/scedc/event_phases/2010/2010_095/10174030.phase,reused,,1358,,
10174046,2010,95,event_phases/2010/2010_095/10174046.phase,data/scedc/event_phases/2010/2010_095/10174046.phase,reused,,1508,,
10174086,2010,95,event_phases/2010/2010_095/10174086.phase,data/scedc/event_phases/2010/2010_095/10174086.phase,reused,,1508,,
10174102,2010,95,event_phases/2010/2010_095/10174102.phase,data/scedc/event_phases/2010/2010_095/10174102.phase,reused,,1283,,
10174282,2010,95,event_phases/2010/2010_095/10174282.phase,data/scedc/event_phases/2010/2010_095/10174282.phase,reused,,1208,,
10174330,2010,95,event_phases/2010/2010_095/10174330.phase,data/scedc/event_phases/2010/2010_095/10174330.phase,reused,,1133,,
10174374,2010,95,event_phases/2010/2010_095/10174374.phase,data/scedc/event_phases/2010/2010_095/10174374.phase,reused,,1733,,
10174462,2010,95,event_phases/2010/2010_095/10174462.phase,data/scedc/event_phases/2010/2010_095/10174462.phase,reused,,2333,,
10175550,2010,95,event_phases/2010/2010_095/10175550.phase,data/scedc/event_phases/2010/2010_095/10175550.phase,reused,,908,,
10175870,2010,95,event_phases/2010/2010_095/10175870.phase,data/scedc/event_phases/2010/2010_095/10175870.phase,reused,,1283,,
10176050,2010,95,event_phases/2010/2010_095/10176050.phase,data/scedc/event_phases/2010/2010_095/10176050.phase,reused,,1133,,
10176310,2010,95,event_phases/2010/2010_095/10176310.phase,data/scedc/event_phases/2010/2010_095/10176310.phase,reused,,1133,,
10176870,2010,95,event_phases/2010/2010_095/10176870.phase,data/scedc/event_phases/2010/2010_095/10176870.phase,reused,,1808,,
10177010,2010,95,event_phases/2010/2010_095/10177010.phase,data/scedc/event_phases/2010/2010_095/10177010.phase,reused,,908,,
10177190,2010,95,event_phases/2010/2010_095/10177190.phase,data/scedc/event_phases/2010/2010_095/10177190.phase,reused,,1583,,
10177390,2010,95,event_phases/2010/2010_095/10177390.phase,data/scedc/event_phases/2010/2010_095/10177390.phase,reused,,1058,,
10177610,2010,95,event_phases/2010/2010_095/10177610.phase,data/scedc/event_phases/2010/2010_095/10177610.phase,reused,,1058,,
10177730,2010,95,event_phases/2010/2010_095/10177730.phase,data/scedc/event_phases/2010/2010_095/10177730.phase,reused,,1358,,
10177750,2010,95,event_phases/2010/2010_095/10177750.phase,data/scedc/event_phases/2010/2010_095/10177750.phase,reused,,1433,,
10178030,2010,95,event_phases/2010/2010_095/10178030.phase,data/scedc/event_phases/2010/2010_095/10178030.phase,reused,,1283,,
10178050,2010,95,event_phases/2010/2010_095/10178050.phase,data/scedc/event_phases/2010/2010_095/10178050.phase,reused,,1208,,
10178110,2010,95,event_phases/2010/2010_095/10178110.phase,data/scedc/event_phases/2010/2010_095/10178110.phase,reused,,1808,,
10178850,2010,95,event_phases/2010/2010_095/10178850.phase,data/scedc/event_phases/2010/2010_095/10178850.phase,reused,,1658,,
10178970,2010,95,event_phases/2010/2010_095/10178970.phase,data/scedc/event_phases/2010/2010_095/10178970.phase,reused,,833,,
10179030,2010,95,event_phases/2010/2010_095/10179030.phase,data/scedc/event_phases/2010/2010_095/10179030.phase,reused,,1283,,
10179190,2010,95,event_phases/2010/2010_095/10179190.phase,data/scedc/event_phases/2010/2010_095/10179190.phase,reused,,833,,
10179370,2010,95,event_phases/2010/2010_095/10179370.phase,data/scedc/event_phases/2010/2010_095/10179370.phase,reused,,2108,,
10179434,2010,95,event_phases/2010/2010_095/10179434.phase,data/scedc/event_phases/2010/2010_095/10179434.phase,reused,,1808,,
10179470,2010,95,event_phases/2010/2010_095/10179470.phase,data/scedc/event_phases/2010/2010_095/10179470.phase,reused,,1058,,
10179550,2010,95,event_phases/2010/2010_095/10179550.phase,data/scedc/event_phases/2010/2010_095/10179550.phase,reused,,4058,,
10179610,2010,95,event_phases/2010/2010_095/10179610.phase,data/scedc/event_phases/2010/2010_095/10179610.phase,reused,,1283,,
10180090,2010,95,event_phases/2010/2010_095/10180090.phase,data/scedc/event_phases/2010/2010_095/10180090.phase,reused,,1208,,
10180190,2010,95,event_phases/2010/2010_095/10180190.phase,data/scedc/event_phases/2010/2010_095/10180190.phase,reused,,1208,,
10180270,2010,95,event_phases/2010/2010_095/10180270.phase,data/scedc/event_phases/2010/2010_095/10180270.phase,reused,,1358,,
10180310,2010,95,event_phases/2010/2010_095/10180310.phase,data/scedc/event_phases/2010/2010_095/10180310.phase,reused,,833,,
10181150,2010,95,event_phases/2010/2010_095/10181150.phase,data/scedc/event_phases/2010/2010_095/10181150.phase,reused,,1208,,
10181190,2010,95,event_phases/2010/2010_095/10181190.phase,data/scedc/event_phases/2010/2010_095/10181190.phase,reused,,1433,,
10181410,2010,95,event_phases/2010/2010_095/10181410.phase,data/scedc/event_phases/2010/2010_095/10181410.phase,reused,,683,,
10181510,2010,95,event_phases/2010/2010_095/10181510.phase,data/scedc/event_phases/2010/2010_095/10181510.phase,reused,,2933,,
10181530,2010,95,event_phases/2010/2010_095/10181530.phase,data/scedc/event_phases/2010/2010_095/10181530.phase,reused,,1583,,
10181610,2010,95,event_phases/2010/2010_095/10181610.phase,data/scedc/event_phases/2010/2010_095/10181610.phase,reused,,1883,,
10181730,2010,95,event_phases/2010/2010_095/10181730.phase,data/scedc/event_phases/2010/2010_095/10181730.phase,reused,,833,,
10182170,2010,95,event_phases/2010/2010_095/10182170.phase,data/scedc/event_phases/2010/2010_095/10182170.phase,reused,,1133,,
10182550,2010,95,event_phases/2010/2010_095/10182550.phase,data/scedc/event_phases/2010/2010_095/10182550.phase,reused,,1283,,
10182570,2010,95,event_phases/2010/2010_095/10182570.phase,data/scedc/event_phases/2010/2010_095/10182570.phase,reused,,1583,,
10183050,2010,95,event_phases/2010/2010_095/10183050.phase,data/scedc/event_phases/2010/2010_095/10183050.phase,reused,,1208,,
10183090,2010,95,event_phases/2010/2010_095/10183090.phase,data/scedc/event_phases/2010/2010_095/10183090.phase,reused,,908,,
14608188,2010,95,event_phases/2010/2010_095/14608188.phase,data/scedc/event_phases/2010/2010_095/14608188.phase,reused,,1883,,
14608204,2010,95,event_phases/2010/2010_095/14608204.phase,data/scedc/event_phases/2010/2010_095/14608204.phase,reused,,2933,,
14608212,2010,95,event_phases/2010/2010_095/14608212.phase,data/scedc/event_phases/2010/2010_095/14608212.phase,reused,,2033,,
14608228,2010,95,event_phases/2010/2010_095/14608228.phase,data/scedc/event_phases/2010/2010_095/14608228.phase,reused,,2783,,
14608236,2010,95,event_phases/2010/2010_095/14608236.phase,data/scedc/event_phases/2010/2010_095/14608236.phase,reused,,3458,,
14608244,2010,95,event_phases/2010/2010_095/14608244.phase,data/scedc/event_phases/2010/2010_095/14608244.phase,reused,,3008,,
14608252,2010,95,event_phases/2010/2010_095/14608252.phase,data/scedc/event_phases/2010/2010_095/14608252.phase,reused,,1283,,
14608268,2010,95,event_phases/2010/2010_095/14608268.phase,data/scedc/event_phases/2010/2010_095/14608268.phase,reused,,2558,,
14608276,2010,95,event_phases/2010/2010_095/14608276.phase,data/scedc/event_phases/2010/2010_095/14608276.phase,reused,,2183,,
14608284,2010,95,event_phases/2010/2010_095/14608284.phase,data/scedc/event_phases/2010/2010_095/14608284.phase,reused,,2558,,
14608292,2010,95,event_phases/2010/2010_095/14608292.phase,data/scedc/event_phases/2010/2010_095/14608292.phase,reused,,2708,,
14608308,2010,95,event_phases/2010/2010_095/14608308.phase,data/scedc/event_phases/2010/2010_095/14608308.phase,reused,,3908,,
14608332,2010,95,event_phases/2010/2010_095/14608332.phase,data/scedc/event_phases/2010/2010_095/14608332.phase,reused,,1883,,
14608404,2010,95,event_phases/2010/2010_095/14608404.phase,data/scedc/event_phases/2010/2010_095/14608404.phase,reused,,4058,,
14608420,2010,95,event_phases/2010/2010_095/14608420.phase,data/scedc/event_phases/2010/2010_095/14608420.phase,reused,,3008,,
14608428,2010,95,event_phases/2010/2010_095/14608428.phase,data/scedc/event_phases/2010/2010_095/14608428.phase,reused,,3458,,
14608452,2010,95,event_phases/2010/2010_095/14608452.phase,data/scedc/event_phases/2010/2010_095/14608452.phase,reused,,2933,,
14608468,2010,95,event_phases/2010/2010_095/14608468.phase,data/scedc/event_phases/2010/2010_095/14608468.phase,reused,,3758,,
14608484,2010,95,event_phases/2010/2010_095/14608484.phase,data/scedc/event_phases/2010/2010_095/14608484.phase,reused,,1883,,
14608492,2010,95,event_phases/2010/2010_095/14608492.phase,data/scedc/event_phases/2010/2010_095/14608492.phase,reused,,2033,,
14608532,2010,95,event_phases/2010/2010_095/14608532.phase,data/scedc/event_phases/2010/2010_095/14608532.phase,reused,,2858,,
14608612,2010,95,event_phases/2010/2010_095/14608612.phase,data/scedc/event_phases/2010/2010_095/14608612.phase,reused,,2933,,
14608644,2010,95,event_phases/2010/2010_095/14608644.phase,data/scedc/event_phases/2010/2010_095/14608644.phase,reused,,2483,,
14608660,2010,95,event_phases/2010/2010_095/14608660.phase,data/scedc/event_phases/2010/2010_095/14608660.phase,reused,,1508,,
14608692,2010,95,event_phases/2010/2010_095/14608692.phase,data/scedc/event_phases/2010/2010_095/14608692.phase,reused,,2633,,
14608700,2010,95,event_phases/2010/2010_095/14608700.phase,data/scedc/event_phases/2010/2010_095/14608700.phase,reused,,1808,,
14608732,2010,95,event_phases/2010/2010_095/14608732.phase,data/scedc/event_phases/2010/2010_095/14608732.phase,reused,,1883,,
14608740,2010,95,event_phases/2010/2010_095/14608740.phase,data/scedc/event_phases/2010/2010_095/14608740.phase,reused,,4808,,
14608748,2010,95,event_phases/2010/2010_095/14608748.phase,data/scedc/event_phases/2010/2010_095/14608748.phase,reused,,3083,,
14608780,2010,95,event_phases/2010/2010_095/14608780.phase,data/scedc/event_phases/2010/2010_095/14608780.phase,reused,,2558,,
14608804,2010,95,event_phases/2010/2010_095/14608804.phase,data/scedc/event_phases/2010/2010_095/14608804.phase,reused,,3683,,
14608812,2010,95,event_phases/2010/2010_095/14608812.phase,data/scedc/event_phases/2010/2010_095/14608812.phase,reused,,3308,,
14608828,2010,95,event_phases/2010/2010_095/14608828.phase,data/scedc/event_phases/2010/2010_095/14608828.phase,reused,,2333,,
14608836,2010,95,event_phases/2010/2010_095/14608836.phase,data/scedc/event_phases/2010/2010_095/14608836.phase,reused,,4133,,
14608844,2010,95,event_phases/2010/2010_095/14608844.phase,data/scedc/event_phases/2010/2010_095/14608844.phase,reused,,1883,,
14608884,2010,95,event_phases/2010/2010_095/14608884.phase,data/scedc/event_phases/2010/2010_095/14608884.phase,reused,,7508,,
14608908,2010,95,event_phases/2010/2010_095/14608908.phase,data/scedc/event_phases/2010/2010_095/14608908.phase,reused,,2183,,
14608916,2010,95,event_phases/2010/2010_095/14608916.phase,data/scedc/event_phases/2010/2010_095/14608916.phase,reused,,3158,,
14608932,2010,95,event_phases/2010/2010_095/14608932.phase,data/scedc/event_phases/2010/2010_095/14608932.phase,reused,,1283,,
14608956,2010,95,event_phases/2010/2010_095/14608956.phase,data/scedc/event_phases/2010/2010_095/14608956.phase,reused,,5033,,
14608980,2010,95,event_phases/2010/2010_095/14608980.phase,data/scedc/event_phases/2010/2010_095/14608980.phase,reused,,4883,,
14608996,2010,95,event_phases/2010/2010_095/14608996.phase,data/scedc/event_phases/2010/2010_095/14608996.phase,reused,,683,,
14609012,2010,95,event_phases/2010/2010_095/14609012.phase,data/scedc/event_phases/2010/2010_095/14609012.phase,reused,,2258,,
14609044,2010,95,event_phases/2010/2010_095/14609044.phase,data/scedc/event_phases/2010/2010_095/14609044.phase,reused,,2558,,
14609052,2010,95,event_phases/2010/2010_095/14609052.phase,data/scedc/event_phases/2010/2010_095/14609052.phase,reused,,1508,,
14609116,2010,95,event_phases/2010/2010_095/14609116.phase,data/scedc/event_phases/2010/2010_095/14609116.phase,reused,,1583,,
14609140,2010,95,event_phases/2010/2010_095/14609140.phase,data/scedc/event_phases/2010/2010_095/14609140.phase,reused,,1133,,
14609212,2010,95,event_phases/2010/2010_095/14609212.phase,data/scedc/event_phases/2010/2010_095/14609212.phase,reused,,1583,,
14609228,2010,95,event_phases/2010/2010_095/14609228.phase,data/scedc/event_phases/2010/2010_095/14609228.phase,reused,,4058,,
14609268,2010,95,event_phases/2010/2010_095/14609268.phase,data/scedc/event_phases/2010/2010_095/14609268.phase,reused,,3758,,
14609348,2010,95,event_phases/2010/2010_095/14609348.phase,data/scedc/event_phases/2010/2010_095/14609348.phase,reused,,2633,,
14609364,2010,95,event_phases/2010/2010_095/14609364.phase,data/scedc/event_phases/2010/2010_095/14609364.phase,reused,,2108,,
14609436,2010,95,event_phases/2010/2010_095/14609436.phase,data/scedc/event_phases/2010/2010_095/14609436.phase,reused,,2933,,
14609500,2010,95,event_phases/2010/2010_095/14609500.phase,data/scedc/event_phases/2010/2010_095/14609500.phase,reused,,4883,,
14609516,2010,95,event_phases/2010/2010_095/14609516.phase,data/scedc/event_phases/2010/2010_095/14609516.phase,reused,,1883,,
14609540,2010,95,event_phases/2010/2010_095/14609540.phase,data/scedc/event_phases/2010/2010_095/14609540.phase,reused,,3083,,
14609548,2010,95,event_phases/2010/2010_095/14609548.phase,data/scedc/event_phases/2010/2010_095/14609548.phase,reused,,6308,,
14609556,2010,95,event_phases/2010/2010_095/14609556.phase,data/scedc/event_phases/2010/2010_095/14609556.phase,reused,,3833,,
14609572,2010,95,event_phases/2010/2010_095/14609572.phase,data/scedc/event_phases/2010/2010_095/14609572.phase,reused,,4283,,
14609604,2010,95,event_phases/2010/2010_095/14609604.phase,data/scedc/event_phases/2010/2010_095/14609604.phase,reused,,4508,,
14609788,2010,95,event_phases/2010/2010_095/14609788.phase,data/scedc/event_phases/2010/2010_095/14609788.phase,reused,,4358,,
14609820,2010,95,event_phases/2010/2010_095/14609820.phase,data/scedc/event_phases/2010/2010_095/14609820.phase,reused,,1208,,
14609924,2010,95,event_phases/2010/2010_095/14609924.phase,data/scedc/event_phases/2010/2010_095/14609924.phase,reused,,3608,,
14609932,2010,95,event_phases/2010/2010_095/14609932.phase,data/scedc/event_phases/2010/2010_095/14609932.phase,reused,,2258,,
14609988,2010,95,event_phases/2010/2010_095/14609988.phase,data/scedc/event_phases/2010/2010_095/14609988.phase,reused,,5333,,
14610068,2010,95,event_phases/2010/2010_095/14610068.phase,data/scedc/event_phases/2010/2010_095/14610068.phase,reused,,2633,,
14610100,2010,95,event_phases/2010/2010_095/14610100.phase,data/scedc/event_phases/2010/2010_095/14610100.phase,reused,,4808,,
14610108,2010,95,event_phases/2010/2010_095/14610108.phase,data/scedc/event_phases/2010/2010_095/14610108.phase,reused,,3533,,
14610140,2010,95,event_phases/2010/2010_095/14610140.phase,data/scedc/event_phases/2010/2010_095/14610140.phase,reused,,1733,,
14610148,2010,95,event_phases/2010/2010_095/14610148.phase,data/scedc/event_phases/2010/2010_095/14610148.phase,reused,,3533,,
14610172,2010,95,event_phases/2010/2010_095/14610172.phase,data/scedc/event_phases/2010/2010_095/14610172.phase,reused,,5033,,
14610188,2010,95,event_phases/2010/2010_095/14610188.phase,data/scedc/event_phases/2010/2010_095/14610188.phase,reused,,2558,,
14610196,2010,95,event_phases/2010/2010_095/14610196.phase,data/scedc/event_phases/2010/2010_095/14610196.phase,reused,,2933,,
14610212,2010,95,event_phases/2010/2010_095/14610212.phase,data/scedc/event_phases/2010/2010_095/14610212.phase,reused,,1358,,
14610228,2010,95,event_phases/2010/2010_095/14610228.phase,data/scedc/event_phases/2010/2010_095/14610228.phase,reused,,1883,,
14610260,2010,95,event_phases/2010/2010_095/14610260.phase,data/scedc/event_phases/2010/2010_095/14610260.phase,reused,,1433,,
14610268,2010,95,event_phases/2010/2010_095/14610268.phase,data/scedc/event_phases/2010/2010_095/14610268.phase,reused,,1733,,
14610316,2010,95,event_phases/2010/2010_095/14610316.phase,data/scedc/event_phases/2010/2010_095/14610316.phase,reused,,2783,,
14610332,2010,95,event_phases/2010/2010_095/14610332.phase,data/scedc/event_phases/2010/2010_095/14610332.phase,reused,,6608,,
14610356,2010,95,event_phases/2010/2010_095/14610356.phase,data/scedc/event_phases/2010/2010_095/14610356.phase,reused,,2558,,
14610428,2010,95,event_phases/2010/2010_095/14610428.phase,data/scedc/event_phases/2010/2010_095/14610428.phase,reused,,4133,,
14610476,2010,95,event_phases/2010/2010_095/14610476.phase,data/scedc/event_phases/2010/2010_095/14610476.phase,reused,,3458,,
14610604,2010,95,event_phases/2010/2010_095/14610604.phase,data/scedc/event_phases/2010/2010_095/14610604.phase,reused,,1958,,
14610612,2010,95,event_phases/2010/2010_095/14610612.phase,data/scedc/event_phases/2010/2010_095/14610612.phase,reused,,2183,,
14610652,2010,95,event_phases/2010/2010_095/14610652.phase,data/scedc/event_phases/2010/2010_095/14610652.phase,reused,,2558,,
14610660,2010,95,event_phases/2010/2010_095/14610660.phase,data/scedc/event_phases/2010/2010_095/14610660.phase,reused,,3983,,
14610732,2010,95,event_phases/2010/2010_095/14610732.phase,data/scedc/event_phases/2010/2010_095/14610732.phase,reused,,1508,,
14610748,2010,95,event_phases/2010/2010_095/14610748.phase,data/scedc/event_phases/2010/2010_095/14610748.phase,reused,,6833,,
14610796,2010,95,event_phases/2010/2010_095/14610796.phase,data/scedc/event_phases/2010/2010_095/14610796.phase,reused,,2558,,
14610844,2010,95,event_phases/2010/2010_095/14610844.phase,data/scedc/event_phases/2010/2010_095/14610844.phase,reused,,2183,,
14610868,2010,95,event_phases/2010/2010_095/14610868.phase,data/scedc/event_phases/2010/2010_095/14610868.phase,reused,,6683,,
14610948,2010,95,event_phases/2010/2010_095/14610948.phase,data/scedc/event_phases/2010/2010_095/14610948.phase,reused,,1883,,
14610996,2010,95,event_phases/2010/2010_095/14610996.phase,data/scedc/event_phases/2010/2010_095/14610996.phase,reused,,6008,,
14611076,2010,95,event_phases/2010/2010_095/14611076.phase,data/scedc/event_phases/2010/2010_095/14611076.phase,reused,,1733,,
14611180,2010,95,event_phases/2010/2010_095/14611180.phase,data/scedc/event_phases/2010/2010_095/14611180.phase,reused,,5108,,
14611212,2010,95,event_phases/2010/2010_095/14611212.phase,data/scedc/event_phases/2010/2010_095/14611212.phase,reused,,2708,,
14611244,2010,95,event_phases/2010/2010_095/14611244.phase,data/scedc/event_phases/2010/2010_095/14611244.phase,reused,,1883,,
14611260,2010,95,event_phases/2010/2010_095/14611260.phase,data/scedc/event_phases/2010/2010_095/14611260.phase,reused,,833,,
14611332,2010,95,event_phases/2010/2010_095/14611332.phase,data/scedc/event_phases/2010/2010_095/14611332.phase,reused,,3083,,
14611572,2010,95,event_phases/2010/2010_095/14611572.phase,data/scedc/event_phases/2010/2010_095/14611572.phase,reused,,1733,,
14611620,2010,95,event_phases/2010/2010_095/14611620.phase,data/scedc/event_phases/2010/2010_095/14611620.phase,reused,,1583,,
14611652,2010,95,event_phases/2010/2010_095/14611652.phase,data/scedc/event_phases/2010/2010_095/14611652.phase,reused,,4508,,
14611700,2010,95,event_phases/2010/2010_095/14611700.phase,data/scedc/event_phases/2010/2010_095/14611700.phase,reused,,2258,,
14611724,2010,95,event_phases/2010/2010_095/14611724.phase,data/scedc/event_phases/2010/2010_095/14611724.phase,reused,,1433,,
14611740,2010,95,event_phases/2010/2010_095/14611740.phase,data/scedc/event_phases/2010/2010_095/14611740.phase,reused,,4433,,
14611764,2010,95,event_phases/2010/2010_095/14611764.phase,data/scedc/event_phases/2010/2010_095/14611764.phase,reused,,2633,,
14611780,2010,95,event_phases/2010/2010_095/14611780.phase,data/scedc/event_phases/2010/2010_095/14611780.phase,reused,,3083,,
14611812,2010,95,event_phases/2010/2010_095/14611812.phase,data/scedc/event_phases/2010/2010_095/14611812.phase,reused,,3008,,
14611836,2010,95,event_phases/2010/2010_095/14611836.phase,data/scedc/event_phases/2010/2010_095/14611836.phase,reused,,1583,,
14611884,2010,95,event_phases/2010/2010_095/14611884.phase,data/scedc/event_phases/2010/2010_095/14611884.phase,reused,,2108,,
14611900,2010,95,event_phases/2010/2010_095/14611900.phase,data/scedc/event_phases/2010/2010_095/14611900.phase,reused,,3983,,
14611924,2010,95,event_phases/2010/2010_095/14611924.phase,data/scedc/event_phases/2010/2010_095/14611924.phase,reused,,2708,,
14611964,2010,95,event_phases/2010/2010_095/14611964.phase,data/scedc/event_phases/2010/2010_095/14611964.phase,reused,,2783,,
14612004,2010,95,event_phases/2010/2010_095/14612004.phase,data/scedc/event_phases/2010/2010_095/14612004.phase,reused,,2033,,
14612036,2010,95,event_phases/2010/2010_095/14612036.phase,data/scedc/event_phases/2010/2010_095/14612036.phase,reused,,1733,,
14612076,2010,95,event_phases/2010/2010_095/14612076.phase,data/scedc/event_phases/2010/2010_095/14612076.phase,reused,,1058,,
14612108,2010,95,event_phases/2010/2010_095/14612108.phase,data/scedc/event_phases/2010/2010_095/14612108.phase,reused,,2558,,
14612124,2010,95,event_phases/2010/2010_095/14612124.phase,data/scedc/event_phases/2010/2010_095/14612124.phase,reused,,5033,,
14612132,2010,95,event_phases/2010/2010_095/14612132.phase,data/scedc/event_phases/2010/2010_095/14612132.phase,reused,,1808,,
14612172,2010,95,event_phases/2010/2010_095/14612172.phase,data/scedc/event_phases/2010/2010_095/14612172.phase,reused,,7433,,
14612188,2010,95,event_phases/2010/2010_095/14612188.phase,data/scedc/event_phases/2010/2010_095/14612188.phase,reused,,1958,,
14612196,2010,95,event_phases/2010/2010_095/14612196.phase,data/scedc/event_phases/2010/2010_095/14612196.phase,reused,,2483,,
14612244,2010,95,event_phases/2010/2010_095/14612244.phase,data/scedc/event_phases/2010/2010_095/14612244.phase,reused,,2333,,
14612268,2010,95,event_phases/2010/2010_095/14612268.phase,data/scedc/event_phases/2010/2010_095/14612268.phase,reused,,1283,,
14612308,2010,95,event_phases/2010/2010_095/14612308.phase,data/scedc/event_phases/2010/2010_095/14612308.phase,reused,,1508,,
14612324,2010,95,event_phases/2010/2010_095/14612324.phase,data/scedc/event_phases/2010/2010_095/14612324.phase,reused,,6008,,
14612364,2010,95,event_phases/2010/2010_095/14612364.phase,data/scedc/event_phases/2010/2010_095/14612364.phase,reused,,4808,,
14612372,2010,95,event_phases/2010/2010_095/14612372.phase,data/scedc/event_phases/2010/2010_095/14612372.phase,reused,,7283,,
14612388,2010,95,event_phases/2010/2010_095/14612388.phase,data/scedc/event_phases/2010/2010_095/14612388.phase,reused,,4883,,
14612396,2010,95,event_phases/2010/2010_095/14612396.phase,data/scedc/event_phases/2010/2010_095/14612396.phase,reused,,1733,,
14612452,2010,95,event_phases/2010/2010_095/14612452.phase,data/scedc/event_phases/2010/2010_095/14612452.phase,reused,,2108,,
14612508,2010,95,event_phases/2010/2010_095/14612508.phase,data/scedc/event_phases/2010/2010_095/14612508.phase,reused,,1883,,
14612532,2010,95,event_phases/2010/2010_095/14612532.phase,data/scedc/event_phases/2010/2010_095/14612532.phase,reused,,5258,,
14612548,2010,95,event_phases/2010/2010_095/14612548.phase,data/scedc/event_phases/2010/2010_095/14612548.phase,reused,,3983,,
14612588,2010,95,event_phases/2010/2010_095/14612588.phase,data/scedc/event_phases/2010/2010_095/14612588.phase,reused,,2708,,
14612596,2010,95,event_phases/2010/2010_095/14612596.phase,data/scedc/event_phases/2010/2010_095/14612596.phase,reused,,4508,,
14612652,2010,95,event_phases/2010/2010_095/14612652.phase,data/scedc/event_phases/2010/2010_095/14612652.phase,reused,,5933,,
14612708,2010,95,event_phases/2010/2010_095/14612708.phase,data/scedc/event_phases/2010/2010_095/14612708.phase,reused,,5333,,
14612780,2010,95,event_phases/2010/2010_095/14612780.phase,data/scedc/event_phases/2010/2010_095/14612780.phase,reused,,5108,,
14612812,2010,95,event_phases/2010/2010_095/14612812.phase,data/scedc/event_phases/2010/2010_095/14612812.phase,reused,,2033,,
14612828,2010,95,event_phases/2010/2010_095/14612828.phase,data/scedc/event_phases/2010/2010_095/14612828.phase,reused,,3083,,
14612868,2010,95,event_phases/2010/2010_095/14612868.phase,data/scedc/event_phases/2010/2010_095/14612868.phase,reused,,2933,,
14612964,2010,95,event_phases/2010/2010_095/14612964.phase,data/scedc/event_phases/2010/2010_095/14612964.phase,reused,,2333,,
14612988,2010,95,event_phases/2010/2010_095/14612988.phase,data/scedc/event_phases/2010/2010_095/14612988.phase,reused,,4508,,
14612996,2010,95,event_phases/2010/2010_095/14612996.phase,data/scedc/event_phases/2010/2010_095/14612996.phase,reused,,6383,,
14613060,2010,95,event_phases/2010/2010_095/14613060.phase,data/scedc/event_phases/2010/2010_095/14613060.phase,reused,,4058,,
14613076,2010,95,event_phases/2010/2010_095/14613076.phase,data/scedc/event_phases/2010/2010_095/14613076.phase,reused,,1358,,
14613084,2010,95,event_phases/2010/2010_095/14613084.phase,data/scedc/event_phases/2010/2010_095/14613084.phase,reused,,4283,,
14613116,2010,95,event_phases/2010/2010_095/14613116.phase,data/scedc/event_phases/2010/2010_095/14613116.phase,reused,,1583,,
14613188,2010,95,event_phases/2010/2010_095/14613188.phase,data/scedc/event_phases/2010/2010_095/14613188.phase,reused,,1733,,
14613204,2010,95,event_phases/2010/2010_095/14613204.phase,data/scedc/event_phases/2010/2010_095/14613204.phase,reused,,2183,,
14613292,2010,95,event_phases/2010/2010_095/14613292.phase,data/scedc/event_phases/2010/2010_095/14613292.phase,reused,,1733,,
14613300,2010,95,event_phases/2010/2010_095/14613300.phase,data/scedc/event_phases/2010/2010_095/14613300.phase,reused,,1358,,
14613348,2010,95,event_phases/2010/2010_095/14613348.phase,data/scedc/event_phases/2010/2010_095/14613348.phase,reused,,2033,,
14613364,2010,95,event_phases/2010/2010_095/14613364.phase,data/scedc/event_phases/2010/2010_095/14613364.phase,reused,,3308,,
14613420,2010,95,event_phases/2010/2010_095/14613420.phase,data/scedc/event_phases/2010/2010_095/14613420.phase,reused,,5933,,
14613460,2010,95,event_phases/2010/2010_095/14613460.phase,data/scedc/event_phases/2010/2010_095/14613460.phase,reused,,1358,,
14613492,2010,95,event_phases/2010/2010_095/14613492.phase,data/scedc/event_phases/2010/2010_095/14613492.phase,reused,,5933,,
14613588,2010,95,event_phases/2010/2010_095/14613588.phase,data/scedc/event_phases/2010/2010_095/14613588.phase,reused,,5933,,
14613596,2010,95,event_phases/2010/2010_095/14613596.phase,data/scedc/event_phases/2010/2010_095/14613596.phase,reused,,2783,,
14613620,2010,95,event_phases/2010/2010_095/14613620.phase,data/scedc/event_phases/2010/2010_095/14613620.phase,reused,,7508,,
14613700,2010,95,event_phases/2010/2010_095/14613700.phase,data/scedc/event_phases/2010/2010_095/14613700.phase,reused,,6758,,
14613732,2010,95,event_phases/2010/2010_095/14613732.phase,data/scedc/event_phases/2010/2010_095/14613732.phase,reused,,3308,,
14613796,2010,95,event_phases/2010/2010_095/14613796.phase,data/scedc/event_phases/2010/2010_095/14613796.phase,reused,,1433,,
14613804,2010,95,event_phases/2010/2010_095/14613804.phase,data/scedc/event_phases/2010/2010_095/14613804.phase,reused,,6383,,
14613860,2010,95,event_phases/2010/2010_095/14613860.phase,data/scedc/event_phases/2010/2010_095/14613860.phase,reused,,5333,,
14613932,2010,95,event_phases/2010/2010_095/14613932.phase,data/scedc/event_phases/2010/2010_095/14613932.phase,reused,,2858,,
14613940,2010,95,event_phases/2010/2010_095/14613940.phase,data/scedc/event_phases/2010/2010_095/14613940.phase,reused,,7133,,
14613964,2010,95,event_phases/2010/2010_095/14613964.phase,data/scedc/event_phases/2010/2010_095/14613964.phase,reused,,983,,
14614020,2010,95,event_phases/2010/2010_095/14614020.phase,data/scedc/event_phases/2010/2010_095/14614020.phase,reused,,1808,,
14614028,2010,95,event_phases/2010/2010_095/14614028.phase,data/scedc/event_phases/2010/2010_095/14614028.phase,reused,,6608,,
14614036,2010,95,event_phases/2010/2010_095/14614036.phase,data/scedc/event_phases/2010/2010_095/14614036.phase,reused,,2183,,
14614044,2010,95,event_phases/2010/2010_095/14614044.phase,data/scedc/event_phases/2010/2010_095/14614044.phase,reused,,5183,,
14614052,2010,95,event_phases/2010/2010_095/14614052.phase,data/scedc/event_phases/2010/2010_095/14614052.phase,reused,,4358,,
14614068,2010,95,event_phases/2010/2010_095/14614068.phase,data/scedc/event_phases/2010/2010_095/14614068.phase,reused,,2708,,
14614092,2010,95,event_phases/2010/2010_095/14614092.phase,data/scedc/event_phases/2010/2010_095/14614092.phase,reused,,6308,,
14614188,2010,95,event_phases/2010/2010_095/14614188.phase,data/scedc/event_phases/2010/2010_095/14614188.phase,reused,,6758,,
14614228,2010,95,event_phases/2010/2010_095/14614228.phase,data/scedc/event_phases/2010/2010_095/14614228.phase,reused,,3983,,
14614300,2010,95,event_phases/2010/2010_095/14614300.phase,data/scedc/event_phases/2010/2010_095/14614300.phase,reused,,5558,,
14614500,2010,95,event_phases/2010/2010_095/14614500.phase,data/scedc/event_phases/2010/2010_095/14614500.phase,reused,,4583,,
14614580,2010,95,event_phases/2010/2010_095/14614580.phase,data/scedc/event_phases/2010/2010_095/14614580.phase,reused,,4133,,
14614668,2010,95,event_phases/2010/2010_095/14614668.phase,data/scedc/event_phases/2010/2010_095/14614668.phase,reused,,6233,,
14614684,2010,95,event_phases/2010/2010_095/14614684.phase,data/scedc/event_phases/2010/2010_095/14614684.phase,reused,,6158,,
14614692,2010,95,event_phases/2010/2010_095/14614692.phase,data/scedc/event_phases/2010/2010_095/14614692.phase,reused,,2483,,
14614700,2010,95,event_phases/2010/2010_095/14614700.phase,data/scedc/event_phases/2010/2010_095/14614700.phase,reused,,4658,,
14614708,2010,95,event_phases/2010/2010_095/14614708.phase,data/scedc/event_phases/2010/2010_095/14614708.phase,reused,,1658,,
14614772,2010,95,event_phases/2010/2010_095/14614772.phase,data/scedc/event_phases/2010/2010_095/14614772.phase,reused,,1433,,
14614796,2010,95,event_phases/2010/2010_095/14614796.phase,data/scedc/event_phases/2010/2010_095/14614796.phase,reused,,4058,,
14614924,2010,95,event_phases/2010/2010_095/14614924.phase,data/scedc/event_phases/2010/2010_095/14614924.phase,reused,,2033,,
14614940,2010,95,event_phases/2010/2010_095/14614940.phase,data/scedc/event_phases/2010/2010_095/14614940.phase,reused,,2558,,
14614948,2010,95,event_phases/2010/2010_095/14614948.phase,data/scedc/event_phases/2010/2010_095/14614948.phase,reused,,1958,,
14615044,2010,95,event_phases/2010/2010_095/14615044.phase,data/scedc/event_phases/2010/2010_095/14615044.phase,reused,,1283,,
14615084,2010,95,event_phases/2010/2010_095/14615084.phase,data/scedc/event_phases/2010/2010_095/14615084.phase,reused,,1058,,
14615180,2010,95,event_phases/2010/2010_095/14615180.phase,data/scedc/event_phases/2010/2010_095/14615180.phase,reused,,1733,,
14615212,2010,95,event_phases/2010/2010_095/14615212.phase,data/scedc/event_phases/2010/2010_095/14615212.phase,reused,,7358,,
14615252,2010,95,event_phases/2010/2010_095/14615252.phase,data/scedc/event_phases/2010/2010_095/14615252.phase,reused,,5783,,
14615276,2010,95,event_phases/2010/2010_095/14615276.phase,data/scedc/event_phases/2010/2010_095/14615276.phase,reused,,4733,,
14615284,2010,95,event_phases/2010/2010_095/14615284.phase,data/scedc/event_phases/2010/2010_095/14615284.phase,reused,,1808,,
14615332,2010,95,event_phases/2010/2010_095/14615332.phase,data/scedc/event_phases/2010/2010_095/14615332.phase,reused,,4058,,
14615356,2010,95,event_phases/2010/2010_095/14615356.phase,data/scedc/event_phases/2010/2010_095/14615356.phase,reused,,3533,,
14615372,2010,95,event_phases/2010/2010_095/14615372.phase,data/scedc/event_phases/2010/2010_095/14615372.phase,reused,,5783,,
14615404,2010,95,event_phases/2010/2010_095/14615404.phase,data/scedc/event_phases/2010/2010_095/14615404.phase,reused,,3308,,
14615460,2010,95,event_phases/2010/2010_095/14615460.phase,data/scedc/event_phases/2010/2010_095/14615460.phase,reused,,3383,,
14615468,2010,95,event_phases/2010/2010_095/14615468.phase,data/scedc/event_phases/2010/2010_095/14615468.phase,reused,,1208,,
14615484,2010,95,event_phases/2010/2010_095/14615484.phase,data/scedc/event_phases/2010/2010_095/14615484.phase,reused,,983,,
14615596,2010,95,event_phases/2010/2010_095/14615596.phase,data/scedc/event_phases/2010/2010_095/14615596.phase,reused,,4883,,
14615620,2010,95,event_phases/2010/2010_095/14615620.phase,data/scedc/event_phases/2010/2010_095/14615620.phase,reused,,1808,,
14615636,2010,95,event_phases/2010/2010_095/14615636.phase,data/scedc/event_phases/2010/2010_095/14615636.phase,reused,,6008,,
14615652,2010,95,event_phases/2010/2010_095/14615652.phase,data/scedc/event_phases/2010/2010_095/14615652.phase,reused,,7583,,
14615668,2010,95,event_phases/2010/2010_095/14615668.phase,data/scedc/event_phases/2010/2010_095/14615668.phase,reused,,3533,,
14615676,2010,95,event_phases/2010/2010_095/14615676.phase,data/scedc/event_phases/2010/2010_095/14615676.phase,reused,,4358,,
14615724,2010,95,event_phases/2010/2010_095/14615724.phase,data/scedc/event_phases/2010/2010_095/14615724.phase,reused,,1433,,
14615748,2010,95,event_phases/2010/2010_095/14615748.phase,data/scedc/event_phases/2010/2010_095/14615748.phase,reused,,1733,,
14615756,2010,95,event_phases/2010/2010_095/14615756.phase,data/scedc/event_phases/2010/2010_095/14615756.phase,reused,,4883,,
14615788,2010,95,event_phases/2010/2010_095/14615788.phase,data/scedc/event_phases/2010/2010_095/14615788.phase,reused,,2108,,
14615796,2010,95,event_phases/2010/2010_095/14615796.phase,data/scedc/event_phases/2010/2010_095/14615796.phase,reused,,5408,,
14615932,2010,95,event_phases/2010/2010_095/14615932.phase,data/scedc/event_phases/2010/2010_095/14615932.phase,reused,,1058,,
30213759,2010,95,event_phases/2010/2010_095/30213759.phase,data/scedc/event_phases/2010/2010_095/30213759.phase,reused,,2183,,
30237759,2010,95,event_phases/2010/2010_095/30237759.phase,data/scedc/event_phases/2010/2010_095/30237759.phase,reused,,2408,,
30333759,2010,95,event_phases/2010/2010_095/30333759.phase,data/scedc/event_phases/2010/2010_095/30333759.phase,reused,,2633,,
30341759,2010,95,event_phases/2010/2010_095/30341759.phase,data/scedc/event_phases/2010/2010_095/30341759.phase,reused,,983,,
30349759,2010,95,event_phases/2010/2010_095/30349759.phase,data/scedc/event_phases/2010/2010_095/30349759.phase,reused,,1583,,
30373759,2010,95,event_phases/2010/2010_095/30373759.phase,data/scedc/event_phases/2010/2010_095/30373759.phase,reused,,1058,,
30389759,2010,95,event_phases/2010/2010_095/30389759.phase,data/scedc/event_phases/2010/2010_095/30389759.phase,reused,,1733,,
30405759,2010,95,event_phases/2010/2010_095/30405759.phase,data/scedc/event_phases/2010/2010_095/30405759.phase,reused,,4283,,
30557767,2010,95,event_phases/2010/2010_095/30557767.phase,data/scedc/event_phases/2010/2010_095/30557767.phase,reused,,3758,,
30573759,2010,95,event_phases/2010/2010_095/30573759.phase,data/scedc/event_phases/2010/2010_095/30573759.phase,reused,,1433,,
30589759,2010,95,event_phases/2010/2010_095/30589759.phase,data/scedc/event_phases/2010/2010_095/30589759.phase,reused,,2483,,
30613759,2010,95,event_phases/2010/2010_095/30613759.phase,data/scedc/event_phases/2010/2010_095/30613759.phase,reused,,3308,,
30621759,2010,95,event_phases/2010/2010_095/30621759.phase,data/scedc/event_phases/2010/2010_095/30621759.phase,reused,,2258,,
30653759,2010,95,event_phases/2010/2010_095/30653759.phase,data/scedc/event_phases/2010/2010_095/30653759.phase,reused,,2033,,
30669759,2010,95,event_phases/2010/2010_095/30669759.phase,data/scedc/event_phases/2010/2010_095/30669759.phase,reused,,908,,
30685759,2010,95,event_phases/2010/2010_095/30685759.phase,data/scedc/event_phases/2010/2010_095/30685759.phase,reused,,983,,
30693759,2010,95,event_phases/2010/2010_095/30693759.phase,data/scedc/event_phases/2010/2010_095/30693759.phase,reused,,1433,,
10184250,2010,96,event_phases/2010/2010_096/10184250.phase,data/scedc/event_phases/2010/2010_096/10184250.phase,reused,,1358,,
10184470,2010,96,event_phases/2010/2010_096/10184470.phase,data/scedc/event_phases/2010/2010_096/10184470.phase,reused,,1058,,
10184490,2010,96,event_phases/2010/2010_096/10184490.phase,data/scedc/event_phases/2010/2010_096/10184490.phase,reused,,983,,
10184494,2010,96,event_phases/2010/2010_096/10184494.phase,data/scedc/event_phases/2010/2010_096/10184494.phase,reused,,1058,,
10185350,2010,96,event_phases/2010/2010_096/10185350.phase,data/scedc/event_phases/2010/2010_096/10185350.phase,reused,,1433,,
10185490,2010,96,event_phases/2010/2010_096/10185490.phase,data/scedc/event_phases/2010/2010_096/10185490.phase,reused,,1208,,
10186390,2010,96,event_phases/2010/2010_096/10186390.phase,data/scedc/event_phases/2010/2010_096/10186390.phase,reused,,1208,,
10187990,2010,96,event_phases/2010/2010_096/10187990.phase,data/scedc/event_phases/2010/2010_096/10187990.phase,reused,,1808,,
10188870,2010,96,event_phases/2010/2010_096/10188870.phase,data/scedc/event_phases/2010/2010_096/10188870.phase,reused,,1058,,
10189730,2010,96,event_phases/2010/2010_096/10189730.phase,data/scedc/event_phases/2010/2010_096/10189730.phase,reused,,908,,
10189830,2010,96,event_phases/2010/2010_096/10189830.phase,data/scedc/event_phases/2010/2010_096/10189830.phase,reused,,1358,,
10190550,2010,96,event_phases/2010/2010_096/10190550.phase,data/scedc/event_phases/2010/2010_096/10190550.phase,reused,,1133,,
10191330,2010,96,event_phases/2010/2010_096/10191330.phase,data/scedc/event_phases/2010/2010_096/10191330.phase,reused,,1733,,
10191390,2010,96,event_phases/2010/2010_096/10191390.phase,data/scedc/event_phases/2010/2010_096/10191390.phase,reused,,1733,,
10191694,2010,96,event_phases/2010/2010_096/10191694.phase,data/scedc/event_phases/2010/2010_096/10191694.phase,reused,,908,,
10192030,2010,96,event_phases/2010/2010_096/10192030.phase,data/scedc/event_phases/2010/2010_096/10192030.phase,reused,,2258,,
10192810,2010,96,event_phases/2010/2010_096/10192810.phase,data/scedc/event_phases/2010/2010_096/10192810.phase,reused,,833,,
10193290,2010,96,event_phases/2010/2010_096/10193290.phase,data/scedc/event_phases/2010/2010_096/10193290.phase,reused,,1433,,
10193634,2010,96,event_phases/2010/2010_096/10193634.phase,data/scedc/event_phases/2010/2010_096/10193634.phase,reused,,1058,,
10195754,2010,96,event_phases/2010/2010_096/10195754.phase,data/scedc/event_phases/2010/2010_096/10195754.phase,reused,,1808,,
10196110,2010,96,event_phases/2010/2010_096/10196110.phase,data/scedc/event_phases/2010/2010_096/10196110.phase,reused,,1433,,
10197310,2010,96,event_phases/2010/2010_096/10197310.phase,data/scedc/event_phases/2010/2010_096/10197310.phase,reused,,1133,,
10197650,2010,96,event_phases/2010/2010_096/10197650.phase,data/scedc/event_phases/2010/2010_096/10197650.phase,reused,,1433,,
10197690,2010,96,event_phases/2010/2010_096/10197690.phase,data/scedc/event_phases/2010/2010_096/10197690.phase,reused,,1133,,
14615972,2010,96,event_phases/2010/2010_096/14615972.phase,data/scedc/event_phases/2010/2010_096/14615972.phase,reused,,1433,,
14616012,2010,96,event_phases/2010/2010_096/14616012.phase,data/scedc/event_phases/2010/2010_096/14616012.phase,reused,,7958,,
14616028,2010,96,event_phases/2010/2010_096/14616028.phase,data/scedc/event_phases/2010/2010_096/14616028.phase,reused,,6608,,
14616076,2010,96,event_phases/2010/2010_096/14616076.phase,data/scedc/event_phases/2010/2010_096/14616076.phase,reused,,1358,,
14616140,2010,96,event_phases/2010/2010_096/14616140.phase,data/scedc/event_phases/2010/2010_096/14616140.phase,reused,,5708,,
14616148,2010,96,event_phases/2010/2010_096/14616148.phase,data/scedc/event_phases/2010/2010_096/14616148.phase,reused,,1958,,
14616164,2010,96,event_phases/2010/2010_096/14616164.phase,data/scedc/event_phases/2010/2010_096/14616164.phase,reused,,1208,,
14616196,2010,96,event_phases/2010/2010_096/14616196.phase,data/scedc/event_phases/2010/2010_096/14616196.phase,reused,,5558,,
14616204,2010,96,event_phases/2010/2010_096/14616204.phase,data/scedc/event_phases/2010/2010_096/14616204.phase,reused,,8033,,
14616212,2010,96,event_phases/2010/2010_096/14616212.phase,data/scedc/event_phases/2010/2010_096/14616212.phase,reused,,2408,,
14616220,2010,96,event_phases/2010/2010_096/14616220.phase,data/scedc/event_phases/2010/2010_096/14616220.phase,reused,,1883,,
14616244,2010,96,event_phases/2010/2010_096/14616244.phase,data/scedc/event_phases/2010/2010_096/14616244.phase,reused,,2183,,
14616252,2010,96,event_phases/2010/2010_096/14616252.phase,data/scedc/event_phases/2010/2010_096/14616252.phase,reused,,4883,,
14616308,2010,96,event_phases/2010/2010_096/14616308.phase,data/scedc/event_phases/2010/2010_096/14616308.phase,reused,,1883,,
14616332,2010,96,event_phases/2010/2010_096/14616332.phase,data/scedc/event_phases/2010/2010_096/14616332.phase,reused,,2558,,
14616380,2010,96,event_phases/2010/2010_096/14616380.phase,data/scedc/event_phases/2010/2010_096/14616380.phase,reused,,1958,,
14616388,2010,96,event_phases/2010/2010_096/14616388.phase,data/scedc/event_phases/2010/2010_096/14616388.phase,reused,,4883,,
14616396,2010,96,event_phases/2010/2010_096/14616396.phase,data/scedc/event_phases/2010/2010_096/14616396.phase,reused,,1583,,
14616428,2010,96,event_phases/2010/2010_096/14616428.phase,data/scedc/event_phases/2010/2010_096/14616428.phase,reused,,2858,,
14616444,2010,96,event_phases/2010/2010_096/14616444.phase,data/scedc/event_phases/2010/2010_096/14616444.phase,reused,,1283,,
14616476,2010,96,event_phases/2010/2010_096/14616476.phase,data/scedc/event_phases/2010/2010_096/14616476.phase,reused,,2258,,
14616484,2010,96,event_phases/2010/2010_096/14616484.phase,data/scedc/event_phases/2010/2010_096/14616484.phase,reused,,3533,,
14616500,2010,96,event_phases/2010/2010_096/14616500.phase,data/scedc/event_phases/2010/2010_096/14616500.phase,reused,,2408,,
14616524,2010,96,event_phases/2010/2010_096/14616524.phase,data/scedc/event_phases/2010/2010_096/14616524.phase,reused,,1283,,
14616612,2010,96,event_phases/2010/2010_096/14616612.phase,data/scedc/event_phases/2010/2010_096/14616612.phase,reused,,7808,,
14616660,2010,96,event_phases/2010/2010_096/14616660.phase,data/scedc/event_phases/2010/2010_096/14616660.phase,reused,,4883,,
14616764,2010,96,event_phases/2010/2010_096/14616764.phase,data/scedc/event_phases/2010/2010_096/14616764.phase,reused,,2933,,
14616852,2010,96,event_phases/2010/2010_096/14616852.phase,data/scedc/event_phases/2010/2010_096/14616852.phase,reused,,983,,
14616868,2010,96,event_phases/2010/2010_096/14616868.phase,data/scedc/event_phases/2010/2010_096/14616868.phase,reused,,1508,,
14616948,2010,96,event_phases/2010/2010_096/14616948.phase,data/scedc/event_phases/2010/2010_096/14616948.phase,reused,,1658,,
14617004,2010,96,event_phases/2010/2010_096/14617004.phase,data/scedc/event_phases/2010/2010_096/14617004.phase,reused,,3533,,
14617100,2010,96,event_phases/2010/2010_096/14617100.phase,data/scedc/event_phases/2010/2010_096/14617100.phase,reused,,11483,,
14617116,2010,96,event_phases/2010/2010_096/14617116.phase,data/scedc/event_phases/2010/2010_096/14617116.phase,reused,,7283,,
14617308,2010,96,event_phases/2010/2010_096/14617308.phase,data/scedc/event_phases/2010/2010_096/14617308.phase,reused,,2108,,
14617396,2010,96,event_phases/2010/2010_096/14617396.phase,data/scedc/event_phases/2010/2010_096/14617396.phase,reused,,4508,,
14617404,2010,96,event_phases/2010/2010_096/14617404.phase,data/scedc/event_phases/2010/2010_096/14617404.phase,reused,,1583,,
14617412,2010,96,event_phases/2010/2010_096/14617412.phase,data/scedc/event_phases/2010/2010_096/14617412.phase,reused,,7358,,
14617716,2010,96,event_phases/2010/2010_096/14617716.phase,data/scedc/event_phases/2010/2010_096/14617716.phase,reused,,6083,,
14617812,2010,96,event_phases/2010/2010_096/14617812.phase,data/scedc/event_phases/2010/2010_096/14617812.phase,reused,,3233,,
14617820,2010,96,event_phases/2010/2010_096/14617820.phase,data/scedc/event_phases/2010/2010_096/14617820.phase,reused,,3158,,
14617876,2010,96,event_phases/2010/2010_096/14617876.phase,data/scedc/event_phases/2010/2010_096/14617876.phase,reused,,2333,,
14617900,2010,96,event_phases/2010/2010_096/14617900.phase,data/scedc/event_phases/2010/2010_096/14617900.phase,reused,,3008,,
14617964,2010,96,event_phases/2010/2010_096/14617964.phase,data/scedc/event_phases/2010/2010_096/14617964.phase,reused,,8258,,
14617996,2010,96,event_phases/2010/2010_096/14617996.phase,data/scedc/event_phases/2010/2010_096/14617996.phase,reused,,8708,,
14618004,2010,96,event_phases/2010/2010_096/14618004.phase,data/scedc/event_phases/2010/2010_096/14618004.phase,reused,,1958,,
14618140,2010,96,event_phases/2010/2010_096/14618140.phase,data/scedc/event_phases/2010/2010_096/14618140.phase,reused,,1058,,
14618180,2010,96,event_phases/2010/2010_096/14618180.phase,data/scedc/event_phases/2010/2010_096/14618180.phase,reused,,6458,,
14618252,2010,96,event_phases/2010/2010_096/14618252.phase,data/scedc/event_phases/2010/2010_096/14618252.phase,reused,,2783,,
14618284,2010,96,event_phases/2010/2010_096/14618284.phase,data/scedc/event_phases/2010/2010_096/14618284.phase,reused,,1433,,
14618300,2010,96,event_phases/2010/2010_096/14618300.phase,data/scedc/event_phases/2010/2010_096/14618300.phase,reused,,3983,,
14618308,2010,96,event_phases/2010/2010_096/14618308.phase,data/scedc/event_phases/2010/2010_096/14618308.phase,reused,,3533,,
14618428,2010,96,event_phases/2010/2010_096/14618428.phase,data/scedc/event_phases/2010/2010_096/14618428.phase,reused,,3983,,
14618468,2010,96,event_phases/2010/2010_096/14618468.phase,data/scedc/event_phases/2010/2010_096/14618468.phase,reused,,4808,,
14618492,2010,96,event_phases/2010/2010_096/14618492.phase,data/scedc/event_phases/2010/2010_096/14618492.phase,reused,,2633,,
14618556,2010,96,event_phases/2010/2010_096/14618556.phase,data/scedc/event_phases/2010/2010_096/14618556.phase,reused,,4808,,
14618588,2010,96,event_phases/2010/2010_096/14618588.phase,data/scedc/event_phases/2010/2010_096/14618588.phase,reused,,5408,,
14618596,2010,96,event_phases/2010/2010_096/14618596.phase,data/scedc/event_phases/2010/2010_096/14618596.phase,reused,,5858,,
14618660,2010,96,event_phases/2010/2010_096/14618660.phase,data/scedc/event_phases/2010/2010_096/14618660.phase,reused,,2258,,
14618708,2010,96,event_phases/2010/2010_096/14618708.phase,data/scedc/event_phases/2010/2010_096/14618708.phase,reused,,1508,,
14618772,2010,96,event_phases/2010/2010_096/14618772.phase,data/scedc/event_phases/2010/2010_096/14618772.phase,reused,,7208,,
14618804,2010,96,event_phases/2010/2010_096/14618804.phase,data/scedc/event_phases/2010/2010_096/14618804.phase,reused,,1883,,
14618948,2010,96,event_phases/2010/2010_096/14618948.phase,data/scedc/event_phases/2010/2010_096/14618948.phase,reused,,4133,,
14619076,2010,96,event_phases/2010/2010_096/14619076.phase,data/scedc/event_phases/2010/2010_096/14619076.phase,reused,,3233,,
14619108,2010,96,event_phases/2010/2010_096/14619108.phase,data/scedc/event_phases/2010/2010_096/14619108.phase,reused,,1208,,
14619132,2010,96,event_phases/2010/2010_096/14619132.phase,data/scedc/event_phases/2010/2010_096/14619132.phase,reused,,7583,,
14619284,2010,96,event_phases/2010/2010_096/14619284.phase,data/scedc/event_phases/2010/2010_096/14619284.phase,reused,,2408,,
14619388,2010,96,event_phases/2010/2010_096/14619388.phase,data/scedc/event_phases/2010/2010_096/14619388.phase,reused,,908,,
14619500,2010,96,event_phases/2010/2010_096/14619500.phase,data/scedc/event_phases/2010/2010_096/14619500.phase,reused,,1733,,
14619508,2010,96,event_phases/2010/2010_096/14619508.phase,data/scedc/event_phases/2010/2010_096/14619508.phase,reused,,2033,,
14619516,2010,96,event_phases/2010/2010_096/14619516.phase,data/scedc/event_phases/2010/2010_096/14619516.phase,reused,,833,,
14619580,2010,96,event_phases/2010/2010_096/14619580.phase,data/scedc/event_phases/2010/2010_096/14619580.phase,reused,,1658,,
14619668,2010,96,event_phases/2010/2010_096/14619668.phase,data/scedc/event_phases/2010/2010_096/14619668.phase,reused,,6083,,
14619692,2010,96,event_phases/2010/2010_096/14619692.phase,data/scedc/event_phases/2010/2010_096/14619692.phase,reused,,4433,,
14619764,2010,96,event_phases/2010/2010_096/14619764.phase,data/scedc/event_phases/2010/2010_096/14619764.phase,reused,,1733,,
14619780,2010,96,event_phases/2010/2010_096/14619780.phase,data/scedc/event_phases/2010/2010_096/14619780.phase,reused,,5633,,
14619940,2010,96,event_phases/2010/2010_096/14619940.phase,data/scedc/event_phases/2010/2010_096/14619940.phase,reused,,6908,,
14620076,2010,96,event_phases/2010/2010_096/14620076.phase,data/scedc/event_phases/2010/2010_096/14620076.phase,reused,,4433,,
14620124,2010,96,event_phases/2010/2010_096/14620124.phase,data/scedc/event_phases/2010/2010_096/14620124.phase,reused,,6833,,
14620228,2010,96,event_phases/2010/2010_096/14620228.phase,data/scedc/event_phases/2010/2010_096/14620228.phase,reused,,1583,,
14620444,2010,96,event_phases/2010/2010_096/14620444.phase,data/scedc/event_phases/2010/2010_096/14620444.phase,reused,,2033,,
14620452,2010,96,event_phases/2010/2010_096/14620452.phase,data/scedc/event_phases/2010/2010_096/14620452.phase,reused,,3758,,
14620476,2010,96,event_phases/2010/2010_096/14620476.phase,data/scedc/event_phases/2010/2010_096/14620476.phase,reused,,4583,,
14620484,2010,96,event_phases/2010/2010_096/14620484.phase,data/scedc/event_phases/2010/2010_096/14620484.phase,reused,,2408,,
14620636,2010,96,event_phases/2010/2010_096/14620636.phase,data/scedc/event_phases/2010/2010_096/14620636.phase,reused,,1583,,
14620652,2010,96,event_phases/2010/2010_096/14620652.phase,data/scedc/event_phases/2010/2010_096/14620652.phase,reused,,2183,,
14620676,2010,96,event_phases/2010/2010_096/14620676.phase,data/scedc/event_phases/2010/2010_096/14620676.phase,reused,,1433,,
14620684,2010,96,event_phases/2010/2010_096/14620684.phase,data/scedc/event_phases/2010/2010_096/14620684.phase,reused,,2783,,
14620700,2010,96,event_phases/2010/2010_096/14620700.phase,data/scedc/event_phases/2010/2010_096/14620700.phase,reused,,1133,,
14620780,2010,96,event_phases/2010/2010_096/14620780.phase,data/scedc/event_phases/2010/2010_096/14620780.phase,reused,,3083,,
14620836,2010,96,event_phases/2010/2010_096/14620836.phase,data/scedc/event_phases/2010/2010_096/14620836.phase,reused,,1733,,
14620916,2010,96,event_phases/2010/2010_096/14620916.phase,data/scedc/event_phases/2010/2010_096/14620916.phase,reused,,5783,,
14621140,2010,96,event_phases/2010/2010_096/14621140.phase,data/scedc/event_phases/2010/2010_096/14621140.phase,reused,,1808,,
14621164,2010,96,event_phases/2010/2010_096/14621164.phase,data/scedc/event_phases/2010/2010_096/14621164.phase,reused,,5183,,
14621220,2010,96,event_phases/2010/2010_096/14621220.phase,data/scedc/event_phases/2010/2010_096/14621220.phase,reused,,1058,,
14621340,2010,96,event_phases/2010/2010_096/14621340.phase,data/scedc/event_phases/2010/2010_096/14621340.phase,reused,,1733,,
14621356,2010,96,event_phases/2010/2010_096/14621356.phase,data/scedc/event_phases/2010/2010_096/14621356.phase,reused,,2258,,
14621372,2010,96,event_phases/2010/2010_096/14621372.phase,data/scedc/event_phases/2010/2010_096/14621372.phase,reused,,7133,,
14621476,2010,96,event_phases/2010/2010_096/14621476.phase,data/scedc/event_phases/2010/2010_096/14621476.phase,reused,,1883,,
14621500,2010,96,event_phases/2010/2010_096/14621500.phase,data/scedc/event_phases/2010/2010_096/14621500.phase,reused,,1508,,
14621692,2010,96,event_phases/2010/2010_096/14621692.phase,data/scedc/event_phases/2010/2010_096/14621692.phase,reused,,2408,,
14621716,2010,96,event_phases/2010/2010_096/14621716.phase,data/scedc/event_phases/2010/2010_096/14621716.phase,reused,,1583,,
14621788,2010,96,event_phases/2010/2010_096/14621788.phase,data/scedc/event_phases/2010/2010_096/14621788.phase,reused,,1658,,
14622036,2010,96,event_phases/2010/2010_096/14622036.phase,data/scedc/event_phases/2010/2010_096/14622036.phase,reused,,9458,,
14622156,2010,96,event_phases/2010/2010_096/14622156.phase,data/scedc/event_phases/2010/2010_096/14622156.phase,reused,,4958,,
14622260,2010,96,event_phases/2010/2010_096/14622260.phase,data/scedc/event_phases/2010/2010_096/14622260.phase,reused,,1583,,
14622340,2010,96,event_phases/2010/2010_096/14622340.phase,data/scedc/event_phases/2010/2010_096/14622340.phase,reused,,2333,,
14622460,2010,96,event_phases/2010/2010_096/14622460.phase,data/scedc/event_phases/2010/2010_096/14622460.phase,reused,,2783,,
30605759,2010,96,event_phases/2010/2010_096/30605759.phase,data/scedc/event_phases/2010/2010_096/30605759.phase,reused,,8858,,
30725759,2010,96,event_phases/2010/2010_096/30725759.phase,data/scedc/event_phases/2010/2010_096/30725759.phase,reused,,1508,,
30877767,2010,96,event_phases/2010/2010_096/30877767.phase,data/scedc/event_phases/2010/2010_096/30877767.phase,reused,,4433,,
10202454,2010,97,event_phases/2010/2010_097/10202454.phase,data/scedc/event_phases/2010/2010_097/10202454.phase,reused,,2108,,
10203498,2010,97,event_phases/2010/2010_097/10203498.phase,data/scedc/event_phases/2010/2010_097/10203498.phase,reused,,2108,,
10204178,2010,97,event_phases/2010/2010_097/10204178.phase,data/scedc/event_phases/2010/2010_097/10204178.phase,reused,,1508,,
10204370,2010,97,event_phases/2010/2010_097/10204370.phase,data/scedc/event_phases/2010/2010_097/10204370.phase,reused,,1133,,
10204374,2010,97,event_phases/2010/2010_097/10204374.phase,data/scedc/event_phases/2010/2010_097/10204374.phase,reused,,1508,,
10204550,2010,97,event_phases/2010/2010_097/10204550.phase,data/scedc/event_phases/2010/2010_097/10204550.phase,reused,,2183,,
10584285,2010,97,event_phases/2010/2010_097/10584285.phase,data/scedc/event_phases/2010/2010_097/10584285.phase,reused,,6083,,
10584357,2010,97,event_phases/2010/2010_097/10584357.phase,data/scedc/event_phases/2010/2010_097/10584357.phase,reused,,2033,,
10584389,2010,97,event_phases/2010/2010_097/10584389.phase,data/scedc/event_phases/2010/2010_097/10584389.phase,reused,,3158,,
10584429,2010,97,event_phases/2010/2010_097/10584429.phase,data/scedc/event_phases/2010/2010_097/10584429.phase,reused,,4958,,
10584533,2010,97,event_phases/2010/2010_097/10584533.phase,data/scedc/event_phases/2010/2010_097/10584533.phase,reused,,2708,,
10584549,2010,97,event_phases/2010/2010_097/10584549.phase,data/scedc/event_phases/2010/2010_097/10584549.phase,reused,,2633,,
14622932,2010,97,event_phases/2010/2010_097/14622932.phase,data/scedc/event_phases/2010/2010_097/14622932.phase,reused,,1733,,
14622956,2010,97,event_phases/2010/2010_097/14622956.phase,data/scedc/event_phases/2010/2010_097/14622956.phase,reused,,1508,,
14623076,2010,97,event_phases/2010/2010_097/14623076.phase,data/scedc/event_phases/2010/2010_097/14623076.phase,reused,,1358,,
14623108,2010,97,event_phases/2010/2010_097/14623108.phase,data/scedc/event_phases/2010/2010_097/14623108.phase,reused,,6758,,
14623372,2010,97,event_phases/2010/2010_097/14623372.phase,data/scedc/event_phases/2010/2010_097/14623372.phase,reused,,2558,,
14623388,2010,97,event_phases/2010/2010_097/14623388.phase,data/scedc/event_phases/2010/2010_097/14623388.phase,reused,,1733,,
14623396,2010,97,event_phases/2010/2010_097/14623396.phase,data/scedc/event_phases/2010/2010_097/14623396.phase,reused,,4433,,
14623556,2010,97,event_phases/2010/2010_097/14623556.phase,data/scedc/event_phases/2010/2010_097/14623556.phase,reused,,2783,,
14623572,2010,97,event_phases/2010/2010_097/14623572.phase,data/scedc/event_phases/2010/2010_097/14623572.phase,reused,,7058,,
14623708,2010,97,event_phases/2010/2010_097/14623708.phase,data/scedc/event_phases/2010/2010_097/14623708.phase,reused,,3308,,
14623804,2010,97,event_phases/2010/2010_097/14623804.phase,data/scedc/event_phases/2010/2010_097/14623804.phase,reused,,7883,,
14623812,2010,97,event_phases/2010/2010_097/14623812.phase,data/scedc/event_phases/2010/2010_097/14623812.phase,reused,,9458,,
14623820,2010,97,event_phases/2010/2010_097/14623820.phase,data/scedc/event_phases/2010/2010_097/14623820.phase,reused,,4658,,
14623868,2010,97,event_phases/2010/2010_097/14623868.phase,data/scedc/event_phases/2010/2010_097/14623868.phase,reused,,8108,,
14623932,2010,97,event_phases/2010/2010_097/14623932.phase,data/scedc/event_phases/2010/2010_097/14623932.phase,reused,,6833,,
14624012,2010,97,event_phases/2010/2010_097/14624012.phase,data/scedc/event_phases/2010/2010_097/14624012.phase,reused,,4808,,
14624028,2010,97,event_phases/2010/2010_097/14624028.phase,data/scedc/event_phases/2010/2010_097/14624028.phase,reused,,6983,,
14624156,2010,97,event_phases/2010/2010_097/14624156.phase,data/scedc/event_phases/2010/2010_097/14624156.phase,reused,,5783,,
14624316,2010,97,event_phases/2010/2010_097/14624316.phase,data/scedc/event_phases/2010/2010_097/14624316.phase,reused,,1733,,
14624396,2010,97,event_phases/2010/2010_097/14624396.phase,data/scedc/event_phases/2010/2010_097/14624396.phase,reused,,7658,,
14624428,2010,97,event_phases/2010/2010_097/14624428.phase,data/scedc/event_phases/2010/2010_097/14624428.phase,reused,,7058,,
14624452,2010,97,event_phases/2010/2010_097/14624452.phase,data/scedc/event_phases/2010/2010_097/14624452.phase,reused,,2033,,
14624484,2010,97,event_phases/2010/2010_097/14624484.phase,data/scedc/event_phases/2010/2010_097/14624484.phase,reused,,8483,,
14624500,2010,97,event_phases/2010/2010_097/14624500.phase,data/scedc/event_phases/2010/2010_097/14624500.phase,reused,,6233,,
14624668,2010,97,event_phases/2010/2010_097/14624668.phase,data/scedc/event_phases/2010/2010_097/14624668.phase,reused,,3458,,
14624676,2010,97,event_phases/2010/2010_097/14624676.phase,data/scedc/event_phases/2010/2010_097/14624676.phase,reused,,2258,,
14624868,2010,97,event_phases/2010/2010_097/14624868.phase,data/scedc/event_phases/2010/2010_097/14624868.phase,reused,,8633,,
14624948,2010,97,event_phases/2010/2010_097/14624948.phase,data/scedc/event_phases/2010/2010_097/14624948.phase,reused,,3158,,
14625052,2010,97,event_phases/2010/2010_097/14625052.phase,data/scedc/event_phases/2010/2010_097/14625052.phase,reused,,2258,,
14625100,2010,97,event_phases/2010/2010_097/14625100.phase,data/scedc/event_phases/2010/2010_097/14625100.phase,reused,,7583,,
14625236,2010,97,event_phases/2010/2010_097/14625236.phase,data/scedc/event_phases/2010/2010_097/14625236.phase,reused,,2183,,
14625404,2010,97,event_phases/2010/2010_097/14625404.phase,data/scedc/event_phases/2010/2010_097/14625404.phase,reused,,7808,,
14625420,2010,97,event_phases/2010/2010_097/14625420.phase,data/scedc/event_phases/2010/2010_097/14625420.phase,reused,,5483,,
14625628,2010,97,event_phases/2010/2010_097/14625628.phase,data/scedc/event_phases/2010/2010_097/14625628.phase,reused,,7508,,
14625700,2010,97,event_phases/2010/2010_097/14625700.phase,data/scedc/event_phases/2010/2010_097/14625700.phase,reused,,2708,,
14625732,2010,97,event_phases/2010/2010_097/14625732.phase,data/scedc/event_phases/2010/2010_097/14625732.phase,reused,,2858,,
14625748,2010,97,event_phases/2010/2010_097/14625748.phase,data/scedc/event_phases/2010/2010_097/14625748.phase,reused,,3683,,
14625828,2010,97,event_phases/2010/2010_097/14625828.phase,data/scedc/event_phases/2010/2010_097/14625828.phase,reused,,5708,,
14625852,2010,97,event_phases/2010/2010_097/14625852.phase,data/scedc/event_phases/2010/2010_097/14625852.phase,reused,,4733,,
14625868,2010,97,event_phases/2010/2010_097/14625868.phase,data/scedc/event_phases/2010/2010_097/14625868.phase,reused,,6233,,
14625884,2010,97,event_phases/2010/2010_097/14625884.phase,data/scedc/event_phases/2010/2010_097/14625884.phase,reused,,5108,,
14625980,2010,97,event_phases/2010/2010_097/14625980.phase,data/scedc/event_phases/2010/2010_097/14625980.phase,reused,,1658,,
14626092,2010,97,event_phases/2010/2010_097/14626092.phase,data/scedc/event_phases/2010/2010_097/14626092.phase,reused,,2183,,
14626292,2010,97,event_phases/2010/2010_097/14626292.phase,data/scedc/event_phases/2010/2010_097/14626292.phase,reused,,1358,,
14626372,2010,97,event_phases/2010/2010_097/14626372.phase,data/scedc/event_phases/2010/2010_097/14626372.phase,reused,,7208,,
14626460,2010,97,event_phases/2010/2010_097/14626460.phase,data/scedc/event_phases/2010/2010_097/14626460.phase,reused,,2258,,
14626484,2010,97,event_phases/2010/2010_097/14626484.phase,data/scedc/event_phases/2010/2010_097/14626484.phase,reused,,1658,,
14626548,2010,97,event_phases/2010/2010_097/14626548.phase,data/scedc/event_phases/2010/2010_097/14626548.phase,reused,,2483,,
14626660,2010,97,event_phases/2010/2010_097/14626660.phase,data/scedc/event_phases/2010/2010_097/14626660.phase,reused,,3908,,
14626708,2010,97,event_phases/2010/2010_097/14626708.phase,data/scedc/event_phases/2010/2010_097/14626708.phase,reused,,7958,,
14626748,2010,97,event_phases/2010/2010_097/14626748.phase,data/scedc/event_phases/2010/2010_097/14626748.phase,reused,,1133,,
14626796,2010,97,event_phases/2010/2010_097/14626796.phase,data/scedc/event_phases/2010/2010_097/14626796.phase,reused,,3083,,
14626908,2010,97,event_phases/2010/2010_097/14626908.phase,data/scedc/event_phases/2010/2010_097/14626908.phase,reused,,2633,,
14626956,2010,97,event_phases/2010/2010_097/14626956.phase,data/scedc/event_phases/2010/2010_097/14626956.phase,reused,,7733,,
14627012,2010,97,event_phases/2010/2010_097/14627012.phase,data/scedc/event_phases/2010/2010_097/14627012.phase,reused,,1508,,
14627220,2010,97,event_phases/2010/2010_097/14627220.phase,data/scedc/event_phases/2010/2010_097/14627220.phase,reused,,7958,,
14627404,2010,97,event_phases/2010/2010_097/14627404.phase,data/scedc/event_phases/2010/2010_097/14627404.phase,reused,,1283,,
14627412,2010,97,event_phases/2010/2010_097/14627412.phase,data/scedc/event_phases/2010/2010_097/14627412.phase,reused,,4508,,
14627420,2010,97,event_phases/2010/2010_097/14627420.phase,data/scedc/event_phases/2010/2010_097/14627420.phase,reused,,1508,,
14627500,2010,97,event_phases/2010/2010_097/14627500.phase,data/scedc/event_phases/2010/2010_097/14627500.phase,reused,,4733,,
14627516,2010,97,event_phases/2010/2010_097/14627516.phase,data/scedc/event_phases/2010/2010_097/14627516.phase,reused,,3608,,
14627612,2010,97,event_phases/2010/2010_097/14627612.phase,data/scedc/event_phases/2010/2010_097/14627612.phase,reused,,2708,,
14627652,2010,97,event_phases/2010/2010_097/14627652.phase,data/scedc/event_phases/2010/2010_097/14627652.phase,reused,,4208,,
14627732,2010,97,event_phases/2010/2010_097/14627732.phase,data/scedc/event_phases/2010/2010_097/14627732.phase,reused,,2333,,
14627772,2010,97,event_phases/2010/2010_097/14627772.phase,data/scedc/event_phases/2010/2010_097/14627772.phase,reused,,5708,,
30461759,2010,97,event_phases/2010/2010_097/30461759.phase,data/scedc/event_phases/2010/2010_097/30461759.phase,reused,,1733,,
30717759,2010,97,event_phases/2010/2010_097/30717759.phase,data/scedc/event_phases/2010/2010_097/30717759.phase,reused,,2708,,
37010487,2010,97,event_phases/2010/2010_097/37010487.phase,data/scedc/event_phases/2010/2010_097/37010487.phase,reused,,1358,,
10584781,2010,98,event_phases/2010/2010_098/10584781.phase,data/scedc/event_phases/2010/2010_098/10584781.phase,reused,,983,,
10584821,2010,98,event_phases/2010/2010_098/10584821.phase,data/scedc/event_phases/2010/2010_098/10584821.phase,reused,,4958,,
10584853,2010,98,event_phases/2010/2010_098/10584853.phase,data/scedc/event_phases/2010/2010_098/10584853.phase,reused,,7583,,
10584981,2010,98,event_phases/2010/2010_098/10584981.phase,data/scedc/event_phases/2010/2010_098/10584981.phase,reused,,2783,,
10585093,2010,98,event_phases/2010/2010_098/10585093.phase,data/scedc/event_phases/2010/2010_098/10585093.phase,reused,,6533,,
10585117,2010,98,event_phases/2010/2010_098/10585117.phase,data/scedc/event_phases/2010/2010_098/10585117.phase,reused,,2633,,
10585205,2010,98,event_phases/2010/2010_098/10585205.phase,data/scedc/event_phases/2010/2010_098/10585205.phase,reused,,7358,,
10585341,2010,98,event_phases/2010/2010_098/10585341.phase,data/scedc/event_phases/2010/2010_098/10585341.phase,reused,,8408,,
10585357,2010,98,event_phases/2010/2010_098/10585357.phase,data/scedc/event_phases/2010/2010_098/10585357.phase,reused,,3683,,
10585381,2010,98,event_phases/2010/2010_098/10585381.phase,data/scedc/event_phases/2010/2010_098/10585381.phase,reused,,7583,,
10585397,2010,98,event_phases/2010/2010_098/10585397.phase,data/scedc/event_phases/2010/2010_098/10585397.phase,reused,,2408,,
10585493,2010,98,event_phases/2010/2010_098/10585493.phase,data/scedc/event_phases/2010/2010_098/10585493.phase,reused,,2408,,
10585533,2010,98,event_phases/2010/2010_098/10585533.phase,data/scedc/event_phases/2010/2010_098/10585533.phase,reused,,7058,,
10585565,2010,98,event_phases/2010/2010_098/10585565.phase,data/scedc/event_phases/2010/2010_098/10585565.phase,reused,,6083,,
10585581,2010,98,event_phases/2010/2010_098/10585581.phase,data/scedc/event_phases/2010/2010_098/10585581.phase,reused,,2633,,
10585621,2010,98,event_phases/2010/2010_098/10585621.phase,data/scedc/event_phases/2010/2010_098/10585621.phase,reused,,4733,,
10585717,2010,98,event_phases/2010/2010_098/10585717.phase,data/scedc/event_phases/2010/2010_098/10585717.phase,reused,,1583,,
10585749,2010,98,event_phases/2010/2010_098/10585749.phase,data/scedc/event_phases/2010/2010_098/10585749.phase,reused,,6008,,
10585829,2010,98,event_phases/2010/2010_098/10585829.phase,data/scedc/event_phases/2010/2010_098/10585829.phase,reused,,1133,,
10585901,2010,98,event_phases/2010/2010_098/10585901.phase,data/scedc/event_phases/2010/2010_098/10585901.phase,reused,,3308,,
10585989,2010,98,event_phases/2010/2010_098/10585989.phase,data/scedc/event_phases/2010/2010_098/10585989.phase,reused,,1433,,
10586053,2010,98,event_phases/2010/2010_098/10586053.phase,data/scedc/event_phases/2010/2010_098/10586053.phase,reused,,2558,,
10586109,2010,98,event_phases/2010/2010_098/10586109.phase,data/scedc/event_phases/2010/2010_098/10586109.phase,reused,,2408,,
10586709,2010,98,event_phases/2010/2010_098/10586709.phase,data/scedc/event_phases/2010/2010_098/10586709.phase,reused,,9158,,
10587245,2010,98,event_phases/2010/2010_098/10587245.phase,data/scedc/event_phases/2010/2010_098/10587245.phase,reused,,3083,,
10587269,2010,98,event_phases/2010/2010_098/10587269.phase,data/scedc/event_phases/2010/2010_098/10587269.phase,reused,,2708,,
10587325,2010,98,event_phases/2010/2010_098/10587325.phase,data/scedc/event_phases/2010/2010_098/10587325.phase,reused,,3083,,
10587693,2010,98,event_phases/2010/2010_098/10587693.phase,data/scedc/event_phases/2010/2010_098/10587693.phase,reused,,2933,,
10587781,2010,98,event_phases/2010/2010_098/10587781.phase,data/scedc/event_phases/2010/2010_098/10587781.phase,reused,,2558,,
10588005,2010,98,event_phases/2010/2010_098/10588005.phase,data/scedc/event_phases/2010/2010_098/10588005.phase,reused,,9308,,
10588293,2010,98,event_phases/2010/2010_098/10588293.phase,data/scedc/event_phases/2010/2010_098/10588293.phase,reused,,3083,,
10588421,2010,98,event_phases/2010/2010_098/10588421.phase,data/scedc/event_phases/2010/2010_098/10588421.phase,reused,,9758,,
10588589,2010,98,event_phases/2010/2010_098/10588589.phase,data/scedc/event_phases/2010/2010_098/10588589.phase,reused,,3683,,
10588597,2010,98,event_phases/2010/2010_098/10588597.phase,data/scedc/event_phases/2010/2010_098/10588597.phase,reused,,2333,,
10588789,2010,98,event_phases/2010/2010_098/10588789.phase,data/scedc/event_phases/2010/2010_098/10588789.phase,reused,,9083,,
10588909,2010,98,event_phases/2010/2010_098/10588909.phase,data/scedc/event_phases/2010/2010_098/10588909.phase,reused,,1433,,
10589037,2010,98,event_phases/2010/2010_098/10589037.phase,data/scedc/event_phases/2010/2010_098/10589037.phase,reused,,8333,,
10589053,2010,98,event_phases/2010/2010_098/10589053.phase,data/scedc/event_phases/2010/2010_098/10589053.phase,reused,,7358,,
10589189,2010,98,event_phases/2010/2010_098/10589189.phase,data/scedc/event_phases/2010/2010_098/10589189.phase,reused,,6308,,
10589261,2010,98,event_phases/2010/2010_098/10589261.phase,data/scedc/event_phases/2010/2010_098/10589261.phase,reused,,4358,,
10589269,2010,98,event_phases/2010/2010_098/10589269.phase,data/scedc/event_phases/2010/2010_098/10589269.phase,reused,,4883,,
10589677,2010,98,event_phases/2010/2010_098/10589677.phase,data/scedc/event_phases/2010/2010_098/10589677.phase,reused,,7658,,
10590013,2010,98,event_phases/2010/2010_098/10590013.phase,data/scedc/event_phases/2010/2010_098/10590013.phase,reused,,7433,,
10590109,2010,98,event_phases/2010/2010_098/10590109.phase,data/scedc/event_phases/2010/2010_098/10590109.phase,reused,,3383,,
10590125,2010,98,event_phases/2010/2010_098/10590125.phase,data/scedc/event_phases/2010/2010_098/10590125.phase,reused,,3233,,
10590157,2010,98,event_phases/2010/2010_098/10590157.phase,data/scedc/event_phases/2010/2010_098/10590157.phase,reused,,2333,,
10590325,2010,98,event_phases/2010/2010_098/10590325.phase,data/scedc/event_phases/2010/2010_098/10590325.phase,reused,,7283,,
10590413,2010,98,event_phases/2010/2010_098/10590413.phase,data/scedc/event_phases/2010/2010_098/10590413.phase,reused,,2858,,
10590661,2010,98,event_phases/2010/2010_098/10590661.phase,data/scedc/event_phases/2010/2010_098/10590661.phase,reused,,6308,,
10590669,2010,98,event_phases/2010/2010_098/10590669.phase,data/scedc/event_phases/2010/2010_098/10590669.phase,reused,,6233,,
37022619,2010,98,event_phases/2010/2010_098/37022619.phase,data/scedc/event_phases/2010/2010_098/37022619.phase,reused,,1433,,
37037411,2010,98,event_phases/2010/2010_098/37037411.phase,data/scedc/event_phases/2010/2010_098/37037411.phase,reused,,1733,,
37039451,2010,98,event_phases/2010/2010_098/37039451.phase,data/scedc/event_phases/2010/2010_098/37039451.phase,reused,,1733,,
37043347,2010,98,event_phases/2010/2010_098/37043347.phase,data/scedc/event_phases/2010/2010_098/37043347.phase,reused,,2633,,
10590725,2010,99,event_phases/2010/2010_099/10590725.phase,data/scedc/event_phases/2010/2010_099/10590725.phase,reused,,5183,,
10590757,2010,99,event_phases/2010/2010_099/10590757.phase,data/scedc/event_phases/2010/2010_099/10590757.phase,reused,,6008,,
10590893,2010,99,event_phases/2010/2010_099/10590893.phase,data/scedc/event_phases/2010/2010_099/10590893.phase,reused,,4958,,
10591117,2010,99,event_phases/2010/2010_099/10591117.phase,data/scedc/event_phases/2010/2010_099/10591117.phase,reused,,2258,,
10591125,2010,99,event_phases/2010/2010_099/10591125.phase,data/scedc/event_phases/2010/2010_099/10591125.phase,reused,,5108,,
10591141,2010,99,event_phases/2010/2010_099/10591141.phase,data/scedc/event_phases/2010/2010_099/10591141.phase,reused,,3533,,
10591309,2010,99,event_phases/2010/2010_099/10591309.phase,data/scedc/event_phases/2010/2010_099/10591309.phase,reused,,3308,,
10591517,2010,99,event_phases/2010/2010_099/10591517.phase,data/scedc/event_phases/2010/2010_099/10591517.phase,reused,,2408,,
10591525,2010,99,event_phases/2010/2010_099/10591525.phase,data/scedc/event_phases/2010/2010_099/10591525.phase,reused,,3983,,
10591725,2010,99,event_phases/2010/2010_099/10591725.phase,data/scedc/event_phases/2010/2010_099/10591725.phase,reused,,6758,,
10591741,2010,99,event_phases/2010/2010_099/10591741.phase,data/scedc/event_phases/2010/2010_099/10591741.phase,reused,,1658,,
10592053,2010,99,event_phases/2010/2010_099/10592053.phase,data/scedc/event_phases/2010/2010_099/10592053.phase,reused,,2858,,
10592085,2010,99,event_phases/2010/2010_099/10592085.phase,data/scedc/event_phases/2010/2010_099/10592085.phase,reused,,983,,
10592157,2010,99,event_phases/2010/2010_099/10592157.phase,data/scedc/event_phases/2010/2010_099/10592157.phase,reused,,1733,,
10592173,2010,99,event_phases/2010/2010_099/10592173.phase,data/scedc/event_phases/2010/2010_099/10592173.phase,reused,,2258,,
10592213,2010,99,event_phases/2010/2010_099/10592213.phase,data/scedc/event_phases/2010/2010_099/10592213.phase,reused,,6683,,
10592445,2010,99,event_phases/2010/2010_099/10592445.phase,data/scedc/event_phases/2010/2010_099/10592445.phase,reused,,4433,,
10592725,2010,99,event_phases/2010/2010_099/10592725.phase,data/scedc/event_phases/2010/2010_099/10592725.phase,reused,,3908,,
10593141,2010,99,event_phases/2010/2010_099/10593141.phase,data/scedc/event_phases/2010/2010_099/10593141.phase,reused,,4508,,
10593373,2010,99,event_phases/2010/2010_099/10593373.phase,data/scedc/event_phases/2010/2010_099/10593373.phase,reused,,3083,,
10594021,2010,99,event_phases/2010/2010_099/10594021.phase,data/scedc/event_phases/2010/2010_099/10594021.phase,reused,,1883,,
10594061,2010,99,event_phases/2010/2010_099/10594061.phase,data/scedc/event_phases/2010/2010_099/10594061.phase,reused,,5183,,
10594461,2010,99,event_phases/2010/2010_099/10594461.phase,data/scedc/event_phases/2010/2010_099/10594461.phase,reused,,6458,,
10594589,2010,99,event_phases/2010/2010_099/10594589.phase,data/scedc/event_phases/2010/2010_099/10594589.phase,reused,,6983,,
10594605,2010,99,event_phases/2010/2010_099/10594605.phase,data/scedc/event_phases/2010/2010_099/10594605.phase,reused,,2258,,
10594757,2010,99,event_phases/2010/2010_099/10594757.phase,data/scedc/event_phases/2010/2010_099/10594757.phase,reused,,5408,,
10594957,2010,99,event_phases/2010/2010_099/10594957.phase,data/scedc/event_phases/2010/2010_099/10594957.phase,reused,,8258,,
10594989,2010,99,event_phases/2010/2010_099/10594989.phase,data/scedc/event_phases/2010/2010_099/10594989.phase,reused,,4808,,
10595053,2010,99,event_phases/2010/2010_099/10595053.phase,data/scedc/event_phases/2010/2010_099/10595053.phase,reused,,4133,,
10595133,2010,99,event_phases/2010/2010_099/10595133.phase,data/scedc/event_phases/2010/2010_099/10595133.phase,reused,,4958,,
10595157,2010,99,event_phases/2010/2010_099/10595157.phase,data/scedc/event_phases/2010/2010_099/10595157.phase,reused,,2783,,
31629759,2010,99,event_phases/2010/2010_099/31629759.phase,data/scedc/event_phases/2010/2010_099/31629759.phase,reused,,5108,,
37053803,2010,99,event_phases/2010/2010_099/37053803.phase,data/scedc/event_phases/2010/2010_099/37053803.phase,reused,,1133,,
37066451,2010,99,event_phases/2010/2010_099/37066451.phase,data/scedc/event_phases/2010/2010_099/37066451.phase,reused,,1733,,
37073883,2010,99,event_phases/2010/2010_099/37073883.phase,data/scedc/event_phases/2010/2010_099/37073883.phase,reused,,1508,,
37074211,2010,99,event_phases/2010/2010_099/37074211.phase,data/scedc/event_phases/2010/2010_099/37074211.phase,reused,,1358,,
37075923,2010,99,event_phases/2010/2010_099/37075923.phase,data/scedc/event_phases/2010/2010_099/37075923.phase,reused,,908,,
37078283,2010,99,event_phases/2010/2010_099/37078283.phase,data/scedc/event_phases/2010/2010_099/37078283.phase,reused,,2108,,
37081003,2010,99,event_phases/2010/2010_099/37081003.phase,data/scedc/event_phases/2010/2010_099/37081003.phase,reused,,2183,,
10595277,2010,100,event_phases/2010/2010_100/10595277.phase,data/scedc/event_phases/2010/2010_100/10595277.phase,reused,,1883,,
10595453,2010,100,event_phases/2010/2010_100/10595453.phase,data/scedc/event_phases/2010/2010_100/10595453.phase,reused,,1808,,
10595461,2010,100,event_phases/2010/2010_100/10595461.phase,data/scedc/event_phases/2010/2010_100/10595461.phase,reused,,3833,,
10595613,2010,100,event_phases/2010/2010_100/10595613.phase,data/scedc/event_phases/2010/2010_100/10595613.phase,reused,,2558,,
10595677,2010,100,event_phases/2010/2010_100/10595677.phase,data/scedc/event_phases/2010/2010_100/10595677.phase,reused,,3983,,
10595685,2010,100,event_phases/2010/2010_100/10595685.phase,data/scedc/event_phases/2010/2010_100/10595685.phase,reused,,4133,,
10595693,2010,100,event_phases/2010/2010_100/10595693.phase,data/scedc/event_phases/2010/2010_100/10595693.phase,reused,,2183,,
10595805,2010,100,event_phases/2010/2010_100/10595805.phase,data/scedc/event_phases/2010/2010_100/10595805.phase,reused,,3683,,
10595917,2010,100,event_phases/2010/2010_100/10595917.phase,data/scedc/event_phases/2010/2010_100/10595917.phase,reused,,8558,,
10596077,2010,100,event_phases/2010/2010_100/10596077.phase,data/scedc/event_phases/2010/2010_100/10596077.phase,reused,,4658,,
10596093,2010,100,event_phases/2010/2010_100/10596093.phase,data/scedc/event_phases/2010/2010_100/10596093.phase,reused,,3983,,
10596173,2010,100,event_phases/2010/2010_100/10596173.phase,data/scedc/event_phases/2010/2010_100/10596173.phase,reused,,4208,,
10596205,2010,100,event_phases/2010/2010_100/10596205.phase,data/scedc/event_phases/2010/2010_100/10596205.phase,reused,,4508,,
10596269,2010,100,event_phases/2010/2010_100/10596269.phase,data/scedc/event_phases/2010/2010_100/10596269.phase,reused,,1583,,
10596301,2010,100,event_phases/2010/2010_100/10596301.phase,data/scedc/event_phases/2010/2010_100/10596301.phase,reused,,1208,,
10596605,2010,100,event_phases/2010/2010_100/10596605.phase,data/scedc/event_phases/2010/2010_100/10596605.phase,reused,,1583,,
10596989,2010,100,event_phases/2010/2010_100/10596989.phase,data/scedc/event_phases/2010/2010_100/10596989.phase,reused,,1733,,
10597061,2010,100,event_phases/2010/2010_100/10597061.phase,data/scedc/event_phases/2010/2010_100/10597061.phase,reused,,8258,,
10597069,2010,100,event_phases/2010/2010_100/10597069.phase,data/scedc/event_phases/2010/2010_100/10597069.phase,reused,,4358,,
10597077,2010,100,event_phases/2010/2010_100/10597077.phase,data/scedc/event_phases/2010/2010_100/10597077.phase,reused,,4583,,
10597101,2010,100,event_phases/2010/2010_100/10597101.phase,data/scedc/event_phases/2010/2010_100/10597101.phase,reused,,4583,,
10597109,2010,100,event_phases/2010/2010_100/10597109.phase,data/scedc/event_phases/2010/2010_100/10597109.phase,reused,,2108,,
10597293,2010,100,event_phases/2010/2010_100/10597293.phase,data/scedc/event_phases/2010/2010_100/10597293.phase,reused,,5708,,
10597877,2010,100,event_phases/2010/2010_100/10597877.phase,data/scedc/event_phases/2010/2010_100/10597877.phase,reused,,1283,,
10597885,2010,100,event_phases/2010/2010_100/10597885.phase,data/scedc/event_phases/2010/2010_100/10597885.phase,reused,,3458,,
10598173,2010,100,event_phases/2010/2010_100/10598173.phase,data/scedc/event_phases/2010/2010_100/10598173.phase,reused,,1958,,
10598237,2010,100,event_phases/2010/2010_100/10598237.phase,data/scedc/event_phases/2010/2010_100/10598237.phase,reused,,2108,,
10598341,2010,100,event_phases/2010/2010_100/10598341.phase,data/scedc/event_phases/2010/2010_100/10598341.phase,reused,,2108,,
10598493,2010,100,event_phases/2010/2010_100/10598493.phase,data/scedc/event_phases/2010/2010_100/10598493.phase,reused,,4058,,
10598693,2010,100,event_phases/2010/2010_100/10598693.phase,data/scedc/event_phases/2010/2010_100/10598693.phase,reused,,4958,,
10598757,2010,100,event_phases/2010/2010_100/10598757.phase,data/scedc/event_phases/2010/2010_100/10598757.phase,reused,,2483,,
10599181,2010,100,event_phases/2010/2010_100/10599181.phase,data/scedc/event_phases/2010/2010_100/10599181.phase,reused,,3758,,
10599269,2010,100,event_phases/2010/2010_100/10599269.phase,data/scedc/event_phases/2010/2010_100/10599269.phase,reused,,1808,,
10599285,2010,100,event_phases/2010/2010_100/10599285.phase,data/scedc/event_phases/2010/2010_100/10599285.phase,reused,,2108,,
10599373,2010,100,event_phases/2010/2010_100/10599373.phase,data/scedc/event_phases/2010/2010_100/10599373.phase,reused,,4283,,
10599437,2010,100,event_phases/2010/2010_100/10599437.phase,data/scedc/event_phases/2010/2010_100/10599437.phase,reused,,6533,,
37205253,2010,100,event_phases/2010/2010_100/37205253.phase,data/scedc/event_phases/2010/2010_100/37205253.phase,reused,,1058,,
10599493,2010,101,event_phases/2010/2010_101/10599493.phase,data/scedc/event_phases/2010/2010_101/10599493.phase,reused,,2033,,
10599501,2010,101,event_phases/2010/2010_101/10599501.phase,data/scedc/event_phases/2010/2010_101/10599501.phase,reused,,2633,,
10599557,2010,101,event_phases/2010/2010_101/10599557.phase,data/scedc/event_phases/2010/2010_101/10599557.phase,reused,,1283,,
10599653,2010,101,event_phases/2010/2010_101/10599653.phase,data/scedc/event_phases/2010/2010_101/10599653.phase,reused,,3758,,
10600333,2010,101,event_phases/2010/2010_101/10600333.phase,data/scedc/event_phases/2010/2010_101/10600333.phase,reused,,3158,,
10600349,2010,101,event_phases/2010/2010_101/10600349.phase,data/scedc/event_phases/2010/2010_101/10600349.phase,reused,,3458,,
10600549,2010,101,event_phases/2010/2010_101/10600549.phase,data/scedc/event_phases/2010/2010_101/10600549.phase,reused,,3758,,
10601013,2010,101,event_phases/2010/2010_101/10601013.phase,data/scedc/event_phases/2010/2010_101/10601013.phase,reused,,3008,,
10601021,2010,101,event_phases/2010/2010_101/10601021.phase,data/scedc/event_phases/2010/2010_101/10601021.phase,reused,,1808,,
10601253,2010,101,event_phases/2010/2010_101/10601253.phase,data/scedc/event_phases/2010/2010_101/10601253.phase,reused,,3008,,
10601613,2010,101,event_phases/2010/2010_101/10601613.phase,data/scedc/event_phases/2010/2010_101/10601613.phase,reused,,2408,,
10601749,2010,101,event_phases/2010/2010_101/10601749.phase,data/scedc/event_phases/2010/2010_101/10601749.phase,reused,,1808,,
10601837,2010,101,event_phases/2010/2010_101/10601837.phase,data/scedc/event_phases/2010/2010_101/10601837.phase,reused,,1583,,
10601877,2010,101,event_phases/2010/2010_101/10601877.phase,data/scedc/event_phases/2010/2010_101/10601877.phase,reused,,1358,,
10602077,2010,101,event_phases/2010/2010_101/10602077.phase,data/scedc/event_phases/2010/2010_101/10602077.phase,reused,,1658,,
10602149,2010,101,event_phases/2010/2010_101/10602149.phase,data/scedc/event_phases/2010/2010_101/10602149.phase,reused,,1658,,
10602229,2010,101,event_phases/2010/2010_101/10602229.phase,data/scedc/event_phases/2010/2010_101/10602229.phase,reused,,758,,
10602405,2010,101,event_phases/2010/2010_101/10602405.phase,data/scedc/event_phases/2010/2010_101/10602405.phase,reused,,2258,,
10602453,2010,101,event_phases/2010/2010_101/10602453.phase,data/scedc/event_phases/2010/2010_101/10602453.phase,reused,,3608,,
10602461,2010,101,event_phases/2010/2010_101/10602461.phase,data/scedc/event_phases/2010/2010_101/10602461.phase,reused,,2483,,
10602797,2010,101,event_phases/2010/2010_101/10602797.phase,data/scedc/event_phases/2010/2010_101/10602797.phase,reused,,1808,,
10602813,2010,101,event_phases/2010/2010_101/10602813.phase,data/scedc/event_phases/2010/2010_101/10602813.phase,reused,,1508,,
10602949,2010,101,event_phases/2010/2010_101/10602949.phase,data/scedc/event_phases/2010/2010_101/10602949.phase,reused,,2408,,
10602989,2010,101,event_phases/2010/2010_101/10602989.phase,data/scedc/event_phases/2010/2010_101/10602989.phase,reused,,4283,,
10603141,2010,101,event_phases/2010/2010_101/10603141.phase,data/scedc/event_phases/2010/2010_101/10603141.phase,reused,,2408,,
10603301,2010,101,event_phases/2010/2010_101/10603301.phase,data/scedc/event_phases/2010/2010_101/10603301.phase,reused,,2558,,
10603485,2010,101,event_phases/2010/2010_101/10603485.phase,data/scedc/event_phases/2010/2010_101/10603485.phase,reused,,3233,,
31157759,2010,101,event_phases/2010/2010_101/31157759.phase,data/scedc/event_phases/2010/2010_101/31157759.phase,reused,,1583,,
37227469,2010,101,event_phases/2010/2010_101/37227469.phase,data/scedc/event_phases/2010/2010_101/37227469.phase,reused,,1283,,
37227701,2010,101,event_phases/2010/2010_101/37227701.phase,data/scedc/event_phases/2010/2010_101/37227701.phase,reused,,1133,,
37227837,2010,101,event_phases/2010/2010_101/37227837.phase,data/scedc/event_phases/2010/2010_101/37227837.phase,reused,,1358,,
10603669,2010,102,event_phases/2010/2010_102/10603669.phase,data/scedc/event_phases/2010/2010_102/10603669.phase,reused,,2408,,
10603837,2010,102,event_phases/2010/2010_102/10603837.phase,data/scedc/event_phases/2010/2010_102/10603837.phase,reused,,2933,,
10603853,2010,102,event_phases/2010/2010_102/10603853.phase,data/scedc/event_phases/2010/2010_102/10603853.phase,reused,,5933,,
10603957,2010,102,event_phases/2010/2010_102/10603957.phase,data/scedc/event_phases/2010/2010_102/10603957.phase,reused,,6008,,
10604101,2010,102,event_phases/2010/2010_102/10604101.phase,data/scedc/event_phases/2010/2010_102/10604101.phase,reused,,5408,,
10604285,2010,102,event_phases/2010/2010_102/10604285.phase,data/scedc/event_phases/2010/2010_102/10604285.phase,reused,,3383,,
10604309,2010,102,event_phases/2010/2010_102/10604309.phase,data/scedc/event_phases/2010/2010_102/10604309.phase,reused,,3908,,
10604477,2010,102,event_phases/2010/2010_102/10604477.phase,data/scedc/event_phases/2010/2010_102/10604477.phase,reused,,3608,,
10604581,2010,102,event_phases/2010/2010_102/10604581.phase,data/scedc/event_phases/2010/2010_102/10604581.phase,reused,,4583,,
10604749,2010,102,event_phases/2010/2010_102/10604749.phase,data/scedc/event_phases/2010/2010_102/10604749.phase,reused,,6383,,
10604773,2010,102,event_phases/2010/2010_102/10604773.phase,data/scedc/event_phases/2010/2010_102/10604773.phase,reused,,3308,,
10604789,2010,102,event_phases/2010/2010_102/10604789.phase,data/scedc/event_phases/2010/2010_102/10604789.phase,reused,,1658,,
10605117,2010,102,event_phases/2010/2010_102/10605117.phase,data/scedc/event_phases/2010/2010_102/10605117.phase,reused,,3008,,
10605141,2010,102,event_phases/2010/2010_102/10605141.phase,data/scedc/event_phases/2010/2010_102/10605141.phase,reused,,3233,,
10605149,2010,102,event_phases/2010/2010_102/10605149.phase,data/scedc/event_phases/2010/2010_102/10605149.phase,reused,,2258,,
10605269,2010,102,event_phases/2010/2010_102/10605269.phase,data/scedc/event_phases/2010/2010_102/10605269.phase,reused,,3458,,
10605685,2010,102,event_phases/2010/2010_102/10605685.phase,data/scedc/event_phases/2010/2010_102/10605685.phase,reused,,1583,,
10605749,2010,102,event_phases/2010/2010_102/10605749.phase,data/scedc/event_phases/2010/2010_102/10605749.phase,reused,,3158,,
10605957,2010,102,event_phases/2010/2010_102/10605957.phase,data/scedc/event_phases/2010/2010_102/10605957.phase,reused,,3608,,
10606053,2010,102,event_phases/2010/2010_102/10606053.phase,data/scedc/event_phases/2010/2010_102/10606053.phase,reused,,2633,,
31261767,2010,102,event_phases/2010/2010_102/31261767.phase,data/scedc/event_phases/2010/2010_102/31261767.phase,reused,,1958,,
37225973,2010,102,event_phases/2010/2010_102/37225973.phase,data/scedc/event_phases/2010/2010_102/37225973.phase,reused,,908,,
10606485,2010,103,event_phases/2010/2010_103/10606485.phase,data/scedc/event_phases/2010/2010_103/10606485.phase,reused,,3833,,
10606693,2010,103,event_phases/2010/2010_103/10606693.phase,data/scedc/event_phases/2010/2010_103/10606693.phase,reused,,3308,,
10607365,2010,103,event_phases/2010/2010_103/10607365.phase,data/scedc/event_phases/2010/2010_103/10607365.phase,reused,,3158,,
10607389,2010,103,event_phases/2010/2010_103/10607389.phase,data/scedc/event_phases/2010/2010_103/10607389.phase,reused,,1583,,
10607397,2010,103,event_phases/2010/2010_103/10607397.phase,data/scedc/event_phases/2010/2010_103/10607397.phase,reused,,2633,,
10607469,2010,103,event_phases/2010/2010_103/10607469.phase,data/scedc/event_phases/2010/2010_103/10607469.phase,reused,,1358,,
10607485,2010,103,event_phases/2010/2010_103/10607485.phase,data/scedc/event_phases/2010/2010_103/10607485.phase,reused,,5108,,
10607629,2010,103,event_phases/2010/2010_103/10607629.phase,data/scedc/event_phases/2010/2010_103/10607629.phase,reused,,1883,,
10607677,2010,103,event_phases/2010/2010_103/10607677.phase,data/scedc/event_phases/2010/2010_103/10607677.phase,reused,,8483,,
10607685,2010,103,event_phases/2010/2010_103/10607685.phase,data/scedc/event_phases/2010/2010_103/10607685.phase,reused,,1658,,
10607813,2010,103,event_phases/2010/2010_103/10607813.phase,data/scedc/event_phases/2010/2010_103/10607813.phase,reused,,5258,,
10607917,2010,103,event_phases/2010/2010_103/10607917.phase,data/scedc/event_phases/2010/2010_103/10607917.phase,reused,,2033,,
10607965,2010,103,event_phases/2010/2010_103/10607965.phase,data/scedc/event_phases/2010/2010_103/10607965.phase,reused,,3833,,
10608077,2010,103,event_phases/2010/2010_103/10608077.phase,data/scedc/event_phases/2010/2010_103/10608077.phase,reused,,2483,,
10608437,2010,103,event_phases/2010/2010_103/10608437.phase,data/scedc/event_phases/2010/2010_103/10608437.phase,reused,,2708,,
10608445,2010,103,event_phases/2010/2010_103/10608445.phase,data/scedc/event_phases/2010/2010_103/10608445.phase,reused,,2258,,
10608469,2010,103,event_phases/2010/2010_103/10608469.phase,data/scedc/event_phases/2010/2010_103/10608469.phase,reused,,3383,,
10608485,2010,103,event_phases/2010/2010_103/10608485.phase,data/scedc/event_phases/2010/2010_103/10608485.phase,reused,,2108,,
37220101,2010,103,event_phases/2010/2010_103/37220101.phase,data/scedc/event_phases/2010/2010_103/37220101.phase,reused,,1583,,
10609773,2010,104,event_phases/2010/2010_104/10609773.phase,data/scedc/event_phases/2010/2010_104/10609773.phase,reused,,7508,,
10610021,2010,104,event_phases/2010/2010_104/10610021.phase,data/scedc/event_phases/2010/2010_104/10610021.phase,reused,,2183,,
10610149,2010,104,event_phases/2010/2010_104/10610149.phase,data/scedc/event_phases/2010/2010_104/10610149.phase,reused,,1883,,
10610333,2010,104,event_phases/2010/2010_104/10610333.phase,data/scedc/event_phases/2010/2010_104/10610333.phase,reused,,3083,,
10610389,2010,104,event_phases/2010/2010_104/10610389.phase,data/scedc/event_phases/2010/2010_104/10610389.phase,reused,,2033,,
10610541,2010,104,event_phases/2010/2010_104/10610541.phase,data/scedc/event_phases/2010/2010_104/10610541.phase,reused,,5033,,
10610941,2010,104,event_phases/2010/2010_104/10610941.phase,data/scedc/event_phases/2010/2010_104/10610941.phase,reused,,1958,,
31813759,2010,104,event_phases/2010/2010_104/31813759.phase,data/scedc/event_phases/2010/2010_104/31813759.phase,reused,,1808,,
10611069,2010,105,event_phases/2010/2010_105/10611069.phase,data/scedc/event_phases/2010/2010_105/10611069.phase,reused,,3383,,
10611461,2010,105,event_phases/2010/2010_105/10611461.phase,data/scedc/event_phases/2010/2010_105/10611461.phase,reused,,1283,,
10611581,2010,105,event_phases/2010/2010_105/10611581.phase,data/scedc/event_phases/2010/2010_105/10611581.phase,reused,,1208,,
10611597,2010,105,event_phases/2010/2010_105/10611597.phase,data/scedc/event_phases/2010/2010_105/10611597.phase,reused,,1583,,
10611701,2010,105,event_phases/2010/2010_105/10611701.phase,data/scedc/event_phases/2010/2010_105/10611701.phase,reused,,4583,,
10611741,2010,105,event_phases/2010/2010_105/10611741.phase,data/scedc/event_phases/2010/2010_105/10611741.phase,reused,,5258,,
10611797,2010,105,event_phases/2010/2010_105/10611797.phase,data/scedc/event_phases/2010/2010_105/10611797.phase,reused,,1733,,
10611837,2010,105,event_phases/2010/2010_105/10611837.phase,data/scedc/event_phases/2010/2010_105/10611837.phase,reused,,2408,,
10611861,2010,105,event_phases/2010/2010_105/10611861.phase,data/scedc/event_phases/2010/2010_105/10611861.phase,reused,,1508,,
10612053,2010,105,event_phases/2010/2010_105/10612053.phase,data/scedc/event_phases/2010/2010_105/10612053.phase,reused,,4283,,
10612189,2010,105,event_phases/2010/2010_105/10612189.phase,data/scedc/event_phases/2010/2010_105/10612189.phase,reused,,2108,,
10612493,2010,105,event_phases/2010/2010_105/10612493.phase,data/scedc/event_phases/2010/2010_105/10612493.phase,reused,,3233,,
10612725,2010,105,event_phases/2010/2010_105/10612725.phase,data/scedc/event_phases/2010/2010_105/10612725.phase,reused,,3233,,
10613493,2010,105,event_phases/2010/2010_105/10613493.phase,data/scedc/event_phases/2010/2010_105/10613493.phase,reused,,4733,,
10613517,2010,105,event_phases/2010/2010_105/10613517.phase,data/scedc/event_phases/2010/2010_105/10613517.phase,reused,,5183,,
31829759,2010,105,event_phases/2010/2010_105/31829759.phase,data/scedc/event_phases/2010/2010_105/31829759.phase,reused,,1208,,
31845759,2010,105,event_phases/2010/2010_105/31845759.phase,data/scedc/event_phases/2010/2010_105/31845759.phase,reused,,2558,,
37186429,2010,105,event_phases/2010/2010_105/37186429.phase,data/scedc/event_phases/2010/2010_105/37186429.phase,reused,,1133,,
37186749,2010,105,event_phases/2010/2010_105/37186749.phase,data/scedc/event_phases/2010/2010_105/37186749.phase,reused,,1658,,
37186757,2010,105,event_phases/2010/2010_105/37186757.phase,data/scedc/event_phases/2010/2010_105/37186757.phase,reused,,983,,
37197101,2010,105,event_phases/2010/2010_105/37197101.phase,data/scedc/event_phases/2010/2010_105/37197101.phase,reused,,2933,,
10613973,2010,106,event_phases/2010/2010_106/10613973.phase,data/scedc/event_phases/2010/2010_106/10613973.phase,reused,,5783,,
10614101,2010,106,event_phases/2010/2010_106/10614101.phase,data/scedc/event_phases/2010/2010_106/10614101.phase,reused,,3083,,
10614317,2010,106,event_phases/2010/2010_106/10614317.phase,data/scedc/event_phases/2010/2010_106/10614317.phase,reused,,3233,,
10614365,2010,106,event_phases/2010/2010_106/10614365.phase,data/scedc/event_phases/2010/2010_106/10614365.phase,reused,,3608,,
10614397,2010,106,event_phases/2010/2010_106/10614397.phase,data/scedc/event_phases/2010/2010_106/10614397.phase,reused,,6683,,
10614493,2010,106,event_phases/2010/2010_106/10614493.phase,data/scedc/event_phases/2010/2010_106/10614493.phase,reused,,2408,,
10615501,2010,106,event_phases/2010/2010_106/10615501.phase,data/scedc/event_phases/2010/2010_106/10615501.phase,reused,,3158,,
10615613,2010,106,event_phases/2010/2010_106/10615613.phase,data/scedc/event_phases/2010/2010_106/10615613.phase,reused,,2333,,
10615725,2010,106,event_phases/2010/2010_106/10615725.phase,data/scedc/event_phases/2010/2010_106/10615725.phase,reused,,2183,,
10615853,2010,106,event_phases/2010/2010_106/10615853.phase,data/scedc/event_phases/2010/2010_106/10615853.phase,reused,,2108,,
10616181,2010,106,event_phases/2010/2010_106/10616181.phase,data/scedc/event_phases/2010/2010_106/10616181.phase,reused,,4883,,
10616293,2010,106,event_phases/2010/2010_106/10616293.phase,data/scedc/event_phases/2010/2010_106/10616293.phase,reused,,2783,,
10616381,2010,106,event_phases/2010/2010_106/10616381.phase,data/scedc/event_phases/2010/2010_106/10616381.phase,reused,,4433,,
10616485,2010,106,event_phases/2010/2010_106/10616485.phase,data/scedc/event_phases/2010/2010_106/10616485.phase,reused,,3683,,
10616661,2010,106,event_phases/2010/2010_106/10616661.phase,data/scedc/event_phases/2010/2010_106/10616661.phase,reused,,6758,,
32037759,2010,106,event_phases/2010/2010_106/32037759.phase,data/scedc/event_phases/2010/2010_106/32037759.phase,reused,,2933,,
32069767,2010,106,event_phases/2010/2010_106/32069767.phase,data/scedc/event_phases/2010/2010_106/32069767.phase,reused,,1508,,
37174245,2010,106,event_phases/2010/2010_106/37174245.phase,data/scedc/event_phases/2010/2010_106/37174245.phase,reused,,1808,,
10616741,2010,107,event_phases/2010/2010_107/10616741.phase,data/scedc/event_phases/2010/2010_107/10616741.phase,reused,,2783,,
10617277,2010,107,event_phases/2010/2010_107/10617277.phase,data/scedc/event_phases/2010/2010_107/10617277.phase,reused,,3458,,
10617493,2010,107,event_phases/2010/2010_107/10617493.phase,data/scedc/event_phases/2010/2010_107/10617493.phase,reused,,2558,,
10617613,2010,107,event_phases/2010/2010_107/10617613.phase,data/scedc/event_phases/2010/2010_107/10617613.phase,reused,,4808,,
10617949,2010,107,event_phases/2010/2010_107/10617949.phase,data/scedc/event_phases/2010/2010_107/10617949.phase,reused,,3608,,
10618205,2010,107,event_phases/2010/2010_107/10618205.phase,data/scedc/event_phases/2010/2010_107/10618205.phase,reused,,4883,,
10618341,2010,107,event_phases/2010/2010_107/10618341.phase,data/scedc/event_phases/2010/2010_107/10618341.phase,reused,,3383,,
10618469,2010,107,event_phases/2010/2010_107/10618469.phase,data/scedc/event_phases/2010/2010_107/10618469.phase,reused,,2633,,
10618621,2010,107,event_phases/2010/2010_107/10618621.phase,data/scedc/event_phases/2010/2010_107/10618621.phase,reused,,3758,,
10618741,2010,107,event_phases/2010/2010_107/10618741.phase,data/scedc/event_phases/2010/2010_107/10618741.phase,reused,,6458,,
10618781,2010,107,event_phases/2010/2010_107/10618781.phase,data/scedc/event_phases/2010/2010_107/10618781.phase,reused,,1958,,
10618989,2010,107,event_phases/2010/2010_107/10618989.phase,data/scedc/event_phases/2010/2010_107/10618989.phase,reused,,3758,,
10619485,2010,108,event_phases/2010/2010_108/10619485.phase,data/scedc/event_phases/2010/2010_108/10619485.phase,reused,,2483,,
10619533,2010,108,event_phases/2010/2010_108/10619533.phase,data/scedc/event_phases/2010/2010_108/10619533.phase,reused,,7733,,
10619605,2010,108,event_phases/2010/2010_108/10619605.phase,data/scedc/event_phases/2010/2010_108/10619605.phase,reused,,3908,,
10619629,2010,108,event_phases/2010/2010_108/10619629.phase,data/scedc/event_phases/2010/2010_108/10619629.phase,reused,,1733,,
10620269,2010,108,event_phases/2010/2010_108/10620269.phase,data/scedc/event_phases/2010/2010_108/10620269.phase,reused,,2783,,
10620421,2010,108,event_phases/2010/2010_108/10620421.phase,data/scedc/event_phases/2010/2010_108/10620421.phase,reused,,5558,,
10621141,2010,108,event_phases/2010/2010_108/10621141.phase,data/scedc/event_phases/2010/2010_108/10621141.phase,reused,,2258,,
10621613,2010,108,event_phases/2010/2010_108/10621613.phase,data/scedc/event_phases/2010/2010_108/10621613.phase,reused,,4583,,
10621629,2010,108,event_phases/2010/2010_108/10621629.phase,data/scedc/event_phases/2010/2010_108/10621629.phase,reused,,7058,,
10621869,2010,108,event_phases/2010/2010_108/10621869.phase,data/scedc/event_phases/2010/2010_108/10621869.phase,reused,,2708,,
10622149,2010,109,event_phases/2010/2010_109/10622149.phase,data/scedc/event_phases/2010/2010_109/10622149.phase,reused,,5858,,
10622189,2010,109,event_phases/2010/2010_109/10622189.phase,data/scedc/event_phases/2010/2010_109/10622189.phase,reused,,4433,,
10622229,2010,109,event_phases/2010/2010_109/10622229.phase,data/scedc/event_phases/2010/2010_109/10622229.phase,reused,,3758,,
10622405,2010,109,event_phases/2010/2010_109/10622405.phase,data/scedc/event_phases/2010/2010_109/10622405.phase,reused,,8183,,
10622453,2010,109,event_phases/2010/2010_109/10622453.phase,data/scedc/event_phases/2010/2010_109/10622453.phase,reused,,5633,,
10622789,2010,109,event_phases/2010/2010_109/10622789.phase,data/scedc/event_phases/2010/2010_109/10622789.phase,reused,,3008,,
10623045,2010,109,event_phases/2010/2010_109/10623045.phase,data/scedc/event_phases/2010/2010_109/10623045.phase,reused,,7508,,
10623557,2010,109,event_phases/2010/2010_109/10623557.phase,data/scedc/event_phases/2010/2010_109/10623557.phase,reused,,1508,,
10624125,2010,109,event_phases/2010/2010_109/10624125.phase,data/scedc/event_phases/2010/2010_109/10624125.phase,reused,,6458,,
10625213,2010,110,event_phases/2010/2010_110/10625213.phase,data/scedc/event_phases/2010/2010_110/10625213.phase,reused,,3983,,
10625445,2010,110,event_phases/2010/2010_110/10625445.phase,data/scedc/event_phases/2010/2010_110/10625445.phase,reused,,4433,,
10625565,2010,110,event_phases/2010/2010_110/10625565.phase,data/scedc/event_phases/2010/2010_110/10625565.phase,reused,,7808,,
10625661,2010,110,event_phases/2010/2010_110/10625661.phase,data/scedc/event_phases/2010/2010_110/10625661.phase,reused,,3908,,
10626357,2010,110,event_phases/2010/2010_110/10626357.phase,data/scedc/event_phases/2010/2010_110/10626357.phase,reused,,5483,,
10626661,2010,110,event_phases/2010/2010_110/10626661.phase,data/scedc/event_phases/2010/2010_110/10626661.phase,reused,,5108,,
10627653,2010,111,event_phases/2010/2010_111/10627653.phase,data/scedc/event_phases/2010/2010_111/10627653.phase,reused,,7208,,
10627701,2010,111,event_phases/2010/2010_111/10627701.phase,data/scedc/event_phases/2010/2010_111/10627701.phase,reused,,3908,,
10627813,2010,111,event_phases/2010/2010_111/10627813.phase,data/scedc/event_phases/2010/2010_111/10627813.phase,reused,,3083,,
10628237,2010,111,event_phases/2010/2010_111/10628237.phase,data/scedc/event_phases/2010/2010_111/10628237.phase,reused,,5783,,
10628293,2010,111,event_phases/2010/2010_111/10628293.phase,data/scedc/event_phases/2010/2010_111/10628293.phase,reused,,4958,,
10628413,2010,112,event_phases/2010/2010_112/10628413.phase,data/scedc/event_phases/2010/2010_112/10628413.phase,reused,,2183,,
10628973,2010,112,event_phases/2010/2010_112/10628973.phase,data/scedc/event_phases/2010/2010_112/10628973.phase,reused,,3083,,
10629517,2010,112,event_phases/2010/2010_112/10629517.phase,data/scedc/event_phases/2010/2010_112/10629517.phase,reused,,4208,,
10629541,2010,112,event_phases/2010/2010_112/10629541.phase,data/scedc/event_phases/2010/2010_112/10629541.phase,reused,,8408,,
10629877,2010,112,event_phases/2010/2010_112/10629877.phase,data/scedc/event_phases/2010/2010_112/10629877.phase,reused,,3383,,
10629973,2010,112,event_phases/2010/2010_112/10629973.phase,data/scedc/event_phases/2010/2010_112/10629973.phase,reused,,1883,,
10630013,2010,112,event_phases/2010/2010_112/10630013.phase,data/scedc/event_phases/2010/2010_112/10630013.phase,reused,,7433,,
32613759,2010,112,event_phases/2010/2010_112/32613759.phase,data/scedc/event_phases/2010/2010_112/32613759.phase,reused,,1358,,
10630517,2010,113,event_phases/2010/2010_113/10630517.phase,data/scedc/event_phases/2010/2010_113/10630517.phase,reused,,4208,,
10631117,2010,113,event_phases/2010/2010_113/10631117.phase,data/scedc/event_phases/2010/2010_113/10631117.phase,reused,,4508,,
10631781,2010,113,event_phases/2010/2010_113/10631781.phase,data/scedc/event_phases/2010/2010_113/10631781.phase,reused,,4058,,
10631885,2010,113,event_phases/2010/2010_113/10631885.phase,data/scedc/event_phases/2010/2010_113/10631885.phase,reused,,6758,,
37119516,2010,113,event_phases/2010/2010_113/37119516.phase,data/scedc/event_phases/2010/2010_113/37119516.phase,reused,,1283,,
10632853,2010,114,event_phases/2010/2010_114/10632853.phase,data/scedc/event_phases/2010/2010_114/10632853.phase,reused,,6908,,
10633389,2010,114,event_phases/2010/2010_114/10633389.phase,data/scedc/event_phases/2010/2010_114/10633389.phase,reused,,4433,,
10633517,2010,114,event_phases/2010/2010_114/10633517.phase,data/scedc/event_phases/2010/2010_114/10633517.phase,reused,,3158,,
10634557,2010,115,event_phases/2010/2010_115/10634557.phase,data/scedc/event_phases/2010/2010_115/10634557.phase,reused,,4733,,
10634565,2010,115,event_phases/2010/2010_115/10634565.phase,data/scedc/event_phases/2010/2010_115/10634565.phase,reused,,3383,,
10634717,2010,115,event_phases/2010/2010_115/10634717.phase,data/scedc/event_phases/2010/2010_115/10634717.phase,reused,,4658,,
10634869,2010,115,event_phases/2010/2010_115/10634869.phase,data/scedc/event_phases/2010/2010_115/10634869.phase,reused,,3908,,
10635525,2010,115,event_phases/2010/2010_115/10635525.phase,data/scedc/event_phases/2010/2010_115/10635525.phase,reused,,6758,,
10635781,2010,115,event_phases/2010/2010_115/10635781.phase,data/scedc/event_phases/2010/2010_115/10635781.phase,reused,,4583,,
10635813,2010,115,event_phases/2010/2010_115/10635813.phase,data/scedc/event_phases/2010/2010_115/10635813.phase,reused,,2258,,
37117252,2010,115,event_phases/2010/2010_115/37117252.phase,data/scedc/event_phases/2010/2010_115/37117252.phase,reused,,1208,,
10636565,2010,116,event_phases/2010/2010_116/10636565.phase,data/scedc/event_phases/2010/2010_116/10636565.phase,reused,,2558,,
10636885,2010,116,event_phases/2010/2010_116/10636885.phase,data/scedc/event_phases/2010/2010_116/10636885.phase,reused,,3908,,
14680436,2010,116,event_phases/2010/2010_116/14680436.phase,data/scedc/event_phases/2010/2010_116/14680436.phase,reused,,4133,,
14680500,2010,116,event_phases/2010/2010_116/14680500.phase,data/scedc/event_phases/2010/2010_116/14680500.phase,reused,,4808,,
14680868,2010,116,event_phases/2010/2010_116/14680868.phase,data/scedc/event_phases/2010/2010_116/14680868.phase,reused,,3908,,
10147398,2010,117,event_phases/2010/2010_117/10147398.phase,data/scedc/event_phases/2010/2010_117/10147398.phase,reused,,908,,
14681116,2010,117,event_phases/2010/2010_117/14681116.phase,data/scedc/event_phases/2010/2010_117/14681116.phase,reused,,4958,,
14681124,2010,117,event_phases/2010/2010_117/14681124.phase,data/scedc/event_phases/2010/2010_117/14681124.phase,reused,,4658,,
14681228,2010,117,event_phases/2010/2010_117/14681228.phase,data/scedc/event_phases/2010/2010_117/14681228.phase,reused,,3758,,
14682092,2010,117,event_phases/2010/2010_117/14682092.phase,data/scedc/event_phases/2010/2010_117/14682092.phase,reused,,3608,,
14682284,2010,117,event_phases/2010/2010_117/14682284.phase,data/scedc/event_phases/2010/2010_117/14682284.phase,reused,,2633,,
14682564,2010,117,event_phases/2010/2010_117/14682564.phase,data/scedc/event_phases/2010/2010_117/14682564.phase,reused,,6983,,
14682676,2010,117,event_phases/2010/2010_117/14682676.phase,data/scedc/event_phases/2010/2010_117/14682676.phase,reused,,7658,,
14682700,2010,117,event_phases/2010/2010_117/14682700.phase,data/scedc/event_phases/2010/2010_117/14682700.phase,reused,,5783,,
14683268,2010,117,event_phases/2010/2010_117/14683268.phase,data/scedc/event_phases/2010/2010_117/14683268.phase,reused,,9158,,
14683468,2010,117,event_phases/2010/2010_117/14683468.phase,data/scedc/event_phases/2010/2010_117/14683468.phase,reused,,3683,,
32733759,2010,117,event_phases/2010/2010_117/32733759.phase,data/scedc/event_phases/2010/2010_117/32733759.phase,reused,,1058,,
35989759,2010,117,event_phases/2010/2010_117/35989759.phase,data/scedc/event_phases/2010/2010_117/35989759.phase,reused,,2033,,
14683836,2010,118,event_phases/2010/2010_118/14683836.phase,data/scedc/event_phases/2010/2010_118/14683836.phase,reused,,7883,,
14683916,2010,118,event_phases/2010/2010_118/14683916.phase,data/scedc/event_phases/2010/2010_118/14683916.phase,reused,,3758,,
14683996,2010,118,event_phases/2010/2010_118/14683996.phase,data/scedc/event_phases/2010/2010_118/14683996.phase,reused,,7658,,
14684788,2010,118,event_phases/2010/2010_118/14684788.phase,data/scedc/event_phases/2010/2010_118/14684788.phase,reused,,3233,,
14684876,2010,118,event_phases/2010/2010_118/14684876.phase,data/scedc/event_phases/2010/2010_118/14684876.phase,reused,,2333,,
14685092,2010,118,event_phases/2010/2010_118/14685092.phase,data/scedc/event_phases/2010/2010_118/14685092.phase,reused,,1658,,
14685516,2010,119,event_phases/2010/2010_119/14685516.phase,data/scedc/event_phases/2010/2010_119/14685516.phase,reused,,1883,,
14685916,2010,119,event_phases/2010/2010_119/14685916.phase,data/scedc/event_phases/2010/2010_119/14685916.phase,reused,,4508,,
14686028,2010,119,event_phases/2010/2010_119/14686028.phase,data/scedc/event_phases/2010/2010_119/14686028.phase,reused,,10283,,
14686124,2010,119,event_phases/2010/2010_119/14686124.phase,data/scedc/event_phases/2010/2010_119/14686124.phase,reused,,7883,,
14686172,2010,119,event_phases/2010/2010_119/14686172.phase,data/scedc/event_phases/2010/2010_119/14686172.phase,reused,,6533,,
14686340,2010,119,event_phases/2010/2010_119/14686340.phase,data/scedc/event_phases/2010/2010_119/14686340.phase,reused,,5858,,
32829759,2010,119,event_phases/2010/2010_119/32829759.phase,data/scedc/event_phases/2010/2010_119/32829759.phase,reused,,1358,,
14686460,2010,120,event_phases/2010/2010_120/14686460.phase,data/scedc/event_phases/2010/2010_120/14686460.phase,reused,,2183,,
14686500,2010,120,event_phases/2010/2010_120/14686500.phase,data/scedc/event_phases/2010/2010_120/14686500.phase,reused,,2708,,
14686692,2010,120,event_phases/2010/2010_120/14686692.phase,data/scedc/event_phases/2010/2010_120/14686692.phase,reused,,3383,,
14686860,2010,120,event_phases/2010/2010_120/14686860.phase,data/scedc/event_phases/2010/2010_120/14686860.phase,reused,,11408,,
14687260,2010,120,event_phases/2010/2010_120/14687260.phase,data/scedc/event_phases/2010/2010_120/14687260.phase,reused,,5333,,
14687420,2010,120,event_phases/2010/2010_120/14687420.phase,data/scedc/event_phases/2010/2010_120/14687420.phase,reused,,4058,,
14687740,2010,121,event_phases/2010/2010_121/14687740.phase,data/scedc/event_phases/2010/2010_121/14687740.phase,reused,,3908,,
14687804,2010,121,event_phases/2010/2010_121/14687804.phase,data/scedc/event_phases/2010/2010_121/14687804.phase,reused,,6008,,
14688260,2010,121,event_phases/2010/2010_121/14688260.phase,data/scedc/event_phases/2010/2010_121/14688260.phase,reused,,7058,,
14688476,2010,121,event_phases/2010/2010_121/14688476.phase,data/scedc/event_phases/2010/2010_121/14688476.phase,reused,,5408,,
14688820,2010,121,event_phases/2010/2010_121/14688820.phase,data/scedc/event_phases/2010/2010_121/14688820.phase,reused,,3758,,
14688996,2010,121,event_phases/2010/2010_121/14688996.phase,data/scedc/event_phases/2010/2010_121/14688996.phase,reused,,1208,,
14689004,2010,121,event_phases/2010/2010_121/14689004.phase,data/scedc/event_phases/2010/2010_121/14689004.phase,reused,,4208,,
14689228,2010,122,event_phases/2010/2010_122/14689228.phase,data/scedc/event_phases/2010/2010_122/14689228.phase,reused,,4433,,
14689420,2010,122,event_phases/2010/2010_122/14689420.phase,data/scedc/event_phases/2010/2010_122/14689420.phase,reused,,1658,,
14689652,2010,122,event_phases/2010/2010_122/14689652.phase,data/scedc/event_phases/2010/2010_122/14689652.phase,reused,,6833,,
14689972,2010,122,event_phases/2010/2010_122/14689972.phase,data/scedc/event_phases/2010/2010_122/14689972.phase,reused,,1733,,
14689980,2010,122,event_phases/2010/2010_122/14689980.phase,data/scedc/event_phases/2010/2010_122/14689980.phase,reused,,4358,,
14690804,2010,123,event_phases/2010/2010_123/14690804.phase,data/scedc/event_phases/2010/2010_123/14690804.phase,reused,,3833,,
14690932,2010,123,event_phases/2010/2010_123/14690932.phase,data/scedc/event_phases/2010/2010_123/14690932.phase,reused,,5633,,
32973759,2010,123,event_phases/2010/2010_123/32973759.phase,data/scedc/event_phases/2010/2010_123/32973759.phase,reused,,2408,,
14692612,2010,124,event_phases/2010/2010_124/14692612.phase,data/scedc/event_phases/2010/2010_124/14692612.phase,reused,,3533,,
14692700,2010,124,event_phases/2010/2010_124/14692700.phase,data/scedc/event_phases/2010/2010_124/14692700.phase,reused,,4208,,
14692836,2010,124,event_phases/2010/2010_124/14692836.phase,data/scedc/event_phases/2010/2010_124/14692836.phase,reused,,4508,,
14692844,2010,124,event_phases/2010/2010_124/14692844.phase,data/scedc/event_phases/2010/2010_124/14692844.phase,reused,,2858,,
14694564,2010,125,event_phases/2010/2010_125/14694564.phase,data/scedc/event_phases/2010/2010_125/14694564.phase,reused,,3533,,
14694636,2010,125,event_phases/2010/2010_125/14694636.phase,data/scedc/event_phases/2010/2010_125/14694636.phase,reused,,4883,,
14695300,2010,125,event_phases/2010/2010_125/14695300.phase,data/scedc/event_phases/2010/2010_125/14695300.phase,reused,,4508,,
14695308,2010,125,event_phases/2010/2010_125/14695308.phase,data/scedc/event_phases/2010/2010_125/14695308.phase,reused,,1283,,
14695324,2010,125,event_phases/2010/2010_125/14695324.phase,data/scedc/event_phases/2010/2010_125/14695324.phase,reused,,1133,,
14695340,2010,125,event_phases/2010/2010_125/14695340.phase,data/scedc/event_phases/2010/2010_125/14695340.phase,reused,,3233,,
33029759,2010,125,event_phases/2010/2010_125/33029759.phase,data/scedc/event_phases/2010/2010_125/33029759.phase,reused,,3308,,
36934359,2010,125,event_phases/2010/2010_125/36934359.phase,data/scedc/event_phases/2010/2010_125/36934359.phase,reused,,983,,
14695652,2010,126,event_phases/2010/2010_126/14695652.phase,data/scedc/event_phases/2010/2010_126/14695652.phase,reused,,5333,,
14695660,2010,126,event_phases/2010/2010_126/14695660.phase,data/scedc/event_phases/2010/2010_126/14695660.phase,reused,,6758,,
14695812,2010,126,event_phases/2010/2010_126/14695812.phase,data/scedc/event_phases/2010/2010_126/14695812.phase,reused,,6533,,
14696612,2010,126,event_phases/2010/2010_126/14696612.phase,data/scedc/event_phases/2010/2010_126/14696612.phase,reused,,4133,,
14697108,2010,126,event_phases/2010/2010_126/14697108.phase,data/scedc/event_phases/2010/2010_126/14697108.phase,reused,,6008,,
14697788,2010,127,event_phases/2010/2010_127/14697788.phase,data/scedc/event_phases/2010/2010_127/14697788.phase,reused,,3233,,
14697796,2010,127,event_phases/2010/2010_127/14697796.phase,data/scedc/event_phases/2010/2010_127/14697796.phase,reused,,4583,,
33117759,2010,127,event_phases/2010/2010_127/33117759.phase,data/scedc/event_phases/2010/2010_127/33117759.phase,reused,,3158,,
10656389,2010,128,event_phases/2010/2010_128/10656389.phase,data/scedc/event_phases/2010/2010_128/10656389.phase,reused,,7433,,
10657125,2010,128,event_phases/2010/2010_128/10657125.phase,data/scedc/event_phases/2010/2010_128/10657125.phase,reused,,8708,,
10657277,2010,128,event_phases/2010/2010_128/10657277.phase,data/scedc/event_phases/2010/2010_128/10657277.phase,reused,,3158,,
10657525,2010,128,event_phases/2010/2010_128/10657525.phase,data/scedc/event_phases/2010/2010_128/10657525.phase,reused,,8933,,
10657533,2010,128,event_phases/2010/2010_128/10657533.phase,data/scedc/event_phases/2010/2010_128/10657533.phase,reused,,8333,,
10657549,2010,128,event_phases/2010/2010_128/10657549.phase,data/scedc/event_phases/2010/2010_128/10657549.phase,reused,,8933,,
10657565,2010,128,event_phases/2010/2010_128/10657565.phase,data/scedc/event_phases/2010/2010_128/10657565.phase,reused,,2558,,
10657701,2010,128,event_phases/2010/2010_128/10657701.phase,data/scedc/event_phases/2010/2010_128/10657701.phase,reused,,9233,,
10657789,2010,128,event_phases/2010/2010_128/10657789.phase,data/scedc/event_phases/2010/2010_128/10657789.phase,reused,,7508,,
10657981,2010,128,event_phases/2010/2010_128/10657981.phase,data/scedc/event_phases/2010/2010_128/10657981.phase,reused,,4733,,
10658109,2010,128,event_phases/2010/2010_128/10658109.phase,data/scedc/event_phases/2010/2010_128/10658109.phase,reused,,7883,,
10658421,2010,129,event_phases/2010/2010_129/10658421.phase,data/scedc/event_phases/2010/2010_129/10658421.phase,reused,,8483,,
10658461,2010,129,event_phases/2010/2010_129/10658461.phase,data/scedc/event_phases/2010/2010_129/10658461.phase,reused,,5483,,
10658789,2010,129,event_phases/2010/2010_129/10658789.phase,data/scedc/event_phases/2010/2010_129/10658789.phase,reused,,5108,,
10659101,2010,129,event_phases/2010/2010_129/10659101.phase,data/scedc/event_phases/2010/2010_129/10659101.phase,reused,,4133,,
10659325,2010,129,event_phases/2010/2010_129/10659325.phase,data/scedc/event_phases/2010/2010_129/10659325.phase,reused,,5558,,
10659453,2010,129,event_phases/2010/2010_129/10659453.phase,data/scedc/event_phases/2010/2010_129/10659453.phase,reused,,2783,,
10659469,2010,129,event_phases/2010/2010_129/10659469.phase,data/scedc/event_phases/2010/2010_129/10659469.phase,reused,,3533,,
10659597,2010,130,event_phases/2010/2010_130/10659597.phase,data/scedc/event_phases/2010/2010_130/10659597.phase,reused,,3833,,
10659661,2010,130,event_phases/2010/2010_130/10659661.phase,data/scedc/event_phases/2010/2010_130/10659661.phase,reused,,2558,,
10660221,2010,130,event_phases/2010/2010_130/10660221.phase,data/scedc/event_phases/2010/2010_130/10660221.phase,reused,,4733,,
10660557,2010,130,event_phases/2010/2010_130/10660557.phase,data/scedc/event_phases/2010/2010_130/10660557.phase,reused,,5183,,
10660837,2010,130,event_phases/2010/2010_130/10660837.phase,data/scedc/event_phases/2010/2010_130/10660837.phase,reused,,5933,,
10661573,2010,131,event_phases/2010/2010_131/10661573.phase,data/scedc/event_phases/2010/2010_131/10661573.phase,reused,,3758,,
10661685,2010,131,event_phases/2010/2010_131/10661685.phase,data/scedc/event_phases/2010/2010_131/10661685.phase,reused,,7508,,
10662013,2010,131,event_phases/2010/2010_131/10662013.phase,data/scedc/event_phases/2010/2010_131/10662013.phase,reused,,1358,,
10662029,2010,131,event_phases/2010/2010_131/10662029.phase,data/scedc/event_phases/2010/2010_131/10662029.phase,reused,,4658,,
10662053,2010,131,event_phases/2010/2010_131/10662053.phase,data/scedc/event_phases/2010/2010_131/10662053.phase,reused,,3758,,
37101116,2010,131,event_phases/2010/2010_131/37101116.phase,data/scedc/event_phases/2010/2010_131/37101116.phase,reused,,1883,,
10662365,2010,132,event_phases/2010/2010_132/10662365.phase,data/scedc/event_phases/2010/2010_132/10662365.phase,reused,,2033,,
10662837,2010,132,event_phases/2010/2010_132/10662837.phase,data/scedc/event_phases/2010/2010_132/10662837.phase,reused,,7433,,
10663093,2010,132,event_phases/2010/2010_132/10663093.phase,data/scedc/event_phases/2010/2010_132/10663093.phase,reused,,1733,,
10663141,2010,132,event_phases/2010/2010_132/10663141.phase,data/scedc/event_phases/2010/2010_132/10663141.phase,reused,,1283,,
10663157,2010,132,event_phases/2010/2010_132/10663157.phase,data/scedc/event_phases/2010/2010_132/10663157.phase,reused,,3983,,
10663165,2010,132,event_phases/2010/2010_132/10663165.phase,data/scedc/event_phases/2010/2010_132/10663165.phase,reused,,2483,,
10663453,2010,132,event_phases/2010/2010_132/10663453.phase,data/scedc/event_phases/2010/2010_132/10663453.phase,reused,,3008,,
10663957,2010,133,event_phases/2010/2010_133/10663957.phase,data/scedc/event_phases/2010/2010_133/10663957.phase,reused,,4283,,
10664381,2010,133,event_phases/2010/2010_133/10664381.phase,data/scedc/event_phases/2010/2010_133/10664381.phase,reused,,5183,,
10664797,2010,134,event_phases/2010/2010_134/10664797.phase,data/scedc/event_phases/2010/2010_134/10664797.phase,reused,,3833,,
10664909,2010,134,event_phases/2010/2010_134/10664909.phase,data/scedc/event_phases/2010/2010_134/10664909.phase,reused,,4283,,
10665149,2010,134,event_phases/2010/2010_134/10665149.phase,data/scedc/event_phases/2010/2010_134/10665149.phase,reused,,7883,,
10665173,2010,134,event_phases/2010/2010_134/10665173.phase,data/scedc/event_phases/2010/2010_134/10665173.phase,reused,,9383,,
10665373,2010,134,event_phases/2010/2010_134/10665373.phase,data/scedc/event_phases/2010/2010_134/10665373.phase,reused,,8783,,
10665413,2010,134,event_phases/2010/2010_134/10665413.phase,data/scedc/event_phases/2010/2010_134/10665413.phase,reused,,3158,,
10665629,2010,134,event_phases/2010/2010_134/10665629.phase,data/scedc/event_phases/2010/2010_134/10665629.phase,reused,,5483,,
10665693,2010,134,event_phases/2010/2010_134/10665693.phase,data/scedc/event_phases/2010/2010_134/10665693.phase,reused,,6833,,
10665733,2010,134,event_phases/2010/2010_134/10665733.phase,data/scedc/event_phases/2010/2010_134/10665733.phase,reused,,2558,,
10666413,2010,134,event_phases/2010/2010_134/10666413.phase,data/scedc/event_phases/2010/2010_134/10666413.phase,reused,,8033,,
10667013,2010,135,event_phases/2010/2010_135/10667013.phase,data/scedc/event_phases/2010/2010_135/10667013.phase,reused,,2783,,
10667021,2010,135,event_phases/2010/2010_135/10667021.phase,data/scedc/event_phases/2010/2010_135/10667021.phase,reused,,3083,,
10667037,2010,135,event_phases/2010/2010_135/10667037.phase,data/scedc/event_phases/2010/2010_135/10667037.phase,reused,,3008,,
10667045,2010,135,event_phases/2010/2010_135/10667045.phase,data/scedc/event_phases/2010/2010_135/10667045.phase,reused,,1808,,
10668173,2010,136,event_phases/2010/2010_136/10668173.phase,data/scedc/event_phases/2010/2010_136/10668173.phase,reused,,3533,,
10668261,2010,136,event_phases/2010/2010_136/10668261.phase,data/scedc/event_phases/2010/2010_136/10668261.phase,reused,,1658,,
10669221,2010,136,event_phases/2010/2010_136/10669221.phase,data/scedc/event_phases/2010/2010_136/10669221.phase,reused,,6683,,
10669861,2010,137,event_phases/2010/2010_137/10669861.phase,data/scedc/event_phases/2010/2010_137/10669861.phase,reused,,4133,,
10670205,2010,137,event_phases/2010/2010_137/10670205.phase,data/scedc/event_phases/2010/2010_137/10670205.phase,reused,,1808,,
10670413,2010,137,event_phases/2010/2010_137/10670413.phase,data/scedc/event_phases/2010/2010_137/10670413.phase,reused,,4508,,
10671365,2010,138,event_phases/2010/2010_138/10671365.phase,data/scedc/event_phases/2010/2010_138/10671365.phase,reused,,2933,,
10671989,2010,139,event_phases/2010/2010_139/10671989.phase,data/scedc/event_phases/2010/2010_139/10671989.phase,reused,,11108,,
10672573,2010,139,event_phases/2010/2010_139/10672573.phase,data/scedc/event_phases/2010/2010_139/10672573.phase,reused,,3833,,
10672981,2010,139,event_phases/2010/2010_139/10672981.phase,data/scedc/event_phases/2010/2010_139/10672981.phase,reused,,2933,,
10672997,2010,139,event_phases/2010/2010_139/10672997.phase,data/scedc/event_phases/2010/2010_139/10672997.phase,reused,,2708,,
10673037,2010,139,event_phases/2010/2010_139/10673037.phase,data/scedc/event_phases/2010/2010_139/10673037.phase,reused,,3533,,
14715500,2010,140,event_phases/2010/2010_140/14715500.phase,data/scedc/event_phases/2010/2010_140/14715500.phase,reused,,3683,,
14715524,2010,140,event_phases/2010/2010_140/14715524.phase,data/scedc/event_phases/2010/2010_140/14715524.phase,reused,,3083,,
14715540,2010,140,event_phases/2010/2010_140/14715540.phase,data/scedc/event_phases/2010/2010_140/14715540.phase,reused,,6758,,
14715564,2010,140,event_phases/2010/2010_140/14715564.phase,data/scedc/event_phases/2010/2010_140/14715564.phase,reused,,2558,,
14715684,2010,140,event_phases/2010/2010_140/14715684.phase,data/scedc/event_phases/2010/2010_140/14715684.phase,reused,,3383,,
14715796,2010,140,event_phases/2010/2010_140/14715796.phase,data/scedc/event_phases/2010/2010_140/14715796.phase,reused,,1283,,
14715916,2010,140,event_phases/2010/2010_140/14715916.phase,data/scedc/event_phases/2010/2010_140/14715916.phase,reused,,2408,,
14716692,2010,141,event_phases/2010/2010_141/14716692.phase,data/scedc/event_phases/2010/2010_141/14716692.phase,reused,,3158,,
14718124,2010,142,event_phases/2010/2010_142/14718124.phase,data/scedc/event_phases/2010/2010_142/14718124.phase,reused,,3833,,
14718172,2010,142,event_phases/2010/2010_142/14718172.phase,data/scedc/event_phases/2010/2010_142/14718172.phase,reused,,3158,,
14718212,2010,142,event_phases/2010/2010_142/14718212.phase,data/scedc/event_phases/2010/2010_142/14718212.phase,reused,,8258,,
14718756,2010,142,event_phases/2010/2010_142/14718756.phase,data/scedc/event_phases/2010/2010_142/14718756.phase,reused,,8558,,
14718764,2010,142,event_phases/2010/2010_142/14718764.phase,data/scedc/event_phases/2010/2010_142/14718764.phase,reused,,4358,,
14718772,2010,142,event_phases/2010/2010_142/14718772.phase,data/scedc/event_phases/2010/2010_142/14718772.phase,reused,,3608,,
14718836,2010,142,event_phases/2010/2010_142/14718836.phase,data/scedc/event_phases/2010/2010_142/14718836.phase,reused,,4883,,
14719076,2010,142,event_phases/2010/2010_142/14719076.phase,data/scedc/event_phases/2010/2010_142/14719076.phase,reused,,5933,,
14719124,2010,142,event_phases/2010/2010_142/14719124.phase,data/scedc/event_phases/2010/2010_142/14719124.phase,reused,,4958,,
14719524,2010,143,event_phases/2010/2010_143/14719524.phase,data/scedc/event_phases/2010/2010_143/14719524.phase,reused,,4658,,
14720308,2010,143,event_phases/2010/2010_143/14720308.phase,data/scedc/event_phases/2010/2010_143/14720308.phase,reused,,4133,,
14720340,2010,143,event_phases/2010/2010_143/14720340.phase,data/scedc/event_phases/2010/2010_143/14720340.phase,reused,,1883,,
14720524,2010,144,event_phases/2010/2010_144/14720524.phase,data/scedc/event_phases/2010/2010_144/14720524.phase,reused,,2558,,
14720724,2010,144,event_phases/2010/2010_144/14720724.phase,data/scedc/event_phases/2010/2010_144/14720724.phase,reused,,7208,,
14722260,2010,145,event_phases/2010/2010_145/14722260.phase,data/scedc/event_phases/2010/2010_145/14722260.phase,reused,,3308,,
14722268,2010,145,event_phases/2010/2010_145/14722268.phase,data/scedc/event_phases/2010/2010_145/14722268.phase,reused,,1733,,
14722972,2010,145,event_phases/2010/2010_145/14722972.phase,data/scedc/event_phases/2010/2010_145/14722972.phase,reused,,4433,,
10154482,2010,146,event_phases/2010/2010_146/10154482.phase,data/scedc/event_phases/2010/2010_146/10154482.phase,reused,,2858,,
14723412,2010,146,event_phases/2010/2010_146/14723412.phase,data/scedc/event_phases/2010/2010_146/14723412.phase,reused,,2708,,
14723532,2010,146,event_phases/2010/2010_146/14723532.phase,data/scedc/event_phases/2010/2010_146/14723532.phase,reused,,3158,,
14723540,2010,146,event_phases/2010/2010_146/14723540.phase,data/scedc/event_phases/2010/2010_146/14723540.phase,reused,,4733,,
14723732,2010,146,event_phases/2010/2010_146/14723732.phase,data/scedc/event_phases/2010/2010_146/14723732.phase,reused,,2708,,
14724004,2010,146,event_phases/2010/2010_146/14724004.phase,data/scedc/event_phases/2010/2010_146/14724004.phase,reused,,3758,,
14724020,2010,146,event_phases/2010/2010_146/14724020.phase,data/scedc/event_phases/2010/2010_146/14724020.phase,reused,,3833,,
14724044,2010,146,event_phases/2010/2010_146/14724044.phase,data/scedc/event_phases/2010/2010_146/14724044.phase,reused,,2933,,
14724804,2010,146,event_phases/2010/2010_146/14724804.phase,data/scedc/event_phases/2010/2010_146/14724804.phase,reused,,3908,,
10154722,2010,147,event_phases/2010/2010_147/10154722.phase,data/scedc/event_phases/2010/2010_147/10154722.phase,reused,,1658,,
14725268,2010,147,event_phases/2010/2010_147/14725268.phase,data/scedc/event_phases/2010/2010_147/14725268.phase,reused,,2708,,
14725364,2010,147,event_phases/2010/2010_147/14725364.phase,data/scedc/event_phases/2010/2010_147/14725364.phase,reused,,4133,,
14725564,2010,147,event_phases/2010/2010_147/14725564.phase,data/scedc/event_phases/2010/2010_147/14725564.phase,reused,,1733,,
14725676,2010,147,event_phases/2010/2010_147/14725676.phase,data/scedc/event_phases/2010/2010_147/14725676.phase,reused,,2558,,
14725724,2010,147,event_phases/2010/2010_147/14725724.phase,data/scedc/event_phases/2010/2010_147/14725724.phase,reused,,2108,,
14725764,2010,147,event_phases/2010/2010_147/14725764.phase,data/scedc/event_phases/2010/2010_147/14725764.phase,reused,,3308,,
14726092,2010,148,event_phases/2010/2010_148/14726092.phase,data/scedc/event_phases/2010/2010_148/14726092.phase,reused,,4733,,
14726244,2010,148,event_phases/2010/2010_148/14726244.phase,data/scedc/event_phases/2010/2010_148/14726244.phase,reused,,2558,,
14726836,2010,148,event_phases/2010/2010_148/14726836.phase,data/scedc/event_phases/2010/2010_148/14726836.phase,reused,,1508,,
14727068,2010,149,event_phases/2010/2010_149/14727068.phase,data/scedc/event_phases/2010/2010_149/14727068.phase,reused,,2258,,
14727108,2010,149,event_phases/2010/2010_149/14727108.phase,data/scedc/event_phases/2010/2010_149/14727108.phase,reused,,2783,,
14727396,2010,149,event_phases/2010/2010_149/14727396.phase,data/scedc/event_phases/2010/2010_149/14727396.phase,reused,,6833,,
14728444,2010,150,event_phases/2010/2010_150/14728444.phase,data/scedc/event_phases/2010/2010_150/14728444.phase,reused,,3008,,
14729332,2010,151,event_phases/2010/2010_151/14729332.phase,data/scedc/event_phases/2010/2010_151/14729332.phase,reused,,2933,,
14730156,2010,151,event_phases/2010/2010_151/14730156.phase,data/scedc/event_phases/2010/2010_151/14730156.phase,reused,,2483,,
14731540,2010,153,event_phases/2010/2010_153/14731540.phase,data/scedc/event_phases/2010/2010_153/14731540.phase,reused,,1358,,
14731660,2010,153,event_phases/2010/2010_153/14731660.phase,data/scedc/event_phases/2010/2010_153/14731660.phase,reused,,5258,,
14731716,2010,153,event_phases/2010/2010_153/14731716.phase,data/scedc/event_phases/2010/2010_153/14731716.phase,reused,,3533,,
14732212,2010,153,event_phases/2010/2010_153/14732212.phase,data/scedc/event_phases/2010/2010_153/14732212.phase,reused,,3458,,
14732268,2010,153,event_phases/2010/2010_153/14732268.phase,data/scedc/event_phases/2010/2010_153/14732268.phase,reused,,2033,,
14732844,2010,154,event_phases/2010/2010_154/14732844.phase,data/scedc/event_phases/2010/2010_154/14732844.phase,reused,,2558,,
14733300,2010,154,event_phases/2010/2010_154/14733300.phase,data/scedc/event_phases/2010/2010_154/14733300.phase,reused,,7358,,
14733516,2010,154,event_phases/2010/2010_154/14733516.phase,data/scedc/event_phases/2010/2010_154/14733516.phase,reused,,8633,,
14734828,2010,155,event_phases/2010/2010_155/14734828.phase,data/scedc/event_phases/2010/2010_155/14734828.phase,reused,,8408,,
14734836,2010,155,event_phases/2010/2010_155/14734836.phase,data/scedc/event_phases/2010/2010_155/14734836.phase,reused,,7733,,
14736108,2010,157,event_phases/2010/2010_157/14736108.phase,data/scedc/event_phases/2010/2010_157/14736108.phase,reused,,2408,,
14736372,2010,157,event_phases/2010/2010_157/14736372.phase,data/scedc/event_phases/2010/2010_157/14736372.phase,reused,,2633,,
10156322,2010,158,event_phases/2010/2010_158/10156322.phase,data/scedc/event_phases/2010/2010_158/10156322.phase,reused,,2408,,
10156402,2010,158,event_phases/2010/2010_158/10156402.phase,data/scedc/event_phases/2010/2010_158/10156402.phase,reused,,1358,,
14737396,2010,158,event_phases/2010/2010_158/14737396.phase,data/scedc/event_phases/2010/2010_158/14737396.phase,reused,,2633,,
14737476,2010,158,event_phases/2010/2010_158/14737476.phase,data/scedc/event_phases/2010/2010_158/14737476.phase,reused,,3233,,
14739124,2010,159,event_phases/2010/2010_159/14739124.phase,data/scedc/event_phases/2010/2010_159/14739124.phase,reused,,4358,,
14740124,2010,160,event_phases/2010/2010_160/14740124.phase,data/scedc/event_phases/2010/2010_160/14740124.phase,reused,,3308,,
14740244,2010,160,event_phases/2010/2010_160/14740244.phase,data/scedc/event_phases/2010/2010_160/14740244.phase,reused,,4208,,
14740500,2010,160,event_phases/2010/2010_160/14740500.phase,data/scedc/event_phases/2010/2010_160/14740500.phase,reused,,3758,,
10158082,2010,161,event_phases/2010/2010_161/10158082.phase,data/scedc/event_phases/2010/2010_161/10158082.phase,reused,,1283,,
10192590,2010,161,event_phases/2010/2010_161/10192590.phase,data/scedc/event_phases/2010/2010_161/10192590.phase,reused,,1058,,
10699845,2010,161,event_phases/2010/2010_161/10699845.phase,data/scedc/event_phases/2010/2010_161/10699845.phase,reused,,2258,,
10699885,2010,161,event_phases/2010/2010_161/10699885.phase,data/scedc/event_phases/2010/2010_161/10699885.phase,reused,,2858,,
10158162,2010,162,event_phases/2010/2010_162/10158162.phase,data/scedc/event_phases/2010/2010_162/10158162.phase,reused,,2033,,
10158242,2010,162,event_phases/2010/2010_162/10158242.phase,data/scedc/event_phases/2010/2010_162/10158242.phase,reused,,2333,,
10700149,2010,162,event_phases/2010/2010_162/10700149.phase,data/scedc/event_phases/2010/2010_162/10700149.phase,reused,,1958,,
10700293,2010,162,event_phases/2010/2010_162/10700293.phase,data/scedc/event_phases/2010/2010_162/10700293.phase,reused,,3233,,
10700429,2010,162,event_phases/2010/2010_162/10700429.phase,data/scedc/event_phases/2010/2010_162/10700429.phase,reused,,3908,,
10701413,2010,164,event_phases/2010/2010_164/10701413.phase,data/scedc/event_phases/2010/2010_164/10701413.phase,reused,,3383,,
10702637,2010,164,event_phases/2010/2010_164/10702637.phase,data/scedc/event_phases/2010/2010_164/10702637.phase,reused,,4058,,
10702645,2010,164,event_phases/2010/2010_164/10702645.phase,data/scedc/event_phases/2010/2010_164/10702645.phase,reused,,3233,,
10702797,2010,164,event_phases/2010/2010_164/10702797.phase,data/scedc/event_phases/2010/2010_164/10702797.phase,reused,,3608,,
10702837,2010,164,event_phases/2010/2010_164/10702837.phase,data/scedc/event_phases/2010/2010_164/10702837.phase,reused,,3758,,
10703133,2010,165,event_phases/2010/2010_165/10703133.phase,data/scedc/event_phases/2010/2010_165/10703133.phase,reused,,2933,,
10703173,2010,165,event_phases/2010/2010_165/10703173.phase,data/scedc/event_phases/2010/2010_165/10703173.phase,reused,,2633,,
10703373,2010,165,event_phases/2010/2010_165/10703373.phase,data/scedc/event_phases/2010/2010_165/10703373.phase,reused,,2333,,
10189250,2010,166,event_phases/2010/2010_166/10189250.phase,data/scedc/event_phases/2010/2010_166/10189250.phase,reused,,1433,,
10189474,2010,166,event_phases/2010/2010_166/10189474.phase,data/scedc/event_phases/2010/2010_166/10189474.phase,reused,,833,,
10189650,2010,166,event_phases/2010/2010_166/10189650.phase,data/scedc/event_phases/2010/2010_166/10189650.phase,reused,,1208,,
10189654,2010,166,event_phases/2010/2010_166/10189654.phase,data/scedc/event_phases/2010/2010_166/10189654.phase,reused,,1358,,
10703941,2010,166,event_phases/2010/2010_166/10703941.phase,data/scedc/event_phases/2010/2010_166/10703941.phase,reused,,1583,,
14745564,2010,166,event_phases/2010/2010_166/14745564.phase,data/scedc/event_phases/2010/2010_166/14745564.phase,reused,,3608,,
14745580,2010,166,event_phases/2010/2010_166/14745580.phase,data/scedc/event_phases/2010/2010_166/14745580.phase,reused,,8333,,
14745588,2010,166,event_phases/2010/2010_166/14745588.phase,data/scedc/event_phases/2010/2010_166/14745588.phase,reused,,3083,,
14745596,2010,166,event_phases/2010/2010_166/14745596.phase,data/scedc/event_phases/2010/2010_166/14745596.phase,reused,,2558,,
14745612,2010,166,event_phases/2010/2010_166/14745612.phase,data/scedc/event_phases/2010/2010_166/14745612.phase,reused,,1283,,
14745620,2010,166,event_phases/2010/2010_166/14745620.phase,data/scedc/event_phases/2010/2010_166/14745620.phase,reused,,3308,,
14745636,2010,166,event_phases/2010/2010_166/14745636.phase,data/scedc/event_phases/2010/2010_166/14745636.phase,reused,,3758,,
14745652,2010,166,event_phases/2010/2010_166/14745652.phase,data/scedc/event_phases/2010/2010_166/14745652.phase,reused,,4508,,
14745676,2010,166,event_phases/2010/2010_166/14745676.phase,data/scedc/event_phases/2010/2010_166/14745676.phase,reused,,3233,,
14745684,2010,166,event_phases/2010/2010_166/14745684.phase,data/scedc/event_phases/2010/2010_166/14745684.phase,reused,,6008,,
14745732,2010,166,event_phases/2010/2010_166/14745732.phase,data/scedc/event_phases/2010/2010_166/14745732.phase,reused,,1358,,
14745748,2010,166,event_phases/2010/2010_166/14745748.phase,data/scedc/event_phases/2010/2010_166/14745748.phase,reused,,4658,,
14745908,2010,166,event_phases/2010/2010_166/14745908.phase,data/scedc/event_phases/2010/2010_166/14745908.phase,reused,,4808,,
14745924,2010,166,event_phases/2010/2010_166/14745924.phase,data/scedc/event_phases/2010/2010_166/14745924.phase,reused,,1883,,
14745932,2010,166,event_phases/2010/2010_166/14745932.phase,data/scedc/event_phases/2010/2010_166/14745932.phase,reused,,7208,,
14746004,2010,166,event_phases/2010/2010_166/14746004.phase,data/scedc/event_phases/2010/2010_166/14746004.phase,reused,,3158,,
14746164,2010,166,event_phases/2010/2010_166/14746164.phase,data/scedc/event_phases/2010/2010_166/14746164.phase,reused,,4733,,
14746172,2010,166,event_phases/2010/2010_166/14746172.phase,data/scedc/event_phases/2010/2010_166/14746172.phase,reused,,6758,,
14746452,2010,166,event_phases/2010/2010_166/14746452.phase,data/scedc/event_phases/2010/2010_166/14746452.phase,reused,,5933,,
14746604,2010,166,event_phases/2010/2010_166/14746604.phase,data/scedc/event_phases/2010/2010_166/14746604.phase,reused,,2783,,
14746668,2010,166,event_phases/2010/2010_166/14746668.phase,data/scedc/event_phases/2010/2010_166/14746668.phase,reused,,4358,,
14746724,2010,166,event_phases/2010/2010_166/14746724.phase,data/scedc/event_phases/2010/2010_166/14746724.phase,reused,,3683,,
14746772,2010,166,event_phases/2010/2010_166/14746772.phase,data/scedc/event_phases/2010/2010_166/14746772.phase,reused,,3833,,
14746844,2010,166,event_phases/2010/2010_166/14746844.phase,data/scedc/event_phases/2010/2010_166/14746844.phase,reused,,6608,,
14747396,2010,166,event_phases/2010/2010_166/14747396.phase,data/scedc/event_phases/2010/2010_166/14747396.phase,reused,,7208,,
14747404,2010,166,event_phases/2010/2010_166/14747404.phase,data/scedc/event_phases/2010/2010_166/14747404.phase,reused,,3683,,
14747428,2010,166,event_phases/2010/2010_166/14747428.phase,data/scedc/event_phases/2010/2010_166/14747428.phase,reused,,2483,,
14747452,2010,166,event_phases/2010/2010_166/14747452.phase,data/scedc/event_phases/2010/2010_166/14747452.phase,reused,,1883,,
14747556,2010,166,event_phases/2010/2010_166/14747556.phase,data/scedc/event_phases/2010/2010_166/14747556.phase,reused,,2483,,
14747684,2010,166,event_phases/2010/2010_166/14747684.phase,data/scedc/event_phases/2010/2010_166/14747684.phase,reused,,3083,,
14747756,2010,166,event_phases/2010/2010_166/14747756.phase,data/scedc/event_phases/2010/2010_166/14747756.phase,reused,,2633,,
14748044,2010,166,event_phases/2010/2010_166/14748044.phase,data/scedc/event_phases/2010/2010_166/14748044.phase,reused,,5933,,
14748052,2010,166,event_phases/2010/2010_166/14748052.phase,data/scedc/event_phases/2010/2010_166/14748052.phase,reused,,3233,,
14749388,2010,166,event_phases/2010/2010_166/14749388.phase,data/scedc/event_phases/2010/2010_166/14749388.phase,reused,,7283,,
14749420,2010,166,event_phases/2010/2010_166/14749420.phase,data/scedc/event_phases/2010/2010_166/14749420.phase,reused,,4358,,
14749724,2010,166,event_phases/2010/2010_166/14749724.phase,data/scedc/event_phases/2010/2010_166/14749724.phase,reused,,5858,,
14749764,2010,166,event_phases/2010/2010_166/14749764.phase,data/scedc/event_phases/2010/2010_166/14749764.phase,reused,,6458,,
14749860,2010,166,event_phases/2010/2010_166/14749860.phase,data/scedc/event_phases/2010/2010_166/14749860.phase,reused,,5558,,
14750604,2010,166,event_phases/2010/2010_166/14750604.phase,data/scedc/event_phases/2010/2010_166/14750604.phase,reused,,4133,,
14750724,2010,166,event_phases/2010/2010_166/14750724.phase,data/scedc/event_phases/2010/2010_166/14750724.phase,reused,,3083,,
14750780,2010,166,event_phases/2010/2010_166/14750780.phase,data/scedc/event_phases/2010/2010_166/14750780.phase,reused,,3908,,
33869759,2010,166,event_phases/2010/2010_166/33869759.phase,data/scedc/event_phases/2010/2010_166/33869759.phase,reused,,2783,,
33877759,2010,166,event_phases/2010/2010_166/33877759.phase,data/scedc/event_phases/2010/2010_166/33877759.phase,reused,,1508,,
34021759,2010,166,event_phases/2010/2010_166/34021759.phase,data/scedc/event_phases/2010/2010_166/34021759.phase,reused,,1958,,
14751300,2010,167,event_phases/2010/2010_167/14751300.phase,data/scedc/event_phases/2010/2010_167/14751300.phase,reused,,2783,,
14751940,2010,167,event_phases/2010/2010_167/14751940.phase,data/scedc/event_phases/2010/2010_167/14751940.phase,reused,,3608,,
14752220,2010,167,event_phases/2010/2010_167/14752220.phase,data/scedc/event_phases/2010/2010_167/14752220.phase,reused,,5033,,
14752284,2010,167,event_phases/2010/2010_167/14752284.phase,data/scedc/event_phases/2010/2010_167/14752284.phase,reused,,7133,,
14752348,2010,167,event_phases/2010/2010_167/14752348.phase,data/scedc/event_phases/2010/2010_167/14752348.phase,reused,,6758,,
14752380,2010,167,event_phases/2010/2010_167/14752380.phase,data/scedc/event_phases/2010/2010_167/14752380.phase,reused,,2858,,
14752460,2010,167,event_phases/2010/2010_167/14752460.phase,data/scedc/event_phases/2010/2010_167/14752460.phase,reused,,1283,,
14752556,2010,167,event_phases/2010/2010_167/14752556.phase,data/scedc/event_phases/2010/2010_167/14752556.phase,reused,,4958,,
14752700,2010,167,event_phases/2010/2010_167/14752700.phase,data/scedc/event_phases/2010/2010_167/14752700.phase,reused,,3083,,
14752884,2010,167,event_phases/2010/2010_167/14752884.phase,data/scedc/event_phases/2010/2010_167/14752884.phase,reused,,2858,,
14753036,2010,167,event_phases/2010/2010_167/14753036.phase,data/scedc/event_phases/2010/2010_167/14753036.phase,reused,,2783,,
14753300,2010,167,event_phases/2010/2010_167/14753300.phase,data/scedc/event_phases/2010/2010_167/14753300.phase,reused,,2483,,
14753356,2010,167,event_phases/2010/2010_167/14753356.phase,data/scedc/event_phases/2010/2010_167/14753356.phase,reused,,1358,,
10160722,2010,168,event_phases/2010/2010_168/10160722.phase,data/scedc/event_phases/2010/2010_168/10160722.phase,reused,,1133,,
14754324,2010,168,event_phases/2010/2010_168/14754324.phase,data/scedc/event_phases/2010/2010_168/14754324.phase,reused,,1058,,
14754356,2010,168,event_phases/2010/2010_168/14754356.phase,data/scedc/event_phases/2010/2010_168/14754356.phase,reused,,1208,,
14754388,2010,168,event_phases/2010/2010_168/14754388.phase,data/scedc/event_phases/2010/2010_168/14754388.phase,reused,,1358,,
14754412,2010,168,event_phases/2010/2010_168/14754412.phase,data/scedc/event_phases/2010/2010_168/14754412.phase,reused,,3533,,
14754780,2010,168,event_phases/2010/2010_168/14754780.phase,data/scedc/event_phases/2010/2010_168/14754780.phase,reused,,4058,,
14754900,2010,168,event_phases/2010/2010_168/14754900.phase,data/scedc/event_phases/2010/2010_168/14754900.phase,reused,,3533,,
10714749,2010,169,event_phases/2010/2010_169/10714749.phase,data/scedc/event_phases/2010/2010_169/10714749.phase,reused,,1583,,
10715237,2010,169,event_phases/2010/2010_169/10715237.phase,data/scedc/event_phases/2010/2010_169/10715237.phase,reused,,3308,,
10715365,2010,169,event_phases/2010/2010_169/10715365.phase,data/scedc/event_phases/2010/2010_169/10715365.phase,reused,,6608,,
10716053,2010,169,event_phases/2010/2010_169/10716053.phase,data/scedc/event_phases/2010/2010_169/10716053.phase,reused,,6683,,
10716205,2010,170,event_phases/2010/2010_170/10716205.phase,data/scedc/event_phases/2010/2010_170/10716205.phase,reused,,1958,,
10717277,2010,170,event_phases/2010/2010_170/10717277.phase,data/scedc/event_phases/2010/2010_170/10717277.phase,reused,,2108,,
10717781,2010,171,event_phases/2010/2010_171/10717781.phase,data/scedc/event_phases/2010/2010_171/10717781.phase,reused,,2708,,
10718397,2010,171,event_phases/2010/2010_171/10718397.phase,data/scedc/event_phases/2010/2010_171/10718397.phase,reused,,2408,,
10721237,2010,174,event_phases/2010/2010_174/10721237.phase,data/scedc/event_phases/2010/2010_174/10721237.phase,reused,,3758,,
10722005,2010,174,event_phases/2010/2010_174/10722005.phase,data/scedc/event_phases/2010/2010_174/10722005.phase,reused,,5708,,
10722141,2010,174,event_phases/2010/2010_174/10722141.phase,data/scedc/event_phases/2010/2010_174/10722141.phase,reused,,3308,,
10723037,2010,175,event_phases/2010/2010_175/10723037.phase,data/scedc/event_phases/2010/2010_175/10723037.phase,reused,,2108,,
10723509,2010,175,event_phases/2010/2010_175/10723509.phase,data/scedc/event_phases/2010/2010_175/10723509.phase,reused,,1883,,
10723933,2010,176,event_phases/2010/2010_176/10723933.phase,data/scedc/event_phases/2010/2010_176/10723933.phase,reused,,4658,,
10724837,2010,176,event_phases/2010/2010_176/10724837.phase,data/scedc/event_phases/2010/2010_176/10724837.phase,reused,,1883,,
10724845,2010,176,event_phases/2010/2010_176/10724845.phase,data/scedc/event_phases/2010/2010_176/10724845.phase,reused,,5408,,
10725973,2010,177,event_phases/2010/2010_177/10725973.phase,data/scedc/event_phases/2010/2010_177/10725973.phase,reused,,3908,,
10725989,2010,178,event_phases/2010/2010_178/10725989.phase,data/scedc/event_phases/2010/2010_178/10725989.phase,reused,,3908,,
10726413,2010,178,event_phases/2010/2010_178/10726413.phase,data/scedc/event_phases/2010/2010_178/10726413.phase,reused,,7283,,
10727093,2010,179,event_phases/2010/2010_179/10727093.phase,data/scedc/event_phases/2010/2010_179/10727093.phase,reused,,3908,,
10727893,2010,180,event_phases/2010/2010_180/10727893.phase,data/scedc/event_phases/2010/2010_180/10727893.phase,reused,,2858,,
10728701,2010,180,event_phases/2010/2010_180/10728701.phase,data/scedc/event_phases/2010/2010_180/10728701.phase,reused,,3008,,
10730117,2010,182,event_phases/2010/2010_182/10730117.phase,data/scedc/event_phases/2010/2010_182/10730117.phase,reused,,3458,,
10730349,2010,182,event_phases/2010/2010_182/10730349.phase,data/scedc/event_phases/2010/2010_182/10730349.phase,reused,,6608,,
14771884,2010,182,event_phases/2010/2010_182/14771884.phase,data/scedc/event_phases/2010/2010_182/14771884.phase,reused,,2558,,
10165682,2010,183,event_phases/2010/2010_183/10165682.phase,data/scedc/event_phases/2010/2010_183/10165682.phase,reused,,758,,
14772188,2010,183,event_phases/2010/2010_183/14772188.phase,data/scedc/event_phases/2010/2010_183/14772188.phase,reused,,1283,,
14772556,2010,183,event_phases/2010/2010_183/14772556.phase,data/scedc/event_phases/2010/2010_183/14772556.phase,reused,,6083,,
14772652,2010,183,event_phases/2010/2010_183/14772652.phase,data/scedc/event_phases/2010/2010_183/14772652.phase,reused,,1658,,
14772972,2010,184,event_phases/2010/2010_184/14772972.phase,data/scedc/event_phases/2010/2010_184/14772972.phase,reused,,1658,,
14773012,2010,184,event_phases/2010/2010_184/14773012.phase,data/scedc/event_phases/2010/2010_184/14773012.phase,reused,,5483,,
14773244,2010,184,event_phases/2010/2010_184/14773244.phase,data/scedc/event_phases/2010/2010_184/14773244.phase,reused,,1658,,
14773852,2010,185,event_phases/2010/2010_185/14773852.phase,data/scedc/event_phases/2010/2010_185/14773852.phase,reused,,1583,,
14774036,2010,185,event_phases/2010/2010_185/14774036.phase,data/scedc/event_phases/2010/2010_185/14774036.phase,reused,,1283,,
14774124,2010,185,event_phases/2010/2010_185/14774124.phase,data/scedc/event_phases/2010/2010_185/14774124.phase,reused,,1583,,
14775604,2010,187,event_phases/2010/2010_187/14775604.phase,data/scedc/event_phases/2010/2010_187/14775604.phase,reused,,1883,,
14775788,2010,187,event_phases/2010/2010_187/14775788.phase,data/scedc/event_phases/2010/2010_187/14775788.phase,reused,,2033,,
14776012,2010,187,event_phases/2010/2010_187/14776012.phase,data/scedc/event_phases/2010/2010_187/14776012.phase,reused,,2258,,
10736101,2010,188,event_phases/2010/2010_188/10736101.phase,data/scedc/event_phases/2010/2010_188/10736101.phase,reused,,5483,,
14776636,2010,188,event_phases/2010/2010_188/14776636.phase,data/scedc/event_phases/2010/2010_188/14776636.phase,reused,,1433,,
36942479,2010,189,event_phases/2010/2010_189/36942479.phase,data/scedc/event_phases/2010/2010_189/36942479.phase,reused,,2033,,
10743157,2010,190,event_phases/2010/2010_190/10743157.phase,data/scedc/event_phases/2010/2010_190/10743157.phase,reused,,3908,,
10743261,2010,190,event_phases/2010/2010_190/10743261.phase,data/scedc/event_phases/2010/2010_190/10743261.phase,reused,,3083,,
10743373,2010,190,event_phases/2010/2010_190/10743373.phase,data/scedc/event_phases/2010/2010_190/10743373.phase,reused,,3308,,
10747941,2010,192,event_phases/2010/2010_192/10747941.phase,data/scedc/event_phases/2010/2010_192/10747941.phase,reused,,4883,,
10749061,2010,193,event_phases/2010/2010_193/10749061.phase,data/scedc/event_phases/2010/2010_193/10749061.phase,reused,,2108,,
10749781,2010,193,event_phases/2010/2010_193/10749781.phase,data/scedc/event_phases/2010/2010_193/10749781.phase,reused,,4658,,
10751261,2010,195,event_phases/2010/2010_195/10751261.phase,data/scedc/event_phases/2010/2010_195/10751261.phase,reused,,2333,,
10751397,2010,195,event_phases/2010/2010_195/10751397.phase,data/scedc/event_phases/2010/2010_195/10751397.phase,reused,,1358,,
10751509,2010,195,event_phases/2010/2010_195/10751509.phase,data/scedc/event_phases/2010/2010_195/10751509.phase,reused,,2183,,
10751781,2010,195,event_phases/2010/2010_195/10751781.phase,data/scedc/event_phases/2010/2010_195/10751781.phase,reused,,2633,,
10751837,2010,195,event_phases/2010/2010_195/10751837.phase,data/scedc/event_phases/2010/2010_195/10751837.phase,reused,,2333,,
10752085,2010,195,event_phases/2010/2010_195/10752085.phase,data/scedc/event_phases/2010/2010_195/10752085.phase,reused,,1433,,
10753165,2010,196,event_phases/2010/2010_196/10753165.phase,data/scedc/event_phases/2010/2010_196/10753165.phase,reused,,2408,,
10753933,2010,197,event_phases/2010/2010_197/10753933.phase,data/scedc/event_phases/2010/2010_197/10753933.phase,reused,,3458,,
10754973,2010,198,event_phases/2010/2010_198/10754973.phase,data/scedc/event_phases/2010/2010_198/10754973.phase,reused,,2108,,
10756957,2010,200,event_phases/2010/2010_200/10756957.phase,data/scedc/event_phases/2010/2010_200/10756957.phase,reused,,1433,,
10757205,2010,201,event_phases/2010/2010_201/10757205.phase,data/scedc/event_phases/2010/2010_201/10757205.phase,reused,,3008,,
10758429,2010,203,event_phases/2010/2010_203/10758429.phase,data/scedc/event_phases/2010/2010_203/10758429.phase,reused,,1883,,
10758933,2010,203,event_phases/2010/2010_203/10758933.phase,data/scedc/event_phases/2010/2010_203/10758933.phase,reused,,1733,,
10760165,2010,205,event_phases/2010/2010_205/10760165.phase,data/scedc/event_phases/2010/2010_205/10760165.phase,reused,,5033,,
10760605,2010,205,event_phases/2010/2010_205/10760605.phase,data/scedc/event_phases/2010/2010_205/10760605.phase,reused,,2033,,
10760733,2010,205,event_phases/2010/2010_205/10760733.phase,data/scedc/event_phases/2010/2010_205/10760733.phase,reused,,3533,,
10760949,2010,205,event_phases/2010/2010_205/10760949.phase,data/scedc/event_phases/2010/2010_205/10760949.phase,reused,,1508,,
10760973,2010,205,event_phases/2010/2010_205/10760973.phase,data/scedc/event_phases/2010/2010_205/10760973.phase,reused,,2783,,
10761373,2010,206,event_phases/2010/2010_206/10761373.phase,data/scedc/event_phases/2010/2010_206/10761373.phase,reused,,2408,,
10761397,2010,206,event_phases/2010/2010_206/10761397.phase,data/scedc/event_phases/2010/2010_206/10761397.phase,reused,,2783,,
10762117,2010,207,event_phases/2010/2010_207/10762117.phase,data/scedc/event_phases/2010/2010_207/10762117.phase,reused,,2708,,
10762165,2010,207,event_phases/2010/2010_207/10762165.phase,data/scedc/event_phases/2010/2010_207/10762165.phase,reused,,1433,,
10763509,2010,208,event_phases/2010/2010_208/10763509.phase,data/scedc/event_phases/2010/2010_208/10763509.phase,reused,,2258,,
10763549,2010,208,event_phases/2010/2010_208/10763549.phase,data/scedc/event_phases/2010/2010_208/10763549.phase,reused,,2183,,
10763829,2010,209,event_phases/2010/2010_209/10763829.phase,data/scedc/event_phases/2010/2010_209/10763829.phase,reused,,1808,,
34965759,2010,209,event_phases/2010/2010_209/34965759.phase,data/scedc/event_phases/2010/2010_209/34965759.phase,reused,,1283,,
10765061,2010,210,event_phases/2010/2010_210/10765061.phase,data/scedc/event_phases/2010/2010_210/10765061.phase,reused,,2708,,
10765157,2010,210,event_phases/2010/2010_210/10765157.phase,data/scedc/event_phases/2010/2010_210/10765157.phase,reused,,2108,,
10767005,2010,212,event_phases/2010/2010_212/10767005.phase,data/scedc/event_phases/2010/2010_212/10767005.phase,reused,,1658,,
10767557,2010,213,event_phases/2010/2010_213/10767557.phase,data/scedc/event_phases/2010/2010_213/10767557.phase,reused,,2033,,
10767757,2010,213,event_phases/2010/2010_213/10767757.phase,data/scedc/event_phases/2010/2010_213/10767757.phase,reused,,2258,,
10768637,2010,215,event_phases/2010/2010_215/10768637.phase,data/scedc/event_phases/2010/2010_215/10768637.phase,reused,,3833,,
10768933,2010,215,event_phases/2010/2010_215/10768933.phase,data/scedc/event_phases/2010/2010_215/10768933.phase,reused,,2108,,
10769493,2010,216,event_phases/2010/2010_216/10769493.phase,data/scedc/event_phases/2010/2010_216/10769493.phase,reused,,1583,,
10770029,2010,216,event_phases/2010/2010_216/10770029.phase,data/scedc/event_phases/2010/2010_216/10770029.phase,reused,,1358,,
10773085,2010,220,event_phases/2010/2010_220/10773085.phase,data/scedc/event_phases/2010/2010_220/10773085.phase,reused,,6233,,
10773949,2010,221,event_phases/2010/2010_221/10773949.phase,data/scedc/event_phases/2010/2010_221/10773949.phase,reused,,1658,,
10774605,2010,222,event_phases/2010/2010_222/10774605.phase,data/scedc/event_phases/2010/2010_222/10774605.phase,reused,,3083,,
10774757,2010,222,event_phases/2010/2010_222/10774757.phase,data/scedc/event_phases/2010/2010_222/10774757.phase,reused,,1058,,
10775573,2010,223,event_phases/2010/2010_223/10775573.phase,data/scedc/event_phases/2010/2010_223/10775573.phase,reused,,2183,,
10776605,2010,224,event_phases/2010/2010_224/10776605.phase,data/scedc/event_phases/2010/2010_224/10776605.phase,reused,,2108,,
10777357,2010,225,event_phases/2010/2010_225/10777357.phase,data/scedc/event_phases/2010/2010_225/10777357.phase,reused,,908,,
10778317,2010,226,event_phases/2010/2010_226/10778317.phase,data/scedc/event_phases/2010/2010_226/10778317.phase,reused,,1433,,
10778757,2010,227,event_phases/2010/2010_227/10778757.phase,data/scedc/event_phases/2010/2010_227/10778757.phase,reused,,1583,,
10779005,2010,227,event_phases/2010/2010_227/10779005.phase,data/scedc/event_phases/2010/2010_227/10779005.phase,reused,,1808,,
10779277,2010,227,event_phases/2010/2010_227/10779277.phase,data/scedc/event_phases/2010/2010_227/10779277.phase,reused,,1583,,
10779597,2010,228,event_phases/2010/2010_228/10779597.phase,data/scedc/event_phases/2010/2010_228/10779597.phase,reused,,1133,,
10779701,2010,228,event_phases/2010/2010_228/10779701.phase,data/scedc/event_phases/2010/2010_228/10779701.phase,reused,,2258,,
10780253,2010,229,event_phases/2010/2010_229/10780253.phase,data/scedc/event_phases/2010/2010_229/10780253.phase,reused,,1508,,
10780885,2010,229,event_phases/2010/2010_229/10780885.phase,data/scedc/event_phases/2010/2010_229/10780885.phase,reused,,7283,,
10782957,2010,232,event_phases/2010/2010_232/10782957.phase,data/scedc/event_phases/2010/2010_232/10782957.phase,reused,,2183,,
10784021,2010,234,event_phases/2010/2010_234/10784021.phase,data/scedc/event_phases/2010/2010_234/10784021.phase,reused,,2033,,
10785477,2010,236,event_phases/2010/2010_236/10785477.phase,data/scedc/event_phases/2010/2010_236/10785477.phase,reused,,4658,,
10786725,2010,238,event_phases/2010/2010_238/10786725.phase,data/scedc/event_phases/2010/2010_238/10786725.phase,reused,,7283,,
10787333,2010,239,event_phases/2010/2010_239/10787333.phase,data/scedc/event_phases/2010/2010_239/10787333.phase,reused,,7433,,
10787509,2010,239,event_phases/2010/2010_239/10787509.phase,data/scedc/event_phases/2010/2010_239/10787509.phase,reused,,3383,,
10787949,2010,240,event_phases/2010/2010_240/10787949.phase,data/scedc/event_phases/2010/2010_240/10787949.phase,reused,,6758,,
10788077,2010,240,event_phases/2010/2010_240/10788077.phase,data/scedc/event_phases/2010/2010_240/10788077.phase,reused,,1733,,
10788765,2010,241,event_phases/2010/2010_241/10788765.phase,data/scedc/event_phases/2010/2010_241/10788765.phase,reused,,2933,,
10788893,2010,241,event_phases/2010/2010_241/10788893.phase,data/scedc/event_phases/2010/2010_241/10788893.phase,reused,,1958,,
10788901,2010,241,event_phases/2010/2010_241/10788901.phase,data/scedc/event_phases/2010/2010_241/10788901.phase,reused,,1583,,
10789053,2010,242,event_phases/2010/2010_242/10789053.phase,data/scedc/event_phases/2010/2010_242/10789053.phase,reused,,1883,,
10789757,2010,243,event_phases/2010/2010_243/10789757.phase,data/scedc/event_phases/2010/2010_243/10789757.phase,reused,,1583,,
10789845,2010,243,event_phases/2010/2010_243/10789845.phase,data/scedc/event_phases/2010/2010_243/10789845.phase,reused,,1658,,
10791189,2010,245,event_phases/2010/2010_245/10791189.phase,data/scedc/event_phases/2010/2010_245/10791189.phase,reused,,2408,,
10791853,2010,246,event_phases/2010/2010_246/10791853.phase,data/scedc/event_phases/2010/2010_246/10791853.phase,reused,,4883,,
10792493,2010,247,event_phases/2010/2010_247/10792493.phase,data/scedc/event_phases/2010/2010_247/10792493.phase,reused,,2033,,
10792661,2010,247,event_phases/2010/2010_247/10792661.phase,data/scedc/event_phases/2010/2010_247/10792661.phase,reused,,2258,,
10793149,2010,248,event_phases/2010/2010_248/10793149.phase,data/scedc/event_phases/2010/2010_248/10793149.phase,reused,,2183,,
10793549,2010,249,event_phases/2010/2010_249/10793549.phase,data/scedc/event_phases/2010/2010_249/10793549.phase,reused,,2333,,
10793685,2010,249,event_phases/2010/2010_249/10793685.phase,data/scedc/event_phases/2010/2010_249/10793685.phase,reused,,3683,,
10793909,2010,250,event_phases/2010/2010_250/10793909.phase,data/scedc/event_phases/2010/2010_250/10793909.phase,reused,,2108,,
10794229,2010,251,event_phases/2010/2010_251/10794229.phase,data/scedc/event_phases/2010/2010_251/10794229.phase,reused,,2108,,
10796181,2010,254,event_phases/2010/2010_254/10796181.phase,data/scedc/event_phases/2010/2010_254/10796181.phase,reused,,3758,,
10796437,2010,255,event_phases/2010/2010_255/10796437.phase,data/scedc/event_phases/2010/2010_255/10796437.phase,reused,,2708,,
10798005,2010,257,event_phases/2010/2010_257/10798005.phase,data/scedc/event_phases/2010/2010_257/10798005.phase,reused,,5483,,
10798205,2010,257,event_phases/2010/2010_257/10798205.phase,data/scedc/event_phases/2010/2010_257/10798205.phase,reused,,2408,,
10798845,2010,258,event_phases/2010/2010_258/10798845.phase,data/scedc/event_phases/2010/2010_258/10798845.phase,reused,,2108,,
10799037,2010,258,event_phases/2010/2010_258/10799037.phase,data/scedc/event_phases/2010/2010_258/10799037.phase,reused,,5333,,
10799357,2010,258,event_phases/2010/2010_258/10799357.phase,data/scedc/event_phases/2010/2010_258/10799357.phase,reused,,2708,,
10799813,2010,259,event_phases/2010/2010_259/10799813.phase,data/scedc/event_phases/2010/2010_259/10799813.phase,reused,,1208,,
10800093,2010,259,event_phases/2010/2010_259/10800093.phase,data/scedc/event_phases/2010/2010_259/10800093.phase,reused,,4808,,
14842932,2010,260,event_phases/2010/2010_260/14842932.phase,data/scedc/event_phases/2010/2010_260/14842932.phase,reused,,2858,,
14843060,2010,261,event_phases/2010/2010_261/14843060.phase,data/scedc/event_phases/2010/2010_261/14843060.phase,reused,,2708,,
14843140,2010,261,event_phases/2010/2010_261/14843140.phase,data/scedc/event_phases/2010/2010_261/14843140.phase,reused,,1808,,
14844244,2010,263,event_phases/2010/2010_263/14844244.phase,data/scedc/event_phases/2010/2010_263/14844244.phase,reused,,2033,,
14845268,2010,264,event_phases/2010/2010_264/14845268.phase,data/scedc/event_phases/2010/2010_264/14845268.phase,reused,,2933,,
14845508,2010,264,event_phases/2010/2010_264/14845508.phase,data/scedc/event_phases/2010/2010_264/14845508.phase,reused,,2558,,
14850012,2010,273,event_phases/2010/2010_273/14850012.phase,data/scedc/event_phases/2010/2010_273/14850012.phase,reused,,1133,,
14851348,2010,274,event_phases/2010/2010_274/14851348.phase,data/scedc/event_phases/2010/2010_274/14851348.phase,reused,,2333,,
14851724,2010,275,event_phases/2010/2010_275/14851724.phase,data/scedc/event_phases/2010/2010_275/14851724.phase,reused,,7358,,
14851956,2010,275,event_phases/2010/2010_275/14851956.phase,data/scedc/event_phases/2010/2010_275/14851956.phase,reused,,4058,,
14853612,2010,278,event_phases/2010/2010_278/14853612.phase,data/scedc/event_phases/2010/2010_278/14853612.phase,reused,,1058,,
14854492,2010,279,event_phases/2010/2010_279/14854492.phase,data/scedc/event_phases/2010/2010_279/14854492.phase,reused,,2258,,
14856188,2010,280,event_phases/2010/2010_280/14856188.phase,data/scedc/event_phases/2010/2010_280/14856188.phase,reused,,4283,,
14856420,2010,281,event_phases/2010/2010_281/14856420.phase,data/scedc/event_phases/2010/2010_281/14856420.phase,reused,,4508,,
14857284,2010,282,event_phases/2010/2010_282/14857284.phase,data/scedc/event_phases/2010/2010_282/14857284.phase,reused,,1583,,
14858988,2010,285,event_phases/2010/2010_285/14858988.phase,data/scedc/event_phases/2010/2010_285/14858988.phase,reused,,4433,,
14859364,2010,285,event_phases/2010/2010_285/14859364.phase,data/scedc/event_phases/2010/2010_285/14859364.phase,reused,,4583,,
14859836,2010,286,event_phases/2010/2010_286/14859836.phase,data/scedc/event_phases/2010/2010_286/14859836.phase,reused,,3908,,
14861300,2010,288,event_phases/2010/2010_288/14861300.phase,data/scedc/event_phases/2010/2010_288/14861300.phase,reused,,2033,,
14861452,2010,288,event_phases/2010/2010_288/14861452.phase,data/scedc/event_phases/2010/2010_288/14861452.phase,reused,,2408,,
14861868,2010,289,event_phases/2010/2010_289/14861868.phase,data/scedc/event_phases/2010/2010_289/14861868.phase,reused,,2483,,
14862044,2010,289,event_phases/2010/2010_289/14862044.phase,data/scedc/event_phases/2010/2010_289/14862044.phase,reused,,2483,,
14862116,2010,290,event_phases/2010/2010_290/14862116.phase,data/scedc/event_phases/2010/2010_290/14862116.phase,reused,,2108,,
14862860,2010,291,event_phases/2010/2010_291/14862860.phase,data/scedc/event_phases/2010/2010_291/14862860.phase,reused,,4658,,
14862884,2010,291,event_phases/2010/2010_291/14862884.phase,data/scedc/event_phases/2010/2010_291/14862884.phase,reused,,2558,,
14863564,2010,292,event_phases/2010/2010_292/14863564.phase,data/scedc/event_phases/2010/2010_292/14863564.phase,reused,,1283,,
14863932,2010,292,event_phases/2010/2010_292/14863932.phase,data/scedc/event_phases/2010/2010_292/14863932.phase,reused,,1733,,
14864172,2010,292,event_phases/2010/2010_292/14864172.phase,data/scedc/event_phases/2010/2010_292/14864172.phase,reused,,2033,,
14865028,2010,293,event_phases/2010/2010_293/14865028.phase,data/scedc/event_phases/2010/2010_293/14865028.phase,reused,,3383,,
10823669,2010,294,event_phases/2010/2010_294/10823669.phase,data/scedc/event_phases/2010/2010_294/10823669.phase,reused,,1958,,
10824637,2010,296,event_phases/2010/2010_296/10824637.phase,data/scedc/event_phases/2010/2010_296/10824637.phase,reused,,2108,,
10826277,2010,298,event_phases/2010/2010_298/10826277.phase,data/scedc/event_phases/2010/2010_298/10826277.phase,reused,,6383,,
10826629,2010,299,event_phases/2010/2010_299/10826629.phase,data/scedc/event_phases/2010/2010_299/10826629.phase,reused,,2708,,
14870372,2010,302,event_phases/2010/2010_302/14870372.phase,data/scedc/event_phases/2010/2010_302/14870372.phase,reused,,1883,,
14870428,2010,302,event_phases/2010/2010_302/14870428.phase,data/scedc/event_phases/2010/2010_302/14870428.phase,reused,,1058,,
14870436,2010,302,event_phases/2010/2010_302/14870436.phase,data/scedc/event_phases/2010/2010_302/14870436.phase,reused,,1583,,
14870876,2010,302,event_phases/2010/2010_302/14870876.phase,data/scedc/event_phases/2010/2010_302/14870876.phase,reused,,4433,,
14871492,2010,304,event_phases/2010/2010_304/14871492.phase,data/scedc/event_phases/2010/2010_304/14871492.phase,reused,,7358,,
10835133,2010,311,event_phases/2010/2010_311/10835133.phase,data/scedc/event_phases/2010/2010_311/10835133.phase,reused,,2183,,
10835317,2010,312,event_phases/2010/2010_312/10835317.phase,data/scedc/event_phases/2010/2010_312/10835317.phase,reused,,2183,,
10835997,2010,313,event_phases/2010/2010_313/10835997.phase,data/scedc/event_phases/2010/2010_313/10835997.phase,reused,,3758,,
10836613,2010,314,event_phases/2010/2010_314/10836613.phase,data/scedc/event_phases/2010/2010_314/10836613.phase,reused,,1733,,
10837373,2010,315,event_phases/2010/2010_315/10837373.phase,data/scedc/event_phases/2010/2010_315/10837373.phase,reused,,2333,,
10837941,2010,316,event_phases/2010/2010_316/10837941.phase,data/scedc/event_phases/2010/2010_316/10837941.phase,reused,,3758,,
10838965,2010,318,event_phases/2010/2010_318/10838965.phase,data/scedc/event_phases/2010/2010_318/10838965.phase,reused,,2033,,
10840013,2010,320,event_phases/2010/2010_320/10840013.phase,data/scedc/event_phases/2010/2010_320/10840013.phase,reused,,2558,,
14883196,2010,321,event_phases/2010/2010_321/14883196.phase,data/scedc/event_phases/2010/2010_321/14883196.phase,reused,,7283,,
14883684,2010,322,event_phases/2010/2010_322/14883684.phase,data/scedc/event_phases/2010/2010_322/14883684.phase,reused,,2258,,
14885260,2010,327,event_phases/2010/2010_327/14885260.phase,data/scedc/event_phases/2010/2010_327/14885260.phase,reused,,1658,,
14885556,2010,327,event_phases/2010/2010_327/14885556.phase,data/scedc/event_phases/2010/2010_327/14885556.phase,reused,,6083,,
14886020,2010,329,event_phases/2010/2010_329/14886020.phase,data/scedc/event_phases/2010/2010_329/14886020.phase,reused,,5258,,
14888380,2010,334,event_phases/2010/2010_334/14888380.phase,data/scedc/event_phases/2010/2010_334/14888380.phase,reused,,1733,,
14889484,2010,335,event_phases/2010/2010_335/14889484.phase,data/scedc/event_phases/2010/2010_335/14889484.phase,reused,,3458,,
14889492,2010,335,event_phases/2010/2010_335/14889492.phase,data/scedc/event_phases/2010/2010_335/14889492.phase,reused,,3008,,
14890916,2010,336,event_phases/2010/2010_336/14890916.phase,data/scedc/event_phases/2010/2010_336/14890916.phase,reused,,2408,,
14892420,2010,339,event_phases/2010/2010_339/14892420.phase,data/scedc/event_phases/2010/2010_339/14892420.phase,reused,,3008,,
14893644,2010,342,event_phases/2010/2010_342/14893644.phase,data/scedc/event_phases/2010/2010_342/14893644.phase,reused,,2483,,
14893948,2010,342,event_phases/2010/2010_342/14893948.phase,data/scedc/event_phases/2010/2010_342/14893948.phase,reused,,5033,,
14894412,2010,343,event_phases/2010/2010_343/14894412.phase,data/scedc/event_phases/2010/2010_343/14894412.phase,reused,,1958,,
14895060,2010,344,event_phases/2010/2010_344/14895060.phase,data/scedc/event_phases/2010/2010_344/14895060.phase,reused,,4133,,
14895612,2010,345,event_phases/2010/2010_345/14895612.phase,data/scedc/event_phases/2010/2010_345/14895612.phase,reused,,3158,,
14895692,2010,345,event_phases/2010/2010_345/14895692.phase,data/scedc/event_phases/2010/2010_345/14895692.phase,reused,,2333,,
14895764,2010,345,event_phases/2010/2010_345/14895764.phase,data/scedc/event_phases/2010/2010_345/14895764.phase,reused,,1058,,
14895908,2010,345,event_phases/2010/2010_345/14895908.phase,data/scedc/event_phases/2010/2010_345/14895908.phase,reused,,2783,,
14895956,2010,346,event_phases/2010/2010_346/14895956.phase,data/scedc/event_phases/2010/2010_346/14895956.phase,reused,,2258,,
14896308,2010,346,event_phases/2010/2010_346/14896308.phase,data/scedc/event_phases/2010/2010_346/14896308.phase,reused,,2633,,
14898692,2010,349,event_phases/2010/2010_349/14898692.phase,data/scedc/event_phases/2010/2010_349/14898692.phase,reused,,4958,,
14898924,2010,349,event_phases/2010/2010_349/14898924.phase,data/scedc/event_phases/2010/2010_349/14898924.phase,reused,,4808,,
14899068,2010,349,event_phases/2010/2010_349/14899068.phase,data/scedc/event_phases/2010/2010_349/14899068.phase,reused,,3083,,
14899076,2010,349,event_phases/2010/2010_349/14899076.phase,data/scedc/event_phases/2010/2010_349/14899076.phase,reused,,4058,,
14899164,2010,349,event_phases/2010/2010_349/14899164.phase,data/scedc/event_phases/2010/2010_349/14899164.phase,reused,,4733,,
10858605,2010,350,event_phases/2010/2010_350/10858605.phase,data/scedc/event_phases/2010/2010_350/10858605.phase,reused,,4658,,
14900260,2010,350,event_phases/2010/2010_350/14900260.phase,data/scedc/event_phases/2010/2010_350/14900260.phase,reused,,3083,,
10859093,2010,352,event_phases/2010/2010_352/10859093.phase,data/scedc/event_phases/2010/2010_352/10859093.phase,reused,,1358,,
10859253,2010,352,event_phases/2010/2010_352/10859253.phase,data/scedc/event_phases/2010/2010_352/10859253.phase,reused,,4133,,
10859261,2010,352,event_phases/2010/2010_352/10859261.phase,data/scedc/event_phases/2010/2010_352/10859261.phase,reused,,2483,,
10859485,2010,352,event_phases/2010/2010_352/10859485.phase,data/scedc/event_phases/2010/2010_352/10859485.phase,reused,,2033,,
10859541,2010,352,event_phases/2010/2010_352/10859541.phase,data/scedc/event_phases/2010/2010_352/10859541.phase,reused,,2033,,
36907479,2010,352,event_phases/2010/2010_352/36907479.phase,data/scedc/event_phases/2010/2010_352/36907479.phase,reused,,2333,,
10860557,2010,355,event_phases/2010/2010_355/10860557.phase,data/scedc/event_phases/2010/2010_355/10860557.phase,reused,,6083,,
10861173,2010,357,event_phases/2010/2010_357/10861173.phase,data/scedc/event_phases/2010/2010_357/10861173.phase,reused,,2333,,
10861221,2010,357,event_phases/2010/2010_357/10861221.phase,data/scedc/event_phases/2010/2010_357/10861221.phase,reused,,6983,,
10861981,2010,359,event_phases/2010/2010_359/10861981.phase,data/scedc/event_phases/2010/2010_359/10861981.phase,reused,,1283,,
10864213,2010,363,event_phases/2010/2010_363/10864213.phase,data/scedc/event_phases/2010/2010_363/10864213.phase,reused,,2558,,
10864277,2010,363,event_phases/2010/2010_363/10864277.phase,data/scedc/event_phases/2010/2010_363/10864277.phase,reused,,2108,,
10864317,2010,363,event_phases/2010/2010_363/10864317.phase,data/scedc/event_phases/2010/2010_363/10864317.phase,reused,,1808,,
10865293,2011,1,event_phases/2011/2011_001/10865293.phase,data/scedc/event_phases/2011/2011_001/10865293.phase,reused,,7508,,
10865389,2011,1,event_phases/2011/2011_001/10865389.phase,data/scedc/event_phases/2011/2011_001/10865389.phase,reused,,3983,,
10870901,2011,9,event_phases/2011/2011_009/10870901.phase,data/scedc/event_phases/2011/2011_009/10870901.phase,reused,,1358,,
10872109,2011,11,event_phases/2011/2011_011/10872109.phase,data/scedc/event_phases/2011/2011_011/10872109.phase,reused,,2558,,
10872125,2011,11,event_phases/2011/2011_011/10872125.phase,data/scedc/event_phases/2011/2011_011/10872125.phase,reused,,3308,,
10876061,2011,18,event_phases/2011/2011_018/10876061.phase,data/scedc/event_phases/2011/2011_018/10876061.phase,reused,,2108,,
14920876,2011,23,event_phases/2011/2011_023/14920876.phase,data/scedc/event_phases/2011/2011_023/14920876.phase,reused,,3008,,
14921148,2011,23,event_phases/2011/2011_023/14921148.phase,data/scedc/event_phases/2011/2011_023/14921148.phase,reused,,3983,,
14922020,2011,25,event_phases/2011/2011_025/14922020.phase,data/scedc/event_phases/2011/2011_025/14922020.phase,reused,,4583,,
14923004,2011,26,event_phases/2011/2011_026/14923004.phase,data/scedc/event_phases/2011/2011_026/14923004.phase,reused,,1658,,
14923668,2011,27,event_phases/2011/2011_027/14923668.phase,data/scedc/event_phases/2011/2011_027/14923668.phase,reused,,5183,,
14923972,2011,28,event_phases/2011/2011_028/14923972.phase,data/scedc/event_phases/2011/2011_028/14923972.phase,reused,,4208,,
14925276,2011,31,event_phases/2011/2011_031/14925276.phase,data/scedc/event_phases/2011/2011_031/14925276.phase,reused,,1283,,
14925764,2011,31,event_phases/2011/2011_031/14925764.phase,data/scedc/event_phases/2011/2011_031/14925764.phase,reused,,4583,,
14927276,2011,33,event_phases/2011/2011_033/14927276.phase,data/scedc/event_phases/2011/2011_033/14927276.phase,reused,,2258,,
14928124,2011,34,event_phases/2011/2011_034/14928124.phase,data/scedc/event_phases/2011/2011_034/14928124.phase,reused,,2183,,
14929452,2011,35,event_phases/2011/2011_035/14929452.phase,data/scedc/event_phases/2011/2011_035/14929452.phase,reused,,2033,,
14932212,2011,40,event_phases/2011/2011_040/14932212.phase,data/scedc/event_phases/2011/2011_040/14932212.phase,reused,,3008,,
10892245,2011,44,event_phases/2011/2011_044/10892245.phase,data/scedc/event_phases/2011/2011_044/10892245.phase,reused,,1808,,
10892285,2011,44,event_phases/2011/2011_044/10892285.phase,data/scedc/event_phases/2011/2011_044/10892285.phase,reused,,2783,,
10892325,2011,45,event_phases/2011/2011_045/10892325.phase,data/scedc/event_phases/2011/2011_045/10892325.phase,reused,,2183,,
10892469,2011,45,event_phases/2011/2011_045/10892469.phase,data/scedc/event_phases/2011/2011_045/10892469.phase,reused,,2108,,
10894053,2011,48,event_phases/2011/2011_048/10894053.phase,data/scedc/event_phases/2011/2011_048/10894053.phase,reused,,1508,,
10171182,2011,49,event_phases/2011/2011_049/10171182.phase,data/scedc/event_phases/2011/2011_049/10171182.phase,reused,,1208,,
10171202,2011,49,event_phases/2011/2011_049/10171202.phase,data/scedc/event_phases/2011/2011_049/10171202.phase,reused,,1283,,
14937372,2011,49,event_phases/2011/2011_049/14937372.phase,data/scedc/event_phases/2011/2011_049/14937372.phase,reused,,4808,,
14937740,2011,50,event_phases/2011/2011_050/14937740.phase,data/scedc/event_phases/2011/2011_050/14937740.phase,reused,,7508,,
14937988,2011,51,event_phases/2011/2011_051/14937988.phase,data/scedc/event_phases/2011/2011_051/14937988.phase,reused,,3833,,
14938188,2011,52,event_phases/2011/2011_052/14938188.phase,data/scedc/event_phases/2011/2011_052/14938188.phase,reused,,908,,
10903717,2011,64,event_phases/2011/2011_064/10903717.phase,data/scedc/event_phases/2011/2011_064/10903717.phase,reused,,5483,,
10903869,2011,65,event_phases/2011/2011_065/10903869.phase,data/scedc/event_phases/2011/2011_065/10903869.phase,reused,,5783,,
10904685,2011,66,event_phases/2011/2011_066/10904685.phase,data/scedc/event_phases/2011/2011_066/10904685.phase,reused,,3533,,
10904717,2011,66,event_phases/2011/2011_066/10904717.phase,data/scedc/event_phases/2011/2011_066/10904717.phase,reused,,1433,,
10905149,2011,67,event_phases/2011/2011_067/10905149.phase,data/scedc/event_phases/2011/2011_067/10905149.phase,reused,,4133,,
10905661,2011,68,event_phases/2011/2011_068/10905661.phase,data/scedc/event_phases/2011/2011_068/10905661.phase,reused,,2408,,
10906469,2011,69,event_phases/2011/2011_069/10906469.phase,data/scedc/event_phases/2011/2011_069/10906469.phase,reused,,4808,,
10906781,2011,70,event_phases/2011/2011_070/10906781.phase,data/scedc/event_phases/2011/2011_070/10906781.phase,reused,,6983,,
10910205,2011,77,event_phases/2011/2011_077/10910205.phase,data/scedc/event_phases/2011/2011_077/10910205.phase,reused,,2033,,
10910661,2011,78,event_phases/2011/2011_078/10910661.phase,data/scedc/event_phases/2011/2011_078/10910661.phase,reused,,1808,,
10912365,2011,81,event_phases/2011/2011_081/10912365.phase,data/scedc/event_phases/2011/2011_081/10912365.phase,reused,,6833,,
10912917,2011,81,event_phases/2011/2011_081/10912917.phase,data/scedc/event_phases/2011/2011_081/10912917.phase,reused,,4283,,
14957620,2011,85,event_phases/2011/2011_085/14957620.phase,data/scedc/event_phases/2011/2011_085/14957620.phase,reused,,2933,,
14958076,2011,87,event_phases/2011/2011_087/14958076.phase,data/scedc/event_phases/2011/2011_087/14958076.phase,reused,,3008,,
14958300,2011,87,event_phases/2011/2011_087/14958300.phase,data/scedc/event_phases/2011/2011_087/14958300.phase,reused,,5108,,
14958332,2011,87,event_phases/2011/2011_087/14958332.phase,data/scedc/event_phases/2011/2011_087/14958332.phase,reused,,6008,,
14959028,2011,87,event_phases/2011/2011_087/14959028.phase,data/scedc/event_phases/2011/2011_087/14959028.phase,reused,,1283,,
14960652,2011,90,event_phases/2011/2011_090/14960652.phase,data/scedc/event_phases/2011/2011_090/14960652.phase,reused,,2483,,
36995079,2011,91,event_phases/2011/2011_091/36995079.phase,data/scedc/event_phases/2011/2011_091/36995079.phase,reused,,3308,,
14963012,2011,95,event_phases/2011/2011_095/14963012.phase,data/scedc/event_phases/2011/2011_095/14963012.phase,reused,,1883,,
10921765,2011,98,event_phases/2011/2011_098/10921765.phase,data/scedc/event_phases/2011/2011_098/10921765.phase,reused,,4433,,
10922333,2011,99,event_phases/2011/2011_099/10922333.phase,data/scedc/event_phases/2011/2011_099/10922333.phase,reused,,6383,,
10922397,2011,99,event_phases/2011/2011_099/10922397.phase,data/scedc/event_phases/2011/2011_099/10922397.phase,reused,,3833,,
10923517,2011,101,event_phases/2011/2011_101/10923517.phase,data/scedc/event_phases/2011/2011_101/10923517.phase,reused,,2183,,
10924669,2011,103,event_phases/2011/2011_103/10924669.phase,data/scedc/event_phases/2011/2011_103/10924669.phase,reused,,1883,,
10924925,2011,103,event_phases/2011/2011_103/10924925.phase,data/scedc/event_phases/2011/2011_103/10924925.phase,reused,,1733,,
10925269,2011,104,event_phases/2011/2011_104/10925269.phase,data/scedc/event_phases/2011/2011_104/10925269.phase,reused,,2033,,
10926517,2011,105,event_phases/2011/2011_105/10926517.phase,data/scedc/event_phases/2011/2011_105/10926517.phase,reused,,2408,,
10930061,2011,111,event_phases/2011/2011_111/10930061.phase,data/scedc/event_phases/2011/2011_111/10930061.phase,reused,,5033,,
10930101,2011,111,event_phases/2011/2011_111/10930101.phase,data/scedc/event_phases/2011/2011_111/10930101.phase,reused,,2783,,
10930109,2011,111,event_phases/2011/2011_111/10930109.phase,data/scedc/event_phases/2011/2011_111/10930109.phase,reused,,3758,,
10930133,2011,111,event_phases/2011/2011_111/10930133.phase,data/scedc/event_phases/2011/2011_111/10930133.phase,reused,,3833,,
10930141,2011,111,event_phases/2011/2011_111/10930141.phase,data/scedc/event_phases/2011/2011_111/10930141.phase,reused,,2333,,
10930749,2011,112,event_phases/2011/2011_112/10930749.phase,data/scedc/event_phases/2011/2011_112/10930749.phase,reused,,1508,,
10933157,2011,116,event_phases/2011/2011_116/10933157.phase,data/scedc/event_phases/2011/2011_116/10933157.phase,reused,,7358,,
10933245,2011,116,event_phases/2011/2011_116/10933245.phase,data/scedc/event_phases/2011/2011_116/10933245.phase,reused,,1208,,
14978940,2011,123,event_phases/2011/2011_123/14978940.phase,data/scedc/event_phases/2011/2011_123/14978940.phase,reused,,5258,,
10936853,2011,124,event_phases/2011/2011_124/10936853.phase,data/scedc/event_phases/2011/2011_124/10936853.phase,reused,,4508,,
10937077,2011,124,event_phases/2011/2011_124/10937077.phase,data/scedc/event_phases/2011/2011_124/10937077.phase,reused,,3833,,
36998159,2011,124,event_phases/2011/2011_124/36998159.phase,data/scedc/event_phases/2011/2011_124/36998159.phase,reused,,2033,,
14980244,2011,125,event_phases/2011/2011_125/14980244.phase,data/scedc/event_phases/2011/2011_125/14980244.phase,reused,,2183,,
14983932,2011,132,event_phases/2011/2011_132/14983932.phase,data/scedc/event_phases/2011/2011_132/14983932.phase,reused,,983,,
14984324,2011,133,event_phases/2011/2011_133/14984324.phase,data/scedc/event_phases/2011/2011_133/14984324.phase,reused,,6308,,
14984380,2011,133,event_phases/2011/2011_133/14984380.phase,data/scedc/event_phases/2011/2011_133/14984380.phase,reused,,4733,,
14985556,2011,135,event_phases/2011/2011_135/14985556.phase,data/scedc/event_phases/2011/2011_135/14985556.phase,reused,,6833,,
14988492,2011,140,event_phases/2011/2011_140/14988492.phase,data/scedc/event_phases/2011/2011_140/14988492.phase,reused,,1208,,
14988780,2011,141,event_phases/2011/2011_141/14988780.phase,data/scedc/event_phases/2011/2011_141/14988780.phase,reused,,5708,,
14990764,2011,145,event_phases/2011/2011_145/14990764.phase,data/scedc/event_phases/2011/2011_145/14990764.phase,reused,,2258,,
14992084,2011,147,event_phases/2011/2011_147/14992084.phase,data/scedc/event_phases/2011/2011_147/14992084.phase,reused,,2858,,
14992148,2011,147,event_phases/2011/2011_147/14992148.phase,data/scedc/event_phases/2011/2011_147/14992148.phase,reused,,2783,,
14993492,2011,150,event_phases/2011/2011_150/14993492.phase,data/scedc/event_phases/2011/2011_150/14993492.phase,reused,,833,,
14996388,2011,156,event_phases/2011/2011_156/14996388.phase,data/scedc/event_phases/2011/2011_156/14996388.phase,reused,,3833,,
14999460,2011,161,event_phases/2011/2011_161/14999460.phase,data/scedc/event_phases/2011/2011_161/14999460.phase,reused,,4733,,
14999660,2011,161,event_phases/2011/2011_161/14999660.phase,data/scedc/event_phases/2011/2011_161/14999660.phase,reused,,2258,,
14999964,2011,162,event_phases/2011/2011_162/14999964.phase,data/scedc/event_phases/2011/2011_162/14999964.phase,reused,,6458,,
15000164,2011,162,event_phases/2011/2011_162/15000164.phase,data/scedc/event_phases/2011/2011_162/15000164.phase,reused,,1508,,
10960933,2011,168,event_phases/2011/2011_168/10960933.phase,data/scedc/event_phases/2011/2011_168/10960933.phase,reused,,6908,,
10961077,2011,169,event_phases/2011/2011_169/10961077.phase,data/scedc/event_phases/2011/2011_169/10961077.phase,reused,,7283,,
10961109,2011,169,event_phases/2011/2011_169/10961109.phase,data/scedc/event_phases/2011/2011_169/10961109.phase,reused,,3083,,
10962925,2011,173,event_phases/2011/2011_173/10962925.phase,data/scedc/event_phases/2011/2011_173/10962925.phase,reused,,2708,,
10964509,2011,176,event_phases/2011/2011_176/10964509.phase,data/scedc/event_phases/2011/2011_176/10964509.phase,reused,,4058,,
10964829,2011,177,event_phases/2011/2011_177/10964829.phase,data/scedc/event_phases/2011/2011_177/10964829.phase,reused,,4733,,
10964949,2011,177,event_phases/2011/2011_177/10964949.phase,data/scedc/event_phases/2011/2011_177/10964949.phase,reused,,2483,,
15009764,2011,181,event_phases/2011/2011_181/15009764.phase,data/scedc/event_phases/2011/2011_181/15009764.phase,reused,,2333,,
15010796,2011,183,event_phases/2011/2011_183/15010796.phase,data/scedc/event_phases/2011/2011_183/15010796.phase,reused,,908,,
15011108,2011,184,event_phases/2011/2011_184/15011108.phase,data/scedc/event_phases/2011/2011_184/15011108.phase,reused,,1508,,
15011732,2011,185,event_phases/2011/2011_185/15011732.phase,data/scedc/event_phases/2011/2011_185/15011732.phase,reused,,4358,,
15013156,2011,188,event_phases/2011/2011_188/15013156.phase,data/scedc/event_phases/2011/2011_188/15013156.phase,reused,,7508,,
15014764,2011,191,event_phases/2011/2011_191/15014764.phase,data/scedc/event_phases/2011/2011_191/15014764.phase,reused,,1283,,
15014900,2011,192,event_phases/2011/2011_192/15014900.phase,data/scedc/event_phases/2011/2011_192/15014900.phase,reused,,5933,,
15015212,2011,192,event_phases/2011/2011_192/15015212.phase,data/scedc/event_phases/2011/2011_192/15015212.phase,reused,,2633,,
15016292,2011,194,event_phases/2011/2011_194/15016292.phase,data/scedc/event_phases/2011/2011_194/15016292.phase,reused,,1283,,
15017636,2011,196,event_phases/2011/2011_196/15017636.phase,data/scedc/event_phases/2011/2011_196/15017636.phase,reused,,4433,,
15017860,2011,196,event_phases/2011/2011_196/15017860.phase,data/scedc/event_phases/2011/2011_196/15017860.phase,reused,,2933,,
15018300,2011,197,event_phases/2011/2011_197/15018300.phase,data/scedc/event_phases/2011/2011_197/15018300.phase,reused,,1433,,
15018412,2011,197,event_phases/2011/2011_197/15018412.phase,data/scedc/event_phases/2011/2011_197/15018412.phase,reused,,2783,,
15019060,2011,198,event_phases/2011/2011_198/15019060.phase,data/scedc/event_phases/2011/2011_198/15019060.phase,reused,,3833,,
15019748,2011,199,event_phases/2011/2011_199/15019748.phase,data/scedc/event_phases/2011/2011_199/15019748.phase,reused,,4133,,
15020804,2011,201,event_phases/2011/2011_201/15020804.phase,data/scedc/event_phases/2011/2011_201/15020804.phase,reused,,6458,,
10980341,2011,204,event_phases/2011/2011_204/10980341.phase,data/scedc/event_phases/2011/2011_204/10980341.phase,reused,,9008,,
10981293,2011,206,event_phases/2011/2011_206/10981293.phase,data/scedc/event_phases/2011/2011_206/10981293.phase,reused,,2558,,
10983197,2011,209,event_phases/2011/2011_209/10983197.phase,data/scedc/event_phases/2011/2011_209/10983197.phase,reused,,2408,,
10989053,2011,219,event_phases/2011/2011_219/10989053.phase,data/scedc/event_phases/2011/2011_219/10989053.phase,reused,,7658,,
10989965,2011,221,event_phases/2011/2011_221/10989965.phase,data/scedc/event_phases/2011/2011_221/10989965.phase,reused,,4733,,
10990213,2011,221,event_phases/2011/2011_221/10990213.phase,data/scedc/event_phases/2011/2011_221/10990213.phase,reused,,6683,,
10990365,2011,222,event_phases/2011/2011_222/10990365.phase,data/scedc/event_phases/2011/2011_222/10990365.phase,reused,,4658,,
10990485,2011,222,event_phases/2011/2011_222/10990485.phase,data/scedc/event_phases/2011/2011_222/10990485.phase,reused,,2408,,
10995205,2011,230,event_phases/2011/2011_230/10995205.phase,data/scedc/event_phases/2011/2011_230/10995205.phase,reused,,10808,,
10995629,2011,232,event_phases/2011/2011_232/10995629.phase,data/scedc/event_phases/2011/2011_232/10995629.phase,reused,,3083,,
10995917,2011,233,event_phases/2011/2011_233/10995917.phase,data/scedc/event_phases/2011/2011_233/10995917.phase,reused,,5258,,
11001981,2011,246,event_phases/2011/2011_246/11001981.phase,data/scedc/event_phases/2011/2011_246/11001981.phase,reused,,2333,,
11005933,2011,256,event_phases/2011/2011_256/11005933.phase,data/scedc/event_phases/2011/2011_256/11005933.phase,reused,,2783,,
11009917,2011,264,event_phases/2011/2011_264/11009917.phase,data/scedc/event_phases/2011/2011_264/11009917.phase,reused,,3458,,
11010669,2011,265,event_phases/2011/2011_265/11010669.phase,data/scedc/event_phases/2011/2011_265/11010669.phase,reused,,5558,,
11010989,2011,266,event_phases/2011/2011_266/11010989.phase,data/scedc/event_phases/2011/2011_266/11010989.phase,reused,,4283,,
11012957,2011,269,event_phases/2011/2011_269/11012957.phase,data/scedc/event_phases/2011/2011_269/11012957.phase,reused,,2633,,
15060820,2011,281,event_phases/2011/2011_281/15060820.phase,data/scedc/event_phases/2011/2011_281/15060820.phase,reused,,7433,,
15061092,2011,282,event_phases/2011/2011_282/15061092.phase,data/scedc/event_phases/2011/2011_282/15061092.phase,reused,,5933,,
15061972,2011,284,event_phases/2011/2011_284/15061972.phase,data/scedc/event_phases/2011/2011_284/15061972.phase,reused,,5183,,
15062076,2011,284,event_phases/2011/2011_284/15062076.phase,data/scedc/event_phases/2011/2011_284/15062076.phase,reused,,6533,,
15063316,2011,287,event_phases/2011/2011_287/15063316.phase,data/scedc/event_phases/2011/2011_287/15063316.phase,reused,,6008,,
15063580,2011,288,event_phases/2011/2011_288/15063580.phase,data/scedc/event_phases/2011/2011_288/15063580.phase,reused,,2708,,
11023197,2011,294,event_phases/2011/2011_294/11023197.phase,data/scedc/event_phases/2011/2011_294/11023197.phase,reused,,3158,,
11025061,2011,298,event_phases/2011/2011_298/11025061.phase,data/scedc/event_phases/2011/2011_298/11025061.phase,reused,,2558,,
11026285,2011,300,event_phases/2011/2011_300/11026285.phase,data/scedc/event_phases/2011/2011_300/11026285.phase,reused,,2558,,
15072204,2011,308,event_phases/2011/2011_308/15072204.phase,data/scedc/event_phases/2011/2011_308/15072204.phase,reused,,1658,,
15074636,2011,315,event_phases/2011/2011_315/15074636.phase,data/scedc/event_phases/2011/2011_315/15074636.phase,reused,,3233,,
15075140,2011,316,event_phases/2011/2011_316/15075140.phase,data/scedc/event_phases/2011/2011_316/15075140.phase,reused,,2933,,
15075572,2011,319,event_phases/2011/2011_319/15075572.phase,data/scedc/event_phases/2011/2011_319/15075572.phase,reused,,4583,,
15076212,2011,320,event_phases/2011/2011_320/15076212.phase,data/scedc/event_phases/2011/2011_320/15076212.phase,reused,,1958,,
11034157,2011,323,event_phases/2011/2011_323/11034157.phase,data/scedc/event_phases/2011/2011_323/11034157.phase,reused,,2558,,
37011839,2011,323,event_phases/2011/2011_323/37011839.phase,data/scedc/event_phases/2011/2011_323/37011839.phase,reused,,2183,,
11034853,2011,325,event_phases/2011/2011_325/11034853.phase,data/scedc/event_phases/2011/2011_325/11034853.phase,reused,,6758,,
11035037,2011,325,event_phases/2011/2011_325/11035037.phase,data/scedc/event_phases/2011/2011_325/11035037.phase,reused,,2558,,
11035837,2011,327,event_phases/2011/2011_327/11035837.phase,data/scedc/event_phases/2011/2011_327/11035837.phase,reused,,2408,,
11035861,2011,327,event_phases/2011/2011_327/11035861.phase,data/scedc/event_phases/2011/2011_327/11035861.phase,reused,,2108,,
15080668,2011,333,event_phases/2011/2011_333/15080668.phase,data/scedc/event_phases/2011/2011_333/15080668.phase,reused,,8708,,
15081996,2011,336,event_phases/2011/2011_336/15081996.phase,data/scedc/event_phases/2011/2011_336/15081996.phase,reused,,2633,,
15085388,2011,346,event_phases/2011/2011_346/15085388.phase,data/scedc/event_phases/2011/2011_346/15085388.phase,reused,,2783,,
11047933,2011,364,event_phases/2011/2011_364/11047933.phase,data/scedc/event_phases/2011/2011_364/11047933.phase,reused,,3008,,
11047941,2011,364,event_phases/2011/2011_364/11047941.phase,data/scedc/event_phases/2011/2011_364/11047941.phase,reused,,1958,,
11048237,2011,365,event_phases/2011/2011_365/11048237.phase,data/scedc/event_phases/2011/2011_365/11048237.phase,reused,,2708,,
11049285,2012,3,event_phases/2012/2012_003/11049285.phase,data/scedc/event_phases/2012/2012_003/11049285.phase,reused,,2483,,
11050157,2012,6,event_phases/2012/2012_006/11050157.phase,data/scedc/event_phases/2012/2012_006/11050157.phase,reused,,3833,,
11050245,2012,6,event_phases/2012/2012_006/11050245.phase,data/scedc/event_phases/2012/2012_006/11050245.phase,reused,,4808,,
11051373,2012,8,event_phases/2012/2012_008/11051373.phase,data/scedc/event_phases/2012/2012_008/11051373.phase,reused,,1808,,
15097500,2012,15,event_phases/2012/2012_015/15097500.phase,data/scedc/event_phases/2012/2012_015/15097500.phase,reused,,4508,,
15098716,2012,18,event_phases/2012/2012_018/15098716.phase,data/scedc/event_phases/2012/2012_018/15098716.phase,reused,,4058,,
15102380,2012,28,event_phases/2012/2012_028/15102380.phase,data/scedc/event_phases/2012/2012_028/15102380.phase,reused,,2708,,
15104644,2012,32,event_phases/2012/2012_032/15104644.phase,data/scedc/event_phases/2012/2012_032/15104644.phase,reused,,5558,,
10205150,2012,34,event_phases/2012/2012_034/10205150.phase,data/scedc/event_phases/2012/2012_034/10205150.phase,reused,,3533,,
11064213,2012,39,event_phases/2012/2012_039/11064213.phase,data/scedc/event_phases/2012/2012_039/11064213.phase,reused,,4133,,
11065613,2012,42,event_phases/2012/2012_042/11065613.phase,data/scedc/event_phases/2012/2012_042/11065613.phase,reused,,6758,,
11066877,2012,45,event_phases/2012/2012_045/11066877.phase,data/scedc/event_phases/2012/2012_045/11066877.phase,reused,,9158,,
11067101,2012,45,event_phases/2012/2012_045/11067101.phase,data/scedc/event_phases/2012/2012_045/11067101.phase,reused,,2408,,
11069757,2012,51,event_phases/2012/2012_051/11069757.phase,data/scedc/event_phases/2012/2012_051/11069757.phase,reused,,6383,,
15114473,2012,57,event_phases/2012/2012_057/15114473.phase,data/scedc/event_phases/2012/2012_057/15114473.phase,reused,,5933,,
15115905,2012,60,event_phases/2012/2012_060/15115905.phase,data/scedc/event_phases/2012/2012_060/15115905.phase,reused,,4058,,
15116009,2012,60,event_phases/2012/2012_060/15116009.phase,data/scedc/event_phases/2012/2012_060/15116009.phase,reused,,3083,,
15116089,2012,60,event_phases/2012/2012_060/15116089.phase,data/scedc/event_phases/2012/2012_060/15116089.phase,reused,,5408,,
15116121,2012,60,event_phases/2012/2012_060/15116121.phase,data/scedc/event_phases/2012/2012_060/15116121.phase,reused,,7358,,
15116321,2012,60,event_phases/2012/2012_060/15116321.phase,data/scedc/event_phases/2012/2012_060/15116321.phase,reused,,8708,,
11081386,2012,79,event_phases/2012/2012_079/11081386.phase,data/scedc/event_phases/2012/2012_079/11081386.phase,reused,,6158,,
11084554,2012,86,event_phases/2012/2012_086/11084554.phase,data/scedc/event_phases/2012/2012_086/11084554.phase,reused,,2558,,
11084594,2012,86,event_phases/2012/2012_086/11084594.phase,data/scedc/event_phases/2012/2012_086/11084594.phase,reused,,9383,,
11085218,2012,88,event_phases/2012/2012_088/11085218.phase,data/scedc/event_phases/2012/2012_088/11085218.phase,reused,,4883,,
11086778,2012,91,event_phases/2012/2012_091/11086778.phase,data/scedc/event_phases/2012/2012_091/11086778.phase,reused,,6533,,
11088938,2012,95,event_phases/2012/2012_095/11088938.phase,data/scedc/event_phases/2012/2012_095/11088938.phase,reused,,6833,,
11090274,2012,99,event_phases/2012/2012_099/11090274.phase,data/scedc/event_phases/2012/2012_099/11090274.phase,reused,,3083,,
11090314,2012,99,event_phases/2012/2012_099/11090314.phase,data/scedc/event_phases/2012/2012_099/11090314.phase,reused,,3833,,
11090322,2012,99,event_phases/2012/2012_099/11090322.phase,data/scedc/event_phases/2012/2012_099/11090322.phase,reused,,3608,,
11090394,2012,99,event_phases/2012/2012_099/11090394.phase,data/scedc/event_phases/2012/2012_099/11090394.phase,reused,,5933,,
15136241,2012,108,event_phases/2012/2012_108/15136241.phase,data/scedc/event_phases/2012/2012_108/15136241.phase,reused,,12308,,
15140193,2012,116,event_phases/2012/2012_116/15140193.phase,data/scedc/event_phases/2012/2012_116/15140193.phase,reused,,5783,,
15141665,2012,119,event_phases/2012/2012_119/15141665.phase,data/scedc/event_phases/2012/2012_119/15141665.phase,reused,,3308,,
15143305,2012,123,event_phases/2012/2012_123/15143305.phase,data/scedc/event_phases/2012/2012_123/15143305.phase,reused,,5483,,
11104602,2012,130,event_phases/2012/2012_130/11104602.phase,data/scedc/event_phases/2012/2012_130/11104602.phase,reused,,2933,,
11104642,2012,130,event_phases/2012/2012_130/11104642.phase,data/scedc/event_phases/2012/2012_130/11104642.phase,reused,,4958,,
15147057,2012,131,event_phases/2012/2012_131/15147057.phase,data/scedc/event_phases/2012/2012_131/15147057.phase,reused,,4808,,
15147393,2012,132,event_phases/2012/2012_132/15147393.phase,data/scedc/event_phases/2012/2012_132/15147393.phase,reused,,1658,,
15147457,2012,132,event_phases/2012/2012_132/15147457.phase,data/scedc/event_phases/2012/2012_132/15147457.phase,reused,,6383,,
15148241,2012,134,event_phases/2012/2012_134/15148241.phase,data/scedc/event_phases/2012/2012_134/15148241.phase,reused,,3008,,
15152041,2012,141,event_phases/2012/2012_141/15152041.phase,data/scedc/event_phases/2012/2012_141/15152041.phase,reused,,2708,,
15153497,2012,143,event_phases/2012/2012_143/15153497.phase,data/scedc/event_phases/2012/2012_143/15153497.phase,reused,,14183,,
15154161,2012,145,event_phases/2012/2012_145/15154161.phase,data/scedc/event_phases/2012/2012_145/15154161.phase,reused,,8033,,
15156505,2012,151,event_phases/2012/2012_151/15156505.phase,data/scedc/event_phases/2012/2012_151/15156505.phase,reused,,17483,,
15157065,2012,152,event_phases/2012/2012_152/15157065.phase,data/scedc/event_phases/2012/2012_152/15157065.phase,reused,,10208,,
15158321,2012,154,event_phases/2012/2012_154/15158321.phase,data/scedc/event_phases/2012/2012_154/15158321.phase,reused,,3683,,
15159441,2012,157,event_phases/2012/2012_157/15159441.phase,data/scedc/event_phases/2012/2012_157/15159441.phase,reused,,3308,,
15159921,2012,158,event_phases/2012/2012_158/15159921.phase,data/scedc/event_phases/2012/2012_158/15159921.phase,reused,,4283,,
15162145,2012,160,event_phases/2012/2012_160/15162145.phase,data/scedc/event_phases/2012/2012_160/15162145.phase,reused,,5933,,
15162377,2012,161,event_phases/2012/2012_161/15162377.phase,data/scedc/event_phases/2012/2012_161/15162377.phase,reused,,3608,,
15162585,2012,162,event_phases/2012/2012_162/15162585.phase,data/scedc/event_phases/2012/2012_162/15162585.phase,reused,,7508,,
15162881,2012,162,event_phases/2012/2012_162/15162881.phase,data/scedc/event_phases/2012/2012_162/15162881.phase,reused,,6908,,
15163313,2012,163,event_phases/2012/2012_163/15163313.phase,data/scedc/event_phases/2012/2012_163/15163313.phase,reused,,3008,,
15164393,2012,166,event_phases/2012/2012_166/15164393.phase,data/scedc/event_phases/2012/2012_166/15164393.phase,reused,,3233,,
15164409,2012,166,event_phases/2012/2012_166/15164409.phase,data/scedc/event_phases/2012/2012_166/15164409.phase,reused,,3158,,
11127410,2012,178,event_phases/2012/2012_178/11127410.phase,data/scedc/event_phases/2012/2012_178/11127410.phase,reused,,3158,,
11129826,2012,183,event_phases/2012/2012_183/11129826.phase,data/scedc/event_phases/2012/2012_183/11129826.phase,reused,,4583,,
11129834,2012,183,event_phases/2012/2012_183/11129834.phase,data/scedc/event_phases/2012/2012_183/11129834.phase,reused,,1883,,
11129882,2012,183,event_phases/2012/2012_183/11129882.phase,data/scedc/event_phases/2012/2012_183/11129882.phase,reused,,2708,,
11129914,2012,183,event_phases/2012/2012_183/11129914.phase,data/scedc/event_phases/2012/2012_183/11129914.phase,reused,,7583,,
11129930,2012,183,event_phases/2012/2012_183/11129930.phase,data/scedc/event_phases/2012/2012_183/11129930.phase,reused,,4058,,
11129994,2012,183,event_phases/2012/2012_183/11129994.phase,data/scedc/event_phases/2012/2012_183/11129994.phase,reused,,3533,,
11133122,2012,189,event_phases/2012/2012_189/11133122.phase,data/scedc/event_phases/2012/2012_189/11133122.phase,reused,,2258,,
11134282,2012,192,event_phases/2012/2012_192/11134282.phase,data/scedc/event_phases/2012/2012_192/11134282.phase,reused,,2633,,
11135186,2012,194,event_phases/2012/2012_194/11135186.phase,data/scedc/event_phases/2012/2012_194/11135186.phase,reused,,3533,,
15179873,2012,200,event_phases/2012/2012_200/15179873.phase,data/scedc/event_phases/2012/2012_200/15179873.phase,reused,,2033,,
15179889,2012,200,event_phases/2012/2012_200/15179889.phase,data/scedc/event_phases/2012/2012_200/15179889.phase,reused,,4433,,
15179897,2012,200,event_phases/2012/2012_200/15179897.phase,data/scedc/event_phases/2012/2012_200/15179897.phase,reused,,2183,,
15179985,2012,200,event_phases/2012/2012_200/15179985.phase,data/scedc/event_phases/2012/2012_200/15179985.phase,reused,,2558,,
15179993,2012,200,event_phases/2012/2012_200/15179993.phase,data/scedc/event_phases/2012/2012_200/15179993.phase,reused,,2108,,
15180393,2012,201,event_phases/2012/2012_201/15180393.phase,data/scedc/event_phases/2012/2012_201/15180393.phase,reused,,4208,,
15181369,2012,203,event_phases/2012/2012_203/15181369.phase,data/scedc/event_phases/2012/2012_203/15181369.phase,reused,,2333,,
15187057,2012,216,event_phases/2012/2012_216/15187057.phase,data/scedc/event_phases/2012/2012_216/15187057.phase,reused,,7433,,
15187625,2012,217,event_phases/2012/2012_217/15187625.phase,data/scedc/event_phases/2012/2012_217/15187625.phase,reused,,7208,,
15188353,2012,219,event_phases/2012/2012_219/15188353.phase,data/scedc/event_phases/2012/2012_219/15188353.phase,reused,,4658,,
15191201,2012,225,event_phases/2012/2012_225/15191201.phase,data/scedc/event_phases/2012/2012_225/15191201.phase,reused,,3008,,
15191649,2012,226,event_phases/2012/2012_226/15191649.phase,data/scedc/event_phases/2012/2012_226/15191649.phase,reused,,4958,,
15196129,2012,234,event_phases/2012/2012_234/15196129.phase,data/scedc/event_phases/2012/2012_234/15196129.phase,reused,,2183,,
15197817,2012,237,event_phases/2012/2012_237/15197817.phase,data/scedc/event_phases/2012/2012_237/15197817.phase,reused,,4283,,
15198281,2012,238,event_phases/2012/2012_238/15198281.phase,data/scedc/event_phases/2012/2012_238/15198281.phase,reused,,4883,,
15198929,2012,239,event_phases/2012/2012_239/15198929.phase,data/scedc/event_phases/2012/2012_239/15198929.phase,reused,,6908,,
15199065,2012,239,event_phases/2012/2012_239/15199065.phase,data/scedc/event_phases/2012/2012_239/15199065.phase,reused,,6158,,
15199441,2012,239,event_phases/2012/2012_239/15199441.phase,data/scedc/event_phases/2012/2012_239/15199441.phase,reused,,7133,,
15199497,2012,239,event_phases/2012/2012_239/15199497.phase,data/scedc/event_phases/2012/2012_239/15199497.phase,reused,,5108,,
15199577,2012,239,event_phases/2012/2012_239/15199577.phase,data/scedc/event_phases/2012/2012_239/15199577.phase,reused,,6383,,
15199593,2012,239,event_phases/2012/2012_239/15199593.phase,data/scedc/event_phases/2012/2012_239/15199593.phase,reused,,9983,,
15199601,2012,239,event_phases/2012/2012_239/15199601.phase,data/scedc/event_phases/2012/2012_239/15199601.phase,reused,,5258,,
15199657,2012,239,event_phases/2012/2012_239/15199657.phase,data/scedc/event_phases/2012/2012_239/15199657.phase,reused,,5558,,
15199681,2012,239,event_phases/2012/2012_239/15199681.phase,data/scedc/event_phases/2012/2012_239/15199681.phase,reused,,11408,,
15199689,2012,239,event_phases/2012/2012_239/15199689.phase,data/scedc/event_phases/2012/2012_239/15199689.phase,reused,,5333,,
15199697,2012,239,event_phases/2012/2012_239/15199697.phase,data/scedc/event_phases/2012/2012_239/15199697.phase,reused,,2708,,
15199721,2012,239,event_phases/2012/2012_239/15199721.phase,data/scedc/event_phases/2012/2012_239/15199721.phase,reused,,6308,,
15199729,2012,239,event_phases/2012/2012_239/15199729.phase,data/scedc/event_phases/2012/2012_239/15199729.phase,reused,,3758,,
15199745,2012,239,event_phases/2012/2012_239/15199745.phase,data/scedc/event_phases/2012/2012_239/15199745.phase,reused,,3458,,
15199785,2012,239,event_phases/2012/2012_239/15199785.phase,data/scedc/event_phases/2012/2012_239/15199785.phase,reused,,4058,,
15199865,2012,239,event_phases/2012/2012_239/15199865.phase,data/scedc/event_phases/2012/2012_239/15199865.phase,reused,,6458,,
15199969,2012,239,event_phases/2012/2012_239/15199969.phase,data/scedc/event_phases/2012/2012_239/15199969.phase,reused,,6683,,
15200001,2012,239,event_phases/2012/2012_239/15200001.phase,data/scedc/event_phases/2012/2012_239/15200001.phase,reused,,4208,,
15200033,2012,239,event_phases/2012/2012_239/15200033.phase,data/scedc/event_phases/2012/2012_239/15200033.phase,reused,,5933,,
15200161,2012,239,event_phases/2012/2012_239/15200161.phase,data/scedc/event_phases/2012/2012_239/15200161.phase,reused,,4808,,
15200401,2012,239,event_phases/2012/2012_239/15200401.phase,data/scedc/event_phases/2012/2012_239/15200401.phase,reused,,12083,,
15200417,2012,239,event_phases/2012/2012_239/15200417.phase,data/scedc/event_phases/2012/2012_239/15200417.phase,reused,,3308,,
15200449,2012,239,event_phases/2012/2012_239/15200449.phase,data/scedc/event_phases/2012/2012_239/15200449.phase,reused,,4883,,
15200489,2012,239,event_phases/2012/2012_239/15200489.phase,data/scedc/event_phases/2012/2012_239/15200489.phase,reused,,9458,,
15200513,2012,239,event_phases/2012/2012_239/15200513.phase,data/scedc/event_phases/2012/2012_239/15200513.phase,reused,,7208,,
15200593,2012,239,event_phases/2012/2012_239/15200593.phase,data/scedc/event_phases/2012/2012_239/15200593.phase,reused,,3983,,
15200601,2012,239,event_phases/2012/2012_239/15200601.phase,data/scedc/event_phases/2012/2012_239/15200601.phase,reused,,7058,,
15200753,2012,239,event_phases/2012/2012_239/15200753.phase,data/scedc/event_phases/2012/2012_239/15200753.phase,reused,,3533,,
15200817,2012,239,event_phases/2012/2012_239/15200817.phase,data/scedc/event_phases/2012/2012_239/15200817.phase,reused,,2408,,
15200921,2012,239,event_phases/2012/2012_239/15200921.phase,data/scedc/event_phases/2012/2012_239/15200921.phase,reused,,7958,,
15201057,2012,239,event_phases/2012/2012_239/15201057.phase,data/scedc/event_phases/2012/2012_239/15201057.phase,reused,,4058,,
15201145,2012,239,event_phases/2012/2012_239/15201145.phase,data/scedc/event_phases/2012/2012_239/15201145.phase,reused,,4808,,
15201241,2012,239,event_phases/2012/2012_239/15201241.phase,data/scedc/event_phases/2012/2012_239/15201241.phase,reused,,4958,,
15201249,2012,239,event_phases/2012/2012_239/15201249.phase,data/scedc/event_phases/2012/2012_239/15201249.phase,reused,,5783,,
15201297,2012,239,event_phases/2012/2012_239/15201297.phase,data/scedc/event_phases/2012/2012_239/15201297.phase,reused,,7583,,
15201537,2012,239,event_phases/2012/2012_239/15201537.phase,data/scedc/event_phases/2012/2012_239/15201537.phase,reused,,14333,,
15201545,2012,239,event_phases/2012/2012_239/15201545.phase,data/scedc/event_phases/2012/2012_239/15201545.phase,reused,,2108,,
15201553,2012,239,event_phases/2012/2012_239/15201553.phase,data/scedc/event_phases/2012/2012_239/15201553.phase,reused,,3983,,
15201617,2012,239,event_phases/2012/2012_239/15201617.phase,data/scedc/event_phases/2012/2012_239/15201617.phase,reused,,5933,,
37089323,2012,239,event_phases/2012/2012_239/37089323.phase,data/scedc/event_phases/2012/2012_239/37089323.phase,reused,,1508,,
37090299,2012,239,event_phases/2012/2012_239/37090299.phase,data/scedc/event_phases/2012/2012_239/37090299.phase,reused,,1583,,
37094291,2012,239,event_phases/2012/2012_239/37094291.phase,data/scedc/event_phases/2012/2012_239/37094291.phase,reused,,983,,
15201697,2012,240,event_phases/2012/2012_240/15201697.phase,data/scedc/event_phases/2012/2012_240/15201697.phase,reused,,5783,,
15201961,2012,240,event_phases/2012/2012_240/15201961.phase,data/scedc/event_phases/2012/2012_240/15201961.phase,reused,,4583,,
15202401,2012,240,event_phases/2012/2012_240/15202401.phase,data/scedc/event_phases/2012/2012_240/15202401.phase,reused,,7433,,
15202465,2012,240,event_phases/2012/2012_240/15202465.phase,data/scedc/event_phases/2012/2012_240/15202465.phase,reused,,6383,,
15202921,2012,240,event_phases/2012/2012_240/15202921.phase,data/scedc/event_phases/2012/2012_240/15202921.phase,reused,,11483,,
15202929,2012,240,event_phases/2012/2012_240/15202929.phase,data/scedc/event_phases/2012/2012_240/15202929.phase,reused,,2033,,
15203033,2012,240,event_phases/2012/2012_240/15203033.phase,data/scedc/event_phases/2012/2012_240/15203033.phase,reused,,6683,,
15203249,2012,240,event_phases/2012/2012_240/15203249.phase,data/scedc/event_phases/2012/2012_240/15203249.phase,reused,,8258,,
15203401,2012,240,event_phases/2012/2012_240/15203401.phase,data/scedc/event_phases/2012/2012_240/15203401.phase,reused,,5933,,
15204137,2012,240,event_phases/2012/2012_240/15204137.phase,data/scedc/event_phases/2012/2012_240/15204137.phase,reused,,6308,,
15204369,2012,240,event_phases/2012/2012_240/15204369.phase,data/scedc/event_phases/2012/2012_240/15204369.phase,reused,,7058,,
15204969,2012,241,event_phases/2012/2012_241/15204969.phase,data/scedc/event_phases/2012/2012_241/15204969.phase,reused,,8708,,
15205377,2012,241,event_phases/2012/2012_241/15205377.phase,data/scedc/event_phases/2012/2012_241/15205377.phase,reused,,7208,,
15205449,2012,241,event_phases/2012/2012_241/15205449.phase,data/scedc/event_phases/2012/2012_241/15205449.phase,reused,,6533,,
15206065,2012,241,event_phases/2012/2012_241/15206065.phase,data/scedc/event_phases/2012/2012_241/15206065.phase,reused,,8333,,
15206089,2012,241,event_phases/2012/2012_241/15206089.phase,data/scedc/event_phases/2012/2012_241/15206089.phase,reused,,6158,,
15206465,2012,242,event_phases/2012/2012_242/15206465.phase,data/scedc/event_phases/2012/2012_242/15206465.phase,reused,,6083,,
15207025,2012,242,event_phases/2012/2012_242/15207025.phase,data/scedc/event_phases/2012/2012_242/15207025.phase,reused,,7658,,
15208857,2012,244,event_phases/2012/2012_244/15208857.phase,data/scedc/event_phases/2012/2012_244/15208857.phase,reused,,5108,,
15209153,2012,244,event_phases/2012/2012_244/15209153.phase,data/scedc/event_phases/2012/2012_244/15209153.phase,reused,,1658,,
15209801,2012,246,event_phases/2012/2012_246/15209801.phase,data/scedc/event_phases/2012/2012_246/15209801.phase,reused,,3758,,
15211993,2012,251,event_phases/2012/2012_251/15211993.phase,data/scedc/event_phases/2012/2012_251/15211993.phase,reused,,3683,,
15212001,2012,251,event_phases/2012/2012_251/15212001.phase,data/scedc/event_phases/2012/2012_251/15212001.phase,reused,,2633,,
15220681,2012,269,event_phases/2012/2012_269/15220681.phase,data/scedc/event_phases/2012/2012_269/15220681.phase,reused,,9008,,
15222209,2012,272,event_phases/2012/2012_272/15222209.phase,data/scedc/event_phases/2012/2012_272/15222209.phase,reused,,3683,,
15222329,2012,272,event_phases/2012/2012_272/15222329.phase,data/scedc/event_phases/2012/2012_272/15222329.phase,reused,,2483,,
15222625,2012,273,event_phases/2012/2012_273/15222625.phase,data/scedc/event_phases/2012/2012_273/15222625.phase,reused,,2708,,
15223249,2012,276,event_phases/2012/2012_276/15223249.phase,data/scedc/event_phases/2012/2012_276/15223249.phase,reused,,4508,,
15224969,2012,279,event_phases/2012/2012_279/15224969.phase,data/scedc/event_phases/2012/2012_279/15224969.phase,reused,,6158,,
15226417,2012,282,event_phases/2012/2012_282/15226417.phase,data/scedc/event_phases/2012/2012_282/15226417.phase,reused,,1958,,
15226785,2012,282,event_phases/2012/2012_282/15226785.phase,data/scedc/event_phases/2012/2012_282/15226785.phase,reused,,1058,,
15230145,2012,288,event_phases/2012/2012_288/15230145.phase,data/scedc/event_phases/2012/2012_288/15230145.phase,reused,,2708,,
15232441,2012,293,event_phases/2012/2012_293/15232441.phase,data/scedc/event_phases/2012/2012_293/15232441.phase,reused,,3233,,
15233041,2012,295,event_phases/2012/2012_295/15233041.phase,data/scedc/event_phases/2012/2012_295/15233041.phase,reused,,4058,,
15233081,2012,295,event_phases/2012/2012_295/15233081.phase,data/scedc/event_phases/2012/2012_295/15233081.phase,reused,,1808,,
37101284,2012,324,event_phases/2012/2012_324/37101284.phase,data/scedc/event_phases/2012/2012_324/37101284.phase,reused,,2183,,
11209466,2012,332,event_phases/2012/2012_332/11209466.phase,data/scedc/event_phases/2012/2012_332/11209466.phase,reused,,4133,,
11209634,2012,332,event_phases/2012/2012_332/11209634.phase,data/scedc/event_phases/2012/2012_332/11209634.phase,reused,,6533,,
15252729,2012,335,event_phases/2012/2012_335/15252729.phase,data/scedc/event_phases/2012/2012_335/15252729.phase,reused,,6083,,
15252921,2012,335,event_phases/2012/2012_335/15252921.phase,data/scedc/event_phases/2012/2012_335/15252921.phase,reused,,6983,,
15254617,2012,337,event_phases/2012/2012_337/15254617.phase,data/scedc/event_phases/2012/2012_337/15254617.phase,reused,,5933,,
15255361,2012,338,event_phases/2012/2012_338/15255361.phase,data/scedc/event_phases/2012/2012_338/15255361.phase,reused,,1958,,
15257521,2012,340,event_phases/2012/2012_340/15257521.phase,data/scedc/event_phases/2012/2012_340/15257521.phase,reused,,5333,,
15264345,2012,350,event_phases/2012/2012_350/15264345.phase,data/scedc/event_phases/2012/2012_350/15264345.phase,reused,,7208,,
15267289,2012,358,event_phases/2012/2012_358/15267289.phase,data/scedc/event_phases/2012/2012_358/15267289.phase,reused,,1133,,
15267601,2012,359,event_phases/2012/2012_359/15267601.phase,data/scedc/event_phases/2012/2012_359/15267601.phase,reused,,3233,,
15268089,2012,361,event_phases/2012/2012_361/15268089.phase,data/scedc/event_phases/2012/2012_361/15268089.phase,reused,,1358,,
15270393,2013,5,event_phases/2013/2013_005/15270393.phase,data/scedc/event_phases/2013/2013_005/15270393.phase,reused,,3608,,
15273705,2013,16,event_phases/2013/2013_016/15273705.phase,data/scedc/event_phases/2013/2013_016/15273705.phase,reused,,3608,,
15275633,2013,20,event_phases/2013/2013_020/15275633.phase,data/scedc/event_phases/2013/2013_020/15275633.phase,reused,,2108,,
15275793,2013,21,event_phases/2013/2013_021/15275793.phase,data/scedc/event_phases/2013/2013_021/15275793.phase,reused,,9833,,
15276817,2013,23,event_phases/2013/2013_023/15276817.phase,data/scedc/event_phases/2013/2013_023/15276817.phase,reused,,7283,,
15278929,2013,30,event_phases/2013/2013_030/15278929.phase,data/scedc/event_phases/2013/2013_030/15278929.phase,reused,,4208,,
15281473,2013,36,event_phases/2013/2013_036/15281473.phase,data/scedc/event_phases/2013/2013_036/15281473.phase,reused,,2408,,
11244018,2013,44,event_phases/2013/2013_044/11244018.phase,data/scedc/event_phases/2013/2013_044/11244018.phase,reused,,2858,,
11248258,2013,54,event_phases/2013/2013_054/11248258.phase,data/scedc/event_phases/2013/2013_054/11248258.phase,reused,,3533,,
15296289,2013,70,event_phases/2013/2013_070/15296289.phase,data/scedc/event_phases/2013/2013_070/15296289.phase,reused,,2333,,
11281434,2013,97,event_phases/2013/2013_097/11281434.phase,data/scedc/event_phases/2013/2013_097/11281434.phase,reused,,7508,,
11282242,2013,99,event_phases/2013/2013_099/11282242.phase,data/scedc/event_phases/2013/2013_099/11282242.phase,reused,,1808,,
11286130,2013,107,event_phases/2013/2013_107/11286130.phase,data/scedc/event_phases/2013/2013_107/11286130.phase,reused,,3758,,
15330097,2013,110,event_phases/2013/2013_110/15330097.phase,data/scedc/event_phases/2013/2013_110/15330097.phase,reused,,1508,,
37111996,2013,110,event_phases/2013/2013_110/37111996.phase,data/scedc/event_phases/2013/2013_110/37111996.phase,reused,,1808,,
15331489,2013,113,event_phases/2013/2013_113/15331489.phase,data/scedc/event_phases/2013/2013_113/15331489.phase,reused,,2558,,
15334809,2013,119,event_phases/2013/2013_119/15334809.phase,data/scedc/event_phases/2013/2013_119/15334809.phase,reused,,5108,,
15335545,2013,120,event_phases/2013/2013_120/15335545.phase,data/scedc/event_phases/2013/2013_120/15335545.phase,reused,,2108,,
15336073,2013,121,event_phases/2013/2013_121/15336073.phase,data/scedc/event_phases/2013/2013_121/15336073.phase,reused,,2558,,
15336761,2013,123,event_phases/2013/2013_123/15336761.phase,data/scedc/event_phases/2013/2013_123/15336761.phase,reused,,3008,,
15336825,2013,123,event_phases/2013/2013_123/15336825.phase,data/scedc/event_phases/2013/2013_123/15336825.phase,reused,,2108,,
15338553,2013,126,event_phases/2013/2013_126/15338553.phase,data/scedc/event_phases/2013/2013_126/15338553.phase,reused,,2258,,
15343145,2013,135,event_phases/2013/2013_135/15343145.phase,data/scedc/event_phases/2013/2013_135/15343145.phase,reused,,12083,,
15343449,2013,136,event_phases/2013/2013_136/15343449.phase,data/scedc/event_phases/2013/2013_136/15343449.phase,reused,,2783,,
15343601,2013,136,event_phases/2013/2013_136/15343601.phase,data/scedc/event_phases/2013/2013_136/15343601.phase,reused,,7808,,
15344465,2013,137,event_phases/2013/2013_137/15344465.phase,data/scedc/event_phases/2013/2013_137/15344465.phase,reused,,4733,,
15344585,2013,137,event_phases/2013/2013_137/15344585.phase,data/scedc/event_phases/2013/2013_137/15344585.phase,reused,,2108,,
15347865,2013,143,event_phases/2013/2013_143/15347865.phase,data/scedc/event_phases/2013/2013_143/15347865.phase,reused,,2333,,
15347969,2013,143,event_phases/2013/2013_143/15347969.phase,data/scedc/event_phases/2013/2013_143/15347969.phase,reused,,2708,,
15349113,2013,146,event_phases/2013/2013_146/15349113.phase,data/scedc/event_phases/2013/2013_146/15349113.phase,reused,,7133,,
15349313,2013,146,event_phases/2013/2013_146/15349313.phase,data/scedc/event_phases/2013/2013_146/15349313.phase,reused,,2333,,
15351401,2013,150,event_phases/2013/2013_150/15351401.phase,data/scedc/event_phases/2013/2013_150/15351401.phase,reused,,5708,,
15353321,2013,154,event_phases/2013/2013_154/15353321.phase,data/scedc/event_phases/2013/2013_154/15353321.phase,reused,,5258,,
15353521,2013,154,event_phases/2013/2013_154/15353521.phase,data/scedc/event_phases/2013/2013_154/15353521.phase,reused,,8858,,
15354321,2013,155,event_phases/2013/2013_155/15354321.phase,data/scedc/event_phases/2013/2013_155/15354321.phase,reused,,6458,,
15354537,2013,155,event_phases/2013/2013_155/15354537.phase,data/scedc/event_phases/2013/2013_155/15354537.phase,reused,,6233,,
15356121,2013,158,event_phases/2013/2013_158/15356121.phase,data/scedc/event_phases/2013/2013_158/15356121.phase,reused,,4208,,
15357721,2013,161,event_phases/2013/2013_161/15357721.phase,data/scedc/event_phases/2013/2013_161/15357721.phase,reused,,3158,,
11319146,2013,166,event_phases/2013/2013_166/11319146.phase,data/scedc/event_phases/2013/2013_166/11319146.phase,reused,,1808,,
11322154,2013,171,event_phases/2013/2013_171/11322154.phase,data/scedc/event_phases/2013/2013_171/11322154.phase,reused,,2108,,
11326274,2013,177,event_phases/2013/2013_177/11326274.phase,data/scedc/event_phases/2013/2013_177/11326274.phase,reused,,7208,,
11326354,2013,177,event_phases/2013/2013_177/11326354.phase,data/scedc/event_phases/2013/2013_177/11326354.phase,reused,,3758,,
11333434,2013,193,event_phases/2013/2013_193/11333434.phase,data/scedc/event_phases/2013/2013_193/11333434.phase,reused,,2558,,
11339938,2013,207,event_phases/2013/2013_207/11339938.phase,data/scedc/event_phases/2013/2013_207/11339938.phase,reused,,5858,,
11340186,2013,208,event_phases/2013/2013_208/11340186.phase,data/scedc/event_phases/2013/2013_208/11340186.phase,reused,,2108,,
11340658,2013,209,event_phases/2013/2013_209/11340658.phase,data/scedc/event_phases/2013/2013_209/11340658.phase,reused,,6008,,
11345546,2013,218,event_phases/2013/2013_218/11345546.phase,data/scedc/event_phases/2013/2013_218/11345546.phase,reused,,2558,,
11347530,2013,221,event_phases/2013/2013_221/11347530.phase,data/scedc/event_phases/2013/2013_221/11347530.phase,reused,,3458,,
11347906,2013,222,event_phases/2013/2013_222/11347906.phase,data/scedc/event_phases/2013/2013_222/11347906.phase,reused,,7058,,
11348882,2013,224,event_phases/2013/2013_224/11348882.phase,data/scedc/event_phases/2013/2013_224/11348882.phase,reused,,6683,,
11351498,2013,228,event_phases/2013/2013_228/11351498.phase,data/scedc/event_phases/2013/2013_228/11351498.phase,reused,,7283,,
11351586,2013,228,event_phases/2013/2013_228/11351586.phase,data/scedc/event_phases/2013/2013_228/11351586.phase,reused,,1133,,
15394377,2013,232,event_phases/2013/2013_232/15394377.phase,data/scedc/event_phases/2013/2013_232/15394377.phase,reused,,6308,,
15396097,2013,236,event_phases/2013/2013_236/15396097.phase,data/scedc/event_phases/2013/2013_236/15396097.phase,reused,,4208,,
15397857,2013,239,event_phases/2013/2013_239/15397857.phase,data/scedc/event_phases/2013/2013_239/15397857.phase,reused,,3158,,
11362618,2013,253,event_phases/2013/2013_253/11362618.phase,data/scedc/event_phases/2013/2013_253/11362618.phase,reused,,5708,,
11364370,2013,257,event_phases/2013/2013_257/11364370.phase,data/scedc/event_phases/2013/2013_257/11364370.phase,reused,,4958,,
11367474,2013,263,event_phases/2013/2013_263/11367474.phase,data/scedc/event_phases/2013/2013_263/11367474.phase,reused,,2558,,
11369546,2013,267,event_phases/2013/2013_267/11369546.phase,data/scedc/event_phases/2013/2013_267/11369546.phase,reused,,2633,,
11372194,2013,275,event_phases/2013/2013_275/11372194.phase,data/scedc/event_phases/2013/2013_275/11372194.phase,reused,,3758,,
11372242,2013,275,event_phases/2013/2013_275/11372242.phase,data/scedc/event_phases/2013/2013_275/11372242.phase,reused,,2708,,
11375090,2013,282,event_phases/2013/2013_282/11375090.phase,data/scedc/event_phases/2013/2013_282/11375090.phase,reused,,3533,,
11375690,2013,283,event_phases/2013/2013_283/11375690.phase,data/scedc/event_phases/2013/2013_283/11375690.phase,reused,,7508,,
11377554,2013,287,event_phases/2013/2013_287/11377554.phase,data/scedc/event_phases/2013/2013_287/11377554.phase,reused,,7283,,
11377978,2013,287,event_phases/2013/2013_287/11377978.phase,data/scedc/event_phases/2013/2013_287/11377978.phase,reused,,2858,,
11377986,2013,287,event_phases/2013/2013_287/11377986.phase,data/scedc/event_phases/2013/2013_287/11377986.phase,reused,,3008,,
11378394,2013,288,event_phases/2013/2013_288/11378394.phase,data/scedc/event_phases/2013/2013_288/11378394.phase,reused,,5783,,
11381170,2013,293,event_phases/2013/2013_293/11381170.phase,data/scedc/event_phases/2013/2013_293/11381170.phase,reused,,2858,,
11382378,2013,296,event_phases/2013/2013_296/11382378.phase,data/scedc/event_phases/2013/2013_296/11382378.phase,reused,,2708,,
11384370,2013,301,event_phases/2013/2013_301/11384370.phase,data/scedc/event_phases/2013/2013_301/11384370.phase,reused,,3533,,
11384530,2013,301,event_phases/2013/2013_301/11384530.phase,data/scedc/event_phases/2013/2013_301/11384530.phase,reused,,2408,,
11386226,2013,305,event_phases/2013/2013_305/11386226.phase,data/scedc/event_phases/2013/2013_305/11386226.phase,reused,,2483,,
11388298,2013,310,event_phases/2013/2013_310/11388298.phase,data/scedc/event_phases/2013/2013_310/11388298.phase,reused,,1808,,
11388610,2013,311,event_phases/2013/2013_311/11388610.phase,data/scedc/event_phases/2013/2013_311/11388610.phase,reused,,3758,,
11389202,2013,312,event_phases/2013/2013_312/11389202.phase,data/scedc/event_phases/2013/2013_312/11389202.phase,reused,,2783,,
11393506,2013,324,event_phases/2013/2013_324/11393506.phase,data/scedc/event_phases/2013/2013_324/11393506.phase,reused,,3233,,
15443537,2013,347,event_phases/2013/2013_347/15443537.phase,data/scedc/event_phases/2013/2013_347/15443537.phase,reused,,6758,,
15446921,2013,356,event_phases/2013/2013_356/15446921.phase,data/scedc/event_phases/2013/2013_356/15446921.phase,reused,,4508,,
15447161,2013,357,event_phases/2013/2013_357/15447161.phase,data/scedc/event_phases/2013/2013_357/15447161.phase,reused,,7208,,
11405530,2013,359,event_phases/2013/2013_359/11405530.phase,data/scedc/event_phases/2013/2013_359/11405530.phase,reused,,5108,,
11405954,2013,360,event_phases/2013/2013_360/11405954.phase,data/scedc/event_phases/2013/2013_360/11405954.phase,reused,,10283,,
11406722,2013,362,event_phases/2013/2013_362/11406722.phase,data/scedc/event_phases/2013/2013_362/11406722.phase,reused,,1583,,
11408690,2014,1,event_phases/2014/2014_001/11408690.phase,data/scedc/event_phases/2014/2014_001/11408690.phase,reused,,7508,,
11415114,2014,18,event_phases/2014/2014_018/11415114.phase,data/scedc/event_phases/2014/2014_018/11415114.phase,reused,,3233,,
11417914,2014,26,event_phases/2014/2014_026/11417914.phase,data/scedc/event_phases/2014/2014_026/11417914.phase,reused,,2933,,
11418410,2014,27,event_phases/2014/2014_027/11418410.phase,data/scedc/event_phases/2014/2014_027/11418410.phase,reused,,7058,,
11419778,2014,32,event_phases/2014/2014_032/11419778.phase,data/scedc/event_phases/2014/2014_032/11419778.phase,reused,,7358,,
11420466,2014,34,event_phases/2014/2014_034/11420466.phase,data/scedc/event_phases/2014/2014_034/11420466.phase,reused,,7433,,
11420746,2014,35,event_phases/2014/2014_035/11420746.phase,data/scedc/event_phases/2014/2014_035/11420746.phase,reused,,2108,,
11421970,2014,38,event_phases/2014/2014_038/11421970.phase,data/scedc/event_phases/2014/2014_038/11421970.phase,reused,,7208,,
37189912,2014,51,event_phases/2014/2014_051/37189912.phase,data/scedc/event_phases/2014/2014_051/37189912.phase,reused,,6533,,
15472201,2014,63,event_phases/2014/2014_063/15472201.phase,data/scedc/event_phases/2014/2014_063/15472201.phase,reused,,3908,,
15472217,2014,63,event_phases/2014/2014_063/15472217.phase,data/scedc/event_phases/2014/2014_063/15472217.phase,reused,,4058,,
15472225,2014,63,event_phases/2014/2014_063/15472225.phase,data/scedc/event_phases/2014/2014_063/15472225.phase,reused,,3233,,
15473569,2014,66,event_phases/2014/2014_066/15473569.phase,data/scedc/event_phases/2014/2014_066/15473569.phase,reused,,4958,,
15474201,2014,68,event_phases/2014/2014_068/15474201.phase,data/scedc/event_phases/2014/2014_068/15474201.phase,reused,,5333,,
15478505,2014,80,event_phases/2014/2014_080/15478505.phase,data/scedc/event_phases/2014/2014_080/15478505.phase,reused,,2183,,
15480609,2014,85,event_phases/2014/2014_085/15480609.phase,data/scedc/event_phases/2014/2014_085/15480609.phase,reused,,4358,,
15481681,2014,88,event_phases/2014/2014_088/15481681.phase,data/scedc/event_phases/2014/2014_088/15481681.phase,reused,,6083,,
15484513,2014,91,event_phases/2014/2014_091/15484513.phase,data/scedc/event_phases/2014/2014_091/15484513.phase,reused,,6833,,
15485145,2014,93,event_phases/2014/2014_093/15485145.phase,data/scedc/event_phases/2014/2014_093/15485145.phase,reused,,6308,,
37213512,2014,108,event_phases/2014/2014_108/37213512.phase,data/scedc/event_phases/2014/2014_108/37213512.phase,reused,,7208,,
37214944,2014,110,event_phases/2014/2014_110/37214944.phase,data/scedc/event_phases/2014/2014_110/37214944.phase,reused,,5333,,
15504753,2014,143,event_phases/2014/2014_143/15504753.phase,data/scedc/event_phases/2014/2014_143/15504753.phase,reused,,2108,,
15506089,2014,147,event_phases/2014/2014_147/15506089.phase,data/scedc/event_phases/2014/2014_147/15506089.phase,reused,,4658,,
15507505,2014,152,event_phases/2014/2014_152/15507505.phase,data/scedc/event_phases/2014/2014_152/15507505.phase,reused,,2333,,
15512169,2014,166,event_phases/2014/2014_166/15512169.phase,data/scedc/event_phases/2014/2014_166/15512169.phase,reused,,5258,,
37233232,2014,169,event_phases/2014/2014_169/37233232.phase,data/scedc/event_phases/2014/2014_169/37233232.phase,reused,,1808,,
37235984,2014,176,event_phases/2014/2014_176/37235984.phase,data/scedc/event_phases/2014/2014_176/37235984.phase,reused,,5708,,
37236200,2014,176,event_phases/2014/2014_176/37236200.phase,data/scedc/event_phases/2014/2014_176/37236200.phase,reused,,2558,,
37236296,2014,176,event_phases/2014/2014_176/37236296.phase,data/scedc/event_phases/2014/2014_176/37236296.phase,reused,,5633,,
37237584,2014,181,event_phases/2014/2014_181/37237584.phase,data/scedc/event_phases/2014/2014_181/37237584.phase,reused,,4808,,
37238128,2014,182,event_phases/2014/2014_182/37238128.phase,data/scedc/event_phases/2014/2014_182/37238128.phase,reused,,4883,,
37238872,2014,183,event_phases/2014/2014_183/37238872.phase,data/scedc/event_phases/2014/2014_183/37238872.phase,reused,,4808,,
15519497,2014,184,event_phases/2014/2014_184/15519497.phase,data/scedc/event_phases/2014/2014_184/15519497.phase,reused,,6008,,
15521265,2014,186,event_phases/2014/2014_186/15521265.phase,data/scedc/event_phases/2014/2014_186/15521265.phase,reused,,3683,,
15521601,2014,187,event_phases/2014/2014_187/15521601.phase,data/scedc/event_phases/2014/2014_187/15521601.phase,reused,,4658,,
15523545,2014,189,event_phases/2014/2014_189/15523545.phase,data/scedc/event_phases/2014/2014_189/15523545.phase,reused,,7358,,
15524177,2014,190,event_phases/2014/2014_190/15524177.phase,data/scedc/event_phases/2014/2014_190/15524177.phase,reused,,3158,,
15525225,2014,192,event_phases/2014/2014_192/15525225.phase,data/scedc/event_phases/2014/2014_192/15525225.phase,reused,,2633,,
15527401,2014,197,event_phases/2014/2014_197/15527401.phase,data/scedc/event_phases/2014/2014_197/15527401.phase,reused,,2858,,
15527633,2014,198,event_phases/2014/2014_198/15527633.phase,data/scedc/event_phases/2014/2014_198/15527633.phase,reused,,3983,,
37248544,2014,201,event_phases/2014/2014_201/37248544.phase,data/scedc/event_phases/2014/2014_201/37248544.phase,reused,,7808,,
37248768,2014,201,event_phases/2014/2014_201/37248768.phase,data/scedc/event_phases/2014/2014_201/37248768.phase,reused,,2858,,
37248888,2014,202,event_phases/2014/2014_202/37248888.phase,data/scedc/event_phases/2014/2014_202/37248888.phase,reused,,1883,,
37249624,2014,203,event_phases/2014/2014_203/37249624.phase,data/scedc/event_phases/2014/2014_203/37249624.phase,reused,,1508,,
15531937,2014,209,event_phases/2014/2014_209/15531937.phase,data/scedc/event_phases/2014/2014_209/15531937.phase,reused,,3983,,
15532569,2014,210,event_phases/2014/2014_210/15532569.phase,data/scedc/event_phases/2014/2014_210/15532569.phase,reused,,2408,,
15534209,2014,215,event_phases/2014/2014_215/15534209.phase,data/scedc/event_phases/2014/2014_215/15534209.phase,reused,,2633,,
15536217,2014,220,event_phases/2014/2014_220/15536217.phase,data/scedc/event_phases/2014/2014_220/15536217.phase,reused,,2333,,
15537393,2014,224,event_phases/2014/2014_224/15537393.phase,data/scedc/event_phases/2014/2014_224/15537393.phase,reused,,6083,,
15537721,2014,224,event_phases/2014/2014_224/15537721.phase,data/scedc/event_phases/2014/2014_224/15537721.phase,reused,,4358,,
37208589,2014,229,event_phases/2014/2014_229/37208589.phase,data/scedc/event_phases/2014/2014_229/37208589.phase,reused,,1583,,
37259016,2014,229,event_phases/2014/2014_229/37259016.phase,data/scedc/event_phases/2014/2014_229/37259016.phase,reused,,2483,,
37259944,2014,232,event_phases/2014/2014_232/37259944.phase,data/scedc/event_phases/2014/2014_232/37259944.phase,reused,,3833,,
37264592,2014,247,event_phases/2014/2014_247/37264592.phase,data/scedc/event_phases/2014/2014_247/37264592.phase,reused,,7583,,
37265488,2014,250,event_phases/2014/2014_250/37265488.phase,data/scedc/event_phases/2014/2014_250/37265488.phase,reused,,3908,,
37268088,2014,258,event_phases/2014/2014_258/37268088.phase,data/scedc/event_phases/2014/2014_258/37268088.phase,reused,,6608,,
37042559,2014,263,event_phases/2014/2014_263/37042559.phase,data/scedc/event_phases/2014/2014_263/37042559.phase,reused,,6908,,
37045495,2014,270,event_phases/2014/2014_270/37045495.phase,data/scedc/event_phases/2014/2014_270/37045495.phase,reused,,5408,,
37045511,2014,270,event_phases/2014/2014_270/37045511.phase,data/scedc/event_phases/2014/2014_270/37045511.phase,reused,,2333,,
37225869,2014,270,event_phases/2014/2014_270/37225869.phase,data/scedc/event_phases/2014/2014_270/37225869.phase,reused,,2108,,
37047759,2014,278,event_phases/2014/2014_278/37047759.phase,data/scedc/event_phases/2014/2014_278/37047759.phase,reused,,3158,,
37047927,2014,278,event_phases/2014/2014_278/37047927.phase,data/scedc/event_phases/2014/2014_278/37047927.phase,reused,,2708,,
37281064,2014,294,event_phases/2014/2014_294/37281064.phase,data/scedc/event_phases/2014/2014_294/37281064.phase,reused,,1808,,
37283792,2014,303,event_phases/2014/2014_303/37283792.phase,data/scedc/event_phases/2014/2014_303/37283792.phase,reused,,3458,,
37067415,2014,341,event_phases/2014/2014_341/37067415.phase,data/scedc/event_phases/2014/2014_341/37067415.phase,reused,,6233,,
37298672,2014,358,event_phases/2014/2014_358/37298672.phase,data/scedc/event_phases/2014/2014_358/37298672.phase,reused,,5483,,
37298680,2014,358,event_phases/2014/2014_358/37298680.phase,data/scedc/event_phases/2014/2014_358/37298680.phase,reused,,4658,,
37300152,2014,364,event_phases/2014/2014_364/37300152.phase,data/scedc/event_phases/2014/2014_364/37300152.phase,reused,,5033,,
37300496,2014,365,event_phases/2014/2014_365/37300496.phase,data/scedc/event_phases/2014/2014_365/37300496.phase,reused,,6158,,
37301696,2015,4,event_phases/2015/2015_004/37301696.phase,data/scedc/event_phases/2015/2015_004/37301696.phase,reused,,7133,,
37307304,2015,20,event_phases/2015/2015_020/37307304.phase,data/scedc/event_phases/2015/2015_020/37307304.phase,reused,,1808,,
37309768,2015,28,event_phases/2015/2015_028/37309768.phase,data/scedc/event_phases/2015/2015_028/37309768.phase,reused,,3608,,
37312792,2015,35,event_phases/2015/2015_035/37312792.phase,data/scedc/event_phases/2015/2015_035/37312792.phase,reused,,3008,,
37315720,2015,43,event_phases/2015/2015_043/37315720.phase,data/scedc/event_phases/2015/2015_043/37315720.phase,reused,,2483,,
37104391,2015,58,event_phases/2015/2015_058/37104391.phase,data/scedc/event_phases/2015/2015_058/37104391.phase,reused,,3533,,
37350360,2015,86,event_phases/2015/2015_086/37350360.phase,data/scedc/event_phases/2015/2015_086/37350360.phase,reused,,1658,,
37350568,2015,86,event_phases/2015/2015_086/37350568.phase,data/scedc/event_phases/2015/2015_086/37350568.phase,reused,,5033,,
37354952,2015,92,event_phases/2015/2015_092/37354952.phase,data/scedc/event_phases/2015/2015_092/37354952.phase,reused,,3983,,
37359304,2015,98,event_phases/2015/2015_098/37359304.phase,data/scedc/event_phases/2015/2015_098/37359304.phase,reused,,5258,,
37359312,2015,98,event_phases/2015/2015_098/37359312.phase,data/scedc/event_phases/2015/2015_098/37359312.phase,reused,,7133,,
37137764,2015,141,event_phases/2015/2015_141/37137764.phase,data/scedc/event_phases/2015/2015_141/37137764.phase,reused,,2408,,
37385072,2015,142,event_phases/2015/2015_142/37385072.phase,data/scedc/event_phases/2015/2015_142/37385072.phase,reused,,3008,,
37385088,2015,142,event_phases/2015/2015_142/37385088.phase,data/scedc/event_phases/2015/2015_142/37385088.phase,reused,,3383,,
37388136,2015,147,event_phases/2015/2015_147/37388136.phase,data/scedc/event_phases/2015/2015_147/37388136.phase,reused,,4208,,
37388832,2015,148,event_phases/2015/2015_148/37388832.phase,data/scedc/event_phases/2015/2015_148/37388832.phase,reused,,3608,,
37388864,2015,148,event_phases/2015/2015_148/37388864.phase,data/scedc/event_phases/2015/2015_148/37388864.phase,reused,,3458,,
37392152,2015,153,event_phases/2015/2015_153/37392152.phase,data/scedc/event_phases/2015/2015_153/37392152.phase,reused,,5783,,
37392440,2015,153,event_phases/2015/2015_153/37392440.phase,data/scedc/event_phases/2015/2015_153/37392440.phase,reused,,6308,,
37393840,2015,156,event_phases/2015/2015_156/37393840.phase,data/scedc/event_phases/2015/2015_156/37393840.phase,reused,,5933,,
37194935,2015,181,event_phases/2015/2015_181/37194935.phase,data/scedc/event_phases/2015/2015_181/37194935.phase,reused,,2933,,
37200503,2015,188,event_phases/2015/2015_188/37200503.phase,data/scedc/event_phases/2015/2015_188/37200503.phase,reused,,3983,,
37228879,2015,229,event_phases/2015/2015_229/37228879.phase,data/scedc/event_phases/2015/2015_229/37228879.phase,reused,,4508,,
37229351,2015,230,event_phases/2015/2015_230/37229351.phase,data/scedc/event_phases/2015/2015_230/37229351.phase,reused,,4658,,
37243311,2015,259,event_phases/2015/2015_259/37243311.phase,data/scedc/event_phases/2015/2015_259/37243311.phase,reused,,6383,,
37254543,2015,280,event_phases/2015/2015_280/37254543.phase,data/scedc/event_phases/2015/2015_280/37254543.phase,reused,,3908,,
37264615,2015,300,event_phases/2015/2015_300/37264615.phase,data/scedc/event_phases/2015/2015_300/37264615.phase,reused,,4508,,
37265103,2015,302,event_phases/2015/2015_302/37265103.phase,data/scedc/event_phases/2015/2015_302/37265103.phase,reused,,7208,,
37265303,2015,302,event_phases/2015/2015_302/37265303.phase,data/scedc/event_phases/2015/2015_302/37265303.phase,reused,,4058,,
37485376,2015,308,event_phases/2015/2015_308/37485376.phase,data/scedc/event_phases/2015/2015_308/37485376.phase,reused,,2708,,
37500960,2015,345,event_phases/2015/2015_345/37500960.phase,data/scedc/event_phases/2015/2015_345/37500960.phase,reused,,3383,,
37501352,2015,347,event_phases/2015/2015_347/37501352.phase,data/scedc/event_phases/2015/2015_347/37501352.phase,reused,,3383,,
37502072,2015,349,event_phases/2015/2015_349/37502072.phase,data/scedc/event_phases/2015/2015_349/37502072.phase,reused,,2783,,
37286727,2015,353,event_phases/2015/2015_353/37286727.phase,data/scedc/event_phases/2015/2015_353/37286727.phase,reused,,2858,,
37286815,2015,354,event_phases/2015/2015_354/37286815.phase,data/scedc/event_phases/2015/2015_354/37286815.phase,reused,,1433,,
37295831,2016,14,event_phases/2016/2016_014/37295831.phase,data/scedc/event_phases/2016/2016_014/37295831.phase,reused,,6908,,
37296015,2016,14,event_phases/2016/2016_014/37296015.phase,data/scedc/event_phases/2016/2016_014/37296015.phase,reused,,3233,,
37297743,2016,19,event_phases/2016/2016_019/37297743.phase,data/scedc/event_phases/2016/2016_019/37297743.phase,reused,,4658,,
37297831,2016,19,event_phases/2016/2016_019/37297831.phase,data/scedc/event_phases/2016/2016_019/37297831.phase,reused,,4583,,
37298055,2016,20,event_phases/2016/2016_020/37298055.phase,data/scedc/event_phases/2016/2016_020/37298055.phase,reused,,4658,,
37299263,2016,24,event_phases/2016/2016_024/37299263.phase,data/scedc/event_phases/2016/2016_024/37299263.phase,reused,,6008,,
37299799,2016,26,event_phases/2016/2016_026/37299799.phase,data/scedc/event_phases/2016/2016_026/37299799.phase,reused,,4358,,
37521568,2016,39,event_phases/2016/2016_039/37521568.phase,data/scedc/event_phases/2016/2016_039/37521568.phase,reused,,5783,,
37523376,2016,44,event_phases/2016/2016_044/37523376.phase,data/scedc/event_phases/2016/2016_044/37523376.phase,reused,,5933,,
37526720,2016,51,event_phases/2016/2016_051/37526720.phase,data/scedc/event_phases/2016/2016_051/37526720.phase,reused,,7283,,
37312311,2016,58,event_phases/2016/2016_058/37312311.phase,data/scedc/event_phases/2016/2016_058/37312311.phase,reused,,5783,,
37536936,2016,78,event_phases/2016/2016_078/37536936.phase,data/scedc/event_phases/2016/2016_078/37536936.phase,reused,,4358,,
37538432,2016,82,event_phases/2016/2016_082/37538432.phase,data/scedc/event_phases/2016/2016_082/37538432.phase,reused,,3008,,
37548408,2016,103,event_phases/2016/2016_103/37548408.phase,data/scedc/event_phases/2016/2016_103/37548408.phase,reused,,4958,,
37139548,2016,120,event_phases/2016/2016_120/37139548.phase,data/scedc/event_phases/2016/2016_120/37139548.phase,reused,,2708,,
37566648,2016,134,event_phases/2016/2016_134/37566648.phase,data/scedc/event_phases/2016/2016_134/37566648.phase,reused,,4508,,
37577944,2016,150,event_phases/2016/2016_150/37577944.phase,data/scedc/event_phases/2016/2016_150/37577944.phase,reused,,2708,,
37367055,2016,154,event_phases/2016/2016_154/37367055.phase,data/scedc/event_phases/2016/2016_154/37367055.phase,reused,,4283,,
37367207,2016,154,event_phases/2016/2016_154/37367207.phase,data/scedc/event_phases/2016/2016_154/37367207.phase,reused,,5258,,
37142124,2016,162,event_phases/2016/2016_162/37142124.phase,data/scedc/event_phases/2016/2016_162/37142124.phase,reused,,2933,,
37374719,2016,162,event_phases/2016/2016_162/37374719.phase,data/scedc/event_phases/2016/2016_162/37374719.phase,reused,,6008,,
37387567,2016,167,event_phases/2016/2016_167/37387567.phase,data/scedc/event_phases/2016/2016_167/37387567.phase,reused,,4583,,
37622848,2016,189,event_phases/2016/2016_189/37622848.phase,data/scedc/event_phases/2016/2016_189/37622848.phase,reused,,7133,,
37412335,2016,193,event_phases/2016/2016_193/37412335.phase,data/scedc/event_phases/2016/2016_193/37412335.phase,reused,,3083,,
37413567,2016,194,event_phases/2016/2016_194/37413567.phase,data/scedc/event_phases/2016/2016_194/37413567.phase,reused,,6158,,
37417111,2016,199,event_phases/2016/2016_199/37417111.phase,data/scedc/event_phases/2016/2016_199/37417111.phase,reused,,5483,,
37647240,2016,217,event_phases/2016/2016_217/37647240.phase,data/scedc/event_phases/2016/2016_217/37647240.phase,reused,,3083,,
37447719,2016,229,event_phases/2016/2016_229/37447719.phase,data/scedc/event_phases/2016/2016_229/37447719.phase,reused,,3833,,
37449175,2016,231,event_phases/2016/2016_231/37449175.phase,data/scedc/event_phases/2016/2016_231/37449175.phase,reused,,4883,,
37666480,2016,233,event_phases/2016/2016_233/37666480.phase,data/scedc/event_phases/2016/2016_233/37666480.phase,reused,,5033,,
37468263,2016,247,event_phases/2016/2016_247/37468263.phase,data/scedc/event_phases/2016/2016_247/37468263.phase,reused,,4733,,
37382677,2016,270,event_phases/2016/2016_270/37382677.phase,data/scedc/event_phases/2016/2016_270/37382677.phase,reused,,2183,,
37382749,2016,270,event_phases/2016/2016_270/37382749.phase,data/scedc/event_phases/2016/2016_270/37382749.phase,reused,,5558,,
37700544,2016,270,event_phases/2016/2016_270/37700544.phase,data/scedc/event_phases/2016/2016_270/37700544.phase,reused,,7208,,
37147076,2016,271,event_phases/2016/2016_271/37147076.phase,data/scedc/event_phases/2016/2016_271/37147076.phase,reused,,1508,,
37701512,2016,271,event_phases/2016/2016_271/37701512.phase,data/scedc/event_phases/2016/2016_271/37701512.phase,reused,,6983,,
37701552,2016,271,event_phases/2016/2016_271/37701552.phase,data/scedc/event_phases/2016/2016_271/37701552.phase,reused,,7508,,
37701856,2016,271,event_phases/2016/2016_271/37701856.phase,data/scedc/event_phases/2016/2016_271/37701856.phase,reused,,6983,,
37703976,2016,272,event_phases/2016/2016_272/37703976.phase,data/scedc/event_phases/2016/2016_272/37703976.phase,reused,,2033,,
37705224,2016,273,event_phases/2016/2016_273/37705224.phase,data/scedc/event_phases/2016/2016_273/37705224.phase,reused,,5633,,
37707792,2016,275,event_phases/2016/2016_275/37707792.phase,data/scedc/event_phases/2016/2016_275/37707792.phase,reused,,6083,,
37712704,2016,282,event_phases/2016/2016_282/37712704.phase,data/scedc/event_phases/2016/2016_282/37712704.phase,reused,,5933,,
37718752,2016,290,event_phases/2016/2016_290/37718752.phase,data/scedc/event_phases/2016/2016_290/37718752.phase,reused,,3158,,
37514831,2016,305,event_phases/2016/2016_305/37514831.phase,data/scedc/event_phases/2016/2016_305/37514831.phase,reused,,7208,,
37514847,2016,305,event_phases/2016/2016_305/37514847.phase,data/scedc/event_phases/2016/2016_305/37514847.phase,reused,,6608,,
37514887,2016,305,event_phases/2016/2016_305/37514887.phase,data/scedc/event_phases/2016/2016_305/37514887.phase,reused,,2558,,
37515151,2016,305,event_phases/2016/2016_305/37515151.phase,data/scedc/event_phases/2016/2016_305/37515151.phase,reused,,6533,,
37515167,2016,305,event_phases/2016/2016_305/37515167.phase,data/scedc/event_phases/2016/2016_305/37515167.phase,reused,,7358,,
37749920,2016,331,event_phases/2016/2016_331/37749920.phase,data/scedc/event_phases/2016/2016_331/37749920.phase,reused,,5333,,
37540863,2016,341,event_phases/2016/2016_341/37540863.phase,data/scedc/event_phases/2016/2016_341/37540863.phase,reused,,3458,,
37770624,2016,359,event_phases/2016/2016_359/37770624.phase,data/scedc/event_phases/2016/2016_359/37770624.phase,reused,,6458,,
37775048,2016,366,event_phases/2016/2016_366/37775048.phase,data/scedc/event_phases/2016/2016_366/37775048.phase,reused,,5633,,
37775056,2016,366,event_phases/2016/2016_366/37775056.phase,data/scedc/event_phases/2016/2016_366/37775056.phase,reused,,4808,,
37775296,2016,366,event_phases/2016/2016_366/37775296.phase,data/scedc/event_phases/2016/2016_366/37775296.phase,reused,,6383,,
37775304,2016,366,event_phases/2016/2016_366/37775304.phase,data/scedc/event_phases/2016/2016_366/37775304.phase,reused,,2333,,
37775432,2016,366,event_phases/2016/2016_366/37775432.phase,data/scedc/event_phases/2016/2016_366/37775432.phase,reused,,6383,,
37775504,2016,366,event_phases/2016/2016_366/37775504.phase,data/scedc/event_phases/2016/2016_366/37775504.phase,reused,,6983,,
37775608,2016,366,event_phases/2016/2016_366/37775608.phase,data/scedc/event_phases/2016/2016_366/37775608.phase,reused,,6683,,
37776080,2017,1,event_phases/2017/2017_001/37776080.phase,data/scedc/event_phases/2017/2017_001/37776080.phase,reused,,6833,,
37776336,2017,1,event_phases/2017/2017_001/37776336.phase,data/scedc/event_phases/2017/2017_001/37776336.phase,reused,,6533,,
37781184,2017,6,event_phases/2017/2017_006/37781184.phase,data/scedc/event_phases/2017/2017_006/37781184.phase,reused,,3458,,
37781192,2017,6,event_phases/2017/2017_006/37781192.phase,data/scedc/event_phases/2017/2017_006/37781192.phase,reused,,3383,,
37572335,2017,22,event_phases/2017/2017_022/37572335.phase,data/scedc/event_phases/2017/2017_022/37572335.phase,reused,,3908,,
37578223,2017,36,event_phases/2017/2017_036/37578223.phase,data/scedc/event_phases/2017/2017_036/37578223.phase,reused,,3908,,
37583871,2017,46,event_phases/2017/2017_046/37583871.phase,data/scedc/event_phases/2017/2017_046/37583871.phase,reused,,5858,,
37811048,2017,54,event_phases/2017/2017_054/37811048.phase,data/scedc/event_phases/2017/2017_054/37811048.phase,reused,,5183,,
37827296,2017,72,event_phases/2017/2017_072/37827296.phase,data/scedc/event_phases/2017/2017_072/37827296.phase,reused,,3083,,
37391405,2017,81,event_phases/2017/2017_081/37391405.phase,data/scedc/event_phases/2017/2017_081/37391405.phase,reused,,3008,,
37610567,2017,81,event_phases/2017/2017_081/37610567.phase,data/scedc/event_phases/2017/2017_081/37610567.phase,reused,,3008,,
37612991,2017,86,event_phases/2017/2017_086/37612991.phase,data/scedc/event_phases/2017/2017_086/37612991.phase,reused,,3608,,
37613935,2017,87,event_phases/2017/2017_087/37613935.phase,data/scedc/event_phases/2017/2017_087/37613935.phase,reused,,6758,,
37843824,2017,88,event_phases/2017/2017_088/37843824.phase,data/scedc/event_phases/2017/2017_088/37843824.phase,reused,,3908,,
37845672,2017,91,event_phases/2017/2017_091/37845672.phase,data/scedc/event_phases/2017/2017_091/37845672.phase,reused,,6233,,
37854536,2017,101,event_phases/2017/2017_101/37854536.phase,data/scedc/event_phases/2017/2017_101/37854536.phase,reused,,3758,,
37865792,2017,114,event_phases/2017/2017_114/37865792.phase,data/scedc/event_phases/2017/2017_114/37865792.phase,reused,,6233,,
37636359,2017,119,event_phases/2017/2017_119/37636359.phase,data/scedc/event_phases/2017/2017_119/37636359.phase,reused,,3983,,
37646591,2017,136,event_phases/2017/2017_136/37646591.phase,data/scedc/event_phases/2017/2017_136/37646591.phase,reused,,6383,,
37646983,2017,137,event_phases/2017/2017_137/37646983.phase,data/scedc/event_phases/2017/2017_137/37646983.phase,reused,,6833,,
37646991,2017,137,event_phases/2017/2017_137/37646991.phase,data/scedc/event_phases/2017/2017_137/37646991.phase,reused,,3083,,
37654463,2017,145,event_phases/2017/2017_145/37654463.phase,data/scedc/event_phases/2017/2017_145/37654463.phase,reused,,4733,,
37654479,2017,145,event_phases/2017/2017_145/37654479.phase,data/scedc/event_phases/2017/2017_145/37654479.phase,reused,,4508,,
37659863,2017,153,event_phases/2017/2017_153/37659863.phase,data/scedc/event_phases/2017/2017_153/37659863.phase,reused,,6683,,
37160164,2017,158,event_phases/2017/2017_158/37160164.phase,data/scedc/event_phases/2017/2017_158/37160164.phase,reused,,4058,,
37664623,2017,159,event_phases/2017/2017_159/37664623.phase,data/scedc/event_phases/2017/2017_159/37664623.phase,reused,,6458,,
37664663,2017,159,event_phases/2017/2017_159/37664663.phase,data/scedc/event_phases/2017/2017_159/37664663.phase,reused,,5783,,
37664695,2017,159,event_phases/2017/2017_159/37664695.phase,data/scedc/event_phases/2017/2017_159/37664695.phase,reused,,6008,,
37924848,2017,185,event_phases/2017/2017_185/37924848.phase,data/scedc/event_phases/2017/2017_185/37924848.phase,reused,,3158,,
37706255,2017,199,event_phases/2017/2017_199/37706255.phase,data/scedc/event_phases/2017/2017_199/37706255.phase,reused,,5183,,
37726895,2017,219,event_phases/2017/2017_219/37726895.phase,data/scedc/event_phases/2017/2017_219/37726895.phase,reused,,5183,,
37727007,2017,219,event_phases/2017/2017_219/37727007.phase,data/scedc/event_phases/2017/2017_219/37727007.phase,reused,,5333,,
37730783,2017,222,event_phases/2017/2017_222/37730783.phase,data/scedc/event_phases/2017/2017_222/37730783.phase,reused,,6308,,
37980632,2017,234,event_phases/2017/2017_234/37980632.phase,data/scedc/event_phases/2017/2017_234/37980632.phase,reused,,5783,,
37753607,2017,245,event_phases/2017/2017_245/37753607.phase,data/scedc/event_phases/2017/2017_245/37753607.phase,reused,,5183,,
38006480,2017,262,event_phases/2017/2017_262/38006480.phase,data/scedc/event_phases/2017/2017_262/38006480.phase,reused,,4883,,
38006496,2017,262,event_phases/2017/2017_262/38006496.phase,data/scedc/event_phases/2017/2017_262/38006496.phase,reused,,6008,,
38007544,2017,264,event_phases/2017/2017_264/38007544.phase,data/scedc/event_phases/2017/2017_264/38007544.phase,reused,,4058,,
38010488,2017,268,event_phases/2017/2017_268/38010488.phase,data/scedc/event_phases/2017/2017_268/38010488.phase,reused,,5258,,
38022776,2017,283,event_phases/2017/2017_283/38022776.phase,data/scedc/event_phases/2017/2017_283/38022776.phase,reused,,7358,,
38029344,2017,294,event_phases/2017/2017_294/38029344.phase,data/scedc/event_phases/2017/2017_294/38029344.phase,reused,,6383,,
38030504,2017,297,event_phases/2017/2017_297/38030504.phase,data/scedc/event_phases/2017/2017_297/38030504.phase,reused,,6008,,
38035912,2017,307,event_phases/2017/2017_307/38035912.phase,data/scedc/event_phases/2017/2017_307/38035912.phase,reused,,3383,,
37812447,2017,319,event_phases/2017/2017_319/37812447.phase,data/scedc/event_phases/2017/2017_319/37812447.phase,reused,,6908,,
37833503,2017,354,event_phases/2017/2017_354/37833503.phase,data/scedc/event_phases/2017/2017_354/37833503.phase,reused,,5108,,
37837119,2017,359,event_phases/2017/2017_359/37837119.phase,data/scedc/event_phases/2017/2017_359/37837119.phase,reused,,5033,,
37848263,2018,7,event_phases/2018/2018_007/37848263.phase,data/scedc/event_phases/2018/2018_007/37848263.phase,reused,,6983,,
38090568,2018,22,event_phases/2018/2018_022/38090568.phase,data/scedc/event_phases/2018/2018_022/38090568.phase,reused,,4433,,
38099808,2018,36,event_phases/2018/2018_036/38099808.phase,data/scedc/event_phases/2018/2018_036/38099808.phase,reused,,3308,,
38109320,2018,46,event_phases/2018/2018_046/38109320.phase,data/scedc/event_phases/2018/2018_046/38109320.phase,reused,,5033,,
37890431,2018,67,event_phases/2018/2018_067/37890431.phase,data/scedc/event_phases/2018/2018_067/37890431.phase,reused,,4283,,
37891767,2018,69,event_phases/2018/2018_069/37891767.phase,data/scedc/event_phases/2018/2018_069/37891767.phase,reused,,4583,,
37898863,2018,81,event_phases/2018/2018_081/37898863.phase,data/scedc/event_phases/2018/2018_081/37898863.phase,reused,,5933,,
37899039,2018,82,event_phases/2018/2018_082/37899039.phase,data/scedc/event_phases/2018/2018_082/37899039.phase,reused,,6983,,
38161632,2018,121,event_phases/2018/2018_121/38161632.phase,data/scedc/event_phases/2018/2018_121/38161632.phase,reused,,4883,,
38161664,2018,121,event_phases/2018/2018_121/38161664.phase,data/scedc/event_phases/2018/2018_121/38161664.phase,reused,,3533,,
38201136,2018,171,event_phases/2018/2018_171/38201136.phase,data/scedc/event_phases/2018/2018_171/38201136.phase,reused,,5783,,
37272194,2018,181,event_phases/2018/2018_181/37272194.phase,data/scedc/event_phases/2018/2018_181/37272194.phase,reused,,4808,,
37272234,2018,181,event_phases/2018/2018_181/37272234.phase,data/scedc/event_phases/2018/2018_181/37272234.phase,reused,,4658,,
37274218,2018,184,event_phases/2018/2018_184/37274218.phase,data/scedc/event_phases/2018/2018_184/37274218.phase,reused,,3608,,
37274818,2018,186,event_phases/2018/2018_186/37274818.phase,data/scedc/event_phases/2018/2018_186/37274818.phase,reused,,5333,,
37275802,2018,188,event_phases/2018/2018_188/37275802.phase,data/scedc/event_phases/2018/2018_188/37275802.phase,reused,,5183,,
38043735,2018,244,event_phases/2018/2018_244/38043735.phase,data/scedc/event_phases/2018/2018_244/38043735.phase,reused,,3908,,
38064031,2018,261,event_phases/2018/2018_261/38064031.phase,data/scedc/event_phases/2018/2018_261/38064031.phase,reused,,3833,,
37372850,2018,271,event_phases/2018/2018_271/37372850.phase,data/scedc/event_phases/2018/2018_271/37372850.phase,reused,,6158,,
37373442,2018,272,event_phases/2018/2018_272/37373442.phase,data/scedc/event_phases/2018/2018_272/37373442.phase,reused,,5108,,
38315368,2018,277,event_phases/2018/2018_277/38315368.phase,data/scedc/event_phases/2018/2018_277/38315368.phase,reused,,3908,,
38315504,2018,277,event_phases/2018/2018_277/38315504.phase,data/scedc/event_phases/2018/2018_277/38315504.phase,reused,,4583,,
38317720,2018,281,event_phases/2018/2018_281/38317720.phase,data/scedc/event_phases/2018/2018_281/38317720.phase,reused,,7058,,
38317760,2018,281,event_phases/2018/2018_281/38317760.phase,data/scedc/event_phases/2018/2018_281/38317760.phase,reused,,6833,,
37390754,2018,287,event_phases/2018/2018_287/37390754.phase,data/scedc/event_phases/2018/2018_287/37390754.phase,reused,,3308,,
37407226,2018,302,event_phases/2018/2018_302/37407226.phase,data/scedc/event_phases/2018/2018_302/37407226.phase,reused,,2108,,
38351080,2018,310,event_phases/2018/2018_310/38351080.phase,data/scedc/event_phases/2018/2018_310/38351080.phase,reused,,4883,,
38354872,2018,313,event_phases/2018/2018_313/38354872.phase,data/scedc/event_phases/2018/2018_313/38354872.phase,reused,,6458,,
38354928,2018,313,event_phases/2018/2018_313/38354928.phase,data/scedc/event_phases/2018/2018_313/38354928.phase,reused,,4358,,
38138175,2018,323,event_phases/2018/2018_323/38138175.phase,data/scedc/event_phases/2018/2018_323/38138175.phase,reused,,4433,,
38138183,2018,323,event_phases/2018/2018_323/38138183.phase,data/scedc/event_phases/2018/2018_323/38138183.phase,reused,,3533,,
38138415,2018,323,event_phases/2018/2018_323/38138415.phase,data/scedc/event_phases/2018/2018_323/38138415.phase,reused,,4358,,
38138431,2018,323,event_phases/2018/2018_323/38138431.phase,data/scedc/event_phases/2018/2018_323/38138431.phase,reused,,4058,,
38146343,2018,331,event_phases/2018/2018_331/38146343.phase,data/scedc/event_phases/2018/2018_331/38146343.phase,reused,,4358,,
38404744,2018,357,event_phases/2018/2018_357/38404744.phase,data/scedc/event_phases/2018/2018_357/38404744.phase,reused,,6008,,
38207119,2019,27,event_phases/2019/2019_027/38207119.phase,data/scedc/event_phases/2019/2019_027/38207119.phase,reused,,6308,,
38213159,2019,31,event_phases/2019/2019_031/38213159.phase,data/scedc/event_phases/2019/2019_031/38213159.phase,reused,,7508,,
38216855,2019,33,event_phases/2019/2019_033/38216855.phase,data/scedc/event_phases/2019/2019_033/38216855.phase,reused,,3383,,
37522578,2019,37,event_phases/2019/2019_037/37522578.phase,data/scedc/event_phases/2019/2019_037/37522578.phase,reused,,3533,,
37522954,2019,38,event_phases/2019/2019_038/37522954.phase,data/scedc/event_phases/2019/2019_038/37522954.phase,reused,,5858,,
38277999,2019,79,event_phases/2019/2019_079/38277999.phase,data/scedc/event_phases/2019/2019_079/38277999.phase,reused,,5633,,
37607530,2019,95,event_phases/2019/2019_095/37607530.phase,data/scedc/event_phases/2019/2019_095/37607530.phase,reused,,3983,,
38544608,2019,103,event_phases/2019/2019_103/38544608.phase,data/scedc/event_phases/2019/2019_103/38544608.phase,reused,,4958,,
37418485,2019,120,event_phases/2019/2019_120/37418485.phase,data/scedc/event_phases/2019/2019_120/37418485.phase,reused,,3383,,
38338687,2019,120,event_phases/2019/2019_120/38338687.phase,data/scedc/event_phases/2019/2019_120/38338687.phase,reused,,3533,,
38338823,2019,120,event_phases/2019/2019_120/38338823.phase,data/scedc/event_phases/2019/2019_120/38338823.phase,reused,,3233,,
38339119,2019,120,event_phases/2019/2019_120/38339119.phase,data/scedc/event_phases/2019/2019_120/38339119.phase,reused,,3308,,
38343375,2019,123,event_phases/2019/2019_123/38343375.phase,data/scedc/event_phases/2019/2019_123/38343375.phase,reused,,7433,,
38343471,2019,123,event_phases/2019/2019_123/38343471.phase,data/scedc/event_phases/2019/2019_123/38343471.phase,reused,,6383,,
38592680,2019,133,event_phases/2019/2019_133/38592680.phase,data/scedc/event_phases/2019/2019_133/38592680.phase,reused,,6683,,
38601472,2019,142,event_phases/2019/2019_142/38601472.phase,data/scedc/event_phases/2019/2019_142/38601472.phase,reused,,6383,,
38624056,2019,156,event_phases/2019/2019_156/38624056.phase,data/scedc/event_phases/2019/2019_156/38624056.phase,reused,,6683,,
38624424,2019,156,event_phases/2019/2019_156/38624424.phase,data/scedc/event_phases/2019/2019_156/38624424.phase,reused,,4508,,
38626504,2019,157,event_phases/2019/2019_157/38626504.phase,data/scedc/event_phases/2019/2019_157/38626504.phase,reused,,4733,,
38644688,2019,167,event_phases/2019/2019_167/38644688.phase,data/scedc/event_phases/2019/2019_167/38644688.phase,reused,,6083,,
38422639,2019,170,event_phases/2019/2019_170/38422639.phase,data/scedc/event_phases/2019/2019_170/38422639.phase,reused,,5633,,
38432527,2019,178,event_phases/2019/2019_178/38432527.phase,data/scedc/event_phases/2019/2019_178/38432527.phase,reused,,4883,,
37218988,2019,185,event_phases/2019/2019_185/37218988.phase,data/scedc/event_phases/2019/2019_185/37218988.phase,reused,,3533,,
37218996,2019,185,event_phases/2019/2019_185/37218996.phase,data/scedc/event_phases/2019/2019_185/37218996.phase,reused,,2933,,
37222356,2019,185,event_phases/2019/2019_185/37222356.phase,data/scedc/event_phases/2019/2019_185/37222356.phase,reused,,1508,,
37222364,2019,185,event_phases/2019/2019_185/37222364.phase,data/scedc/event_phases/2019/2019_185/37222364.phase,reused,,2858,,
37222372,2019,185,event_phases/2019/2019_185/37222372.phase,data/scedc/event_phases/2019/2019_185/37222372.phase,reused,,2483,,
37222380,2019,185,event_phases/2019/2019_185/37222380.phase,data/scedc/event_phases/2019/2019_185/37222380.phase,reused,,2108,,
37222396,2019,185,event_phases/2019/2019_185/37222396.phase,data/scedc/event_phases/2019/2019_185/37222396.phase,reused,,3083,,
37222404,2019,185,event_phases/2019/2019_185/37222404.phase,data/scedc/event_phases/2019/2019_185/37222404.phase,reused,,758,,
37222508,2019,185,event_phases/2019/2019_185/37222508.phase,data/scedc/event_phases/2019/2019_185/37222508.phase,reused,,1433,,
37222516,2019,185,event_phases/2019/2019_185/37222516.phase,data/scedc/event_phases/2019/2019_185/37222516.phase,reused,,1733,,
37222524,2019,185,event_phases/2019/2019_185/37222524.phase,data/scedc/event_phases/2019/2019_185/37222524.phase,reused,,1883,,
37222548,2019,185,event_phases/2019/2019_185/37222548.phase,data/scedc/event_phases/2019/2019_185/37222548.phase,reused,,3233,,
37222556,2019,185,event_phases/2019/2019_185/37222556.phase,data/scedc/event_phases/2019/2019_185/37222556.phase,reused,,3758,,
37222564,2019,185,event_phases/2019/2019_185/37222564.phase,data/scedc/event_phases/2019/2019_185/37222564.phase,reused,,1733,,
37222572,2019,185,event_phases/2019/2019_185/37222572.phase,data/scedc/event_phases/2019/2019_185/37222572.phase,reused,,1958,,
37222580,2019,185,event_phases/2019/2019_185/37222580.phase,data/scedc/event_phases/2019/2019_185/37222580.phase,reused,,1958,,
37223156,2019,185,event_phases/2019/2019_185/37223156.phase,data/scedc/event_phases/2019/2019_185/37223156.phase,reused,,2858,,
37223244,2019,185,event_phases/2019/2019_185/37223244.phase,data/scedc/event_phases/2019/2019_185/37223244.phase,reused,,1433,,
37223308,2019,185,event_phases/2019/2019_185/37223308.phase,data/scedc/event_phases/2019/2019_185/37223308.phase,reused,,3533,,
37223676,2019,185,event_phases/2019/2019_185/37223676.phase,data/scedc/event_phases/2019/2019_185/37223676.phase,reused,,1433,,
37224612,2019,185,event_phases/2019/2019_185/37224612.phase,data/scedc/event_phases/2019/2019_185/37224612.phase,reused,,3158,,
37224620,2019,185,event_phases/2019/2019_185/37224620.phase,data/scedc/event_phases/2019/2019_185/37224620.phase,reused,,2783,,
37225444,2019,185,event_phases/2019/2019_185/37225444.phase,data/scedc/event_phases/2019/2019_185/37225444.phase,reused,,5483,,
37229300,2019,185,event_phases/2019/2019_185/37229300.phase,data/scedc/event_phases/2019/2019_185/37229300.phase,reused,,3308,,
37230556,2019,185,event_phases/2019/2019_185/37230556.phase,data/scedc/event_phases/2019/2019_185/37230556.phase,reused,,1883,,
37230564,2019,185,event_phases/2019/2019_185/37230564.phase,data/scedc/event_phases/2019/2019_185/37230564.phase,reused,,2558,,
37230836,2019,185,event_phases/2019/2019_185/37230836.phase,data/scedc/event_phases/2019/2019_185/37230836.phase,reused,,1883,,
37230908,2019,185,event_phases/2019/2019_185/37230908.phase,data/scedc/event_phases/2019/2019_185/37230908.phase,reused,,2558,,
37230948,2019,185,event_phases/2019/2019_185/37230948.phase,data/scedc/event_phases/2019/2019_185/37230948.phase,reused,,1958,,
37231484,2019,185,event_phases/2019/2019_185/37231484.phase,data/scedc/event_phases/2019/2019_185/37231484.phase,reused,,1508,,
37255940,2019,185,event_phases/2019/2019_185/37255940.phase,data/scedc/event_phases/2019/2019_185/37255940.phase,reused,,1733,,
37255980,2019,185,event_phases/2019/2019_185/37255980.phase,data/scedc/event_phases/2019/2019_185/37255980.phase,reused,,1658,,
37256196,2019,185,event_phases/2019/2019_185/37256196.phase,data/scedc/event_phases/2019/2019_185/37256196.phase,reused,,1058,,
37259580,2019,185,event_phases/2019/2019_185/37259580.phase,data/scedc/event_phases/2019/2019_185/37259580.phase,reused,,683,,
37259588,2019,185,event_phases/2019/2019_185/37259588.phase,data/scedc/event_phases/2019/2019_185/37259588.phase,reused,,908,,
37259612,2019,185,event_phases/2019/2019_185/37259612.phase,data/scedc/event_phases/2019/2019_185/37259612.phase,reused,,1283,,
37259660,2019,185,event_phases/2019/2019_185/37259660.phase,data/scedc/event_phases/2019/2019_185/37259660.phase,reused,,833,,
37259692,2019,185,event_phases/2019/2019_185/37259692.phase,data/scedc/event_phases/2019/2019_185/37259692.phase,reused,,758,,
37259964,2019,185,event_phases/2019/2019_185/37259964.phase,data/scedc/event_phases/2019/2019_185/37259964.phase,reused,,1658,,
37260124,2019,185,event_phases/2019/2019_185/37260124.phase,data/scedc/event_phases/2019/2019_185/37260124.phase,reused,,2333,,
37420701,2019,185,event_phases/2019/2019_185/37420701.phase,data/scedc/event_phases/2019/2019_185/37420701.phase,reused,,3458,,
37420717,2019,185,event_phases/2019/2019_185/37420717.phase,data/scedc/event_phases/2019/2019_185/37420717.phase,reused,,2333,,
37420973,2019,185,event_phases/2019/2019_185/37420973.phase,data/scedc/event_phases/2019/2019_185/37420973.phase,reused,,2858,,
37421213,2019,185,event_phases/2019/2019_185/37421213.phase,data/scedc/event_phases/2019/2019_185/37421213.phase,reused,,2333,,
37421925,2019,185,event_phases/2019/2019_185/37421925.phase,data/scedc/event_phases/2019/2019_185/37421925.phase,reused,,4208,,
37421933,2019,185,event_phases/2019/2019_185/37421933.phase,data/scedc/event_phases/2019/2019_185/37421933.phase,reused,,3308,,
37421941,2019,185,event_phases/2019/2019_185/37421941.phase,data/scedc/event_phases/2019/2019_185/37421941.phase,reused,,3083,,
37421957,2019,185,event_phases/2019/2019_185/37421957.phase,data/scedc/event_phases/2019/2019_185/37421957.phase,reused,,3158,,
37421965,2019,185,event_phases/2019/2019_185/37421965.phase,data/scedc/event_phases/2019/2019_185/37421965.phase,reused,,3458,,
37421973,2019,185,event_phases/2019/2019_185/37421973.phase,data/scedc/event_phases/2019/2019_185/37421973.phase,reused,,2183,,
37421989,2019,185,event_phases/2019/2019_185/37421989.phase,data/scedc/event_phases/2019/2019_185/37421989.phase,reused,,2108,,
37421997,2019,185,event_phases/2019/2019_185/37421997.phase,data/scedc/event_phases/2019/2019_185/37421997.phase,reused,,2408,,
37422005,2019,185,event_phases/2019/2019_185/37422005.phase,data/scedc/event_phases/2019/2019_185/37422005.phase,reused,,4208,,
38443191,2019,185,event_phases/2019/2019_185/38443191.phase,data/scedc/event_phases/2019/2019_185/38443191.phase,reused,,5258,,
38443199,2019,185,event_phases/2019/2019_185/38443199.phase,data/scedc/event_phases/2019/2019_185/38443199.phase,reused,,4208,,
38443215,2019,185,event_phases/2019/2019_185/38443215.phase,data/scedc/event_phases/2019/2019_185/38443215.phase,reused,,4583,,
38443223,2019,185,event_phases/2019/2019_185/38443223.phase,data/scedc/event_phases/2019/2019_185/38443223.phase,reused,,4583,,
38443231,2019,185,event_phases/2019/2019_185/38443231.phase,data/scedc/event_phases/2019/2019_185/38443231.phase,reused,,4958,,
38443239,2019,185,event_phases/2019/2019_185/38443239.phase,data/scedc/event_phases/2019/2019_185/38443239.phase,reused,,5483,,
38443263,2019,185,event_phases/2019/2019_185/38443263.phase,data/scedc/event_phases/2019/2019_185/38443263.phase,reused,,4133,,
38443271,2019,185,event_phases/2019/2019_185/38443271.phase,data/scedc/event_phases/2019/2019_185/38443271.phase,reused,,4883,,
38443279,2019,185,event_phases/2019/2019_185/38443279.phase,data/scedc/event_phases/2019/2019_185/38443279.phase,reused,,6608,,
38443287,2019,185,event_phases/2019/2019_185/38443287.phase,data/scedc/event_phases/2019/2019_185/38443287.phase,reused,,3683,,
38443311,2019,185,event_phases/2019/2019_185/38443311.phase,data/scedc/event_phases/2019/2019_185/38443311.phase,reused,,3983,,
38443319,2019,185,event_phases/2019/2019_185/38443319.phase,data/scedc/event_phases/2019/2019_185/38443319.phase,reused,,5483,,
38443383,2019,185,event_phases/2019/2019_185/38443383.phase,data/scedc/event_phases/2019/2019_185/38443383.phase,reused,,6608,,
38443391,2019,185,event_phases/2019/2019_185/38443391.phase,data/scedc/event_phases/2019/2019_185/38443391.phase,reused,,5483,,
38443407,2019,185,event_phases/2019/2019_185/38443407.phase,data/scedc/event_phases/2019/2019_185/38443407.phase,reused,,4208,,
38443415,2019,185,event_phases/2019/2019_185/38443415.phase,data/scedc/event_phases/2019/2019_185/38443415.phase,reused,,6008,,
38443431,2019,185,event_phases/2019/2019_185/38443431.phase,data/scedc/event_phases/2019/2019_185/38443431.phase,reused,,5408,,
38443439,2019,185,event_phases/2019/2019_185/38443439.phase,data/scedc/event_phases/2019/2019_185/38443439.phase,reused,,3683,,
38443519,2019,185,event_phases/2019/2019_185/38443519.phase,data/scedc/event_phases/2019/2019_185/38443519.phase,reused,,6008,,
38443527,2019,185,event_phases/2019/2019_185/38443527.phase,data/scedc/event_phases/2019/2019_185/38443527.phase,reused,,5633,,
38443543,2019,185,event_phases/2019/2019_185/38443543.phase,data/scedc/event_phases/2019/2019_185/38443543.phase,reused,,5933,,
38443607,2019,185,event_phases/2019/2019_185/38443607.phase,data/scedc/event_phases/2019/2019_185/38443607.phase,reused,,6083,,
38443615,2019,185,event_phases/2019/2019_185/38443615.phase,data/scedc/event_phases/2019/2019_185/38443615.phase,reused,,3533,,
38443671,2019,185,event_phases/2019/2019_185/38443671.phase,data/scedc/event_phases/2019/2019_185/38443671.phase,reused,,6458,,
38443695,2019,185,event_phases/2019/2019_185/38443695.phase,data/scedc/event_phases/2019/2019_185/38443695.phase,reused,,5183,,
38443703,2019,185,event_phases/2019/2019_185/38443703.phase,data/scedc/event_phases/2019/2019_185/38443703.phase,reused,,6833,,
38443711,2019,185,event_phases/2019/2019_185/38443711.phase,data/scedc/event_phases/2019/2019_185/38443711.phase,reused,,3308,,
38443751,2019,185,event_phases/2019/2019_185/38443751.phase,data/scedc/event_phases/2019/2019_185/38443751.phase,reused,,5783,,
38443759,2019,185,event_phases/2019/2019_185/38443759.phase,data/scedc/event_phases/2019/2019_185/38443759.phase,reused,,4208,,
38443823,2019,185,event_phases/2019/2019_185/38443823.phase,data/scedc/event_phases/2019/2019_185/38443823.phase,reused,,6983,,
38443831,2019,185,event_phases/2019/2019_185/38443831.phase,data/scedc/event_phases/2019/2019_185/38443831.phase,reused,,6383,,
38443855,2019,185,event_phases/2019/2019_185/38443855.phase,data/scedc/event_phases/2019/2019_185/38443855.phase,reused,,4283,,
38444047,2019,185,event_phases/2019/2019_185/38444047.phase,data/scedc/event_phases/2019/2019_185/38444047.phase,reused,,6383,,
38444063,2019,185,event_phases/2019/2019_185/38444063.phase,data/scedc/event_phases/2019/2019_185/38444063.phase,reused,,6758,,
38444111,2019,185,event_phases/2019/2019_185/38444111.phase,data/scedc/event_phases/2019/2019_185/38444111.phase,reused,,4358,,
38444231,2019,185,event_phases/2019/2019_185/38444231.phase,data/scedc/event_phases/2019/2019_185/38444231.phase,reused,,6533,,
38444407,2019,185,event_phases/2019/2019_185/38444407.phase,data/scedc/event_phases/2019/2019_185/38444407.phase,reused,,6233,,
38444487,2019,185,event_phases/2019/2019_185/38444487.phase,data/scedc/event_phases/2019/2019_185/38444487.phase,reused,,7358,,
38444719,2019,185,event_phases/2019/2019_185/38444719.phase,data/scedc/event_phases/2019/2019_185/38444719.phase,reused,,6308,,
38444791,2019,185,event_phases/2019/2019_185/38444791.phase,data/scedc/event_phases/2019/2019_185/38444791.phase,reused,,7508,,
38445495,2019,185,event_phases/2019/2019_185/38445495.phase,data/scedc/event_phases/2019/2019_185/38445495.phase,reused,,6983,,
38445503,2019,185,event_phases/2019/2019_185/38445503.phase,data/scedc/event_phases/2019/2019_185/38445503.phase,reused,,3758,,
38445703,2019,185,event_phases/2019/2019_185/38445703.phase,data/scedc/event_phases/2019/2019_185/38445703.phase,reused,,5858,,
38445751,2019,185,event_phases/2019/2019_185/38445751.phase,data/scedc/event_phases/2019/2019_185/38445751.phase,reused,,7283,,
38445839,2019,185,event_phases/2019/2019_185/38445839.phase,data/scedc/event_phases/2019/2019_185/38445839.phase,reused,,7358,,
37260284,2019,186,event_phases/2019/2019_186/37260284.phase,data/scedc/event_phases/2019/2019_186/37260284.phase,reused,,2858,,
37260292,2019,186,event_phases/2019/2019_186/37260292.phase,data/scedc/event_phases/2019/2019_186/37260292.phase,reused,,3233,,
38446343,2019,186,event_phases/2019/2019_186/38446343.phase,data/scedc/event_phases/2019/2019_186/38446343.phase,reused,,7058,,
38446639,2019,186,event_phases/2019/2019_186/38446639.phase,data/scedc/event_phases/2019/2019_186/38446639.phase,reused,,6158,,
38446671,2019,186,event_phases/2019/2019_186/38446671.phase,data/scedc/event_phases/2019/2019_186/38446671.phase,reused,,6908,,
38446807,2019,186,event_phases/2019/2019_186/38446807.phase,data/scedc/event_phases/2019/2019_186/38446807.phase,reused,,7358,,
38447191,2019,186,event_phases/2019/2019_186/38447191.phase,data/scedc/event_phases/2019/2019_186/38447191.phase,reused,,7358,,
38447391,2019,186,event_phases/2019/2019_186/38447391.phase,data/scedc/event_phases/2019/2019_186/38447391.phase,reused,,6008,,
38448631,2019,186,event_phases/2019/2019_186/38448631.phase,data/scedc/event_phases/2019/2019_186/38448631.phase,reused,,7208,,
38450271,2019,186,event_phases/2019/2019_186/38450271.phase,data/scedc/event_phases/2019/2019_186/38450271.phase,reused,,3458,,
38450511,2019,186,event_phases/2019/2019_186/38450511.phase,data/scedc/event_phases/2019/2019_186/38450511.phase,reused,,4283,,
37219156,2019,187,event_phases/2019/2019_187/37219156.phase,data/scedc/event_phases/2019/2019_187/37219156.phase,reused,,3458,,
37219164,2019,187,event_phases/2019/2019_187/37219164.phase,data/scedc/event_phases/2019/2019_187/37219164.phase,reused,,4883,,
37219172,2019,187,event_phases/2019/2019_187/37219172.phase,data/scedc/event_phases/2019/2019_187/37219172.phase,reused,,4508,,
37219180,2019,187,event_phases/2019/2019_187/37219180.phase,data/scedc/event_phases/2019/2019_187/37219180.phase,reused,,3008,,
37219468,2019,187,event_phases/2019/2019_187/37219468.phase,data/scedc/event_phases/2019/2019_187/37219468.phase,reused,,1658,,
37219476,2019,187,event_phases/2019/2019_187/37219476.phase,data/scedc/event_phases/2019/2019_187/37219476.phase,reused,,1283,,
37219484,2019,187,event_phases/2019/2019_187/37219484.phase,data/scedc/event_phases/2019/2019_187/37219484.phase,reused,,2708,,
37219492,2019,187,event_phases/2019/2019_187/37219492.phase,data/scedc/event_phases/2019/2019_187/37219492.phase,reused,,833,,
37219500,2019,187,event_phases/2019/2019_187/37219500.phase,data/scedc/event_phases/2019/2019_187/37219500.phase,reused,,983,,
37219508,2019,187,event_phases/2019/2019_187/37219508.phase,data/scedc/event_phases/2019/2019_187/37219508.phase,reused,,1133,,
37219516,2019,187,event_phases/2019/2019_187/37219516.phase,data/scedc/event_phases/2019/2019_187/37219516.phase,reused,,983,,
37219524,2019,187,event_phases/2019/2019_187/37219524.phase,data/scedc/event_phases/2019/2019_187/37219524.phase,reused,,1433,,
37219540,2019,187,event_phases/2019/2019_187/37219540.phase,data/scedc/event_phases/2019/2019_187/37219540.phase,reused,,2783,,
37219548,2019,187,event_phases/2019/2019_187/37219548.phase,data/scedc/event_phases/2019/2019_187/37219548.phase,reused,,1208,,
37219556,2019,187,event_phases/2019/2019_187/37219556.phase,data/scedc/event_phases/2019/2019_187/37219556.phase,reused,,2633,,
37219564,2019,187,event_phases/2019/2019_187/37219564.phase,data/scedc/event_phases/2019/2019_187/37219564.phase,reused,,983,,
37219572,2019,187,event_phases/2019/2019_187/37219572.phase,data/scedc/event_phases/2019/2019_187/37219572.phase,reused,,3008,,
37219580,2019,187,event_phases/2019/2019_187/37219580.phase,data/scedc/event_phases/2019/2019_187/37219580.phase,reused,,2258,,
37219588,2019,187,event_phases/2019/2019_187/37219588.phase,data/scedc/event_phases/2019/2019_187/37219588.phase,reused,,1808,,
37219596,2019,187,event_phases/2019/2019_187/37219596.phase,data/scedc/event_phases/2019/2019_187/37219596.phase,reused,,1283,,
37219604,2019,187,event_phases/2019/2019_187/37219604.phase,data/scedc/event_phases/2019/2019_187/37219604.phase,reused,,983,,
37219612,2019,187,event_phases/2019/2019_187/37219612.phase,data/scedc/event_phases/2019/2019_187/37219612.phase,reused,,1133,,
37219620,2019,187,event_phases/2019/2019_187/37219620.phase,data/scedc/event_phases/2019/2019_187/37219620.phase,reused,,1283,,
37219628,2019,187,event_phases/2019/2019_187/37219628.phase,data/scedc/event_phases/2019/2019_187/37219628.phase,reused,,2333,,
37219636,2019,187,event_phases/2019/2019_187/37219636.phase,data/scedc/event_phases/2019/2019_187/37219636.phase,reused,,1583,,
37219644,2019,187,event_phases/2019/2019_187/37219644.phase,data/scedc/event_phases/2019/2019_187/37219644.phase,reused,,1808,,
37219652,2019,187,event_phases/2019/2019_187/37219652.phase,data/scedc/event_phases/2019/2019_187/37219652.phase,reused,,2633,,
37219660,2019,187,event_phases/2019/2019_187/37219660.phase,data/scedc/event_phases/2019/2019_187/37219660.phase,reused,,1958,,
37219668,2019,187,event_phases/2019/2019_187/37219668.phase,data/scedc/event_phases/2019/2019_187/37219668.phase,reused,,1808,,
37219676,2019,187,event_phases/2019/2019_187/37219676.phase,data/scedc/event_phases/2019/2019_187/37219676.phase,reused,,833,,
37219684,2019,187,event_phases/2019/2019_187/37219684.phase,data/scedc/event_phases/2019/2019_187/37219684.phase,reused,,1583,,
37219692,2019,187,event_phases/2019/2019_187/37219692.phase,data/scedc/event_phases/2019/2019_187/37219692.phase,reused,,3533,,
37219700,2019,187,event_phases/2019/2019_187/37219700.phase,data/scedc/event_phases/2019/2019_187/37219700.phase,reused,,2108,,
37219708,2019,187,event_phases/2019/2019_187/37219708.phase,data/scedc/event_phases/2019/2019_187/37219708.phase,reused,,1658,,
37219716,2019,187,event_phases/2019/2019_187/37219716.phase,data/scedc/event_phases/2019/2019_187/37219716.phase,reused,,1208,,
37219724,2019,187,event_phases/2019/2019_187/37219724.phase,data/scedc/event_phases/2019/2019_187/37219724.phase,reused,,2708,,
37219732,2019,187,event_phases/2019/2019_187/37219732.phase,data/scedc/event_phases/2019/2019_187/37219732.phase,reused,,983,,
37219740,2019,187,event_phases/2019/2019_187/37219740.phase,data/scedc/event_phases/2019/2019_187/37219740.phase,reused,,1508,,
37219788,2019,187,event_phases/2019/2019_187/37219788.phase,data/scedc/event_phases/2019/2019_187/37219788.phase,reused,,1433,,
37219796,2019,187,event_phases/2019/2019_187/37219796.phase,data/scedc/event_phases/2019/2019_187/37219796.phase,reused,,1883,,
37219804,2019,187,event_phases/2019/2019_187/37219804.phase,data/scedc/event_phases/2019/2019_187/37219804.phase,reused,,908,,
37219812,2019,187,event_phases/2019/2019_187/37219812.phase,data/scedc/event_phases/2019/2019_187/37219812.phase,reused,,1583,,
37219820,2019,187,event_phases/2019/2019_187/37219820.phase,data/scedc/event_phases/2019/2019_187/37219820.phase,reused,,2558,,
37219828,2019,187,event_phases/2019/2019_187/37219828.phase,data/scedc/event_phases/2019/2019_187/37219828.phase,reused,,1583,,
37219836,2019,187,event_phases/2019/2019_187/37219836.phase,data/scedc/event_phases/2019/2019_187/37219836.phase,reused,,2558,,
37219844,2019,187,event_phases/2019/2019_187/37219844.phase,data/scedc/event_phases/2019/2019_187/37219844.phase,reused,,2033,,
37219852,2019,187,event_phases/2019/2019_187/37219852.phase,data/scedc/event_phases/2019/2019_187/37219852.phase,reused,,833,,
37219860,2019,187,event_phases/2019/2019_187/37219860.phase,data/scedc/event_phases/2019/2019_187/37219860.phase,reused,,1808,,
37219868,2019,187,event_phases/2019/2019_187/37219868.phase,data/scedc/event_phases/2019/2019_187/37219868.phase,reused,,2408,,
37219876,2019,187,event_phases/2019/2019_187/37219876.phase,data/scedc/event_phases/2019/2019_187/37219876.phase,reused,,908,,
37219884,2019,187,event_phases/2019/2019_187/37219884.phase,data/scedc/event_phases/2019/2019_187/37219884.phase,reused,,1283,,
37219900,2019,187,event_phases/2019/2019_187/37219900.phase,data/scedc/event_phases/2019/2019_187/37219900.phase,reused,,2858,,
37219908,2019,187,event_phases/2019/2019_187/37219908.phase,data/scedc/event_phases/2019/2019_187/37219908.phase,reused,,1733,,
37219924,2019,187,event_phases/2019/2019_187/37219924.phase,data/scedc/event_phases/2019/2019_187/37219924.phase,reused,,3683,,
37219948,2019,187,event_phases/2019/2019_187/37219948.phase,data/scedc/event_phases/2019/2019_187/37219948.phase,reused,,1358,,
37220108,2019,187,event_phases/2019/2019_187/37220108.phase,data/scedc/event_phases/2019/2019_187/37220108.phase,reused,,1133,,
37220268,2019,187,event_phases/2019/2019_187/37220268.phase,data/scedc/event_phases/2019/2019_187/37220268.phase,reused,,2183,,
37220276,2019,187,event_phases/2019/2019_187/37220276.phase,data/scedc/event_phases/2019/2019_187/37220276.phase,reused,,2033,,
37220284,2019,187,event_phases/2019/2019_187/37220284.phase,data/scedc/event_phases/2019/2019_187/37220284.phase,reused,,1283,,
37220292,2019,187,event_phases/2019/2019_187/37220292.phase,data/scedc/event_phases/2019/2019_187/37220292.phase,reused,,1283,,
37220300,2019,187,event_phases/2019/2019_187/37220300.phase,data/scedc/event_phases/2019/2019_187/37220300.phase,reused,,1358,,
37220308,2019,187,event_phases/2019/2019_187/37220308.phase,data/scedc/event_phases/2019/2019_187/37220308.phase,reused,,1283,,
37220316,2019,187,event_phases/2019/2019_187/37220316.phase,data/scedc/event_phases/2019/2019_187/37220316.phase,reused,,1733,,
37220324,2019,187,event_phases/2019/2019_187/37220324.phase,data/scedc/event_phases/2019/2019_187/37220324.phase,reused,,1433,,
37220588,2019,187,event_phases/2019/2019_187/37220588.phase,data/scedc/event_phases/2019/2019_187/37220588.phase,reused,,1433,,
37220596,2019,187,event_phases/2019/2019_187/37220596.phase,data/scedc/event_phases/2019/2019_187/37220596.phase,reused,,1508,,
37220604,2019,187,event_phases/2019/2019_187/37220604.phase,data/scedc/event_phases/2019/2019_187/37220604.phase,reused,,1133,,
37220612,2019,187,event_phases/2019/2019_187/37220612.phase,data/scedc/event_phases/2019/2019_187/37220612.phase,reused,,2933,,
37220748,2019,187,event_phases/2019/2019_187/37220748.phase,data/scedc/event_phases/2019/2019_187/37220748.phase,reused,,2408,,
37220908,2019,187,event_phases/2019/2019_187/37220908.phase,data/scedc/event_phases/2019/2019_187/37220908.phase,reused,,1208,,
37221068,2019,187,event_phases/2019/2019_187/37221068.phase,data/scedc/event_phases/2019/2019_187/37221068.phase,reused,,1283,,
37221076,2019,187,event_phases/2019/2019_187/37221076.phase,data/scedc/event_phases/2019/2019_187/37221076.phase,reused,,2033,,
37221092,2019,187,event_phases/2019/2019_187/37221092.phase,data/scedc/event_phases/2019/2019_187/37221092.phase,reused,,908,,
37221100,2019,187,event_phases/2019/2019_187/37221100.phase,data/scedc/event_phases/2019/2019_187/37221100.phase,reused,,2708,,
37221108,2019,187,event_phases/2019/2019_187/37221108.phase,data/scedc/event_phases/2019/2019_187/37221108.phase,reused,,2783,,
37221116,2019,187,event_phases/2019/2019_187/37221116.phase,data/scedc/event_phases/2019/2019_187/37221116.phase,reused,,2783,,
37221124,2019,187,event_phases/2019/2019_187/37221124.phase,data/scedc/event_phases/2019/2019_187/37221124.phase,reused,,1958,,
37221132,2019,187,event_phases/2019/2019_187/37221132.phase,data/scedc/event_phases/2019/2019_187/37221132.phase,reused,,2483,,
37221140,2019,187,event_phases/2019/2019_187/37221140.phase,data/scedc/event_phases/2019/2019_187/37221140.phase,reused,,1358,,
37221148,2019,187,event_phases/2019/2019_187/37221148.phase,data/scedc/event_phases/2019/2019_187/37221148.phase,reused,,1658,,
37221156,2019,187,event_phases/2019/2019_187/37221156.phase,data/scedc/event_phases/2019/2019_187/37221156.phase,reused,,2258,,
37221164,2019,187,event_phases/2019/2019_187/37221164.phase,data/scedc/event_phases/2019/2019_187/37221164.phase,reused,,1358,,
37221180,2019,187,event_phases/2019/2019_187/37221180.phase,data/scedc/event_phases/2019/2019_187/37221180.phase,reused,,833,,
37221188,2019,187,event_phases/2019/2019_187/37221188.phase,data/scedc/event_phases/2019/2019_187/37221188.phase,reused,,2258,,
37221204,2019,187,event_phases/2019/2019_187/37221204.phase,data/scedc/event_phases/2019/2019_187/37221204.phase,reused,,1058,,
37221212,2019,187,event_phases/2019/2019_187/37221212.phase,data/scedc/event_phases/2019/2019_187/37221212.phase,reused,,1508,,
37221220,2019,187,event_phases/2019/2019_187/37221220.phase,data/scedc/event_phases/2019/2019_187/37221220.phase,reused,,3458,,
37221236,2019,187,event_phases/2019/2019_187/37221236.phase,data/scedc/event_phases/2019/2019_187/37221236.phase,reused,,908,,
37221388,2019,187,event_phases/2019/2019_187/37221388.phase,data/scedc/event_phases/2019/2019_187/37221388.phase,reused,,1958,,
37221404,2019,187,event_phases/2019/2019_187/37221404.phase,data/scedc/event_phases/2019/2019_187/37221404.phase,reused,,2108,,
37221428,2019,187,event_phases/2019/2019_187/37221428.phase,data/scedc/event_phases/2019/2019_187/37221428.phase,reused,,1283,,
37221436,2019,187,event_phases/2019/2019_187/37221436.phase,data/scedc/event_phases/2019/2019_187/37221436.phase,reused,,1583,,
37221444,2019,187,event_phases/2019/2019_187/37221444.phase,data/scedc/event_phases/2019/2019_187/37221444.phase,reused,,2633,,
37221460,2019,187,event_phases/2019/2019_187/37221460.phase,data/scedc/event_phases/2019/2019_187/37221460.phase,reused,,2183,,
37221548,2019,187,event_phases/2019/2019_187/37221548.phase,data/scedc/event_phases/2019/2019_187/37221548.phase,reused,,2333,,
37221556,2019,187,event_phases/2019/2019_187/37221556.phase,data/scedc/event_phases/2019/2019_187/37221556.phase,reused,,908,,
37221564,2019,187,event_phases/2019/2019_187/37221564.phase,data/scedc/event_phases/2019/2019_187/37221564.phase,reused,,1733,,
37221580,2019,187,event_phases/2019/2019_187/37221580.phase,data/scedc/event_phases/2019/2019_187/37221580.phase,reused,,2858,,
37221588,2019,187,event_phases/2019/2019_187/37221588.phase,data/scedc/event_phases/2019/2019_187/37221588.phase,reused,,2858,,
37221596,2019,187,event_phases/2019/2019_187/37221596.phase,data/scedc/event_phases/2019/2019_187/37221596.phase,reused,,1508,,
37221604,2019,187,event_phases/2019/2019_187/37221604.phase,data/scedc/event_phases/2019/2019_187/37221604.phase,reused,,1283,,
37221612,2019,187,event_phases/2019/2019_187/37221612.phase,data/scedc/event_phases/2019/2019_187/37221612.phase,reused,,683,,
37221620,2019,187,event_phases/2019/2019_187/37221620.phase,data/scedc/event_phases/2019/2019_187/37221620.phase,reused,,1808,,
37221628,2019,187,event_phases/2019/2019_187/37221628.phase,data/scedc/event_phases/2019/2019_187/37221628.phase,reused,,2483,,
37221636,2019,187,event_phases/2019/2019_187/37221636.phase,data/scedc/event_phases/2019/2019_187/37221636.phase,reused,,1058,,
37221644,2019,187,event_phases/2019/2019_187/37221644.phase,data/scedc/event_phases/2019/2019_187/37221644.phase,reused,,2558,,
37221708,2019,187,event_phases/2019/2019_187/37221708.phase,data/scedc/event_phases/2019/2019_187/37221708.phase,reused,,1583,,
37221716,2019,187,event_phases/2019/2019_187/37221716.phase,data/scedc/event_phases/2019/2019_187/37221716.phase,reused,,1133,,
37221876,2019,187,event_phases/2019/2019_187/37221876.phase,data/scedc/event_phases/2019/2019_187/37221876.phase,reused,,2033,,
37221884,2019,187,event_phases/2019/2019_187/37221884.phase,data/scedc/event_phases/2019/2019_187/37221884.phase,reused,,2333,,
37221892,2019,187,event_phases/2019/2019_187/37221892.phase,data/scedc/event_phases/2019/2019_187/37221892.phase,reused,,758,,
37221900,2019,187,event_phases/2019/2019_187/37221900.phase,data/scedc/event_phases/2019/2019_187/37221900.phase,reused,,908,,
37221908,2019,187,event_phases/2019/2019_187/37221908.phase,data/scedc/event_phases/2019/2019_187/37221908.phase,reused,,2108,,
37221916,2019,187,event_phases/2019/2019_187/37221916.phase,data/scedc/event_phases/2019/2019_187/37221916.phase,reused,,2633,,
37221924,2019,187,event_phases/2019/2019_187/37221924.phase,data/scedc/event_phases/2019/2019_187/37221924.phase,reused,,683,,
37221932,2019,187,event_phases/2019/2019_187/37221932.phase,data/scedc/event_phases/2019/2019_187/37221932.phase,reused,,1733,,
37221940,2019,187,event_phases/2019/2019_187/37221940.phase,data/scedc/event_phases/2019/2019_187/37221940.phase,reused,,1358,,
37221948,2019,187,event_phases/2019/2019_187/37221948.phase,data/scedc/event_phases/2019/2019_187/37221948.phase,reused,,1358,,
37222028,2019,187,event_phases/2019/2019_187/37222028.phase,data/scedc/event_phases/2019/2019_187/37222028.phase,reused,,2258,,
37222036,2019,187,event_phases/2019/2019_187/37222036.phase,data/scedc/event_phases/2019/2019_187/37222036.phase,reused,,3233,,
37222044,2019,187,event_phases/2019/2019_187/37222044.phase,data/scedc/event_phases/2019/2019_187/37222044.phase,reused,,2258,,
37222052,2019,187,event_phases/2019/2019_187/37222052.phase,data/scedc/event_phases/2019/2019_187/37222052.phase,reused,,1958,,
37222060,2019,187,event_phases/2019/2019_187/37222060.phase,data/scedc/event_phases/2019/2019_187/37222060.phase,reused,,3008,,
37222092,2019,187,event_phases/2019/2019_187/37222092.phase,data/scedc/event_phases/2019/2019_187/37222092.phase,reused,,1883,,
37222116,2019,187,event_phases/2019/2019_187/37222116.phase,data/scedc/event_phases/2019/2019_187/37222116.phase,reused,,2033,,
37222140,2019,187,event_phases/2019/2019_187/37222140.phase,data/scedc/event_phases/2019/2019_187/37222140.phase,reused,,2258,,
37222156,2019,187,event_phases/2019/2019_187/37222156.phase,data/scedc/event_phases/2019/2019_187/37222156.phase,reused,,4733,,
37222164,2019,187,event_phases/2019/2019_187/37222164.phase,data/scedc/event_phases/2019/2019_187/37222164.phase,reused,,2183,,
37222188,2019,187,event_phases/2019/2019_187/37222188.phase,data/scedc/event_phases/2019/2019_187/37222188.phase,reused,,683,,
37222196,2019,187,event_phases/2019/2019_187/37222196.phase,data/scedc/event_phases/2019/2019_187/37222196.phase,reused,,1433,,
37222204,2019,187,event_phases/2019/2019_187/37222204.phase,data/scedc/event_phases/2019/2019_187/37222204.phase,reused,,1958,,
37222212,2019,187,event_phases/2019/2019_187/37222212.phase,data/scedc/event_phases/2019/2019_187/37222212.phase,reused,,983,,
37224748,2019,187,event_phases/2019/2019_187/37224748.phase,data/scedc/event_phases/2019/2019_187/37224748.phase,reused,,2483,,
37224756,2019,187,event_phases/2019/2019_187/37224756.phase,data/scedc/event_phases/2019/2019_187/37224756.phase,reused,,3158,,
37224764,2019,187,event_phases/2019/2019_187/37224764.phase,data/scedc/event_phases/2019/2019_187/37224764.phase,reused,,2033,,
37224772,2019,187,event_phases/2019/2019_187/37224772.phase,data/scedc/event_phases/2019/2019_187/37224772.phase,reused,,4133,,
37224780,2019,187,event_phases/2019/2019_187/37224780.phase,data/scedc/event_phases/2019/2019_187/37224780.phase,reused,,2783,,
37224788,2019,187,event_phases/2019/2019_187/37224788.phase,data/scedc/event_phases/2019/2019_187/37224788.phase,reused,,2108,,
37224796,2019,187,event_phases/2019/2019_187/37224796.phase,data/scedc/event_phases/2019/2019_187/37224796.phase,reused,,1883,,
37224804,2019,187,event_phases/2019/2019_187/37224804.phase,data/scedc/event_phases/2019/2019_187/37224804.phase,reused,,2108,,
37224812,2019,187,event_phases/2019/2019_187/37224812.phase,data/scedc/event_phases/2019/2019_187/37224812.phase,reused,,1883,,
37224820,2019,187,event_phases/2019/2019_187/37224820.phase,data/scedc/event_phases/2019/2019_187/37224820.phase,reused,,2183,,
37224908,2019,187,event_phases/2019/2019_187/37224908.phase,data/scedc/event_phases/2019/2019_187/37224908.phase,reused,,5258,,
37224932,2019,187,event_phases/2019/2019_187/37224932.phase,data/scedc/event_phases/2019/2019_187/37224932.phase,reused,,2783,,
37224964,2019,187,event_phases/2019/2019_187/37224964.phase,data/scedc/event_phases/2019/2019_187/37224964.phase,reused,,3083,,
37224972,2019,187,event_phases/2019/2019_187/37224972.phase,data/scedc/event_phases/2019/2019_187/37224972.phase,reused,,1133,,
37224980,2019,187,event_phases/2019/2019_187/37224980.phase,data/scedc/event_phases/2019/2019_187/37224980.phase,reused,,1883,,
37224988,2019,187,event_phases/2019/2019_187/37224988.phase,data/scedc/event_phases/2019/2019_187/37224988.phase,reused,,1508,,
37224996,2019,187,event_phases/2019/2019_187/37224996.phase,data/scedc/event_phases/2019/2019_187/37224996.phase,reused,,3008,,
37225004,2019,187,event_phases/2019/2019_187/37225004.phase,data/scedc/event_phases/2019/2019_187/37225004.phase,reused,,2258,,
37225044,2019,187,event_phases/2019/2019_187/37225044.phase,data/scedc/event_phases/2019/2019_187/37225044.phase,reused,,3608,,
37225084,2019,187,event_phases/2019/2019_187/37225084.phase,data/scedc/event_phases/2019/2019_187/37225084.phase,reused,,2183,,
37225100,2019,187,event_phases/2019/2019_187/37225100.phase,data/scedc/event_phases/2019/2019_187/37225100.phase,reused,,1583,,
37225172,2019,187,event_phases/2019/2019_187/37225172.phase,data/scedc/event_phases/2019/2019_187/37225172.phase,reused,,758,,
37225188,2019,187,event_phases/2019/2019_187/37225188.phase,data/scedc/event_phases/2019/2019_187/37225188.phase,reused,,2183,,
37225196,2019,187,event_phases/2019/2019_187/37225196.phase,data/scedc/event_phases/2019/2019_187/37225196.phase,reused,,3008,,
37225204,2019,187,event_phases/2019/2019_187/37225204.phase,data/scedc/event_phases/2019/2019_187/37225204.phase,reused,,1883,,
37225220,2019,187,event_phases/2019/2019_187/37225220.phase,data/scedc/event_phases/2019/2019_187/37225220.phase,reused,,3083,,
37225228,2019,187,event_phases/2019/2019_187/37225228.phase,data/scedc/event_phases/2019/2019_187/37225228.phase,reused,,3083,,
37225388,2019,187,event_phases/2019/2019_187/37225388.phase,data/scedc/event_phases/2019/2019_187/37225388.phase,reused,,1508,,
37225412,2019,187,event_phases/2019/2019_187/37225412.phase,data/scedc/event_phases/2019/2019_187/37225412.phase,reused,,1433,,
37225420,2019,187,event_phases/2019/2019_187/37225420.phase,data/scedc/event_phases/2019/2019_187/37225420.phase,reused,,1358,,
37225428,2019,187,event_phases/2019/2019_187/37225428.phase,data/scedc/event_phases/2019/2019_187/37225428.phase,reused,,2108,,
37225436,2019,187,event_phases/2019/2019_187/37225436.phase,data/scedc/event_phases/2019/2019_187/37225436.phase,reused,,1358,,
37225548,2019,187,event_phases/2019/2019_187/37225548.phase,data/scedc/event_phases/2019/2019_187/37225548.phase,reused,,1958,,
37226836,2019,187,event_phases/2019/2019_187/37226836.phase,data/scedc/event_phases/2019/2019_187/37226836.phase,reused,,833,,
37226844,2019,187,event_phases/2019/2019_187/37226844.phase,data/scedc/event_phases/2019/2019_187/37226844.phase,reused,,2483,,
37226852,2019,187,event_phases/2019/2019_187/37226852.phase,data/scedc/event_phases/2019/2019_187/37226852.phase,reused,,2933,,
37226900,2019,187,event_phases/2019/2019_187/37226900.phase,data/scedc/event_phases/2019/2019_187/37226900.phase,reused,,3383,,
37226940,2019,187,event_phases/2019/2019_187/37226940.phase,data/scedc/event_phases/2019/2019_187/37226940.phase,reused,,2783,,
37226956,2019,187,event_phases/2019/2019_187/37226956.phase,data/scedc/event_phases/2019/2019_187/37226956.phase,reused,,2558,,
37226964,2019,187,event_phases/2019/2019_187/37226964.phase,data/scedc/event_phases/2019/2019_187/37226964.phase,reused,,2033,,
37227004,2019,187,event_phases/2019/2019_187/37227004.phase,data/scedc/event_phases/2019/2019_187/37227004.phase,reused,,1133,,
37227020,2019,187,event_phases/2019/2019_187/37227020.phase,data/scedc/event_phases/2019/2019_187/37227020.phase,reused,,1808,,
37227036,2019,187,event_phases/2019/2019_187/37227036.phase,data/scedc/event_phases/2019/2019_187/37227036.phase,reused,,2408,,
37227044,2019,187,event_phases/2019/2019_187/37227044.phase,data/scedc/event_phases/2019/2019_187/37227044.phase,reused,,2183,,
37227068,2019,187,event_phases/2019/2019_187/37227068.phase,data/scedc/event_phases/2019/2019_187/37227068.phase,reused,,1283,,
37227076,2019,187,event_phases/2019/2019_187/37227076.phase,data/scedc/event_phases/2019/2019_187/37227076.phase,reused,,3683,,
37227084,2019,187,event_phases/2019/2019_187/37227084.phase,data/scedc/event_phases/2019/2019_187/37227084.phase,reused,,1358,,
37227156,2019,187,event_phases/2019/2019_187/37227156.phase,data/scedc/event_phases/2019/2019_187/37227156.phase,reused,,1733,,
37227172,2019,187,event_phases/2019/2019_187/37227172.phase,data/scedc/event_phases/2019/2019_187/37227172.phase,reused,,2408,,
37227196,2019,187,event_phases/2019/2019_187/37227196.phase,data/scedc/event_phases/2019/2019_187/37227196.phase,reused,,1358,,
37227204,2019,187,event_phases/2019/2019_187/37227204.phase,data/scedc/event_phases/2019/2019_187/37227204.phase,reused,,3158,,
37227220,2019,187,event_phases/2019/2019_187/37227220.phase,data/scedc/event_phases/2019/2019_187/37227220.phase,reused,,2558,,
37227228,2019,187,event_phases/2019/2019_187/37227228.phase,data/scedc/event_phases/2019/2019_187/37227228.phase,reused,,1733,,
37227348,2019,187,event_phases/2019/2019_187/37227348.phase,data/scedc/event_phases/2019/2019_187/37227348.phase,reused,,2108,,
37227356,2019,187,event_phases/2019/2019_187/37227356.phase,data/scedc/event_phases/2019/2019_187/37227356.phase,reused,,1958,,
37227372,2019,187,event_phases/2019/2019_187/37227372.phase,data/scedc/event_phases/2019/2019_187/37227372.phase,reused,,1358,,
37227380,2019,187,event_phases/2019/2019_187/37227380.phase,data/scedc/event_phases/2019/2019_187/37227380.phase,reused,,3833,,
37227388,2019,187,event_phases/2019/2019_187/37227388.phase,data/scedc/event_phases/2019/2019_187/37227388.phase,reused,,2033,,
37227500,2019,187,event_phases/2019/2019_187/37227500.phase,data/scedc/event_phases/2019/2019_187/37227500.phase,reused,,2033,,
37227996,2019,187,event_phases/2019/2019_187/37227996.phase,data/scedc/event_phases/2019/2019_187/37227996.phase,reused,,2708,,
37228004,2019,187,event_phases/2019/2019_187/37228004.phase,data/scedc/event_phases/2019/2019_187/37228004.phase,reused,,1583,,
37228292,2019,187,event_phases/2019/2019_187/37228292.phase,data/scedc/event_phases/2019/2019_187/37228292.phase,reused,,3233,,
37228468,2019,187,event_phases/2019/2019_187/37228468.phase,data/scedc/event_phases/2019/2019_187/37228468.phase,reused,,1883,,
37228820,2019,187,event_phases/2019/2019_187/37228820.phase,data/scedc/event_phases/2019/2019_187/37228820.phase,reused,,3608,,
37229124,2019,187,event_phases/2019/2019_187/37229124.phase,data/scedc/event_phases/2019/2019_187/37229124.phase,reused,,3233,,
37229132,2019,187,event_phases/2019/2019_187/37229132.phase,data/scedc/event_phases/2019/2019_187/37229132.phase,reused,,1733,,
37229172,2019,187,event_phases/2019/2019_187/37229172.phase,data/scedc/event_phases/2019/2019_187/37229172.phase,reused,,1133,,
37229324,2019,187,event_phases/2019/2019_187/37229324.phase,data/scedc/event_phases/2019/2019_187/37229324.phase,reused,,1958,,
37230652,2019,187,event_phases/2019/2019_187/37230652.phase,data/scedc/event_phases/2019/2019_187/37230652.phase,reused,,2183,,
37231492,2019,187,event_phases/2019/2019_187/37231492.phase,data/scedc/event_phases/2019/2019_187/37231492.phase,reused,,1808,,
37233156,2019,187,event_phases/2019/2019_187/37233156.phase,data/scedc/event_phases/2019/2019_187/37233156.phase,reused,,4208,,
37233956,2019,187,event_phases/2019/2019_187/37233956.phase,data/scedc/event_phases/2019/2019_187/37233956.phase,reused,,2483,,
37235380,2019,187,event_phases/2019/2019_187/37235380.phase,data/scedc/event_phases/2019/2019_187/37235380.phase,reused,,2333,,
37235404,2019,187,event_phases/2019/2019_187/37235404.phase,data/scedc/event_phases/2019/2019_187/37235404.phase,reused,,1133,,
37235820,2019,187,event_phases/2019/2019_187/37235820.phase,data/scedc/event_phases/2019/2019_187/37235820.phase,reused,,3683,,
37235916,2019,187,event_phases/2019/2019_187/37235916.phase,data/scedc/event_phases/2019/2019_187/37235916.phase,reused,,2708,,
37257780,2019,187,event_phases/2019/2019_187/37257780.phase,data/scedc/event_phases/2019/2019_187/37257780.phase,reused,,3533,,
37258068,2019,187,event_phases/2019/2019_187/37258068.phase,data/scedc/event_phases/2019/2019_187/37258068.phase,reused,,983,,
37258076,2019,187,event_phases/2019/2019_187/37258076.phase,data/scedc/event_phases/2019/2019_187/37258076.phase,reused,,2858,,
37260300,2019,187,event_phases/2019/2019_187/37260300.phase,data/scedc/event_phases/2019/2019_187/37260300.phase,reused,,608,,
37260308,2019,187,event_phases/2019/2019_187/37260308.phase,data/scedc/event_phases/2019/2019_187/37260308.phase,reused,,1133,,
37260316,2019,187,event_phases/2019/2019_187/37260316.phase,data/scedc/event_phases/2019/2019_187/37260316.phase,reused,,1283,,
37260444,2019,187,event_phases/2019/2019_187/37260444.phase,data/scedc/event_phases/2019/2019_187/37260444.phase,reused,,1433,,
37260452,2019,187,event_phases/2019/2019_187/37260452.phase,data/scedc/event_phases/2019/2019_187/37260452.phase,reused,,1733,,
37260460,2019,187,event_phases/2019/2019_187/37260460.phase,data/scedc/event_phases/2019/2019_187/37260460.phase,reused,,983,,
37260468,2019,187,event_phases/2019/2019_187/37260468.phase,data/scedc/event_phases/2019/2019_187/37260468.phase,reused,,983,,
37260476,2019,187,event_phases/2019/2019_187/37260476.phase,data/scedc/event_phases/2019/2019_187/37260476.phase,reused,,758,,
37260484,2019,187,event_phases/2019/2019_187/37260484.phase,data/scedc/event_phases/2019/2019_187/37260484.phase,reused,,683,,
37260492,2019,187,event_phases/2019/2019_187/37260492.phase,data/scedc/event_phases/2019/2019_187/37260492.phase,reused,,1508,,
37260500,2019,187,event_phases/2019/2019_187/37260500.phase,data/scedc/event_phases/2019/2019_187/37260500.phase,reused,,983,,
37260612,2019,187,event_phases/2019/2019_187/37260612.phase,data/scedc/event_phases/2019/2019_187/37260612.phase,reused,,758,,
37260620,2019,187,event_phases/2019/2019_187/37260620.phase,data/scedc/event_phases/2019/2019_187/37260620.phase,reused,,1508,,
37260788,2019,187,event_phases/2019/2019_187/37260788.phase,data/scedc/event_phases/2019/2019_187/37260788.phase,reused,,1133,,
37260804,2019,187,event_phases/2019/2019_187/37260804.phase,data/scedc/event_phases/2019/2019_187/37260804.phase,reused,,1058,,
37260828,2019,187,event_phases/2019/2019_187/37260828.phase,data/scedc/event_phases/2019/2019_187/37260828.phase,reused,,1358,,
37260860,2019,187,event_phases/2019/2019_187/37260860.phase,data/scedc/event_phases/2019/2019_187/37260860.phase,reused,,1433,,
37260868,2019,187,event_phases/2019/2019_187/37260868.phase,data/scedc/event_phases/2019/2019_187/37260868.phase,reused,,758,,
37260876,2019,187,event_phases/2019/2019_187/37260876.phase,data/scedc/event_phases/2019/2019_187/37260876.phase,reused,,1508,,
37260884,2019,187,event_phases/2019/2019_187/37260884.phase,data/scedc/event_phases/2019/2019_187/37260884.phase,reused,,758,,
37260892,2019,187,event_phases/2019/2019_187/37260892.phase,data/scedc/event_phases/2019/2019_187/37260892.phase,reused,,1133,,
37260924,2019,187,event_phases/2019/2019_187/37260924.phase,data/scedc/event_phases/2019/2019_187/37260924.phase,reused,,1583,,
37261156,2019,187,event_phases/2019/2019_187/37261156.phase,data/scedc/event_phases/2019/2019_187/37261156.phase,reused,,833,,
37261164,2019,187,event_phases/2019/2019_187/37261164.phase,data/scedc/event_phases/2019/2019_187/37261164.phase,reused,,1133,,
37261204,2019,187,event_phases/2019/2019_187/37261204.phase,data/scedc/event_phases/2019/2019_187/37261204.phase,reused,,758,,
37261220,2019,187,event_phases/2019/2019_187/37261220.phase,data/scedc/event_phases/2019/2019_187/37261220.phase,reused,,683,,
37261244,2019,187,event_phases/2019/2019_187/37261244.phase,data/scedc/event_phases/2019/2019_187/37261244.phase,reused,,1658,,
37261260,2019,187,event_phases/2019/2019_187/37261260.phase,data/scedc/event_phases/2019/2019_187/37261260.phase,reused,,1658,,
37261268,2019,187,event_phases/2019/2019_187/37261268.phase,data/scedc/event_phases/2019/2019_187/37261268.phase,reused,,1133,,
37261276,2019,187,event_phases/2019/2019_187/37261276.phase,data/scedc/event_phases/2019/2019_187/37261276.phase,reused,,983,,
37261284,2019,187,event_phases/2019/2019_187/37261284.phase,data/scedc/event_phases/2019/2019_187/37261284.phase,reused,,1358,,
37261436,2019,187,event_phases/2019/2019_187/37261436.phase,data/scedc/event_phases/2019/2019_187/37261436.phase,reused,,683,,
37261468,2019,187,event_phases/2019/2019_187/37261468.phase,data/scedc/event_phases/2019/2019_187/37261468.phase,reused,,1433,,
37261484,2019,187,event_phases/2019/2019_187/37261484.phase,data/scedc/event_phases/2019/2019_187/37261484.phase,reused,,983,,
37261500,2019,187,event_phases/2019/2019_187/37261500.phase,data/scedc/event_phases/2019/2019_187/37261500.phase,reused,,608,,
37261516,2019,187,event_phases/2019/2019_187/37261516.phase,data/scedc/event_phases/2019/2019_187/37261516.phase,reused,,1358,,
37261540,2019,187,event_phases/2019/2019_187/37261540.phase,data/scedc/event_phases/2019/2019_187/37261540.phase,reused,,1208,,
37261556,2019,187,event_phases/2019/2019_187/37261556.phase,data/scedc/event_phases/2019/2019_187/37261556.phase,reused,,1133,,
37261564,2019,187,event_phases/2019/2019_187/37261564.phase,data/scedc/event_phases/2019/2019_187/37261564.phase,reused,,1433,,
37261620,2019,187,event_phases/2019/2019_187/37261620.phase,data/scedc/event_phases/2019/2019_187/37261620.phase,reused,,1433,,
37261628,2019,187,event_phases/2019/2019_187/37261628.phase,data/scedc/event_phases/2019/2019_187/37261628.phase,reused,,533,,
37261788,2019,187,event_phases/2019/2019_187/37261788.phase,data/scedc/event_phases/2019/2019_187/37261788.phase,reused,,1133,,
37261844,2019,187,event_phases/2019/2019_187/37261844.phase,data/scedc/event_phases/2019/2019_187/37261844.phase,reused,,1058,,
37261900,2019,187,event_phases/2019/2019_187/37261900.phase,data/scedc/event_phases/2019/2019_187/37261900.phase,reused,,1433,,
37261948,2019,187,event_phases/2019/2019_187/37261948.phase,data/scedc/event_phases/2019/2019_187/37261948.phase,reused,,908,,
37261964,2019,187,event_phases/2019/2019_187/37261964.phase,data/scedc/event_phases/2019/2019_187/37261964.phase,reused,,908,,
37261980,2019,187,event_phases/2019/2019_187/37261980.phase,data/scedc/event_phases/2019/2019_187/37261980.phase,reused,,1208,,
37261988,2019,187,event_phases/2019/2019_187/37261988.phase,data/scedc/event_phases/2019/2019_187/37261988.phase,reused,,2183,,
37262524,2019,187,event_phases/2019/2019_187/37262524.phase,data/scedc/event_phases/2019/2019_187/37262524.phase,reused,,1283,,
37262684,2019,187,event_phases/2019/2019_187/37262684.phase,data/scedc/event_phases/2019/2019_187/37262684.phase,reused,,758,,
37262860,2019,187,event_phases/2019/2019_187/37262860.phase,data/scedc/event_phases/2019/2019_187/37262860.phase,reused,,1208,,
37262884,2019,187,event_phases/2019/2019_187/37262884.phase,data/scedc/event_phases/2019/2019_187/37262884.phase,reused,,1433,,
37262892,2019,187,event_phases/2019/2019_187/37262892.phase,data/scedc/event_phases/2019/2019_187/37262892.phase,reused,,1208,,
37262916,2019,187,event_phases/2019/2019_187/37262916.phase,data/scedc/event_phases/2019/2019_187/37262916.phase,reused,,1133,,
37262924,2019,187,event_phases/2019/2019_187/37262924.phase,data/scedc/event_phases/2019/2019_187/37262924.phase,reused,,1583,,
37262956,2019,187,event_phases/2019/2019_187/37262956.phase,data/scedc/event_phases/2019/2019_187/37262956.phase,reused,,1133,,
37263020,2019,187,event_phases/2019/2019_187/37263020.phase,data/scedc/event_phases/2019/2019_187/37263020.phase,reused,,1283,,
37263204,2019,187,event_phases/2019/2019_187/37263204.phase,data/scedc/event_phases/2019/2019_187/37263204.phase,reused,,983,,
37263212,2019,187,event_phases/2019/2019_187/37263212.phase,data/scedc/event_phases/2019/2019_187/37263212.phase,reused,,1058,,
37263220,2019,187,event_phases/2019/2019_187/37263220.phase,data/scedc/event_phases/2019/2019_187/37263220.phase,reused,,1433,,
37263228,2019,187,event_phases/2019/2019_187/37263228.phase,data/scedc/event_phases/2019/2019_187/37263228.phase,reused,,1808,,
37263236,2019,187,event_phases/2019/2019_187/37263236.phase,data/scedc/event_phases/2019/2019_187/37263236.phase,reused,,1658,,
37263244,2019,187,event_phases/2019/2019_187/37263244.phase,data/scedc/event_phases/2019/2019_187/37263244.phase,reused,,1133,,
37263252,2019,187,event_phases/2019/2019_187/37263252.phase,data/scedc/event_phases/2019/2019_187/37263252.phase,reused,,1733,,
37263260,2019,187,event_phases/2019/2019_187/37263260.phase,data/scedc/event_phases/2019/2019_187/37263260.phase,reused,,908,,
37263324,2019,187,event_phases/2019/2019_187/37263324.phase,data/scedc/event_phases/2019/2019_187/37263324.phase,reused,,1733,,
37263332,2019,187,event_phases/2019/2019_187/37263332.phase,data/scedc/event_phases/2019/2019_187/37263332.phase,reused,,908,,
37263340,2019,187,event_phases/2019/2019_187/37263340.phase,data/scedc/event_phases/2019/2019_187/37263340.phase,reused,,1508,,
37263348,2019,187,event_phases/2019/2019_187/37263348.phase,data/scedc/event_phases/2019/2019_187/37263348.phase,reused,,1358,,
37263380,2019,187,event_phases/2019/2019_187/37263380.phase,data/scedc/event_phases/2019/2019_187/37263380.phase,reused,,908,,
37263396,2019,187,event_phases/2019/2019_187/37263396.phase,data/scedc/event_phases/2019/2019_187/37263396.phase,reused,,908,,
37263484,2019,187,event_phases/2019/2019_187/37263484.phase,data/scedc/event_phases/2019/2019_187/37263484.phase,reused,,1433,,
37263500,2019,187,event_phases/2019/2019_187/37263500.phase,data/scedc/event_phases/2019/2019_187/37263500.phase,reused,,2858,,
37263508,2019,187,event_phases/2019/2019_187/37263508.phase,data/scedc/event_phases/2019/2019_187/37263508.phase,reused,,1208,,
37263516,2019,187,event_phases/2019/2019_187/37263516.phase,data/scedc/event_phases/2019/2019_187/37263516.phase,reused,,1433,,
37263532,2019,187,event_phases/2019/2019_187/37263532.phase,data/scedc/event_phases/2019/2019_187/37263532.phase,reused,,1133,,
37263548,2019,187,event_phases/2019/2019_187/37263548.phase,data/scedc/event_phases/2019/2019_187/37263548.phase,reused,,2783,,
37263564,2019,187,event_phases/2019/2019_187/37263564.phase,data/scedc/event_phases/2019/2019_187/37263564.phase,reused,,3233,,
37263644,2019,187,event_phases/2019/2019_187/37263644.phase,data/scedc/event_phases/2019/2019_187/37263644.phase,reused,,833,,
37263676,2019,187,event_phases/2019/2019_187/37263676.phase,data/scedc/event_phases/2019/2019_187/37263676.phase,reused,,1058,,
37263684,2019,187,event_phases/2019/2019_187/37263684.phase,data/scedc/event_phases/2019/2019_187/37263684.phase,reused,,1358,,
37263716,2019,187,event_phases/2019/2019_187/37263716.phase,data/scedc/event_phases/2019/2019_187/37263716.phase,reused,,908,,
37263724,2019,187,event_phases/2019/2019_187/37263724.phase,data/scedc/event_phases/2019/2019_187/37263724.phase,reused,,4358,,
37263732,2019,187,event_phases/2019/2019_187/37263732.phase,data/scedc/event_phases/2019/2019_187/37263732.phase,reused,,1133,,
37263740,2019,187,event_phases/2019/2019_187/37263740.phase,data/scedc/event_phases/2019/2019_187/37263740.phase,reused,,1358,,
37263756,2019,187,event_phases/2019/2019_187/37263756.phase,data/scedc/event_phases/2019/2019_187/37263756.phase,reused,,1433,,
37263764,2019,187,event_phases/2019/2019_187/37263764.phase,data/scedc/event_phases/2019/2019_187/37263764.phase,reused,,1433,,
37263772,2019,187,event_phases/2019/2019_187/37263772.phase,data/scedc/event_phases/2019/2019_187/37263772.phase,reused,,908,,
37263884,2019,187,event_phases/2019/2019_187/37263884.phase,data/scedc/event_phases/2019/2019_187/37263884.phase,reused,,2933,,
37263980,2019,187,event_phases/2019/2019_187/37263980.phase,data/scedc/event_phases/2019/2019_187/37263980.phase,reused,,1283,,
37263996,2019,187,event_phases/2019/2019_187/37263996.phase,data/scedc/event_phases/2019/2019_187/37263996.phase,reused,,1283,,
37264012,2019,187,event_phases/2019/2019_187/37264012.phase,data/scedc/event_phases/2019/2019_187/37264012.phase,reused,,1208,,
37264020,2019,187,event_phases/2019/2019_187/37264020.phase,data/scedc/event_phases/2019/2019_187/37264020.phase,reused,,1058,,
37264124,2019,187,event_phases/2019/2019_187/37264124.phase,data/scedc/event_phases/2019/2019_187/37264124.phase,reused,,758,,
37264140,2019,187,event_phases/2019/2019_187/37264140.phase,data/scedc/event_phases/2019/2019_187/37264140.phase,reused,,3683,,
37264148,2019,187,event_phases/2019/2019_187/37264148.phase,data/scedc/event_phases/2019/2019_187/37264148.phase,reused,,2483,,
37264164,2019,187,event_phases/2019/2019_187/37264164.phase,data/scedc/event_phases/2019/2019_187/37264164.phase,reused,,1058,,
37264180,2019,187,event_phases/2019/2019_187/37264180.phase,data/scedc/event_phases/2019/2019_187/37264180.phase,reused,,1208,,
37264188,2019,187,event_phases/2019/2019_187/37264188.phase,data/scedc/event_phases/2019/2019_187/37264188.phase,reused,,458,,
37264196,2019,187,event_phases/2019/2019_187/37264196.phase,data/scedc/event_phases/2019/2019_187/37264196.phase,reused,,1133,,
37264204,2019,187,event_phases/2019/2019_187/37264204.phase,data/scedc/event_phases/2019/2019_187/37264204.phase,reused,,2858,,
37264284,2019,187,event_phases/2019/2019_187/37264284.phase,data/scedc/event_phases/2019/2019_187/37264284.phase,reused,,1808,,
37264292,2019,187,event_phases/2019/2019_187/37264292.phase,data/scedc/event_phases/2019/2019_187/37264292.phase,reused,,1283,,
37264300,2019,187,event_phases/2019/2019_187/37264300.phase,data/scedc/event_phases/2019/2019_187/37264300.phase,reused,,1208,,
37264308,2019,187,event_phases/2019/2019_187/37264308.phase,data/scedc/event_phases/2019/2019_187/37264308.phase,reused,,4358,,
37264316,2019,187,event_phases/2019/2019_187/37264316.phase,data/scedc/event_phases/2019/2019_187/37264316.phase,reused,,983,,
37264324,2019,187,event_phases/2019/2019_187/37264324.phase,data/scedc/event_phases/2019/2019_187/37264324.phase,reused,,3158,,
37264348,2019,187,event_phases/2019/2019_187/37264348.phase,data/scedc/event_phases/2019/2019_187/37264348.phase,reused,,683,,
37264364,2019,187,event_phases/2019/2019_187/37264364.phase,data/scedc/event_phases/2019/2019_187/37264364.phase,reused,,908,,
37264444,2019,187,event_phases/2019/2019_187/37264444.phase,data/scedc/event_phases/2019/2019_187/37264444.phase,reused,,1358,,
37400764,2019,187,event_phases/2019/2019_187/37400764.phase,data/scedc/event_phases/2019/2019_187/37400764.phase,failed,404,0,https://scedc-pds.s3.amazonaws.com/event_phases/2019/2019_187/37400764.phase,"SSLError: HTTPSConnectionPool(host='scedc-pds.s3.amazonaws.com', port=443): Max retries exceeded with url: /event_phases/2019/2019_187/37400764.phase (Caused by SSLError(SSLEOFError(8, '[SSL: UNEXPECTED_EOF_WHILE_READING] EOF occurred in violation of protocol (_ssl.c:1006)')))"
37400772,2019,187,event_phases/2019/2019_187/37400772.phase,data/scedc/event_phases/2019/2019_187/37400772.phase,failed,404,0,https://scedc-pds.s3.amazonaws.com/event_phases/2019/2019_187/37400772.phase,"SSLError: HTTPSConnectionPool(host='scedc-pds.s3.amazonaws.com', port=443): Max retries exceeded with url: /event_phases/2019/2019_187/37400772.phase (Caused by SSLError(SSLEOFError(8, '[SSL: UNEXPECTED_EOF_WHILE_READING] EOF occurred in violation of protocol (_ssl.c:1006)')))"
37409996,2019,187,event_phases/2019/2019_187/37409996.phase,data/scedc/event_phases/2019/2019_187/37409996.phase,failed,404,0,https://scedc-pds.s3.amazonaws.com/event_phases/2019/2019_187/37409996.phase,HTTP 404: object not found
37420885,2019,187,event_phases/2019/2019_187/37420885.phase,data/scedc/event_phases/2019/2019_187/37420885.phase,reused,,2183,,
37420965,2019,187,event_phases/2019/2019_187/37420965.phase,data/scedc/event_phases/2019/2019_187/37420965.phase,reused,,2408,,
37421221,2019,187,event_phases/2019/2019_187/37421221.phase,data/scedc/event_phases/2019/2019_187/37421221.phase,reused,,3383,,
37421229,2019,187,event_phases/2019/2019_187/37421229.phase,data/scedc/event_phases/2019/2019_187/37421229.phase,reused,,4433,,
37421237,2019,187,event_phases/2019/2019_187/37421237.phase,data/scedc/event_phases/2019/2019_187/37421237.phase,reused,,3083,,
37421773,2019,187,event_phases/2019/2019_187/37421773.phase,data/scedc/event_phases/2019/2019_187/37421773.phase,reused,,3233,,
37427053,2019,187,event_phases/2019/2019_187/37427053.phase,data/scedc/event_phases/2019/2019_187/37427053.phase,reused,,2258,,
37427093,2019,187,event_phases/2019/2019_187/37427093.phase,data/scedc/event_phases/2019/2019_187/37427093.phase,reused,,2333,,
37427173,2019,187,event_phases/2019/2019_187/37427173.phase,data/scedc/event_phases/2019/2019_187/37427173.phase,reused,,2108,,
37427197,2019,187,event_phases/2019/2019_187/37427197.phase,data/scedc/event_phases/2019/2019_187/37427197.phase,reused,,2183,,
37427213,2019,187,event_phases/2019/2019_187/37427213.phase,data/scedc/event_phases/2019/2019_187/37427213.phase,reused,,4658,,
37427253,2019,187,event_phases/2019/2019_187/37427253.phase,data/scedc/event_phases/2019/2019_187/37427253.phase,reused,,1808,,
37427381,2019,187,event_phases/2019/2019_187/37427381.phase,data/scedc/event_phases/2019/2019_187/37427381.phase,reused,,2408,,
37427405,2019,187,event_phases/2019/2019_187/37427405.phase,data/scedc/event_phases/2019/2019_187/37427405.phase,reused,,1508,,
37427421,2019,187,event_phases/2019/2019_187/37427421.phase,data/scedc/event_phases/2019/2019_187/37427421.phase,reused,,1883,,
37427437,2019,187,event_phases/2019/2019_187/37427437.phase,data/scedc/event_phases/2019/2019_187/37427437.phase,reused,,2858,,
37427557,2019,187,event_phases/2019/2019_187/37427557.phase,data/scedc/event_phases/2019/2019_187/37427557.phase,reused,,1808,,
37483669,2019,187,event_phases/2019/2019_187/37483669.phase,data/scedc/event_phases/2019/2019_187/37483669.phase,failed,404,0,https://scedc-pds.s3.amazonaws.com/event_phases/2019/2019_187/37483669.phase,HTTP 404: object not found
37489469,2019,187,event_phases/2019/2019_187/37489469.phase,data/scedc/event_phases/2019/2019_187/37489469.phase,failed,404,0,https://scedc-pds.s3.amazonaws.com/event_phases/2019/2019_187/37489469.phase,HTTP 404: object not found
37489525,2019,187,event_phases/2019/2019_187/37489525.phase,data/scedc/event_phases/2019/2019_187/37489525.phase,failed,404,0,https://scedc-pds.s3.amazonaws.com/event_phases/2019/2019_187/37489525.phase,"SSLError: HTTPSConnectionPool(host='scedc-pds.s3.amazonaws.com', port=443): Max retries exceeded with url: /event_phases/2019/2019_187/37489525.phase (Caused by SSLError(SSLEOFError(8, '[SSL: UNEXPECTED_EOF_WHILE_READING] EOF occurred in violation of protocol (_ssl.c:1006)')))"
38457511,2019,187,event_phases/2019/2019_187/38457511.phase,data/scedc/event_phases/2019/2019_187/38457511.phase,reused,,7208,,
38457519,2019,187,event_phases/2019/2019_187/38457519.phase,data/scedc/event_phases/2019/2019_187/38457519.phase,reused,,2783,,
38457535,2019,187,event_phases/2019/2019_187/38457535.phase,data/scedc/event_phases/2019/2019_187/38457535.phase,reused,,3308,,
38457551,2019,187,event_phases/2019/2019_187/38457551.phase,data/scedc/event_phases/2019/2019_187/38457551.phase,reused,,3083,,
38457559,2019,187,event_phases/2019/2019_187/38457559.phase,data/scedc/event_phases/2019/2019_187/38457559.phase,reused,,4208,,
38457575,2019,187,event_phases/2019/2019_187/38457575.phase,data/scedc/event_phases/2019/2019_187/38457575.phase,reused,,1733,,
38457583,2019,187,event_phases/2019/2019_187/38457583.phase,data/scedc/event_phases/2019/2019_187/38457583.phase,reused,,2708,,
38457591,2019,187,event_phases/2019/2019_187/38457591.phase,data/scedc/event_phases/2019/2019_187/38457591.phase,reused,,6308,,
38457599,2019,187,event_phases/2019/2019_187/38457599.phase,data/scedc/event_phases/2019/2019_187/38457599.phase,reused,,2933,,
38457607,2019,187,event_phases/2019/2019_187/38457607.phase,data/scedc/event_phases/2019/2019_187/38457607.phase,reused,,3608,,
38457623,2019,187,event_phases/2019/2019_187/38457623.phase,data/scedc/event_phases/2019/2019_187/38457623.phase,reused,,2033,,
38457631,2019,187,event_phases/2019/2019_187/38457631.phase,data/scedc/event_phases/2019/2019_187/38457631.phase,reused,,3533,,
38457639,2019,187,event_phases/2019/2019_187/38457639.phase,data/scedc/event_phases/2019/2019_187/38457639.phase,reused,,4658,,
38457655,2019,187,event_phases/2019/2019_187/38457655.phase,data/scedc/event_phases/2019/2019_187/38457655.phase,reused,,2558,,
38457663,2019,187,event_phases/2019/2019_187/38457663.phase,data/scedc/event_phases/2019/2019_187/38457663.phase,reused,,2933,,
38457671,2019,187,event_phases/2019/2019_187/38457671.phase,data/scedc/event_phases/2019/2019_187/38457671.phase,reused,,2783,,
38457679,2019,187,event_phases/2019/2019_187/38457679.phase,data/scedc/event_phases/2019/2019_187/38457679.phase,reused,,4808,,
38457687,2019,187,event_phases/2019/2019_187/38457687.phase,data/scedc/event_phases/2019/2019_187/38457687.phase,reused,,6233,,
38457695,2019,187,event_phases/2019/2019_187/38457695.phase,data/scedc/event_phases/2019/2019_187/38457695.phase,reused,,4733,,
38457703,2019,187,event_phases/2019/2019_187/38457703.phase,data/scedc/event_phases/2019/2019_187/38457703.phase,reused,,5933,,
38457719,2019,187,event_phases/2019/2019_187/38457719.phase,data/scedc/event_phases/2019/2019_187/38457719.phase,reused,,3308,,
38457727,2019,187,event_phases/2019/2019_187/38457727.phase,data/scedc/event_phases/2019/2019_187/38457727.phase,reused,,5033,,
38457735,2019,187,event_phases/2019/2019_187/38457735.phase,data/scedc/event_phases/2019/2019_187/38457735.phase,reused,,5933,,
38457759,2019,187,event_phases/2019/2019_187/38457759.phase,data/scedc/event_phases/2019/2019_187/38457759.phase,reused,,4433,,
38457767,2019,187,event_phases/2019/2019_187/38457767.phase,data/scedc/event_phases/2019/2019_187/38457767.phase,reused,,2333,,
38457791,2019,187,event_phases/2019/2019_187/38457791.phase,data/scedc/event_phases/2019/2019_187/38457791.phase,reused,,3608,,
38457799,2019,187,event_phases/2019/2019_187/38457799.phase,data/scedc/event_phases/2019/2019_187/38457799.phase,reused,,3758,,
38457807,2019,187,event_phases/2019/2019_187/38457807.phase,data/scedc/event_phases/2019/2019_187/38457807.phase,reused,,3083,,
38457831,2019,187,event_phases/2019/2019_187/38457831.phase,data/scedc/event_phases/2019/2019_187/38457831.phase,reused,,5258,,
38457839,2019,187,event_phases/2019/2019_187/38457839.phase,data/scedc/event_phases/2019/2019_187/38457839.phase,reused,,3983,,
38457855,2019,187,event_phases/2019/2019_187/38457855.phase,data/scedc/event_phases/2019/2019_187/38457855.phase,reused,,2333,,
38457863,2019,187,event_phases/2019/2019_187/38457863.phase,data/scedc/event_phases/2019/2019_187/38457863.phase,reused,,1058,,
38457871,2019,187,event_phases/2019/2019_187/38457871.phase,data/scedc/event_phases/2019/2019_187/38457871.phase,reused,,5258,,
38457879,2019,187,event_phases/2019/2019_187/38457879.phase,data/scedc/event_phases/2019/2019_187/38457879.phase,reused,,2333,,
38457887,2019,187,event_phases/2019/2019_187/38457887.phase,data/scedc/event_phases/2019/2019_187/38457887.phase,reused,,2408,,
38457895,2019,187,event_phases/2019/2019_187/38457895.phase,data/scedc/event_phases/2019/2019_187/38457895.phase,reused,,4058,,
38457903,2019,187,event_phases/2019/2019_187/38457903.phase,data/scedc/event_phases/2019/2019_187/38457903.phase,reused,,5183,,
38457911,2019,187,event_phases/2019/2019_187/38457911.phase,data/scedc/event_phases/2019/2019_187/38457911.phase,reused,,5183,,
38457919,2019,187,event_phases/2019/2019_187/38457919.phase,data/scedc/event_phases/2019/2019_187/38457919.phase,reused,,1658,,
38457927,2019,187,event_phases/2019/2019_187/38457927.phase,data/scedc/event_phases/2019/2019_187/38457927.phase,reused,,4658,,
38457935,2019,187,event_phases/2019/2019_187/38457935.phase,data/scedc/event_phases/2019/2019_187/38457935.phase,reused,,4358,,
38457951,2019,187,event_phases/2019/2019_187/38457951.phase,data/scedc/event_phases/2019/2019_187/38457951.phase,reused,,2408,,
38457975,2019,187,event_phases/2019/2019_187/38457975.phase,data/scedc/event_phases/2019/2019_187/38457975.phase,reused,,2783,,
38457983,2019,187,event_phases/2019/2019_187/38457983.phase,data/scedc/event_phases/2019/2019_187/38457983.phase,reused,,6008,,
38457991,2019,187,event_phases/2019/2019_187/38457991.phase,data/scedc/event_phases/2019/2019_187/38457991.phase,reused,,3533,,
38457999,2019,187,event_phases/2019/2019_187/38457999.phase,data/scedc/event_phases/2019/2019_187/38457999.phase,reused,,6533,,
38458007,2019,187,event_phases/2019/2019_187/38458007.phase,data/scedc/event_phases/2019/2019_187/38458007.phase,reused,,5333,,
38458015,2019,187,event_phases/2019/2019_187/38458015.phase,data/scedc/event_phases/2019/2019_187/38458015.phase,reused,,3158,,
38458023,2019,187,event_phases/2019/2019_187/38458023.phase,data/scedc/event_phases/2019/2019_187/38458023.phase,reused,,2783,,
38458031,2019,187,event_phases/2019/2019_187/38458031.phase,data/scedc/event_phases/2019/2019_187/38458031.phase,reused,,6383,,
38458063,2019,187,event_phases/2019/2019_187/38458063.phase,data/scedc/event_phases/2019/2019_187/38458063.phase,reused,,6908,,
38458071,2019,187,event_phases/2019/2019_187/38458071.phase,data/scedc/event_phases/2019/2019_187/38458071.phase,reused,,4433,,
38458087,2019,187,event_phases/2019/2019_187/38458087.phase,data/scedc/event_phases/2019/2019_187/38458087.phase,reused,,7058,,
38458103,2019,187,event_phases/2019/2019_187/38458103.phase,data/scedc/event_phases/2019/2019_187/38458103.phase,reused,,2933,,
38458111,2019,187,event_phases/2019/2019_187/38458111.phase,data/scedc/event_phases/2019/2019_187/38458111.phase,reused,,2708,,
38458119,2019,187,event_phases/2019/2019_187/38458119.phase,data/scedc/event_phases/2019/2019_187/38458119.phase,reused,,3983,,
38458127,2019,187,event_phases/2019/2019_187/38458127.phase,data/scedc/event_phases/2019/2019_187/38458127.phase,reused,,3458,,
38458135,2019,187,event_phases/2019/2019_187/38458135.phase,data/scedc/event_phases/2019/2019_187/38458135.phase,reused,,4283,,
38458143,2019,187,event_phases/2019/2019_187/38458143.phase,data/scedc/event_phases/2019/2019_187/38458143.phase,reused,,6833,,
38458159,2019,187,event_phases/2019/2019_187/38458159.phase,data/scedc/event_phases/2019/2019_187/38458159.phase,reused,,5858,,
38458175,2019,187,event_phases/2019/2019_187/38458175.phase,data/scedc/event_phases/2019/2019_187/38458175.phase,reused,,6458,,
38458183,2019,187,event_phases/2019/2019_187/38458183.phase,data/scedc/event_phases/2019/2019_187/38458183.phase,reused,,2333,,
38458199,2019,187,event_phases/2019/2019_187/38458199.phase,data/scedc/event_phases/2019/2019_187/38458199.phase,reused,,4208,,
38458223,2019,187,event_phases/2019/2019_187/38458223.phase,data/scedc/event_phases/2019/2019_187/38458223.phase,reused,,4658,,
38458247,2019,187,event_phases/2019/2019_187/38458247.phase,data/scedc/event_phases/2019/2019_187/38458247.phase,reused,,2633,,
38458263,2019,187,event_phases/2019/2019_187/38458263.phase,data/scedc/event_phases/2019/2019_187/38458263.phase,reused,,7433,,
38458287,2019,187,event_phases/2019/2019_187/38458287.phase,data/scedc/event_phases/2019/2019_187/38458287.phase,reused,,3083,,
38458295,2019,187,event_phases/2019/2019_187/38458295.phase,data/scedc/event_phases/2019/2019_187/38458295.phase,reused,,4883,,
38458303,2019,187,event_phases/2019/2019_187/38458303.phase,data/scedc/event_phases/2019/2019_187/38458303.phase,reused,,3683,,
38458327,2019,187,event_phases/2019/2019_187/38458327.phase,data/scedc/event_phases/2019/2019_187/38458327.phase,reused,,1583,,
38458335,2019,187,event_phases/2019/2019_187/38458335.phase,data/scedc/event_phases/2019/2019_187/38458335.phase,reused,,2183,,
38458359,2019,187,event_phases/2019/2019_187/38458359.phase,data/scedc/event_phases/2019/2019_187/38458359.phase,reused,,3233,,
38458383,2019,187,event_phases/2019/2019_187/38458383.phase,data/scedc/event_phases/2019/2019_187/38458383.phase,reused,,3158,,
38458391,2019,187,event_phases/2019/2019_187/38458391.phase,data/scedc/event_phases/2019/2019_187/38458391.phase,reused,,3833,,
38458407,2019,187,event_phases/2019/2019_187/38458407.phase,data/scedc/event_phases/2019/2019_187/38458407.phase,reused,,2633,,
38458415,2019,187,event_phases/2019/2019_187/38458415.phase,data/scedc/event_phases/2019/2019_187/38458415.phase,reused,,3758,,
38458431,2019,187,event_phases/2019/2019_187/38458431.phase,data/scedc/event_phases/2019/2019_187/38458431.phase,reused,,3908,,
38458439,2019,187,event_phases/2019/2019_187/38458439.phase,data/scedc/event_phases/2019/2019_187/38458439.phase,reused,,5408,,
38458447,2019,187,event_phases/2019/2019_187/38458447.phase,data/scedc/event_phases/2019/2019_187/38458447.phase,reused,,2708,,
38458479,2019,187,event_phases/2019/2019_187/38458479.phase,data/scedc/event_phases/2019/2019_187/38458479.phase,reused,,6308,,
38458487,2019,187,event_phases/2019/2019_187/38458487.phase,data/scedc/event_phases/2019/2019_187/38458487.phase,reused,,5783,,
38458495,2019,187,event_phases/2019/2019_187/38458495.phase,data/scedc/event_phases/2019/2019_187/38458495.phase,reused,,2333,,
38458503,2019,187,event_phases/2019/2019_187/38458503.phase,data/scedc/event_phases/2019/2019_187/38458503.phase,reused,,4133,,
38458511,2019,187,event_phases/2019/2019_187/38458511.phase,data/scedc/event_phases/2019/2019_187/38458511.phase,reused,,5108,,
38458527,2019,187,event_phases/2019/2019_187/38458527.phase,data/scedc/event_phases/2019/2019_187/38458527.phase,reused,,4283,,
38458535,2019,187,event_phases/2019/2019_187/38458535.phase,data/scedc/event_phases/2019/2019_187/38458535.phase,reused,,4283,,
38458543,2019,187,event_phases/2019/2019_187/38458543.phase,data/scedc/event_phases/2019/2019_187/38458543.phase,reused,,3683,,
38458567,2019,187,event_phases/2019/2019_187/38458567.phase,data/scedc/event_phases/2019/2019_187/38458567.phase,reused,,3083,,
38458575,2019,187,event_phases/2019/2019_187/38458575.phase,data/scedc/event_phases/2019/2019_187/38458575.phase,reused,,5108,,
38458599,2019,187,event_phases/2019/2019_187/38458599.phase,data/scedc/event_phases/2019/2019_187/38458599.phase,reused,,2783,,
38458647,2019,187,event_phases/2019/2019_187/38458647.phase,data/scedc/event_phases/2019/2019_187/38458647.phase,reused,,1808,,
38458655,2019,187,event_phases/2019/2019_187/38458655.phase,data/scedc/event_phases/2019/2019_187/38458655.phase,reused,,4883,,
38458663,2019,187,event_phases/2019/2019_187/38458663.phase,data/scedc/event_phases/2019/2019_187/38458663.phase,reused,,3308,,
38458671,2019,187,event_phases/2019/2019_187/38458671.phase,data/scedc/event_phases/2019/2019_187/38458671.phase,reused,,4133,,
38458687,2019,187,event_phases/2019/2019_187/38458687.phase,data/scedc/event_phases/2019/2019_187/38458687.phase,reused,,6983,,
38458719,2019,187,event_phases/2019/2019_187/38458719.phase,data/scedc/event_phases/2019/2019_187/38458719.phase,reused,,5708,,
38458735,2019,187,event_phases/2019/2019_187/38458735.phase,data/scedc/event_phases/2019/2019_187/38458735.phase,reused,,4358,,
38458759,2019,187,event_phases/2019/2019_187/38458759.phase,data/scedc/event_phases/2019/2019_187/38458759.phase,reused,,6683,,
38458767,2019,187,event_phases/2019/2019_187/38458767.phase,data/scedc/event_phases/2019/2019_187/38458767.phase,reused,,5183,,
38458783,2019,187,event_phases/2019/2019_187/38458783.phase,data/scedc/event_phases/2019/2019_187/38458783.phase,reused,,4883,,
38458799,2019,187,event_phases/2019/2019_187/38458799.phase,data/scedc/event_phases/2019/2019_187/38458799.phase,reused,,4883,,
38458815,2019,187,event_phases/2019/2019_187/38458815.phase,data/scedc/event_phases/2019/2019_187/38458815.phase,reused,,2933,,
38458831,2019,187,event_phases/2019/2019_187/38458831.phase,data/scedc/event_phases/2019/2019_187/38458831.phase,reused,,4583,,
38458887,2019,187,event_phases/2019/2019_187/38458887.phase,data/scedc/event_phases/2019/2019_187/38458887.phase,reused,,2483,,
38458895,2019,187,event_phases/2019/2019_187/38458895.phase,data/scedc/event_phases/2019/2019_187/38458895.phase,reused,,4058,,
38458903,2019,187,event_phases/2019/2019_187/38458903.phase,data/scedc/event_phases/2019/2019_187/38458903.phase,reused,,5708,,
38458943,2019,187,event_phases/2019/2019_187/38458943.phase,data/scedc/event_phases/2019/2019_187/38458943.phase,reused,,3683,,
38458951,2019,187,event_phases/2019/2019_187/38458951.phase,data/scedc/event_phases/2019/2019_187/38458951.phase,reused,,5633,,
38458967,2019,187,event_phases/2019/2019_187/38458967.phase,data/scedc/event_phases/2019/2019_187/38458967.phase,reused,,4808,,
38458975,2019,187,event_phases/2019/2019_187/38458975.phase,data/scedc/event_phases/2019/2019_187/38458975.phase,reused,,2858,,
38459031,2019,187,event_phases/2019/2019_187/38459031.phase,data/scedc/event_phases/2019/2019_187/38459031.phase,reused,,6083,,
38459039,2019,187,event_phases/2019/2019_187/38459039.phase,data/scedc/event_phases/2019/2019_187/38459039.phase,reused,,3458,,
38459127,2019,187,event_phases/2019/2019_187/38459127.phase,data/scedc/event_phases/2019/2019_187/38459127.phase,reused,,2858,,
38459135,2019,187,event_phases/2019/2019_187/38459135.phase,data/scedc/event_phases/2019/2019_187/38459135.phase,reused,,2033,,
38459167,2019,187,event_phases/2019/2019_187/38459167.phase,data/scedc/event_phases/2019/2019_187/38459167.phase,reused,,4733,,
38459183,2019,187,event_phases/2019/2019_187/38459183.phase,data/scedc/event_phases/2019/2019_187/38459183.phase,reused,,5033,,
38459207,2019,187,event_phases/2019/2019_187/38459207.phase,data/scedc/event_phases/2019/2019_187/38459207.phase,reused,,7058,,
38459215,2019,187,event_phases/2019/2019_187/38459215.phase,data/scedc/event_phases/2019/2019_187/38459215.phase,reused,,3308,,
38459239,2019,187,event_phases/2019/2019_187/38459239.phase,data/scedc/event_phases/2019/2019_187/38459239.phase,reused,,5183,,
38459247,2019,187,event_phases/2019/2019_187/38459247.phase,data/scedc/event_phases/2019/2019_187/38459247.phase,reused,,4958,,
38459279,2019,187,event_phases/2019/2019_187/38459279.phase,data/scedc/event_phases/2019/2019_187/38459279.phase,reused,,5408,,
38459295,2019,187,event_phases/2019/2019_187/38459295.phase,data/scedc/event_phases/2019/2019_187/38459295.phase,reused,,4508,,
38459319,2019,187,event_phases/2019/2019_187/38459319.phase,data/scedc/event_phases/2019/2019_187/38459319.phase,reused,,3083,,
38459335,2019,187,event_phases/2019/2019_187/38459335.phase,data/scedc/event_phases/2019/2019_187/38459335.phase,reused,,3158,,
38459383,2019,187,event_phases/2019/2019_187/38459383.phase,data/scedc/event_phases/2019/2019_187/38459383.phase,reused,,4358,,
38459415,2019,187,event_phases/2019/2019_187/38459415.phase,data/scedc/event_phases/2019/2019_187/38459415.phase,reused,,5483,,
38459439,2019,187,event_phases/2019/2019_187/38459439.phase,data/scedc/event_phases/2019/2019_187/38459439.phase,reused,,5633,,
38459567,2019,187,event_phases/2019/2019_187/38459567.phase,data/scedc/event_phases/2019/2019_187/38459567.phase,reused,,3758,,
38459599,2019,187,event_phases/2019/2019_187/38459599.phase,data/scedc/event_phases/2019/2019_187/38459599.phase,reused,,6758,,
38459647,2019,187,event_phases/2019/2019_187/38459647.phase,data/scedc/event_phases/2019/2019_187/38459647.phase,reused,,2708,,
38459671,2019,187,event_phases/2019/2019_187/38459671.phase,data/scedc/event_phases/2019/2019_187/38459671.phase,reused,,3608,,
38459807,2019,187,event_phases/2019/2019_187/38459807.phase,data/scedc/event_phases/2019/2019_187/38459807.phase,reused,,5258,,
38459831,2019,187,event_phases/2019/2019_187/38459831.phase,data/scedc/event_phases/2019/2019_187/38459831.phase,reused,,4733,,
38459839,2019,187,event_phases/2019/2019_187/38459839.phase,data/scedc/event_phases/2019/2019_187/38459839.phase,reused,,4733,,
38459855,2019,187,event_phases/2019/2019_187/38459855.phase,data/scedc/event_phases/2019/2019_187/38459855.phase,reused,,4808,,
38459863,2019,187,event_phases/2019/2019_187/38459863.phase,data/scedc/event_phases/2019/2019_187/38459863.phase,reused,,5783,,
38459895,2019,187,event_phases/2019/2019_187/38459895.phase,data/scedc/event_phases/2019/2019_187/38459895.phase,reused,,7058,,
38459943,2019,187,event_phases/2019/2019_187/38459943.phase,data/scedc/event_phases/2019/2019_187/38459943.phase,reused,,4883,,
38460039,2019,187,event_phases/2019/2019_187/38460039.phase,data/scedc/event_phases/2019/2019_187/38460039.phase,reused,,6308,,
38460223,2019,187,event_phases/2019/2019_187/38460223.phase,data/scedc/event_phases/2019/2019_187/38460223.phase,reused,,1583,,
38460255,2019,187,event_phases/2019/2019_187/38460255.phase,data/scedc/event_phases/2019/2019_187/38460255.phase,reused,,6683,,
38460279,2019,187,event_phases/2019/2019_187/38460279.phase,data/scedc/event_phases/2019/2019_187/38460279.phase,reused,,4583,,
38460335,2019,187,event_phases/2019/2019_187/38460335.phase,data/scedc/event_phases/2019/2019_187/38460335.phase,reused,,3608,,
38460375,2019,187,event_phases/2019/2019_187/38460375.phase,data/scedc/event_phases/2019/2019_187/38460375.phase,reused,,4058,,
38460415,2019,187,event_phases/2019/2019_187/38460415.phase,data/scedc/event_phases/2019/2019_187/38460415.phase,reused,,6983,,
38460471,2019,187,event_phases/2019/2019_187/38460471.phase,data/scedc/event_phases/2019/2019_187/38460471.phase,reused,,5258,,
38460623,2019,187,event_phases/2019/2019_187/38460623.phase,data/scedc/event_phases/2019/2019_187/38460623.phase,reused,,3533,,
38460631,2019,187,event_phases/2019/2019_187/38460631.phase,data/scedc/event_phases/2019/2019_187/38460631.phase,reused,,2258,,
38460639,2019,187,event_phases/2019/2019_187/38460639.phase,data/scedc/event_phases/2019/2019_187/38460639.phase,reused,,4358,,
38460647,2019,187,event_phases/2019/2019_187/38460647.phase,data/scedc/event_phases/2019/2019_187/38460647.phase,reused,,2633,,
38460655,2019,187,event_phases/2019/2019_187/38460655.phase,data/scedc/event_phases/2019/2019_187/38460655.phase,reused,,4433,,
38460671,2019,187,event_phases/2019/2019_187/38460671.phase,data/scedc/event_phases/2019/2019_187/38460671.phase,reused,,3458,,
38460719,2019,187,event_phases/2019/2019_187/38460719.phase,data/scedc/event_phases/2019/2019_187/38460719.phase,failed,404,0,https://scedc-pds.s3.amazonaws.com/event_phases/2019/2019_187/38460719.phase,"SSLError: HTTPSConnectionPool(host='scedc-pds.s3.amazonaws.com', port=443): Max retries exceeded with url: /event_phases/2019/2019_187/38460719.phase (Caused by SSLError(SSLEOFError(8, '[SSL: UNEXPECTED_EOF_WHILE_READING] EOF occurred in violation of protocol (_ssl.c:1006)')))"
38460727,2019,187,event_phases/2019/2019_187/38460727.phase,data/scedc/event_phases/2019/2019_187/38460727.phase,reused,,6158,,
38460791,2019,187,event_phases/2019/2019_187/38460791.phase,data/scedc/event_phases/2019/2019_187/38460791.phase,reused,,4358,,
38460887,2019,187,event_phases/2019/2019_187/38460887.phase,data/scedc/event_phases/2019/2019_187/38460887.phase,reused,,4508,,
38460895,2019,187,event_phases/2019/2019_187/38460895.phase,data/scedc/event_phases/2019/2019_187/38460895.phase,reused,,4583,,
38460911,2019,187,event_phases/2019/2019_187/38460911.phase,data/scedc/event_phases/2019/2019_187/38460911.phase,reused,,4883,,
38460927,2019,187,event_phases/2019/2019_187/38460927.phase,data/scedc/event_phases/2019/2019_187/38460927.phase,reused,,4733,,
38460951,2019,187,event_phases/2019/2019_187/38460951.phase,data/scedc/event_phases/2019/2019_187/38460951.phase,reused,,4133,,
38460975,2019,187,event_phases/2019/2019_187/38460975.phase,data/scedc/event_phases/2019/2019_187/38460975.phase,reused,,7433,,
38460991,2019,187,event_phases/2019/2019_187/38460991.phase,data/scedc/event_phases/2019/2019_187/38460991.phase,reused,,4508,,
38460999,2019,187,event_phases/2019/2019_187/38460999.phase,data/scedc/event_phases/2019/2019_187/38460999.phase,reused,,5033,,
38461007,2019,187,event_phases/2019/2019_187/38461007.phase,data/scedc/event_phases/2019/2019_187/38461007.phase,reused,,2858,,
38461023,2019,187,event_phases/2019/2019_187/38461023.phase,data/scedc/event_phases/2019/2019_187/38461023.phase,reused,,5558,,
38461127,2019,187,event_phases/2019/2019_187/38461127.phase,data/scedc/event_phases/2019/2019_187/38461127.phase,reused,,6608,,
38461159,2019,187,event_phases/2019/2019_187/38461159.phase,data/scedc/event_phases/2019/2019_187/38461159.phase,reused,,6083,,
38461183,2019,187,event_phases/2019/2019_187/38461183.phase,data/scedc/event_phases/2019/2019_187/38461183.phase,reused,,4733,,
38461295,2019,187,event_phases/2019/2019_187/38461295.phase,data/scedc/event_phases/2019/2019_187/38461295.phase,reused,,5033,,
38461327,2019,187,event_phases/2019/2019_187/38461327.phase,data/scedc/event_phases/2019/2019_187/38461327.phase,reused,,2858,,
38461335,2019,187,event_phases/2019/2019_187/38461335.phase,data/scedc/event_phases/2019/2019_187/38461335.phase,reused,,4433,,
38461351,2019,187,event_phases/2019/2019_187/38461351.phase,data/scedc/event_phases/2019/2019_187/38461351.phase,reused,,3233,,
38461383,2019,187,event_phases/2019/2019_187/38461383.phase,data/scedc/event_phases/2019/2019_187/38461383.phase,reused,,2933,,
38461391,2019,187,event_phases/2019/2019_187/38461391.phase,data/scedc/event_phases/2019/2019_187/38461391.phase,reused,,4958,,
38461423,2019,187,event_phases/2019/2019_187/38461423.phase,data/scedc/event_phases/2019/2019_187/38461423.phase,reused,,3833,,
38461431,2019,187,event_phases/2019/2019_187/38461431.phase,data/scedc/event_phases/2019/2019_187/38461431.phase,reused,,3758,,
38461447,2019,187,event_phases/2019/2019_187/38461447.phase,data/scedc/event_phases/2019/2019_187/38461447.phase,reused,,6983,,
38461599,2019,187,event_phases/2019/2019_187/38461599.phase,data/scedc/event_phases/2019/2019_187/38461599.phase,reused,,4133,,
38461607,2019,187,event_phases/2019/2019_187/38461607.phase,data/scedc/event_phases/2019/2019_187/38461607.phase,reused,,3383,,
38461631,2019,187,event_phases/2019/2019_187/38461631.phase,data/scedc/event_phases/2019/2019_187/38461631.phase,reused,,7208,,
38461639,2019,187,event_phases/2019/2019_187/38461639.phase,data/scedc/event_phases/2019/2019_187/38461639.phase,reused,,5858,,
38461655,2019,187,event_phases/2019/2019_187/38461655.phase,data/scedc/event_phases/2019/2019_187/38461655.phase,reused,,4733,,
38461703,2019,187,event_phases/2019/2019_187/38461703.phase,data/scedc/event_phases/2019/2019_187/38461703.phase,reused,,3533,,
38461727,2019,187,event_phases/2019/2019_187/38461727.phase,data/scedc/event_phases/2019/2019_187/38461727.phase,reused,,3233,,
38461735,2019,187,event_phases/2019/2019_187/38461735.phase,data/scedc/event_phases/2019/2019_187/38461735.phase,reused,,4883,,
38461743,2019,187,event_phases/2019/2019_187/38461743.phase,data/scedc/event_phases/2019/2019_187/38461743.phase,reused,,4283,,
38461783,2019,187,event_phases/2019/2019_187/38461783.phase,data/scedc/event_phases/2019/2019_187/38461783.phase,reused,,4283,,
38461807,2019,187,event_phases/2019/2019_187/38461807.phase,data/scedc/event_phases/2019/2019_187/38461807.phase,reused,,4658,,
38461879,2019,187,event_phases/2019/2019_187/38461879.phase,data/scedc/event_phases/2019/2019_187/38461879.phase,reused,,6308,,
38461887,2019,187,event_phases/2019/2019_187/38461887.phase,data/scedc/event_phases/2019/2019_187/38461887.phase,reused,,4433,,
38461903,2019,187,event_phases/2019/2019_187/38461903.phase,data/scedc/event_phases/2019/2019_187/38461903.phase,reused,,5633,,
38461991,2019,187,event_phases/2019/2019_187/38461991.phase,data/scedc/event_phases/2019/2019_187/38461991.phase,reused,,3833,,
38462111,2019,187,event_phases/2019/2019_187/38462111.phase,data/scedc/event_phases/2019/2019_187/38462111.phase,reused,,5483,,
38462207,2019,187,event_phases/2019/2019_187/38462207.phase,data/scedc/event_phases/2019/2019_187/38462207.phase,reused,,5708,,
38462351,2019,187,event_phases/2019/2019_187/38462351.phase,data/scedc/event_phases/2019/2019_187/38462351.phase,reused,,6083,,
38462559,2019,187,event_phases/2019/2019_187/38462559.phase,data/scedc/event_phases/2019/2019_187/38462559.phase,reused,,6533,,
38462679,2019,187,event_phases/2019/2019_187/38462679.phase,data/scedc/event_phases/2019/2019_187/38462679.phase,reused,,6758,,
38462687,2019,187,event_phases/2019/2019_187/38462687.phase,data/scedc/event_phases/2019/2019_187/38462687.phase,reused,,6233,,
38462839,2019,187,event_phases/2019/2019_187/38462839.phase,data/scedc/event_phases/2019/2019_187/38462839.phase,reused,,4583,,
38462847,2019,187,event_phases/2019/2019_187/38462847.phase,data/scedc/event_phases/2019/2019_187/38462847.phase,reused,,3983,,
38462927,2019,187,event_phases/2019/2019_187/38462927.phase,data/scedc/event_phases/2019/2019_187/38462927.phase,reused,,2933,,
38463007,2019,187,event_phases/2019/2019_187/38463007.phase,data/scedc/event_phases/2019/2019_187/38463007.phase,reused,,7058,,
38463087,2019,187,event_phases/2019/2019_187/38463087.phase,data/scedc/event_phases/2019/2019_187/38463087.phase,reused,,7283,,
38463159,2019,187,event_phases/2019/2019_187/38463159.phase,data/scedc/event_phases/2019/2019_187/38463159.phase,reused,,6533,,
38463223,2019,187,event_phases/2019/2019_187/38463223.phase,data/scedc/event_phases/2019/2019_187/38463223.phase,reused,,3608,,
38463359,2019,187,event_phases/2019/2019_187/38463359.phase,data/scedc/event_phases/2019/2019_187/38463359.phase,reused,,6383,,
38463375,2019,187,event_phases/2019/2019_187/38463375.phase,data/scedc/event_phases/2019/2019_187/38463375.phase,reused,,4958,,
38463495,2019,187,event_phases/2019/2019_187/38463495.phase,data/scedc/event_phases/2019/2019_187/38463495.phase,reused,,5933,,
38463727,2019,187,event_phases/2019/2019_187/38463727.phase,data/scedc/event_phases/2019/2019_187/38463727.phase,reused,,4058,,
38463791,2019,187,event_phases/2019/2019_187/38463791.phase,data/scedc/event_phases/2019/2019_187/38463791.phase,reused,,5633,,
38463807,2019,187,event_phases/2019/2019_187/38463807.phase,data/scedc/event_phases/2019/2019_187/38463807.phase,reused,,6683,,
38463903,2019,187,event_phases/2019/2019_187/38463903.phase,data/scedc/event_phases/2019/2019_187/38463903.phase,reused,,6608,,
38464047,2019,187,event_phases/2019/2019_187/38464047.phase,data/scedc/event_phases/2019/2019_187/38464047.phase,reused,,7508,,
38464383,2019,187,event_phases/2019/2019_187/38464383.phase,data/scedc/event_phases/2019/2019_187/38464383.phase,reused,,6908,,
38464447,2019,187,event_phases/2019/2019_187/38464447.phase,data/scedc/event_phases/2019/2019_187/38464447.phase,reused,,3083,,
38464791,2019,187,event_phases/2019/2019_187/38464791.phase,data/scedc/event_phases/2019/2019_187/38464791.phase,reused,,4733,,
38464799,2019,187,event_phases/2019/2019_187/38464799.phase,data/scedc/event_phases/2019/2019_187/38464799.phase,reused,,6833,,
38464839,2019,187,event_phases/2019/2019_187/38464839.phase,data/scedc/event_phases/2019/2019_187/38464839.phase,reused,,6758,,
38464927,2019,187,event_phases/2019/2019_187/38464927.phase,data/scedc/event_phases/2019/2019_187/38464927.phase,reused,,7058,,
38464943,2019,187,event_phases/2019/2019_187/38464943.phase,data/scedc/event_phases/2019/2019_187/38464943.phase,reused,,7208,,
38465063,2019,187,event_phases/2019/2019_187/38465063.phase,data/scedc/event_phases/2019/2019_187/38465063.phase,reused,,6983,,
38465239,2019,187,event_phases/2019/2019_187/38465239.phase,data/scedc/event_phases/2019/2019_187/38465239.phase,reused,,6908,,
38465351,2019,187,event_phases/2019/2019_187/38465351.phase,data/scedc/event_phases/2019/2019_187/38465351.phase,reused,,7433,,
38465439,2019,187,event_phases/2019/2019_187/38465439.phase,data/scedc/event_phases/2019/2019_187/38465439.phase,reused,,5858,,
38465735,2019,187,event_phases/2019/2019_187/38465735.phase,data/scedc/event_phases/2019/2019_187/38465735.phase,reused,,1133,,
38465759,2019,187,event_phases/2019/2019_187/38465759.phase,data/scedc/event_phases/2019/2019_187/38465759.phase,reused,,15233,,
38465815,2019,187,event_phases/2019/2019_187/38465815.phase,data/scedc/event_phases/2019/2019_187/38465815.phase,reused,,5033,,
38466023,2019,187,event_phases/2019/2019_187/38466023.phase,data/scedc/event_phases/2019/2019_187/38466023.phase,reused,,6008,,
38466063,2019,187,event_phases/2019/2019_187/38466063.phase,data/scedc/event_phases/2019/2019_187/38466063.phase,reused,,7433,,
38466103,2019,187,event_phases/2019/2019_187/38466103.phase,data/scedc/event_phases/2019/2019_187/38466103.phase,reused,,5708,,
38466247,2019,187,event_phases/2019/2019_187/38466247.phase,data/scedc/event_phases/2019/2019_187/38466247.phase,reused,,7283,,
38466583,2019,187,event_phases/2019/2019_187/38466583.phase,data/scedc/event_phases/2019/2019_187/38466583.phase,reused,,5633,,
38466623,2019,187,event_phases/2019/2019_187/38466623.phase,data/scedc/event_phases/2019/2019_187/38466623.phase,reused,,5708,,
38466655,2019,187,event_phases/2019/2019_187/38466655.phase,data/scedc/event_phases/2019/2019_187/38466655.phase,reused,,5408,,
38466847,2019,187,event_phases/2019/2019_187/38466847.phase,data/scedc/event_phases/2019/2019_187/38466847.phase,reused,,6233,,
38466855,2019,187,event_phases/2019/2019_187/38466855.phase,data/scedc/event_phases/2019/2019_187/38466855.phase,reused,,5933,,
38466959,2019,187,event_phases/2019/2019_187/38466959.phase,data/scedc/event_phases/2019/2019_187/38466959.phase,reused,,7058,,
38466983,2019,187,event_phases/2019/2019_187/38466983.phase,data/scedc/event_phases/2019/2019_187/38466983.phase,reused,,5333,,
38466991,2019,187,event_phases/2019/2019_187/38466991.phase,data/scedc/event_phases/2019/2019_187/38466991.phase,reused,,5783,,
38467303,2019,187,event_phases/2019/2019_187/38467303.phase,data/scedc/event_phases/2019/2019_187/38467303.phase,reused,,5333,,
38467311,2019,187,event_phases/2019/2019_187/38467311.phase,data/scedc/event_phases/2019/2019_187/38467311.phase,reused,,4358,,
38467359,2019,187,event_phases/2019/2019_187/38467359.phase,data/scedc/event_phases/2019/2019_187/38467359.phase,reused,,7508,,
38467423,2019,187,event_phases/2019/2019_187/38467423.phase,data/scedc/event_phases/2019/2019_187/38467423.phase,reused,,6083,,
38467671,2019,187,event_phases/2019/2019_187/38467671.phase,data/scedc/event_phases/2019/2019_187/38467671.phase,reused,,6158,,
38468007,2019,187,event_phases/2019/2019_187/38468007.phase,data/scedc/event_phases/2019/2019_187/38468007.phase,reused,,6683,,
38468023,2019,187,event_phases/2019/2019_187/38468023.phase,data/scedc/event_phases/2019/2019_187/38468023.phase,reused,,3533,,
38468063,2019,187,event_phases/2019/2019_187/38468063.phase,data/scedc/event_phases/2019/2019_187/38468063.phase,reused,,5933,,
38468151,2019,187,event_phases/2019/2019_187/38468151.phase,data/scedc/event_phases/2019/2019_187/38468151.phase,reused,,7208,,
38468247,2019,187,event_phases/2019/2019_187/38468247.phase,data/scedc/event_phases/2019/2019_187/38468247.phase,reused,,5858,,
38468407,2019,187,event_phases/2019/2019_187/38468407.phase,data/scedc/event_phases/2019/2019_187/38468407.phase,reused,,6308,,
38468767,2019,187,event_phases/2019/2019_187/38468767.phase,data/scedc/event_phases/2019/2019_187/38468767.phase,reused,,6908,,
38469079,2019,187,event_phases/2019/2019_187/38469079.phase,data/scedc/event_phases/2019/2019_187/38469079.phase,reused,,5558,,
38469119,2019,187,event_phases/2019/2019_187/38469119.phase,data/scedc/event_phases/2019/2019_187/38469119.phase,reused,,7058,,
38469271,2019,187,event_phases/2019/2019_187/38469271.phase,data/scedc/event_phases/2019/2019_187/38469271.phase,reused,,2708,,
38469415,2019,187,event_phases/2019/2019_187/38469415.phase,data/scedc/event_phases/2019/2019_187/38469415.phase,reused,,7358,,
37264612,2019,188,event_phases/2019/2019_188/37264612.phase,data/scedc/event_phases/2019/2019_188/37264612.phase,reused,,4733,,
37485653,2019,188,event_phases/2019/2019_188/37485653.phase,data/scedc/event_phases/2019/2019_188/37485653.phase,reused,,3158,,
38469511,2019,188,event_phases/2019/2019_188/38469511.phase,data/scedc/event_phases/2019/2019_188/38469511.phase,reused,,6158,,
38470159,2019,188,event_phases/2019/2019_188/38470159.phase,data/scedc/event_phases/2019/2019_188/38470159.phase,reused,,7433,,
38470415,2019,188,event_phases/2019/2019_188/38470415.phase,data/scedc/event_phases/2019/2019_188/38470415.phase,reused,,5708,,
38470471,2019,188,event_phases/2019/2019_188/38470471.phase,data/scedc/event_phases/2019/2019_188/38470471.phase,reused,,7208,,
38473223,2019,188,event_phases/2019/2019_188/38473223.phase,data/scedc/event_phases/2019/2019_188/38473223.phase,reused,,5258,,
38473831,2019,188,event_phases/2019/2019_188/38473831.phase,data/scedc/event_phases/2019/2019_188/38473831.phase,reused,,3458,,
38473839,2019,188,event_phases/2019/2019_188/38473839.phase,data/scedc/event_phases/2019/2019_188/38473839.phase,reused,,5483,,
38473983,2019,188,event_phases/2019/2019_188/38473983.phase,data/scedc/event_phases/2019/2019_188/38473983.phase,reused,,7208,,
38474119,2019,188,event_phases/2019/2019_188/38474119.phase,data/scedc/event_phases/2019/2019_188/38474119.phase,reused,,5333,,
38474127,2019,188,event_phases/2019/2019_188/38474127.phase,data/scedc/event_phases/2019/2019_188/38474127.phase,reused,,5258,,
38474639,2019,188,event_phases/2019/2019_188/38474639.phase,data/scedc/event_phases/2019/2019_188/38474639.phase,reused,,4433,,
38475431,2019,188,event_phases/2019/2019_188/38475431.phase,data/scedc/event_phases/2019/2019_188/38475431.phase,reused,,7358,,
38477007,2019,188,event_phases/2019/2019_188/38477007.phase,data/scedc/event_phases/2019/2019_188/38477007.phase,reused,,5108,,
38477319,2019,188,event_phases/2019/2019_188/38477319.phase,data/scedc/event_phases/2019/2019_188/38477319.phase,reused,,6833,,
38479239,2019,188,event_phases/2019/2019_188/38479239.phase,data/scedc/event_phases/2019/2019_188/38479239.phase,reused,,5183,,
38480631,2019,188,event_phases/2019/2019_188/38480631.phase,data/scedc/event_phases/2019/2019_188/38480631.phase,reused,,7283,,
38480975,2019,188,event_phases/2019/2019_188/38480975.phase,data/scedc/event_phases/2019/2019_188/38480975.phase,reused,,4883,,
37264764,2019,189,event_phases/2019/2019_189/37264764.phase,data/scedc/event_phases/2019/2019_189/37264764.phase,reused,,2783,,
38486199,2019,189,event_phases/2019/2019_189/38486199.phase,data/scedc/event_phases/2019/2019_189/38486199.phase,reused,,7283,,
38487519,2019,189,event_phases/2019/2019_189/38487519.phase,data/scedc/event_phases/2019/2019_189/38487519.phase,reused,,6758,,
38490007,2019,189,event_phases/2019/2019_189/38490007.phase,data/scedc/event_phases/2019/2019_189/38490007.phase,reused,,5558,,
37265084,2019,190,event_phases/2019/2019_190/37265084.phase,data/scedc/event_phases/2019/2019_190/37265084.phase,reused,,1508,,
37265404,2019,190,event_phases/2019/2019_190/37265404.phase,data/scedc/event_phases/2019/2019_190/37265404.phase,reused,,2033,,
37248948,2019,191,event_phases/2019/2019_191/37248948.phase,data/scedc/event_phases/2019/2019_191/37248948.phase,reused,,3833,,
37265572,2019,191,event_phases/2019/2019_191/37265572.phase,data/scedc/event_phases/2019/2019_191/37265572.phase,reused,,908,,
37265580,2019,191,event_phases/2019/2019_191/37265580.phase,data/scedc/event_phases/2019/2019_191/37265580.phase,reused,,2183,,
38519143,2019,191,event_phases/2019/2019_191/38519143.phase,data/scedc/event_phases/2019/2019_191/38519143.phase,reused,,5708,,
38519223,2019,191,event_phases/2019/2019_191/38519223.phase,data/scedc/event_phases/2019/2019_191/38519223.phase,reused,,5108,,
38519231,2019,191,event_phases/2019/2019_191/38519231.phase,data/scedc/event_phases/2019/2019_191/38519231.phase,reused,,5858,,
38522055,2019,191,event_phases/2019/2019_191/38522055.phase,data/scedc/event_phases/2019/2019_191/38522055.phase,reused,,5708,,
38531903,2019,192,event_phases/2019/2019_192/38531903.phase,data/scedc/event_phases/2019/2019_192/38531903.phase,reused,,6308,,
38532479,2019,192,event_phases/2019/2019_192/38532479.phase,data/scedc/event_phases/2019/2019_192/38532479.phase,reused,,7433,,
37266364,2019,193,event_phases/2019/2019_193/37266364.phase,data/scedc/event_phases/2019/2019_193/37266364.phase,reused,,3083,,
37266372,2019,193,event_phases/2019/2019_193/37266372.phase,data/scedc/event_phases/2019/2019_193/37266372.phase,reused,,2333,,
37266380,2019,193,event_phases/2019/2019_193/37266380.phase,data/scedc/event_phases/2019/2019_193/37266380.phase,reused,,2483,,
37421757,2019,197,event_phases/2019/2019_197/37421757.phase,data/scedc/event_phases/2019/2019_197/37421757.phase,reused,,4133,,
37267164,2019,198,event_phases/2019/2019_198/37267164.phase,data/scedc/event_phases/2019/2019_198/37267164.phase,reused,,1208,,
37421821,2019,198,event_phases/2019/2019_198/37421821.phase,data/scedc/event_phases/2019/2019_198/37421821.phase,reused,,5183,,
38588455,2019,198,event_phases/2019/2019_198/38588455.phase,data/scedc/event_phases/2019/2019_198/38588455.phase,reused,,6758,,
38604199,2019,200,event_phases/2019/2019_200/38604199.phase,data/scedc/event_phases/2019/2019_200/38604199.phase,reused,,2783,,
37482197,2019,201,event_phases/2019/2019_201/37482197.phase,data/scedc/event_phases/2019/2019_201/37482197.phase,failed,404,0,https://scedc-pds.s3.amazonaws.com/event_phases/2019/2019_201/37482197.phase,HTTP 404: object not found
38614159,2019,202,event_phases/2019/2019_202/38614159.phase,data/scedc/event_phases/2019/2019_202/38614159.phase,reused,,6158,,
38615791,2019,202,event_phases/2019/2019_202/38615791.phase,data/scedc/event_phases/2019/2019_202/38615791.phase,reused,,4508,,
37480781,2019,204,event_phases/2019/2019_204/37480781.phase,data/scedc/event_phases/2019/2019_204/37480781.phase,failed,404,0,https://scedc-pds.s3.amazonaws.com/event_phases/2019/2019_204/37480781.phase,"SSLError: HTTPSConnectionPool(host='scedc-pds.s3.amazonaws.com', port=443): Max retries exceeded with url: /event_phases/2019/2019_204/37480781.phase (Caused by SSLError(SSLEOFError(8, '[SSL: UNEXPECTED_EOF_WHILE_READING] EOF occurred in violation of protocol (_ssl.c:1006)')))"
38634351,2019,205,event_phases/2019/2019_205/38634351.phase,data/scedc/event_phases/2019/2019_205/38634351.phase,reused,,5558,,
38644991,2019,207,event_phases/2019/2019_207/38644991.phase,data/scedc/event_phases/2019/2019_207/38644991.phase,reused,,4808,,
38690607,2019,216,event_phases/2019/2019_216/38690607.phase,data/scedc/event_phases/2019/2019_216/38690607.phase,reused,,2783,,
38971248,2019,227,event_phases/2019/2019_227/38971248.phase,data/scedc/event_phases/2019/2019_227/38971248.phase,reused,,6908,,
38995952,2019,234,event_phases/2019/2019_234/38995952.phase,data/scedc/event_phases/2019/2019_234/38995952.phase,reused,,5108,,
38999312,2019,235,event_phases/2019/2019_235/38999312.phase,data/scedc/event_phases/2019/2019_235/38999312.phase,reused,,3233,,
39005120,2019,236,event_phases/2019/2019_236/39005120.phase,data/scedc/event_phases/2019/2019_236/39005120.phase,reused,,6983,,
38820207,2019,251,event_phases/2019/2019_251/38820207.phase,data/scedc/event_phases/2019/2019_251/38820207.phase,reused,,3608,,
38238754,2019,316,event_phases/2019/2019_316/38238754.phase,data/scedc/event_phases/2019/2019_316/38238754.phase,reused,,4583,,
38247706,2019,320,event_phases/2019/2019_320/38247706.phase,data/scedc/event_phases/2019/2019_320/38247706.phase,reused,,6683,,
38247754,2019,320,event_phases/2019/2019_320/38247754.phase,data/scedc/event_phases/2019/2019_320/38247754.phase,reused,,7283,,
38248602,2019,321,event_phases/2019/2019_321/38248602.phase,data/scedc/event_phases/2019/2019_321/38248602.phase,reused,,6983,,
39209360,2019,332,event_phases/2019/2019_332/39209360.phase,data/scedc/event_phases/2019/2019_332/39209360.phase,reused,,6833,,
39210096,2019,333,event_phases/2019/2019_333/39210096.phase,data/scedc/event_phases/2019/2019_333/39210096.phase,reused,,7433,,
39217824,2019,339,event_phases/2019/2019_339/39217824.phase,data/scedc/event_phases/2019/2019_339/39217824.phase,reused,,5783,,
39225152,2019,344,event_phases/2019/2019_344/39225152.phase,data/scedc/event_phases/2019/2019_344/39225152.phase,reused,,6683,,
39225400,2019,344,event_phases/2019/2019_344/39225400.phase,data/scedc/event_phases/2019/2019_344/39225400.phase,reused,,4958,,
39233472,2019,351,event_phases/2019/2019_351/39233472.phase,data/scedc/event_phases/2019/2019_351/39233472.phase,reused,,3833,,
39013463,2019,359,event_phases/2019/2019_359/39013463.phase,data/scedc/event_phases/2019/2019_359/39013463.phase,reused,,1658,,
39013663,2019,360,event_phases/2019/2019_360/39013663.phase,data/scedc/event_phases/2019/2019_360/39013663.phase,reused,,5558,,
39021735,2020,3,event_phases/2020/2020_003/39021735.phase,data/scedc/event_phases/2020/2020_003/39021735.phase,reused,,5783,,
39033039,2020,12,event_phases/2020/2020_012/39033039.phase,data/scedc/event_phases/2020/2020_012/39033039.phase,reused,,5483,,
39272488,2020,16,event_phases/2020/2020_016/39272488.phase,data/scedc/event_phases/2020/2020_016/39272488.phase,reused,,3983,,
39277800,2020,22,event_phases/2020/2020_022/39277800.phase,data/scedc/event_phases/2020/2020_022/39277800.phase,reused,,6158,,
39281440,2020,25,event_phases/2020/2020_025/39281440.phase,data/scedc/event_phases/2020/2020_025/39281440.phase,reused,,6308,,
39281456,2020,25,event_phases/2020/2020_025/39281456.phase,data/scedc/event_phases/2020/2020_025/39281456.phase,reused,,4958,,
39283296,2020,27,event_phases/2020/2020_027/39283296.phase,data/scedc/event_phases/2020/2020_027/39283296.phase,reused,,5258,,
39285816,2020,29,event_phases/2020/2020_029/39285816.phase,data/scedc/event_phases/2020/2020_029/39285816.phase,reused,,6458,,
39287680,2020,31,event_phases/2020/2020_031/39287680.phase,data/scedc/event_phases/2020/2020_031/39287680.phase,reused,,5258,,
39296624,2020,39,event_phases/2020/2020_039/39296624.phase,data/scedc/event_phases/2020/2020_039/39296624.phase,reused,,6158,,
39070271,2020,44,event_phases/2020/2020_044/39070271.phase,data/scedc/event_phases/2020/2020_044/39070271.phase,reused,,4208,,
39083127,2020,56,event_phases/2020/2020_056/39083127.phase,data/scedc/event_phases/2020/2020_056/39083127.phase,reused,,3908,,
39089007,2020,63,event_phases/2020/2020_063/39089007.phase,data/scedc/event_phases/2020/2020_063/39089007.phase,reused,,5783,,
39089087,2020,63,event_phases/2020/2020_063/39089087.phase,data/scedc/event_phases/2020/2020_063/39089087.phase,reused,,3008,,
39089407,2020,63,event_phases/2020/2020_063/39089407.phase,data/scedc/event_phases/2020/2020_063/39089407.phase,reused,,1583,,
39090087,2020,64,event_phases/2020/2020_064/39090087.phase,data/scedc/event_phases/2020/2020_064/39090087.phase,reused,,6008,,
38386162,2020,67,event_phases/2020/2020_067/38386162.phase,data/scedc/event_phases/2020/2020_067/38386162.phase,reused,,5558,,
38386410,2020,67,event_phases/2020/2020_067/38386410.phase,data/scedc/event_phases/2020/2020_067/38386410.phase,reused,,5708,,
38387018,2020,68,event_phases/2020/2020_068/38387018.phase,data/scedc/event_phases/2020/2020_068/38387018.phase,reused,,6233,,
38395986,2020,77,event_phases/2020/2020_077/38395986.phase,data/scedc/event_phases/2020/2020_077/38395986.phase,reused,,5633,,
39108583,2020,80,event_phases/2020/2020_080/39108583.phase,data/scedc/event_phases/2020/2020_080/39108583.phase,reused,,5933,,
39111991,2020,83,event_phases/2020/2020_083/39111991.phase,data/scedc/event_phases/2020/2020_083/39111991.phase,reused,,5933,,
39114071,2020,84,event_phases/2020/2020_084/39114071.phase,data/scedc/event_phases/2020/2020_084/39114071.phase,reused,,5108,,
39116263,2020,86,event_phases/2020/2020_086/39116263.phase,data/scedc/event_phases/2020/2020_086/39116263.phase,reused,,6083,,
39138391,2020,97,event_phases/2020/2020_097/39138391.phase,data/scedc/event_phases/2020/2020_097/39138391.phase,reused,,6158,,
39141103,2020,98,event_phases/2020/2020_098/39141103.phase,data/scedc/event_phases/2020/2020_098/39141103.phase,reused,,5033,,
39380472,2020,101,event_phases/2020/2020_101/39380472.phase,data/scedc/event_phases/2020/2020_101/39380472.phase,reused,,4958,,
39386896,2020,104,event_phases/2020/2020_104/39386896.phase,data/scedc/event_phases/2020/2020_104/39386896.phase,reused,,5858,,
39387336,2020,105,event_phases/2020/2020_105/39387336.phase,data/scedc/event_phases/2020/2020_105/39387336.phase,reused,,5633,,
39395080,2020,109,event_phases/2020/2020_109/39395080.phase,data/scedc/event_phases/2020/2020_109/39395080.phase,reused,,6008,,
39395096,2020,109,event_phases/2020/2020_109/39395096.phase,data/scedc/event_phases/2020/2020_109/39395096.phase,reused,,5783,,
38480762,2020,126,event_phases/2020/2020_126/38480762.phase,data/scedc/event_phases/2020/2020_126/38480762.phase,reused,,5033,,
39202199,2020,136,event_phases/2020/2020_136/39202199.phase,data/scedc/event_phases/2020/2020_136/39202199.phase,reused,,1883,,
39202567,2020,137,event_phases/2020/2020_137/39202567.phase,data/scedc/event_phases/2020/2020_137/39202567.phase,reused,,5108,,
39206855,2020,140,event_phases/2020/2020_140/39206855.phase,data/scedc/event_phases/2020/2020_140/39206855.phase,reused,,6533,,
39462672,2020,156,event_phases/2020/2020_156/39462672.phase,data/scedc/event_phases/2020/2020_156/39462672.phase,reused,,6308,,
39462744,2020,156,event_phases/2020/2020_156/39462744.phase,data/scedc/event_phases/2020/2020_156/39462744.phase,reused,,6758,,
39462768,2020,156,event_phases/2020/2020_156/39462768.phase,data/scedc/event_phases/2020/2020_156/39462768.phase,reused,,6533,,
39462920,2020,156,event_phases/2020/2020_156/39462920.phase,data/scedc/event_phases/2020/2020_156/39462920.phase,reused,,5933,,
39463040,2020,156,event_phases/2020/2020_156/39463040.phase,data/scedc/event_phases/2020/2020_156/39463040.phase,reused,,6458,,
39463304,2020,156,event_phases/2020/2020_156/39463304.phase,data/scedc/event_phases/2020/2020_156/39463304.phase,reused,,6383,,
39463528,2020,156,event_phases/2020/2020_156/39463528.phase,data/scedc/event_phases/2020/2020_156/39463528.phase,reused,,6458,,
39464360,2020,156,event_phases/2020/2020_156/39464360.phase,data/scedc/event_phases/2020/2020_156/39464360.phase,reused,,7133,,
39469848,2020,160,event_phases/2020/2020_160/39469848.phase,data/scedc/event_phases/2020/2020_160/39469848.phase,reused,,6833,,
39477608,2020,165,event_phases/2020/2020_165/39477608.phase,data/scedc/event_phases/2020/2020_165/39477608.phase,reused,,6008,,
39481424,2020,168,event_phases/2020/2020_168/39481424.phase,data/scedc/event_phases/2020/2020_168/39481424.phase,reused,,6308,,
37447541,2020,175,event_phases/2020/2020_175/37447541.phase,data/scedc/event_phases/2020/2020_175/37447541.phase,reused,,1283,,
37447621,2020,175,event_phases/2020/2020_175/37447621.phase,data/scedc/event_phases/2020/2020_175/37447621.phase,reused,,608,,
39490976,2020,175,event_phases/2020/2020_175/39490976.phase,data/scedc/event_phases/2020/2020_175/39490976.phase,reused,,4958,,
39491208,2020,175,event_phases/2020/2020_175/39491208.phase,data/scedc/event_phases/2020/2020_175/39491208.phase,reused,,6908,,
39491464,2020,175,event_phases/2020/2020_175/39491464.phase,data/scedc/event_phases/2020/2020_175/39491464.phase,reused,,6233,,
39493944,2020,176,event_phases/2020/2020_176/39493944.phase,data/scedc/event_phases/2020/2020_176/39493944.phase,reused,,6908,,
39493968,2020,176,event_phases/2020/2020_176/39493968.phase,data/scedc/event_phases/2020/2020_176/39493968.phase,reused,,6608,,
39494008,2020,176,event_phases/2020/2020_176/39494008.phase,data/scedc/event_phases/2020/2020_176/39494008.phase,reused,,6458,,
39494120,2020,176,event_phases/2020/2020_176/39494120.phase,data/scedc/event_phases/2020/2020_176/39494120.phase,reused,,6083,,
39494128,2020,176,event_phases/2020/2020_176/39494128.phase,data/scedc/event_phases/2020/2020_176/39494128.phase,reused,,5933,,
39494264,2020,176,event_phases/2020/2020_176/39494264.phase,data/scedc/event_phases/2020/2020_176/39494264.phase,reused,,5333,,
39266607,2020,177,event_phases/2020/2020_177/39266607.phase,data/scedc/event_phases/2020/2020_177/39266607.phase,reused,,5483,,
39495128,2020,177,event_phases/2020/2020_177/39495128.phase,data/scedc/event_phases/2020/2020_177/39495128.phase,reused,,6008,,
39496120,2020,177,event_phases/2020/2020_177/39496120.phase,data/scedc/event_phases/2020/2020_177/39496120.phase,reused,,6008,,
39496160,2020,177,event_phases/2020/2020_177/39496160.phase,data/scedc/event_phases/2020/2020_177/39496160.phase,reused,,6083,,
39496504,2020,177,event_phases/2020/2020_177/39496504.phase,data/scedc/event_phases/2020/2020_177/39496504.phase,reused,,5708,,
39266839,2020,178,event_phases/2020/2020_178/39266839.phase,data/scedc/event_phases/2020/2020_178/39266839.phase,reused,,6683,,
39268023,2020,178,event_phases/2020/2020_178/39268023.phase,data/scedc/event_phases/2020/2020_178/39268023.phase,reused,,5258,,
39268303,2020,178,event_phases/2020/2020_178/39268303.phase,data/scedc/event_phases/2020/2020_178/39268303.phase,reused,,5183,,
39274191,2020,182,event_phases/2020/2020_182/39274191.phase,data/scedc/event_phases/2020/2020_182/39274191.phase,reused,,6533,,
39281447,2020,188,event_phases/2020/2020_188/39281447.phase,data/scedc/event_phases/2020/2020_188/39281447.phase,reused,,5033,,
38603762,2020,205,event_phases/2020/2020_205/38603762.phase,data/scedc/event_phases/2020/2020_205/38603762.phase,reused,,5108,,
38604050,2020,205,event_phases/2020/2020_205/38604050.phase,data/scedc/event_phases/2020/2020_205/38604050.phase,reused,,7508,,
38605954,2020,206,event_phases/2020/2020_206/38605954.phase,data/scedc/event_phases/2020/2020_206/38605954.phase,reused,,5933,,
37452101,2020,223,event_phases/2020/2020_223/37452101.phase,data/scedc/event_phases/2020/2020_223/37452101.phase,reused,,6083,,
39338399,2020,223,event_phases/2020/2020_223/39338399.phase,data/scedc/event_phases/2020/2020_223/39338399.phase,reused,,6083,,
39338415,2020,223,event_phases/2020/2020_223/39338415.phase,data/scedc/event_phases/2020/2020_223/39338415.phase,reused,,5183,,
39346591,2020,229,event_phases/2020/2020_229/39346591.phase,data/scedc/event_phases/2020/2020_229/39346591.phase,reused,,5108,,
39587168,2020,234,event_phases/2020/2020_234/39587168.phase,data/scedc/event_phases/2020/2020_234/39587168.phase,reused,,6908,,
39362087,2020,240,event_phases/2020/2020_240/39362087.phase,data/scedc/event_phases/2020/2020_240/39362087.phase,reused,,4583,,
39368535,2020,246,event_phases/2020/2020_246/39368535.phase,data/scedc/event_phases/2020/2020_246/39368535.phase,reused,,6008,,
38675290,2020,248,event_phases/2020/2020_248/38675290.phase,data/scedc/event_phases/2020/2020_248/38675290.phase,reused,,7508,,
38683914,2020,255,event_phases/2020/2020_255/38683914.phase,data/scedc/event_phases/2020/2020_255/38683914.phase,reused,,6683,,
38683938,2020,255,event_phases/2020/2020_255/38683938.phase,data/scedc/event_phases/2020/2020_255/38683938.phase,reused,,6758,,
38693130,2020,261,event_phases/2020/2020_261/38693130.phase,data/scedc/event_phases/2020/2020_261/38693130.phase,reused,,6083,,
38701098,2020,267,event_phases/2020/2020_267/38701098.phase,data/scedc/event_phases/2020/2020_267/38701098.phase,reused,,6308,,
37457117,2020,274,event_phases/2020/2020_274/37457117.phase,data/scedc/event_phases/2020/2020_274/37457117.phase,reused,,1658,,
39640688,2020,274,event_phases/2020/2020_274/39640688.phase,data/scedc/event_phases/2020/2020_274/39640688.phase,reused,,5708,,
39641088,2020,274,event_phases/2020/2020_274/39641088.phase,data/scedc/event_phases/2020/2020_274/39641088.phase,reused,,6308,,
39641112,2020,274,event_phases/2020/2020_274/39641112.phase,data/scedc/event_phases/2020/2020_274/39641112.phase,reused,,5558,,
37347844,2020,275,event_phases/2020/2020_275/37347844.phase,data/scedc/event_phases/2020/2020_275/37347844.phase,failed,404,0,https://scedc-pds.s3.amazonaws.com/event_phases/2020/2020_275/37347844.phase,HTTP 404: object not found
37456405,2020,275,event_phases/2020/2020_275/37456405.phase,data/scedc/event_phases/2020/2020_275/37456405.phase,reused,,1733,,
37456501,2020,275,event_phases/2020/2020_275/37456501.phase,data/scedc/event_phases/2020/2020_275/37456501.phase,reused,,2183,,
37456509,2020,275,event_phases/2020/2020_275/37456509.phase,data/scedc/event_phases/2020/2020_275/37456509.phase,reused,,2108,,
37456517,2020,275,event_phases/2020/2020_275/37456517.phase,data/scedc/event_phases/2020/2020_275/37456517.phase,reused,,1508,,
37456549,2020,275,event_phases/2020/2020_275/37456549.phase,data/scedc/event_phases/2020/2020_275/37456549.phase,reused,,1358,,
37456565,2020,275,event_phases/2020/2020_275/37456565.phase,data/scedc/event_phases/2020/2020_275/37456565.phase,reused,,908,,
37457501,2020,275,event_phases/2020/2020_275/37457501.phase,data/scedc/event_phases/2020/2020_275/37457501.phase,reused,,2708,,
37457525,2020,275,event_phases/2020/2020_275/37457525.phase,data/scedc/event_phases/2020/2020_275/37457525.phase,reused,,5108,,
37470205,2020,275,event_phases/2020/2020_275/37470205.phase,data/scedc/event_phases/2020/2020_275/37470205.phase,failed,404,0,https://scedc-pds.s3.amazonaws.com/event_phases/2020/2020_275/37470205.phase,HTTP 404: object not found
37470253,2020,275,event_phases/2020/2020_275/37470253.phase,data/scedc/event_phases/2020/2020_275/37470253.phase,failed,404,0,https://scedc-pds.s3.amazonaws.com/event_phases/2020/2020_275/37470253.phase,"SSLError: HTTPSConnectionPool(host='scedc-pds.s3.amazonaws.com', port=443): Max retries exceeded with url: /event_phases/2020/2020_275/37470253.phase (Caused by SSLError(SSLEOFError(8, '[SSL: UNEXPECTED_EOF_WHILE_READING] EOF occurred in violation of protocol (_ssl.c:1006)')))"
37479509,2020,275,event_phases/2020/2020_275/37479509.phase,data/scedc/event_phases/2020/2020_275/37479509.phase,failed,404,0,https://scedc-pds.s3.amazonaws.com/event_phases/2020/2020_275/37479509.phase,HTTP 404: object not found
37479541,2020,275,event_phases/2020/2020_275/37479541.phase,data/scedc/event_phases/2020/2020_275/37479541.phase,failed,404,0,https://scedc-pds.s3.amazonaws.com/event_phases/2020/2020_275/37479541.phase,HTTP 404: object not found
37480893,2020,275,event_phases/2020/2020_275/37480893.phase,data/scedc/event_phases/2020/2020_275/37480893.phase,failed,404,0,https://scedc-pds.s3.amazonaws.com/event_phases/2020/2020_275/37480893.phase,HTTP 404: object not found
39641552,2020,275,event_phases/2020/2020_275/39641552.phase,data/scedc/event_phases/2020/2020_275/39641552.phase,reused,,2633,,
39641568,2020,275,event_phases/2020/2020_275/39641568.phase,data/scedc/event_phases/2020/2020_275/39641568.phase,reused,,4433,,
39641576,2020,275,event_phases/2020/2020_275/39641576.phase,data/scedc/event_phases/2020/2020_275/39641576.phase,reused,,3158,,
39641592,2020,275,event_phases/2020/2020_275/39641592.phase,data/scedc/event_phases/2020/2020_275/39641592.phase,reused,,1808,,
39641632,2020,275,event_phases/2020/2020_275/39641632.phase,data/scedc/event_phases/2020/2020_275/39641632.phase,reused,,7283,,
39641656,2020,275,event_phases/2020/2020_275/39641656.phase,data/scedc/event_phases/2020/2020_275/39641656.phase,reused,,7208,,
39641672,2020,275,event_phases/2020/2020_275/39641672.phase,data/scedc/event_phases/2020/2020_275/39641672.phase,reused,,3908,,
39641696,2020,275,event_phases/2020/2020_275/39641696.phase,data/scedc/event_phases/2020/2020_275/39641696.phase,reused,,7508,,
39641712,2020,275,event_phases/2020/2020_275/39641712.phase,data/scedc/event_phases/2020/2020_275/39641712.phase,reused,,6083,,
39641888,2020,275,event_phases/2020/2020_275/39641888.phase,data/scedc/event_phases/2020/2020_275/39641888.phase,reused,,3083,,
39641896,2020,275,event_phases/2020/2020_275/39641896.phase,data/scedc/event_phases/2020/2020_275/39641896.phase,reused,,5408,,
39643336,2020,275,event_phases/2020/2020_275/39643336.phase,data/scedc/event_phases/2020/2020_275/39643336.phase,reused,,3683,,
39643344,2020,275,event_phases/2020/2020_275/39643344.phase,data/scedc/event_phases/2020/2020_275/39643344.phase,reused,,6458,,
39643368,2020,275,event_phases/2020/2020_275/39643368.phase,data/scedc/event_phases/2020/2020_275/39643368.phase,reused,,4733,,
39645744,2020,275,event_phases/2020/2020_275/39645744.phase,data/scedc/event_phases/2020/2020_275/39645744.phase,reused,,6383,,
39649048,2020,276,event_phases/2020/2020_276/39649048.phase,data/scedc/event_phases/2020/2020_276/39649048.phase,reused,,6833,,
39649056,2020,276,event_phases/2020/2020_276/39649056.phase,data/scedc/event_phases/2020/2020_276/39649056.phase,reused,,7508,,
39649656,2020,276,event_phases/2020/2020_276/39649656.phase,data/scedc/event_phases/2020/2020_276/39649656.phase,reused,,6908,,
39653920,2020,280,event_phases/2020/2020_280/39653920.phase,data/scedc/event_phases/2020/2020_280/39653920.phase,reused,,6983,,
39666952,2020,292,event_phases/2020/2020_292/39666952.phase,data/scedc/event_phases/2020/2020_292/39666952.phase,reused,,7058,,
39667304,2020,292,event_phases/2020/2020_292/39667304.phase,data/scedc/event_phases/2020/2020_292/39667304.phase,reused,,6083,,
39441199,2020,296,event_phases/2020/2020_296/39441199.phase,data/scedc/event_phases/2020/2020_296/39441199.phase,reused,,4283,,
39442343,2020,296,event_phases/2020/2020_296/39442343.phase,data/scedc/event_phases/2020/2020_296/39442343.phase,reused,,3608,,
39460703,2020,314,event_phases/2020/2020_314/39460703.phase,data/scedc/event_phases/2020/2020_314/39460703.phase,reused,,6608,,
39461591,2020,315,event_phases/2020/2020_315/39461591.phase,data/scedc/event_phases/2020/2020_315/39461591.phase,reused,,5783,,
39466903,2020,321,event_phases/2020/2020_321/39466903.phase,data/scedc/event_phases/2020/2020_321/39466903.phase,reused,,6833,,
39468407,2020,322,event_phases/2020/2020_322/39468407.phase,data/scedc/event_phases/2020/2020_322/39468407.phase,reused,,4883,,
39470639,2020,324,event_phases/2020/2020_324/39470639.phase,data/scedc/event_phases/2020/2020_324/39470639.phase,reused,,6233,,
39481463,2020,336,event_phases/2020/2020_336/39481463.phase,data/scedc/event_phases/2020/2020_336/39481463.phase,reused,,6533,,
39485839,2020,340,event_phases/2020/2020_340/39485839.phase,data/scedc/event_phases/2020/2020_340/39485839.phase,reused,,6983,,
39487087,2020,342,event_phases/2020/2020_342/39487087.phase,data/scedc/event_phases/2020/2020_342/39487087.phase,reused,,5783,,
39505887,2020,363,event_phases/2020/2020_363/39505887.phase,data/scedc/event_phases/2020/2020_363/39505887.phase,reused,,6608,,
39509463,2021,2,event_phases/2021/2021_002/39509463.phase,data/scedc/event_phases/2021/2021_002/39509463.phase,reused,,5108,,
37463485,2021,4,event_phases/2021/2021_004/37463485.phase,data/scedc/event_phases/2021/2021_004/37463485.phase,failed,404,0,https://scedc-pds.s3.amazonaws.com/event_phases/2021/2021_004/37463485.phase,HTTP 404: object not found
37463493,2021,4,event_phases/2021/2021_004/37463493.phase,data/scedc/event_phases/2021/2021_004/37463493.phase,failed,404,0,https://scedc-pds.s3.amazonaws.com/event_phases/2021/2021_004/37463493.phase,HTTP 404: object not found
39759376,2021,17,event_phases/2021/2021_017/39759376.phase,data/scedc/event_phases/2021/2021_017/39759376.phase,reused,,13133,,
39759432,2021,17,event_phases/2021/2021_017/39759432.phase,data/scedc/event_phases/2021/2021_017/39759432.phase,reused,,11258,,
39759456,2021,17,event_phases/2021/2021_017/39759456.phase,data/scedc/event_phases/2021/2021_017/39759456.phase,reused,,9908,,
39760416,2021,18,event_phases/2021/2021_018/39760416.phase,data/scedc/event_phases/2021/2021_018/39760416.phase,reused,,6758,,
39534943,2021,29,event_phases/2021/2021_029/39534943.phase,data/scedc/event_phases/2021/2021_029/39534943.phase,failed,404,0,https://scedc-pds.s3.amazonaws.com/event_phases/2021/2021_029/39534943.phase,HTTP 404: object not found
39543967,2021,38,event_phases/2021/2021_038/39543967.phase,data/scedc/event_phases/2021/2021_038/39543967.phase,reused,,6233,,
39546855,2021,41,event_phases/2021/2021_041/39546855.phase,data/scedc/event_phases/2021/2021_041/39546855.phase,reused,,2933,,
39550567,2021,43,event_phases/2021/2021_043/39550567.phase,data/scedc/event_phases/2021/2021_043/39550567.phase,reused,,5633,,
39552143,2021,45,event_phases/2021/2021_045/39552143.phase,data/scedc/event_phases/2021/2021_045/39552143.phase,reused,,6308,,
39794648,2021,50,event_phases/2021/2021_050/39794648.phase,data/scedc/event_phases/2021/2021_050/39794648.phase,reused,,4808,,
39796240,2021,52,event_phases/2021/2021_052/39796240.phase,data/scedc/event_phases/2021/2021_052/39796240.phase,reused,,5483,,
39800544,2021,55,event_phases/2021/2021_055/39800544.phase,data/scedc/event_phases/2021/2021_055/39800544.phase,failed,404,0,https://scedc-pds.s3.amazonaws.com/event_phases/2021/2021_055/39800544.phase,HTTP 404: object not found
39800680,2021,55,event_phases/2021/2021_055/39800680.phase,data/scedc/event_phases/2021/2021_055/39800680.phase,failed,404,0,https://scedc-pds.s3.amazonaws.com/event_phases/2021/2021_055/39800680.phase,HTTP 404: object not found
39803680,2021,58,event_phases/2021/2021_058/39803680.phase,data/scedc/event_phases/2021/2021_058/39803680.phase,reused,,6533,,
39572231,2021,64,event_phases/2021/2021_064/39572231.phase,data/scedc/event_phases/2021/2021_064/39572231.phase,failed,404,0,https://scedc-pds.s3.amazonaws.com/event_phases/2021/2021_064/39572231.phase,HTTP 404: object not found
39572823,2021,64,event_phases/2021/2021_064/39572823.phase,data/scedc/event_phases/2021/2021_064/39572823.phase,failed,404,0,https://scedc-pds.s3.amazonaws.com/event_phases/2021/2021_064/39572823.phase,HTTP 404: object not found
39596151,2021,90,event_phases/2021/2021_090/39596151.phase,data/scedc/event_phases/2021/2021_090/39596151.phase,reused,,5333,,
39596607,2021,90,event_phases/2021/2021_090/39596607.phase,data/scedc/event_phases/2021/2021_090/39596607.phase,reused,,4433,,
39839912,2021,95,event_phases/2021/2021_095/39839912.phase,data/scedc/event_phases/2021/2021_095/39839912.phase,failed,404,0,https://scedc-pds.s3.amazonaws.com/event_phases/2021/2021_095/39839912.phase,HTTP 404: object not found
39841832,2021,97,event_phases/2021/2021_097/39841832.phase,data/scedc/event_phases/2021/2021_097/39841832.phase,reused,,6533,,
39842872,2021,98,event_phases/2021/2021_098/39842872.phase,data/scedc/event_phases/2021/2021_098/39842872.phase,reused,,7508,,
39843952,2021,98,event_phases/2021/2021_098/39843952.phase,data/scedc/event_phases/2021/2021_098/39843952.phase,reused,,6158,,
39846664,2021,101,event_phases/2021/2021_101/39846664.phase,data/scedc/event_phases/2021/2021_101/39846664.phase,reused,,6308,,
39851144,2021,105,event_phases/2021/2021_105/39851144.phase,data/scedc/event_phases/2021/2021_105/39851144.phase,failed,404,0,https://scedc-pds.s3.amazonaws.com/event_phases/2021/2021_105/39851144.phase,"SSLError: HTTPSConnectionPool(host='scedc-pds.s3.amazonaws.com', port=443): Max retries exceeded with url: /event_phases/2021/2021_105/39851144.phase (Caused by SSLError(SSLEOFError(8, '[SSL: UNEXPECTED_EOF_WHILE_READING] EOF occurred in violation of protocol (_ssl.c:1006)')))"
39625767,2021,113,event_phases/2021/2021_113/39625767.phase,data/scedc/event_phases/2021/2021_113/39625767.phase,reused,,3908,,
39634983,2021,119,event_phases/2021/2021_119/39634983.phase,data/scedc/event_phases/2021/2021_119/39634983.phase,reused,,6833,,
39643455,2021,126,event_phases/2021/2021_126/39643455.phase,data/scedc/event_phases/2021/2021_126/39643455.phase,failed,404,0,https://scedc-pds.s3.amazonaws.com/event_phases/2021/2021_126/39643455.phase,HTTP 404: object not found
39647327,2021,130,event_phases/2021/2021_130/39647327.phase,data/scedc/event_phases/2021/2021_130/39647327.phase,reused,,3083,,
39658359,2021,139,event_phases/2021/2021_139/39658359.phase,data/scedc/event_phases/2021/2021_139/39658359.phase,failed,404,0,https://scedc-pds.s3.amazonaws.com/event_phases/2021/2021_139/39658359.phase,HTTP 404: object not found
39659271,2021,140,event_phases/2021/2021_140/39659271.phase,data/scedc/event_phases/2021/2021_140/39659271.phase,failed,404,0,https://scedc-pds.s3.amazonaws.com/event_phases/2021/2021_140/39659271.phase,HTTP 404: object not found
39906312,2021,147,event_phases/2021/2021_147/39906312.phase,data/scedc/event_phases/2021/2021_147/39906312.phase,failed,404,0,https://scedc-pds.s3.amazonaws.com/event_phases/2021/2021_147/39906312.phase,HTTP 404: object not found
39906384,2021,147,event_phases/2021/2021_147/39906384.phase,data/scedc/event_phases/2021/2021_147/39906384.phase,failed,404,0,https://scedc-pds.s3.amazonaws.com/event_phases/2021/2021_147/39906384.phase,"SSLError: HTTPSConnectionPool(host='scedc-pds.s3.amazonaws.com', port=443): Max retries exceeded with url: /event_phases/2021/2021_147/39906384.phase (Caused by SSLError(SSLEOFError(8, '[SSL: UNEXPECTED_EOF_WHILE_READING] EOF occurred in violation of protocol (_ssl.c:1006)')))"
39909592,2021,149,event_phases/2021/2021_149/39909592.phase,data/scedc/event_phases/2021/2021_149/39909592.phase,reused,,2333,,
37327332,2021,156,event_phases/2021/2021_156/37327332.phase,data/scedc/event_phases/2021/2021_156/37327332.phase,reused,,1583,,
37327652,2021,156,event_phases/2021/2021_156/37327652.phase,data/scedc/event_phases/2021/2021_156/37327652.phase,reused,,7508,,
37327820,2021,156,event_phases/2021/2021_156/37327820.phase,data/scedc/event_phases/2021/2021_156/37327820.phase,reused,,5933,,
37329188,2021,156,event_phases/2021/2021_156/37329188.phase,data/scedc/event_phases/2021/2021_156/37329188.phase,reused,,1508,,
39919256,2021,156,event_phases/2021/2021_156/39919256.phase,data/scedc/event_phases/2021/2021_156/39919256.phase,reused,,4058,,
39919272,2021,156,event_phases/2021/2021_156/39919272.phase,data/scedc/event_phases/2021/2021_156/39919272.phase,reused,,2333,,
39919280,2021,156,event_phases/2021/2021_156/39919280.phase,data/scedc/event_phases/2021/2021_156/39919280.phase,reused,,4958,,
39919296,2021,156,event_phases/2021/2021_156/39919296.phase,data/scedc/event_phases/2021/2021_156/39919296.phase,reused,,1808,,
39919408,2021,156,event_phases/2021/2021_156/39919408.phase,data/scedc/event_phases/2021/2021_156/39919408.phase,reused,,5933,,
39919416,2021,156,event_phases/2021/2021_156/39919416.phase,data/scedc/event_phases/2021/2021_156/39919416.phase,reused,,5558,,
39924760,2021,157,event_phases/2021/2021_157/39924760.phase,data/scedc/event_phases/2021/2021_157/39924760.phase,reused,,5708,,
39936208,2021,163,event_phases/2021/2021_163/39936208.phase,data/scedc/event_phases/2021/2021_163/39936208.phase,reused,,5708,,
39936216,2021,163,event_phases/2021/2021_163/39936216.phase,data/scedc/event_phases/2021/2021_163/39936216.phase,reused,,4883,,
39936224,2021,163,event_phases/2021/2021_163/39936224.phase,data/scedc/event_phases/2021/2021_163/39936224.phase,reused,,3308,,
39708967,2021,167,event_phases/2021/2021_167/39708967.phase,data/scedc/event_phases/2021/2021_167/39708967.phase,reused,,5783,,
39709511,2021,168,event_phases/2021/2021_168/39709511.phase,data/scedc/event_phases/2021/2021_168/39709511.phase,reused,,4883,,
39710335,2021,168,event_phases/2021/2021_168/39710335.phase,data/scedc/event_phases/2021/2021_168/39710335.phase,reused,,5258,,
39711727,2021,169,event_phases/2021/2021_169/39711727.phase,data/scedc/event_phases/2021/2021_169/39711727.phase,reused,,6533,,
39715855,2021,174,event_phases/2021/2021_174/39715855.phase,data/scedc/event_phases/2021/2021_174/39715855.phase,reused,,4883,,
39718407,2021,176,event_phases/2021/2021_176/39718407.phase,data/scedc/event_phases/2021/2021_176/39718407.phase,reused,,4958,,
39725271,2021,181,event_phases/2021/2021_181/39725271.phase,data/scedc/event_phases/2021/2021_181/39725271.phase,reused,,6533,,
39730287,2021,187,event_phases/2021/2021_187/39730287.phase,data/scedc/event_phases/2021/2021_187/39730287.phase,reused,,7133,,
39749151,2021,203,event_phases/2021/2021_203/39749151.phase,data/scedc/event_phases/2021/2021_203/39749151.phase,reused,,6908,,
39755903,2021,209,event_phases/2021/2021_209/39755903.phase,data/scedc/event_phases/2021/2021_209/39755903.phase,failed,404,0,https://scedc-pds.s3.amazonaws.com/event_phases/2021/2021_209/39755903.phase,"SSLError: HTTPSConnectionPool(host='scedc-pds.s3.amazonaws.com', port=443): Max retries exceeded with url: /event_phases/2021/2021_209/39755903.phase (Caused by SSLError(SSLEOFError(8, '[SSL: UNEXPECTED_EOF_WHILE_READING] EOF occurred in violation of protocol (_ssl.c:1006)')))"
39761199,2021,214,event_phases/2021/2021_214/39761199.phase,data/scedc/event_phases/2021/2021_214/39761199.phase,reused,,2933,,
39766271,2021,219,event_phases/2021/2021_219/39766271.phase,data/scedc/event_phases/2021/2021_219/39766271.phase,reused,,6158,,
40024976,2021,240,event_phases/2021/2021_240/40024976.phase,data/scedc/event_phases/2021/2021_240/40024976.phase,reused,,5333,,
40027600,2021,242,event_phases/2021/2021_242/40027600.phase,data/scedc/event_phases/2021/2021_242/40027600.phase,reused,,7133,,
40034008,2021,248,event_phases/2021/2021_248/40034008.phase,data/scedc/event_phases/2021/2021_248/40034008.phase,reused,,6533,,
40037288,2021,251,event_phases/2021/2021_251/40037288.phase,data/scedc/event_phases/2021/2021_251/40037288.phase,reused,,4583,,
39811695,2021,260,event_phases/2021/2021_260/39811695.phase,data/scedc/event_phases/2021/2021_260/39811695.phase,reused,,6308,,
39818327,2021,267,event_phases/2021/2021_267/39818327.phase,data/scedc/event_phases/2021/2021_267/39818327.phase,failed,404,0,https://scedc-pds.s3.amazonaws.com/event_phases/2021/2021_267/39818327.phase,HTTP 404: object not found
40068112,2021,284,event_phases/2021/2021_284/40068112.phase,data/scedc/event_phases/2021/2021_284/40068112.phase,reused,,6308,,
39835791,2021,290,event_phases/2021/2021_290/39835791.phase,data/scedc/event_phases/2021/2021_290/39835791.phase,reused,,6533,,
39836495,2021,291,event_phases/2021/2021_291/39836495.phase,data/scedc/event_phases/2021/2021_291/39836495.phase,failed,404,0,https://scedc-pds.s3.amazonaws.com/event_phases/2021/2021_291/39836495.phase,HTTP 404: object not found
39840559,2021,296,event_phases/2021/2021_296/39840559.phase,data/scedc/event_phases/2021/2021_296/39840559.phase,reused,,4283,,
39843975,2021,302,event_phases/2021/2021_302/39843975.phase,data/scedc/event_phases/2021/2021_302/39843975.phase,reused,,6083,,
39849903,2021,309,event_phases/2021/2021_309/39849903.phase,data/scedc/event_phases/2021/2021_309/39849903.phase,reused,,4433,,
39875135,2021,335,event_phases/2021/2021_335/39875135.phase,data/scedc/event_phases/2021/2021_335/39875135.phase,reused,,6383,,
39878511,2021,338,event_phases/2021/2021_338/39878511.phase,data/scedc/event_phases/2021/2021_338/39878511.phase,reused,,6683,,
39878559,2021,338,event_phases/2021/2021_338/39878559.phase,data/scedc/event_phases/2021/2021_338/39878559.phase,reused,,6533,,
39881343,2021,341,event_phases/2021/2021_341/39881343.phase,data/scedc/event_phases/2021/2021_341/39881343.phase,reused,,3008,,
40128720,2021,350,event_phases/2021/2021_350/40128720.phase,data/scedc/event_phases/2021/2021_350/40128720.phase,failed,404,0,https://scedc-pds.s3.amazonaws.com/event_phases/2021/2021_350/40128720.phase,HTTP 404: object not found
40130936,2021,353,event_phases/2021/2021_353/40130936.phase,data/scedc/event_phases/2021/2021_353/40130936.phase,reused,,6008,,
39899591,2021,365,event_phases/2021/2021_365/39899591.phase,data/scedc/event_phases/2021/2021_365/39899591.phase,failed,404,0,https://scedc-pds.s3.amazonaws.com/event_phases/2021/2021_365/39899591.phase,HTTP 404: object not found
39901543,2022,3,event_phases/2022/2022_003/39901543.phase,data/scedc/event_phases/2022/2022_003/39901543.phase,reused,,7133,,
39923623,2022,26,event_phases/2022/2022_026/39923623.phase,data/scedc/event_phases/2022/2022_026/39923623.phase,failed,404,0,https://scedc-pds.s3.amazonaws.com/event_phases/2022/2022_026/39923623.phase,HTTP 404: object not found
39923631,2022,26,event_phases/2022/2022_026/39923631.phase,data/scedc/event_phases/2022/2022_026/39923631.phase,failed,404,0,https://scedc-pds.s3.amazonaws.com/event_phases/2022/2022_026/39923631.phase,"SSLError: HTTPSConnectionPool(host='scedc-pds.s3.amazonaws.com', port=443): Max retries exceeded with url: /event_phases/2022/2022_026/39923631.phase (Caused by SSLError(SSLEOFError(8, '[SSL: UNEXPECTED_EOF_WHILE_READING] EOF occurred in violation of protocol (_ssl.c:1006)')))"
39923679,2022,26,event_phases/2022/2022_026/39923679.phase,data/scedc/event_phases/2022/2022_026/39923679.phase,failed,404,0,https://scedc-pds.s3.amazonaws.com/event_phases/2022/2022_026/39923679.phase,HTTP 404: object not found
40188560,2022,49,event_phases/2022/2022_049/40188560.phase,data/scedc/event_phases/2022/2022_049/40188560.phase,failed,404,0,https://scedc-pds.s3.amazonaws.com/event_phases/2022/2022_049/40188560.phase,HTTP 404: object not found
40195880,2022,59,event_phases/2022/2022_059/40195880.phase,data/scedc/event_phases/2022/2022_059/40195880.phase,reused,,7058,,
39968663,2022,74,event_phases/2022/2022_074/39968663.phase,data/scedc/event_phases/2022/2022_074/39968663.phase,reused,,5933,,
39985119,2022,93,event_phases/2022/2022_093/39985119.phase,data/scedc/event_phases/2022/2022_093/39985119.phase,reused,,6683,,
40240528,2022,108,event_phases/2022/2022_108/40240528.phase,data/scedc/event_phases/2022/2022_108/40240528.phase,reused,,4733,,
40241880,2022,110,event_phases/2022/2022_110/40241880.phase,data/scedc/event_phases/2022/2022_110/40241880.phase,reused,,7208,,
40242720,2022,110,event_phases/2022/2022_110/40242720.phase,data/scedc/event_phases/2022/2022_110/40242720.phase,reused,,6608,,
40255392,2022,130,event_phases/2022/2022_130/40255392.phase,data/scedc/event_phases/2022/2022_130/40255392.phase,failed,404,0,https://scedc-pds.s3.amazonaws.com/event_phases/2022/2022_130/40255392.phase,"SSLError: HTTPSConnectionPool(host='scedc-pds.s3.amazonaws.com', port=443): Max retries exceeded with url: /event_phases/2022/2022_130/40255392.phase (Caused by SSLError(SSLEOFError(8, '[SSL: UNEXPECTED_EOF_WHILE_READING] EOF occurred in violation of protocol (_ssl.c:1006)')))"
40255408,2022,130,event_phases/2022/2022_130/40255408.phase,data/scedc/event_phases/2022/2022_130/40255408.phase,failed,404,0,https://scedc-pds.s3.amazonaws.com/event_phases/2022/2022_130/40255408.phase,HTTP 404: object not found
40017815,2022,133,event_phases/2022/2022_133/40017815.phase,data/scedc/event_phases/2022/2022_133/40017815.phase,reused,,6458,,
40022183,2022,139,event_phases/2022/2022_139/40022183.phase,data/scedc/event_phases/2022/2022_139/40022183.phase,failed,404,0,https://scedc-pds.s3.amazonaws.com/event_phases/2022/2022_139/40022183.phase,HTTP 404: object not found
40027143,2022,146,event_phases/2022/2022_146/40027143.phase,data/scedc/event_phases/2022/2022_146/40027143.phase,failed,404,0,https://scedc-pds.s3.amazonaws.com/event_phases/2022/2022_146/40027143.phase,HTTP 404: object not found
40036375,2022,159,event_phases/2022/2022_159/40036375.phase,data/scedc/event_phases/2022/2022_159/40036375.phase,reused,,7283,,
40039007,2022,163,event_phases/2022/2022_163/40039007.phase,data/scedc/event_phases/2022/2022_163/40039007.phase,reused,,3833,,
40040359,2022,166,event_phases/2022/2022_166/40040359.phase,data/scedc/event_phases/2022/2022_166/40040359.phase,failed,404,0,https://scedc-pds.s3.amazonaws.com/event_phases/2022/2022_166/40040359.phase,"SSLError: HTTPSConnectionPool(host='scedc-pds.s3.amazonaws.com', port=443): Max retries exceeded with url: /event_phases/2022/2022_166/40040359.phase (Caused by SSLError(SSLEOFError(8, '[SSL: UNEXPECTED_EOF_WHILE_READING] EOF occurred in violation of protocol (_ssl.c:1006)')))"
40285368,2022,167,event_phases/2022/2022_167/40285368.phase,data/scedc/event_phases/2022/2022_167/40285368.phase,failed,404,0,https://scedc-pds.s3.amazonaws.com/event_phases/2022/2022_167/40285368.phase,HTTP 404: object not found
40287560,2022,171,event_phases/2022/2022_171/40287560.phase,data/scedc/event_phases/2022/2022_171/40287560.phase,reused,,4733,,
40296688,2022,186,event_phases/2022/2022_186/40296688.phase,data/scedc/event_phases/2022/2022_186/40296688.phase,reused,,4883,,
40302920,2022,194,event_phases/2022/2022_194/40302920.phase,data/scedc/event_phases/2022/2022_194/40302920.phase,reused,,2183,,
40068679,2022,205,event_phases/2022/2022_205/40068679.phase,data/scedc/event_phases/2022/2022_205/40068679.phase,reused,,4283,,
40325048,2022,225,event_phases/2022/2022_225/40325048.phase,data/scedc/event_phases/2022/2022_225/40325048.phase,reused,,5708,,
40334320,2022,242,event_phases/2022/2022_242/40334320.phase,data/scedc/event_phases/2022/2022_242/40334320.phase,reused,,4583,,
40103815,2022,264,event_phases/2022/2022_264/40103815.phase,data/scedc/event_phases/2022/2022_264/40103815.phase,reused,,4658,,
40355512,2022,277,event_phases/2022/2022_277/40355512.phase,data/scedc/event_phases/2022/2022_277/40355512.phase,reused,,3908,,
40358328,2022,282,event_phases/2022/2022_282/40358328.phase,data/scedc/event_phases/2022/2022_282/40358328.phase,reused,,4958,,
40131047,2022,315,event_phases/2022/2022_315/40131047.phase,data/scedc/event_phases/2022/2022_315/40131047.phase,reused,,5933,,
40142455,2022,340,event_phases/2022/2022_340/40142455.phase,data/scedc/event_phases/2022/2022_340/40142455.phase,reused,,4508,,
40153431,2023,4,event_phases/2023/2023_004/40153431.phase,data/scedc/event_phases/2023/2023_004/40153431.phase,reused,,3758,,
40153687,2023,4,event_phases/2023/2023_004/40153687.phase,data/scedc/event_phases/2023/2023_004/40153687.phase,reused,,4583,,
40155183,2023,10,event_phases/2023/2023_010/40155183.phase,data/scedc/event_phases/2023/2023_010/40155183.phase,reused,,3608,,
40403984,2023,19,event_phases/2023/2023_019/40403984.phase,data/scedc/event_phases/2023/2023_019/40403984.phase,reused,,5033,,
40165247,2023,33,event_phases/2023/2023_033/40165247.phase,data/scedc/event_phases/2023/2023_033/40165247.phase,reused,,6008,,
40419408,2023,59,event_phases/2023/2023_059/40419408.phase,data/scedc/event_phases/2023/2023_059/40419408.phase,reused,,5633,,
40419496,2023,59,event_phases/2023/2023_059/40419496.phase,data/scedc/event_phases/2023/2023_059/40419496.phase,reused,,5333,,
40421656,2023,66,event_phases/2023/2023_066/40421656.phase,data/scedc/event_phases/2023/2023_066/40421656.phase,reused,,5258,,
40188871,2023,83,event_phases/2023/2023_083/40188871.phase,data/scedc/event_phases/2023/2023_083/40188871.phase,reused,,6383,,
40189967,2023,85,event_phases/2023/2023_085/40189967.phase,data/scedc/event_phases/2023/2023_085/40189967.phase,reused,,4733,,
40438576,2023,99,event_phases/2023/2023_099/40438576.phase,data/scedc/event_phases/2023/2023_099/40438576.phase,reused,,6383,,
40441800,2023,107,event_phases/2023/2023_107/40441800.phase,data/scedc/event_phases/2023/2023_107/40441800.phase,reused,,2783,,
40441936,2023,107,event_phases/2023/2023_107/40441936.phase,data/scedc/event_phases/2023/2023_107/40441936.phase,reused,,5858,,
40212415,2023,118,event_phases/2023/2023_118/40212415.phase,data/scedc/event_phases/2023/2023_118/40212415.phase,reused,,6458,,
40214159,2023,119,event_phases/2023/2023_119/40214159.phase,data/scedc/event_phases/2023/2023_119/40214159.phase,reused,,6458,,
40214511,2023,119,event_phases/2023/2023_119/40214511.phase,data/scedc/event_phases/2023/2023_119/40214511.phase,reused,,6008,,
40214943,2023,119,event_phases/2023/2023_119/40214943.phase,data/scedc/event_phases/2023/2023_119/40214943.phase,reused,,3983,,
40215415,2023,120,event_phases/2023/2023_120/40215415.phase,data/scedc/event_phases/2023/2023_120/40215415.phase,reused,,6233,,
40215535,2023,120,event_phases/2023/2023_120/40215535.phase,data/scedc/event_phases/2023/2023_120/40215535.phase,reused,,6458,,
40215687,2023,120,event_phases/2023/2023_120/40215687.phase,data/scedc/event_phases/2023/2023_120/40215687.phase,reused,,6758,,
40215743,2023,120,event_phases/2023/2023_120/40215743.phase,data/scedc/event_phases/2023/2023_120/40215743.phase,reused,,5108,,
40215983,2023,120,event_phases/2023/2023_120/40215983.phase,data/scedc/event_phases/2023/2023_120/40215983.phase,reused,,7283,,
40217047,2023,122,event_phases/2023/2023_122/40217047.phase,data/scedc/event_phases/2023/2023_122/40217047.phase,reused,,4808,,
40217695,2023,123,event_phases/2023/2023_123/40217695.phase,data/scedc/event_phases/2023/2023_123/40217695.phase,reused,,5183,,
40217951,2023,123,event_phases/2023/2023_123/40217951.phase,data/scedc/event_phases/2023/2023_123/40217951.phase,reused,,4808,,
40238455,2023,151,event_phases/2023/2023_151/40238455.phase,data/scedc/event_phases/2023/2023_151/40238455.phase,reused,,4658,,
40488416,2023,169,event_phases/2023/2023_169/40488416.phase,data/scedc/event_phases/2023/2023_169/40488416.phase,reused,,5408,,
40500864,2023,181,event_phases/2023/2023_181/40500864.phase,data/scedc/event_phases/2023/2023_181/40500864.phase,reused,,5783,,
39620202,2023,205,event_phases/2023/2023_205/39620202.phase,data/scedc/event_phases/2023/2023_205/39620202.phase,reused,,5183,,
39628458,2023,215,event_phases/2023/2023_215/39628458.phase,data/scedc/event_phases/2023/2023_215/39628458.phase,reused,,7433,,
40531712,2023,220,event_phases/2023/2023_220/40531712.phase,data/scedc/event_phases/2023/2023_220/40531712.phase,reused,,4658,,
40531840,2023,220,event_phases/2023/2023_220/40531840.phase,data/scedc/event_phases/2023/2023_220/40531840.phase,reused,,4583,,
40533536,2023,222,event_phases/2023/2023_222/40533536.phase,data/scedc/event_phases/2023/2023_222/40533536.phase,reused,,2483,,
40538616,2023,229,event_phases/2023/2023_229/40538616.phase,data/scedc/event_phases/2023/2023_229/40538616.phase,reused,,2108,,
39643754,2023,230,event_phases/2023/2023_230/39643754.phase,data/scedc/event_phases/2023/2023_230/39643754.phase,reused,,3833,,
39643994,2023,230,event_phases/2023/2023_230/39643994.phase,data/scedc/event_phases/2023/2023_230/39643994.phase,reused,,2033,,
39644162,2023,230,event_phases/2023/2023_230/39644162.phase,data/scedc/event_phases/2023/2023_230/39644162.phase,reused,,5033,,
39645394,2023,232,event_phases/2023/2023_232/39645394.phase,data/scedc/event_phases/2023/2023_232/39645394.phase,reused,,4133,,
39658674,2023,248,event_phases/2023/2023_248/39658674.phase,data/scedc/event_phases/2023/2023_248/39658674.phase,reused,,3983,,
40573224,2023,270,event_phases/2023/2023_270/40573224.phase,data/scedc/event_phases/2023/2023_270/40573224.phase,reused,,4733,,
40583304,2023,290,event_phases/2023/2023_290/40583304.phase,data/scedc/event_phases/2023/2023_290/40583304.phase,reused,,6608,,
40588312,2023,299,event_phases/2023/2023_299/40588312.phase,data/scedc/event_phases/2023/2023_299/40588312.phase,reused,,6383,,
40590352,2023,301,event_phases/2023/2023_301/40590352.phase,data/scedc/event_phases/2023/2023_301/40590352.phase,reused,,3608,,
37591324,2023,321,event_phases/2023/2023_321/37591324.phase,data/scedc/event_phases/2023/2023_321/37591324.phase,reused,,1958,,
39714146,2023,321,event_phases/2023/2023_321/39714146.phase,data/scedc/event_phases/2023/2023_321/39714146.phase,reused,,4958,,
40451647,2023,361,event_phases/2023/2023_361/40451647.phase,data/scedc/event_phases/2023/2023_361/40451647.phase,reused,,7058,,
40451791,2023,361,event_phases/2023/2023_361/40451791.phase,data/scedc/event_phases/2023/2023_361/40451791.phase,reused,,5183,,
40451871,2023,361,event_phases/2023/2023_361/40451871.phase,data/scedc/event_phases/2023/2023_361/40451871.phase,reused,,4583,,
40452647,2023,364,event_phases/2023/2023_364/40452647.phase,data/scedc/event_phases/2023/2023_364/40452647.phase,reused,,6908,,
40460015,2024,15,event_phases/2024/2024_015/40460015.phase,data/scedc/event_phases/2024/2024_015/40460015.phase,reused,,1208,,
40663112,2024,36,event_phases/2024/2024_036/40663112.phase,data/scedc/event_phases/2024/2024_036/40663112.phase,reused,,6383,,
40665224,2024,41,event_phases/2024/2024_041/40665224.phase,data/scedc/event_phases/2024/2024_041/40665224.phase,reused,,3833,,
37623804,2024,43,event_phases/2024/2024_043/37623804.phase,data/scedc/event_phases/2024/2024_043/37623804.phase,reused,,2858,,
40666296,2024,43,event_phases/2024/2024_043/40666296.phase,data/scedc/event_phases/2024/2024_043/40666296.phase,reused,,3233,,
40666304,2024,43,event_phases/2024/2024_043/40666304.phase,data/scedc/event_phases/2024/2024_043/40666304.phase,reused,,3758,,
40666312,2024,43,event_phases/2024/2024_043/40666312.phase,data/scedc/event_phases/2024/2024_043/40666312.phase,reused,,5783,,
40666328,2024,43,event_phases/2024/2024_043/40666328.phase,data/scedc/event_phases/2024/2024_043/40666328.phase,reused,,5258,,
40666376,2024,43,event_phases/2024/2024_043/40666376.phase,data/scedc/event_phases/2024/2024_043/40666376.phase,reused,,5033,,
40673600,2024,52,event_phases/2024/2024_052/40673600.phase,data/scedc/event_phases/2024/2024_052/40673600.phase,reused,,4583,,
40685504,2024,71,event_phases/2024/2024_071/40685504.phase,data/scedc/event_phases/2024/2024_071/40685504.phase,reused,,5108,,
40691096,2024,80,event_phases/2024/2024_080/40691096.phase,data/scedc/event_phases/2024/2024_080/40691096.phase,reused,,7133,,
40708192,2024,100,event_phases/2024/2024_100/40708192.phase,data/scedc/event_phases/2024/2024_100/40708192.phase,reused,,5033,,
40714048,2024,107,event_phases/2024/2024_107/40714048.phase,data/scedc/event_phases/2024/2024_107/40714048.phase,reused,,5408,,
40714056,2024,107,event_phases/2024/2024_107/40714056.phase,data/scedc/event_phases/2024/2024_107/40714056.phase,reused,,6158,,
40714072,2024,107,event_phases/2024/2024_107/40714072.phase,data/scedc/event_phases/2024/2024_107/40714072.phase,reused,,5183,,
40714288,2024,107,event_phases/2024/2024_107/40714288.phase,data/scedc/event_phases/2024/2024_107/40714288.phase,reused,,5933,,
40556087,2024,114,event_phases/2024/2024_114/40556087.phase,data/scedc/event_phases/2024/2024_114/40556087.phase,reused,,2108,,
40556879,2024,115,event_phases/2024/2024_115/40556879.phase,data/scedc/event_phases/2024/2024_115/40556879.phase,reused,,3233,,
40742680,2024,129,event_phases/2024/2024_129/40742680.phase,data/scedc/event_phases/2024/2024_129/40742680.phase,reused,,6158,,
37653444,2024,133,event_phases/2024/2024_133/37653444.phase,data/scedc/event_phases/2024/2024_133/37653444.phase,reused,,2933,,
37653452,2024,133,event_phases/2024/2024_133/37653452.phase,data/scedc/event_phases/2024/2024_133/37653452.phase,reused,,3083,,
37653460,2024,133,event_phases/2024/2024_133/37653460.phase,data/scedc/event_phases/2024/2024_133/37653460.phase,reused,,1808,,
37653884,2024,133,event_phases/2024/2024_133/37653884.phase,data/scedc/event_phases/2024/2024_133/37653884.phase,reused,,2183,,
40746800,2024,133,event_phases/2024/2024_133/40746800.phase,data/scedc/event_phases/2024/2024_133/40746800.phase,reused,,5108,,
40746912,2024,133,event_phases/2024/2024_133/40746912.phase,data/scedc/event_phases/2024/2024_133/40746912.phase,reused,,6008,,
40746920,2024,133,event_phases/2024/2024_133/40746920.phase,data/scedc/event_phases/2024/2024_133/40746920.phase,reused,,3908,,
40746928,2024,133,event_phases/2024/2024_133/40746928.phase,data/scedc/event_phases/2024/2024_133/40746928.phase,reused,,3833,,
40746952,2024,133,event_phases/2024/2024_133/40746952.phase,data/scedc/event_phases/2024/2024_133/40746952.phase,reused,,6233,,
40746992,2024,133,event_phases/2024/2024_133/40746992.phase,data/scedc/event_phases/2024/2024_133/40746992.phase,reused,,5858,,
40747016,2024,133,event_phases/2024/2024_133/40747016.phase,data/scedc/event_phases/2024/2024_133/40747016.phase,reused,,5858,,
40747064,2024,133,event_phases/2024/2024_133/40747064.phase,data/scedc/event_phases/2024/2024_133/40747064.phase,reused,,5633,,
40747088,2024,133,event_phases/2024/2024_133/40747088.phase,data/scedc/event_phases/2024/2024_133/40747088.phase,reused,,5783,,
37653724,2024,134,event_phases/2024/2024_134/37653724.phase,data/scedc/event_phases/2024/2024_134/37653724.phase,reused,,2783,,
40747376,2024,134,event_phases/2024/2024_134/40747376.phase,data/scedc/event_phases/2024/2024_134/40747376.phase,reused,,6233,,
40747544,2024,134,event_phases/2024/2024_134/40747544.phase,data/scedc/event_phases/2024/2024_134/40747544.phase,reused,,6458,,
40747552,2024,134,event_phases/2024/2024_134/40747552.phase,data/scedc/event_phases/2024/2024_134/40747552.phase,reused,,5633,,
40582559,2024,135,event_phases/2024/2024_135/40582559.phase,data/scedc/event_phases/2024/2024_135/40582559.phase,reused,,5408,,
40590943,2024,139,event_phases/2024/2024_139/40590943.phase,data/scedc/event_phases/2024/2024_139/40590943.phase,reused,,7133,,
40591063,2024,139,event_phases/2024/2024_139/40591063.phase,data/scedc/event_phases/2024/2024_139/40591063.phase,reused,,4133,,
40592599,2024,140,event_phases/2024/2024_140/40592599.phase,data/scedc/event_phases/2024/2024_140/40592599.phase,reused,,6083,,
40610487,2024,154,event_phases/2024/2024_154/40610487.phase,data/scedc/event_phases/2024/2024_154/40610487.phase,reused,,5558,,
37665244,2024,157,event_phases/2024/2024_157/37665244.phase,data/scedc/event_phases/2024/2024_157/37665244.phase,reused,,3083,,
37665252,2024,157,event_phases/2024/2024_157/37665252.phase,data/scedc/event_phases/2024/2024_157/37665252.phase,reused,,3383,,
40614631,2024,157,event_phases/2024/2024_157/40614631.phase,data/scedc/event_phases/2024/2024_157/40614631.phase,reused,,3758,,
40614639,2024,157,event_phases/2024/2024_157/40614639.phase,data/scedc/event_phases/2024/2024_157/40614639.phase,reused,,3008,,
40614647,2024,157,event_phases/2024/2024_157/40614647.phase,data/scedc/event_phases/2024/2024_157/40614647.phase,reused,,3383,,
40614823,2024,157,event_phases/2024/2024_157/40614823.phase,data/scedc/event_phases/2024/2024_157/40614823.phase,reused,,5333,,
40800256,2024,168,event_phases/2024/2024_168/40800256.phase,data/scedc/event_phases/2024/2024_168/40800256.phase,reused,,5558,,
40813512,2024,181,event_phases/2024/2024_181/40813512.phase,data/scedc/event_phases/2024/2024_181/40813512.phase,reused,,6308,,
40660767,2024,198,event_phases/2024/2024_198/40660767.phase,data/scedc/event_phases/2024/2024_198/40660767.phase,reused,,5108,,
40669943,2024,206,event_phases/2024/2024_206/40669943.phase,data/scedc/event_phases/2024/2024_206/40669943.phase,reused,,3158,,
40675215,2024,211,event_phases/2024/2024_211/40675215.phase,data/scedc/event_phases/2024/2024_211/40675215.phase,reused,,7508,,
40675231,2024,211,event_phases/2024/2024_211/40675231.phase,data/scedc/event_phases/2024/2024_211/40675231.phase,reused,,7208,,
37678844,2024,220,event_phases/2024/2024_220/37678844.phase,data/scedc/event_phases/2024/2024_220/37678844.phase,reused,,1508,,
37679332,2024,220,event_phases/2024/2024_220/37679332.phase,data/scedc/event_phases/2024/2024_220/37679332.phase,reused,,2858,,
37679660,2024,220,event_phases/2024/2024_220/37679660.phase,data/scedc/event_phases/2024/2024_220/37679660.phase,reused,,2558,,
40865192,2024,220,event_phases/2024/2024_220/40865192.phase,data/scedc/event_phases/2024/2024_220/40865192.phase,reused,,6008,,
40865216,2024,220,event_phases/2024/2024_220/40865216.phase,data/scedc/event_phases/2024/2024_220/40865216.phase,reused,,3458,,
40865232,2024,220,event_phases/2024/2024_220/40865232.phase,data/scedc/event_phases/2024/2024_220/40865232.phase,reused,,5783,,
40865248,2024,220,event_phases/2024/2024_220/40865248.phase,data/scedc/event_phases/2024/2024_220/40865248.phase,reused,,4058,,
40865280,2024,220,event_phases/2024/2024_220/40865280.phase,data/scedc/event_phases/2024/2024_220/40865280.phase,reused,,6608,,
40866368,2024,220,event_phases/2024/2024_220/40866368.phase,data/scedc/event_phases/2024/2024_220/40866368.phase,reused,,4433,,
40866688,2024,220,event_phases/2024/2024_220/40866688.phase,data/scedc/event_phases/2024/2024_220/40866688.phase,reused,,3833,,
40868176,2024,220,event_phases/2024/2024_220/40868176.phase,data/scedc/event_phases/2024/2024_220/40868176.phase,reused,,6008,,
40868336,2024,220,event_phases/2024/2024_220/40868336.phase,data/scedc/event_phases/2024/2024_220/40868336.phase,reused,,3908,,
40869240,2024,221,event_phases/2024/2024_221/40869240.phase,data/scedc/event_phases/2024/2024_221/40869240.phase,reused,,6608,,
40869472,2024,221,event_phases/2024/2024_221/40869472.phase,data/scedc/event_phases/2024/2024_221/40869472.phase,reused,,6983,,
40697215,2024,224,event_phases/2024/2024_224/40697215.phase,data/scedc/event_phases/2024/2024_224/40697215.phase,reused,,4808,,
40708311,2024,233,event_phases/2024/2024_233/40708311.phase,data/scedc/event_phases/2024/2024_233/40708311.phase,reused,,7283,,
40746391,2024,270,event_phases/2024/2024_270/40746391.phase,data/scedc/event_phases/2024/2024_270/40746391.phase,reused,,6458,,
40752591,2024,280,event_phases/2024/2024_280/40752591.phase,data/scedc/event_phases/2024/2024_280/40752591.phase,reused,,3983,,
40755079,2024,283,event_phases/2024/2024_283/40755079.phase,data/scedc/event_phases/2024/2024_283/40755079.phase,reused,,6383,,
40755215,2024,283,event_phases/2024/2024_283/40755215.phase,data/scedc/event_phases/2024/2024_283/40755215.phase,reused,,6158,,
40958104,2024,294,event_phases/2024/2024_294/40958104.phase,data/scedc/event_phases/2024/2024_294/40958104.phase,reused,,5633,,
40965744,2024,301,event_phases/2024/2024_301/40965744.phase,data/scedc/event_phases/2024/2024_301/40965744.phase,reused,,6308,,
40966152,2024,302,event_phases/2024/2024_302/40966152.phase,data/scedc/event_phases/2024/2024_302/40966152.phase,reused,,6383,,
40792599,2024,318,event_phases/2024/2024_318/40792599.phase,data/scedc/event_phases/2024/2024_318/40792599.phase,reused,,4808,,
40989656,2024,333,event_phases/2024/2024_333/40989656.phase,data/scedc/event_phases/2024/2024_333/40989656.phase,reused,,1658,,
40995120,2024,340,event_phases/2024/2024_340/40995120.phase,data/scedc/event_phases/2024/2024_340/40995120.phase,reused,,2783,,
40827375,2024,357,event_phases/2024/2024_357/40827375.phase,data/scedc/event_phases/2024/2024_357/40827375.phase,reused,,6833,,
