event_id,phase_file_ok,n_nonempty_lines,n_parsed_phase_lines,n_p_stations,n_s_stations,n_valid_download_stations,n_matched_p_stations,n_matched_s_stations,parse_fraction,top_rejection_reason
14566876,True,39,38,32,6,47,12,3,0.9743589743589743,parsed
14568124,True,80,79,68,11,83,29,7,0.9875,parsed
14568516,True,79,78,62,16,136,22,8,0.9873417721518988,parsed
14568532,True,71,70,51,19,138,18,9,0.9859154929577465,parsed
14570732,True,61,60,50,10,58,17,4,0.9836065573770492,parsed
14570852,True,69,68,65,3,44,23,3,0.9855072463768116,parsed
10526285,True,55,54,47,7,114,18,4,0.9818181818181818,parsed
10526373,True,55,54,50,4,117,17,3,0.9818181818181818,parsed
10526413,True,69,68,55,13,117,19,6,0.9855072463768116,parsed
10526869,True,87,86,67,19,86,24,7,0.9885057471264368,parsed
10526965,True,59,58,54,4,83,17,4,0.9830508474576272,parsed
10527789,True,88,87,80,7,108,34,7,0.9886363636363636,parsed
10527997,True,80,79,53,26,114,18,12,0.9875,parsed
10528149,True,73,72,59,13,116,22,8,0.9863013698630136,parsed
10528517,True,73,72,57,15,116,21,10,0.9863013698630136,parsed
10528549,True,24,23,20,3,42,6,2,0.9583333333333334,parsed
10529677,True,76,75,60,15,117,24,8,0.9868421052631579,parsed
10530685,True,37,36,25,11,42,11,9,0.972972972972973,parsed
10535613,True,55,54,47,7,60,19,4,0.9818181818181818,parsed
10536629,True,38,37,34,3,60,11,2,0.9736842105263158,parsed
10536725,True,22,21,20,1,38,7,1,0.9545454545454546,parsed
10537093,True,35,34,24,10,90,12,6,0.9714285714285714,parsed
10537109,True,49,48,27,21,88,13,12,0.9795918367346939,parsed
14585204,True,42,41,25,16,92,10,8,0.9761904761904762,parsed
14586036,True,78,77,73,4,67,23,3,0.9871794871794872,parsed
14586308,True,31,30,27,3,47,6,2,0.967741935483871,parsed
10541133,True,44,43,36,7,37,8,3,0.9772727272727273,parsed
10541141,True,29,28,22,6,43,9,3,0.9655172413793104,parsed
10541845,True,67,66,48,18,85,16,8,0.9850746268656716,parsed
10542165,True,88,87,58,29,83,23,13,0.9886363636363636,parsed
10542181,True,47,46,34,12,94,17,9,0.9787234042553191,parsed
10542293,True,94,93,76,17,91,30,8,0.9893617021276596,parsed
10542533,True,62,61,35,26,76,14,11,0.9838709677419355,parsed
14594756,True,47,46,44,2,45,18,2,0.9787234042553191,parsed
14595164,True,55,54,36,18,108,17,13,0.9818181818181818,parsed
14595172,True,60,59,45,14,99,20,9,0.9833333333333333,parsed
14595468,True,63,62,44,18,106,21,13,0.9841269841269841,parsed
14595780,True,91,90,76,14,95,31,9,0.989010989010989,parsed
14596204,True,67,66,54,12,103,23,10,0.9850746268656716,parsed
14597804,True,58,57,41,16,106,20,12,0.9827586206896551,parsed
14597860,True,50,49,37,12,107,19,8,0.98,parsed
14598340,True,41,40,33,7,106,15,6,0.975609756097561,parsed
14598516,True,56,55,38,17,109,20,11,0.9821428571428571,parsed
14598524,True,70,69,39,30,118,27,28,0.9857142857142858,parsed
14598644,True,48,47,33,14,109,15,10,0.9791666666666666,parsed
14599396,True,97,96,68,28,95,22,10,0.9896907216494846,parsed
14601532,True,35,34,32,2,40,15,2,0.9714285714285714,parsed
14601748,True,24,23,20,3,42,5,1,0.9583333333333334,parsed
10145042,True,32,31,23,8,35,6,3,0.96875,parsed
14602556,True,44,43,36,7,57,15,6,0.9772727272727273,parsed
14602596,True,53,52,38,14,60,18,9,0.9811320754716981,parsed
10145122,True,50,49,38,11,33,14,7,0.98,parsed
14603180,True,26,25,18,7,39,10,4,0.9615384615384616,parsed
14603396,True,20,19,12,7,36,7,4,0.95,parsed
14603532,True,17,16,11,5,37,8,4,0.9411764705882353,parsed
14603884,True,37,36,30,6,74,12,4,0.972972972972973,parsed
14604260,True,34,33,21,12,87,10,7,0.9705882352941176,parsed
14604780,True,33,32,27,5,39,6,2,0.9696969696969697,parsed
14605036,True,51,50,41,9,83,18,8,0.9803921568627451,parsed
14605204,True,22,21,19,2,40,7,2,0.9545454545454546,parsed
14606268,True,52,51,39,12,34,10,7,0.9807692307692307,parsed
14607012,True,69,68,45,23,82,16,10,0.9855072463768116,parsed
14607188,True,21,20,17,3,41,7,3,0.9523809523809523,parsed
14607220,True,27,26,23,3,41,7,3,0.9629629629629629,parsed
14607364,True,20,19,16,3,35,6,0,0.95,parsed
14607396,True,37,36,27,9,41,13,7,0.972972972972973,parsed
14607412,True,28,27,20,7,38,9,4,0.9642857142857143,parsed
14607620,True,23,22,17,5,41,5,3,0.9565217391304348,parsed
10184394,True,29,28,16,12,55,8,7,0.9655172413793104,parsed
10184834,True,14,13,5,8,60,3,2,0.9285714285714286,parsed
10184870,True,17,16,8,8,58,3,4,0.9411764705882353,parsed
10184874,True,16,15,6,9,56,3,3,0.9375,parsed
14607684,True,26,25,15,10,113,8,6,0.9615384615384616,parsed
31957759,True,17,16,9,7,30,5,5,0.9411764705882353,parsed
14607700,True,17,16,13,3,51,4,2,0.9411764705882353,parsed
14607748,True,77,76,45,31,130,19,13,0.987012987012987,parsed
30277759,True,24,23,13,10,65,3,5,0.9583333333333334,parsed
31981759,True,19,18,9,9,65,4,2,0.9473684210526315,parsed
14607804,True,18,17,12,5,40,4,2,0.9444444444444444,parsed
31997759,True,13,12,9,3,58,3,1,0.9230769230769231,parsed
14607820,True,27,26,20,6,39,8,3,0.9629629629629629,parsed
14607836,True,17,16,12,4,40,6,3,0.9411764705882353,parsed
10169094,True,12,11,10,1,40,4,1,0.9166666666666666,parsed
14607844,True,16,15,9,6,103,5,5,0.9375,parsed
14607852,True,29,28,21,7,76,6,4,0.9655172413793104,parsed
10169098,True,17,16,11,5,60,4,4,0.9411764705882353,parsed
10169106,True,10,9,2,7,67,1,5,0.9,parsed
10169102,True,16,15,6,9,37,2,7,0.9375,parsed
14607868,True,22,21,15,6,71,8,4,0.9545454545454546,parsed
10169110,True,10,9,6,3,73,0,0,0.9,parsed
14607924,True,56,55,44,11,37,12,6,0.9821428571428571,parsed
10169114,True,18,17,11,6,53,3,3,0.9444444444444444,parsed
14607916,True,17,16,8,8,119,7,5,0.9411764705882353,parsed
14607956,True,38,37,24,11,41,6,7,0.9736842105263158,parsed
14607964,True,33,32,27,5,67,8,4,0.9696969696969697,parsed
10147522,True,17,16,13,3,71,4,1,0.9411764705882353,parsed
14607972,True,45,44,33,11,58,9,5,0.9777777777777777,parsed
10147530,True,8,7,5,2,62,1,0,0.875,parsed
14607988,True,17,16,13,3,56,3,2,0.9411764705882353,parsed
36880079,True,11,10,7,3,39,2,3,0.9090909090909091,parsed
14608004,True,20,19,16,3,30,4,2,0.95,parsed
30317767,True,20,19,11,8,39,3,4,0.95,parsed
14607996,True,19,18,9,9,36,2,6,0.9473684210526315,parsed
14608012,True,34,33,25,8,74,10,5,0.9705882352941176,parsed
10147762,True,11,10,8,2,66,1,0,0.9090909090909091,parsed
36880175,True,14,13,8,5,39,3,2,0.9285714285714286,parsed
14608020,True,12,11,8,3,30,2,1,0.9166666666666666,parsed
36880167,True,11,10,8,2,69,4,2,0.9090909090909091,parsed
10147770,True,14,13,10,3,56,4,2,0.9285714285714286,parsed
14608052,True,26,25,18,7,72,9,6,0.9615384615384616,parsed
14608076,True,30,29,22,6,69,7,5,0.9666666666666667,parsed
10169326,True,12,11,6,5,36,2,2,0.9166666666666666,parsed
10169330,True,19,18,8,10,61,2,5,0.9473684210526315,parsed
14608092,True,16,15,12,3,61,2,1,0.9375,parsed
14608116,True,43,42,34,8,65,11,7,0.9767441860465116,parsed
10169334,True,31,30,22,8,70,5,4,0.967741935483871,parsed
14608188,True,25,24,12,12,74,5,8,0.96,parsed
14608204,True,39,38,27,11,76,13,8,0.9743589743589743,parsed
14608212,True,27,26,21,4,64,5,3,0.9629629629629629,parsed
10170626,True,10,9,9,0,32,1,0,0.9,parsed
14608228,True,37,36,29,7,70,9,4,0.972972972972973,parsed
14608236,True,46,45,36,9,67,13,7,0.9782608695652174,parsed
14608244,True,40,39,25,13,75,8,6,0.975,parsed
14608252,True,17,16,11,5,39,5,2,0.9411764705882353,parsed
14608268,True,34,33,24,8,72,9,5,0.9705882352941176,parsed
14608276,True,29,28,12,16,65,4,8,0.9655172413793104,parsed
14608284,True,34,33,28,5,62,10,3,0.9705882352941176,parsed
14608292,True,36,35,27,8,72,8,5,0.9722222222222222,parsed
14608308,True,52,51,35,16,55,15,7,0.9807692307692307,parsed
30349759,True,21,20,14,6,41,5,5,0.9523809523809523,parsed
14608332,True,25,24,18,6,61,5,4,0.96,parsed
30373759,True,14,13,9,4,31,4,4,0.9285714285714286,parsed
14608404,True,54,53,37,16,68,14,13,0.9814814814814815,parsed
10170682,True,8,7,6,1,67,2,1,0.875,parsed
14608420,True,40,39,31,8,50,11,6,0.975,parsed
14608428,True,46,45,34,11,69,13,9,0.9782608695652174,parsed
14608452,True,39,38,30,8,62,13,7,0.9743589743589743,parsed
14608468,True,50,49,37,12,77,15,10,0.98,parsed
30557767,True,50,49,35,14,77,15,6,0.98,parsed
14608484,True,25,24,21,3,41,10,2,0.96,parsed
14608492,True,27,26,19,7,43,10,6,0.9629629629629629,parsed
30573759,True,19,18,12,6,35,4,4,0.9473684210526315,parsed
10170742,True,16,15,13,2,41,4,1,0.9375,parsed
14608532,True,38,37,24,13,68,8,7,0.9736842105263158,parsed
30589759,True,33,32,9,22,55,6,13,0.9696969696969697,parsed
14608612,True,39,38,28,10,66,11,9,0.9743589743589743,parsed
30613759,True,44,43,25,18,69,11,12,0.9772727272727273,parsed
14608644,True,33,32,24,8,66,9,4,0.9696969696969697,parsed
14608660,True,20,19,13,6,42,6,4,0.95,parsed
30621759,True,30,29,11,18,76,5,9,0.9666666666666667,parsed
14608700,True,24,23,16,7,40,3,3,0.9583333333333334,parsed
14608692,True,35,34,24,10,42,8,5,0.9714285714285714,parsed
30669759,True,12,11,6,5,33,2,5,0.9166666666666666,parsed
30653759,True,27,26,13,13,42,6,9,0.9629629629629629,parsed
30685759,True,13,12,9,3,41,1,1,0.9230769230769231,parsed
14608732,True,25,24,16,8,42,3,2,0.96,parsed
14608740,True,64,63,46,17,72,20,12,0.984375,parsed
30693759,True,19,18,12,6,70,5,3,0.9473684210526315,parsed
14608748,True,41,40,26,13,65,10,9,0.975609756097561,parsed
14608780,True,34,33,21,12,55,8,7,0.9705882352941176,parsed
14608804,True,49,48,35,13,64,12,8,0.9795918367346939,parsed
14608812,True,44,43,32,11,65,11,4,0.9772727272727273,parsed
14608828,True,31,30,24,6,56,5,1,0.967741935483871,parsed
10170842,True,13,12,11,1,62,3,0,0.9230769230769231,parsed
30213759,True,29,28,14,13,36,8,9,0.9655172413793104,parsed
10170846,True,30,29,20,9,72,7,6,0.9666666666666667,parsed
14608836,True,55,54,33,21,68,15,13,0.9818181818181818,parsed
14608844,True,25,24,17,7,68,6,6,0.96,parsed
10170882,True,25,24,11,13,67,5,7,0.96,parsed
10170886,True,14,13,9,4,38,1,2,0.9285714285714286,parsed
10170922,True,32,31,15,16,44,5,8,0.96875,parsed
14608884,True,100,99,63,36,79,22,16,0.99,parsed
10170966,True,9,8,7,1,46,1,0,0.8888888888888888,parsed
14608908,True,29,28,18,10,42,8,8,0.9655172413793104,parsed
10170982,True,12,11,9,2,61,2,0,0.9166666666666666,parsed
14608916,True,42,41,21,20,67,8,11,0.9761904761904762,parsed
30333759,True,35,34,30,4,39,11,3,0.9714285714285714,parsed
14608932,True,17,16,10,6,80,2,3,0.9411764705882353,parsed
10171002,True,17,16,11,4,38,1,1,0.9411764705882353,parsed
14608956,True,67,66,51,15,76,18,9,0.9850746268656716,parsed
10171042,True,21,20,19,1,69,6,1,0.9523809523809523,parsed
14608980,True,65,64,47,17,71,20,12,0.9846153846153847,parsed
10171046,True,12,11,9,2,44,3,2,0.9166666666666666,parsed
14608996,True,9,8,6,2,32,1,2,0.8888888888888888,parsed
14609012,True,30,29,18,11,37,5,6,0.9666666666666667,parsed
10148246,True,24,23,17,6,77,3,2,0.9583333333333334,parsed
14609044,True,34,33,26,7,71,10,7,0.9705882352941176,parsed
10171142,True,13,12,9,3,31,3,2,0.9230769230769231,parsed
14609052,True,20,19,10,9,40,2,5,0.95,parsed
10171162,True,11,10,8,2,39,1,0,0.9090909090909091,parsed
14609116,True,21,20,18,2,70,9,1,0.9523809523809523,parsed
14609140,True,15,14,12,2,37,2,1,0.9333333333333333,parsed
14609212,True,21,20,15,5,63,5,3,0.9523809523809523,parsed
14609228,True,54,53,30,23,69,10,11,0.9814814814814815,parsed
14609268,True,50,49,32,17,69,12,9,0.98,parsed
14609364,True,28,27,20,7,45,6,4,0.9642857142857143,parsed
14609348,True,35,34,26,8,67,10,6,0.9714285714285714,parsed
10171402,True,7,6,5,1,66,1,0,0.8571428571428571,parsed
14609436,True,39,38,16,22,72,7,12,0.9743589743589743,parsed
30389759,True,23,22,17,5,43,5,2,0.9565217391304348,parsed
14609500,True,65,64,50,14,60,19,8,0.9846153846153847,parsed
14609516,True,25,24,19,5,72,8,4,0.96,parsed
10171454,True,22,21,10,11,71,4,5,0.9545454545454546,parsed
14609540,True,41,40,32,8,74,13,7,0.975609756097561,parsed
10171502,True,18,17,13,4,42,3,3,0.9444444444444444,parsed
14609548,True,84,83,65,18,76,24,12,0.9880952380952381,parsed
14609556,True,51,50,39,11,78,16,9,0.9803921568627451,parsed
14609572,True,57,56,42,14,69,18,10,0.9824561403508771,parsed
10171602,True,14,13,10,3,42,3,2,0.9285714285714286,parsed
10171622,True,23,22,11,11,41,2,4,0.9565217391304348,parsed
14609604,True,60,59,37,22,66,15,14,0.9833333333333333,parsed
30237759,True,32,31,27,4,32,9,3,0.96875,parsed
10171686,True,20,19,15,4,37,3,1,0.95,parsed
10171682,True,19,18,13,5,71,3,1,0.9473684210526315,parsed
14609788,True,58,57,43,14,71,14,10,0.9827586206896551,parsed
14609820,True,16,15,10,5,39,4,2,0.9375,parsed
10171866,True,14,13,11,2,43,2,1,0.9285714285714286,parsed
14609924,True,48,47,44,3,41,14,2,0.9791666666666666,parsed
14609932,True,30,29,29,0,86,10,0,0.9666666666666667,parsed
10171922,True,15,14,12,2,69,5,1,0.9333333333333333,parsed
14609988,True,71,70,53,17,74,18,12,0.9859154929577465,parsed
14610068,True,35,34,18,16,68,9,9,0.9714285714285714,parsed
14610100,True,64,63,57,6,63,21,4,0.984375,parsed
10172062,True,14,13,11,2,40,2,1,0.9285714285714286,parsed
14610108,True,47,46,29,17,64,11,11,0.9787234042553191,parsed
10172074,True,27,26,18,8,60,6,5,0.9629629629629629,parsed
10172110,True,20,19,4,15,30,1,6,0.95,parsed
14610140,True,23,22,16,6,39,5,1,0.9565217391304348,parsed
14610148,True,47,46,37,9,57,13,5,0.9787234042553191,parsed
14610172,True,67,66,50,16,56,19,13,0.9850746268656716,parsed
14610188,True,34,33,24,9,49,7,3,0.9705882352941176,parsed
14610212,True,18,17,13,4,41,2,1,0.9444444444444444,parsed
14610196,True,39,38,22,16,39,7,7,0.9743589743589743,parsed
14610228,True,25,24,18,6,35,3,0,0.96,parsed
14610268,True,23,22,18,4,36,4,2,0.9565217391304348,parsed
10172370,True,18,17,8,9,37,3,5,0.9444444444444444,parsed
14610260,True,19,18,8,10,76,2,4,0.9473684210526315,parsed
14610316,True,37,36,24,12,68,10,7,0.972972972972973,parsed
14610332,True,88,87,53,34,72,22,18,0.9886363636363636,parsed
10172494,True,14,13,12,1,39,3,1,0.9285714285714286,parsed
30341759,True,13,12,10,2,39,1,0,0.9230769230769231,parsed
10172498,True,34,33,24,9,73,11,8,0.9705882352941176,parsed
14610356,True,34,33,17,16,39,6,12,0.9705882352941176,parsed
14610428,True,55,54,31,22,76,12,11,0.9818181818181818,parsed
14610476,True,46,45,30,15,60,10,8,0.9782608695652174,parsed
10172682,True,28,27,10,17,43,6,10,0.9642857142857143,parsed
14610604,True,26,25,6,19,41,2,9,0.9615384615384616,parsed
14610612,True,29,28,23,5,75,7,3,0.9655172413793104,parsed
10172718,True,14,13,10,3,41,2,3,0.9285714285714286,parsed
10172722,True,14,13,5,8,52,0,3,0.9285714285714286,parsed
14610652,True,34,33,26,7,80,8,4,0.9705882352941176,parsed
10172750,True,15,14,11,3,70,4,1,0.9333333333333333,parsed
14610660,True,53,52,38,14,60,15,10,0.9811320754716981,parsed
14610732,True,20,19,15,4,43,2,2,0.95,parsed
14610748,True,91,90,64,26,73,24,14,0.989010989010989,parsed
10172814,True,15,14,11,3,40,1,0,0.9333333333333333,parsed
10172822,True,21,20,13,7,35,3,2,0.9523809523809523,parsed
14610796,True,34,33,24,9,55,8,4,0.9705882352941176,parsed
14610844,True,29,28,19,9,37,6,3,0.9655172413793104,parsed
14610868,True,89,88,68,20,87,26,10,0.9887640449438202,parsed
10149454,True,18,17,14,3,39,4,1,0.9444444444444444,parsed
10173030,True,24,23,11,12,43,1,8,0.9583333333333334,parsed
10173074,True,23,22,16,6,38,4,3,0.9565217391304348,parsed
14610948,True,25,24,16,8,35,4,6,0.96,parsed
14610996,True,80,79,53,26,73,19,15,0.9875,parsed
10173094,True,25,24,16,8,38,5,6,0.96,parsed
14611076,True,23,22,12,10,70,6,3,0.9565217391304348,parsed
10149926,True,15,14,9,5,34,3,1,0.9333333333333333,parsed
10149934,True,18,17,12,5,42,2,1,0.9444444444444444,parsed
14611180,True,68,67,48,19,77,21,13,0.9852941176470589,parsed
14611212,True,36,35,25,10,56,8,7,0.9722222222222222,parsed
10173190,True,25,24,4,20,41,2,8,0.96,parsed
14611244,True,25,24,20,4,57,6,2,0.96,parsed
14611260,True,11,10,8,2,36,2,1,0.9090909090909091,parsed
14611332,True,41,40,35,5,43,13,4,0.975609756097561,parsed
10173370,True,11,10,6,4,50,3,2,0.9090909090909091,parsed
10173466,True,23,22,12,10,36,4,4,0.9565217391304348,parsed
10173470,True,17,16,9,7,40,2,3,0.9411764705882353,parsed
14611572,True,23,22,18,4,36,5,1,0.9565217391304348,parsed
10173794,True,9,8,5,3,31,1,1,0.8888888888888888,parsed
10150242,True,26,25,19,5,39,4,5,0.9615384615384616,parsed
14611620,True,21,20,15,5,61,7,5,0.9523809523809523,parsed
14611652,True,60,59,40,19,73,16,11,0.9833333333333333,parsed
14611700,True,30,29,27,2,36,9,1,0.9666666666666667,parsed
10173994,True,14,13,7,6,38,1,1,0.9285714285714286,parsed
14611724,True,19,18,16,2,36,5,2,0.9473684210526315,parsed
14611740,True,59,58,46,12,79,16,9,0.9830508474576272,parsed
10174030,True,18,17,13,4,40,3,1,0.9444444444444444,parsed
10150482,True,19,18,14,4,39,2,2,0.9473684210526315,parsed
14611764,True,35,34,26,8,60,10,6,0.9714285714285714,parsed
14611780,True,41,40,26,14,68,9,11,0.975609756097561,parsed
10150562,True,17,16,12,4,40,3,0,0.9411764705882353,parsed
14611812,True,40,39,26,13,64,8,10,0.975,parsed
10174046,True,20,19,16,3,76,6,2,0.95,parsed
14611836,True,21,20,16,4,36,5,2,0.9523809523809523,parsed
10174086,True,20,19,15,4,37,4,1,0.95,parsed
14611884,True,28,27,23,4,38,8,3,0.9642857142857143,parsed
14611900,True,53,52,39,13,59,14,9,0.9811320754716981,parsed
10174102,True,17,16,10,6,40,2,4,0.9411764705882353,parsed
14611924,True,36,35,24,11,42,10,6,0.9722222222222222,parsed
14611964,True,37,36,25,11,42,9,9,0.972972972972973,parsed
14612004,True,27,26,19,7,54,5,3,0.9629629629629629,parsed
14612036,True,23,22,16,6,53,2,1,0.9565217391304348,parsed
14612076,True,14,13,9,4,40,2,3,0.9285714285714286,parsed
14612108,True,34,33,24,9,43,8,6,0.9705882352941176,parsed
14612124,True,67,66,51,15,70,13,9,0.9850746268656716,parsed
14612132,True,24,23,19,4,32,5,2,0.9583333333333334,parsed
10174282,True,16,15,10,5,29,2,3,0.9375,parsed
14612172,True,99,98,80,18,75,31,10,0.98989898989899,parsed
14612188,True,26,25,22,3,39,11,3,0.9615384615384616,parsed
10174330,True,15,14,12,2,39,2,0,0.9333333333333333,parsed
14612196,True,33,32,24,8,42,10,7,0.9696969696969697,parsed
10174374,True,23,22,16,6,36,6,2,0.9565217391304348,parsed
14612244,True,31,30,23,7,68,11,7,0.967741935483871,parsed
14612268,True,17,16,15,1,35,4,0,0.9411764705882353,parsed
10174462,True,31,30,14,14,63,3,6,0.967741935483871,parsed
14612308,True,20,19,14,5,39,6,3,0.95,parsed
14612324,True,80,79,61,18,76,26,13,0.9875,parsed
14612364,True,64,63,49,14,65,18,11,0.984375,parsed
14612372,True,97,96,75,21,75,28,15,0.9896907216494846,parsed
14612388,True,65,64,41,23,68,15,14,0.9846153846153847,parsed
14612396,True,23,22,18,4,42,5,1,0.9565217391304348,parsed
14612452,True,28,27,19,8,40,6,5,0.9642857142857143,parsed
14612508,True,25,24,19,5,42,7,3,0.96,parsed
14612532,True,70,69,54,15,79,19,12,0.9857142857142858,parsed
14612548,True,53,52,33,18,71,14,12,0.9811320754716981,parsed
14612588,True,36,35,28,7,73,10,7,0.9722222222222222,parsed
14612596,True,60,59,45,14,70,19,11,0.9833333333333333,parsed
14612652,True,79,78,64,14,70,23,8,0.9873417721518988,parsed
14612708,True,71,70,47,23,70,15,12,0.9859154929577465,parsed
10175550,True,12,11,5,6,40,2,2,0.9166666666666666,parsed
14612780,True,68,67,51,16,76,15,10,0.9852941176470589,parsed
14612812,True,27,26,20,6,44,7,4,0.9629629629629629,parsed
10175870,True,17,16,12,4,41,4,3,0.9411764705882353,parsed
14612828,True,41,40,24,16,66,9,10,0.975609756097561,parsed
14612868,True,39,38,29,9,44,11,5,0.9743589743589743,parsed
10176050,True,15,14,7,7,37,2,4,0.9333333333333333,parsed
14612964,True,31,30,14,16,40,5,10,0.967741935483871,parsed
10176310,True,15,14,11,3,39,3,1,0.9333333333333333,parsed
14612988,True,60,59,48,11,76,19,7,0.9833333333333333,parsed
14612996,True,85,84,62,22,69,22,13,0.9882352941176471,parsed
14613060,True,54,53,37,16,70,17,9,0.9814814814814815,parsed
14613076,True,18,17,14,3,34,6,0,0.9444444444444444,parsed
14613084,True,57,56,33,23,71,14,12,0.9824561403508771,parsed
14613116,True,21,20,15,5,39,5,3,0.9523809523809523,parsed
14613188,True,23,22,19,3,76,6,2,0.9565217391304348,parsed
14613204,True,29,28,20,8,41,7,5,0.9655172413793104,parsed
30405759,True,57,56,33,22,79,12,8,0.9824561403508771,parsed
14613300,True,18,17,12,5,39,1,1,0.9444444444444444,parsed
14613292,True,23,22,19,3,39,5,2,0.9565217391304348,parsed
10176870,True,24,23,15,8,42,4,4,0.9583333333333334,parsed
14613348,True,27,26,23,3,31,11,2,0.9629629629629629,parsed
14613364,True,44,43,30,13,78,12,9,0.9772727272727273,parsed
10177010,True,12,11,10,1,42,0,0,0.9166666666666666,parsed
14613420,True,79,78,57,21,78,20,12,0.9873417721518988,parsed
10177190,True,21,20,11,9,30,2,5,0.9523809523809523,parsed
14613460,True,18,17,14,3,34,6,1,0.9444444444444444,parsed
14613492,True,79,78,59,19,74,19,13,0.9873417721518988,parsed
10177390,True,14,13,9,4,37,1,1,0.9285714285714286,parsed
10177610,True,14,13,6,7,43,3,3,0.9285714285714286,parsed
14613588,True,79,78,57,21,60,23,13,0.9873417721518988,parsed
14613596,True,37,36,28,8,40,12,6,0.972972972972973,parsed
10177750,True,19,18,12,6,37,3,4,0.9473684210526315,parsed
10177730,True,18,17,10,7,39,3,2,0.9444444444444444,parsed
14613620,True,100,99,75,24,69,28,11,0.99,parsed
10178030,True,17,16,6,9,37,2,5,0.9411764705882353,parsed
10178050,True,16,15,8,7,35,1,1,0.9375,parsed
14613700,True,90,89,63,26,69,22,16,0.9888888888888889,parsed
10178110,True,24,23,18,5,37,6,4,0.9583333333333334,parsed
14613732,True,44,43,27,16,68,12,11,0.9772727272727273,parsed
14613796,True,19,18,16,2,40,6,2,0.9473684210526315,parsed
14613804,True,85,84,61,23,68,21,14,0.9882352941176471,parsed
14613860,True,71,70,46,24,71,13,15,0.9859154929577465,parsed
14613932,True,38,37,29,8,34,10,5,0.9736842105263158,parsed
14613940,True,95,94,74,20,67,29,12,0.9894736842105263,parsed
14613964,True,13,12,10,2,30,2,1,0.9230769230769231,parsed
10179370,True,28,27,15,11,39,4,5,0.9642857142857143,parsed
14614020,True,24,23,15,8,36,4,2,0.9583333333333334,parsed
14614028,True,88,87,66,21,79,23,12,0.9886363636363636,parsed
10178850,True,22,21,15,6,34,5,4,0.9545454545454546,parsed
14614036,True,29,28,22,6,39,6,1,0.9655172413793104,parsed
14614044,True,69,68,49,19,72,17,11,0.9855072463768116,parsed
14614052,True,58,57,41,16,77,11,5,0.9827586206896551,parsed
14614068,True,36,35,22,13,76,7,6,0.9722222222222222,parsed
10178970,True,11,10,5,5,41,1,2,0.9090909090909091,parsed
14614092,True,84,83,59,24,68,21,14,0.9880952380952381,parsed
10179030,True,17,16,11,5,41,3,3,0.9411764705882353,parsed
14614188,True,90,89,59,30,123,28,13,0.9888888888888889,parsed
14614228,True,53,52,41,11,61,14,8,0.9811320754716981,parsed
10179190,True,11,10,5,5,31,1,1,0.9090909090909091,parsed
14614300,True,74,73,50,23,66,17,15,0.9864864864864865,parsed
10179434,True,24,23,15,8,69,10,5,0.9583333333333334,parsed
10179470,True,14,13,8,5,38,1,2,0.9285714285714286,parsed
10179550,True,54,53,34,19,76,15,12,0.9814814814814815,parsed
10180310,True,11,10,2,8,35,0,2,0.9090909090909091,parsed
10179610,True,17,16,4,12,43,3,5,0.9411764705882353,parsed
14614500,True,61,60,42,18,79,16,9,0.9836065573770492,parsed
14614580,True,55,54,37,17,79,16,13,0.9818181818181818,parsed
14614668,True,83,82,65,17,73,23,11,0.9879518072289156,parsed
10180090,True,16,15,9,5,29,2,2,0.9375,parsed
14614684,True,82,81,58,23,77,19,13,0.9878048780487805,parsed
10180190,True,16,15,11,4,57,4,2,0.9375,parsed
14614692,True,33,32,20,12,43,7,6,0.9696969696969697,parsed
14614708,True,22,21,13,8,40,3,4,0.9545454545454546,parsed
14614700,True,62,61,46,15,54,16,10,0.9838709677419355,parsed
10180270,True,18,17,15,2,38,3,0,0.9444444444444444,parsed
14614772,True,19,18,15,3,31,5,2,0.9473684210526315,parsed
14614796,True,54,53,41,12,77,12,7,0.9814814814814815,parsed
14614924,True,27,26,21,5,42,5,1,0.9629629629629629,parsed
14614940,True,34,33,22,11,42,6,7,0.9705882352941176,parsed
14614948,True,26,25,17,8,40,3,4,0.9615384615384616,parsed
14615044,True,17,16,11,5,39,3,2,0.9411764705882353,parsed
10181150,True,16,15,11,4,32,2,1,0.9375,parsed
14615084,True,14,13,10,3,42,2,2,0.9285714285714286,parsed
10181190,True,19,18,13,5,43,4,3,0.9473684210526315,parsed
14615180,True,23,22,20,2,36,8,1,0.9565217391304348,parsed
10181410,True,9,8,7,1,36,2,0,0.8888888888888888,parsed
14615212,True,98,97,76,21,79,29,14,0.9897959183673469,parsed
10181510,True,39,38,29,9,78,9,5,0.9743589743589743,parsed
14615252,True,77,76,60,16,79,20,8,0.987012987012987,parsed
10181530,True,21,20,15,5,38,7,5,0.9523809523809523,parsed
10181610,True,25,24,18,6,51,6,4,0.96,parsed
14615284,True,24,23,17,6,37,6,3,0.9583333333333334,parsed
14615276,True,63,62,44,18,80,19,10,0.9841269841269841,parsed
10181730,True,11,10,6,4,34,3,2,0.9090909090909091,parsed
14615332,True,54,53,39,14,79,14,7,0.9814814814814815,parsed
14615356,True,47,46,33,13,85,12,10,0.9787234042553191,parsed
14615372,True,77,76,60,16,71,20,11,0.987012987012987,parsed
14615404,True,44,43,30,13,85,9,6,0.9772727272727273,parsed
14615460,True,45,44,35,9,42,9,6,0.9777777777777777,parsed
10182170,True,15,14,4,10,44,2,6,0.9333333333333333,parsed
14615468,True,16,15,12,3,36,3,2,0.9375,parsed
14615484,True,13,12,8,4,38,1,3,0.9230769230769231,parsed
14615596,True,65,64,49,15,70,17,9,0.9846153846153847,parsed
10182550,True,17,16,14,2,40,3,1,0.9411764705882353,parsed
10182570,True,21,20,14,6,40,4,4,0.9523809523809523,parsed
14615620,True,24,23,14,9,39,3,6,0.9583333333333334,parsed
14615636,True,80,79,59,20,64,19,12,0.9875,parsed
14615652,True,101,100,66,34,73,24,18,0.9900990099009901,parsed
14615668,True,47,46,42,4,38,13,3,0.9787234042553191,parsed
14615676,True,58,57,38,19,74,13,13,0.9827586206896551,parsed
14615724,True,19,18,10,8,37,2,3,0.9473684210526315,parsed
14615748,True,23,22,20,2,36,6,1,0.9565217391304348,parsed
14615756,True,65,64,53,11,72,19,9,0.9846153846153847,parsed
14615788,True,28,27,21,6,42,7,4,0.9642857142857143,parsed
10183050,True,16,15,11,4,38,2,1,0.9375,parsed
10183090,True,12,11,6,5,30,1,1,0.9166666666666666,parsed
14615796,True,72,71,50,21,69,19,13,0.9861111111111112,parsed
14615932,True,14,13,10,3,41,2,1,0.9285714285714286,parsed
14615972,True,19,18,13,5,38,2,3,0.9473684210526315,parsed
14616012,True,106,105,79,26,69,29,14,0.9905660377358491,parsed
14616028,True,88,87,60,27,64,20,14,0.9886363636363636,parsed
14616076,True,18,17,14,3,36,3,0,0.9444444444444444,parsed
14616148,True,26,25,21,4,38,6,3,0.9615384615384616,parsed
14616140,True,76,75,52,23,65,19,17,0.9868421052631579,parsed
14616164,True,16,15,12,3,29,3,1,0.9375,parsed
14616196,True,74,73,56,17,69,21,13,0.9864864864864865,parsed
14616204,True,107,106,92,14,67,37,7,0.9906542056074766,parsed
14616212,True,32,31,28,3,35,9,2,0.96875,parsed
14616220,True,25,24,21,3,41,7,1,0.96,parsed
14616244,True,29,28,23,5,37,5,2,0.9655172413793104,parsed
10184250,True,18,17,10,7,34,4,4,0.9444444444444444,parsed
14616252,True,65,64,37,27,64,13,14,0.9846153846153847,parsed
30605759,True,118,117,84,33,71,33,21,0.9915254237288136,parsed
14616308,True,25,24,18,6,31,4,3,0.96,parsed
14616332,True,34,33,25,8,39,8,5,0.9705882352941176,parsed
10184470,True,14,13,8,5,29,2,1,0.9285714285714286,parsed
14616380,True,26,25,22,3,35,8,2,0.9615384615384616,parsed
10184490,True,13,12,9,3,48,1,1,0.9230769230769231,parsed
10184494,True,14,13,8,5,34,2,2,0.9285714285714286,parsed
14616388,True,65,64,44,20,75,16,12,0.9846153846153847,parsed
14616396,True,21,20,16,4,36,5,2,0.9523809523809523,parsed
14616428,True,38,37,22,15,40,7,8,0.9736842105263158,parsed
14616444,True,17,16,15,1,37,3,0,0.9411764705882353,parsed
14616476,True,30,29,25,4,37,8,3,0.9666666666666667,parsed
14616484,True,47,46,39,7,41,8,4,0.9787234042553191,parsed
14616500,True,32,31,22,8,41,7,4,0.96875,parsed
14616524,True,17,16,15,1,35,4,0,0.9411764705882353,parsed
30725759,True,20,19,13,6,37,2,3,0.95,parsed
14616612,True,104,103,78,25,74,28,14,0.9903846153846154,parsed
10185350,True,19,18,6,12,41,2,6,0.9473684210526315,parsed
14616660,True,65,64,55,8,76,17,3,0.9846153846153847,parsed
10185490,True,16,15,5,10,31,1,5,0.9375,parsed
14616764,True,39,38,32,6,42,10,5,0.9743589743589743,parsed
30877767,True,59,58,39,19,75,14,11,0.9830508474576272,parsed
14616852,True,13,12,7,5,41,5,2,0.9230769230769231,parsed
14616868,True,20,19,17,2,35,4,1,0.95,parsed
14616948,True,22,21,13,8,41,4,7,0.9545454545454546,parsed
10186390,True,16,15,7,8,41,1,5,0.9375,parsed
14617004,True,47,46,35,11,77,15,8,0.9787234042553191,parsed
10187990,True,24,23,17,6,34,4,3,0.9583333333333334,parsed
14617100,True,153,152,107,44,69,46,24,0.9934640522875817,parsed
14617116,True,97,96,70,26,66,27,17,0.9896907216494846,parsed
10188870,True,14,13,10,3,31,1,0,0.9285714285714286,parsed
14617308,True,28,27,19,8,38,7,4,0.9642857142857143,parsed
14617396,True,60,59,38,21,63,15,14,0.9833333333333333,parsed
10189730,True,12,11,10,1,32,3,1,0.9166666666666666,parsed
14617404,True,21,20,15,5,61,4,1,0.9523809523809523,parsed
14617412,True,98,97,71,26,77,28,16,0.9897959183673469,parsed
10189830,True,18,17,15,2,39,6,0,0.9444444444444444,parsed
14617716,True,81,80,62,18,75,24,12,0.9876543209876543,parsed
10190550,True,15,14,6,8,41,5,7,0.9333333333333333,parsed
14617812,True,43,42,31,11,41,11,6,0.9767441860465116,parsed
14617820,True,42,41,33,8,52,14,7,0.9761904761904762,parsed
14617876,True,31,30,22,8,41,9,4,0.967741935483871,parsed
10191330,True,23,22,14,8,79,6,5,0.9565217391304348,parsed
10191390,True,23,22,14,8,36,5,3,0.9565217391304348,parsed
14617900,True,40,39,31,8,43,12,3,0.975,parsed
14617964,True,110,109,88,21,70,38,14,0.990909090909091,parsed
14617996,True,116,115,91,24,81,38,13,0.9913793103448276,parsed
14618004,True,26,25,21,4,82,7,3,0.9615384615384616,parsed
10191694,True,12,11,7,4,35,1,0,0.9166666666666666,parsed
14618140,True,14,13,12,1,31,3,0,0.9285714285714286,parsed
14618180,True,86,85,68,17,68,26,13,0.9883720930232558,parsed
14618252,True,37,36,26,10,68,10,9,0.972972972972973,parsed
14618284,True,19,18,13,5,35,3,1,0.9473684210526315,parsed
14618300,True,53,52,43,9,79,16,4,0.9811320754716981,parsed
14618308,True,47,46,36,10,76,15,7,0.9787234042553191,parsed
10192030,True,30,29,24,5,75,9,4,0.9666666666666667,parsed
14618428,True,53,52,39,13,72,15,11,0.9811320754716981,parsed
14618468,True,64,63,46,17,79,17,12,0.984375,parsed
14618492,True,35,34,31,3,36,13,2,0.9714285714285714,parsed
14618556,True,64,63,48,15,49,17,11,0.984375,parsed
14618588,True,72,71,59,12,69,24,8,0.9861111111111112,parsed
14618596,True,78,77,62,15,74,26,12,0.9871794871794872,parsed
14618660,True,30,29,26,3,47,8,3,0.9666666666666667,parsed
14618708,True,20,19,15,4,37,4,0,0.95,parsed
14618772,True,96,95,76,19,77,31,12,0.9895833333333334,parsed
10192810,True,11,10,6,4,33,0,0,0.9090909090909091,parsed
14618804,True,25,24,18,6,42,6,2,0.96,parsed
14618948,True,55,54,50,4,41,16,3,0.9818181818181818,parsed
10193290,True,19,18,12,6,41,4,3,0.9473684210526315,parsed
10193634,True,14,13,8,5,31,1,1,0.9285714285714286,parsed
14619076,True,43,42,40,2,30,13,0,0.9767441860465116,parsed
14619108,True,16,15,11,4,32,2,1,0.9375,parsed
14619132,True,101,100,76,24,72,32,16,0.9900990099009901,parsed
14619284,True,32,31,23,8,41,10,4,0.96875,parsed
14619388,True,12,11,9,2,31,2,0,0.9166666666666666,parsed
14619500,True,23,22,14,8,44,4,3,0.9565217391304348,parsed
14619516,True,11,10,8,2,31,1,0,0.9090909090909091,parsed
14619508,True,27,26,18,8,40,6,3,0.9629629629629629,parsed
14619580,True,22,21,17,4,41,6,1,0.9545454545454546,parsed
14619668,True,81,80,64,16,73,24,12,0.9876543209876543,parsed
14619692,True,59,58,50,8,43,19,7,0.9830508474576272,parsed
14619764,True,23,22,16,6,38,4,4,0.9565217391304348,parsed
14619780,True,75,74,58,16,72,20,13,0.9866666666666667,parsed
14619940,True,92,91,73,18,72,28,12,0.9891304347826086,parsed
14620076,True,59,58,40,18,73,14,14,0.9830508474576272,parsed
14620124,True,91,90,72,18,84,31,11,0.989010989010989,parsed
14620228,True,21,20,14,6,34,2,3,0.9523809523809523,parsed
10195754,True,24,23,18,5,40,5,2,0.9583333333333334,parsed
14620444,True,27,26,23,3,41,7,1,0.9629629629629629,parsed
14620452,True,50,49,41,8,37,13,6,0.98,parsed
14620476,True,61,60,50,10,77,16,7,0.9836065573770492,parsed
14620484,True,32,31,22,9,40,8,4,0.96875,parsed
14620636,True,21,20,7,12,30,1,8,0.9523809523809523,parsed
14620652,True,29,28,22,6,34,6,2,0.9655172413793104,parsed
14620676,True,19,18,17,1,30,4,1,0.9473684210526315,parsed
14620684,True,37,36,25,11,80,11,6,0.972972972972973,parsed
14620700,True,15,14,12,2,37,2,0,0.9333333333333333,parsed
10196110,True,19,18,12,6,30,5,1,0.9473684210526315,parsed
14620780,True,41,40,34,6,69,15,4,0.975609756097561,parsed
14620836,True,23,22,16,6,40,5,2,0.9565217391304348,parsed
14620916,True,77,76,62,14,70,24,12,0.987012987012987,parsed
14621140,True,24,23,16,7,42,4,2,0.9583333333333334,parsed
14621164,True,69,68,50,18,80,20,9,0.9855072463768116,parsed
14621220,True,14,13,8,5,38,3,2,0.9285714285714286,parsed
14621340,True,23,22,14,8,41,4,4,0.9565217391304348,parsed
14621356,True,30,29,22,7,41,7,5,0.9666666666666667,parsed
14621372,True,95,94,76,18,77,27,12,0.9894736842105263,parsed
14621476,True,25,24,15,9,38,4,3,0.96,parsed
14621500,True,20,19,14,5,34,4,1,0.95,parsed
10197310,True,15,14,10,4,35,2,2,0.9333333333333333,parsed
14621692,True,32,31,27,4,38,7,1,0.96875,parsed
14621716,True,21,20,13,7,34,3,3,0.9523809523809523,parsed
10197650,True,19,18,14,4,29,3,2,0.9473684210526315,parsed
14621788,True,22,21,15,6,40,5,3,0.9545454545454546,parsed
10197690,True,15,14,9,5,31,2,1,0.9333333333333333,parsed
14622036,True,126,125,94,31,72,39,20,0.9920634920634921,parsed
14622156,True,66,65,50,15,70,17,11,0.9848484848484849,parsed
14622260,True,21,20,14,6,38,4,3,0.9523809523809523,parsed
14622340,True,31,30,25,5,39,8,3,0.967741935483871,parsed
14622460,True,37,36,29,7,41,8,6,0.972972972972973,parsed
14622932,True,23,22,17,5,37,3,1,0.9565217391304348,parsed
14622956,True,20,19,12,7,39,2,2,0.95,parsed
14623076,True,18,17,13,4,33,2,0,0.9444444444444444,parsed
37010487,True,18,17,12,5,36,3,0,0.9444444444444444,parsed
14623108,True,90,89,66,23,69,23,18,0.9888888888888889,parsed
14623372,True,34,33,25,8,39,10,4,0.9705882352941176,parsed
14623388,True,23,22,16,6,37,4,3,0.9565217391304348,parsed
14623396,True,59,58,42,16,72,15,12,0.9830508474576272,parsed
14623556,True,37,36,30,6,41,8,3,0.972972972972973,parsed
14623572,True,94,93,67,26,86,24,15,0.9893617021276596,parsed
14623708,True,44,43,32,11,41,10,6,0.9772727272727273,parsed
14623804,True,105,104,87,17,87,35,10,0.9904761904761905,parsed
30461759,True,23,22,9,11,87,4,8,0.9565217391304348,parsed
14623812,True,126,125,87,38,88,35,23,0.9920634920634921,parsed
14623820,True,62,61,47,14,90,19,8,0.9838709677419355,parsed
14623868,True,108,107,80,27,90,32,17,0.9907407407407407,parsed
14623932,True,91,90,63,27,86,20,15,0.989010989010989,parsed
14624012,True,64,63,49,14,54,18,9,0.984375,parsed
14624028,True,93,92,64,28,81,20,16,0.989247311827957,parsed
14624156,True,77,76,59,17,57,19,10,0.987012987012987,parsed
14624316,True,23,22,13,9,31,2,4,0.9565217391304348,parsed
14624396,True,102,101,77,24,89,29,14,0.9901960784313726,parsed
14624428,True,94,93,76,17,73,30,13,0.9893617021276596,parsed
14624452,True,27,26,17,9,38,3,4,0.9629629629629629,parsed
14624484,True,113,112,84,28,75,31,16,0.9911504424778761,parsed
14624500,True,83,82,63,19,78,23,13,0.9879518072289156,parsed
14624668,True,46,45,40,5,41,11,2,0.9782608695652174,parsed
14624676,True,30,29,14,15,41,2,5,0.9666666666666667,parsed
14624868,True,115,114,91,23,88,36,10,0.991304347826087,parsed
14624948,True,42,41,36,5,87,13,3,0.9761904761904762,parsed
14625052,True,30,29,21,8,42,6,4,0.9666666666666667,parsed
14625100,True,101,100,78,22,73,29,15,0.9900990099009901,parsed
14625236,True,29,28,21,7,41,7,4,0.9655172413793104,parsed
14625404,True,104,103,81,22,78,32,16,0.9903846153846154,parsed
14625420,True,73,72,63,8,43,22,3,0.9863013698630136,parsed
14625628,True,100,99,76,22,90,28,15,0.99,parsed
10202454,True,28,27,14,12,42,4,3,0.9642857142857143,parsed
14625700,True,36,35,25,9,43,9,3,0.9722222222222222,parsed
14625732,True,38,37,24,13,42,7,8,0.9736842105263158,parsed
14625748,True,49,48,35,13,42,11,7,0.9795918367346939,parsed
14625828,True,76,75,59,16,71,21,11,0.9868421052631579,parsed
14625852,True,63,62,54,8,42,19,4,0.9841269841269841,parsed
14625868,True,83,82,67,15,78,23,11,0.9879518072289156,parsed
14625884,True,68,67,55,12,79,17,8,0.9852941176470589,parsed
14625980,True,22,21,15,6,41,3,1,0.9545454545454546,parsed
14626092,True,29,28,20,8,41,4,3,0.9655172413793104,parsed
14626292,True,18,17,12,5,31,2,2,0.9444444444444444,parsed
14626372,True,96,95,75,20,82,29,11,0.9895833333333334,parsed
14626460,True,30,29,20,9,41,6,4,0.9666666666666667,parsed
14626484,True,22,21,15,6,36,3,2,0.9545454545454546,parsed
14626548,True,33,32,24,8,43,6,3,0.9696969696969697,parsed
14626660,True,52,51,38,13,42,12,4,0.9807692307692307,parsed
14626708,True,106,105,82,23,68,28,16,0.9905660377358491,parsed
14626748,True,15,14,12,2,38,2,0,0.9333333333333333,parsed
14626796,True,41,40,27,13,39,6,5,0.975609756097561,parsed
10203498,True,28,27,21,6,61,7,3,0.9642857142857143,parsed
14626908,True,35,34,21,13,42,6,6,0.9714285714285714,parsed
14626956,True,103,102,66,35,87,22,15,0.9902912621359223,parsed
14627012,True,20,19,11,8,40,2,3,0.95,parsed
14627220,True,106,105,76,29,71,25,16,0.9905660377358491,parsed
14627404,True,17,16,11,5,41,2,2,0.9411764705882353,parsed
14627412,True,60,59,44,15,77,15,9,0.9833333333333333,parsed
10204178,True,20,19,14,5,33,1,2,0.95,parsed
14627420,True,20,19,13,6,37,0,1,0.95,parsed
14627500,True,63,62,49,13,77,17,9,0.9841269841269841,parsed
14627516,True,48,47,32,15,52,10,8,0.9791666666666666,parsed
14627612,True,36,35,24,10,40,6,4,0.9722222222222222,parsed
14627652,True,56,55,46,9,73,15,4,0.9821428571428571,parsed
10204370,True,15,14,13,1,42,3,1,0.9333333333333333,parsed
10204374,True,20,19,12,6,39,1,0,0.95,parsed
14627732,True,31,30,22,8,38,5,1,0.967741935483871,parsed
14627772,True,76,75,56,19,73,18,14,0.9868421052631579,parsed
30717759,True,36,35,22,13,37,4,4,0.9722222222222222,parsed
10204550,True,29,28,17,11,35,2,3,0.9655172413793104,parsed
10584285,True,81,80,61,17,64,18,8,0.9876543209876543,parsed
10584357,True,27,26,18,8,39,2,3,0.9629629629629629,parsed
10584389,True,42,41,38,3,42,14,1,0.9761904761904762,parsed
10584429,True,66,65,53,12,53,13,3,0.9848484848484849,parsed
10584533,True,36,35,22,13,38,2,3,0.9722222222222222,parsed
10584549,True,35,34,23,11,36,2,1,0.9714285714285714,parsed
10584781,True,13,12,7,5,30,2,1,0.9230769230769231,parsed
10584821,True,66,65,56,9,39,15,1,0.9848484848484849,parsed
10584853,True,101,100,80,20,71,26,7,0.9900990099009901,parsed
10584981,True,37,36,24,12,38,4,1,0.972972972972973,parsed
10585093,True,87,86,60,25,94,20,11,0.9885057471264368,parsed
10585117,True,35,34,25,9,43,4,2,0.9714285714285714,parsed
10585205,True,98,97,72,25,77,21,13,0.9897959183673469,parsed
10585341,True,112,111,76,33,72,24,18,0.9910714285714286,parsed
10585357,True,49,48,30,18,42,5,6,0.9795918367346939,parsed
10585381,True,101,100,83,17,75,31,9,0.9900990099009901,parsed
10585397,True,32,31,19,12,92,4,3,0.96875,parsed
10585493,True,32,31,18,13,31,3,2,0.96875,parsed
10585533,True,94,93,68,25,84,21,13,0.9893617021276596,parsed
10585565,True,81,80,70,10,57,21,3,0.9876543209876543,parsed
10585581,True,35,34,22,12,41,5,3,0.9714285714285714,parsed
10585621,True,63,62,39,23,57,11,10,0.9841269841269841,parsed
10585717,True,21,20,17,3,34,2,0,0.9523809523809523,parsed
10585749,True,80,79,57,22,56,14,8,0.9875,parsed
37022619,True,19,18,12,6,30,1,0,0.9473684210526315,parsed
10585829,True,15,14,10,4,30,1,1,0.9333333333333333,parsed
10585901,True,44,43,32,11,39,7,4,0.9772727272727273,parsed
10585989,True,19,18,11,7,31,2,3,0.9473684210526315,parsed
10586053,True,34,33,20,13,40,5,3,0.9705882352941176,parsed
10586109,True,32,31,22,9,38,3,1,0.96875,parsed
10586709,True,122,121,83,38,73,29,18,0.9918032786885246,parsed
10587245,True,41,40,26,14,38,5,3,0.975609756097561,parsed
10587269,True,36,35,26,9,38,5,1,0.9722222222222222,parsed
10587325,True,41,40,27,13,41,5,1,0.975609756097561,parsed
10587693,True,39,38,23,15,38,4,3,0.9743589743589743,parsed
10587781,True,34,33,25,8,37,5,0,0.9705882352941176,parsed
10588005,True,124,123,87,36,80,33,19,0.9919354838709677,parsed
10588293,True,41,40,25,15,39,5,3,0.975609756097561,parsed
37037411,True,23,22,11,11,39,3,1,0.9565217391304348,parsed
10588421,True,130,129,86,43,70,33,18,0.9923076923076923,parsed
10588589,True,49,48,29,19,57,6,4,0.9795918367346939,parsed
10588597,True,31,30,21,9,38,2,1,0.967741935483871,parsed
37039451,True,23,22,14,8,40,1,2,0.9565217391304348,parsed
10588789,True,121,120,96,24,70,36,14,0.9917355371900827,parsed
10588909,True,19,18,11,6,32,3,1,0.9473684210526315,parsed
10589037,True,111,110,103,7,38,36,0,0.990990990990991,parsed
10589053,True,98,97,62,35,80,19,17,0.9897959183673469,parsed
10589189,True,84,83,62,21,59,17,7,0.9880952380952381,parsed
10589261,True,58,57,41,16,70,13,8,0.9827586206896551,parsed
37043347,True,35,34,16,18,70,4,10,0.9714285714285714,parsed
10589269,True,65,64,44,20,70,12,9,0.9846153846153847,parsed
10589677,True,102,101,69,31,79,22,13,0.9901960784313726,parsed
10590013,True,99,98,75,23,87,24,10,0.98989898989899,parsed
10590109,True,45,44,32,12,40,7,0,0.9777777777777777,parsed
10590125,True,43,42,30,11,43,5,2,0.9767441860465116,parsed
10590157,True,31,30,24,6,34,5,1,0.967741935483871,parsed
10590325,True,97,96,70,26,86,24,11,0.9896907216494846,parsed
10590413,True,38,37,27,10,38,6,2,0.9736842105263158,parsed
10590661,True,84,83,58,25,68,19,13,0.9880952380952381,parsed
10590669,True,83,82,58,24,68,18,10,0.9879518072289156,parsed
37053803,True,15,14,9,5,47,2,2,0.9333333333333333,parsed
10590725,True,69,68,46,22,41,13,7,0.9855072463768116,parsed
10590757,True,80,79,49,30,86,16,12,0.9875,parsed
10590893,True,66,65,42,23,61,15,9,0.9848484848484849,parsed
10591117,True,30,29,19,10,32,4,2,0.9666666666666667,parsed
10591125,True,68,67,49,18,79,16,5,0.9852941176470589,parsed
10591141,True,47,46,34,12,36,9,4,0.9787234042553191,parsed
10591309,True,44,43,30,13,34,9,4,0.9772727272727273,parsed
10591517,True,32,31,19,12,41,4,3,0.96875,parsed
10591525,True,53,52,33,19,101,15,7,0.9811320754716981,parsed
37066451,True,23,22,9,13,43,2,5,0.9565217391304348,parsed
10591725,True,90,89,82,7,40,25,1,0.9888888888888889,parsed
10591741,True,22,21,13,8,41,2,1,0.9545454545454546,parsed
10592053,True,38,37,28,9,31,5,3,0.9736842105263158,parsed
10592085,True,13,12,6,6,31,1,3,0.9230769230769231,parsed
10592157,True,23,22,12,10,31,2,2,0.9565217391304348,parsed
10592173,True,30,29,17,12,31,2,2,0.9666666666666667,parsed
10592213,True,89,88,69,18,42,21,5,0.9887640449438202,parsed
10592445,True,59,58,42,16,43,18,6,0.9830508474576272,parsed
10592725,True,52,51,37,14,45,13,5,0.9807692307692307,parsed
37073883,True,20,19,7,12,34,1,5,0.95,parsed
37074211,True,18,17,11,6,32,2,0,0.9444444444444444,parsed
10593141,True,60,59,39,20,70,14,11,0.9833333333333333,parsed
10593373,True,41,40,26,14,38,6,2,0.975609756097561,parsed
10594021,True,25,24,16,8,32,3,2,0.96,parsed
10594061,True,69,68,51,17,69,15,9,0.9855072463768116,parsed
37075923,True,12,11,7,4,70,1,0,0.9166666666666666,parsed
31629759,True,68,67,44,23,73,15,10,0.9852941176470589,parsed
10594461,True,86,85,67,18,88,24,9,0.9883720930232558,parsed
37078283,True,28,27,16,11,36,2,3,0.9642857142857143,parsed
10594589,True,93,92,65,27,90,21,11,0.989247311827957,parsed
10594605,True,30,29,18,11,34,1,1,0.9666666666666667,parsed
10594757,True,72,71,57,13,44,15,4,0.9861111111111112,parsed
37081003,True,29,28,16,12,31,1,1,0.9655172413793104,parsed
10594957,True,110,109,80,29,77,24,13,0.990909090909091,parsed
10594989,True,64,63,44,19,62,15,9,0.984375,parsed
10595053,True,55,54,39,15,52,11,2,0.9818181818181818,parsed
10595133,True,66,65,55,10,38,16,3,0.9848484848484849,parsed
10595157,True,37,36,23,12,39,2,2,0.972972972972973,parsed
10595277,True,25,24,19,5,41,3,0,0.96,parsed
10595453,True,24,23,17,6,36,4,2,0.9583333333333334,parsed
10595461,True,51,50,39,11,75,13,6,0.9803921568627451,parsed
10595613,True,34,33,24,9,37,5,2,0.9705882352941176,parsed
10595677,True,53,52,46,6,78,16,1,0.9811320754716981,parsed
10595685,True,55,54,44,10,71,17,5,0.9818181818181818,parsed
10595693,True,29,28,22,6,41,4,1,0.9655172413793104,parsed
10595805,True,49,48,35,13,68,15,6,0.9795918367346939,parsed
10595917,True,114,113,99,14,79,39,8,0.9912280701754386,parsed
10596077,True,62,61,49,12,80,15,4,0.9838709677419355,parsed
10596093,True,53,52,45,7,80,16,3,0.9811320754716981,parsed
10596173,True,56,55,45,10,75,14,5,0.9821428571428571,parsed
10596205,True,60,59,48,11,74,16,6,0.9833333333333333,parsed
10596269,True,21,20,15,5,35,3,2,0.9523809523809523,parsed
10596301,True,16,15,12,3,31,3,0,0.9375,parsed
10596605,True,21,20,19,1,35,4,0,0.9523809523809523,parsed
10596989,True,23,22,18,4,35,4,2,0.9565217391304348,parsed
10597061,True,110,109,101,8,75,41,4,0.990909090909091,parsed
37205253,True,14,13,10,3,76,2,0,0.9285714285714286,parsed
10597069,True,58,57,43,14,77,15,4,0.9827586206896551,parsed
10597077,True,61,60,47,12,77,18,4,0.9836065573770492,parsed
10597101,True,61,60,50,10,75,15,5,0.9836065573770492,parsed
10597109,True,28,27,21,6,55,4,0,0.9642857142857143,parsed
10597293,True,76,75,65,10,76,20,3,0.9868421052631579,parsed
10597877,True,17,16,13,3,79,4,0,0.9411764705882353,parsed
10597885,True,46,45,35,10,77,17,6,0.9782608695652174,parsed
10598173,True,26,25,14,11,41,4,3,0.9615384615384616,parsed
10598237,True,28,27,16,11,38,2,1,0.9642857142857143,parsed
10598341,True,28,27,22,5,40,4,0,0.9642857142857143,parsed
10598493,True,54,53,40,13,77,16,7,0.9814814814814815,parsed
10598693,True,66,65,49,16,77,18,9,0.9848484848484849,parsed
10598757,True,33,32,24,8,40,5,0,0.9696969696969697,parsed
10599181,True,50,49,39,10,76,12,3,0.98,parsed
10599269,True,24,23,15,8,35,2,0,0.9583333333333334,parsed
10599285,True,28,27,20,7,35,2,1,0.9642857142857143,parsed
10599373,True,57,56,47,9,75,15,1,0.9824561403508771,parsed
10599437,True,87,86,68,18,71,23,11,0.9885057471264368,parsed
10599493,True,27,26,20,6,57,3,0,0.9629629629629629,parsed
10599501,True,35,34,27,7,57,3,1,0.9714285714285714,parsed
10599557,True,17,16,15,1,40,3,0,0.9411764705882353,parsed
31157759,True,21,20,20,0,35,3,0,0.9523809523809523,parsed
10599653,True,50,49,47,2,66,14,0,0.98,parsed
10600333,True,42,41,39,2,74,16,0,0.9761904761904762,parsed
10600349,True,46,45,40,5,63,13,2,0.9782608695652174,parsed
10600549,True,50,49,44,5,70,14,1,0.98,parsed
10601013,True,40,39,35,4,44,8,0,0.975,parsed
10601021,True,24,23,18,5,31,3,1,0.9583333333333334,parsed
10601253,True,40,39,28,10,42,5,2,0.975,parsed
10601613,True,32,31,28,3,71,6,2,0.96875,parsed
10601749,True,24,23,17,6,35,2,0,0.9583333333333334,parsed
10601837,True,21,20,18,2,35,3,0,0.9523809523809523,parsed
10601877,True,18,17,16,1,35,3,0,0.9444444444444444,parsed
37227469,True,17,16,11,5,31,2,0,0.9411764705882353,parsed
10602077,True,22,21,21,0,42,5,0,0.9545454545454546,parsed
10602149,True,22,21,20,1,39,3,0,0.9545454545454546,parsed
10602229,True,10,9,9,0,32,3,0,0.9,parsed
10602405,True,30,29,22,7,42,4,2,0.9666666666666667,parsed
10602453,True,48,47,32,10,42,6,3,0.9791666666666666,parsed
37227701,True,15,14,10,4,42,1,0,0.9333333333333333,parsed
10602461,True,33,32,25,7,42,4,1,0.9696969696969697,parsed
10602797,True,24,23,23,0,36,6,0,0.9583333333333334,parsed
37227837,True,18,17,13,4,32,1,0,0.9444444444444444,parsed
10602813,True,20,19,14,5,32,1,1,0.95,parsed
10602949,True,32,31,27,4,70,7,1,0.96875,parsed
10602989,True,57,56,53,3,75,17,1,0.9824561403508771,parsed
10603141,True,32,31,28,3,56,5,0,0.96875,parsed
10603301,True,34,33,24,9,54,9,1,0.9705882352941176,parsed
10603485,True,43,42,38,4,75,11,1,0.9767441860465116,parsed
10603669,True,32,31,24,7,45,4,1,0.96875,parsed
31261767,True,26,25,21,4,38,5,2,0.9615384615384616,parsed
10603837,True,39,38,30,8,41,9,3,0.9743589743589743,parsed
10603853,True,79,78,62,16,80,21,8,0.9873417721518988,parsed
10603957,True,80,79,57,22,71,17,11,0.9875,parsed
10604101,True,72,71,59,12,64,16,3,0.9861111111111112,parsed
10604285,True,45,44,35,9,54,8,3,0.9777777777777777,parsed
10604309,True,52,51,35,16,68,11,9,0.9807692307692307,parsed
10604477,True,48,47,38,9,70,10,5,0.9791666666666666,parsed
10604581,True,61,60,46,14,80,16,9,0.9836065573770492,parsed
10604749,True,85,84,68,16,78,30,10,0.9882352941176471,parsed
10604773,True,44,43,40,3,78,13,1,0.9772727272727273,parsed
10604789,True,22,21,17,3,33,4,2,0.9545454545454546,parsed
10605117,True,40,39,37,2,72,14,0,0.975,parsed
10605141,True,43,42,40,2,78,12,0,0.9767441860465116,parsed
10605149,True,30,29,25,4,73,5,1,0.9666666666666667,parsed
10605269,True,46,45,39,6,79,13,1,0.9782608695652174,parsed
10605685,True,21,20,15,5,39,2,0,0.9523809523809523,parsed
10605749,True,42,41,38,3,67,10,1,0.9761904761904762,parsed
10605957,True,48,47,42,5,75,10,2,0.9791666666666666,parsed
37225973,True,12,11,10,1,36,1,0,0.9166666666666666,parsed
10606053,True,35,34,27,7,35,6,2,0.9714285714285714,parsed
10606485,True,51,50,41,9,76,14,5,0.9803921568627451,parsed
10606693,True,44,43,31,12,42,6,4,0.9772727272727273,parsed
10607365,True,42,41,27,14,40,5,2,0.9761904761904762,parsed
10607397,True,35,34,21,13,36,4,3,0.9714285714285714,parsed
10607389,True,21,20,16,4,31,2,0,0.9523809523809523,parsed
10607469,True,18,17,15,2,32,1,0,0.9444444444444444,parsed
10607485,True,68,67,49,18,81,17,9,0.9852941176470589,parsed
37220101,True,21,20,15,5,36,2,0,0.9523809523809523,parsed
10607629,True,25,24,18,6,34,2,0,0.96,parsed
10607677,True,113,112,95,17,76,33,9,0.9911504424778761,parsed
10607685,True,22,21,17,4,31,1,0,0.9545454545454546,parsed
10607813,True,70,69,48,21,88,16,9,0.9857142857142858,parsed
10607917,True,27,26,23,3,43,5,1,0.9629629629629629,parsed
10607965,True,51,50,41,9,74,14,3,0.9803921568627451,parsed
10608077,True,33,32,19,13,40,4,5,0.9696969696969697,parsed
10608445,True,30,29,18,11,38,4,3,0.9666666666666667,parsed
10608437,True,36,35,21,14,40,4,4,0.9722222222222222,parsed
10608469,True,45,44,34,10,71,11,3,0.9777777777777777,parsed
10608485,True,28,27,20,7,38,3,4,0.9642857142857143,parsed
10609773,True,100,99,86,13,75,37,11,0.99,parsed
10610021,True,29,28,25,3,41,5,1,0.9655172413793104,parsed
10610149,True,25,24,17,7,37,1,0,0.96,parsed
10610333,True,41,40,30,10,43,6,3,0.975609756097561,parsed
10610389,True,27,26,20,6,39,5,2,0.9629629629629629,parsed
10610541,True,67,66,47,19,68,19,12,0.9850746268656716,parsed
31813759,True,24,23,21,2,42,4,1,0.9583333333333334,parsed
10610941,True,26,25,17,8,40,2,2,0.9615384615384616,parsed
10611069,True,45,44,32,12,41,12,3,0.9777777777777777,parsed
31845759,True,34,33,22,11,37,3,1,0.9705882352941176,parsed
10611461,True,17,16,12,4,34,3,2,0.9411764705882353,parsed
37186429,True,15,14,9,5,78,1,1,0.9333333333333333,parsed
10611581,True,16,15,13,2,34,2,1,0.9375,parsed
37186749,True,22,21,17,4,34,2,2,0.9545454545454546,parsed
37186757,True,13,12,9,3,33,1,1,0.9230769230769231,parsed
10611597,True,21,20,16,4,31,2,0,0.9523809523809523,parsed
10611701,True,61,60,49,11,71,17,6,0.9836065573770492,parsed
10611741,True,70,69,55,14,82,20,7,0.9857142857142858,parsed
10611797,True,23,22,21,1,44,2,1,0.9565217391304348,parsed
10611837,True,32,31,26,5,43,5,1,0.96875,parsed
10611861,True,20,19,15,4,35,2,1,0.95,parsed
10612053,True,57,56,48,8,70,17,3,0.9824561403508771,parsed
31829759,True,16,15,11,4,33,2,1,0.9375,parsed
10612189,True,28,27,19,8,33,2,2,0.9642857142857143,parsed
10612493,True,43,42,31,11,31,6,5,0.9767441860465116,parsed
10612725,True,43,42,32,10,78,10,4,0.9767441860465116,parsed
10613493,True,63,62,51,11,77,16,4,0.9841269841269841,parsed
10613517,True,69,68,50,18,73,18,11,0.9855072463768116,parsed
37197101,True,39,38,31,7,44,9,3,0.9743589743589743,parsed
10613973,True,77,76,65,11,76,31,8,0.987012987012987,parsed
10614101,True,41,40,29,11,41,6,3,0.975609756097561,parsed
10614317,True,43,42,31,11,43,8,3,0.9767441860465116,parsed
10614365,True,48,47,33,14,58,9,3,0.9791666666666666,parsed
10614397,True,89,88,78,10,72,29,5,0.9887640449438202,parsed
32069767,True,20,19,13,6,71,4,2,0.95,parsed
10614493,True,32,31,17,14,40,2,3,0.96875,parsed
37174245,True,24,23,10,13,36,3,2,0.9583333333333334,parsed
32037759,True,39,38,25,13,62,5,6,0.9743589743589743,parsed
10615501,True,42,41,31,9,40,10,2,0.9761904761904762,parsed
10615613,True,31,30,24,6,33,6,2,0.967741935483871,parsed
10615725,True,29,28,27,1,43,6,1,0.9655172413793104,parsed
10615853,True,28,27,19,8,42,2,1,0.9642857142857143,parsed
10616181,True,65,64,46,18,79,15,8,0.9846153846153847,parsed
10616293,True,37,36,27,9,40,5,2,0.972972972972973,parsed
10616381,True,59,58,43,15,77,15,7,0.9830508474576272,parsed
10616485,True,49,48,31,17,43,10,8,0.9795918367346939,parsed
10616661,True,90,89,71,18,71,23,10,0.9888888888888889,parsed
10616741,True,37,36,24,12,40,5,2,0.972972972972973,parsed
10617277,True,46,45,30,15,41,8,4,0.9782608695652174,parsed
10617493,True,34,33,21,12,33,2,3,0.9705882352941176,parsed
10617613,True,64,63,42,21,69,13,10,0.984375,parsed
10617949,True,48,47,35,12,64,8,3,0.9791666666666666,parsed
10618205,True,65,64,50,14,63,12,4,0.9846153846153847,parsed
10618341,True,45,44,36,8,42,9,4,0.9777777777777777,parsed
10618469,True,35,34,23,11,42,6,5,0.9714285714285714,parsed
10618621,True,50,49,35,14,43,9,2,0.98,parsed
10618741,True,86,85,61,24,62,21,11,0.9883720930232558,parsed
10618781,True,26,25,20,5,36,4,1,0.9615384615384616,parsed
10618989,True,50,49,33,16,44,12,9,0.98,parsed
10619485,True,33,32,20,12,37,3,0,0.9696969696969697,parsed
10619533,True,103,102,81,21,79,26,13,0.9902912621359223,parsed
10619605,True,52,51,33,18,41,10,6,0.9807692307692307,parsed
10619629,True,23,22,17,5,34,3,1,0.9565217391304348,parsed
10620269,True,37,36,28,8,44,7,3,0.972972972972973,parsed
10620421,True,74,73,56,17,81,18,8,0.9864864864864865,parsed
10621141,True,30,29,21,8,40,4,1,0.9666666666666667,parsed
10621613,True,61,60,41,19,57,12,9,0.9836065573770492,parsed
10621629,True,94,93,68,25,77,23,14,0.9893617021276596,parsed
10621869,True,36,35,24,11,33,4,1,0.9722222222222222,parsed
10622149,True,78,77,52,25,42,18,13,0.9871794871794872,parsed
10622189,True,59,58,42,16,43,12,7,0.9830508474576272,parsed
10622229,True,50,49,33,16,43,11,7,0.98,parsed
10622405,True,109,108,94,14,80,34,8,0.9908256880733946,parsed
10622453,True,75,74,55,19,80,19,8,0.9866666666666667,parsed
10622789,True,40,39,27,12,33,3,2,0.975,parsed
10623045,True,100,99,66,33,74,22,17,0.99,parsed
10623557,True,20,19,13,6,38,3,0,0.95,parsed
10624125,True,86,85,65,20,73,22,12,0.9883720930232558,parsed
10625213,True,53,52,37,15,44,10,7,0.9811320754716981,parsed
10625445,True,59,58,39,19,40,10,6,0.9830508474576272,parsed
10625565,True,104,103,80,23,88,31,11,0.9903846153846154,parsed
10625661,True,52,51,39,12,41,12,6,0.9807692307692307,parsed
10626357,True,73,72,52,20,73,25,14,0.9863013698630136,parsed
10626661,True,68,67,42,25,67,16,14,0.9852941176470589,parsed
10627653,True,96,95,75,20,64,28,8,0.9895833333333334,parsed
10627701,True,52,51,33,18,44,8,7,0.9807692307692307,parsed
10627813,True,41,40,28,12,41,6,3,0.975609756097561,parsed
10628237,True,77,76,52,24,64,19,13,0.987012987012987,parsed
10628293,True,66,65,46,19,74,15,12,0.9848484848484849,parsed
10628413,True,29,28,17,11,37,0,2,0.9655172413793104,parsed
32613759,True,18,17,7,10,41,1,2,0.9444444444444444,parsed
10628973,True,41,40,24,16,41,7,7,0.975609756097561,parsed
10629517,True,56,55,37,18,40,14,9,0.9821428571428571,parsed
10629541,True,112,111,88,23,78,32,14,0.9910714285714286,parsed
10629877,True,45,44,24,20,31,2,5,0.9777777777777777,parsed
10629973,True,25,24,14,10,39,2,2,0.96,parsed
10630013,True,99,98,75,23,77,27,16,0.98989898989899,parsed
10630517,True,56,55,33,22,41,9,11,0.9821428571428571,parsed
10631117,True,60,59,43,16,42,15,6,0.9833333333333333,parsed
10631781,True,54,53,37,16,41,11,7,0.9814814814814815,parsed
37119516,True,17,16,7,9,36,0,1,0.9411764705882353,parsed
10631885,True,90,89,66,23,69,20,16,0.9888888888888889,parsed
10632853,True,92,91,63,28,74,21,16,0.9891304347826086,parsed
10633389,True,59,58,35,23,40,10,9,0.9830508474576272,parsed
10633517,True,42,41,30,11,41,6,1,0.9761904761904762,parsed
10634557,True,63,62,44,18,45,13,6,0.9841269841269841,parsed
10634565,True,45,44,29,15,43,6,4,0.9777777777777777,parsed
10634717,True,62,61,45,16,40,14,7,0.9838709677419355,parsed
10634869,True,52,51,37,14,42,9,3,0.9807692307692307,parsed
10635525,True,90,89,62,27,88,20,12,0.9888888888888889,parsed
10635781,True,61,60,47,13,44,15,7,0.9836065573770492,parsed
37117252,True,16,15,13,2,33,1,0,0.9375,parsed
10635813,True,30,29,20,9,33,5,2,0.9666666666666667,parsed
10636565,True,34,33,23,10,37,3,2,0.9705882352941176,parsed
10636885,True,52,51,34,17,40,10,6,0.9807692307692307,parsed
14680436,True,55,54,41,13,42,14,4,0.9818181818181818,parsed
14680500,True,64,63,41,22,59,12,13,0.984375,parsed
14680868,True,52,51,34,17,43,10,5,0.9807692307692307,parsed
14681116,True,66,65,45,20,42,13,8,0.9848484848484849,parsed
14681124,True,62,61,42,19,44,12,9,0.9838709677419355,parsed
14681228,True,50,49,30,19,41,7,8,0.98,parsed
35989759,True,27,26,20,6,81,5,1,0.9629629629629629,parsed
14682092,True,48,47,37,10,42,11,3,0.9791666666666666,parsed
32733759,True,14,13,9,4,81,2,1,0.9285714285714286,parsed
14682284,True,35,34,28,6,45,5,2,0.9714285714285714,parsed
10147398,True,12,11,10,1,45,2,0,0.9166666666666666,parsed
14682564,True,93,92,67,25,81,24,11,0.989247311827957,parsed
14682676,True,102,101,71,29,82,27,14,0.9901960784313726,parsed
14682700,True,77,76,61,15,89,21,7,0.987012987012987,parsed
14683268,True,122,121,99,22,78,36,11,0.9918032786885246,parsed
14683468,True,49,48,31,17,40,9,7,0.9795918367346939,parsed
14683836,True,105,104,80,24,81,26,14,0.9904761904761905,parsed
14683916,True,50,49,33,16,42,10,7,0.98,parsed
14683996,True,102,101,79,22,82,27,9,0.9901960784313726,parsed
14684788,True,43,42,31,11,44,6,2,0.9767441860465116,parsed
14684876,True,31,30,21,9,33,6,2,0.967741935483871,parsed
14685092,True,22,21,8,13,43,1,3,0.9545454545454546,parsed
14685516,True,25,24,21,3,44,4,2,0.96,parsed
14685916,True,60,59,37,22,71,10,9,0.9833333333333333,parsed
14686028,True,137,136,85,49,72,29,20,0.9927007299270073,parsed
32829759,True,18,17,10,7,71,3,3,0.9444444444444444,parsed
14686124,True,105,104,75,29,73,24,14,0.9904761904761905,parsed
14686172,True,87,86,52,34,74,18,15,0.9885057471264368,parsed
14686340,True,78,77,47,30,72,15,14,0.9871794871794872,parsed
14686460,True,29,28,18,10,36,1,0,0.9655172413793104,parsed
14686500,True,36,35,25,10,40,5,3,0.9722222222222222,parsed
14686692,True,45,44,27,17,40,7,7,0.9777777777777777,parsed
14686860,True,152,151,86,65,80,30,33,0.993421052631579,parsed
14687260,True,71,70,52,18,69,17,9,0.9859154929577465,parsed
14687420,True,54,53,38,15,62,12,9,0.9814814814814815,parsed
14687740,True,52,51,37,14,42,12,3,0.9807692307692307,parsed
14687804,True,80,79,62,17,45,21,7,0.9875,parsed
14688260,True,94,93,75,18,88,25,7,0.9893617021276596,parsed
14688476,True,72,71,54,17,146,22,10,0.9861111111111112,parsed
14688820,True,50,49,37,12,44,10,5,0.98,parsed
14688996,True,16,15,11,4,42,1,0,0.9375,parsed
14689004,True,56,55,38,17,81,13,8,0.9821428571428571,parsed
14689228,True,59,58,37,21,47,10,8,0.9830508474576272,parsed
14689420,True,22,21,16,5,33,3,1,0.9545454545454546,parsed
14689652,True,91,90,69,21,51,23,7,0.989010989010989,parsed
14689972,True,23,22,17,5,35,1,1,0.9565217391304348,parsed
14689980,True,58,57,44,13,50,12,7,0.9827586206896551,parsed
14690804,True,51,50,30,20,42,8,9,0.9803921568627451,parsed
32973759,True,32,31,19,12,59,8,7,0.96875,parsed
14690932,True,75,74,50,24,59,15,12,0.9866666666666667,parsed
14692612,True,47,46,36,10,40,11,4,0.9787234042553191,parsed
14692700,True,56,55,42,13,35,15,3,0.9821428571428571,parsed
14692836,True,60,59,44,15,42,13,4,0.9833333333333333,parsed
14692844,True,38,37,27,10,93,18,9,0.9736842105263158,parsed
14694564,True,47,46,38,8,94,23,7,0.9787234042553191,parsed
14694636,True,65,64,42,22,43,15,9,0.9846153846153847,parsed
14695300,True,60,59,39,20,43,11,8,0.9833333333333333,parsed
33029759,True,44,43,30,13,34,6,4,0.9772727272727273,parsed
14695308,True,17,16,14,2,33,3,2,0.9411764705882353,parsed
36934359,True,13,12,10,2,37,1,1,0.9230769230769231,parsed
14695324,True,15,14,10,4,34,1,1,0.9333333333333333,parsed
14695340,True,43,42,27,15,33,7,4,0.9767441860465116,parsed
14695652,True,71,70,55,15,123,22,11,0.9859154929577465,parsed
14695660,True,90,89,65,24,84,23,12,0.9888888888888889,parsed
14695812,True,87,86,69,17,86,21,8,0.9885057471264368,parsed
14696612,True,55,54,38,16,43,9,4,0.9818181818181818,parsed
14697108,True,80,79,61,18,83,19,8,0.9875,parsed
14697788,True,43,42,31,11,46,9,4,0.9767441860465116,parsed
33117759,True,42,41,18,23,46,6,11,0.9761904761904762,parsed
14697796,True,61,60,45,15,46,14,6,0.9836065573770492,parsed
10656389,True,99,98,74,24,84,24,11,0.98989898989899,parsed
10657125,True,116,115,89,26,66,30,15,0.9913793103448276,parsed
10657277,True,42,41,30,11,40,7,4,0.9761904761904762,parsed
10657525,True,119,118,97,21,85,36,9,0.9915966386554622,parsed
10657533,True,111,110,94,16,81,36,9,0.990990990990991,parsed
10657549,True,119,118,101,16,82,35,8,0.9915966386554622,parsed
10657565,True,34,33,28,5,45,12,3,0.9705882352941176,parsed
10657701,True,123,122,101,21,129,55,20,0.991869918699187,parsed
10657789,True,100,99,74,23,81,27,13,0.99,parsed
10657981,True,63,62,35,26,44,13,12,0.9841269841269841,parsed
10658109,True,105,104,76,28,86,26,14,0.9904761904761905,parsed
10658421,True,113,112,87,25,81,32,13,0.9911504424778761,parsed
10658461,True,73,72,54,18,59,19,8,0.9863013698630136,parsed
10658789,True,68,67,43,24,49,15,10,0.9852941176470589,parsed
10659101,True,55,54,31,23,44,8,10,0.9818181818181818,parsed
10659325,True,74,73,52,21,59,18,10,0.9864864864864865,parsed
10659453,True,37,36,19,17,32,4,8,0.972972972972973,parsed
10659469,True,47,46,29,17,41,8,5,0.9787234042553191,parsed
10659597,True,51,50,31,19,41,10,8,0.9803921568627451,parsed
10659661,True,34,33,23,10,36,3,1,0.9705882352941176,parsed
10660221,True,63,62,38,24,44,12,9,0.9841269841269841,parsed
10660557,True,69,68,50,18,43,18,8,0.9855072463768116,parsed
10660837,True,79,78,66,12,142,27,9,0.9873417721518988,parsed
10661573,True,50,49,33,16,39,9,5,0.98,parsed
10661685,True,100,99,71,28,72,24,13,0.99,parsed
10662013,True,18,17,12,5,35,3,3,0.9444444444444444,parsed
10662029,True,62,61,39,22,43,11,8,0.9838709677419355,parsed
10662053,True,50,49,29,20,39,6,4,0.98,parsed
37101116,True,25,24,15,9,40,1,2,0.96,parsed
10662365,True,27,26,20,6,39,4,0,0.9629629629629629,parsed
10662837,True,99,98,78,20,85,23,11,0.98989898989899,parsed
10663093,True,23,22,18,4,32,2,0,0.9565217391304348,parsed
10663141,True,17,16,13,3,32,2,1,0.9411764705882353,parsed
10663157,True,53,52,38,14,42,9,5,0.9811320754716981,parsed
10663165,True,33,32,24,7,41,5,1,0.9696969696969697,parsed
10663453,True,40,39,27,11,38,6,5,0.975,parsed
10663957,True,57,56,38,18,40,11,5,0.9824561403508771,parsed
10664381,True,69,68,46,22,56,14,9,0.9855072463768116,parsed
10664797,True,51,50,30,20,41,6,5,0.9803921568627451,parsed
10664909,True,57,56,31,25,39,8,9,0.9824561403508771,parsed
10665149,True,105,104,77,27,80,24,12,0.9904761904761905,parsed
10665173,True,125,124,94,30,80,36,14,0.992,parsed
10665373,True,117,116,85,31,104,29,13,0.9914529914529915,parsed
10665413,True,42,41,26,15,33,3,4,0.9761904761904762,parsed
10665629,True,73,72,55,17,127,24,10,0.9863013698630136,parsed
10665693,True,91,90,66,24,69,20,11,0.989010989010989,parsed
10665733,True,34,33,19,14,32,3,3,0.9705882352941176,parsed
10666413,True,107,106,77,29,75,24,10,0.9906542056074766,parsed
10667013,True,37,36,26,10,39,4,2,0.972972972972973,parsed
10667021,True,41,40,29,11,37,4,1,0.975609756097561,parsed
10667037,True,40,39,29,10,39,5,3,0.975,parsed
10667045,True,24,23,18,5,39,1,0,0.9583333333333334,parsed
10668173,True,47,46,28,18,39,5,7,0.9787234042553191,parsed
10668261,True,22,21,15,6,29,2,1,0.9545454545454546,parsed
10669221,True,89,88,78,10,64,25,2,0.9887640449438202,parsed
10669861,True,55,54,43,11,71,11,5,0.9818181818181818,parsed
10670205,True,24,23,19,4,37,1,0,0.9583333333333334,parsed
10670413,True,60,59,52,7,86,17,3,0.9833333333333333,parsed
10671365,True,39,38,27,11,41,4,3,0.9743589743589743,parsed
10671989,True,148,147,130,16,77,55,8,0.9932432432432432,parsed
10672573,True,51,50,42,8,74,12,3,0.9803921568627451,parsed
10672981,True,39,38,25,13,39,5,4,0.9743589743589743,parsed
10672997,True,36,35,25,10,39,4,2,0.9722222222222222,parsed
10673037,True,47,46,39,7,73,9,5,0.9787234042553191,parsed
14715500,True,49,48,36,12,80,11,7,0.9795918367346939,parsed
14715524,True,41,40,29,11,81,8,5,0.975609756097561,parsed
14715540,True,90,89,79,10,81,28,7,0.9888888888888889,parsed
14715564,True,34,33,26,7,81,8,4,0.9705882352941176,parsed
14715684,True,45,44,32,12,81,9,5,0.9777777777777777,parsed
14715796,True,17,16,12,4,32,2,0,0.9411764705882353,parsed
14715916,True,32,31,25,6,41,6,1,0.96875,parsed
14716692,True,42,41,26,15,80,15,12,0.9761904761904762,parsed
14718124,True,51,50,37,13,79,12,8,0.9803921568627451,parsed
14718172,True,42,41,29,12,79,9,5,0.9761904761904762,parsed
14718212,True,110,109,87,22,92,35,12,0.990909090909091,parsed
14718756,True,114,113,104,9,71,47,8,0.9912280701754386,parsed
14718764,True,58,57,49,8,74,17,6,0.9827586206896551,parsed
14718772,True,48,47,34,13,76,12,8,0.9791666666666666,parsed
14718836,True,65,64,47,17,72,16,10,0.9846153846153847,parsed
14719076,True,79,78,59,19,70,17,12,0.9873417721518988,parsed
14719124,True,66,65,56,9,71,18,4,0.9848484848484849,parsed
14719524,True,62,61,43,18,71,13,11,0.9838709677419355,parsed
14720308,True,55,54,36,18,85,14,8,0.9818181818181818,parsed
14720340,True,25,24,16,8,36,2,1,0.96,parsed
14720524,True,34,33,23,10,42,5,4,0.9705882352941176,parsed
14720724,True,96,95,66,29,77,24,16,0.9895833333333334,parsed
14722260,True,44,43,29,14,41,9,5,0.9772727272727273,parsed
14722268,True,23,22,18,4,41,5,3,0.9565217391304348,parsed
14722972,True,59,58,41,17,73,16,8,0.9830508474576272,parsed
14723412,True,36,35,23,12,37,6,4,0.9722222222222222,parsed
14723532,True,42,41,29,12,108,13,7,0.9761904761904762,parsed
14723540,True,63,62,46,16,108,18,10,0.9841269841269841,parsed
14723732,True,36,35,23,12,46,6,4,0.9722222222222222,parsed
14724004,True,50,49,36,13,60,11,8,0.98,parsed
14724020,True,51,50,37,13,60,14,9,0.9803921568627451,parsed
14724044,True,39,38,27,11,60,7,4,0.9743589743589743,parsed
14724804,True,52,51,33,18,45,10,10,0.9807692307692307,parsed
10154482,True,38,37,20,17,46,4,5,0.9736842105263158,parsed
14725268,True,36,35,21,14,40,5,4,0.9722222222222222,parsed
14725364,True,55,54,43,11,77,14,6,0.9818181818181818,parsed
14725564,True,23,22,13,9,34,1,1,0.9565217391304348,parsed
10154722,True,22,21,15,6,43,2,0,0.9545454545454546,parsed
14725676,True,34,33,27,6,42,8,3,0.9705882352941176,parsed
14725724,True,28,27,18,9,43,4,2,0.9642857142857143,parsed
14725764,True,44,43,27,16,43,9,7,0.9772727272727273,parsed
14726092,True,63,62,46,16,117,17,13,0.9841269841269841,parsed
14726244,True,34,33,26,7,43,9,5,0.9705882352941176,parsed
14726836,True,20,19,17,2,60,5,0,0.95,parsed
14727068,True,30,29,22,7,34,5,1,0.9666666666666667,parsed
14727108,True,37,36,27,9,41,7,4,0.972972972972973,parsed
14727396,True,91,90,77,13,88,26,6,0.989010989010989,parsed
14728444,True,40,39,32,7,45,8,3,0.975,parsed
14729332,True,39,38,23,15,39,5,3,0.9743589743589743,parsed
14730156,True,33,32,19,13,40,5,4,0.9696969696969697,parsed
14731540,True,18,17,12,5,37,2,0,0.9444444444444444,parsed
14731660,True,70,69,60,9,41,20,4,0.9857142857142858,parsed
14731716,True,47,46,37,9,45,14,5,0.9787234042553191,parsed
14732212,True,46,45,37,8,40,13,3,0.9782608695652174,parsed
14732268,True,27,26,18,8,41,4,5,0.9629629629629629,parsed
14732844,True,34,33,29,4,43,8,2,0.9705882352941176,parsed
14733300,True,98,97,79,18,121,32,11,0.9897959183673469,parsed
14733516,True,115,114,98,16,91,39,11,0.991304347826087,parsed
14734828,True,112,111,86,25,70,33,14,0.9910714285714286,parsed
14734836,True,103,102,74,28,74,26,15,0.9902912621359223,parsed
14736108,True,32,31,21,10,38,9,3,0.96875,parsed
14736372,True,35,34,20,14,34,3,3,0.9714285714285714,parsed
14737396,True,35,34,26,8,38,5,2,0.9714285714285714,parsed
10156322,True,32,31,18,13,34,2,1,0.96875,parsed
10156402,True,18,17,14,2,34,2,0,0.9444444444444444,parsed
14737476,True,43,42,27,15,38,8,4,0.9767441860465116,parsed
14739124,True,58,57,43,14,76,15,9,0.9827586206896551,parsed
14740124,True,44,43,30,13,45,8,5,0.9772727272727273,parsed
14740244,True,56,55,39,16,88,13,6,0.9821428571428571,parsed
14740500,True,50,49,31,18,45,13,12,0.98,parsed
10699845,True,30,29,21,8,36,4,0,0.9666666666666667,parsed
10158082,True,17,16,13,3,41,3,1,0.9411764705882353,parsed
10699885,True,38,37,33,4,45,6,1,0.9736842105263158,parsed
10192590,True,14,13,13,0,42,1,0,0.9285714285714286,parsed
10158162,True,27,26,24,2,45,5,1,0.9629629629629629,parsed
10700149,True,26,25,18,7,43,5,2,0.9615384615384616,parsed
10700293,True,43,42,33,9,45,10,4,0.9767441860465116,parsed
10700429,True,52,51,47,4,46,17,3,0.9807692307692307,parsed
10158242,True,31,30,25,5,45,7,3,0.967741935483871,parsed
10701413,True,45,44,21,23,133,8,9,0.9777777777777777,parsed
10702637,True,54,53,43,10,91,14,3,0.9814814814814815,parsed
10702645,True,43,42,30,12,91,12,5,0.9767441860465116,parsed
10702797,True,48,47,38,9,65,12,3,0.9791666666666666,parsed
10702837,True,50,49,39,10,60,13,3,0.98,parsed
10703133,True,39,38,31,7,42,8,2,0.9743589743589743,parsed
10703173,True,35,34,25,9,43,6,3,0.9714285714285714,parsed
10703373,True,31,30,23,7,39,6,1,0.967741935483871,parsed
10703941,True,21,20,18,2,43,4,1,0.9523809523809523,parsed
14745564,True,48,47,40,7,78,14,2,0.9791666666666666,parsed
14745580,True,111,110,95,15,88,38,9,0.990990990990991,parsed
14745588,True,41,40,35,5,91,12,1,0.975609756097561,parsed
10189474,True,11,10,8,2,92,6,1,0.9090909090909091,parsed
10189650,True,16,15,11,4,90,7,3,0.9375,parsed
10189654,True,18,17,13,4,92,5,3,0.9444444444444444,parsed
14745596,True,34,33,24,9,91,13,5,0.9705882352941176,parsed
14745612,True,17,16,12,3,91,6,3,0.9411764705882353,parsed
14745620,True,44,43,34,9,93,15,5,0.9772727272727273,parsed
14745636,True,50,49,40,9,88,17,4,0.98,parsed
33869759,True,37,36,22,14,87,13,7,0.972972972972973,parsed
14745652,True,60,59,40,19,92,16,10,0.9833333333333333,parsed
14745676,True,43,42,33,9,87,12,7,0.9767441860465116,parsed
14745684,True,80,79,63,16,91,24,12,0.9875,parsed
14745732,True,18,17,13,4,93,6,3,0.9444444444444444,parsed
14745748,True,62,61,52,9,91,20,7,0.9838709677419355,parsed
14745908,True,64,63,49,14,92,21,9,0.984375,parsed
14745924,True,25,24,20,4,89,9,3,0.96,parsed
10189250,True,19,18,15,3,82,8,2,0.9473684210526315,parsed
14745932,True,96,95,77,18,91,31,7,0.9895833333333334,parsed
14746004,True,42,41,35,6,81,14,4,0.9761904761904762,parsed
14746164,True,63,62,55,7,86,20,4,0.9841269841269841,parsed
33877759,True,20,19,11,8,93,5,6,0.95,parsed
14746172,True,90,89,79,10,92,32,7,0.9888888888888889,parsed
14746452,True,79,78,53,25,91,21,12,0.9873417721518988,parsed
14746604,True,37,36,31,5,92,14,3,0.972972972972973,parsed
34021759,True,26,25,15,10,91,8,4,0.9615384615384616,parsed
14746668,True,58,57,47,10,89,19,6,0.9827586206896551,parsed
14746724,True,49,48,33,15,91,12,9,0.9795918367346939,parsed
14746772,True,51,50,37,13,90,17,9,0.9803921568627451,parsed
14746844,True,88,87,57,30,88,24,18,0.9886363636363636,parsed
14747396,True,96,95,79,16,87,29,9,0.9895833333333334,parsed
14747404,True,49,48,40,8,89,15,7,0.9795918367346939,parsed
14747428,True,33,32,28,4,81,11,3,0.9696969696969697,parsed
14747452,True,25,24,21,3,84,11,2,0.96,parsed
14747556,True,33,32,28,4,90,13,3,0.9696969696969697,parsed
14747684,True,41,40,33,7,88,14,6,0.975609756097561,parsed
14747756,True,35,34,32,2,86,11,2,0.9714285714285714,parsed
14748044,True,79,78,63,15,89,24,9,0.9873417721518988,parsed
14748052,True,43,42,35,7,90,14,3,0.9767441860465116,parsed
14749388,True,97,96,61,35,91,21,14,0.9896907216494846,parsed
14749420,True,58,57,48,9,92,19,2,0.9827586206896551,parsed
14749724,True,78,77,67,10,136,32,2,0.9871794871794872,parsed
14749764,True,86,85,67,18,91,26,8,0.9883720930232558,parsed
14749860,True,74,73,54,19,88,21,13,0.9864864864864865,parsed
14750604,True,55,54,41,13,93,16,6,0.9818181818181818,parsed
14750724,True,41,40,33,7,93,15,3,0.975609756097561,parsed
14750780,True,52,51,41,10,91,13,2,0.9807692307692307,parsed
14751300,True,37,36,32,4,89,14,2,0.972972972972973,parsed
14751940,True,48,47,38,9,82,17,4,0.9791666666666666,parsed
14752220,True,67,66,47,19,84,16,10,0.9850746268656716,parsed
14752284,True,95,94,72,22,91,29,10,0.9894736842105263,parsed
14752348,True,90,89,68,21,87,27,12,0.9888888888888889,parsed
14752380,True,38,37,30,7,89,13,4,0.9736842105263158,parsed
14752460,True,17,16,13,3,36,3,0,0.9411764705882353,parsed
14752556,True,66,65,58,7,135,28,2,0.9848484848484849,parsed
14752700,True,41,40,35,5,90,16,2,0.975609756097561,parsed
14752884,True,38,37,34,3,89,14,1,0.9736842105263158,parsed
14753036,True,37,36,30,6,74,13,3,0.972972972972973,parsed
14753300,True,33,32,28,4,68,10,3,0.9696969696969697,parsed
14753356,True,18,17,13,4,77,4,3,0.9444444444444444,parsed
14754324,True,14,13,10,3,40,2,1,0.9285714285714286,parsed
14754356,True,16,15,14,1,34,4,0,0.9375,parsed
10160722,True,15,14,12,2,34,3,1,0.9333333333333333,parsed
14754388,True,18,17,13,4,34,2,0,0.9444444444444444,parsed
14754412,True,47,46,40,6,93,15,2,0.9787234042553191,parsed
14754780,True,54,53,46,7,73,17,3,0.9814814814814815,parsed
14754900,True,47,46,36,10,59,13,6,0.9787234042553191,parsed
10714749,True,21,20,14,6,40,5,3,0.9523809523809523,parsed
10715237,True,44,43,37,6,70,16,6,0.9772727272727273,parsed
10715365,True,88,87,76,11,104,31,2,0.9886363636363636,parsed
10716053,True,89,88,57,31,86,20,13,0.9887640449438202,parsed
10716205,True,26,25,21,4,43,6,2,0.9615384615384616,parsed
10717277,True,28,27,21,6,42,7,1,0.9642857142857143,parsed
10717781,True,36,35,25,10,43,6,3,0.9722222222222222,parsed
10718397,True,32,31,25,6,35,12,2,0.96875,parsed
10721237,True,50,49,41,8,71,17,7,0.98,parsed
10722005,True,76,75,68,7,72,25,4,0.9868421052631579,parsed
10722141,True,44,43,31,12,43,13,8,0.9772727272727273,parsed
10723037,True,28,27,18,9,70,10,5,0.9642857142857143,parsed
10723509,True,25,24,20,4,38,7,2,0.96,parsed
10723933,True,62,61,46,15,73,16,10,0.9838709677419355,parsed
10724837,True,25,24,19,5,39,6,2,0.96,parsed
10724845,True,72,71,57,14,136,23,13,0.9861111111111112,parsed
10725973,True,52,51,38,13,86,15,8,0.9807692307692307,parsed
10725989,True,52,51,41,10,84,16,7,0.9807692307692307,parsed
10726413,True,97,96,80,16,139,36,16,0.9896907216494846,parsed
10727093,True,52,51,39,12,89,15,6,0.9807692307692307,parsed
10727893,True,38,37,29,8,44,9,5,0.9736842105263158,parsed
10728701,True,40,39,32,7,53,10,6,0.975,parsed
10730117,True,46,45,35,10,59,13,8,0.9782608695652174,parsed
10730349,True,88,87,71,16,139,31,15,0.9886363636363636,parsed
14771884,True,34,33,21,12,34,7,5,0.9705882352941176,parsed
14772188,True,17,16,12,4,43,2,1,0.9411764705882353,parsed
14772556,True,81,80,51,29,115,19,11,0.9876543209876543,parsed
14772652,True,22,21,19,2,37,6,0,0.9545454545454546,parsed
10165682,True,10,9,6,3,36,0,0,0.9,parsed
14772972,True,22,21,16,5,45,4,2,0.9545454545454546,parsed
14773012,True,73,72,63,9,94,24,6,0.9863013698630136,parsed
14773244,True,22,21,15,6,43,2,2,0.9545454545454546,parsed
14773852,True,21,20,17,3,39,4,0,0.9523809523809523,parsed
14774036,True,17,16,15,1,45,5,0,0.9411764705882353,parsed
14774124,True,21,20,14,6,34,4,1,0.9523809523809523,parsed
14775604,True,25,24,21,3,35,6,1,0.96,parsed
14775788,True,27,26,20,6,46,5,1,0.9629629629629629,parsed
14776012,True,30,29,26,3,45,10,2,0.9666666666666667,parsed
14776636,True,19,18,16,2,47,4,0,0.9473684210526315,parsed
10736101,True,73,72,51,21,141,23,6,0.9863013698630136,parsed
36942479,True,27,26,17,9,44,6,4,0.9629629629629629,parsed
10743157,True,52,51,39,12,105,14,8,0.9807692307692307,parsed
10743261,True,41,40,28,12,43,9,6,0.975609756097561,parsed
10743373,True,44,43,32,11,63,12,6,0.9772727272727273,parsed
10747941,True,65,64,49,15,80,20,9,0.9846153846153847,parsed
10749061,True,28,27,19,8,39,7,2,0.9642857142857143,parsed
10749781,True,62,61,50,11,90,20,6,0.9838709677419355,parsed
10751261,True,31,30,22,8,48,6,3,0.967741935483871,parsed
10751397,True,18,17,13,4,41,3,1,0.9444444444444444,parsed
10751509,True,29,28,22,6,43,7,5,0.9655172413793104,parsed
10751781,True,35,34,29,5,45,9,4,0.9714285714285714,parsed
10751837,True,31,30,20,10,41,7,4,0.967741935483871,parsed
10752085,True,19,18,15,3,42,4,0,0.9473684210526315,parsed
10753165,True,32,31,23,8,43,6,4,0.96875,parsed
10753933,True,46,45,38,7,72,17,5,0.9782608695652174,parsed
10754973,True,28,27,19,8,43,5,2,0.9642857142857143,parsed
10756957,True,19,18,16,2,36,5,1,0.9473684210526315,parsed
10757205,True,40,39,30,9,64,11,3,0.975,parsed
10758429,True,25,24,16,8,35,5,4,0.96,parsed
10758933,True,23,22,12,10,40,2,2,0.9565217391304348,parsed
10760165,True,67,66,54,12,71,18,8,0.9850746268656716,parsed
10760605,True,27,26,19,7,43,5,2,0.9629629629629629,parsed
10760733,True,47,46,39,7,45,15,4,0.9787234042553191,parsed
10760949,True,20,19,12,7,38,3,2,0.95,parsed
10760973,True,37,36,27,9,45,10,3,0.972972972972973,parsed
10761373,True,32,31,27,4,43,9,2,0.96875,parsed
10761397,True,37,36,33,3,42,12,1,0.972972972972973,parsed
10762117,True,36,35,31,4,45,13,2,0.9722222222222222,parsed
10762165,True,19,18,12,6,43,3,1,0.9473684210526315,parsed
10763509,True,30,29,21,8,43,7,3,0.9666666666666667,parsed
10763549,True,29,28,20,8,42,6,3,0.9655172413793104,parsed
10763829,True,24,23,16,7,39,4,3,0.9583333333333334,parsed
34965759,True,17,16,7,9,39,1,5,0.9411764705882353,parsed
10765061,True,36,35,28,7,44,9,4,0.9722222222222222,parsed
10765157,True,28,27,19,8,44,7,3,0.9642857142857143,parsed
10767005,True,22,21,14,7,40,3,2,0.9545454545454546,parsed
10767557,True,27,26,20,6,37,6,3,0.9629629629629629,parsed
10767757,True,30,29,22,7,43,6,2,0.9666666666666667,parsed
10768637,True,51,50,43,7,68,17,4,0.9803921568627451,parsed
10768933,True,28,27,21,6,43,6,3,0.9642857142857143,parsed
10769493,True,21,20,17,3,39,4,0,0.9523809523809523,parsed
10770029,True,18,17,13,4,32,5,2,0.9444444444444444,parsed
10773085,True,83,82,67,15,93,25,9,0.9879518072289156,parsed
10773949,True,22,21,17,3,38,7,1,0.9545454545454546,parsed
10774605,True,41,40,36,4,85,17,4,0.975609756097561,parsed
10774757,True,14,13,10,3,45,3,1,0.9285714285714286,parsed
10775573,True,29,28,21,7,46,7,3,0.9655172413793104,parsed
10776605,True,28,27,21,6,41,5,2,0.9642857142857143,parsed
10777357,True,12,11,10,1,35,1,0,0.9166666666666666,parsed
10778317,True,19,18,16,2,43,4,0,0.9473684210526315,parsed
10778757,True,21,20,20,0,31,7,0,0.9523809523809523,parsed
10779005,True,24,23,21,2,43,7,1,0.9583333333333334,parsed
10779277,True,21,20,18,2,42,5,1,0.9523809523809523,parsed
10779597,True,15,14,8,6,112,8,5,0.9333333333333333,parsed
10779701,True,30,29,22,7,45,8,4,0.9666666666666667,parsed
10780253,True,20,19,17,2,39,4,1,0.95,parsed
10780885,True,97,96,68,28,158,34,22,0.9896907216494846,parsed
10782957,True,29,28,20,8,41,6,3,0.9655172413793104,parsed
10784021,True,27,26,21,5,40,7,3,0.9629629629629629,parsed
10785477,True,62,61,48,13,50,19,7,0.9838709677419355,parsed
10786725,True,97,96,80,16,86,31,6,0.9896907216494846,parsed
10787333,True,99,98,95,3,89,38,3,0.98989898989899,parsed
10787509,True,45,44,40,4,88,13,4,0.9777777777777777,parsed
10787949,True,90,89,87,2,85,33,2,0.9888888888888889,parsed
10788077,True,23,22,14,8,108,10,4,0.9565217391304348,parsed
10788765,True,39,38,33,4,43,13,2,0.9743589743589743,parsed
10788893,True,26,25,20,5,40,4,1,0.9615384615384616,parsed
10788901,True,21,20,15,5,44,3,3,0.9523809523809523,parsed
10789053,True,25,24,17,7,42,3,1,0.96,parsed
10789757,True,21,20,16,4,41,5,0,0.9523809523809523,parsed
10789845,True,22,21,17,4,43,4,1,0.9545454545454546,parsed
10791189,True,32,31,23,8,42,6,2,0.96875,parsed
10791853,True,65,64,43,19,61,15,9,0.9846153846153847,parsed
10792493,True,27,26,22,4,44,6,1,0.9629629629629629,parsed
10792661,True,30,29,25,4,42,7,2,0.9666666666666667,parsed
10793149,True,29,28,26,2,42,10,1,0.9655172413793104,parsed
10793549,True,31,30,24,6,134,20,4,0.967741935483871,parsed
10793685,True,49,48,31,17,70,17,10,0.9795918367346939,parsed
10793909,True,28,27,16,11,124,13,8,0.9642857142857143,parsed
10794229,True,28,27,19,8,46,6,3,0.9642857142857143,parsed
10796181,True,50,49,42,7,78,15,3,0.98,parsed
10796437,True,36,35,30,5,33,10,2,0.9722222222222222,parsed
10798005,True,73,72,66,5,35,25,3,0.9863013698630136,parsed
10798205,True,32,31,25,6,43,6,1,0.96875,parsed
10798845,True,28,27,22,5,41,8,2,0.9642857142857143,parsed
10799037,True,71,70,60,10,44,20,6,0.9859154929577465,parsed
10799357,True,36,35,27,8,47,9,3,0.9722222222222222,parsed
10799813,True,16,15,15,0,43,4,0,0.9375,parsed
10800093,True,64,63,52,11,127,22,8,0.984375,parsed
14842932,True,38,37,31,6,67,13,5,0.9736842105263158,parsed
14843060,True,36,35,28,7,43,11,4,0.9722222222222222,parsed
14843140,True,24,23,17,6,41,4,1,0.9583333333333334,parsed
14844244,True,27,26,23,3,34,7,2,0.9629629629629629,parsed
14845268,True,39,38,28,10,45,9,4,0.9743589743589743,parsed
14845508,True,34,33,28,5,42,7,3,0.9705882352941176,parsed
14850012,True,15,14,12,2,42,4,0,0.9333333333333333,parsed
14851348,True,31,30,24,6,45,7,2,0.967741935483871,parsed
14851724,True,98,97,85,12,128,39,6,0.9897959183673469,parsed
14851956,True,54,53,44,9,79,17,5,0.9814814814814815,parsed
14853612,True,14,13,9,4,38,4,2,0.9285714285714286,parsed
14854492,True,30,29,18,11,33,5,3,0.9666666666666667,parsed
14856188,True,57,56,48,8,69,19,3,0.9824561403508771,parsed
14856420,True,60,59,45,14,69,17,8,0.9833333333333333,parsed
14857284,True,21,20,18,2,42,4,1,0.9523809523809523,parsed
14858988,True,59,58,52,6,42,18,3,0.9830508474576272,parsed
14859364,True,61,60,40,20,120,14,11,0.9836065573770492,parsed
14859836,True,52,51,35,16,99,14,9,0.9807692307692307,parsed
14861300,True,27,26,21,5,43,7,2,0.9629629629629629,parsed
14861452,True,32,31,22,9,43,7,2,0.96875,parsed
14861868,True,33,32,24,8,47,8,3,0.9696969696969697,parsed
14862044,True,33,32,25,7,42,7,4,0.9696969696969697,parsed
14862116,True,28,27,22,5,43,5,1,0.9642857142857143,parsed
14862860,True,62,61,40,21,67,14,10,0.9838709677419355,parsed
14862884,True,34,33,25,8,47,11,3,0.9705882352941176,parsed
14863564,True,17,16,12,4,80,4,4,0.9411764705882353,parsed
14863932,True,23,22,16,6,48,5,3,0.9565217391304348,parsed
14864172,True,27,26,24,2,41,10,2,0.9629629629629629,parsed
14865028,True,45,44,36,8,60,15,5,0.9777777777777777,parsed
10823669,True,26,25,18,7,42,6,2,0.9615384615384616,parsed
10824637,True,28,27,21,6,42,7,2,0.9642857142857143,parsed
10826277,True,85,84,72,12,135,36,9,0.9882352941176471,parsed
10826629,True,36,35,25,10,44,8,4,0.9722222222222222,parsed
14870372,True,25,24,19,5,36,5,1,0.96,parsed
14870428,True,14,13,11,2,39,2,0,0.9285714285714286,parsed
14870436,True,21,20,17,3,41,4,1,0.9523809523809523,parsed
14870876,True,59,58,52,6,106,21,4,0.9830508474576272,parsed
14871492,True,98,97,78,18,154,41,15,0.9897959183673469,parsed
10835133,True,29,28,23,5,44,7,1,0.9655172413793104,parsed
10835317,True,29,28,22,6,44,6,1,0.9655172413793104,parsed
10835997,True,50,49,45,4,76,17,3,0.98,parsed
10836613,True,23,22,14,8,37,3,2,0.9565217391304348,parsed
10837373,True,31,30,19,10,43,5,4,0.967741935483871,parsed
10837941,True,50,49,42,7,71,14,7,0.98,parsed
10838965,True,27,26,20,5,44,6,1,0.9629629629629629,parsed
10840013,True,34,33,30,3,42,13,1,0.9705882352941176,parsed
14883196,True,97,96,76,20,121,33,11,0.9896907216494846,parsed
14883684,True,30,29,21,8,44,7,5,0.9666666666666667,parsed
14885260,True,22,21,18,3,40,6,1,0.9545454545454546,parsed
14885556,True,81,80,66,14,70,24,11,0.9876543209876543,parsed
14886020,True,70,69,59,10,115,24,7,0.9857142857142858,parsed
14888380,True,23,22,10,12,35,5,6,0.9565217391304348,parsed
14889484,True,46,45,34,11,117,12,7,0.9782608695652174,parsed
14889492,True,40,39,24,15,116,10,11,0.975,parsed
14890916,True,32,31,24,7,45,6,3,0.96875,parsed
14892420,True,40,39,28,11,71,13,8,0.975,parsed
14893644,True,33,32,24,8,46,8,2,0.9696969696969697,parsed
14893948,True,67,66,55,11,93,21,7,0.9850746268656716,parsed
14894412,True,26,25,20,5,37,5,1,0.9615384615384616,parsed
14895060,True,55,54,44,10,76,17,5,0.9818181818181818,parsed
14895612,True,42,41,37,4,44,14,2,0.9761904761904762,parsed
14895692,True,31,30,22,8,43,7,2,0.967741935483871,parsed
14895764,True,14,13,8,5,46,0,2,0.9285714285714286,parsed
14895908,True,37,36,27,9,45,9,4,0.972972972972973,parsed
14895956,True,30,29,24,5,46,7,2,0.9666666666666667,parsed
14896308,True,35,34,24,10,46,9,6,0.9714285714285714,parsed
14898692,True,66,65,57,8,84,20,7,0.9848484848484849,parsed
14898924,True,64,63,53,10,88,19,8,0.984375,parsed
14899068,True,41,40,38,2,88,14,1,0.975609756097561,parsed
14899076,True,54,53,48,5,88,16,4,0.9814814814814815,parsed
14899164,True,63,62,53,9,88,21,7,0.9841269841269841,parsed
14900260,True,41,40,36,4,74,15,2,0.975609756097561,parsed
10858605,True,62,61,43,18,76,17,10,0.9838709677419355,parsed
10859093,True,18,17,17,0,30,3,0,0.9444444444444444,parsed
10859253,True,55,54,46,8,83,20,6,0.9818181818181818,parsed
10859261,True,33,32,31,1,83,12,0,0.9696969696969697,parsed
36907479,True,31,30,23,7,83,9,6,0.967741935483871,parsed
10859485,True,27,26,20,6,46,7,3,0.9629629629629629,parsed
10859541,True,27,26,20,6,30,6,1,0.9629629629629629,parsed
10860557,True,81,80,67,13,112,27,8,0.9876543209876543,parsed
10861173,True,31,30,24,6,45,8,3,0.967741935483871,parsed
10861221,True,93,92,83,9,60,38,7,0.989247311827957,parsed
10861981,True,17,16,13,3,37,3,1,0.9411764705882353,parsed
10864213,True,34,33,23,10,47,8,6,0.9705882352941176,parsed
10864277,True,28,27,20,7,46,6,5,0.9642857142857143,parsed
10864317,True,24,23,18,5,46,7,3,0.9583333333333334,parsed
10865293,True,100,99,87,12,91,36,7,0.99,parsed
10865389,True,53,52,50,2,90,16,1,0.9811320754716981,parsed
10870901,True,18,17,13,4,81,12,4,0.9444444444444444,parsed
10872109,True,34,33,23,9,81,15,7,0.9705882352941176,parsed
10872125,True,44,43,36,7,79,21,5,0.9772727272727273,parsed
10876061,True,28,27,20,7,44,6,4,0.9642857142857143,parsed
14920876,True,40,39,30,9,46,11,7,0.975,parsed
14921148,True,53,52,42,10,90,18,6,0.9811320754716981,parsed
14922020,True,61,60,52,8,70,17,4,0.9836065573770492,parsed
14923004,True,22,21,17,4,44,4,1,0.9545454545454546,parsed
14923668,True,69,68,58,10,137,30,10,0.9855072463768116,parsed
14923972,True,56,55,48,7,73,17,5,0.9821428571428571,parsed
14925276,True,17,16,13,3,41,5,1,0.9411764705882353,parsed
14925764,True,61,60,57,3,83,21,2,0.9836065573770492,parsed
14927276,True,30,29,20,9,44,7,2,0.9666666666666667,parsed
14928124,True,29,28,22,6,46,8,3,0.9655172413793104,parsed
14929452,True,27,26,22,4,44,8,1,0.9629629629629629,parsed
14932212,True,40,39,33,6,82,20,5,0.975,parsed
10892245,True,24,23,19,4,32,7,1,0.9583333333333334,parsed
10892285,True,37,36,29,7,44,11,3,0.972972972972973,parsed
10892325,True,29,28,24,4,46,10,2,0.9655172413793104,parsed
10892469,True,28,27,21,6,44,8,3,0.9642857142857143,parsed
10894053,True,20,19,13,6,44,8,4,0.95,parsed
14937372,True,64,63,61,2,34,22,1,0.984375,parsed
10171182,True,16,15,10,5,34,0,0,0.9375,parsed
10171202,True,17,16,12,4,38,2,1,0.9411764705882353,parsed
14937740,True,100,99,75,24,144,47,20,0.99,parsed
14937988,True,51,50,29,21,37,15,10,0.9803921568627451,parsed
14938188,True,12,11,8,3,47,2,1,0.9166666666666666,parsed
10903717,True,73,72,56,15,36,14,7,0.9863013698630136,parsed
10903869,True,77,76,62,14,78,22,7,0.987012987012987,parsed
10904685,True,47,46,31,15,44,10,8,0.9787234042553191,parsed
10904717,True,19,18,14,4,37,2,1,0.9473684210526315,parsed
10905149,True,55,54,46,8,65,16,5,0.9818181818181818,parsed
10905661,True,32,31,20,11,35,6,4,0.96875,parsed
10906469,True,64,63,47,16,110,21,7,0.984375,parsed
10906781,True,93,92,76,16,124,28,11,0.989247311827957,parsed
10910205,True,27,26,21,5,44,6,2,0.9629629629629629,parsed
10910661,True,24,23,17,6,39,5,3,0.9583333333333334,parsed
10912365,True,91,90,68,22,133,46,14,0.989010989010989,parsed
10912917,True,57,56,48,8,71,14,5,0.9824561403508771,parsed
14957620,True,39,38,31,7,38,10,6,0.9743589743589743,parsed
14958076,True,40,39,29,10,45,11,6,0.975,parsed
14958300,True,68,67,62,5,44,21,4,0.9852941176470589,parsed
14958332,True,80,79,74,5,88,30,2,0.9875,parsed
14959028,True,17,16,16,0,47,4,0,0.9411764705882353,parsed
14960652,True,33,32,28,4,46,9,3,0.9696969696969697,parsed
36995079,True,44,43,30,13,78,12,9,0.9772727272727273,parsed
14963012,True,25,24,18,6,32,4,2,0.96,parsed
10921765,True,59,58,47,11,70,17,5,0.9830508474576272,parsed
10922333,True,85,84,69,15,77,26,9,0.9882352941176471,parsed
10922397,True,51,50,42,8,77,18,7,0.9803921568627451,parsed
10923517,True,29,28,22,6,45,8,3,0.9655172413793104,parsed
10924669,True,25,24,23,1,49,8,1,0.96,parsed
10924925,True,23,22,14,8,40,4,1,0.9565217391304348,parsed
10925269,True,27,26,19,7,40,6,4,0.9629629629629629,parsed
10926517,True,32,31,26,5,49,8,3,0.96875,parsed
10930061,True,67,66,46,20,60,18,11,0.9850746268656716,parsed
10930101,True,37,36,29,7,61,8,4,0.972972972972973,parsed
10930109,True,50,49,41,8,56,15,4,0.98,parsed
10930133,True,51,50,41,9,57,17,6,0.9803921568627451,parsed
10930141,True,31,30,24,6,63,9,3,0.967741935483871,parsed
10930749,True,20,19,16,3,34,5,1,0.95,parsed
10933157,True,98,97,73,22,125,24,16,0.9897959183673469,parsed
10933245,True,16,15,8,7,124,3,3,0.9375,parsed
14978940,True,70,69,58,11,62,22,8,0.9857142857142858,parsed
10936853,True,60,59,45,14,64,20,10,0.9833333333333333,parsed
36998159,True,27,26,18,8,62,11,5,0.9629629629629629,parsed
10937077,True,51,50,37,13,63,12,7,0.9803921568627451,parsed
14980244,True,29,28,22,6,38,8,4,0.9655172413793104,parsed
14983932,True,13,12,11,1,35,2,0,0.9230769230769231,parsed
14984324,True,84,83,69,14,83,28,10,0.9880952380952381,parsed
14984380,True,63,62,50,12,149,23,10,0.9841269841269841,parsed
14985556,True,91,90,71,19,156,40,15,0.989010989010989,parsed
14988492,True,16,15,13,2,39,4,0,0.9375,parsed
14988780,True,76,75,60,15,132,47,15,0.9868421052631579,parsed
14990764,True,30,29,22,7,38,6,3,0.9666666666666667,parsed
14992084,True,38,37,29,8,43,11,5,0.9736842105263158,parsed
14992148,True,37,36,25,11,37,7,4,0.972972972972973,parsed
14993492,True,11,10,8,2,44,5,1,0.9090909090909091,parsed
14996388,True,51,50,44,6,163,23,2,0.9803921568627451,parsed
14999460,True,63,62,40,21,76,19,12,0.9841269841269841,parsed
14999660,True,30,29,20,9,46,6,3,0.9666666666666667,parsed
14999964,True,86,85,58,27,145,45,22,0.9883720930232558,parsed
15000164,True,20,19,16,3,41,7,1,0.95,parsed
10960933,True,92,91,71,20,126,32,6,0.9891304347826086,parsed
10961077,True,97,96,77,19,145,51,18,0.9896907216494846,parsed
10961109,True,41,40,30,10,69,11,7,0.975609756097561,parsed
10962925,True,36,35,26,9,82,11,5,0.9722222222222222,parsed
10964509,True,54,53,44,9,100,13,2,0.9814814814814815,parsed
10964829,True,63,62,56,6,98,20,4,0.9841269841269841,parsed
10964949,True,33,32,24,8,49,9,4,0.9696969696969697,parsed
15009764,True,31,30,23,7,35,8,3,0.967741935483871,parsed
15010796,True,12,11,11,0,35,4,0,0.9166666666666666,parsed
15011108,True,20,19,15,4,43,4,2,0.95,parsed
15011732,True,58,57,42,15,149,28,11,0.9827586206896551,parsed
15013156,True,100,99,81,18,158,34,12,0.99,parsed
15014764,True,17,16,15,1,41,4,1,0.9411764705882353,parsed
15014900,True,79,78,73,5,116,32,2,0.9873417721518988,parsed
15015212,True,35,34,24,10,44,9,6,0.9714285714285714,parsed
15016292,True,17,16,13,3,44,6,1,0.9411764705882353,parsed
15017636,True,59,58,42,16,76,15,9,0.9830508474576272,parsed
15017860,True,39,38,33,5,38,12,1,0.9743589743589743,parsed
15018300,True,19,18,17,1,38,4,1,0.9473684210526315,parsed
15018412,True,37,36,31,5,76,10,3,0.972972972972973,parsed
15019060,True,51,50,42,8,59,22,6,0.9803921568627451,parsed
15019748,True,55,54,35,19,37,11,9,0.9818181818181818,parsed
15020804,True,86,85,71,14,76,27,11,0.9883720930232558,parsed
10980341,True,120,119,98,21,154,65,18,0.9916666666666667,parsed
10981293,True,34,33,27,6,46,10,3,0.9705882352941176,parsed
10983197,True,32,31,24,7,42,8,5,0.96875,parsed
10989053,True,102,101,78,23,158,54,20,0.9901960784313726,parsed
10989965,True,63,62,46,16,118,13,8,0.9841269841269841,parsed
10990213,True,89,88,70,18,72,25,9,0.9887640449438202,parsed
10990365,True,62,61,50,10,68,15,7,0.9838709677419355,parsed
10990485,True,32,31,22,9,40,8,6,0.96875,parsed
10995205,True,144,143,108,35,156,67,31,0.9930555555555556,parsed
10995629,True,41,40,30,10,43,10,4,0.975609756097561,parsed
10995917,True,70,69,52,17,71,23,10,0.9857142857142858,parsed
11001981,True,31,30,22,8,43,7,3,0.967741935483871,parsed
11005933,True,37,36,27,9,31,9,4,0.972972972972973,parsed
11009917,True,46,45,35,9,46,13,5,0.9782608695652174,parsed
11010669,True,74,73,52,21,109,25,14,0.9864864864864865,parsed
11010989,True,57,56,43,13,112,19,8,0.9824561403508771,parsed
11012957,True,35,34,29,5,48,11,5,0.9714285714285714,parsed
15060820,True,99,98,73,25,156,34,17,0.98989898989899,parsed
15061092,True,79,78,62,16,144,39,14,0.9873417721518988,parsed
15061972,True,69,68,55,13,170,33,13,0.9855072463768116,parsed
15062076,True,87,86,63,23,102,26,11,0.9885057471264368,parsed
15063316,True,80,79,62,17,85,22,12,0.9875,parsed
15063580,True,36,35,25,10,49,10,5,0.9722222222222222,parsed
11023197,True,42,41,32,9,44,12,6,0.9761904761904762,parsed
11025061,True,34,33,28,5,46,9,4,0.9705882352941176,parsed
11026285,True,34,33,28,5,48,9,4,0.9705882352941176,parsed
15072204,True,22,21,18,3,43,5,1,0.9545454545454546,parsed
15074636,True,43,42,31,11,46,11,4,0.9767441860465116,parsed
15075140,True,39,38,27,11,48,14,10,0.9743589743589743,parsed
15075572,True,61,60,43,17,98,22,12,0.9836065573770492,parsed
15076212,True,26,25,21,4,42,7,1,0.9615384615384616,parsed
11034157,True,34,33,26,7,45,9,5,0.9705882352941176,parsed
37011839,True,29,28,7,21,140,4,10,0.9655172413793104,parsed
11034853,True,90,89,73,16,94,27,7,0.9888888888888889,parsed
11035037,True,34,33,28,5,43,9,2,0.9705882352941176,parsed
11035837,True,32,31,21,10,44,7,3,0.96875,parsed
11035861,True,28,27,21,6,42,5,1,0.9642857142857143,parsed
15080668,True,116,115,95,20,149,71,17,0.9913793103448276,parsed
15081996,True,35,34,22,12,41,7,4,0.9714285714285714,parsed
15085388,True,37,36,27,9,48,12,6,0.972972972972973,parsed
11047933,True,40,39,30,9,51,12,6,0.975,parsed
11047941,True,26,25,19,6,50,5,4,0.9615384615384616,parsed
11048237,True,36,35,28,7,53,11,5,0.9722222222222222,parsed
11049285,True,33,32,24,8,141,21,8,0.9696969696969697,parsed
11050157,True,51,50,42,8,132,26,8,0.9803921568627451,parsed
11050245,True,64,63,46,17,139,19,11,0.984375,parsed
11051373,True,24,23,18,5,50,5,2,0.9583333333333334,parsed
15097500,True,60,59,45,14,90,17,7,0.9833333333333333,parsed
15098716,True,54,53,41,12,59,16,6,0.9814814814814815,parsed
15102380,True,36,35,26,9,55,12,4,0.9722222222222222,parsed
15104644,True,74,73,61,12,100,21,8,0.9864864864864865,parsed
10205150,True,47,46,34,12,103,17,8,0.9787234042553191,parsed
11064213,True,55,54,37,17,163,26,16,0.9818181818181818,parsed
11065613,True,90,89,66,23,103,24,10,0.9888888888888889,parsed
11066877,True,122,121,116,5,49,40,3,0.9918032786885246,parsed
11067101,True,32,31,24,7,48,7,4,0.96875,parsed
11069757,True,85,84,64,19,102,23,8,0.9882352941176471,parsed
15114473,True,79,78,61,17,106,21,8,0.9873417721518988,parsed
15115905,True,54,53,38,15,49,11,7,0.9814814814814815,parsed
15116009,True,41,40,31,9,49,11,4,0.975609756097561,parsed
15116089,True,72,71,57,13,107,19,4,0.9861111111111112,parsed
15116121,True,98,97,74,23,106,25,11,0.9897959183673469,parsed
15116321,True,116,115,82,33,108,28,11,0.9913793103448276,parsed
11081386,True,82,81,56,25,82,20,12,0.9878048780487805,parsed
11084554,True,34,33,19,14,36,5,5,0.9705882352941176,parsed
11084594,True,125,124,95,28,82,41,16,0.992,parsed
11085218,True,65,64,46,18,76,19,12,0.9846153846153847,parsed
11086778,True,87,86,69,17,140,55,17,0.9885057471264368,parsed
11088938,True,91,90,62,28,86,21,12,0.989010989010989,parsed
11090274,True,41,40,30,10,42,13,4,0.975609756097561,parsed
11090314,True,51,50,40,10,86,15,5,0.9803921568627451,parsed
11090322,True,48,47,34,13,89,14,9,0.9791666666666666,parsed
11090394,True,79,78,53,25,86,21,14,0.9873417721518988,parsed
15136241,True,164,163,144,19,136,56,16,0.9939024390243902,parsed
15140193,True,77,76,51,25,136,30,17,0.987012987012987,parsed
15141665,True,44,43,34,9,44,11,5,0.9772727272727273,parsed
15143305,True,73,72,52,20,64,18,11,0.9863013698630136,parsed
11104602,True,39,38,31,7,44,11,4,0.9743589743589743,parsed
11104642,True,66,65,55,9,49,19,3,0.9848484848484849,parsed
15147057,True,64,63,53,10,45,17,5,0.984375,parsed
15147393,True,22,21,14,7,47,4,3,0.9545454545454546,parsed
15147457,True,85,84,61,22,50,18,10,0.9882352941176471,parsed
15148241,True,40,39,30,9,47,9,4,0.975,parsed
15152041,True,36,35,30,4,47,10,1,0.9722222222222222,parsed
15153497,True,189,188,147,40,83,59,15,0.9947089947089947,parsed
15154161,True,107,106,81,25,145,42,19,0.9906542056074766,parsed
15156505,True,233,232,192,38,131,104,37,0.9957081545064378,parsed
15157065,True,136,135,118,16,128,65,14,0.9926470588235294,parsed
15158321,True,49,48,30,18,50,12,12,0.9795918367346939,parsed
15159441,True,44,43,28,15,50,12,9,0.9772727272727273,parsed
15159921,True,57,56,40,16,96,19,9,0.9824561403508771,parsed
15162145,True,79,78,52,26,51,19,11,0.9873417721518988,parsed
15162377,True,48,47,29,18,50,12,12,0.9791666666666666,parsed
15162585,True,100,99,72,27,145,41,22,0.99,parsed
15162881,True,92,91,63,28,50,19,12,0.9891304347826086,parsed
15163313,True,40,39,25,14,50,9,8,0.975,parsed
15164393,True,43,42,29,13,50,9,7,0.9767441860465116,parsed
15164409,True,42,41,26,15,52,9,8,0.9761904761904762,parsed
11127410,True,42,41,25,16,48,9,7,0.9761904761904762,parsed
11129826,True,61,60,51,9,48,21,4,0.9836065573770492,parsed
11129834,True,25,24,18,6,48,6,1,0.96,parsed
11129882,True,36,35,29,6,48,11,2,0.9722222222222222,parsed
11129914,True,101,100,90,10,48,36,4,0.9900990099009901,parsed
11129930,True,54,53,37,16,48,15,8,0.9814814814814815,parsed
11129994,True,47,46,37,9,46,15,5,0.9787234042553191,parsed
11133122,True,30,29,20,9,46,6,5,0.9666666666666667,parsed
11134282,True,35,34,25,9,48,8,3,0.9714285714285714,parsed
11135186,True,47,46,30,16,47,11,6,0.9787234042553191,parsed
15179873,True,27,26,21,5,47,7,2,0.9629629629629629,parsed
15179889,True,59,58,48,10,44,18,4,0.9830508474576272,parsed
15179897,True,29,28,21,7,44,6,1,0.9655172413793104,parsed
15179985,True,34,33,26,7,45,7,5,0.9705882352941176,parsed
15179993,True,28,27,19,8,45,5,4,0.9642857142857143,parsed
15180393,True,56,55,37,18,47,13,9,0.9821428571428571,parsed
15181369,True,31,30,23,7,42,7,3,0.967741935483871,parsed
15187057,True,99,98,77,21,81,27,11,0.98989898989899,parsed
15187625,True,96,95,62,33,129,17,12,0.9895833333333334,parsed
15188353,True,62,61,51,10,49,23,5,0.9838709677419355,parsed
15191201,True,40,39,32,7,41,14,3,0.975,parsed
15191649,True,66,65,42,23,140,16,15,0.9848484848484849,parsed
15196129,True,29,28,17,11,45,7,7,0.9655172413793104,parsed
15197817,True,57,56,41,15,56,19,9,0.9824561403508771,parsed
15198281,True,65,64,50,14,65,18,8,0.9846153846153847,parsed
15198929,True,92,91,74,17,94,25,6,0.9891304347826086,parsed
15199065,True,82,81,63,18,96,24,7,0.9878048780487805,parsed
15199441,True,95,94,58,36,95,21,16,0.9894736842105263,parsed
15199497,True,68,67,46,21,95,18,9,0.9852941176470589,parsed
15199577,True,85,84,73,11,96,29,2,0.9882352941176471,parsed
15199593,True,133,132,101,31,95,39,15,0.9924812030075187,parsed
15199601,True,70,69,39,30,96,14,13,0.9857142857142858,parsed
15199657,True,74,73,42,31,96,16,15,0.9864864864864865,parsed
15199681,True,152,151,117,33,96,54,22,0.993421052631579,parsed
15199689,True,71,70,52,17,95,18,7,0.9859154929577465,parsed
37089323,True,20,19,15,3,98,4,0,0.95,parsed
15199697,True,36,35,27,8,93,4,0,0.9722222222222222,parsed
15199721,True,84,83,62,21,97,21,10,0.9880952380952381,parsed
15199729,True,50,49,40,9,95,13,0,0.98,parsed
15199745,True,46,45,37,8,95,14,2,0.9782608695652174,parsed
15199785,True,54,53,40,13,97,12,5,0.9814814814814815,parsed
15199865,True,86,85,61,24,94,19,12,0.9883720930232558,parsed
15199969,True,89,88,64,24,96,20,10,0.9887640449438202,parsed
15200001,True,56,55,41,13,95,16,7,0.9821428571428571,parsed
15200033,True,79,78,58,20,95,21,11,0.9873417721518988,parsed
15200161,True,64,63,52,10,96,18,3,0.984375,parsed
15200401,True,161,160,135,24,94,61,8,0.9937888198757764,parsed
15200417,True,44,43,34,9,95,11,3,0.9772727272727273,parsed
15200449,True,65,64,46,18,98,17,9,0.9846153846153847,parsed
15200489,True,126,125,93,32,96,39,12,0.9920634920634921,parsed
37094291,True,13,12,10,2,94,1,0,0.9230769230769231,parsed
15200513,True,96,95,72,23,98,27,10,0.9895833333333334,parsed
37090299,True,21,20,15,5,94,2,1,0.9523809523809523,parsed
15200593,True,53,52,38,14,98,12,6,0.9811320754716981,parsed
15200601,True,94,93,76,17,96,27,8,0.9893617021276596,parsed
15200753,True,47,46,34,12,98,10,3,0.9787234042553191,parsed
15200817,True,32,31,24,7,96,6,2,0.96875,parsed
15200921,True,106,105,69,36,96,26,15,0.9905660377358491,parsed
15201057,True,54,53,38,15,96,12,3,0.9814814814814815,parsed
15201145,True,64,63,46,17,96,15,7,0.984375,parsed
15201241,True,66,65,46,18,95,18,9,0.9848484848484849,parsed
15201249,True,77,76,53,23,95,19,8,0.987012987012987,parsed
15201297,True,101,100,76,23,97,29,12,0.9900990099009901,parsed
15201537,True,191,190,113,77,96,49,39,0.9947643979057592,parsed
15201545,True,28,27,17,9,94,4,1,0.9642857142857143,parsed
15201553,True,53,52,38,13,96,11,3,0.9811320754716981,parsed
15201617,True,79,78,62,16,96,26,7,0.9873417721518988,parsed
15201697,True,77,76,58,18,96,22,8,0.987012987012987,parsed
15201961,True,61,60,47,13,98,17,4,0.9836065573770492,parsed
15202401,True,99,98,75,23,98,28,9,0.98989898989899,parsed
15202465,True,85,84,62,21,98,24,10,0.9882352941176471,parsed
15202921,True,153,152,128,23,94,59,10,0.9934640522875817,parsed
15202929,True,27,26,19,7,94,4,0,0.9629629629629629,parsed
15203033,True,89,88,65,23,96,23,11,0.9887640449438202,parsed
15203249,True,110,109,94,14,96,39,4,0.990909090909091,parsed
15203401,True,79,78,55,23,96,19,9,0.9873417721518988,parsed
15204137,True,84,83,63,20,133,27,13,0.9880952380952381,parsed
15204369,True,94,93,70,23,96,26,15,0.9893617021276596,parsed
15204969,True,116,115,83,32,96,37,14,0.9913793103448276,parsed
15205377,True,96,95,72,23,98,26,10,0.9895833333333334,parsed
15205449,True,87,86,68,17,134,28,13,0.9885057471264368,parsed
15206065,True,111,110,63,47,97,24,21,0.990990990990991,parsed
15206089,True,82,81,69,12,135,29,9,0.9878048780487805,parsed
15206465,True,81,80,60,20,148,26,14,0.9876543209876543,parsed
15207025,True,102,101,72,29,134,32,21,0.9901960784313726,parsed
15208857,True,68,67,48,19,96,15,7,0.9852941176470589,parsed
15209153,True,22,21,18,3,46,3,2,0.9545454545454546,parsed
15209801,True,50,49,30,19,42,10,5,0.98,parsed
15211993,True,49,48,36,12,58,10,7,0.9795918367346939,parsed
15212001,True,35,34,25,9,65,10,7,0.9714285714285714,parsed
15220681,True,120,119,92,27,105,41,11,0.9916666666666667,parsed
15222209,True,49,48,37,11,49,13,6,0.9795918367346939,parsed
15222329,True,33,32,26,6,47,9,2,0.9696969696969697,parsed
15222625,True,36,35,23,12,45,8,2,0.9722222222222222,parsed
15223249,True,60,59,44,15,111,21,11,0.9833333333333333,parsed
15224969,True,82,81,60,21,143,26,13,0.9878048780487805,parsed
15226417,True,26,25,17,8,47,6,5,0.9615384615384616,parsed
15226785,True,14,13,12,1,36,2,0,0.9285714285714286,parsed
15230145,True,36,35,28,7,52,9,3,0.9722222222222222,parsed
15232441,True,43,42,36,6,44,12,1,0.9767441860465116,parsed
15233041,True,54,53,40,13,34,8,5,0.9814814814814815,parsed
15233081,True,24,23,18,5,34,2,2,0.9583333333333334,parsed
37101284,True,29,28,17,11,51,7,6,0.9655172413793104,parsed
11209466,True,55,54,47,7,118,29,7,0.9818181818181818,parsed
11209634,True,87,86,62,24,143,31,13,0.9885057471264368,parsed
15252729,True,81,80,64,16,127,43,13,0.9876543209876543,parsed
15252921,True,93,92,64,28,131,32,23,0.989247311827957,parsed
15254617,True,79,78,56,22,130,28,18,0.9873417721518988,parsed
15255361,True,26,25,15,10,47,8,7,0.9615384615384616,parsed
15257521,True,71,70,48,22,125,22,15,0.9859154929577465,parsed
15264345,True,96,95,70,25,80,21,9,0.9895833333333334,parsed
15267289,True,15,14,13,1,41,2,1,0.9333333333333333,parsed
15267601,True,43,42,32,10,49,13,5,0.9767441860465116,parsed
15268089,True,18,17,15,2,50,3,1,0.9444444444444444,parsed
15270393,True,48,47,34,13,51,14,4,0.9791666666666666,parsed
15273705,True,48,47,31,16,49,13,8,0.9791666666666666,parsed
15275633,True,28,27,18,9,48,5,3,0.9642857142857143,parsed
15275793,True,131,130,96,33,134,60,30,0.9923664122137404,parsed
15276817,True,97,96,58,38,119,23,14,0.9896907216494846,parsed
15278929,True,56,55,32,23,69,14,11,0.9821428571428571,parsed
15281473,True,32,31,24,7,44,8,2,0.96875,parsed
11244018,True,38,37,27,10,48,11,5,0.9736842105263158,parsed
11248258,True,47,46,32,14,119,13,6,0.9787234042553191,parsed
15296289,True,31,30,16,14,122,2,3,0.967741935483871,parsed
11281434,True,100,99,68,31,130,42,26,0.99,parsed
11282242,True,24,23,13,10,37,4,4,0.9583333333333334,parsed
11286130,True,50,49,34,15,49,10,6,0.98,parsed
15330097,True,20,19,14,5,46,5,4,0.95,parsed
37111996,True,24,23,13,10,48,8,7,0.9583333333333334,parsed
15331489,True,34,33,21,12,52,8,5,0.9705882352941176,parsed
15334809,True,68,67,55,12,103,18,6,0.9852941176470589,parsed
15335545,True,28,27,19,8,46,5,4,0.9642857142857143,parsed
15336073,True,34,33,18,15,46,5,6,0.9705882352941176,parsed
15336761,True,40,39,26,13,42,11,6,0.975,parsed
15336825,True,28,27,21,6,59,7,1,0.9642857142857143,parsed
15338553,True,30,29,16,13,46,5,5,0.9666666666666667,parsed
15343145,True,161,160,147,11,121,84,10,0.9937888198757764,parsed
15343449,True,37,36,19,17,50,6,4,0.972972972972973,parsed
15343601,True,104,103,76,25,134,48,24,0.9903846153846154,parsed
15344465,True,63,62,46,16,103,19,10,0.9841269841269841,parsed
15344585,True,28,27,27,0,104,9,0,0.9642857142857143,parsed
15347865,True,31,30,20,10,51,7,4,0.967741935483871,parsed
15347969,True,36,35,23,12,49,7,5,0.9722222222222222,parsed
15349113,True,95,94,64,30,133,32,24,0.9894736842105263,parsed
15349313,True,31,30,22,8,60,7,4,0.967741935483871,parsed
15351401,True,76,75,56,19,128,34,19,0.9868421052631579,parsed
15353321,True,70,69,62,7,108,24,3,0.9857142857142858,parsed
15353521,True,118,117,100,17,109,44,6,0.9915254237288136,parsed
15354321,True,86,85,75,10,103,33,4,0.9883720930232558,parsed
15354537,True,83,82,64,18,104,22,8,0.9879518072289156,parsed
15356121,True,56,55,31,24,49,12,12,0.9821428571428571,parsed
15357721,True,42,41,25,16,49,14,10,0.9761904761904762,parsed
11319146,True,24,23,13,10,46,4,3,0.9583333333333334,parsed
11322154,True,28,27,21,6,53,5,1,0.9642857142857143,parsed
11326274,True,96,95,54,41,119,21,18,0.9895833333333334,parsed
11326354,True,50,49,29,20,49,14,11,0.98,parsed
11333434,True,34,33,15,18,45,7,10,0.9705882352941176,parsed
11339938,True,78,77,54,23,122,24,10,0.9871794871794872,parsed
11340186,True,28,27,18,9,36,8,2,0.9642857142857143,parsed
11340658,True,80,79,58,21,134,26,17,0.9875,parsed
11345546,True,34,33,26,7,44,5,1,0.9705882352941176,parsed
11347530,True,46,45,34,10,64,13,6,0.9782608695652174,parsed
11347906,True,94,93,61,32,123,28,14,0.9893617021276596,parsed
11348882,True,89,88,61,27,137,33,22,0.9887640449438202,parsed
11351498,True,97,96,80,16,133,40,15,0.9896907216494846,parsed
11351586,True,15,14,10,4,46,2,2,0.9333333333333333,parsed
15394377,True,84,83,57,26,132,28,20,0.9880952380952381,parsed
15396097,True,56,55,37,18,63,16,15,0.9821428571428571,parsed
15397857,True,42,41,24,17,49,9,9,0.9761904761904762,parsed
11362618,True,76,75,52,23,133,22,16,0.9868421052631579,parsed
11364370,True,66,65,50,15,53,19,8,0.9848484848484849,parsed
11367474,True,34,33,23,10,50,8,4,0.9705882352941176,parsed
11369546,True,35,34,25,9,42,8,2,0.9714285714285714,parsed
11372194,True,50,49,28,21,107,10,10,0.98,parsed
11372242,True,36,35,22,13,118,10,7,0.9722222222222222,parsed
11375090,True,47,46,35,11,52,15,4,0.9787234042553191,parsed
11375690,True,100,99,72,27,135,39,22,0.99,parsed
11377554,True,97,96,74,22,112,31,9,0.9896907216494846,parsed
11377978,True,38,37,35,2,113,14,2,0.9736842105263158,parsed
11377986,True,40,39,37,2,113,15,1,0.975,parsed
11378394,True,77,76,51,25,120,24,21,0.987012987012987,parsed
11381170,True,38,37,34,3,50,14,3,0.9736842105263158,parsed
11382378,True,36,35,23,12,45,12,6,0.9722222222222222,parsed
11384370,True,47,46,28,18,44,13,10,0.9787234042553191,parsed
11384530,True,32,31,18,13,44,6,6,0.96875,parsed
11386226,True,33,32,25,7,35,5,3,0.9696969696969697,parsed
11388298,True,24,23,20,3,37,4,2,0.9583333333333334,parsed
11388610,True,50,49,32,17,50,14,7,0.98,parsed
11389202,True,37,36,33,3,43,14,1,0.972972972972973,parsed
11393506,True,43,42,29,13,44,11,5,0.9767441860465116,parsed
15443537,True,90,89,62,27,90,32,21,0.9888888888888889,parsed
15446921,True,60,59,35,24,48,14,14,0.9833333333333333,parsed
15447161,True,96,95,86,9,125,47,7,0.9895833333333334,parsed
11405530,True,68,67,43,24,109,23,19,0.9852941176470589,parsed
11405954,True,137,136,114,22,96,51,11,0.9927007299270073,parsed
11406722,True,21,20,15,5,45,7,3,0.9523809523809523,parsed
11408690,True,100,99,72,27,130,33,19,0.99,parsed
11415114,True,43,42,30,12,61,13,8,0.9767441860465116,parsed
11417914,True,39,38,32,6,42,12,5,0.9743589743589743,parsed
11418410,True,94,93,69,24,130,37,20,0.9893617021276596,parsed
11419778,True,98,97,65,32,124,43,27,0.9897959183673469,parsed
11420466,True,99,98,67,31,82,27,17,0.98989898989899,parsed
11420746,True,28,27,16,11,45,6,2,0.9642857142857143,parsed
11421970,True,96,95,61,34,57,23,15,0.9895833333333334,parsed
37189912,True,87,86,77,9,124,42,7,0.9885057471264368,parsed
15472201,True,52,51,38,13,131,15,6,0.9807692307692307,parsed
15472217,True,54,53,43,10,131,18,8,0.9814814814814815,parsed
15472225,True,43,42,26,16,131,11,8,0.9767441860465116,parsed
15473569,True,66,65,44,21,132,20,13,0.9848484848484849,parsed
15474201,True,71,70,50,20,121,25,13,0.9859154929577465,parsed
15478505,True,29,28,21,7,33,4,3,0.9655172413793104,parsed
15480609,True,58,57,39,18,125,18,13,0.9827586206896551,parsed
15481681,True,81,80,65,15,109,52,14,0.9876543209876543,parsed
15484513,True,91,90,83,7,108,55,5,0.989010989010989,parsed
15485145,True,84,83,66,17,117,48,15,0.9880952380952381,parsed
37213512,True,96,95,68,27,89,28,16,0.9895833333333334,parsed
37214944,True,71,70,52,18,128,30,17,0.9859154929577465,parsed
15504753,True,28,27,18,9,51,9,6,0.9642857142857143,parsed
15506089,True,62,61,52,9,131,38,9,0.9838709677419355,parsed
15507505,True,31,30,15,15,37,8,8,0.967741935483871,parsed
15512169,True,70,69,45,24,128,31,18,0.9857142857142858,parsed
37233232,True,24,23,18,5,47,7,4,0.9583333333333334,parsed
37235984,True,76,75,59,16,96,26,14,0.9868421052631579,parsed
37236200,True,34,33,26,7,97,9,5,0.9705882352941176,parsed
37236296,True,75,74,51,22,99,22,21,0.9866666666666667,parsed
37237584,True,64,63,41,22,117,30,18,0.984375,parsed
37238128,True,65,64,37,27,131,27,22,0.9846153846153847,parsed
37238872,True,64,63,38,25,132,27,19,0.984375,parsed
15519497,True,80,79,57,22,120,33,16,0.9875,parsed
15521265,True,49,48,36,12,133,25,10,0.9795918367346939,parsed
15521601,True,62,61,43,18,133,31,15,0.9838709677419355,parsed
15523545,True,98,97,73,24,119,40,15,0.9897959183673469,parsed
15524177,True,42,41,28,13,70,15,6,0.9761904761904762,parsed
15525225,True,35,34,26,8,119,12,5,0.9714285714285714,parsed
15527401,True,38,37,18,19,52,8,7,0.9736842105263158,parsed
15527633,True,53,52,33,19,62,19,11,0.9811320754716981,parsed
37248544,True,104,103,78,25,114,45,14,0.9903846153846154,parsed
37248768,True,38,37,29,8,128,20,7,0.9736842105263158,parsed
37248888,True,25,24,14,10,109,7,6,0.96,parsed
37249624,True,20,19,13,6,64,12,5,0.95,parsed
15531937,True,53,52,45,7,104,30,3,0.9811320754716981,parsed
15532569,True,32,31,18,13,53,8,4,0.96875,parsed
15534209,True,35,34,28,6,128,9,5,0.9714285714285714,parsed
15536217,True,31,30,21,9,81,3,3,0.967741935483871,parsed
15537393,True,81,80,47,33,131,37,28,0.9876543209876543,parsed
15537721,True,58,57,38,19,95,23,11,0.9827586206896551,parsed
37259016,True,33,32,20,12,68,13,8,0.9696969696969697,parsed
37208589,True,21,20,11,9,68,7,6,0.9523809523809523,parsed
37259944,True,51,50,30,20,67,19,13,0.9803921568627451,parsed
37264592,True,101,100,55,45,109,29,27,0.9900990099009901,parsed
37265488,True,52,51,29,22,113,16,10,0.9807692307692307,parsed
37268088,True,88,87,51,36,131,38,32,0.9886363636363636,parsed
37042559,True,92,91,54,37,137,39,32,0.9891304347826086,parsed
37045495,True,72,71,42,29,76,24,20,0.9861111111111112,parsed
37225869,True,28,27,8,19,76,4,11,0.9642857142857143,parsed
37045511,True,31,30,25,5,79,16,3,0.967741935483871,parsed
37047759,True,42,41,25,16,52,20,15,0.9761904761904762,parsed
37047927,True,36,35,19,16,67,10,9,0.9722222222222222,parsed
37281064,True,24,23,17,6,67,10,3,0.9583333333333334,parsed
37283792,True,46,45,28,17,94,20,13,0.9782608695652174,parsed
37067415,True,83,82,53,29,138,43,25,0.9879518072289156,parsed
37298672,True,73,72,70,2,121,48,2,0.9863013698630136,parsed
37298680,True,62,61,56,5,121,39,4,0.9838709677419355,parsed
37300152,True,67,66,51,15,139,37,11,0.9850746268656716,parsed
37300496,True,82,81,61,20,122,54,19,0.9878048780487805,parsed
37301696,True,95,94,76,17,124,65,17,0.9894736842105263,parsed
37307304,True,24,23,15,8,51,2,2,0.9583333333333334,parsed
37309768,True,48,47,44,3,116,30,2,0.9791666666666666,parsed
37312792,True,40,39,28,11,78,19,8,0.975,parsed
37315720,True,33,32,21,11,67,14,8,0.9696969696969697,parsed
37104391,True,47,46,25,21,112,14,12,0.9787234042553191,parsed
37350360,True,22,21,17,4,68,6,3,0.9545454545454546,parsed
37350568,True,67,66,51,15,71,23,10,0.9850746268656716,parsed
37354952,True,53,52,35,17,79,23,11,0.9811320754716981,parsed
37359304,True,70,69,41,28,78,26,20,0.9857142857142858,parsed
37359312,True,95,94,66,28,81,35,15,0.9894736842105263,parsed
37137764,True,32,31,17,14,122,11,9,0.96875,parsed
37385072,True,40,39,21,18,77,16,14,0.975,parsed
37385088,True,45,44,24,20,77,17,14,0.9777777777777777,parsed
37388136,True,56,55,37,18,125,32,17,0.9821428571428571,parsed
37388832,True,48,47,25,22,70,15,14,0.9791666666666666,parsed
37388864,True,46,45,25,20,71,15,15,0.9782608695652174,parsed
37392152,True,77,76,45,31,134,29,25,0.987012987012987,parsed
37392440,True,84,83,49,34,133,34,27,0.9880952380952381,parsed
37393840,True,79,78,48,30,136,37,23,0.9873417721518988,parsed
37194935,True,39,38,24,14,72,14,11,0.9743589743589743,parsed
37200503,True,53,52,39,13,119,25,13,0.9811320754716981,parsed
37228879,True,60,59,30,29,112,12,12,0.9833333333333333,parsed
37229351,True,62,61,39,22,118,10,9,0.9838709677419355,parsed
37243311,True,85,84,44,40,117,30,29,0.9882352941176471,parsed
37254543,True,52,51,27,24,78,18,17,0.9807692307692307,parsed
37264615,True,60,59,32,27,88,21,19,0.9833333333333333,parsed
37265103,True,96,95,53,42,120,36,31,0.9895833333333334,parsed
37265303,True,54,53,35,18,69,6,6,0.9814814814814815,parsed
37485376,True,36,35,21,14,61,14,8,0.9722222222222222,parsed
37500960,True,45,44,22,22,80,15,16,0.9777777777777777,parsed
37501352,True,45,44,25,19,81,17,15,0.9777777777777777,parsed
37502072,True,37,36,27,9,79,20,6,0.972972972972973,parsed
37286727,True,38,37,19,18,62,13,13,0.9736842105263158,parsed
37286815,True,19,18,10,8,63,8,5,0.9473684210526315,parsed
37295831,True,92,91,48,43,127,41,38,0.9891304347826086,parsed
37296015,True,43,42,25,17,84,19,16,0.9767441860465116,parsed
37297743,True,62,61,34,27,128,30,26,0.9838709677419355,parsed
37297831,True,61,60,33,27,130,30,27,0.9836065573770492,parsed
37298055,True,62,61,33,28,130,29,28,0.9838709677419355,parsed
37299263,True,80,79,44,35,130,39,33,0.9875,parsed
37299799,True,58,57,43,14,76,27,10,0.9827586206896551,parsed
37521568,True,77,76,44,32,123,19,19,0.987012987012987,parsed
37523376,True,79,78,47,31,120,22,19,0.9873417721518988,parsed
37526720,True,97,96,58,38,132,39,30,0.9896907216494846,parsed
37312311,True,77,76,38,38,119,26,27,0.987012987012987,parsed
37536936,True,58,57,38,19,98,23,14,0.9827586206896551,parsed
37538432,True,40,39,20,19,61,13,12,0.975,parsed
37548408,True,66,65,33,32,137,25,25,0.9848484848484849,parsed
37139548,True,36,35,17,18,82,15,14,0.9722222222222222,parsed
37566648,True,60,59,32,27,101,19,18,0.9833333333333333,parsed
37577944,True,36,35,18,17,68,12,12,0.9722222222222222,parsed
37367055,True,57,56,29,27,133,27,27,0.9824561403508771,parsed
37367207,True,70,69,37,32,132,33,30,0.9857142857142858,parsed
37142124,True,39,38,17,21,117,5,6,0.9743589743589743,parsed
37374719,True,80,79,30,49,115,14,26,0.9875,parsed
37387567,True,61,60,30,30,122,24,23,0.9836065573770492,parsed
37622848,True,95,94,51,43,118,35,31,0.9894736842105263,parsed
37412335,True,41,40,25,15,140,19,12,0.975609756097561,parsed
37413567,True,82,81,53,28,121,34,25,0.9878048780487805,parsed
37417111,True,73,72,43,29,121,26,26,0.9863013698630136,parsed
37647240,True,41,40,20,20,79,16,16,0.975609756097561,parsed
37447719,True,51,50,25,25,76,18,18,0.9803921568627451,parsed
37449175,True,65,64,33,31,111,25,24,0.9846153846153847,parsed
37666480,True,67,66,35,31,124,27,26,0.9850746268656716,parsed
37468263,True,63,62,31,31,96,24,24,0.9841269841269841,parsed
37700544,True,96,95,60,35,117,41,25,0.9895833333333334,parsed
37382677,True,29,28,28,0,115,24,0,0.9655172413793104,parsed
37382749,True,74,73,44,29,114,26,17,0.9864864864864865,parsed
37701512,True,93,92,64,28,115,44,20,0.989247311827957,parsed
37147076,True,20,19,12,7,117,9,4,0.95,parsed
37701552,True,100,99,42,57,116,27,37,0.99,parsed
37701856,True,93,92,58,34,117,39,26,0.989247311827957,parsed
37703976,True,27,26,13,13,64,8,8,0.9629629629629629,parsed
37705224,True,75,74,44,30,130,37,26,0.9866666666666667,parsed
37707792,True,81,80,61,19,116,42,15,0.9876543209876543,parsed
37712704,True,79,78,44,34,119,27,27,0.9873417721518988,parsed
37718752,True,42,41,21,20,84,16,16,0.9761904761904762,parsed
37514831,True,96,95,51,44,116,36,31,0.9895833333333334,parsed
37514847,True,88,87,48,39,118,37,28,0.9886363636363636,parsed
37514887,True,34,33,23,10,119,18,7,0.9705882352941176,parsed
37515151,True,87,86,47,39,118,36,29,0.9885057471264368,parsed
37515167,True,98,97,51,46,117,38,35,0.9897959183673469,parsed
37749920,True,71,70,36,34,118,27,25,0.9859154929577465,parsed
37540863,True,46,45,23,22,71,16,15,0.9782608695652174,parsed
37770624,True,86,85,45,40,119,37,35,0.9883720930232558,parsed
37775048,True,75,74,39,35,118,33,30,0.9866666666666667,parsed
37775056,True,64,63,32,31,119,27,25,0.984375,parsed
37775296,True,85,84,46,38,117,34,30,0.9882352941176471,parsed
37775304,True,31,30,17,13,119,14,11,0.967741935483871,parsed
37775432,True,85,84,44,40,119,34,30,0.9882352941176471,parsed
37775504,True,93,92,47,45,118,35,35,0.989247311827957,parsed
37775608,True,89,88,46,42,119,35,33,0.9887640449438202,parsed
37776080,True,91,90,47,43,118,35,34,0.989010989010989,parsed
37776336,True,87,86,46,40,116,32,30,0.9885057471264368,parsed
37781184,True,46,45,23,22,85,18,17,0.9782608695652174,parsed
37781192,True,45,44,20,24,87,15,18,0.9777777777777777,parsed
37572335,True,52,51,25,26,74,18,19,0.9807692307692307,parsed
37578223,True,52,51,26,25,87,19,19,0.9807692307692307,parsed
37583871,True,78,77,40,37,120,36,34,0.9871794871794872,parsed
37811048,True,69,68,36,32,118,30,29,0.9855072463768116,parsed
37827296,True,41,40,24,16,112,8,7,0.975609756097561,parsed
37610567,True,40,39,20,19,79,14,13,0.975,parsed
37391405,True,40,39,20,19,80,14,13,0.975,parsed
37612991,True,48,47,24,23,128,22,22,0.9791666666666666,parsed
37613935,True,90,89,44,45,121,34,33,0.9888888888888889,parsed
37843824,True,52,51,24,27,113,13,13,0.9807692307692307,parsed
37845672,True,83,82,41,41,109,21,21,0.9879518072289156,parsed
37854536,True,50,49,26,23,90,21,18,0.98,parsed
37865792,True,83,82,42,40,120,36,35,0.9879518072289156,parsed
37636359,True,53,52,27,25,91,19,18,0.9811320754716981,parsed
37646591,True,85,84,43,41,118,32,31,0.9882352941176471,parsed
37646983,True,91,90,46,44,117,38,38,0.989010989010989,parsed
37646991,True,41,40,24,16,118,23,16,0.975609756097561,parsed
37654463,True,63,62,32,30,126,25,25,0.9841269841269841,parsed
37654479,True,60,59,30,29,127,24,24,0.9833333333333333,parsed
37659863,True,89,88,47,41,111,38,36,0.9887640449438202,parsed
37160164,True,54,53,27,26,113,11,13,0.9814814814814815,parsed
37664623,True,86,85,43,42,123,33,32,0.9883720930232558,parsed
37664663,True,77,76,38,38,125,30,30,0.987012987012987,parsed
37664695,True,80,79,40,39,124,31,30,0.9875,parsed
37924848,True,42,41,20,21,85,16,16,0.9761904761904762,parsed
37706255,True,69,68,35,33,94,26,24,0.9855072463768116,parsed
37726895,True,69,68,35,33,118,28,26,0.9855072463768116,parsed
37727007,True,71,70,35,35,115,25,26,0.9859154929577465,parsed
37730783,True,84,83,42,41,118,34,32,0.9880952380952381,parsed
37980632,True,77,76,38,38,122,30,30,0.987012987012987,parsed
37753607,True,69,68,34,34,118,27,27,0.9855072463768116,parsed
38006480,True,65,64,36,28,118,27,23,0.9846153846153847,parsed
38006496,True,80,79,40,39,117,30,30,0.9875,parsed
38007544,True,54,53,28,25,94,19,16,0.9814814814814815,parsed
38010488,True,70,69,33,36,82,22,23,0.9857142857142858,parsed
38022776,True,98,97,47,50,115,33,33,0.9897959183673469,parsed
38029344,True,85,84,45,39,107,36,35,0.9882352941176471,parsed
38030504,True,80,79,39,40,96,28,29,0.9875,parsed
38035912,True,45,44,21,23,72,12,14,0.9777777777777777,parsed
37812447,True,92,91,45,46,105,24,24,0.9891304347826086,parsed
37833503,True,68,67,35,32,118,30,28,0.9852941176470589,parsed
37837119,True,67,66,34,32,118,31,29,0.9850746268656716,parsed
37848263,True,93,92,47,45,105,39,38,0.989247311827957,parsed
38090568,True,59,58,30,28,121,28,27,0.9830508474576272,parsed
38099808,True,44,43,25,18,115,12,11,0.9772727272727273,parsed
38109320,True,67,66,33,33,122,26,26,0.9850746268656716,parsed
37890431,True,57,56,31,25,72,12,12,0.9824561403508771,parsed
37891767,True,61,60,29,31,83,17,18,0.9836065573770492,parsed
37898863,True,79,78,42,36,123,32,28,0.9873417721518988,parsed
37899039,True,93,92,49,43,116,43,39,0.989247311827957,parsed
38161632,True,65,64,29,35,91,19,24,0.9846153846153847,parsed
38161664,True,47,46,21,25,92,15,18,0.9787234042553191,parsed
38201136,True,77,76,38,38,122,32,32,0.987012987012987,parsed
37272194,True,64,63,32,31,125,30,30,0.984375,parsed
37272234,True,62,61,30,31,124,28,30,0.9838709677419355,parsed
37274218,True,48,47,23,24,63,13,12,0.9791666666666666,parsed
37274818,True,71,70,35,35,93,28,28,0.9859154929577465,parsed
37275802,True,69,68,36,32,121,31,30,0.9855072463768116,parsed
38043735,True,52,51,25,26,62,14,14,0.9807692307692307,parsed
38064031,True,51,50,24,26,87,16,17,0.9803921568627451,parsed
37372850,True,82,81,40,41,114,38,39,0.9878048780487805,parsed
37373442,True,68,67,35,32,87,21,18,0.9852941176470589,parsed
38315368,True,52,51,24,27,89,18,21,0.9807692307692307,parsed
38315504,True,61,60,35,25,89,20,19,0.9836065573770492,parsed
38317720,True,94,93,50,43,119,43,38,0.9893617021276596,parsed
38317760,True,91,90,57,33,102,51,28,0.989010989010989,parsed
37390754,True,44,43,21,22,76,11,11,0.9772727272727273,parsed
37407226,True,28,27,24,3,66,10,3,0.9642857142857143,parsed
38351080,True,65,64,32,32,119,28,28,0.9846153846153847,parsed
38354872,True,86,85,45,40,104,43,39,0.9883720930232558,parsed
38354928,True,58,57,33,24,94,21,14,0.9827586206896551,parsed
38138175,True,59,58,29,29,89,16,16,0.9830508474576272,parsed
38138183,True,47,46,21,25,89,12,14,0.9787234042553191,parsed
38138415,True,58,57,28,29,86,15,16,0.9827586206896551,parsed
38138431,True,54,53,27,26,88,16,14,0.9814814814814815,parsed
38146343,True,58,57,34,23,97,11,10,0.9827586206896551,parsed
38404744,True,80,79,41,38,102,28,27,0.9875,parsed
38207119,True,84,83,45,38,100,39,33,0.9880952380952381,parsed
38213159,True,100,99,50,49,111,45,44,0.99,parsed
38216855,True,45,44,21,23,90,16,15,0.9777777777777777,parsed
37522578,True,47,46,21,25,87,15,16,0.9787234042553191,parsed
37522954,True,78,77,35,42,90,25,27,0.9871794871794872,parsed
38277999,True,75,74,37,37,118,31,31,0.9866666666666667,parsed
37607530,True,53,52,34,18,104,10,5,0.9811320754716981,parsed
38544608,True,66,65,32,33,88,18,19,0.9848484848484849,parsed
38338687,True,47,46,23,23,73,14,13,0.9787234042553191,parsed
38338823,True,43,42,22,20,70,12,11,0.9767441860465116,parsed
38339119,True,44,43,19,24,71,10,11,0.9772727272727273,parsed
37418485,True,45,44,22,22,73,13,12,0.9777777777777777,parsed
38343375,True,99,98,52,46,96,49,46,0.98989898989899,parsed
38343471,True,85,84,71,13,80,32,5,0.9882352941176471,parsed
38592680,True,89,88,47,41,114,37,31,0.9887640449438202,parsed
38601472,True,85,84,42,42,115,33,33,0.9882352941176471,parsed
38624056,True,89,88,42,46,86,27,28,0.9887640449438202,parsed
38624424,True,60,59,28,31,87,21,20,0.9833333333333333,parsed
38626504,True,63,62,27,35,87,21,29,0.9841269841269841,parsed
38644688,True,81,80,40,40,115,31,31,0.9876543209876543,parsed
38422639,True,75,74,43,31,122,40,30,0.9866666666666667,parsed
38432527,True,65,64,29,35,88,18,21,0.9846153846153847,parsed
38443191,True,70,69,35,34,112,31,29,0.9857142857142858,parsed
37255940,True,23,22,14,8,111,11,7,0.9565217391304348,parsed
37222356,True,20,19,13,6,114,11,5,0.95,parsed
37218988,True,47,46,20,26,114,16,22,0.9787234042553191,parsed
37255980,True,22,21,8,13,114,6,12,0.9545454545454546,parsed
37222380,True,28,27,17,10,114,14,8,0.9642857142857143,parsed
37222372,True,33,32,14,18,115,10,15,0.9696969696969697,parsed
37222364,True,38,37,17,20,113,13,15,0.9736842105263158,parsed
37218996,True,39,38,14,24,111,11,19,0.9743589743589743,parsed
37259580,True,9,8,5,3,113,4,1,0.8888888888888888,parsed
38443199,True,56,55,26,29,115,22,24,0.9821428571428571,parsed
37421941,True,41,40,19,21,116,14,17,0.975609756097561,parsed
37222396,True,41,40,22,18,113,19,15,0.975609756097561,parsed
37256196,True,14,13,6,7,114,4,5,0.9285714285714286,parsed
37259588,True,12,11,6,5,114,5,4,0.9166666666666666,parsed
37259612,True,17,16,6,10,110,5,8,0.9411764705882353,parsed
37222404,True,10,9,8,1,112,8,1,0.9,parsed
38443215,True,61,60,32,28,115,28,23,0.9836065573770492,parsed
37259660,True,11,10,5,5,112,3,3,0.9090909090909091,parsed
38443223,True,61,60,34,26,114,28,21,0.9836065573770492,parsed
38443231,True,66,65,28,37,114,22,30,0.9848484848484849,parsed
37222508,True,19,18,6,12,114,4,9,0.9473684210526315,parsed
37222516,True,23,22,9,13,116,8,10,0.9565217391304348,parsed
37259692,True,10,9,3,6,114,2,5,0.9,parsed
37421957,True,42,41,23,18,115,19,15,0.9761904761904762,parsed
37421973,True,29,28,14,14,111,12,11,0.9655172413793104,parsed
37421965,True,46,45,24,20,111,21,16,0.9782608695652174,parsed
38443239,True,73,72,36,36,115,30,29,0.9863013698630136,parsed
37421925,True,56,55,29,26,112,25,21,0.9821428571428571,parsed
37421933,True,44,43,20,23,115,16,19,0.9772727272727273,parsed
37421997,True,32,31,15,16,116,11,12,0.96875,parsed
37421989,True,28,27,20,7,115,16,6,0.9642857142857143,parsed
37222524,True,25,24,9,15,115,7,12,0.96,parsed
38443263,True,55,54,26,28,112,23,24,0.9818181818181818,parsed
38443271,True,65,64,33,31,113,29,27,0.9846153846153847,parsed
38443279,True,88,87,44,43,116,39,37,0.9886363636363636,parsed
37222548,True,43,42,18,24,114,15,18,0.9767441860465116,parsed
37222556,True,50,49,23,26,114,20,21,0.98,parsed
37222564,True,23,22,8,14,112,6,11,0.9565217391304348,parsed
37222572,True,26,25,10,15,115,8,12,0.9615384615384616,parsed
37222580,True,26,25,7,18,114,5,16,0.9615384615384616,parsed
38443287,True,49,48,29,19,114,23,16,0.9795918367346939,parsed
38443311,True,53,52,31,21,112,25,16,0.9811320754716981,parsed
38443319,True,73,72,37,35,114,32,30,0.9863013698630136,parsed
37422005,True,56,55,37,18,114,31,14,0.9821428571428571,parsed
37223156,True,38,37,18,19,110,15,16,0.9736842105263158,parsed
38443383,True,88,87,47,40,112,40,34,0.9886363636363636,parsed
38443391,True,73,72,40,31,109,35,26,0.9863013698630136,parsed
37223244,True,19,18,8,10,111,6,9,0.9473684210526315,parsed
37259964,True,22,21,5,16,110,4,14,0.9545454545454546,parsed
38443407,True,56,55,34,21,115,29,17,0.9821428571428571,parsed
37223308,True,47,46,22,24,114,19,20,0.9787234042553191,parsed
38443415,True,80,79,43,36,113,38,31,0.9875,parsed
38443431,True,72,71,37,34,111,32,29,0.9861111111111112,parsed
38443439,True,49,48,24,24,114,19,20,0.9795918367346939,parsed
37420701,True,46,45,10,35,112,7,29,0.9782608695652174,parsed
37223676,True,19,18,6,12,112,4,8,0.9473684210526315,parsed
38443519,True,80,79,47,32,112,41,28,0.9875,parsed
38443527,True,75,74,40,34,114,34,28,0.9866666666666667,parsed
38443543,True,79,78,42,36,112,37,31,0.9873417721518988,parsed
37229300,True,44,43,22,21,111,17,17,0.9772727272727273,parsed
38443607,True,81,80,48,32,112,42,27,0.9876543209876543,parsed
37224612,True,42,41,22,19,113,17,15,0.9761904761904762,parsed
38443615,True,47,46,23,23,113,19,19,0.9787234042553191,parsed
37421213,True,31,30,14,16,112,11,13,0.967741935483871,parsed
37230556,True,25,24,11,13,114,10,11,0.96,parsed
37230564,True,34,33,16,17,113,13,14,0.9705882352941176,parsed
38443671,True,86,85,51,34,115,35,28,0.9883720930232558,parsed
37230836,True,25,24,6,18,113,5,14,0.96,parsed
38443695,True,69,68,34,34,115,28,29,0.9855072463768116,parsed
38443703,True,91,90,57,33,113,52,28,0.989010989010989,parsed
38443711,True,44,43,25,18,113,20,14,0.9772727272727273,parsed
37420717,True,31,30,14,16,115,12,12,0.967741935483871,parsed
37230948,True,26,25,14,11,114,12,10,0.9615384615384616,parsed
37230908,True,34,33,18,15,115,14,11,0.9705882352941176,parsed
38443751,True,77,76,46,30,115,39,24,0.987012987012987,parsed
37231484,True,20,19,4,15,112,4,13,0.95,parsed
38443759,True,56,55,31,24,114,27,19,0.9821428571428571,parsed
38443823,True,93,92,52,40,114,44,33,0.989247311827957,parsed
38443831,True,85,84,48,36,114,40,28,0.9882352941176471,parsed
38443855,True,57,56,35,21,114,30,16,0.9824561403508771,parsed
37224620,True,37,36,9,27,113,8,22,0.972972972972973,parsed
38444047,True,85,84,50,34,114,43,28,0.9882352941176471,parsed
38444063,True,90,89,52,37,114,43,29,0.9888888888888889,parsed
38444111,True,58,57,31,26,84,18,12,0.9827586206896551,parsed
37260124,True,31,30,15,15,113,12,11,0.967741935483871,parsed
38444231,True,87,86,48,38,115,40,32,0.9885057471264368,parsed
38444407,True,83,82,49,33,113,42,28,0.9879518072289156,parsed
38444487,True,98,97,52,45,113,43,37,0.9897959183673469,parsed
38444719,True,84,83,45,38,113,39,31,0.9880952380952381,parsed
38444791,True,100,99,57,42,109,48,35,0.99,parsed
37225444,True,73,72,34,38,115,28,32,0.9863013698630136,parsed
38445495,True,93,92,49,43,112,42,36,0.989247311827957,parsed
38445503,True,50,49,26,23,113,22,19,0.98,parsed
37420973,True,38,37,25,12,112,19,11,0.9736842105263158,parsed
38445703,True,78,77,48,29,112,44,24,0.9871794871794872,parsed
38445751,True,97,96,53,43,116,43,35,0.9896907216494846,parsed
38445839,True,98,97,55,42,113,46,37,0.9897959183673469,parsed
38446343,True,94,93,51,42,114,43,35,0.9893617021276596,parsed
38446639,True,82,81,48,33,112,40,28,0.9878048780487805,parsed
38446671,True,92,91,51,40,112,42,34,0.9891304347826086,parsed
38446807,True,98,97,52,45,111,44,38,0.9897959183673469,parsed
38447191,True,98,97,56,41,113,47,33,0.9897959183673469,parsed
38447391,True,80,79,45,34,113,37,27,0.9875,parsed
38448631,True,96,95,56,39,114,50,34,0.9895833333333334,parsed
37260284,True,38,37,19,18,113,15,13,0.9736842105263158,parsed
38450271,True,46,45,22,23,112,19,19,0.9782608695652174,parsed
38450511,True,57,56,32,24,114,28,19,0.9824561403508771,parsed
37260292,True,43,42,19,23,111,16,20,0.9767441860465116,parsed
37257780,True,47,46,26,20,114,21,15,0.9787234042553191,parsed
38457511,True,96,95,79,16,113,63,14,0.9895833333333334,parsed
37222188,True,9,8,4,4,112,4,4,0.8888888888888888,parsed
37222196,True,19,18,5,13,113,5,12,0.9473684210526315,parsed
37222204,True,26,25,11,14,112,9,12,0.9615384615384616,parsed
37260300,True,8,7,3,4,114,1,2,0.875,parsed
37222212,True,13,12,6,6,114,5,6,0.9230769230769231,parsed
38457519,True,37,36,16,20,113,14,18,0.972972972972973,parsed
37219484,True,36,35,13,22,115,11,18,0.9722222222222222,parsed
37219492,True,11,10,3,7,115,2,5,0.9090909090909091,parsed
37219500,True,13,12,6,6,115,4,4,0.9230769230769231,parsed
37219156,True,46,45,18,27,114,16,23,0.9782608695652174,parsed
37260308,True,15,14,5,9,114,4,8,0.9333333333333333,parsed
37219468,True,22,21,11,10,113,9,8,0.9545454545454546,parsed
37260316,True,17,16,7,9,115,5,7,0.9411764705882353,parsed
37219476,True,17,16,8,8,114,6,5,0.9411764705882353,parsed
37219164,True,65,64,23,41,113,21,36,0.9846153846153847,parsed
37219508,True,15,14,7,7,115,6,6,0.9333333333333333,parsed
37260444,True,19,18,10,8,115,8,6,0.9473684210526315,parsed
38457535,True,44,43,20,23,113,16,19,0.9772727272727273,parsed
37219516,True,13,12,3,9,114,2,8,0.9230769230769231,parsed
37260452,True,23,22,11,11,114,9,9,0.9565217391304348,parsed
37219524,True,19,18,8,10,114,7,8,0.9473684210526315,parsed
37219172,True,60,59,23,36,113,21,29,0.9833333333333333,parsed
37260468,True,13,12,5,7,113,4,5,0.9230769230769231,parsed
37260460,True,13,12,6,6,112,3,4,0.9230769230769231,parsed
37219540,True,37,36,9,27,113,9,23,0.972972972972973,parsed
37260476,True,10,9,3,6,116,1,3,0.9,parsed
37219548,True,16,15,9,6,114,7,4,0.9375,parsed
37219556,True,35,34,16,18,113,14,16,0.9714285714285714,parsed
37260484,True,9,8,4,4,116,2,2,0.8888888888888888,parsed
37219180,True,40,39,12,27,114,10,24,0.975,parsed
37219564,True,13,12,6,6,114,4,4,0.9230769230769231,parsed
37260492,True,20,19,10,9,114,8,7,0.95,parsed
37260500,True,13,12,7,5,113,5,3,0.9230769230769231,parsed
37219572,True,40,39,18,21,113,16,18,0.975,parsed
38457551,True,41,40,19,21,113,18,19,0.975609756097561,parsed
37219580,True,30,29,11,18,113,9,17,0.9666666666666667,parsed
37219588,True,24,23,7,16,114,6,14,0.9583333333333334,parsed
38457559,True,56,55,21,34,114,17,28,0.9821428571428571,parsed
37219596,True,17,16,6,10,112,3,7,0.9411764705882353,parsed
38457575,True,23,22,4,18,114,4,18,0.9565217391304348,parsed
37219604,True,13,12,7,5,116,4,3,0.9230769230769231,parsed
38457583,True,36,35,12,23,114,10,21,0.9722222222222222,parsed
37219612,True,15,14,8,6,114,7,5,0.9333333333333333,parsed
37260612,True,10,9,3,6,113,3,4,0.9,parsed
37260620,True,20,19,10,9,112,8,8,0.95,parsed
38457591,True,84,83,36,47,116,33,39,0.9880952380952381,parsed
37219620,True,17,16,6,10,114,5,8,0.9411764705882353,parsed
37219628,True,31,30,12,18,108,10,16,0.967741935483871,parsed
37219636,True,21,20,7,13,114,7,11,0.9523809523809523,parsed
37219644,True,24,23,10,13,112,7,9,0.9583333333333334,parsed
37260788,True,15,14,6,8,115,5,5,0.9333333333333333,parsed
37219652,True,35,34,19,15,113,17,14,0.9714285714285714,parsed
37219660,True,26,25,8,17,114,6,15,0.9615384615384616,parsed
37260804,True,14,13,6,7,113,5,5,0.9285714285714286,parsed
37219668,True,24,23,11,12,113,9,10,0.9583333333333334,parsed
37219676,True,11,10,5,5,115,3,3,0.9090909090909091,parsed
38457599,True,39,38,20,18,113,17,17,0.9743589743589743,parsed
37219684,True,21,20,9,11,113,9,10,0.9523809523809523,parsed
37219692,True,47,46,14,32,114,12,27,0.9787234042553191,parsed
37219700,True,28,27,9,18,113,8,15,0.9642857142857143,parsed
37219716,True,16,15,8,7,114,7,6,0.9375,parsed
37219708,True,22,21,10,11,114,8,9,0.9545454545454546,parsed
37261156,True,11,10,6,4,114,4,2,0.9090909090909091,parsed
37260828,True,18,17,8,9,112,8,8,0.9444444444444444,parsed
37219724,True,36,35,13,22,114,10,19,0.9722222222222222,parsed
37219732,True,13,12,5,7,113,4,6,0.9230769230769231,parsed
37260860,True,19,18,7,11,114,6,9,0.9473684210526315,parsed
37261164,True,15,14,8,6,113,7,5,0.9333333333333333,parsed
37219740,True,20,19,8,11,114,6,8,0.95,parsed
37219788,True,19,18,13,5,115,11,4,0.9473684210526315,parsed
38457607,True,48,47,20,27,113,18,22,0.9791666666666666,parsed
37260868,True,10,9,4,5,112,3,3,0.9,parsed
37219796,True,25,24,10,14,113,8,12,0.96,parsed
37219804,True,12,11,4,7,115,2,5,0.9166666666666666,parsed
37260876,True,20,19,9,10,113,7,8,0.95,parsed
37260884,True,10,9,4,5,114,2,3,0.9,parsed
37219812,True,21,20,6,14,112,5,13,0.9523809523809523,parsed
37260892,True,15,14,8,6,113,7,5,0.9333333333333333,parsed
37219820,True,34,33,14,19,116,10,15,0.9705882352941176,parsed
37219828,True,21,20,9,11,113,7,9,0.9523809523809523,parsed
37260924,True,21,20,11,9,114,8,7,0.9523809523809523,parsed
37219836,True,34,33,14,19,115,12,14,0.9705882352941176,parsed
37261204,True,10,9,4,5,113,4,5,0.9,parsed
38457623,True,27,26,20,6,112,16,4,0.9629629629629629,parsed
37219844,True,27,26,11,15,113,7,11,0.9629629629629629,parsed
37421221,True,45,44,20,24,115,18,21,0.9777777777777777,parsed
37421237,True,41,40,18,22,110,15,19,0.975609756097561,parsed
37219852,True,11,10,4,6,112,4,6,0.9090909090909091,parsed
38457631,True,47,46,22,24,115,18,19,0.9787234042553191,parsed
37261220,True,9,8,4,4,113,3,3,0.8888888888888888,parsed
37219860,True,24,23,10,13,113,9,11,0.9583333333333334,parsed
37261244,True,22,21,9,12,112,8,9,0.9545454545454546,parsed
37219868,True,32,31,11,20,113,9,17,0.96875,parsed
37219876,True,12,11,4,7,115,2,5,0.9166666666666666,parsed
37261260,True,22,21,11,10,114,9,8,0.9545454545454546,parsed
38457639,True,62,61,30,31,114,27,23,0.9838709677419355,parsed
37261268,True,15,14,6,8,113,5,7,0.9333333333333333,parsed
37261276,True,13,12,6,6,115,6,5,0.9230769230769231,parsed
37261284,True,18,17,9,8,114,7,7,0.9444444444444444,parsed
37219884,True,17,16,7,9,116,6,7,0.9411764705882353,parsed
37261436,True,9,8,4,4,115,2,2,0.8888888888888888,parsed
37219908,True,23,22,10,12,113,9,10,0.9565217391304348,parsed
38457655,True,34,33,13,20,114,12,18,0.9705882352941176,parsed
37219900,True,38,37,14,23,112,12,20,0.9736842105263158,parsed
37261468,True,19,18,7,11,113,6,9,0.9473684210526315,parsed
38457663,True,39,38,23,15,113,20,13,0.9743589743589743,parsed
37261484,True,13,12,7,5,115,6,3,0.9230769230769231,parsed
37219924,True,49,48,18,30,116,14,23,0.9795918367346939,parsed
37219948,True,18,17,7,10,113,6,9,0.9444444444444444,parsed
38457671,True,37,36,17,19,113,15,17,0.972972972972973,parsed
37220108,True,15,14,3,11,112,3,10,0.9333333333333333,parsed
37220268,True,29,28,13,15,113,11,11,0.9655172413793104,parsed
37220276,True,27,26,8,18,115,7,16,0.9629629629629629,parsed
37261500,True,8,7,2,5,111,2,4,0.875,parsed
38457679,True,64,63,37,26,114,30,22,0.984375,parsed
37220284,True,17,16,5,11,113,3,8,0.9411764705882353,parsed
37261516,True,18,17,9,8,115,8,7,0.9444444444444444,parsed
37220292,True,17,16,3,13,113,3,11,0.9411764705882353,parsed
37261540,True,16,15,7,8,113,6,7,0.9375,parsed
38457687,True,83,82,47,35,111,39,28,0.9879518072289156,parsed
37261556,True,15,14,7,7,111,6,5,0.9333333333333333,parsed
37220300,True,18,17,6,11,113,5,8,0.9444444444444444,parsed
37261564,True,19,18,10,8,112,9,6,0.9473684210526315,parsed
37261628,True,7,6,2,4,113,1,3,0.8571428571428571,parsed
37261620,True,19,18,9,9,112,7,7,0.9473684210526315,parsed
37220308,True,17,16,8,8,116,6,7,0.9411764705882353,parsed
38457695,True,63,62,30,32,112,23,28,0.9841269841269841,parsed
37261788,True,15,14,8,6,115,5,4,0.9333333333333333,parsed
37421773,True,43,42,18,24,112,15,20,0.9767441860465116,parsed
37220588,True,19,18,7,11,112,6,10,0.9473684210526315,parsed
37220316,True,23,22,10,12,112,8,10,0.9565217391304348,parsed
38457703,True,79,78,42,36,113,34,29,0.9873417721518988,parsed
37261844,True,14,13,8,5,113,6,3,0.9285714285714286,parsed
37261900,True,19,18,9,9,114,7,7,0.9473684210526315,parsed
37261948,True,12,11,6,5,113,5,3,0.9166666666666666,parsed
37261964,True,12,11,5,6,113,3,4,0.9166666666666666,parsed
37220596,True,20,19,9,10,114,7,8,0.95,parsed
37220604,True,15,14,8,6,112,6,4,0.9333333333333333,parsed
37220612,True,39,38,20,18,115,16,14,0.9743589743589743,parsed
37220748,True,32,31,16,15,112,12,14,0.96875,parsed
37220908,True,16,15,5,10,115,4,7,0.9375,parsed
38457719,True,44,43,21,22,113,19,18,0.9772727272727273,parsed
37221068,True,17,16,8,8,115,6,7,0.9411764705882353,parsed
37221076,True,27,26,8,18,113,7,16,0.9629629629629629,parsed
37261980,True,16,15,7,8,111,6,7,0.9375,parsed
37261988,True,29,28,13,15,113,11,13,0.9655172413793104,parsed
38457727,True,67,66,32,34,113,26,27,0.9850746268656716,parsed
37221092,True,12,11,5,6,116,3,4,0.9166666666666666,parsed
38457735,True,79,78,40,38,113,32,30,0.9873417721518988,parsed
37262524,True,17,16,9,7,112,8,5,0.9411764705882353,parsed
37221100,True,36,35,17,18,111,15,16,0.9722222222222222,parsed
37262684,True,10,9,3,6,112,2,4,0.9,parsed
37262860,True,16,15,8,7,112,7,7,0.9375,parsed
37262884,True,19,18,8,10,112,6,8,0.9473684210526315,parsed
37221108,True,37,36,14,22,112,11,18,0.972972972972973,parsed
37262892,True,16,15,7,8,112,7,6,0.9375,parsed
37262916,True,15,14,8,6,112,8,5,0.9333333333333333,parsed
37221116,True,37,36,19,17,112,17,14,0.972972972972973,parsed
37421229,True,59,58,29,29,112,24,23,0.9830508474576272,parsed
37262924,True,21,20,9,11,112,8,9,0.9523809523809523,parsed
37221124,True,26,25,9,16,112,7,13,0.9615384615384616,parsed
37262956,True,15,14,7,7,113,4,4,0.9333333333333333,parsed
37263204,True,13,12,6,6,112,6,6,0.9230769230769231,parsed
37263020,True,17,16,7,9,113,6,7,0.9411764705882353,parsed
37263212,True,14,13,6,7,111,4,6,0.9285714285714286,parsed
37221132,True,33,32,14,18,114,13,16,0.9696969696969697,parsed
38457759,True,59,58,26,32,114,24,28,0.9830508474576272,parsed
37221140,True,18,17,6,11,112,5,9,0.9444444444444444,parsed
37221148,True,22,21,9,12,112,7,10,0.9545454545454546,parsed
37263220,True,19,18,8,10,112,7,9,0.9473684210526315,parsed
37221180,True,11,10,2,8,117,2,6,0.9090909090909091,parsed
37221156,True,30,29,11,18,111,9,16,0.9666666666666667,parsed
37221164,True,18,17,8,9,113,6,7,0.9444444444444444,parsed
38457767,True,31,30,14,16,113,11,13,0.967741935483871,parsed
37221220,True,46,45,16,29,114,14,22,0.9782608695652174,parsed
37263228,True,24,23,8,15,113,7,13,0.9583333333333334,parsed
37221236,True,12,11,2,9,116,1,7,0.9166666666666666,parsed
37221388,True,26,25,9,16,112,7,13,0.9615384615384616,parsed
37221404,True,28,27,11,16,113,8,13,0.9642857142857143,parsed
37263236,True,22,21,12,9,112,11,8,0.9545454545454546,parsed
37221188,True,30,29,12,17,113,10,15,0.9666666666666667,parsed
38457887,True,32,31,14,17,115,12,12,0.96875,parsed
37221204,True,14,13,5,8,116,3,6,0.9285714285714286,parsed
37221212,True,20,19,7,12,115,5,9,0.95,parsed
37263244,True,15,14,7,7,112,6,5,0.9333333333333333,parsed
37221428,True,17,16,6,10,112,5,8,0.9411764705882353,parsed
37221436,True,21,20,11,9,113,9,8,0.9523809523809523,parsed
37263252,True,23,22,8,14,114,6,10,0.9565217391304348,parsed
38457791,True,48,47,22,25,113,18,21,0.9791666666666666,parsed
37221444,True,35,34,13,21,112,10,17,0.9714285714285714,parsed
37263260,True,12,11,5,6,113,4,5,0.9166666666666666,parsed
37221460,True,29,28,12,16,111,9,12,0.9655172413793104,parsed
37221548,True,31,30,10,20,113,7,16,0.967741935483871,parsed
37221556,True,12,11,5,6,115,3,4,0.9166666666666666,parsed
37221564,True,23,22,8,14,112,8,13,0.9565217391304348,parsed
38457799,True,50,49,25,24,112,21,21,0.98,parsed
37221580,True,38,37,17,20,113,14,16,0.9736842105263158,parsed
37221612,True,9,8,5,3,113,4,3,0.8888888888888888,parsed
37263324,True,23,22,11,11,113,10,10,0.9565217391304348,parsed
37221588,True,38,37,11,26,113,8,22,0.9736842105263158,parsed
37258068,True,13,12,5,7,113,4,6,0.9230769230769231,parsed
37221596,True,20,19,6,13,113,5,12,0.95,parsed
37221604,True,17,16,6,10,113,5,9,0.9411764705882353,parsed
37263332,True,12,11,6,5,114,4,3,0.9166666666666666,parsed
38457807,True,41,40,18,22,113,15,18,0.975609756097561,parsed
37221620,True,24,23,10,13,113,8,11,0.9583333333333334,parsed
37221628,True,33,32,16,16,113,14,14,0.9696969696969697,parsed
37220324,True,19,18,10,8,113,9,7,0.9473684210526315,parsed
37263340,True,20,19,9,10,112,8,9,0.95,parsed
37221636,True,14,13,8,5,113,7,5,0.9285714285714286,parsed
37221644,True,34,33,18,15,115,15,13,0.9705882352941176,parsed
37221708,True,21,20,7,13,113,4,9,0.9523809523809523,parsed
37263348,True,18,17,9,8,114,7,7,0.9444444444444444,parsed
37221716,True,15,14,5,9,112,3,7,0.9333333333333333,parsed
37221876,True,27,26,12,14,112,10,12,0.9629629629629629,parsed
38457831,True,70,69,31,38,112,25,31,0.9857142857142858,parsed
37221892,True,10,9,5,4,113,4,3,0.9,parsed
37221884,True,31,30,8,22,112,7,19,0.967741935483871,parsed
37221900,True,12,11,5,6,113,5,5,0.9166666666666666,parsed
37221908,True,28,27,9,18,112,7,15,0.9642857142857143,parsed
38457839,True,53,52,29,23,112,24,17,0.9811320754716981,parsed
37221924,True,9,8,4,4,111,3,3,0.8888888888888888,parsed
37221916,True,35,34,15,19,112,12,17,0.9714285714285714,parsed
37221932,True,23,22,8,14,113,6,10,0.9565217391304348,parsed
37263380,True,12,11,5,6,114,4,5,0.9166666666666666,parsed
38457855,True,31,30,16,14,114,14,11,0.967741935483871,parsed
38457863,True,14,13,7,6,115,5,4,0.9285714285714286,parsed
37263396,True,12,11,7,4,114,6,3,0.9166666666666666,parsed
37263484,True,19,18,8,10,114,6,9,0.9473684210526315,parsed
37221940,True,18,17,8,9,114,6,7,0.9444444444444444,parsed
37221948,True,18,17,9,8,113,8,7,0.9444444444444444,parsed
37263500,True,38,37,14,23,113,12,20,0.9736842105263158,parsed
38457871,True,70,69,40,29,113,32,25,0.9857142857142858,parsed
37222028,True,30,29,13,16,114,11,12,0.9666666666666667,parsed
37222036,True,43,42,21,21,113,18,17,0.9767441860465116,parsed
37222044,True,30,29,16,13,112,14,11,0.9666666666666667,parsed
37222052,True,26,25,11,14,113,9,10,0.9615384615384616,parsed
37222060,True,40,39,15,24,114,13,19,0.975,parsed
37263508,True,16,15,6,9,113,4,7,0.9375,parsed
38457879,True,31,30,13,17,115,11,15,0.967741935483871,parsed
38457895,True,54,53,26,27,114,24,23,0.9814814814814815,parsed
37222092,True,25,24,6,18,112,4,14,0.96,parsed
37222116,True,27,26,11,15,110,10,13,0.9629629629629629,parsed
37222140,True,30,29,13,16,114,11,15,0.9666666666666667,parsed
38457903,True,69,68,33,35,115,27,27,0.9855072463768116,parsed
37222156,True,63,62,30,32,115,27,27,0.9841269841269841,parsed
37222164,True,29,28,16,12,113,15,10,0.9655172413793104,parsed
38457911,True,69,68,32,36,114,26,31,0.9855072463768116,parsed
37263516,True,19,18,10,8,113,9,7,0.9473684210526315,parsed
37224788,True,28,27,10,17,115,8,15,0.9642857142857143,parsed
37263644,True,11,10,3,7,114,2,5,0.9090909090909091,parsed
38457919,True,22,21,13,8,114,12,6,0.9545454545454546,parsed
37224748,True,33,32,12,20,115,11,17,0.9696969696969697,parsed
38457927,True,62,61,29,32,113,25,27,0.9838709677419355,parsed
37224756,True,42,41,17,24,116,15,20,0.9761904761904762,parsed
37224764,True,27,26,10,16,113,9,14,0.9629629629629629,parsed
37263532,True,15,14,6,8,113,5,7,0.9333333333333333,parsed
37263548,True,37,36,13,23,114,11,21,0.972972972972973,parsed
37263564,True,43,42,19,23,113,15,18,0.9767441860465116,parsed
38457935,True,58,57,29,28,113,27,24,0.9827586206896551,parsed
37263676,True,14,13,6,7,114,4,5,0.9285714285714286,parsed
37263684,True,18,17,9,8,114,7,6,0.9444444444444444,parsed
37224772,True,55,54,23,31,114,21,27,0.9818181818181818,parsed
37224796,True,25,24,10,14,113,7,10,0.96,parsed
37224780,True,37,36,17,19,114,15,17,0.972972972972973,parsed
37224804,True,28,27,9,18,114,7,15,0.9642857142857143,parsed
37224812,True,25,24,11,13,113,9,11,0.96,parsed
37224820,True,29,28,17,11,115,15,9,0.9655172413793104,parsed
37224908,True,70,69,30,39,113,27,33,0.9857142857142858,parsed
38457951,True,32,31,17,14,115,14,11,0.96875,parsed
37224932,True,37,36,29,7,113,25,6,0.972972972972973,parsed
37224964,True,41,40,20,20,112,18,17,0.975609756097561,parsed
37263716,True,12,11,7,4,116,5,2,0.9166666666666666,parsed
37224972,True,15,14,7,7,113,6,6,0.9333333333333333,parsed
37263724,True,58,57,30,27,115,26,23,0.9827586206896551,parsed
37263732,True,15,14,9,5,111,6,3,0.9333333333333333,parsed
38457975,True,37,36,17,19,114,13,14,0.972972972972973,parsed
37224980,True,25,24,16,8,114,14,7,0.96,parsed
37224988,True,20,19,8,11,114,7,9,0.95,parsed
37224996,True,40,39,24,15,113,22,13,0.975,parsed
38457983,True,80,79,39,40,112,33,34,0.9875,parsed
37225004,True,30,29,11,18,114,10,16,0.9666666666666667,parsed
38457991,True,47,46,24,22,113,22,20,0.9787234042553191,parsed
38457999,True,87,86,42,44,113,37,37,0.9885057471264368,parsed
38458007,True,71,70,35,35,113,34,32,0.9859154929577465,parsed
37225044,True,48,47,20,27,114,17,23,0.9791666666666666,parsed
38458015,True,42,41,20,21,115,16,17,0.9761904761904762,parsed
38458023,True,37,36,15,21,112,13,18,0.972972972972973,parsed
37225084,True,29,28,11,17,112,9,14,0.9655172413793104,parsed
38458031,True,85,84,45,39,114,36,32,0.9882352941176471,parsed
37225100,True,21,20,7,13,115,6,11,0.9523809523809523,parsed
37225172,True,10,9,4,5,117,1,5,0.9,parsed
37225188,True,29,28,13,15,113,10,13,0.9655172413793104,parsed
37225196,True,40,39,14,25,113,12,19,0.975,parsed
37263740,True,18,17,8,9,114,6,7,0.9444444444444444,parsed
37225204,True,25,24,11,13,114,8,11,0.96,parsed
38458063,True,92,91,47,44,115,40,37,0.9891304347826086,parsed
37263756,True,19,18,9,9,114,8,7,0.9473684210526315,parsed
37225220,True,41,40,16,24,113,13,20,0.975609756097561,parsed
37263764,True,19,18,9,9,114,7,7,0.9473684210526315,parsed
37225228,True,41,40,14,26,113,10,22,0.975609756097561,parsed
37263772,True,12,11,6,5,114,5,4,0.9166666666666666,parsed
37225388,True,20,19,6,13,115,4,8,0.95,parsed
37225412,True,19,18,6,12,113,5,10,0.9473684210526315,parsed
38458071,True,59,58,33,25,113,27,22,0.9830508474576272,parsed
37225420,True,18,17,9,8,113,8,5,0.9444444444444444,parsed
37225428,True,28,27,12,15,114,9,13,0.9642857142857143,parsed
38458087,True,94,93,47,46,113,39,36,0.9893617021276596,parsed
37225436,True,18,17,6,11,113,4,7,0.9444444444444444,parsed
37225548,True,26,25,17,8,115,13,6,0.9615384615384616,parsed
38458103,True,39,38,21,17,115,17,13,0.9743589743589743,parsed
38458111,True,36,35,15,20,113,13,15,0.9722222222222222,parsed
38458119,True,53,52,24,28,113,21,22,0.9811320754716981,parsed
38458127,True,46,45,23,22,114,21,19,0.9782608695652174,parsed
38458135,True,57,56,35,21,115,31,17,0.9824561403508771,parsed
38458143,True,91,90,46,44,115,40,38,0.989010989010989,parsed
37427053,True,30,29,14,15,114,12,13,0.9666666666666667,parsed
38458159,True,78,77,39,38,113,34,32,0.9871794871794872,parsed
37427093,True,31,30,10,20,113,8,17,0.967741935483871,parsed
37427173,True,28,27,13,14,114,12,12,0.9642857142857143,parsed
37427197,True,29,28,12,16,115,9,12,0.9655172413793104,parsed
37427213,True,62,61,33,28,114,27,25,0.9838709677419355,parsed
38458175,True,86,85,48,37,113,40,31,0.9883720930232558,parsed
37427253,True,24,23,10,13,114,7,9,0.9583333333333334,parsed
38458183,True,31,30,15,15,114,12,12,0.967741935483871,parsed
37427381,True,32,31,14,17,113,12,15,0.96875,parsed
38458199,True,56,55,29,26,113,26,24,0.9821428571428571,parsed
37427405,True,20,19,9,10,113,7,6,0.95,parsed
38458223,True,62,61,31,30,114,27,25,0.9838709677419355,parsed
37427421,True,25,24,11,13,113,10,10,0.96,parsed
37427437,True,38,37,16,21,114,14,17,0.9736842105263158,parsed
38458247,True,35,34,15,19,114,13,15,0.9714285714285714,parsed
38458263,True,99,98,53,45,114,44,37,0.98989898989899,parsed
37427557,True,24,23,11,12,114,9,11,0.9583333333333334,parsed
38458287,True,41,40,16,24,115,15,22,0.975609756097561,parsed
37226836,True,11,10,5,5,114,3,3,0.9090909090909091,parsed
38458295,True,65,64,30,34,112,25,27,0.9846153846153847,parsed
37226844,True,33,32,18,14,113,16,13,0.9696969696969697,parsed
37226852,True,39,38,15,23,113,13,18,0.9743589743589743,parsed
37226900,True,45,44,21,23,112,18,20,0.9777777777777777,parsed
38458303,True,49,48,26,22,113,22,18,0.9795918367346939,parsed
37226940,True,37,36,16,20,59,4,5,0.972972972972973,parsed
38458327,True,21,20,5,15,116,3,12,0.9523809523809523,parsed
37263884,True,39,38,15,23,112,12,19,0.9743589743589743,parsed
38458335,True,29,28,14,14,116,11,12,0.9655172413793104,parsed
37226956,True,34,33,15,18,113,13,15,0.9705882352941176,parsed
37226964,True,27,26,10,16,113,10,15,0.9629629629629629,parsed
38458359,True,43,42,24,18,113,21,15,0.9767441860465116,parsed
37227004,True,15,14,5,9,114,4,8,0.9333333333333333,parsed
37227020,True,24,23,15,8,114,12,5,0.9583333333333334,parsed
37263980,True,17,16,7,9,114,6,7,0.9411764705882353,parsed
38458383,True,42,41,20,21,112,18,17,0.9761904761904762,parsed
38458391,True,51,50,30,20,113,26,17,0.9803921568627451,parsed
37227036,True,32,31,9,22,113,8,16,0.96875,parsed
37227044,True,29,28,13,15,113,11,13,0.9655172413793104,parsed
37227068,True,17,16,4,12,113,4,9,0.9411764705882353,parsed
38458407,True,35,34,21,13,113,19,11,0.9714285714285714,parsed
37227076,True,49,48,20,28,113,17,25,0.9795918367346939,parsed
37227084,True,18,17,4,13,114,4,11,0.9444444444444444,parsed
37227156,True,23,22,14,8,112,12,6,0.9565217391304348,parsed
38458415,True,50,49,25,24,113,21,20,0.98,parsed
37227172,True,32,31,12,19,116,10,15,0.96875,parsed
38458431,True,52,51,26,25,112,23,21,0.9807692307692307,parsed
37227196,True,18,17,6,11,113,5,10,0.9444444444444444,parsed
37227204,True,42,41,18,23,112,14,18,0.9761904761904762,parsed
37227220,True,34,33,17,16,113,15,13,0.9705882352941176,parsed
38458439,True,72,71,35,36,113,29,30,0.9861111111111112,parsed
37227228,True,23,22,8,14,113,6,10,0.9565217391304348,parsed
38458447,True,36,35,12,23,113,10,19,0.9722222222222222,parsed
38458479,True,84,83,43,40,113,38,34,0.9880952380952381,parsed
38458487,True,77,76,40,36,113,37,30,0.987012987012987,parsed
38458495,True,31,30,17,13,113,15,11,0.967741935483871,parsed
37227348,True,28,27,16,11,114,13,8,0.9642857142857143,parsed
37227356,True,26,25,7,18,112,5,16,0.9615384615384616,parsed
38458503,True,55,54,31,23,112,29,21,0.9818181818181818,parsed
37227372,True,18,17,7,10,116,5,7,0.9444444444444444,parsed
37227380,True,51,50,17,33,115,13,27,0.9803921568627451,parsed
37227388,True,27,26,11,15,112,9,13,0.9629629629629629,parsed
38458511,True,68,67,33,34,114,26,27,0.9852941176470589,parsed
38458527,True,57,56,30,26,112,26,20,0.9824561403508771,parsed
37227500,True,27,26,7,19,112,5,15,0.9629629629629629,parsed
38458535,True,57,56,29,27,114,26,22,0.9824561403508771,parsed
38458543,True,49,48,26,22,114,22,18,0.9795918367346939,parsed
37227996,True,36,35,15,20,112,12,16,0.9722222222222222,parsed
37228004,True,21,20,6,14,114,4,11,0.9523809523809523,parsed
38458567,True,41,40,22,18,115,20,16,0.975609756097561,parsed
38458575,True,68,67,34,33,115,30,28,0.9852941176470589,parsed
38458599,True,37,36,18,18,113,16,15,0.972972972972973,parsed
38458655,True,65,64,39,25,115,32,18,0.9846153846153847,parsed
38458647,True,24,23,10,13,114,8,10,0.9583333333333334,parsed
38458663,True,44,43,23,20,114,19,17,0.9772727272727273,parsed
38458671,True,55,54,26,28,116,23,24,0.9818181818181818,parsed
37263996,True,17,16,10,6,113,7,4,0.9411764705882353,parsed
37420885,True,29,28,15,13,114,13,11,0.9655172413793104,parsed
37228292,True,43,42,18,24,114,16,21,0.9767441860465116,parsed
38458687,True,93,92,52,40,114,42,32,0.989247311827957,parsed
37228468,True,25,24,11,13,114,9,12,0.96,parsed
38458719,True,76,75,36,39,117,29,33,0.9868421052631579,parsed
37420965,True,32,31,16,15,115,12,11,0.96875,parsed
38458735,True,58,57,24,33,114,22,27,0.9827586206896551,parsed
38458759,True,89,88,55,33,116,47,26,0.9887640449438202,parsed
37264012,True,16,15,9,6,114,5,3,0.9375,parsed
37264020,True,14,13,7,6,83,5,4,0.9285714285714286,parsed
38458767,True,69,68,37,31,114,33,26,0.9855072463768116,parsed
38458783,True,65,64,31,33,112,27,27,0.9846153846153847,parsed
38458799,True,65,64,27,37,113,21,30,0.9846153846153847,parsed
38458815,True,39,38,13,25,114,12,21,0.9743589743589743,parsed
37228820,True,48,47,22,25,113,17,21,0.9791666666666666,parsed
38458831,True,61,60,27,33,115,25,26,0.9836065573770492,parsed
38458887,True,33,32,12,20,113,10,18,0.9696969696969697,parsed
38458895,True,54,53,24,29,115,19,25,0.9814814814814815,parsed
38458903,True,76,75,37,38,114,30,30,0.9868421052631579,parsed
37229124,True,43,42,21,21,116,19,17,0.9767441860465116,parsed
37229132,True,23,22,10,12,113,8,10,0.9565217391304348,parsed
38458943,True,49,48,21,27,114,19,23,0.9795918367346939,parsed
37229172,True,15,14,8,6,116,5,4,0.9333333333333333,parsed
38458951,True,75,74,29,45,114,25,38,0.9866666666666667,parsed
37264124,True,10,9,3,6,113,3,6,0.9,parsed
38458967,True,64,63,31,32,115,27,26,0.984375,parsed
38458975,True,38,37,13,24,111,12,21,0.9736842105263158,parsed
37229324,True,26,25,8,17,113,6,14,0.9615384615384616,parsed
38459031,True,81,80,41,39,115,33,35,0.9876543209876543,parsed
38459039,True,46,45,23,22,113,22,18,0.9782608695652174,parsed
38459127,True,38,37,28,9,113,25,8,0.9736842105263158,parsed
38459135,True,27,26,10,16,113,9,12,0.9629629629629629,parsed
37230652,True,29,28,11,17,112,9,14,0.9655172413793104,parsed
38459167,True,63,62,33,29,112,27,22,0.9841269841269841,parsed
38459183,True,67,66,28,38,114,23,32,0.9850746268656716,parsed
38459207,True,94,93,58,35,114,49,29,0.9893617021276596,parsed
38459215,True,44,43,22,21,114,18,17,0.9772727272727273,parsed
37231492,True,24,23,9,14,113,8,11,0.9583333333333334,parsed
38459239,True,69,68,37,31,113,31,26,0.9855072463768116,parsed
38459247,True,66,65,33,32,111,28,27,0.9848484848484849,parsed
38459279,True,72,71,42,29,112,35,24,0.9861111111111112,parsed
38459295,True,60,59,28,31,114,24,23,0.9833333333333333,parsed
38459319,True,41,40,19,21,115,16,17,0.975609756097561,parsed
38459335,True,42,41,19,22,112,17,18,0.9761904761904762,parsed
38459383,True,58,57,24,33,112,21,27,0.9827586206896551,parsed
38459415,True,73,72,34,38,111,27,30,0.9863013698630136,parsed
38459439,True,75,74,38,36,115,32,30,0.9866666666666667,parsed
37233156,True,56,55,31,24,112,28,22,0.9821428571428571,parsed
37233956,True,33,32,7,25,114,6,21,0.9696969696969697,parsed
38459567,True,50,49,23,26,114,20,23,0.98,parsed
38459599,True,90,89,47,42,116,39,36,0.9888888888888889,parsed
38459647,True,36,35,23,12,114,20,9,0.9722222222222222,parsed
37235380,True,31,30,10,20,113,8,17,0.967741935483871,parsed
37235404,True,15,14,6,8,115,4,6,0.9333333333333333,parsed
38459671,True,48,47,16,31,113,12,24,0.9791666666666666,parsed
38459807,True,70,69,36,33,113,32,30,0.9857142857142858,parsed
37235820,True,49,48,17,31,111,12,25,0.9795918367346939,parsed
38459831,True,63,62,34,28,116,30,22,0.9841269841269841,parsed
38459839,True,63,62,33,29,114,28,23,0.9841269841269841,parsed
37235916,True,36,35,12,23,104,9,18,0.9722222222222222,parsed
38459855,True,64,63,41,22,115,35,17,0.984375,parsed
38459863,True,77,76,36,40,114,29,33,0.987012987012987,parsed
38459895,True,94,93,48,45,104,41,36,0.9893617021276596,parsed
38459943,True,65,64,37,27,111,29,18,0.9846153846153847,parsed
38460039,True,84,83,49,34,109,39,27,0.9880952380952381,parsed
38460223,True,21,20,11,9,116,9,7,0.9523809523809523,parsed
37264140,True,49,48,22,26,113,19,21,0.9795918367346939,parsed
38460255,True,89,88,50,38,115,43,31,0.9887640449438202,parsed
38460279,True,61,60,33,27,114,29,23,0.9836065573770492,parsed
38460335,True,48,47,23,24,114,20,19,0.9791666666666666,parsed
38460375,True,54,53,30,23,113,26,20,0.9814814814814815,parsed
37489525,False,0,0,0,0,112,0,0,,
38460415,True,93,92,53,39,113,46,33,0.989247311827957,parsed
37264148,True,33,32,9,23,96,7,13,0.9696969696969697,parsed
38460471,True,70,69,34,35,108,26,27,0.9857142857142858,parsed
38460623,True,47,46,19,27,113,17,23,0.9787234042553191,parsed
38460631,True,30,29,27,2,116,22,2,0.9666666666666667,parsed
38460639,True,58,57,31,26,98,26,22,0.9827586206896551,parsed
38460647,True,35,34,17,17,113,15,15,0.9714285714285714,parsed
38460655,True,59,58,34,24,117,21,19,0.9830508474576272,parsed
38460671,True,46,45,23,22,96,19,18,0.9782608695652174,parsed
38460719,False,0,0,0,0,106,0,0,,
38460727,True,82,81,38,43,96,30,35,0.9878048780487805,parsed
38460791,True,58,57,27,30,111,22,24,0.9827586206896551,parsed
38460887,True,60,59,30,29,95,27,24,0.9833333333333333,parsed
38460895,True,61,60,26,34,77,12,16,0.9836065573770492,parsed
38460911,True,65,64,30,34,75,18,19,0.9846153846153847,parsed
38460927,True,63,62,41,21,70,15,4,0.9841269841269841,parsed
37264164,True,14,13,7,6,76,6,5,0.9285714285714286,parsed
38460951,True,55,54,31,23,102,25,17,0.9818181818181818,parsed
37258076,True,38,37,15,22,94,12,18,0.9736842105263158,parsed
37264180,True,16,15,6,9,97,5,6,0.9375,parsed
37264188,True,6,5,2,3,95,1,1,0.8333333333333334,parsed
38460975,True,99,98,62,36,88,30,15,0.98989898989899,parsed
37264196,True,15,14,9,5,91,7,4,0.9333333333333333,parsed
37264204,True,38,37,18,19,88,12,12,0.9736842105263158,parsed
37264284,True,24,23,11,12,100,8,9,0.9583333333333334,parsed
37264292,True,17,16,8,8,109,6,6,0.9411764705882353,parsed
37264300,True,16,15,9,6,114,7,5,0.9375,parsed
38460991,True,60,59,31,28,111,28,22,0.9833333333333333,parsed
38460999,True,67,66,37,29,108,33,25,0.9850746268656716,parsed
38461007,True,38,37,18,19,112,16,16,0.9736842105263158,parsed
38461023,True,74,73,34,39,112,29,30,0.9864864864864865,parsed
38461127,True,88,87,46,41,102,35,32,0.9886363636363636,parsed
38461159,True,81,80,43,37,113,35,28,0.9876543209876543,parsed
38461183,True,63,62,28,34,114,23,28,0.9841269841269841,parsed
38461295,True,67,66,35,31,113,29,27,0.9850746268656716,parsed
37400764,False,0,0,0,0,97,0,0,,
37400772,False,0,0,0,0,112,0,0,,
37264308,True,58,57,24,33,112,19,28,0.9827586206896551,parsed
38461327,True,38,37,19,18,112,14,14,0.9736842105263158,parsed
38461335,True,59,58,18,40,109,15,33,0.9830508474576272,parsed
38461351,True,43,42,16,26,110,13,19,0.9767441860465116,parsed
38461383,True,39,38,23,15,91,15,10,0.9743589743589743,parsed
38461391,True,66,65,29,36,93,19,29,0.9848484848484849,parsed
38461423,True,51,50,26,24,96,16,15,0.9803921568627451,parsed
38461431,True,50,49,18,31,95,12,25,0.98,parsed
38461447,True,93,92,48,44,110,39,35,0.989247311827957,parsed
38461599,True,55,54,35,19,112,31,17,0.9818181818181818,parsed
38461607,True,45,44,15,29,107,12,24,0.9777777777777777,parsed
38461631,True,96,95,52,43,94,31,24,0.9895833333333334,parsed
38461639,True,78,77,40,37,91,34,29,0.9871794871794872,parsed
38461655,True,63,62,34,28,73,9,10,0.9841269841269841,parsed
38461703,True,47,46,19,27,85,13,13,0.9787234042553191,parsed
38461727,True,43,42,23,19,68,13,10,0.9767441860465116,parsed
38461735,True,65,64,31,33,72,14,15,0.9846153846153847,parsed
38461743,True,57,56,31,25,100,24,19,0.9824561403508771,parsed
38461783,True,57,56,28,28,89,20,21,0.9824561403508771,parsed
37489469,False,0,0,0,0,95,0,0,,
38461807,True,62,61,28,33,82,16,18,0.9838709677419355,parsed
38461879,True,84,83,57,26,82,37,17,0.9880952380952381,parsed
37264316,True,13,12,7,5,74,3,2,0.9230769230769231,parsed
38461887,True,59,58,28,30,81,23,22,0.9830508474576272,parsed
38461903,True,75,74,37,37,72,17,13,0.9866666666666667,parsed
38461991,True,51,50,21,29,77,12,16,0.9803921568627451,parsed
38462111,True,73,72,37,35,109,30,26,0.9863013698630136,parsed
38462207,True,76,75,42,33,108,36,26,0.9868421052631579,parsed
38462351,True,81,80,42,38,77,16,15,0.9876543209876543,parsed
38462559,True,87,86,44,42,102,37,34,0.9885057471264368,parsed
37264324,True,42,41,19,22,106,15,18,0.9761904761904762,parsed
38462679,True,90,89,53,36,107,40,26,0.9888888888888889,parsed
38462687,True,83,82,44,38,113,37,32,0.9879518072289156,parsed
38462839,True,61,60,29,31,100,18,16,0.9836065573770492,parsed
38462847,True,53,52,22,30,112,18,25,0.9811320754716981,parsed
38462927,True,39,38,18,20,112,15,17,0.9743589743589743,parsed
38463007,True,94,93,50,43,113,38,32,0.9893617021276596,parsed
38463087,True,97,96,52,44,112,43,37,0.9896907216494846,parsed
38463159,True,87,86,45,41,112,39,36,0.9885057471264368,parsed
38463223,True,48,47,24,23,105,14,13,0.9791666666666666,parsed
37264348,True,9,8,3,5,118,2,3,0.8888888888888888,parsed
38463359,True,85,84,46,38,114,37,30,0.9882352941176471,parsed
38463375,True,66,65,38,27,116,34,24,0.9848484848484849,parsed
38463495,True,79,78,46,32,98,34,24,0.9873417721518988,parsed
37264364,True,12,11,6,5,114,5,4,0.9166666666666666,parsed
38463727,True,54,53,31,22,115,26,18,0.9814814814814815,parsed
38463791,True,75,74,40,34,114,35,30,0.9866666666666667,parsed
38463807,True,89,88,43,45,112,35,37,0.9887640449438202,parsed
38463903,True,88,87,49,38,116,43,33,0.9886363636363636,parsed
37264444,True,18,17,6,11,113,5,10,0.9444444444444444,parsed
38464047,True,100,99,54,45,109,45,38,0.99,parsed
38464383,True,92,91,52,39,112,44,32,0.9891304347826086,parsed
38464447,True,41,40,20,20,114,18,16,0.975609756097561,parsed
38464791,True,63,62,32,30,113,26,26,0.9841269841269841,parsed
38464799,True,91,90,48,42,114,40,36,0.989010989010989,parsed
37483669,False,0,0,0,0,112,0,0,,
38464839,True,90,89,48,41,111,42,36,0.9888888888888889,parsed
38464927,True,94,93,50,43,113,41,36,0.9893617021276596,parsed
38464943,True,96,95,51,44,112,41,34,0.9895833333333334,parsed
38465063,True,93,92,55,37,114,45,31,0.989247311827957,parsed
38465239,True,92,91,52,39,114,44,33,0.9891304347826086,parsed
38465351,True,99,98,52,46,114,44,38,0.98989898989899,parsed
37409996,False,0,0,0,0,118,0,0,,
38465439,True,78,77,41,36,111,31,28,0.9871794871794872,parsed
38465735,True,15,14,13,1,114,13,1,0.9333333333333333,parsed
38465759,True,203,202,138,64,115,75,53,0.9950738916256158,parsed
38465815,True,67,66,28,38,114,25,33,0.9850746268656716,parsed
38466023,True,80,79,47,32,118,36,25,0.9875,parsed
38466063,True,99,98,69,29,116,43,24,0.98989898989899,parsed
38466103,True,76,75,35,40,116,29,35,0.9868421052631579,parsed
38466247,True,97,96,54,42,111,45,34,0.9896907216494846,parsed
38466583,True,75,74,46,28,111,38,23,0.9866666666666667,parsed
38466623,True,76,75,41,34,112,35,30,0.9868421052631579,parsed
38466655,True,72,71,38,33,116,32,28,0.9861111111111112,parsed
38466847,True,83,82,47,35,112,42,30,0.9879518072289156,parsed
38466855,True,79,78,42,36,113,36,30,0.9873417721518988,parsed
38466959,True,94,93,52,41,111,46,36,0.9893617021276596,parsed
38466983,True,71,70,33,37,114,31,32,0.9859154929577465,parsed
38466991,True,77,76,37,39,116,32,33,0.987012987012987,parsed
38467303,True,71,70,36,34,112,30,28,0.9859154929577465,parsed
38467311,True,58,57,25,32,106,15,23,0.9827586206896551,parsed
38467359,True,100,99,55,44,113,49,38,0.99,parsed
38467423,True,81,80,43,37,113,37,31,0.9876543209876543,parsed
38467671,True,82,81,40,41,114,32,32,0.9878048780487805,parsed
38468007,True,89,88,52,36,111,45,30,0.9887640449438202,parsed
38468023,True,47,46,20,26,117,14,20,0.9787234042553191,parsed
38468063,True,79,78,38,40,113,33,33,0.9873417721518988,parsed
38468151,True,96,95,50,45,112,39,35,0.9895833333333334,parsed
38468247,True,78,77,39,38,115,36,35,0.9871794871794872,parsed
38468407,True,84,83,50,33,111,41,27,0.9880952380952381,parsed
38468767,True,92,91,45,46,114,40,42,0.9891304347826086,parsed
38469079,True,74,73,44,29,113,38,25,0.9864864864864865,parsed
38469119,True,94,93,52,41,115,43,34,0.9893617021276596,parsed
38469271,True,36,35,19,16,109,17,16,0.9722222222222222,parsed
38469415,True,98,97,56,41,113,49,36,0.9897959183673469,parsed
38469511,True,82,81,44,37,112,39,31,0.9878048780487805,parsed
38470159,True,99,98,57,41,113,49,33,0.98989898989899,parsed
38470415,True,76,75,39,36,116,32,28,0.9868421052631579,parsed
38470471,True,96,95,59,36,111,49,30,0.9895833333333334,parsed
37264612,True,63,62,26,36,112,22,31,0.9841269841269841,parsed
38473223,True,70,69,36,33,112,31,28,0.9857142857142858,parsed
38473831,True,46,45,28,17,115,23,13,0.9782608695652174,parsed
38473839,True,73,72,43,29,111,37,24,0.9863013698630136,parsed
38473983,True,96,95,59,36,116,52,31,0.9895833333333334,parsed
38474119,True,71,70,41,29,114,36,24,0.9859154929577465,parsed
38474127,True,70,69,31,38,115,25,30,0.9857142857142858,parsed
38474639,True,59,58,23,35,114,19,29,0.9830508474576272,parsed
38475431,True,98,97,50,47,113,42,39,0.9897959183673469,parsed
38477007,True,68,67,41,26,116,35,22,0.9852941176470589,parsed
38477319,True,91,90,52,38,114,44,33,0.989010989010989,parsed
37485653,True,42,41,26,15,110,22,11,0.9761904761904762,parsed
38479239,True,69,68,40,28,113,30,19,0.9855072463768116,parsed
38480631,True,97,96,49,47,116,40,38,0.9896907216494846,parsed
38480975,True,65,64,30,34,114,24,27,0.9846153846153847,parsed
37264764,True,37,36,19,17,114,11,11,0.972972972972973,parsed
38486199,True,97,96,51,45,112,36,32,0.9896907216494846,parsed
38487519,True,90,89,48,41,112,37,33,0.9888888888888889,parsed
38490007,True,74,73,41,32,113,29,20,0.9864864864864865,parsed
37265084,True,20,19,7,12,113,7,8,0.95,parsed
37265404,True,27,26,9,17,115,3,10,0.9629629629629629,parsed
38519143,True,76,75,33,42,113,26,32,0.9868421052631579,parsed
38519223,True,68,67,47,20,112,37,13,0.9852941176470589,parsed
38519231,True,78,77,29,48,113,19,34,0.9871794871794872,parsed
37265572,True,12,11,6,5,113,6,4,0.9166666666666666,parsed
38522055,True,76,75,41,34,112,27,22,0.9868421052631579,parsed
37248948,True,51,50,23,27,108,22,21,0.9803921568627451,parsed
37265580,True,29,28,8,20,115,6,15,0.9655172413793104,parsed
38531903,True,84,83,42,41,112,35,34,0.9880952380952381,parsed
38532479,True,99,98,53,45,110,34,28,0.98989898989899,parsed
37266364,True,41,40,22,18,111,5,4,0.975609756097561,parsed
37266372,True,31,30,17,13,114,5,2,0.967741935483871,parsed
37266380,True,33,32,22,10,113,8,2,0.9696969696969697,parsed
37421757,True,55,54,27,27,111,14,10,0.9818181818181818,parsed
37267164,True,16,15,5,10,111,5,7,0.9375,parsed
38588455,True,90,89,45,44,114,33,27,0.9888888888888889,parsed
37421821,True,69,68,27,41,112,17,22,0.9855072463768116,parsed
38604199,True,37,36,19,17,115,16,14,0.972972972972973,parsed
37482197,False,0,0,0,0,115,0,0,,
38614159,True,82,81,40,41,97,23,22,0.9878048780487805,parsed
38615791,True,60,59,30,29,115,24,23,0.9833333333333333,parsed
37480781,False,0,0,0,0,118,0,0,,
38634351,True,74,73,41,32,105,20,15,0.9864864864864865,parsed
38644991,True,64,63,33,30,117,20,19,0.984375,parsed
38690607,True,37,36,19,17,117,14,12,0.972972972972973,parsed
38971248,True,92,91,47,44,116,33,30,0.9891304347826086,parsed
38995952,True,68,67,44,23,116,29,11,0.9852941176470589,parsed
38999312,True,43,42,21,21,116,15,17,0.9767441860465116,parsed
39005120,True,93,92,50,42,120,34,27,0.989247311827957,parsed
38820207,True,48,47,24,23,91,17,16,0.9791666666666666,parsed
38238754,True,61,60,25,33,110,15,18,0.9836065573770492,parsed
38247706,True,89,88,46,42,115,26,26,0.9887640449438202,parsed
38247754,True,97,96,52,44,115,30,29,0.9896907216494846,parsed
38248602,True,93,92,48,44,114,28,28,0.989247311827957,parsed
39209360,True,91,90,47,43,101,28,27,0.989010989010989,parsed
39210096,True,99,98,49,49,109,28,28,0.98989898989899,parsed
39217824,True,77,76,39,37,103,31,30,0.987012987012987,parsed
39225152,True,89,88,45,43,104,31,29,0.9887640449438202,parsed
39225400,True,66,65,32,33,93,17,18,0.9848484848484849,parsed
39233472,True,51,50,28,22,100,10,8,0.9803921568627451,parsed
39013463,True,22,21,11,10,90,9,9,0.9545454545454546,parsed
39013663,True,74,73,38,35,106,21,19,0.9864864864864865,parsed
39021735,True,77,76,40,36,105,27,25,0.987012987012987,parsed
39033039,True,73,72,36,36,92,22,22,0.9863013698630136,parsed
39272488,True,53,52,26,26,93,18,16,0.9811320754716981,parsed
39277800,True,82,81,42,39,99,24,24,0.9878048780487805,parsed
39281440,True,84,83,45,38,108,33,26,0.9880952380952381,parsed
39281456,True,66,65,35,30,104,30,24,0.9848484848484849,parsed
39283296,True,70,69,37,32,114,32,28,0.9857142857142858,parsed
39285816,True,86,85,44,41,107,41,38,0.9883720930232558,parsed
39287680,True,70,69,36,33,99,23,23,0.9857142857142858,parsed
39296624,True,82,81,46,35,117,35,27,0.9878048780487805,parsed
39070271,True,56,55,27,28,118,18,17,0.9821428571428571,parsed
39083127,True,52,51,27,24,92,25,23,0.9807692307692307,parsed
39089007,True,77,76,38,38,110,28,28,0.987012987012987,parsed
39089087,True,40,39,22,17,84,11,10,0.975,parsed
39089407,True,21,20,16,4,55,2,2,0.9523809523809523,parsed
39090087,True,80,79,41,38,109,29,28,0.9875,parsed
38386162,True,74,73,36,37,113,27,26,0.9864864864864865,parsed
38386410,True,76,75,38,37,113,27,26,0.9868421052631579,parsed
38387018,True,83,82,42,40,114,30,28,0.9879518072289156,parsed
38395986,True,75,74,37,37,114,26,25,0.9866666666666667,parsed
39108583,True,79,78,40,38,110,30,29,0.9873417721518988,parsed
39111991,True,79,78,39,39,115,26,26,0.9873417721518988,parsed
39114071,True,68,67,33,34,114,27,27,0.9852941176470589,parsed
39116263,True,81,80,41,39,109,31,29,0.9876543209876543,parsed
39138391,True,82,81,41,40,110,32,31,0.9878048780487805,parsed
39141103,True,67,66,34,32,114,24,23,0.9850746268656716,parsed
39380472,True,66,65,32,33,98,21,20,0.9848484848484849,parsed
39386896,True,78,77,39,38,112,31,30,0.9871794871794872,parsed
39387336,True,75,74,37,37,113,28,28,0.9866666666666667,parsed
39395080,True,80,79,40,39,115,26,25,0.9875,parsed
39395096,True,77,76,38,38,115,27,27,0.987012987012987,parsed
38480762,True,67,66,33,33,115,27,27,0.9850746268656716,parsed
39202199,True,25,24,11,13,85,10,11,0.96,parsed
39202567,True,68,67,35,32,110,27,24,0.9852941176470589,parsed
39206855,True,87,86,50,36,95,30,22,0.9885057471264368,parsed
39462672,True,84,83,43,40,109,33,31,0.9880952380952381,parsed
39462744,True,90,89,44,45,109,35,36,0.9888888888888889,parsed
39462768,True,87,86,45,41,109,36,31,0.9885057471264368,parsed
39462920,True,79,78,40,38,111,31,29,0.9873417721518988,parsed
39463040,True,86,85,44,41,108,33,32,0.9883720930232558,parsed
39463304,True,85,84,42,42,108,31,31,0.9882352941176471,parsed
39463528,True,86,85,42,43,108,32,33,0.9883720930232558,parsed
39464360,True,95,94,49,45,108,38,35,0.9894736842105263,parsed
39469848,True,91,90,46,44,109,36,34,0.989010989010989,parsed
39477608,True,80,79,40,39,110,30,29,0.9875,parsed
39481424,True,84,83,42,41,111,28,27,0.9880952380952381,parsed
37447541,True,17,16,5,11,115,4,9,0.9411764705882353,parsed
39490976,True,66,65,32,33,113,25,24,0.9848484848484849,parsed
39491208,True,92,91,45,46,113,31,30,0.9891304347826086,parsed
37447621,True,8,7,1,6,113,1,5,0.875,parsed
39491464,True,83,82,41,41,112,29,29,0.9879518072289156,parsed
39493944,True,92,91,47,44,113,30,28,0.9891304347826086,parsed
39493968,True,88,87,47,40,115,33,30,0.9886363636363636,parsed
39494008,True,86,85,42,43,115,29,29,0.9883720930232558,parsed
39494120,True,81,80,41,39,110,29,27,0.9876543209876543,parsed
39494128,True,79,78,40,38,110,29,28,0.9873417721518988,parsed
39494264,True,71,70,35,35,114,27,27,0.9859154929577465,parsed
39495128,True,80,79,40,39,111,29,26,0.9875,parsed
39496120,True,80,79,42,37,113,29,26,0.9875,parsed
39496160,True,81,80,40,40,109,28,27,0.9876543209876543,parsed
39496504,True,76,75,37,38,113,26,27,0.9868421052631579,parsed
39266607,True,73,72,37,35,113,28,25,0.9863013698630136,parsed
39266839,True,89,88,44,44,112,33,32,0.9887640449438202,parsed
39268023,True,70,69,33,36,114,26,26,0.9857142857142858,parsed
39268303,True,69,68,34,34,112,26,25,0.9855072463768116,parsed
39274191,True,87,86,39,47,91,26,28,0.9885057471264368,parsed
39281447,True,67,66,33,33,111,24,24,0.9850746268656716,parsed
38603762,True,68,67,33,34,115,25,24,0.9852941176470589,parsed
38604050,True,100,99,66,33,114,44,21,0.99,parsed
38605954,True,79,78,40,38,113,25,24,0.9873417721518988,parsed
39338399,True,81,80,47,33,107,32,22,0.9876543209876543,parsed
39338415,True,69,68,37,31,108,26,18,0.9855072463768116,parsed
37452101,True,81,80,21,58,109,18,33,0.9876543209876543,parsed
39346591,True,68,67,33,34,113,22,21,0.9852941176470589,parsed
39587168,True,92,91,46,45,110,33,33,0.9891304347826086,parsed
39362087,True,61,60,36,24,109,29,15,0.9836065573770492,parsed
39368535,True,80,79,40,39,111,28,26,0.9875,parsed
38675290,True,100,99,52,47,112,35,33,0.99,parsed
38683914,True,89,88,44,44,111,29,29,0.9887640449438202,parsed
38683938,True,90,89,45,44,110,29,29,0.9888888888888889,parsed
38693130,True,81,80,39,41,114,28,28,0.9876543209876543,parsed
38701098,True,84,83,42,41,110,32,32,0.9880952380952381,parsed
39640688,True,76,75,43,32,104,33,19,0.9868421052631579,parsed
37457117,True,22,21,15,6,104,11,4,0.9545454545454546,parsed
39641088,True,84,83,43,40,104,32,27,0.9880952380952381,parsed
39641112,True,74,73,44,29,105,38,25,0.9864864864864865,parsed
37479509,False,0,0,0,0,105,0,0,,
37456501,True,29,28,7,21,105,4,13,0.9655172413793104,parsed
39641552,True,35,34,18,16,105,15,12,0.9714285714285714,parsed
39641568,True,59,58,29,29,105,25,23,0.9830508474576272,parsed
39641576,True,42,41,21,20,105,17,16,0.9761904761904762,parsed
37479541,False,0,0,0,0,105,0,0,,
39641592,True,24,23,14,9,105,11,7,0.9583333333333334,parsed
37457501,True,36,35,16,19,105,11,13,0.9722222222222222,parsed
37456517,True,20,19,7,12,105,5,9,0.95,parsed
39641632,True,97,96,48,48,105,37,37,0.9896907216494846,parsed
39641656,True,96,95,53,42,104,39,31,0.9895833333333334,parsed
39641672,True,52,51,21,30,104,13,23,0.9807692307692307,parsed
39641696,True,100,99,52,47,105,39,34,0.99,parsed
39641712,True,81,80,39,41,105,30,33,0.9876543209876543,parsed
37470205,False,0,0,0,0,105,0,0,,
37347844,False,0,0,0,0,106,0,0,,
37456509,True,28,27,17,10,106,10,6,0.9642857142857143,parsed
39641888,True,41,40,21,17,106,14,11,0.975609756097561,parsed
39641896,True,72,71,35,36,105,25,25,0.9861111111111112,parsed
37470253,False,0,0,0,0,105,0,0,,
37456549,True,18,17,9,8,106,7,5,0.9444444444444444,parsed
37480893,False,0,0,0,0,104,0,0,,
37456405,True,23,22,11,11,104,7,7,0.9565217391304348,parsed
39643336,True,49,48,25,23,104,16,16,0.9795918367346939,parsed
37456565,True,12,11,6,5,104,4,3,0.9166666666666666,parsed
39643344,True,86,85,40,45,104,30,31,0.9883720930232558,parsed
39643368,True,63,62,28,34,104,20,24,0.9841269841269841,parsed
39645744,True,85,84,56,28,104,38,21,0.9882352941176471,parsed
37457525,True,68,67,39,28,105,32,22,0.9852941176470589,parsed
39649048,True,91,90,43,47,104,30,36,0.989010989010989,parsed
39649056,True,100,99,35,64,104,24,44,0.99,parsed
39649656,True,92,91,46,45,109,35,34,0.9891304347826086,parsed
39653920,True,93,92,51,41,104,40,33,0.989247311827957,parsed
39666952,True,94,93,54,39,104,37,26,0.9893617021276596,parsed
39667304,True,81,80,44,36,105,30,24,0.9876543209876543,parsed
39441199,True,57,56,29,27,111,28,26,0.9824561403508771,parsed
39442343,True,48,47,25,22,111,25,22,0.9791666666666666,parsed
39460703,True,88,87,45,42,109,34,33,0.9886363636363636,parsed
39461591,True,77,76,40,36,94,37,33,0.987012987012987,parsed
39466903,True,91,90,46,44,107,34,33,0.989010989010989,parsed
39468407,True,65,64,32,32,111,30,31,0.9846153846153847,parsed
39470639,True,83,82,45,37,98,41,35,0.9879518072289156,parsed
39481463,True,87,86,45,41,106,34,31,0.9885057471264368,parsed
39485839,True,93,92,47,45,89,25,24,0.989247311827957,parsed
39487087,True,77,76,39,37,101,29,28,0.987012987012987,parsed
39505887,True,88,87,62,25,96,40,20,0.9886363636363636,parsed
39509463,True,68,67,34,33,95,24,23,0.9852941176470589,parsed
37463493,False,0,0,0,0,106,0,0,,
37463485,False,0,0,0,0,106,0,0,,
39759376,True,175,174,139,35,106,79,26,0.9942857142857143,parsed
39759432,True,150,149,123,26,106,72,20,0.9933333333333333,parsed
39759456,True,132,131,96,35,106,53,26,0.9924242424242424,parsed
39760416,True,90,89,46,43,103,30,30,0.9888888888888889,parsed
39534943,False,0,0,0,0,100,0,0,,
39543967,True,83,82,41,41,100,24,25,0.9879518072289156,parsed
39546855,True,39,38,15,23,106,12,14,0.9743589743589743,parsed
39550567,True,75,74,37,37,101,26,26,0.9866666666666667,parsed
39552143,True,84,83,43,40,101,26,25,0.9880952380952381,parsed
39794648,True,64,63,32,31,102,23,23,0.984375,parsed
39796240,True,73,72,37,35,102,28,26,0.9863013698630136,parsed
39800544,False,0,0,0,0,105,0,0,,
39800680,False,0,0,0,0,105,0,0,,
39803680,True,87,86,46,40,102,33,28,0.9885057471264368,parsed
39572231,False,0,0,0,0,107,0,0,,
39572823,False,0,0,0,0,103,0,0,,
39596151,True,71,70,34,36,101,21,22,0.9859154929577465,parsed
39596607,True,59,58,28,30,99,19,19,0.9830508474576272,parsed
39839912,False,0,0,0,0,102,0,0,,
39841832,True,87,86,43,43,106,34,34,0.9885057471264368,parsed
39842872,True,100,99,51,48,102,35,33,0.99,parsed
39843952,True,82,81,42,39,103,33,31,0.9878048780487805,parsed
39846664,True,84,83,42,41,105,30,30,0.9880952380952381,parsed
39851144,False,0,0,0,0,106,0,0,,
39625767,True,52,51,25,26,111,23,24,0.9807692307692307,parsed
39634983,True,91,90,45,45,104,35,35,0.989010989010989,parsed
39643455,False,0,0,0,0,82,0,0,,
39647327,True,41,40,20,20,85,12,12,0.975609756097561,parsed
39658359,False,0,0,0,0,102,0,0,,
39659271,False,0,0,0,0,108,0,0,,
39906312,False,0,0,0,0,105,0,0,,
39906384,False,0,0,0,0,106,0,0,,
39909592,True,31,30,17,13,73,10,8,0.967741935483871,parsed
37327652,True,100,99,65,34,102,45,19,0.99,parsed
39919256,True,54,53,29,24,102,23,20,0.9814814814814815,parsed
39919272,True,31,30,17,13,102,13,11,0.967741935483871,parsed
37327820,True,79,78,58,20,102,38,14,0.9873417721518988,parsed
39919280,True,66,65,38,27,102,29,22,0.9848484848484849,parsed
39919296,True,24,23,12,11,102,8,8,0.9583333333333334,parsed
37329188,True,20,19,6,13,102,4,9,0.95,parsed
39919408,True,79,78,45,33,102,32,18,0.9873417721518988,parsed
39919416,True,74,73,27,46,102,17,25,0.9864864864864865,parsed
37327332,True,21,20,10,9,102,8,7,0.9523809523809523,parsed
39924760,True,76,75,41,34,102,30,23,0.9868421052631579,parsed
39936208,True,76,75,39,35,103,26,24,0.9868421052631579,parsed
39936216,True,65,64,41,23,103,29,18,0.9846153846153847,parsed
39936224,True,44,43,31,12,103,21,8,0.9772727272727273,parsed
39708967,True,77,76,37,39,107,28,28,0.987012987012987,parsed
39709511,True,65,64,29,35,96,20,22,0.9846153846153847,parsed
39710335,True,70,69,35,34,106,27,25,0.9857142857142858,parsed
39711727,True,87,86,44,42,108,32,31,0.9885057471264368,parsed
39715855,True,65,64,33,31,96,22,21,0.9846153846153847,parsed
39718407,True,66,65,36,29,103,31,23,0.9848484848484849,parsed
39725271,True,87,86,43,43,103,34,33,0.9885057471264368,parsed
39730287,True,95,94,49,45,104,39,36,0.9894736842105263,parsed
39749151,True,92,91,48,43,98,32,28,0.9891304347826086,parsed
39755903,False,0,0,0,0,102,0,0,,
39761199,True,39,38,21,17,85,11,10,0.9743589743589743,parsed
39766271,True,82,81,41,40,98,26,25,0.9878048780487805,parsed
40024976,True,71,70,36,34,100,25,22,0.9859154929577465,parsed
40027600,True,95,94,52,42,100,36,28,0.9894736842105263,parsed
40034008,True,87,86,43,43,95,22,20,0.9885057471264368,parsed
40037288,True,61,60,40,20,100,27,12,0.9836065573770492,parsed
39811695,True,84,83,42,41,100,26,27,0.9880952380952381,parsed
39818327,False,0,0,0,0,103,0,0,,
40068112,True,84,83,42,41,104,34,33,0.9880952380952381,parsed
39835791,True,87,86,43,43,106,30,30,0.9885057471264368,parsed
39836495,False,0,0,0,0,93,0,0,,
39840559,True,57,56,25,31,86,11,11,0.9824561403508771,parsed
39843975,True,81,80,40,40,101,31,29,0.9876543209876543,parsed
39849903,True,59,58,35,23,79,27,21,0.9830508474576272,parsed
39875135,True,85,84,44,40,105,34,30,0.9882352941176471,parsed
39878511,True,89,88,45,43,99,30,27,0.9887640449438202,parsed
39878559,True,87,86,45,41,99,30,27,0.9885057471264368,parsed
39881343,True,40,39,19,20,101,12,13,0.975,parsed
40128720,False,0,0,0,0,97,0,0,,
40130936,True,80,79,39,40,107,30,30,0.9875,parsed
39899591,False,0,0,0,0,91,0,0,,
39901543,True,95,94,52,42,96,47,39,0.9894736842105263,parsed
39923623,False,0,0,0,0,107,0,0,,
39923631,False,0,0,0,0,107,0,0,,
39923679,False,0,0,0,0,106,0,0,,
40188560,False,0,0,0,0,97,0,0,,
40195880,True,94,93,47,46,94,28,28,0.9893617021276596,parsed
39968663,True,79,78,40,38,106,32,31,0.9873417721518988,parsed
39985119,True,89,88,46,42,107,37,34,0.9887640449438202,parsed
40240528,True,63,62,34,28,99,24,18,0.9841269841269841,parsed
40241880,True,96,95,51,44,98,36,29,0.9895833333333334,parsed
40242720,True,88,87,47,40,100,34,28,0.9886363636363636,parsed
40255392,False,0,0,0,0,113,0,0,,
40255408,False,0,0,0,0,113,0,0,,
40017815,True,86,85,46,39,111,38,32,0.9883720930232558,parsed
40022183,False,0,0,0,0,85,0,0,,
40027143,False,0,0,0,0,113,0,0,,
40036375,True,97,96,73,23,97,49,18,0.9896907216494846,parsed
40039007,True,51,50,24,26,98,16,18,0.9803921568627451,parsed
40040359,False,0,0,0,0,110,0,0,,
40285368,False,0,0,0,0,108,0,0,,
40287560,True,63,62,33,29,100,23,20,0.9841269841269841,parsed
40296688,True,65,64,28,36,87,22,23,0.9846153846153847,parsed
40302920,True,29,28,20,8,85,16,5,0.9655172413793104,parsed
40068679,True,57,56,35,21,97,23,13,0.9824561403508771,parsed
40325048,True,76,75,43,32,101,34,20,0.9868421052631579,parsed
40334320,True,61,60,33,27,98,21,16,0.9836065573770492,parsed
40103815,True,62,61,31,30,116,25,24,0.9838709677419355,parsed
40355512,True,52,51,26,25,95,18,17,0.9807692307692307,parsed
40358328,True,66,65,40,25,114,34,18,0.9848484848484849,parsed
40131047,True,79,78,45,33,108,39,30,0.9873417721518988,parsed
40142455,True,60,59,32,27,112,16,15,0.9833333333333333,parsed
40153431,True,50,49,26,23,91,17,16,0.98,parsed
40153687,True,61,60,29,31,119,27,28,0.9836065573770492,parsed
40155183,True,48,47,25,22,112,23,19,0.9791666666666666,parsed
40403984,True,67,66,34,32,117,31,30,0.9850746268656716,parsed
40165247,True,80,79,45,34,115,38,29,0.9875,parsed
40419408,True,75,74,38,36,111,31,30,0.9866666666666667,parsed
40419496,True,71,70,36,34,112,32,30,0.9859154929577465,parsed
40421656,True,70,69,36,33,109,32,29,0.9857142857142858,parsed
40188871,True,85,84,44,40,113,36,32,0.9882352941176471,parsed
40189967,True,63,62,31,31,115,25,25,0.9841269841269841,parsed
40438576,True,85,84,45,39,103,27,25,0.9882352941176471,parsed
40441800,True,37,36,20,16,101,17,14,0.972972972972973,parsed
40441936,True,78,77,39,38,115,38,37,0.9871794871794872,parsed
40212415,True,86,85,57,28,106,39,19,0.9883720930232558,parsed
40214159,True,86,85,49,36,105,29,23,0.9883720930232558,parsed
40214511,True,80,79,41,38,107,30,28,0.9875,parsed
40214943,True,53,52,24,28,108,17,19,0.9811320754716981,parsed
40215415,True,83,82,49,33,106,36,23,0.9879518072289156,parsed
40215535,True,86,85,43,42,106,30,28,0.9883720930232558,parsed
40215687,True,90,89,56,33,107,41,24,0.9888888888888889,parsed
40215743,True,68,67,39,28,107,27,21,0.9852941176470589,parsed
40215983,True,97,96,60,36,107,43,25,0.9896907216494846,parsed
40217047,True,64,63,32,31,115,25,24,0.984375,parsed
40217695,True,69,68,35,33,112,29,27,0.9855072463768116,parsed
40217951,True,64,63,32,31,112,28,27,0.984375,parsed
40238455,True,62,61,32,29,113,25,23,0.9838709677419355,parsed
40488416,True,72,71,37,34,114,32,30,0.9861111111111112,parsed
40500864,True,77,76,38,38,106,24,23,0.987012987012987,parsed
39620202,True,69,68,36,32,97,20,19,0.9855072463768116,parsed
39628458,True,99,98,54,44,100,42,35,0.98989898989899,parsed
40531712,True,62,61,34,27,90,18,16,0.9838709677419355,parsed
40531840,True,61,60,31,29,92,17,17,0.9836065573770492,parsed
40533536,True,33,32,26,6,102,18,1,0.9696969696969697,parsed
40538616,True,28,27,12,15,89,12,15,0.9642857142857143,parsed
39643754,True,51,50,39,11,90,25,9,0.9803921568627451,parsed
39643994,True,27,26,22,4,94,13,4,0.9629629629629629,parsed
39644162,True,67,66,37,29,109,31,25,0.9850746268656716,parsed
39645394,True,55,54,34,20,106,30,16,0.9818181818181818,parsed
39658674,True,53,52,26,26,103,26,26,0.9811320754716981,parsed
40573224,True,63,62,32,30,112,28,26,0.9841269841269841,parsed
40583304,True,88,87,43,44,96,34,34,0.9886363636363636,parsed
40588312,True,85,84,44,40,114,40,36,0.9882352941176471,parsed
40590352,True,48,47,23,24,82,11,10,0.9791666666666666,parsed
39714146,True,66,65,31,34,93,18,19,0.9848484848484849,parsed
37591324,True,26,25,8,17,95,2,11,0.9615384615384616,parsed
40451647,True,94,93,53,40,108,47,37,0.9893617021276596,parsed
40451791,True,69,68,34,34,108,31,31,0.9855072463768116,parsed
40451871,True,61,60,33,27,100,17,13,0.9836065573770492,parsed
40452647,True,92,91,51,40,107,45,37,0.9891304347826086,parsed
40460015,True,16,15,9,6,87,4,4,0.9375,parsed
40663112,True,85,84,43,41,111,22,22,0.9882352941176471,parsed
40665224,True,51,50,24,26,86,11,12,0.9803921568627451,parsed
40666296,True,43,42,23,19,113,15,13,0.9767441860465116,parsed
40666304,True,50,49,29,20,113,17,12,0.98,parsed
40666312,True,77,76,52,24,113,32,17,0.987012987012987,parsed
40666328,True,70,69,37,32,113,25,20,0.9857142857142858,parsed
40666376,True,67,66,34,32,113,24,24,0.9850746268656716,parsed
37623804,True,38,37,8,29,111,5,20,0.9736842105263158,parsed
40673600,True,61,60,32,28,107,8,6,0.9836065573770492,parsed
40685504,True,68,67,34,33,112,27,26,0.9852941176470589,parsed
40691096,True,95,94,48,46,113,43,42,0.9894736842105263,parsed
40708192,True,67,66,35,31,103,20,16,0.9850746268656716,parsed
40714048,True,72,71,36,35,110,32,32,0.9861111111111112,parsed
40714056,True,82,81,40,41,111,34,34,0.9878048780487805,parsed
40714072,True,69,68,35,33,111,31,29,0.9855072463768116,parsed
40714288,True,79,78,40,38,109,34,32,0.9873417721518988,parsed
40556087,True,28,27,13,14,105,9,9,0.9642857142857143,parsed
40556879,True,43,42,22,20,105,9,9,0.9767441860465116,parsed
40742680,True,82,81,40,41,104,22,22,0.9878048780487805,parsed
40746800,True,68,67,35,32,103,22,20,0.9852941176470589,parsed
40746912,True,80,79,41,38,103,25,23,0.9875,parsed
37653460,True,24,23,9,14,104,4,6,0.9583333333333334,parsed
40746920,True,52,51,28,23,104,14,11,0.9807692307692307,parsed
37653444,True,39,38,16,22,102,8,11,0.9743589743589743,parsed
37653452,True,41,40,18,22,103,11,11,0.975609756097561,parsed
40746928,True,51,50,24,26,102,15,16,0.9803921568627451,parsed
37653884,True,29,28,15,13,98,8,9,0.9655172413793104,parsed
40746952,True,83,82,41,41,104,24,23,0.9879518072289156,parsed
40746992,True,78,77,37,40,104,23,23,0.9871794871794872,parsed
40747016,True,78,77,39,38,105,24,22,0.9871794871794872,parsed
40747064,True,75,74,39,35,102,23,20,0.9866666666666667,parsed
40747088,True,77,76,38,38,102,21,21,0.987012987012987,parsed
40747376,True,83,82,46,36,102,28,21,0.9879518072289156,parsed
40747544,True,86,85,43,42,105,26,23,0.9883720930232558,parsed
40747552,True,75,74,36,38,105,20,21,0.9866666666666667,parsed
37653724,True,37,36,15,21,102,6,11,0.972972972972973,parsed
40582559,True,72,71,34,37,101,21,21,0.9861111111111112,parsed
40590943,True,95,94,49,45,110,39,31,0.9894736842105263,parsed
40591063,True,55,54,25,29,110,17,22,0.9818181818181818,parsed
40592599,True,81,80,41,39,109,38,36,0.9876543209876543,parsed
40610487,True,74,73,38,35,98,23,20,0.9864864864864865,parsed
40614631,True,50,49,27,22,94,24,19,0.98,parsed
40614639,True,40,39,21,18,91,17,16,0.975,parsed
40614647,True,45,44,22,22,91,19,20,0.9777777777777777,parsed
37665244,True,41,40,19,21,91,17,18,0.975609756097561,parsed
37665252,True,45,44,23,21,91,22,19,0.9777777777777777,parsed
40614823,True,71,70,37,33,96,22,19,0.9859154929577465,parsed
40800256,True,74,73,38,35,110,35,32,0.9864864864864865,parsed
40813512,True,84,83,44,39,110,36,32,0.9880952380952381,parsed
40660767,True,68,67,33,34,116,31,31,0.9852941176470589,parsed
40669943,True,42,41,21,20,116,19,18,0.9761904761904762,parsed
40675215,True,100,99,53,46,117,44,39,0.99,parsed
40675231,True,96,95,56,39,117,51,37,0.9895833333333334,parsed
40865192,True,80,79,41,38,114,36,33,0.9875,parsed
37679332,True,38,37,17,20,114,14,16,0.9736842105263158,parsed
37679660,True,34,33,14,19,114,11,18,0.9705882352941176,parsed
40865216,True,46,45,38,7,114,34,5,0.9782608695652174,parsed
40865232,True,77,76,39,36,114,35,32,0.987012987012987,parsed
40865248,True,54,53,19,34,114,16,33,0.9814814814814815,parsed
40865280,True,88,87,49,38,114,46,36,0.9886363636363636,parsed
37678844,True,20,19,4,15,37,2,14,0.95,parsed
40866368,True,59,58,37,21,96,18,16,0.9830508474576272,parsed
40866688,True,51,50,38,12,116,34,11,0.9803921568627451,parsed
40868176,True,80,79,50,29,117,45,27,0.9875,parsed
40868336,True,52,51,35,16,117,32,15,0.9807692307692307,parsed
40869240,True,88,87,48,39,118,43,36,0.9886363636363636,parsed
40869472,True,93,92,56,36,117,50,33,0.989247311827957,parsed
40697215,True,64,63,31,32,113,29,30,0.984375,parsed
40708311,True,97,96,47,49,114,30,29,0.9896907216494846,parsed
40746391,True,86,85,44,41,119,37,34,0.9883720930232558,parsed
40752591,True,53,52,26,26,120,21,22,0.9811320754716981,parsed
40755079,True,85,84,42,42,115,26,25,0.9882352941176471,parsed
40755215,True,82,81,39,42,115,24,25,0.9878048780487805,parsed
40958104,True,75,74,39,35,96,32,29,0.9866666666666667,parsed
40965744,True,84,83,41,42,124,34,34,0.9880952380952381,parsed
40966152,True,85,84,41,43,96,35,35,0.9882352941176471,parsed
40792599,True,64,63,32,31,123,28,27,0.984375,parsed
40989656,True,22,21,7,14,93,6,6,0.9545454545454546,parsed
40995120,True,37,36,16,20,101,7,7,0.972972972972973,parsed
40827375,True,91,90,45,45,125,40,39,0.989010989010989,parsed
