event_id,sequence_group,value,method,quantity,population,metric
14724004,68,0.24259122371673586,cross_attention,pga,overall,mae
14733516,3,0.6680848914384842,cross_attention,pga,overall,mae
14746844,3,0.2670232701301575,cross_attention,pga,overall,mae
14749860,3,0.42101551592350006,cross_attention,pga,overall,mae
10930061,53,0.44893460035324095,cross_attention,pga,overall,mae
11129826,15,0.6855145898461342,cross_attention,pga,overall,mae
15198929,4,0.385204810500145,cross_attention,pga,overall,mae
15199065,4,0.30774135708808903,cross_attention,pga,overall,mae
15199441,4,0.255593923330307,cross_attention,pga,overall,mae
15199497,4,0.24719064235687255,cross_attention,pga,overall,mae
15199577,4,0.4959058618545532,cross_attention,pga,overall,mae
15199593,4,0.6684908556938172,cross_attention,pga,overall,mae
15199601,4,0.31729088366031644,cross_attention,pga,overall,mae
15199657,4,0.2896197736263275,cross_attention,pga,overall,mae
15199681,4,1.1975091842934489,cross_attention,pga,overall,mae
15199689,4,0.3694440820813179,cross_attention,pga,overall,mae
15199721,4,0.49247589886188503,cross_attention,pga,overall,mae
15199729,4,0.28896108984947205,cross_attention,pga,overall,mae
15199745,4,0.2811006665229797,cross_attention,pga,overall,mae
15199785,4,0.2872071349620819,cross_attention,pga,overall,mae
15199865,4,0.3709393411874771,cross_attention,pga,overall,mae
15199969,4,0.280651113986969,cross_attention,pga,overall,mae
15200001,4,0.2493492394685745,cross_attention,pga,overall,mae
15200033,4,0.3208567148447037,cross_attention,pga,overall,mae
15200161,4,0.2812075459957123,cross_attention,pga,overall,mae
15200401,4,0.9193196435272692,cross_attention,pga,overall,mae
15200449,4,0.39305452108383176,cross_attention,pga,overall,mae
15200489,4,0.4942458307743073,cross_attention,pga,overall,mae
15200513,4,0.3342119544744492,cross_attention,pga,overall,mae
15200593,4,0.23224205732345582,cross_attention,pga,overall,mae
15200601,4,0.3911551558971405,cross_attention,pga,overall,mae
15200753,4,0.3036464875936508,cross_attention,pga,overall,mae
15200921,4,0.3107270109653473,cross_attention,pga,overall,mae
15201057,4,0.28031522750854493,cross_attention,pga,overall,mae
15201145,4,0.2766776257753372,cross_attention,pga,overall,mae
15201241,4,0.2772311216592789,cross_attention,pga,overall,mae
15201249,4,0.2851210594177246,cross_attention,pga,overall,mae
15201297,4,0.5187635213136673,cross_attention,pga,overall,mae
15201537,4,0.9114804553985596,cross_attention,pga,overall,mae
15201553,4,0.3498090362548828,cross_attention,pga,overall,mae
15201617,4,0.27713329970836637,cross_attention,pga,overall,mae
15201697,4,0.2686864423751831,cross_attention,pga,overall,mae
15201961,4,0.26750720381736753,cross_attention,pga,overall,mae
15202401,4,0.25839080929756164,cross_attention,pga,overall,mae
15202465,4,0.271311462521553,cross_attention,pga,overall,mae
15202921,4,0.8559480807185172,cross_attention,pga,overall,mae
15203033,4,0.24636339902877807,cross_attention,pga,overall,mae
15203249,4,0.28759862065315245,cross_attention,pga,overall,mae
15203401,4,0.28932427167892455,cross_attention,pga,overall,mae
15204369,4,0.39671745657920837,cross_attention,pga,overall,mae
15204969,4,0.524679993391037,cross_attention,pga,overall,mae
15205377,4,0.3404781275987625,cross_attention,pga,overall,mae
15208857,4,0.3214989334344864,cross_attention,pga,overall,mae
37700544,289,0.3531803476810455,cross_attention,pga,overall,mae
37382677,289,0.3659818422794342,cross_attention,pga,overall,mae
37382749,289,0.38023386418819427,cross_attention,pga,overall,mae
37701512,289,0.3303385555744171,cross_attention,pga,overall,mae
37701552,289,0.36025533616542815,cross_attention,pga,overall,mae
37701856,289,0.2942439639568329,cross_attention,pga,overall,mae
37707792,289,0.3003708076477051,cross_attention,pga,overall,mae
37775048,97,0.33685466051101687,cross_attention,pga,overall,mae
37775056,97,0.2966241347789764,cross_attention,pga,overall,mae
37775296,97,0.33318093776702884,cross_attention,pga,overall,mae
37775304,97,0.3779401832818985,cross_attention,pga,overall,mae
37775432,97,0.3206271868944168,cross_attention,pga,overall,mae
37775504,97,0.4389514034986496,cross_attention,pga,overall,mae
37775608,97,0.26545120060443883,cross_attention,pga,overall,mae
37776080,97,0.27743699312210085,cross_attention,pga,overall,mae
37776336,97,0.29806039452552796,cross_attention,pga,overall,mae
38354928,13,0.3212594175338745,cross_attention,pga,overall,mae
38138175,13,0.9162908625602721,cross_attention,pga,overall,mae
38138183,13,0.3971372032165527,cross_attention,pga,overall,mae
38138415,13,0.3779522407054901,cross_attention,pga,overall,mae
38138431,13,0.43774017691612244,cross_attention,pga,overall,mae
39090087,39,0.32341407060623173,cross_attention,pga,overall,mae
39111991,39,0.35184977531433104,cross_attention,pga,overall,mae
39141103,39,0.35462471783161165,cross_attention,pga,overall,mae
39395080,39,0.3610276389122009,cross_attention,pga,overall,mae
39395096,39,0.2728623557090759,cross_attention,pga,overall,mae
39462672,40,0.2720122849941254,cross_attention,pga,overall,mae
39462744,40,0.27535085737705234,cross_attention,pga,overall,mae
39462768,40,0.26462270855903625,cross_attention,pga,overall,mae
39463040,40,0.3183064270019531,cross_attention,pga,overall,mae
39463304,40,0.36677271306514736,cross_attention,pga,overall,mae
39463528,40,0.3037698084115982,cross_attention,pga,overall,mae
39464360,40,0.5401800522208214,cross_attention,pga,overall,mae
39469848,40,0.6358530563116074,cross_attention,pga,overall,mae
40675215,11,1.3529348368942737,cross_attention,pga,overall,mae
40675231,11,0.35937732219696045,cross_attention,pga,overall,mae
40865192,19,0.5986208257079124,cross_attention,pga,overall,mae
37679332,19,0.547035750746727,cross_attention,pga,overall,mae
37679660,19,0.4758838844299317,cross_attention,pga,overall,mae
40865216,19,0.8761098355054855,cross_attention,pga,overall,mae
40865232,19,0.3620256817340851,cross_attention,pga,overall,mae
40865248,19,0.49145321488380433,cross_attention,pga,overall,mae
40865280,19,0.3360122287273407,cross_attention,pga,overall,mae
40866368,19,0.29756126523017884,cross_attention,pga,overall,mae
40866688,19,0.34015020966529846,cross_attention,pga,overall,mae
40868176,19,0.36529600262641904,cross_attention,pga,overall,mae
40868336,19,0.3257940208911896,cross_attention,pga,overall,mae
40869240,19,0.3648746883869171,cross_attention,pga,overall,mae
40869472,19,0.4079956603050232,cross_attention,pga,overall,mae
14733516,3,1.0487815411317916,cross_attention,pga,high_motion_tail,mae
14746844,3,0.5116595029830933,cross_attention,pga,high_motion_tail,mae
14749860,3,0.8101584017276764,cross_attention,pga,high_motion_tail,mae
10930061,53,1.005226501396724,cross_attention,pga,high_motion_tail,mae
11129826,15,0.8482560967405638,cross_attention,pga,high_motion_tail,mae
15198929,4,0.8150477051734925,cross_attention,pga,high_motion_tail,mae
15199065,4,0.5719426274299622,cross_attention,pga,high_motion_tail,mae
15199441,4,0.5435731410980225,cross_attention,pga,high_motion_tail,mae
15199497,4,0.6174445152282715,cross_attention,pga,high_motion_tail,mae
15199577,4,1.1053773928911257,cross_attention,pga,high_motion_tail,mae
15199593,4,1.0853160344637358,cross_attention,pga,high_motion_tail,mae
15199601,4,0.7691933711369833,cross_attention,pga,high_motion_tail,mae
15199657,4,0.8535161358969552,cross_attention,pga,high_motion_tail,mae
15199681,4,1.4641849772259594,cross_attention,pga,high_motion_tail,mae
15199689,4,0.7189218320098577,cross_attention,pga,high_motion_tail,mae
15199721,4,0.9540894793139564,cross_attention,pga,high_motion_tail,mae
15199745,4,0.7791618704795837,cross_attention,pga,high_motion_tail,mae
15199785,4,0.2642190456390381,cross_attention,pga,high_motion_tail,mae
15199865,4,0.49289214611053467,cross_attention,pga,high_motion_tail,mae
15199969,4,0.5572888851165771,cross_attention,pga,high_motion_tail,mae
15200001,4,0.6810348629951477,cross_attention,pga,high_motion_tail,mae
15200033,4,0.7221720814704895,cross_attention,pga,high_motion_tail,mae
15200401,4,1.139557263130943,cross_attention,pga,high_motion_tail,mae
15200449,4,0.6600935339927674,cross_attention,pga,high_motion_tail,mae
15200489,4,0.7083560994693211,cross_attention,pga,high_motion_tail,mae
15200513,4,0.6745418667793274,cross_attention,pga,high_motion_tail,mae
15200593,4,0.7116179466247559,cross_attention,pga,high_motion_tail,mae
15200601,4,0.9488556087017059,cross_attention,pga,high_motion_tail,mae
15200753,4,0.7161835432052612,cross_attention,pga,high_motion_tail,mae
15200921,4,0.4429115454355876,cross_attention,pga,high_motion_tail,mae
15201145,4,0.8090092420578003,cross_attention,pga,high_motion_tail,mae
15201241,4,0.944801926612854,cross_attention,pga,high_motion_tail,mae
15201249,4,0.49833957354227704,cross_attention,pga,high_motion_tail,mae
15201297,4,1.041854903101921,cross_attention,pga,high_motion_tail,mae
15201537,4,1.2325425227483113,cross_attention,pga,high_motion_tail,mae
15201617,4,0.636022686958313,cross_attention,pga,high_motion_tail,mae
15201961,4,0.7836488087972006,cross_attention,pga,high_motion_tail,mae
15202465,4,0.8066787004470826,cross_attention,pga,high_motion_tail,mae
15202921,4,1.185579299479723,cross_attention,pga,high_motion_tail,mae
15203401,4,0.8094254970550537,cross_attention,pga,high_motion_tail,mae
15204369,4,0.9188609719276428,cross_attention,pga,high_motion_tail,mae
15204969,4,1.000059375166893,cross_attention,pga,high_motion_tail,mae
15205377,4,0.8355675637722015,cross_attention,pga,high_motion_tail,mae
37382677,289,0.9193577766418457,cross_attention,pga,high_motion_tail,mae
37382749,289,0.5690361261367798,cross_attention,pga,high_motion_tail,mae
37701512,289,0.7482491493225097,cross_attention,pga,high_motion_tail,mae
37707792,289,0.6882757544517517,cross_attention,pga,high_motion_tail,mae
37775048,97,0.9405470788478851,cross_attention,pga,high_motion_tail,mae
37775056,97,0.3856844902038574,cross_attention,pga,high_motion_tail,mae
37775296,97,0.9439769883950551,cross_attention,pga,high_motion_tail,mae
37775304,97,0.8032525777816772,cross_attention,pga,high_motion_tail,mae
37775432,97,0.7675992250442505,cross_attention,pga,high_motion_tail,mae
37775504,97,0.8207948335579464,cross_attention,pga,high_motion_tail,mae
37775608,97,0.9470738513129098,cross_attention,pga,high_motion_tail,mae
37776080,97,0.9515631993611654,cross_attention,pga,high_motion_tail,mae
37776336,97,0.6533157030741373,cross_attention,pga,high_motion_tail,mae
38354928,13,0.7302071005105972,cross_attention,pga,high_motion_tail,mae
38138175,13,1.1235817302675808,cross_attention,pga,high_motion_tail,mae
38138415,13,1.1845873196919758,cross_attention,pga,high_motion_tail,mae
39111991,39,0.5242442729927245,cross_attention,pga,high_motion_tail,mae
39395080,39,0.7164217450402,cross_attention,pga,high_motion_tail,mae
39395096,39,0.712410569190979,cross_attention,pga,high_motion_tail,mae
39462672,40,0.6301482518513998,cross_attention,pga,high_motion_tail,mae
39462744,40,0.6304627656936646,cross_attention,pga,high_motion_tail,mae
39463528,40,0.563302199045817,cross_attention,pga,high_motion_tail,mae
39464360,40,0.4938434933622678,cross_attention,pga,high_motion_tail,mae
39469848,40,0.8775001306282846,cross_attention,pga,high_motion_tail,mae
40675215,11,1.3673654644522402,cross_attention,pga,high_motion_tail,mae
40675231,11,0.7271273732185364,cross_attention,pga,high_motion_tail,mae
40865192,19,0.6797219822425691,cross_attention,pga,high_motion_tail,mae
37679660,19,0.32222163677215576,cross_attention,pga,high_motion_tail,mae
40865216,19,1.097747608653286,cross_attention,pga,high_motion_tail,mae
40865232,19,0.8655397891998291,cross_attention,pga,high_motion_tail,mae
40865280,19,0.8729482094446818,cross_attention,pga,high_motion_tail,mae
40866688,19,1.067851185798645,cross_attention,pga,high_motion_tail,mae
40868176,19,0.9712049961090088,cross_attention,pga,high_motion_tail,mae
40868336,19,1.3307660818099976,cross_attention,pga,high_motion_tail,mae
40869240,19,0.21062660217285156,cross_attention,pga,high_motion_tail,mae
14724004,68,-0.008833775520324707,cross_attention,pga,overall,bias
14733516,3,-0.6525804191827774,cross_attention,pga,overall,bias
14746844,3,-0.1267599296569824,cross_attention,pga,overall,bias
14749860,3,-0.3620150071382523,cross_attention,pga,overall,bias
10930061,53,-0.42987504482269284,cross_attention,pga,overall,bias
11129826,15,-0.6748449578881264,cross_attention,pga,overall,bias
15198929,4,-0.339140128493309,cross_attention,pga,overall,bias
15199065,4,-0.13094157576560975,cross_attention,pga,overall,bias
15199441,4,-0.03324685454368591,cross_attention,pga,overall,bias
15199497,4,-0.022582104206085203,cross_attention,pga,overall,bias
15199577,4,-0.4603943872451782,cross_attention,pga,overall,bias
15199593,4,-0.6659306454658508,cross_attention,pga,overall,bias
15199601,4,-0.2595293885469437,cross_attention,pga,overall,bias
15199657,4,-0.10312653660774232,cross_attention,pga,overall,bias
15199681,4,-1.1948523668572306,cross_attention,pga,overall,bias
15199689,4,-0.3245602801442146,cross_attention,pga,overall,bias
15199721,4,-0.4417385560274124,cross_attention,pga,overall,bias
15199729,4,0.05240131497383118,cross_attention,pga,overall,bias
15199745,4,-0.04666473865509033,cross_attention,pga,overall,bias
15199785,4,0.04350802302360535,cross_attention,pga,overall,bias
15199865,4,-0.2673999220132828,cross_attention,pga,overall,bias
15199969,4,-0.07570131301879883,cross_attention,pga,overall,bias
15200001,4,-0.001987259984016418,cross_attention,pga,overall,bias
15200033,4,-0.1493064671754837,cross_attention,pga,overall,bias
15200161,4,-0.01333614706993103,cross_attention,pga,overall,bias
15200401,4,-0.9157242532074452,cross_attention,pga,overall,bias
15200449,4,0.2718391847610474,cross_attention,pga,overall,bias
15200489,4,-0.4333593022823334,cross_attention,pga,overall,bias
15200513,4,-0.2194061630964279,cross_attention,pga,overall,bias
15200593,4,0.005182561874389648,cross_attention,pga,overall,bias
15200601,4,-0.30802443146705627,cross_attention,pga,overall,bias
15200753,4,0.06474017441272736,cross_attention,pga,overall,bias
15200921,4,-0.20212345957756042,cross_attention,pga,overall,bias
15201057,4,0.0032124519348144553,cross_attention,pga,overall,bias
15201145,4,-0.11307974874973296,cross_attention,pga,overall,bias
15201241,4,-0.14119846880435943,cross_attention,pga,overall,bias
15201249,4,-0.15587680101394652,cross_attention,pga,overall,bias
15201297,4,-0.4924691087007522,cross_attention,pga,overall,bias
15201537,4,-0.9097349977493285,cross_attention,pga,overall,bias
15201553,4,0.258983268737793,cross_attention,pga,overall,bias
15201617,4,-0.07143887460231782,cross_attention,pga,overall,bias
15201697,4,-0.020676352977752683,cross_attention,pga,overall,bias
15201961,4,-0.05935566544532776,cross_attention,pga,overall,bias
15202401,4,-0.04527315735816956,cross_attention,pga,overall,bias
15202465,4,-0.022470532059669496,cross_attention,pga,overall,bias
15202921,4,-0.8510196897387505,cross_attention,pga,overall,bias
15203033,4,-0.15564122438430786,cross_attention,pga,overall,bias
15203249,4,-0.043476091623306276,cross_attention,pga,overall,bias
15203401,4,0.007648503780364987,cross_attention,pga,overall,bias
15204369,4,-0.30984777331352237,cross_attention,pga,overall,bias
15204969,4,-0.4846733677387237,cross_attention,pga,overall,bias
15205377,4,-0.18582218706607817,cross_attention,pga,overall,bias
15208857,4,-0.22017405807971951,cross_attention,pga,overall,bias
37700544,289,0.18807165503501894,cross_attention,pga,overall,bias
37382677,289,-0.2151667392253876,cross_attention,pga,overall,bias
37382749,289,-0.2466954845190048,cross_attention,pga,overall,bias
37701512,289,-0.14238025069236754,cross_attention,pga,overall,bias
37701552,289,0.23793045461177825,cross_attention,pga,overall,bias
37701856,289,-0.11679716467857362,cross_attention,pga,overall,bias
37707792,289,-0.06255073070526122,cross_attention,pga,overall,bias
37775048,97,-0.1343886089324951,cross_attention,pga,overall,bias
37775056,97,0.049577609300613404,cross_attention,pga,overall,bias
37775296,97,-0.269134202003479,cross_attention,pga,overall,bias
37775304,97,0.11986349999904633,cross_attention,pga,overall,bias
37775432,97,-0.2246703726053238,cross_attention,pga,overall,bias
37775504,97,-0.41480849921703344,cross_attention,pga,overall,bias
37775608,97,-0.10432570755481721,cross_attention,pga,overall,bias
37776080,97,-0.11466266393661499,cross_attention,pga,overall,bias
37776336,97,0.005250431299209593,cross_attention,pga,overall,bias
38354928,13,-0.0735322093963623,cross_attention,pga,overall,bias
38138175,13,-0.9158328580856324,cross_attention,pga,overall,bias
38138183,13,0.01241010189056397,cross_attention,pga,overall,bias
38138415,13,-0.29258417963981626,cross_attention,pga,overall,bias
38138431,13,-0.30104858756065367,cross_attention,pga,overall,bias
39090087,39,0.24534978389739992,cross_attention,pga,overall,bias
39111991,39,-0.32667839884758,cross_attention,pga,overall,bias
39141103,39,0.10698930323123931,cross_attention,pga,overall,bias
39395080,39,-0.30763218402862547,cross_attention,pga,overall,bias
39395096,39,-0.13519607543945314,cross_attention,pga,overall,bias
39462672,40,-0.14339114069938658,cross_attention,pga,overall,bias
39462744,40,-0.051828227639198296,cross_attention,pga,overall,bias
39462768,40,-0.04345195889472961,cross_attention,pga,overall,bias
39463040,40,-0.10173936843872071,cross_attention,pga,overall,bias
39463304,40,0.18222773015499114,cross_attention,pga,overall,bias
39463528,40,-0.19462879836559294,cross_attention,pga,overall,bias
39464360,40,-0.5342432889342308,cross_attention,pga,overall,bias
39469848,40,-0.634217694401741,cross_attention,pga,overall,bias
40675215,11,-1.3529348368942737,cross_attention,pga,overall,bias
40675231,11,-0.3050070011615753,cross_attention,pga,overall,bias
40865192,19,-0.5109752550721168,cross_attention,pga,overall,bias
37679332,19,0.4995098513364792,cross_attention,pga,overall,bias
37679660,19,0.43168148398399353,cross_attention,pga,overall,bias
40865216,19,-0.7953813046216964,cross_attention,pga,overall,bias
40865232,19,-0.12182382464408874,cross_attention,pga,overall,bias
40865248,19,0.4248304009437561,cross_attention,pga,overall,bias
40865280,19,0.11081260681152343,cross_attention,pga,overall,bias
40866368,19,0.1978302538394928,cross_attention,pga,overall,bias
40866688,19,0.20165886998176577,cross_attention,pga,overall,bias
40868176,19,-0.08181002736091614,cross_attention,pga,overall,bias
40868336,19,-0.13017261385917664,cross_attention,pga,overall,bias
40869240,19,0.15910653471946717,cross_attention,pga,overall,bias
40869472,19,0.27521084308624266,cross_attention,pga,overall,bias
14733516,3,-1.0487815411317916,cross_attention,pga,high_motion_tail,bias
14746844,3,-0.5116595029830933,cross_attention,pga,high_motion_tail,bias
14749860,3,-0.8101584017276764,cross_attention,pga,high_motion_tail,bias
10930061,53,-1.005226501396724,cross_attention,pga,high_motion_tail,bias
11129826,15,-0.8482560967405638,cross_attention,pga,high_motion_tail,bias
15198929,4,-0.8150477051734925,cross_attention,pga,high_motion_tail,bias
15199065,4,-0.5719426274299622,cross_attention,pga,high_motion_tail,bias
15199441,4,-0.5435731410980225,cross_attention,pga,high_motion_tail,bias
15199497,4,-0.6174445152282715,cross_attention,pga,high_motion_tail,bias
15199577,4,-1.1053773928911257,cross_attention,pga,high_motion_tail,bias
15199593,4,-1.0853160344637358,cross_attention,pga,high_motion_tail,bias
15199601,4,-0.7691933711369833,cross_attention,pga,high_motion_tail,bias
15199657,4,-0.8535161358969552,cross_attention,pga,high_motion_tail,bias
15199681,4,-1.4641849772259594,cross_attention,pga,high_motion_tail,bias
15199689,4,-0.7189218320098577,cross_attention,pga,high_motion_tail,bias
15199721,4,-0.9540894793139564,cross_attention,pga,high_motion_tail,bias
15199745,4,-0.7791618704795837,cross_attention,pga,high_motion_tail,bias
15199785,4,-0.2642190456390381,cross_attention,pga,high_motion_tail,bias
15199865,4,-0.49289214611053467,cross_attention,pga,high_motion_tail,bias
15199969,4,-0.5572888851165771,cross_attention,pga,high_motion_tail,bias
15200001,4,-0.6810348629951477,cross_attention,pga,high_motion_tail,bias
15200033,4,-0.7221720814704895,cross_attention,pga,high_motion_tail,bias
15200401,4,-1.139557263130943,cross_attention,pga,high_motion_tail,bias
15200449,4,-0.6600935339927674,cross_attention,pga,high_motion_tail,bias
15200489,4,-0.7083560994693211,cross_attention,pga,high_motion_tail,bias
15200513,4,-0.6745418667793274,cross_attention,pga,high_motion_tail,bias
15200593,4,-0.7116179466247559,cross_attention,pga,high_motion_tail,bias
15200601,4,-0.9488556087017059,cross_attention,pga,high_motion_tail,bias
15200753,4,-0.7161835432052612,cross_attention,pga,high_motion_tail,bias
15200921,4,-0.4429115454355876,cross_attention,pga,high_motion_tail,bias
15201145,4,-0.8090092420578003,cross_attention,pga,high_motion_tail,bias
15201241,4,-0.944801926612854,cross_attention,pga,high_motion_tail,bias
15201249,4,-0.49833957354227704,cross_attention,pga,high_motion_tail,bias
15201297,4,-1.041854903101921,cross_attention,pga,high_motion_tail,bias
15201537,4,-1.2325425227483113,cross_attention,pga,high_motion_tail,bias
15201617,4,-0.636022686958313,cross_attention,pga,high_motion_tail,bias
15201961,4,-0.7836488087972006,cross_attention,pga,high_motion_tail,bias
15202465,4,-0.8066787004470826,cross_attention,pga,high_motion_tail,bias
15202921,4,-1.185579299479723,cross_attention,pga,high_motion_tail,bias
15203401,4,-0.8094254970550537,cross_attention,pga,high_motion_tail,bias
15204369,4,-0.9188609719276428,cross_attention,pga,high_motion_tail,bias
15204969,4,-1.000059375166893,cross_attention,pga,high_motion_tail,bias
15205377,4,-0.8355675637722015,cross_attention,pga,high_motion_tail,bias
37382677,289,-0.9193577766418457,cross_attention,pga,high_motion_tail,bias
37382749,289,-0.5690361261367798,cross_attention,pga,high_motion_tail,bias
37701512,289,-0.7482491493225097,cross_attention,pga,high_motion_tail,bias
37707792,289,-0.6882757544517517,cross_attention,pga,high_motion_tail,bias
37775048,97,-0.9405470788478851,cross_attention,pga,high_motion_tail,bias
37775056,97,-0.3856844902038574,cross_attention,pga,high_motion_tail,bias
37775296,97,-0.9439769883950551,cross_attention,pga,high_motion_tail,bias
37775304,97,-0.8032525777816772,cross_attention,pga,high_motion_tail,bias
37775432,97,-0.7675992250442505,cross_attention,pga,high_motion_tail,bias
37775504,97,-0.8045772271496909,cross_attention,pga,high_motion_tail,bias
37775608,97,-0.9470738513129098,cross_attention,pga,high_motion_tail,bias
37776080,97,-0.9515631993611654,cross_attention,pga,high_motion_tail,bias
37776336,97,-0.6533157030741373,cross_attention,pga,high_motion_tail,bias
38354928,13,-0.7302071005105972,cross_attention,pga,high_motion_tail,bias
38138175,13,-1.1235817302675808,cross_attention,pga,high_motion_tail,bias
38138415,13,-1.1845873196919758,cross_attention,pga,high_motion_tail,bias
39111991,39,-0.5242442729927245,cross_attention,pga,high_motion_tail,bias
39395080,39,-0.7164217450402,cross_attention,pga,high_motion_tail,bias
39395096,39,-0.712410569190979,cross_attention,pga,high_motion_tail,bias
39462672,40,-0.6301482518513998,cross_attention,pga,high_motion_tail,bias
39462744,40,-0.6304627656936646,cross_attention,pga,high_motion_tail,bias
39463528,40,-0.563302199045817,cross_attention,pga,high_motion_tail,bias
39464360,40,-0.4938434933622678,cross_attention,pga,high_motion_tail,bias
39469848,40,-0.8725513046247918,cross_attention,pga,high_motion_tail,bias
40675215,11,-1.3673654644522402,cross_attention,pga,high_motion_tail,bias
40675231,11,-0.7271273732185364,cross_attention,pga,high_motion_tail,bias
40865192,19,-0.6506931809418731,cross_attention,pga,high_motion_tail,bias
37679660,19,-0.13541477918624878,cross_attention,pga,high_motion_tail,bias
40865216,19,-1.097747608653286,cross_attention,pga,high_motion_tail,bias
40865232,19,-0.7965396131787982,cross_attention,pga,high_motion_tail,bias
40865280,19,-0.8729482094446818,cross_attention,pga,high_motion_tail,bias
40866688,19,-1.067851185798645,cross_attention,pga,high_motion_tail,bias
40868176,19,-0.9712049961090088,cross_attention,pga,high_motion_tail,bias
40868336,19,-1.3307660818099976,cross_attention,pga,high_motion_tail,bias
40869240,19,-0.17980527877807617,cross_attention,pga,high_motion_tail,bias
14724004,68,0.6849999999999999,cross_attention,pga,overall,factor2
14733516,3,0.16,cross_attention,pga,overall,factor2
14746844,3,0.655,cross_attention,pga,overall,factor2
14749860,3,0.355,cross_attention,pga,overall,factor2
10930061,53,0.3,cross_attention,pga,overall,factor2
11129826,15,0.23500000000000001,cross_attention,pga,overall,factor2
15198929,4,0.40499999999999997,cross_attention,pga,overall,factor2
15199065,4,0.585,cross_attention,pga,overall,factor2
15199441,4,0.6399999999999999,cross_attention,pga,overall,factor2
15199497,4,0.605,cross_attention,pga,overall,factor2
15199577,4,0.31,cross_attention,pga,overall,factor2
15199593,4,0.135,cross_attention,pga,overall,factor2
15199601,4,0.545,cross_attention,pga,overall,factor2
15199657,4,0.605,cross_attention,pga,overall,factor2
15199681,4,0.04,cross_attention,pga,overall,factor2
15199689,4,0.44000000000000006,cross_attention,pga,overall,factor2
15199721,4,0.28500000000000003,cross_attention,pga,overall,factor2
15199729,4,0.58,cross_attention,pga,overall,factor2
15199745,4,0.5900000000000001,cross_attention,pga,overall,factor2
15199785,4,0.5650000000000001,cross_attention,pga,overall,factor2
15199865,4,0.445,cross_attention,pga,overall,factor2
15199969,4,0.65,cross_attention,pga,overall,factor2
15200001,4,0.7,cross_attention,pga,overall,factor2
15200033,4,0.5349999999999999,cross_attention,pga,overall,factor2
15200161,4,0.62,cross_attention,pga,overall,factor2
15200401,4,0.06000000000000001,cross_attention,pga,overall,factor2
15200449,4,0.42000000000000004,cross_attention,pga,overall,factor2
15200489,4,0.28,cross_attention,pga,overall,factor2
15200513,4,0.5349999999999999,cross_attention,pga,overall,factor2
15200593,4,0.6849999999999999,cross_attention,pga,overall,factor2
15200601,4,0.41,cross_attention,pga,overall,factor2
15200753,4,0.55,cross_attention,pga,overall,factor2
15200921,4,0.58,cross_attention,pga,overall,factor2
15201057,4,0.58,cross_attention,pga,overall,factor2
15201145,4,0.65,cross_attention,pga,overall,factor2
15201241,4,0.635,cross_attention,pga,overall,factor2
15201249,4,0.58,cross_attention,pga,overall,factor2
15201297,4,0.185,cross_attention,pga,overall,factor2
15201537,4,0.045,cross_attention,pga,overall,factor2
15201553,4,0.52,cross_attention,pga,overall,factor2
15201617,4,0.6,cross_attention,pga,overall,factor2
15201697,4,0.65,cross_attention,pga,overall,factor2
15201961,4,0.655,cross_attention,pga,overall,factor2
15202401,4,0.67,cross_attention,pga,overall,factor2
15202465,4,0.6649999999999999,cross_attention,pga,overall,factor2
15202921,4,0.11000000000000001,cross_attention,pga,overall,factor2
15203033,4,0.6900000000000001,cross_attention,pga,overall,factor2
15203249,4,0.625,cross_attention,pga,overall,factor2
15203401,4,0.615,cross_attention,pga,overall,factor2
15204369,4,0.495,cross_attention,pga,overall,factor2
15204969,4,0.305,cross_attention,pga,overall,factor2
15205377,4,0.51,cross_attention,pga,overall,factor2
15208857,4,0.5700000000000001,cross_attention,pga,overall,factor2
37700544,289,0.48,cross_attention,pga,overall,factor2
37382677,289,0.495,cross_attention,pga,overall,factor2
37382749,289,0.5,cross_attention,pga,overall,factor2
37701512,289,0.53,cross_attention,pga,overall,factor2
37701552,289,0.51,cross_attention,pga,overall,factor2
37701856,289,0.5700000000000001,cross_attention,pga,overall,factor2
37707792,289,0.635,cross_attention,pga,overall,factor2
37775048,97,0.605,cross_attention,pga,overall,factor2
37775056,97,0.525,cross_attention,pga,overall,factor2
37775296,97,0.54,cross_attention,pga,overall,factor2
37775304,97,0.45499999999999996,cross_attention,pga,overall,factor2
37775432,97,0.575,cross_attention,pga,overall,factor2
37775504,97,0.385,cross_attention,pga,overall,factor2
37775608,97,0.69,cross_attention,pga,overall,factor2
37776080,97,0.635,cross_attention,pga,overall,factor2
37776336,97,0.59,cross_attention,pga,overall,factor2
38354928,13,0.585,cross_attention,pga,overall,factor2
38138175,13,0.035,cross_attention,pga,overall,factor2
38138183,13,0.44000000000000006,cross_attention,pga,overall,factor2
38138415,13,0.475,cross_attention,pga,overall,factor2
38138431,13,0.41500000000000004,cross_attention,pga,overall,factor2
39090087,39,0.51,cross_attention,pga,overall,factor2
39111991,39,0.43,cross_attention,pga,overall,factor2
39141103,39,0.47000000000000003,cross_attention,pga,overall,factor2
39395080,39,0.475,cross_attention,pga,overall,factor2
39395096,39,0.67,cross_attention,pga,overall,factor2
39462672,40,0.65,cross_attention,pga,overall,factor2
39462744,40,0.67,cross_attention,pga,overall,factor2
39462768,40,0.61,cross_attention,pga,overall,factor2
39463040,40,0.545,cross_attention,pga,overall,factor2
39463304,40,0.475,cross_attention,pga,overall,factor2
39463528,40,0.545,cross_attention,pga,overall,factor2
39464360,40,0.18,cross_attention,pga,overall,factor2
39469848,40,0.125,cross_attention,pga,overall,factor2
40675215,11,0.0,cross_attention,pga,overall,factor2
40675231,11,0.45,cross_attention,pga,overall,factor2
40865192,19,0.255,cross_attention,pga,overall,factor2
37679332,19,0.28500000000000003,cross_attention,pga,overall,factor2
37679660,19,0.35500000000000004,cross_attention,pga,overall,factor2
40865216,19,0.11000000000000001,cross_attention,pga,overall,factor2
40865232,19,0.545,cross_attention,pga,overall,factor2
40865248,19,0.34500000000000003,cross_attention,pga,overall,factor2
40865280,19,0.525,cross_attention,pga,overall,factor2
40866368,19,0.5900000000000001,cross_attention,pga,overall,factor2
40866688,19,0.53,cross_attention,pga,overall,factor2
40868176,19,0.545,cross_attention,pga,overall,factor2
40868336,19,0.5900000000000001,cross_attention,pga,overall,factor2
40869240,19,0.475,cross_attention,pga,overall,factor2
40869472,19,0.475,cross_attention,pga,overall,factor2
14733516,3,0.0,cross_attention,pga,high_motion_tail,factor2
14746844,3,0.0,cross_attention,pga,high_motion_tail,factor2
14749860,3,0.0,cross_attention,pga,high_motion_tail,factor2
10930061,53,0.0,cross_attention,pga,high_motion_tail,factor2
11129826,15,0.10833333333333332,cross_attention,pga,high_motion_tail,factor2
15198929,4,0.0,cross_attention,pga,high_motion_tail,factor2
15199065,4,0.0,cross_attention,pga,high_motion_tail,factor2
15199441,4,0.0,cross_attention,pga,high_motion_tail,factor2
15199497,4,0.0,cross_attention,pga,high_motion_tail,factor2
15199577,4,0.0,cross_attention,pga,high_motion_tail,factor2
15199593,4,0.0,cross_attention,pga,high_motion_tail,factor2
15199601,4,0.1111111111111111,cross_attention,pga,high_motion_tail,factor2
15199657,4,0.0,cross_attention,pga,high_motion_tail,factor2
15199681,4,0.0,cross_attention,pga,high_motion_tail,factor2
15199689,4,0.058823529411764705,cross_attention,pga,high_motion_tail,factor2
15199721,4,0.0,cross_attention,pga,high_motion_tail,factor2
15199745,4,0.0,cross_attention,pga,high_motion_tail,factor2
15199785,4,1.0,cross_attention,pga,high_motion_tail,factor2
15199865,4,0.0,cross_attention,pga,high_motion_tail,factor2
15199969,4,0.0,cross_attention,pga,high_motion_tail,factor2
15200001,4,0.0,cross_attention,pga,high_motion_tail,factor2
15200033,4,0.0,cross_attention,pga,high_motion_tail,factor2
15200401,4,0.0,cross_attention,pga,high_motion_tail,factor2
15200449,4,0.0,cross_attention,pga,high_motion_tail,factor2
15200489,4,0.14285714285714285,cross_attention,pga,high_motion_tail,factor2
15200513,4,0.0,cross_attention,pga,high_motion_tail,factor2
15200593,4,0.0,cross_attention,pga,high_motion_tail,factor2
15200601,4,0.0,cross_attention,pga,high_motion_tail,factor2
15200753,4,0.0,cross_attention,pga,high_motion_tail,factor2
15200921,4,0.0,cross_attention,pga,high_motion_tail,factor2
15201145,4,0.0,cross_attention,pga,high_motion_tail,factor2
15201241,4,0.0,cross_attention,pga,high_motion_tail,factor2
15201249,4,0.0,cross_attention,pga,high_motion_tail,factor2
15201297,4,0.0,cross_attention,pga,high_motion_tail,factor2
15201537,4,0.0,cross_attention,pga,high_motion_tail,factor2
15201617,4,0.0,cross_attention,pga,high_motion_tail,factor2
15201961,4,0.0,cross_attention,pga,high_motion_tail,factor2
15202465,4,0.0,cross_attention,pga,high_motion_tail,factor2
15202921,4,0.025,cross_attention,pga,high_motion_tail,factor2
15203401,4,0.0,cross_attention,pga,high_motion_tail,factor2
15204369,4,0.08333333333333333,cross_attention,pga,high_motion_tail,factor2
15204969,4,0.0,cross_attention,pga,high_motion_tail,factor2
15205377,4,0.0,cross_attention,pga,high_motion_tail,factor2
37382677,289,0.0,cross_attention,pga,high_motion_tail,factor2
37382749,289,0.0,cross_attention,pga,high_motion_tail,factor2
37701512,289,0.0,cross_attention,pga,high_motion_tail,factor2
37707792,289,0.0,cross_attention,pga,high_motion_tail,factor2
37775048,97,0.0,cross_attention,pga,high_motion_tail,factor2
37775056,97,0.0,cross_attention,pga,high_motion_tail,factor2
37775296,97,0.0,cross_attention,pga,high_motion_tail,factor2
37775304,97,0.0,cross_attention,pga,high_motion_tail,factor2
37775432,97,0.2222222222222222,cross_attention,pga,high_motion_tail,factor2
37775504,97,0.10714285714285714,cross_attention,pga,high_motion_tail,factor2
37775608,97,0.0,cross_attention,pga,high_motion_tail,factor2
37776080,97,0.0,cross_attention,pga,high_motion_tail,factor2
37776336,97,0.3333333333333333,cross_attention,pga,high_motion_tail,factor2
38354928,13,0.0,cross_attention,pga,high_motion_tail,factor2
38138175,13,0.0,cross_attention,pga,high_motion_tail,factor2
38138415,13,0.0,cross_attention,pga,high_motion_tail,factor2
39111991,39,0.14285714285714285,cross_attention,pga,high_motion_tail,factor2
39395080,39,0.5454545454545454,cross_attention,pga,high_motion_tail,factor2
39395096,39,0.0,cross_attention,pga,high_motion_tail,factor2
39462672,40,0.0,cross_attention,pga,high_motion_tail,factor2
39462744,40,0.0,cross_attention,pga,high_motion_tail,factor2
39463528,40,0.0,cross_attention,pga,high_motion_tail,factor2
39464360,40,0.20833333333333334,cross_attention,pga,high_motion_tail,factor2
39469848,40,0.03859649122807018,cross_attention,pga,high_motion_tail,factor2
40675215,11,0.0,cross_attention,pga,high_motion_tail,factor2
40675231,11,0.0,cross_attention,pga,high_motion_tail,factor2
40865192,19,0.13630952380952382,cross_attention,pga,high_motion_tail,factor2
37679660,19,0.5,cross_attention,pga,high_motion_tail,factor2
40865216,19,0.03684210526315789,cross_attention,pga,high_motion_tail,factor2
40865232,19,0.14285714285714285,cross_attention,pga,high_motion_tail,factor2
40865280,19,0.0,cross_attention,pga,high_motion_tail,factor2
40866688,19,0.0,cross_attention,pga,high_motion_tail,factor2
40868176,19,0.0,cross_attention,pga,high_motion_tail,factor2
40868336,19,0.0,cross_attention,pga,high_motion_tail,factor2
40869240,19,0.6666666666666666,cross_attention,pga,high_motion_tail,factor2
14724004,68,0.08,cross_attention,pga,overall,under05
14733516,3,0.75,cross_attention,pga,overall,under05
14746844,3,0.13,cross_attention,pga,overall,under05
14749860,3,0.38,cross_attention,pga,overall,under05
10930061,53,0.43,cross_attention,pga,overall,under05
11129826,15,0.675,cross_attention,pga,overall,under05
15198929,4,0.265,cross_attention,pga,overall,under05
15199065,4,0.14,cross_attention,pga,overall,under05
15199441,4,0.06000000000000001,cross_attention,pga,overall,under05
15199497,4,0.045,cross_attention,pga,overall,under05
15199577,4,0.465,cross_attention,pga,overall,under05
15199593,4,0.64,cross_attention,pga,overall,under05
15199601,4,0.19,cross_attention,pga,overall,under05
15199657,4,0.125,cross_attention,pga,overall,under05
15199681,4,0.915,cross_attention,pga,overall,under05
15199689,4,0.29500000000000004,cross_attention,pga,overall,under05
15199721,4,0.43499999999999994,cross_attention,pga,overall,under05
15199729,4,0.030000000000000006,cross_attention,pga,overall,under05
15199745,4,0.12,cross_attention,pga,overall,under05
15199785,4,0.04,cross_attention,pga,overall,under05
15199865,4,0.22000000000000003,cross_attention,pga,overall,under05
15199969,4,0.125,cross_attention,pga,overall,under05
15200001,4,0.04,cross_attention,pga,overall,under05
15200033,4,0.155,cross_attention,pga,overall,under05
15200161,4,0.08499999999999999,cross_attention,pga,overall,under05
15200401,4,0.89,cross_attention,pga,overall,under05
15200449,4,0.030000000000000006,cross_attention,pga,overall,under05
15200489,4,0.495,cross_attention,pga,overall,under05
15200513,4,0.24,cross_attention,pga,overall,under05
15200593,4,0.035,cross_attention,pga,overall,under05
15200601,4,0.27,cross_attention,pga,overall,under05
15200753,4,0.05500000000000001,cross_attention,pga,overall,under05
15200921,4,0.16499999999999998,cross_attention,pga,overall,under05
15201057,4,0.08,cross_attention,pga,overall,under05
15201145,4,0.14,cross_attention,pga,overall,under05
15201241,4,0.145,cross_attention,pga,overall,under05
15201249,4,0.155,cross_attention,pga,overall,under05
15201297,4,0.485,cross_attention,pga,overall,under05
15201537,4,0.85,cross_attention,pga,overall,under05
15201553,4,0.01,cross_attention,pga,overall,under05
15201617,4,0.10500000000000001,cross_attention,pga,overall,under05
15201697,4,0.095,cross_attention,pga,overall,under05
15201961,4,0.13,cross_attention,pga,overall,under05
15202401,4,0.09,cross_attention,pga,overall,under05
15202465,4,0.1,cross_attention,pga,overall,under05
15202921,4,0.745,cross_attention,pga,overall,under05
15203033,4,0.095,cross_attention,pga,overall,under05
15203249,4,0.12,cross_attention,pga,overall,under05
15203401,4,0.1,cross_attention,pga,overall,under05
15204369,4,0.34500000000000003,cross_attention,pga,overall,under05
15204969,4,0.485,cross_attention,pga,overall,under05
15205377,4,0.215,cross_attention,pga,overall,under05
15208857,4,0.21000000000000002,cross_attention,pga,overall,under05
37700544,289,0.065,cross_attention,pga,overall,under05
37382677,289,0.24,cross_attention,pga,overall,under05
37382749,289,0.275,cross_attention,pga,overall,under05
37701512,289,0.16,cross_attention,pga,overall,under05
37701552,289,0.02,cross_attention,pga,overall,under05
37701856,289,0.125,cross_attention,pga,overall,under05
37707792,289,0.14500000000000002,cross_attention,pga,overall,under05
37775048,97,0.195,cross_attention,pga,overall,under05
37775056,97,0.05500000000000001,cross_attention,pga,overall,under05
37775296,97,0.22000000000000003,cross_attention,pga,overall,under05
37775304,97,0.065,cross_attention,pga,overall,under05
37775432,97,0.145,cross_attention,pga,overall,under05
37775504,97,0.385,cross_attention,pga,overall,under05
37775608,97,0.11500000000000002,cross_attention,pga,overall,under05
37776080,97,0.11000000000000001,cross_attention,pga,overall,under05
37776336,97,0.1,cross_attention,pga,overall,under05
38354928,13,0.125,cross_attention,pga,overall,under05
38138175,13,0.865,cross_attention,pga,overall,under05
38138183,13,0.125,cross_attention,pga,overall,under05
38138415,13,0.29500000000000004,cross_attention,pga,overall,under05
38138431,13,0.27,cross_attention,pga,overall,under05
39090087,39,0.02,cross_attention,pga,overall,under05
39111991,39,0.265,cross_attention,pga,overall,under05
39141103,39,0.075,cross_attention,pga,overall,under05
39395080,39,0.225,cross_attention,pga,overall,under05
39395096,39,0.11000000000000001,cross_attention,pga,overall,under05
39462672,40,0.14,cross_attention,pga,overall,under05
39462744,40,0.12,cross_attention,pga,overall,under05
39462768,40,0.08,cross_attention,pga,overall,under05
39463040,40,0.135,cross_attention,pga,overall,under05
39463304,40,0.065,cross_attention,pga,overall,under05
39463528,40,0.16,cross_attention,pga,overall,under05
39464360,40,0.575,cross_attention,pga,overall,under05
39469848,40,0.7350000000000001,cross_attention,pga,overall,under05
40675215,11,0.9949999999999999,cross_attention,pga,overall,under05
40675231,11,0.225,cross_attention,pga,overall,under05
40865192,19,0.5549999999999999,cross_attention,pga,overall,under05
37679332,19,0.01,cross_attention,pga,overall,under05
37679660,19,0.015000000000000003,cross_attention,pga,overall,under05
40865216,19,0.795,cross_attention,pga,overall,under05
40865232,19,0.185,cross_attention,pga,overall,under05
40865248,19,0.025,cross_attention,pga,overall,under05
40865280,19,0.05,cross_attention,pga,overall,under05
40866368,19,0.030000000000000006,cross_attention,pga,overall,under05
40866688,19,0.025,cross_attention,pga,overall,under05
40868176,19,0.175,cross_attention,pga,overall,under05
40868336,19,0.145,cross_attention,pga,overall,under05
40869240,19,0.05500000000000001,cross_attention,pga,overall,under05
40869472,19,0.05,cross_attention,pga,overall,under05
14733516,3,1.0,cross_attention,pga,high_motion_tail,under05
14746844,3,1.0,cross_attention,pga,high_motion_tail,under05
14749860,3,1.0,cross_attention,pga,high_motion_tail,under05
10930061,53,1.0,cross_attention,pga,high_motion_tail,under05
11129826,15,0.875,cross_attention,pga,high_motion_tail,under05
15198929,4,1.0,cross_attention,pga,high_motion_tail,under05
15199065,4,0.75,cross_attention,pga,high_motion_tail,under05
15199441,4,1.0,cross_attention,pga,high_motion_tail,under05
15199497,4,1.0,cross_attention,pga,high_motion_tail,under05
15199577,4,0.9615384615384616,cross_attention,pga,high_motion_tail,under05
15199593,4,0.9615384615384616,cross_attention,pga,high_motion_tail,under05
15199601,4,0.6666666666666666,cross_attention,pga,high_motion_tail,under05
15199657,4,0.8571428571428571,cross_attention,pga,high_motion_tail,under05
15199681,4,1.0,cross_attention,pga,high_motion_tail,under05
15199689,4,0.8529411764705882,cross_attention,pga,high_motion_tail,under05
15199721,4,0.9444444444444445,cross_attention,pga,high_motion_tail,under05
15199745,4,0.875,cross_attention,pga,high_motion_tail,under05
15199785,4,0.0,cross_attention,pga,high_motion_tail,under05
15199865,4,0.0,cross_attention,pga,high_motion_tail,under05
15199969,4,1.0,cross_attention,pga,high_motion_tail,under05
15200001,4,0.5,cross_attention,pga,high_motion_tail,under05
15200033,4,1.0,cross_attention,pga,high_motion_tail,under05
15200401,4,0.9833333333333334,cross_attention,pga,high_motion_tail,under05
15200449,4,0.7,cross_attention,pga,high_motion_tail,under05
15200489,4,0.7857142857142857,cross_attention,pga,high_motion_tail,under05
15200513,4,0.7,cross_attention,pga,high_motion_tail,under05
15200593,4,1.0,cross_attention,pga,high_motion_tail,under05
15200601,4,1.0,cross_attention,pga,high_motion_tail,under05
15200753,4,1.0,cross_attention,pga,high_motion_tail,under05
15200921,4,0.0,cross_attention,pga,high_motion_tail,under05
15201145,4,1.0,cross_attention,pga,high_motion_tail,under05
15201241,4,1.0,cross_attention,pga,high_motion_tail,under05
15201249,4,0.3333333333333333,cross_attention,pga,high_motion_tail,under05
15201297,4,1.0,cross_attention,pga,high_motion_tail,under05
15201537,4,1.0,cross_attention,pga,high_motion_tail,under05
15201617,4,1.0,cross_attention,pga,high_motion_tail,under05
15201961,4,0.8888888888888888,cross_attention,pga,high_motion_tail,under05
15202465,4,1.0,cross_attention,pga,high_motion_tail,under05
15202921,4,0.95,cross_attention,pga,high_motion_tail,under05
15203401,4,1.0,cross_attention,pga,high_motion_tail,under05
15204369,4,0.8333333333333334,cross_attention,pga,high_motion_tail,under05
15204969,4,0.9,cross_attention,pga,high_motion_tail,under05
15205377,4,0.75,cross_attention,pga,high_motion_tail,under05
37382677,289,1.0,cross_attention,pga,high_motion_tail,under05
37382749,289,1.0,cross_attention,pga,high_motion_tail,under05
37701512,289,0.6,cross_attention,pga,high_motion_tail,under05
37707792,289,0.75,cross_attention,pga,high_motion_tail,under05
37775048,97,1.0,cross_attention,pga,high_motion_tail,under05
37775056,97,0.0,cross_attention,pga,high_motion_tail,under05
37775296,97,1.0,cross_attention,pga,high_motion_tail,under05
37775304,97,1.0,cross_attention,pga,high_motion_tail,under05
37775432,97,0.7777777777777778,cross_attention,pga,high_motion_tail,under05
37775504,97,0.8214285714285714,cross_attention,pga,high_motion_tail,under05
37775608,97,0.7142857142857143,cross_attention,pga,high_motion_tail,under05
37776080,97,1.0,cross_attention,pga,high_motion_tail,under05
37776336,97,0.6666666666666666,cross_attention,pga,high_motion_tail,under05
38354928,13,1.0,cross_attention,pga,high_motion_tail,under05
38138175,13,1.0,cross_attention,pga,high_motion_tail,under05
38138415,13,1.0,cross_attention,pga,high_motion_tail,under05
39111991,39,0.4976190476190476,cross_attention,pga,high_motion_tail,under05
39395080,39,0.45454545454545453,cross_attention,pga,high_motion_tail,under05
39395096,39,0.5,cross_attention,pga,high_motion_tail,under05
39462672,40,0.6666666666666666,cross_attention,pga,high_motion_tail,under05
39462744,40,1.0,cross_attention,pga,high_motion_tail,under05
39463528,40,1.0,cross_attention,pga,high_motion_tail,under05
39464360,40,0.47222222222222215,cross_attention,pga,high_motion_tail,under05
39469848,40,0.9438596491228071,cross_attention,pga,high_motion_tail,under05
40675215,11,0.9949999999999999,cross_attention,pga,high_motion_tail,under05
40675231,11,0.5,cross_attention,pga,high_motion_tail,under05
40865192,19,0.6791666666666667,cross_attention,pga,high_motion_tail,under05
37679660,19,0.25,cross_attention,pga,high_motion_tail,under05
40865216,19,0.9350877192982455,cross_attention,pga,high_motion_tail,under05
40865232,19,0.8571428571428571,cross_attention,pga,high_motion_tail,under05
40865280,19,1.0,cross_attention,pga,high_motion_tail,under05
40866688,19,1.0,cross_attention,pga,high_motion_tail,under05
40868176,19,1.0,cross_attention,pga,high_motion_tail,under05
40868336,19,1.0,cross_attention,pga,high_motion_tail,under05
40869240,19,0.0,cross_attention,pga,high_motion_tail,under05
14724004,68,0.24242865445049513,ca_urc,pga,overall,mae
14733516,3,0.626568262131191,ca_urc,pga,overall,mae
14746844,3,0.25668830609606685,ca_urc,pga,overall,mae
14749860,3,0.3943307981630399,ca_urc,pga,overall,mae
10930061,53,0.41431968030970934,ca_urc,pga,overall,mae
11129826,15,0.6496245112109656,ca_urc,pga,overall,mae
15198929,4,0.3533974539214464,ca_urc,pga,overall,mae
15199065,4,0.3002785651188221,ca_urc,pga,overall,mae
15199441,4,0.25328817280177013,ca_urc,pga,overall,mae
15199497,4,0.24839045960764672,ca_urc,pga,overall,mae
15199577,4,0.46527843779917033,ca_urc,pga,overall,mae
15199593,4,0.6242212825380491,ca_urc,pga,overall,mae
15199601,4,0.28090977172682663,ca_urc,pga,overall,mae
15199657,4,0.27820673185573386,ca_urc,pga,overall,mae
15199681,4,1.142976109706931,ca_urc,pga,overall,mae
15199689,4,0.33854824210422113,ca_urc,pga,overall,mae
15199721,4,0.4502792395181555,ca_urc,pga,overall,mae
15199729,4,0.29272873730130544,ca_urc,pga,overall,mae
15199745,4,0.2825029491370012,ca_urc,pga,overall,mae
15199785,4,0.29001653894346013,ca_urc,pga,overall,mae
15199865,4,0.34903962055534665,ca_urc,pga,overall,mae
15199969,4,0.27924474458728127,ca_urc,pga,overall,mae
15200001,4,0.24824440180807286,ca_urc,pga,overall,mae
15200033,4,0.3063028781009326,ca_urc,pga,overall,mae
15200161,4,0.28031745166600675,ca_urc,pga,overall,mae
15200401,4,0.8657320523780998,ca_urc,pga,overall,mae
15200449,4,0.42795624481849914,ca_urc,pga,overall,mae
15200489,4,0.4591493644742856,ca_urc,pga,overall,mae
15200513,4,0.3106649537316759,ca_urc,pga,overall,mae
15200593,4,0.2290430305055319,ca_urc,pga,overall,mae
15200601,4,0.3664724665243625,ca_urc,pga,overall,mae
15200753,4,0.30386478194562433,ca_urc,pga,overall,mae
15200921,4,0.29717082961913516,ca_urc,pga,overall,mae
15201057,4,0.2813596691029553,ca_urc,pga,overall,mae
15201145,4,0.27220491818044756,ca_urc,pga,overall,mae
15201241,4,0.26720838477711983,ca_urc,pga,overall,mae
15201249,4,0.2770665721118464,ca_urc,pga,overall,mae
15201297,4,0.4741545618412399,ca_urc,pga,overall,mae
15201537,4,0.8605889945514248,ca_urc,pga,overall,mae
15201553,4,0.3888804186493159,ca_urc,pga,overall,mae
15201617,4,0.2749704645366585,ca_urc,pga,overall,mae
15201697,4,0.26967137275672404,ca_urc,pga,overall,mae
15201961,4,0.26678924756539213,ca_urc,pga,overall,mae
15202401,4,0.26198057271171343,ca_urc,pga,overall,mae
15202465,4,0.2742692256454077,ca_urc,pga,overall,mae
15202921,4,0.8027970583599341,ca_urc,pga,overall,mae
15203033,4,0.2304807339323748,ca_urc,pga,overall,mae
15203249,4,0.28833713813199774,ca_urc,pga,overall,mae
15203401,4,0.2981410148859275,ca_urc,pga,overall,mae
15204369,4,0.3707568212742506,ca_urc,pga,overall,mae
15204969,4,0.48307129512333,ca_urc,pga,overall,mae
15205377,4,0.3297077863245128,ca_urc,pga,overall,mae
15208857,4,0.30523042054354566,ca_urc,pga,overall,mae
37700544,289,0.3751479506497762,ca_urc,pga,overall,mae
37382677,289,0.3537510829199249,ca_urc,pga,overall,mae
37382749,289,0.36479730402282434,ca_urc,pga,overall,mae
37701512,289,0.316777546745711,ca_urc,pga,overall,mae
37701552,289,0.38710269219355853,ca_urc,pga,overall,mae
37701856,289,0.2833303210741682,ca_urc,pga,overall,mae
37707792,289,0.3011581539757309,ca_urc,pga,overall,mae
37775048,97,0.3324945972825232,ca_urc,pga,overall,mae
37775056,97,0.3038560806076049,ca_urc,pga,overall,mae
37775296,97,0.30778866010872896,ca_urc,pga,overall,mae
37775304,97,0.3844999863033043,ca_urc,pga,overall,mae
37775432,97,0.30268722593262987,ca_urc,pga,overall,mae
37775504,97,0.4008895108925633,ca_urc,pga,overall,mae
37775608,97,0.26113445616103814,ca_urc,pga,overall,mae
37776080,97,0.270022442837016,ca_urc,pga,overall,mae
37776336,97,0.303122017207551,ca_urc,pga,overall,mae
38354928,13,0.31885224649832394,ca_urc,pga,overall,mae
38138175,13,0.8722530028364325,ca_urc,pga,overall,mae
38138183,13,0.4016908554437254,ca_urc,pga,overall,mae
38138415,13,0.368846968694122,ca_urc,pga,overall,mae
38138431,13,0.42813853010224606,ca_urc,pga,overall,mae
39090087,39,0.33102358875746146,ca_urc,pga,overall,mae
39111991,39,0.3251923098035979,ca_urc,pga,overall,mae
39141103,39,0.3579713747026604,ca_urc,pga,overall,mae
39395080,39,0.35123125646069686,ca_urc,pga,overall,mae
39395096,39,0.2712509603633089,ca_urc,pga,overall,mae
39462672,40,0.2689043959510738,ca_urc,pga,overall,mae
39462744,40,0.27440392567188143,ca_urc,pga,overall,mae
39462768,40,0.2668285197144276,ca_urc,pga,overall,mae
39463040,40,0.3170481240730253,ca_urc,pga,overall,mae
39463304,40,0.3744565189289658,ca_urc,pga,overall,mae
39463528,40,0.2977866523995149,ca_urc,pga,overall,mae
39464360,40,0.5280805164613123,ca_urc,pga,overall,mae
39469848,40,0.6097905526680975,ca_urc,pga,overall,mae
40675215,11,1.330159772183019,ca_urc,pga,overall,mae
40675231,11,0.35201445079738347,ca_urc,pga,overall,mae
40865192,19,0.5713592974321443,ca_urc,pga,overall,mae
37679332,19,0.5890280864544384,ca_urc,pga,overall,mae
37679660,19,0.5085654237785042,ca_urc,pga,overall,mae
40865216,19,0.8628145927905002,ca_urc,pga,overall,mae
40865232,19,0.35874651421106074,ca_urc,pga,overall,mae
40865248,19,0.5109758024183577,ca_urc,pga,overall,mae
40865280,19,0.3414316172154107,ca_urc,pga,overall,mae
40866368,19,0.3024108930786065,ca_urc,pga,overall,mae
40866688,19,0.34613897858257553,ca_urc,pga,overall,mae
40868176,19,0.3636548236858995,ca_urc,pga,overall,mae
40868336,19,0.32280370040656947,ca_urc,pga,overall,mae
40869240,19,0.37656540295272856,ca_urc,pga,overall,mae
40869472,19,0.4147379306363243,ca_urc,pga,overall,mae
14733516,3,0.9970048712226508,ca_urc,pga,high_motion_tail,mae
14746844,3,0.46001740613842546,ca_urc,pga,high_motion_tail,mae
14749860,3,0.7789058067809985,ca_urc,pga,high_motion_tail,mae
10930061,53,0.9582539286386833,ca_urc,pga,high_motion_tail,mae
11129826,15,0.796806740658385,ca_urc,pga,high_motion_tail,mae
15198929,4,0.7457628544188634,ca_urc,pga,high_motion_tail,mae
15199065,4,0.5454944674918478,ca_urc,pga,high_motion_tail,mae
15199441,4,0.5061999373083492,ca_urc,pga,high_motion_tail,mae
15199497,4,0.5904400846744742,ca_urc,pga,high_motion_tail,mae
15199577,4,1.0381533253971102,ca_urc,pga,high_motion_tail,mae
15199593,4,1.0080540211230637,ca_urc,pga,high_motion_tail,mae
15199601,4,0.6599500545180453,ca_urc,pga,high_motion_tail,mae
15199657,4,0.7831011554910333,ca_urc,pga,high_motion_tail,mae
15199681,4,1.413656856458846,ca_urc,pga,high_motion_tail,mae
15199689,4,0.6758621127922282,ca_urc,pga,high_motion_tail,mae
15199721,4,0.8505249222776773,ca_urc,pga,high_motion_tail,mae
15199745,4,0.7242988613642543,ca_urc,pga,high_motion_tail,mae
15199785,4,0.18552327337997188,ca_urc,pga,high_motion_tail,mae
15199865,4,0.44789100862842135,ca_urc,pga,high_motion_tail,mae
15199969,4,0.5031595416809265,ca_urc,pga,high_motion_tail,mae
15200001,4,0.5948573051403228,ca_urc,pga,high_motion_tail,mae
15200033,4,0.6901608896581763,ca_urc,pga,high_motion_tail,mae
15200401,4,1.0954657692260021,ca_urc,pga,high_motion_tail,mae
15200449,4,0.5498512323803455,ca_urc,pga,high_motion_tail,mae
15200489,4,0.6034491764510531,ca_urc,pga,high_motion_tail,mae
15200513,4,0.5688797954656516,ca_urc,pga,high_motion_tail,mae
15200593,4,0.6461004338528178,ca_urc,pga,high_motion_tail,mae
15200601,4,0.8904084249615783,ca_urc,pga,high_motion_tail,mae
15200753,4,0.6864213835621134,ca_urc,pga,high_motion_tail,mae
15200921,4,0.4088847643075028,ca_urc,pga,high_motion_tail,mae
15201145,4,0.743829001598898,ca_urc,pga,high_motion_tail,mae
15201241,4,0.8795192630837227,ca_urc,pga,high_motion_tail,mae
15201249,4,0.45268817199856076,ca_urc,pga,high_motion_tail,mae
15201297,4,0.9500441620480767,ca_urc,pga,high_motion_tail,mae
15201537,4,1.158291419742511,ca_urc,pga,high_motion_tail,mae
15201617,4,0.6023517154091711,ca_urc,pga,high_motion_tail,mae
15201961,4,0.7212690721459709,ca_urc,pga,high_motion_tail,mae
15202465,4,0.7574056713093921,ca_urc,pga,high_motion_tail,mae
15202921,4,1.1250534906872844,ca_urc,pga,high_motion_tail,mae
15203401,4,0.7753561395374848,ca_urc,pga,high_motion_tail,mae
15204369,4,0.8396088769954956,ca_urc,pga,high_motion_tail,mae
15204969,4,0.9023022544205178,ca_urc,pga,high_motion_tail,mae
15205377,4,0.7836975072373422,ca_urc,pga,high_motion_tail,mae
37382677,289,0.8626943535327776,ca_urc,pga,high_motion_tail,mae
37382749,289,0.5049492566742363,ca_urc,pga,high_motion_tail,mae
37701512,289,0.648150614267611,ca_urc,pga,high_motion_tail,mae
37707792,289,0.6190562270259768,ca_urc,pga,high_motion_tail,mae
37775048,97,0.876512569416394,ca_urc,pga,high_motion_tail,mae
37775056,97,0.28618403520769814,ca_urc,pga,high_motion_tail,mae
37775296,97,0.8626865153458925,ca_urc,pga,high_motion_tail,mae
37775304,97,0.7355708122424036,ca_urc,pga,high_motion_tail,mae
37775432,97,0.6974248884390577,ca_urc,pga,high_motion_tail,mae
37775504,97,0.737198338654902,ca_urc,pga,high_motion_tail,mae
37775608,97,0.8850867809283496,ca_urc,pga,high_motion_tail,mae
37776080,97,0.9114443683448784,ca_urc,pga,high_motion_tail,mae
37776336,97,0.5952624697329411,ca_urc,pga,high_motion_tail,mae
38354928,13,0.6925682631639785,ca_urc,pga,high_motion_tail,mae
38138175,13,1.0689772273869758,ca_urc,pga,high_motion_tail,mae
38138415,13,1.1787069764784353,ca_urc,pga,high_motion_tail,mae
39111991,39,0.4597428315997066,ca_urc,pga,high_motion_tail,mae
39395080,39,0.6984252589367559,ca_urc,pga,high_motion_tail,mae
39395096,39,0.6950936945022291,ca_urc,pga,high_motion_tail,mae
39462672,40,0.6152291247344563,ca_urc,pga,high_motion_tail,mae
39462744,40,0.623570946151494,ca_urc,pga,high_motion_tail,mae
39463528,40,0.5174911322648699,ca_urc,pga,high_motion_tail,mae
39464360,40,0.4599775713893552,ca_urc,pga,high_motion_tail,mae
39469848,40,0.8385293455264315,ca_urc,pga,high_motion_tail,mae
40675215,11,1.3445909024731357,ca_urc,pga,high_motion_tail,mae
40675231,11,0.7082589767587095,ca_urc,pga,high_motion_tail,mae
40865192,19,0.6464977712114879,ca_urc,pga,high_motion_tail,mae
37679660,19,0.31803064588051744,ca_urc,pga,high_motion_tail,mae
40865216,19,1.081518221865667,ca_urc,pga,high_motion_tail,mae
40865232,19,0.8409717063431691,ca_urc,pga,high_motion_tail,mae
40865280,19,0.8630398890999681,ca_urc,pga,high_motion_tail,mae
40866688,19,1.0640896348975064,ca_urc,pga,high_motion_tail,mae
40868176,19,0.9688747879702044,ca_urc,pga,high_motion_tail,mae
40868336,19,1.2946748556257028,ca_urc,pga,high_motion_tail,mae
40869240,19,0.18947978280425173,ca_urc,pga,high_motion_tail,mae
14724004,68,0.03436605719649781,ca_urc,pga,overall,bias
14733516,3,-0.6054708241896466,ca_urc,pga,overall,bias
14746844,3,-0.08493382605183519,ca_urc,pga,overall,bias
14749860,3,-0.3170423311148488,ca_urc,pga,overall,bias
10930061,53,-0.3887640468090037,ca_urc,pga,overall,bias
11129826,15,-0.6340654097341937,ca_urc,pga,overall,bias
15198929,4,-0.28938248524127946,ca_urc,pga,overall,bias
15199065,4,-0.08790018576842351,ca_urc,pga,overall,bias
15199441,4,0.010569852586081795,ca_urc,pga,overall,bias
15199497,4,0.020641785022815284,ca_urc,pga,overall,bias
15199577,4,-0.4138952095875313,ca_urc,pga,overall,bias
15199593,4,-0.6170843389230741,ca_urc,pga,overall,bias
15199601,4,-0.19699458907200423,ca_urc,pga,overall,bias
15199657,4,-0.04944757369802068,ca_urc,pga,overall,bias
15199681,4,-1.1390518089084654,ca_urc,pga,overall,bias
15199689,4,-0.27993592655903726,ca_urc,pga,overall,bias
15199721,4,-0.38148059424531927,ca_urc,pga,overall,bias
15199729,4,0.09865980429608537,ca_urc,pga,overall,bias
15199745,4,0.007038767316277004,ca_urc,pga,overall,bias
15199785,4,0.09288454036424662,ca_urc,pga,overall,bias
15199865,4,-0.2252445044941323,ca_urc,pga,overall,bias
15199969,4,-0.033641107627372865,ca_urc,pga,overall,bias
15200001,4,0.051576293866316646,ca_urc,pga,overall,bias
15200033,4,-0.10380884018908369,ca_urc,pga,overall,bias
15200161,4,0.029973940606697568,ca_urc,pga,overall,bias
15200401,4,-0.8599347965552291,ca_urc,pga,overall,bias
15200449,4,0.332255707793477,ca_urc,pga,overall,bias
15200489,4,-0.37478519070985555,ca_urc,pga,overall,bias
15200513,4,-0.1614661559236811,ca_urc,pga,overall,bias
15200593,4,0.053965458010777415,ca_urc,pga,overall,bias
15200601,4,-0.2610423107446143,ca_urc,pga,overall,bias
15200753,4,0.10756095482848878,ca_urc,pga,overall,bias
15200921,4,-0.15897205887779625,ca_urc,pga,overall,bias
15201057,4,0.04251813510789319,ca_urc,pga,overall,bias
15201145,4,-0.06522029052874763,ca_urc,pga,overall,bias
15201241,4,-0.09649321656095204,ca_urc,pga,overall,bias
15201249,4,-0.10947222845156176,ca_urc,pga,overall,bias
15201297,4,-0.44089029085259385,ca_urc,pga,overall,bias
15201537,4,-0.8573704294597905,ca_urc,pga,overall,bias
15201553,4,0.3254168731547443,ca_urc,pga,overall,bias
15201617,4,-0.02792261228082757,ca_urc,pga,overall,bias
15201697,4,0.021493440913056668,ca_urc,pga,overall,bias
15201961,4,-0.011211364475715505,ca_urc,pga,overall,bias
15202401,4,-0.0006030272016159667,ca_urc,pga,overall,bias
15202465,4,0.021594390432441872,ca_urc,pga,overall,bias
15202921,4,-0.7936123863994631,ca_urc,pga,overall,bias
15203033,4,-0.11100525527056149,ca_urc,pga,overall,bias
15203249,4,-0.0005852177148910481,ca_urc,pga,overall,bias
15203401,4,0.051951103808380715,ca_urc,pga,overall,bias
15204369,4,-0.26005751845097513,ca_urc,pga,overall,bias
15204969,4,-0.42915245993065687,ca_urc,pga,overall,bias
15205377,4,-0.14077872807131306,ca_urc,pga,overall,bias
15208857,4,-0.16791998876642283,ca_urc,pga,overall,bias
37700544,289,0.2232209311169086,ca_urc,pga,overall,bias
37382677,289,-0.18770242994707426,ca_urc,pga,overall,bias
37382749,289,-0.21409531859074682,ca_urc,pga,overall,bias
37701512,289,-0.10179650316823699,ca_urc,pga,overall,bias
37701552,289,0.2934107161567071,ca_urc,pga,overall,bias
37701856,289,-0.08504147698817724,ca_urc,pga,overall,bias
37707792,289,-0.03637883331375234,ca_urc,pga,overall,bias
37775048,97,-0.09553809623987644,ca_urc,pga,overall,bias
37775056,97,0.09337490944945448,ca_urc,pga,overall,bias
37775296,97,-0.22517641656684645,ca_urc,pga,overall,bias
37775304,97,0.1679787786678606,ca_urc,pga,overall,bias
37775432,97,-0.18490601156146186,ca_urc,pga,overall,bias
37775504,97,-0.3643061230660396,ca_urc,pga,overall,bias
37775608,97,-0.06787482380671547,ca_urc,pga,overall,bias
37776080,97,-0.07766434859449496,ca_urc,pga,overall,bias
37776336,97,0.04417853489260628,ca_urc,pga,overall,bias
38354928,13,-0.04322504856596393,ca_urc,pga,overall,bias
38138175,13,-0.871324378917248,ca_urc,pga,overall,bias
38138183,13,0.04685523314491143,ca_urc,pga,overall,bias
38138415,13,-0.2699323860436099,ca_urc,pga,overall,bias
38138431,13,-0.27311904118279284,ca_urc,pga,overall,bias
39090087,39,0.25956182763013275,ca_urc,pga,overall,bias
39111991,39,-0.29067677971582556,ca_urc,pga,overall,bias
39141103,39,0.1180700586345792,ca_urc,pga,overall,bias
39395080,39,-0.2946596507434157,ca_urc,pga,overall,bias
39395096,39,-0.12595195973634501,ca_urc,pga,overall,bias
39462672,40,-0.13221422404853456,ca_urc,pga,overall,bias
39462744,40,-0.040541647537786066,ca_urc,pga,overall,bias
39462768,40,-0.03213754991179644,ca_urc,pga,overall,bias
39463040,40,-0.0924489017996473,ca_urc,pga,overall,bias
39463304,40,0.195898609883899,ca_urc,pga,overall,bias
39463528,40,-0.18040708424674987,ca_urc,pga,overall,bias
39464360,40,-0.5203455837001979,ca_urc,pga,overall,bias
39469848,40,-0.605411893878586,ca_urc,pga,overall,bias
40675215,11,-1.330159772183019,ca_urc,pga,overall,bias
40675231,11,-0.2912849227411607,ca_urc,pga,overall,bias
40865192,19,-0.4768106869133792,ca_urc,pga,overall,bias
37679332,19,0.5537974482310831,ca_urc,pga,overall,bias
37679660,19,0.47206641587056686,ca_urc,pga,overall,bias
40865216,19,-0.7806555323333556,ca_urc,pga,overall,bias
40865232,19,-0.08247877382249971,ca_urc,pga,overall,bias
40865248,19,0.452616713888656,ca_urc,pga,overall,bias
40865280,19,0.1305320713856325,ca_urc,pga,overall,bias
40866368,19,0.20920737723323546,ca_urc,pga,overall,bias
40866688,19,0.21650110896681266,ca_urc,pga,overall,bias
40868176,19,-0.0690208739968928,ca_urc,pga,overall,bias
40868336,19,-0.11427286862865496,ca_urc,pga,overall,bias
40869240,19,0.19096704985365234,ca_urc,pga,overall,bias
40869472,19,0.2889802784407255,ca_urc,pga,overall,bias
14733516,3,-0.9970048712226508,ca_urc,pga,high_motion_tail,bias
14746844,3,-0.46001740613842546,ca_urc,pga,high_motion_tail,bias
14749860,3,-0.7789058067809985,ca_urc,pga,high_motion_tail,bias
10930061,53,-0.9582539286386833,ca_urc,pga,high_motion_tail,bias
11129826,15,-0.796806740658385,ca_urc,pga,high_motion_tail,bias
15198929,4,-0.7457628544188634,ca_urc,pga,high_motion_tail,bias
15199065,4,-0.5454944674918478,ca_urc,pga,high_motion_tail,bias
15199441,4,-0.5061999373083492,ca_urc,pga,high_motion_tail,bias
15199497,4,-0.5904400846744742,ca_urc,pga,high_motion_tail,bias
15199577,4,-1.0381533253971102,ca_urc,pga,high_motion_tail,bias
15199593,4,-1.0080540211230637,ca_urc,pga,high_motion_tail,bias
15199601,4,-0.6599500545180453,ca_urc,pga,high_motion_tail,bias
15199657,4,-0.7831011554910333,ca_urc,pga,high_motion_tail,bias
15199681,4,-1.413656856458846,ca_urc,pga,high_motion_tail,bias
15199689,4,-0.6758621127922282,ca_urc,pga,high_motion_tail,bias
15199721,4,-0.8505249222776773,ca_urc,pga,high_motion_tail,bias
15199745,4,-0.7242988613642543,ca_urc,pga,high_motion_tail,bias
15199785,4,-0.18552327337997188,ca_urc,pga,high_motion_tail,bias
15199865,4,-0.44789100862842135,ca_urc,pga,high_motion_tail,bias
15199969,4,-0.5031595416809265,ca_urc,pga,high_motion_tail,bias
15200001,4,-0.5948573051403228,ca_urc,pga,high_motion_tail,bias
15200033,4,-0.6901608896581763,ca_urc,pga,high_motion_tail,bias
15200401,4,-1.0954657692260021,ca_urc,pga,high_motion_tail,bias
15200449,4,-0.5498512323803455,ca_urc,pga,high_motion_tail,bias
15200489,4,-0.6034491764510531,ca_urc,pga,high_motion_tail,bias
15200513,4,-0.5688797954656516,ca_urc,pga,high_motion_tail,bias
15200593,4,-0.6461004338528178,ca_urc,pga,high_motion_tail,bias
15200601,4,-0.8904084249615783,ca_urc,pga,high_motion_tail,bias
15200753,4,-0.6864213835621134,ca_urc,pga,high_motion_tail,bias
15200921,4,-0.4088847643075028,ca_urc,pga,high_motion_tail,bias
15201145,4,-0.743829001598898,ca_urc,pga,high_motion_tail,bias
15201241,4,-0.8795192630837227,ca_urc,pga,high_motion_tail,bias
15201249,4,-0.45268817199856076,ca_urc,pga,high_motion_tail,bias
15201297,4,-0.9500441620480767,ca_urc,pga,high_motion_tail,bias
15201537,4,-1.158291419742511,ca_urc,pga,high_motion_tail,bias
15201617,4,-0.6023517154091711,ca_urc,pga,high_motion_tail,bias
15201961,4,-0.7212690721459709,ca_urc,pga,high_motion_tail,bias
15202465,4,-0.7574056713093921,ca_urc,pga,high_motion_tail,bias
15202921,4,-1.1250534906872844,ca_urc,pga,high_motion_tail,bias
15203401,4,-0.7753561395374848,ca_urc,pga,high_motion_tail,bias
15204369,4,-0.8396088769954956,ca_urc,pga,high_motion_tail,bias
15204969,4,-0.9023022544205178,ca_urc,pga,high_motion_tail,bias
15205377,4,-0.7836975072373422,ca_urc,pga,high_motion_tail,bias
37382677,289,-0.8626943535327776,ca_urc,pga,high_motion_tail,bias
37382749,289,-0.5049492566742363,ca_urc,pga,high_motion_tail,bias
37701512,289,-0.648150614267611,ca_urc,pga,high_motion_tail,bias
37707792,289,-0.6190562270259768,ca_urc,pga,high_motion_tail,bias
37775048,97,-0.876512569416394,ca_urc,pga,high_motion_tail,bias
37775056,97,-0.28618403520769814,ca_urc,pga,high_motion_tail,bias
37775296,97,-0.8626865153458925,ca_urc,pga,high_motion_tail,bias
37775304,97,-0.7355708122424036,ca_urc,pga,high_motion_tail,bias
37775432,97,-0.6974248884390577,ca_urc,pga,high_motion_tail,bias
37775504,97,-0.7164824947526112,ca_urc,pga,high_motion_tail,bias
37775608,97,-0.8850867809283496,ca_urc,pga,high_motion_tail,bias
37776080,97,-0.9114443683448784,ca_urc,pga,high_motion_tail,bias
37776336,97,-0.5952624697329411,ca_urc,pga,high_motion_tail,bias
38354928,13,-0.6925682631639785,ca_urc,pga,high_motion_tail,bias
38138175,13,-1.0689772273869758,ca_urc,pga,high_motion_tail,bias
38138415,13,-1.1787069764784353,ca_urc,pga,high_motion_tail,bias
39111991,39,-0.4597428315997066,ca_urc,pga,high_motion_tail,bias
39395080,39,-0.6984252589367559,ca_urc,pga,high_motion_tail,bias
39395096,39,-0.6950936945022291,ca_urc,pga,high_motion_tail,bias
39462672,40,-0.6152291247344563,ca_urc,pga,high_motion_tail,bias
39462744,40,-0.623570946151494,ca_urc,pga,high_motion_tail,bias
39463528,40,-0.5174911322648699,ca_urc,pga,high_motion_tail,bias
39464360,40,-0.4599775713893552,ca_urc,pga,high_motion_tail,bias
39469848,40,-0.8285084683052927,ca_urc,pga,high_motion_tail,bias
40675215,11,-1.3445909024731357,ca_urc,pga,high_motion_tail,bias
40675231,11,-0.7082589767587095,ca_urc,pga,high_motion_tail,bias
40865192,19,-0.6144199346899716,ca_urc,pga,high_motion_tail,bias
37679660,19,-0.07647413819360371,ca_urc,pga,high_motion_tail,bias
40865216,19,-1.081518221865667,ca_urc,pga,high_motion_tail,bias
40865232,19,-0.7523850054964643,ca_urc,pga,high_motion_tail,bias
40865280,19,-0.8630398890999681,ca_urc,pga,high_motion_tail,bias
40866688,19,-1.0640896348975064,ca_urc,pga,high_motion_tail,bias
40868176,19,-0.9688747879702044,ca_urc,pga,high_motion_tail,bias
40868336,19,-1.2946748556257028,ca_urc,pga,high_motion_tail,bias
40869240,19,-0.13104482046029423,ca_urc,pga,high_motion_tail,bias
14724004,68,0.675,ca_urc,pga,overall,factor2
14733516,3,0.18,ca_urc,pga,overall,factor2
14746844,3,0.675,ca_urc,pga,overall,factor2
14749860,3,0.39,ca_urc,pga,overall,factor2
10930061,53,0.385,ca_urc,pga,overall,factor2
11129826,15,0.25,ca_urc,pga,overall,factor2
15198929,4,0.485,ca_urc,pga,overall,factor2
15199065,4,0.58,ca_urc,pga,overall,factor2
15199441,4,0.6599999999999999,ca_urc,pga,overall,factor2
15199497,4,0.625,ca_urc,pga,overall,factor2
15199577,4,0.36,ca_urc,pga,overall,factor2
15199593,4,0.195,ca_urc,pga,overall,factor2
15199601,4,0.63,ca_urc,pga,overall,factor2
15199657,4,0.62,ca_urc,pga,overall,factor2
15199681,4,0.04,ca_urc,pga,overall,factor2
15199689,4,0.505,ca_urc,pga,overall,factor2
15199721,4,0.35,ca_urc,pga,overall,factor2
15199729,4,0.6,ca_urc,pga,overall,factor2
15199745,4,0.61,ca_urc,pga,overall,factor2
15199785,4,0.5700000000000001,ca_urc,pga,overall,factor2
15199865,4,0.475,ca_urc,pga,overall,factor2
15199969,4,0.635,ca_urc,pga,overall,factor2
15200001,4,0.6599999999999999,ca_urc,pga,overall,factor2
15200033,4,0.5650000000000001,ca_urc,pga,overall,factor2
15200161,4,0.625,ca_urc,pga,overall,factor2
15200401,4,0.06000000000000001,ca_urc,pga,overall,factor2
15200449,4,0.38,ca_urc,pga,overall,factor2
15200489,4,0.325,ca_urc,pga,overall,factor2
15200513,4,0.5650000000000001,ca_urc,pga,overall,factor2
15200593,4,0.705,ca_urc,pga,overall,factor2
15200601,4,0.47000000000000003,ca_urc,pga,overall,factor2
15200753,4,0.55,ca_urc,pga,overall,factor2
15200921,4,0.595,ca_urc,pga,overall,factor2
15201057,4,0.5900000000000001,ca_urc,pga,overall,factor2
15201145,4,0.63,ca_urc,pga,overall,factor2
15201241,4,0.67,ca_urc,pga,overall,factor2
15201249,4,0.615,ca_urc,pga,overall,factor2
15201297,4,0.25,ca_urc,pga,overall,factor2
15201537,4,0.085,ca_urc,pga,overall,factor2
15201553,4,0.42000000000000004,ca_urc,pga,overall,factor2
15201617,4,0.62,ca_urc,pga,overall,factor2
15201697,4,0.645,ca_urc,pga,overall,factor2
15201961,4,0.65,ca_urc,pga,overall,factor2
15202401,4,0.6599999999999999,ca_urc,pga,overall,factor2
15202465,4,0.65,ca_urc,pga,overall,factor2
15202921,4,0.135,ca_urc,pga,overall,factor2
15203033,4,0.72,ca_urc,pga,overall,factor2
15203249,4,0.6399999999999999,ca_urc,pga,overall,factor2
15203401,4,0.5650000000000001,ca_urc,pga,overall,factor2
15204369,4,0.505,ca_urc,pga,overall,factor2
15204969,4,0.315,ca_urc,pga,overall,factor2
15205377,4,0.5,ca_urc,pga,overall,factor2
15208857,4,0.605,ca_urc,pga,overall,factor2
37700544,289,0.45,ca_urc,pga,overall,factor2
37382677,289,0.505,ca_urc,pga,overall,factor2
37382749,289,0.495,ca_urc,pga,overall,factor2
37701512,289,0.58,ca_urc,pga,overall,factor2
37701552,289,0.47000000000000003,ca_urc,pga,overall,factor2
37701856,289,0.5700000000000001,ca_urc,pga,overall,factor2
37707792,289,0.625,ca_urc,pga,overall,factor2
37775048,97,0.585,ca_urc,pga,overall,factor2
37775056,97,0.495,ca_urc,pga,overall,factor2
37775296,97,0.605,ca_urc,pga,overall,factor2
37775304,97,0.43,ca_urc,pga,overall,factor2
37775432,97,0.605,ca_urc,pga,overall,factor2
37775504,97,0.45,ca_urc,pga,overall,factor2
37775608,97,0.665,ca_urc,pga,overall,factor2
37776080,97,0.665,ca_urc,pga,overall,factor2
37776336,97,0.575,ca_urc,pga,overall,factor2
38354928,13,0.605,ca_urc,pga,overall,factor2
38138175,13,0.045,ca_urc,pga,overall,factor2
38138183,13,0.44000000000000006,ca_urc,pga,overall,factor2
38138415,13,0.47000000000000003,ca_urc,pga,overall,factor2
38138431,13,0.43,ca_urc,pga,overall,factor2
39090087,39,0.505,ca_urc,pga,overall,factor2
39111991,39,0.505,ca_urc,pga,overall,factor2
39141103,39,0.465,ca_urc,pga,overall,factor2
39395080,39,0.52,ca_urc,pga,overall,factor2
39395096,39,0.665,ca_urc,pga,overall,factor2
39462672,40,0.64,ca_urc,pga,overall,factor2
39462744,40,0.665,ca_urc,pga,overall,factor2
39462768,40,0.595,ca_urc,pga,overall,factor2
39463040,40,0.545,ca_urc,pga,overall,factor2
39463304,40,0.43499999999999994,ca_urc,pga,overall,factor2
39463528,40,0.5549999999999999,ca_urc,pga,overall,factor2
39464360,40,0.20500000000000002,ca_urc,pga,overall,factor2
39469848,40,0.135,ca_urc,pga,overall,factor2
40675215,11,0.005,ca_urc,pga,overall,factor2
40675231,11,0.465,ca_urc,pga,overall,factor2
40865192,19,0.27999999999999997,ca_urc,pga,overall,factor2
37679332,19,0.25,ca_urc,pga,overall,factor2
37679660,19,0.31,ca_urc,pga,overall,factor2
40865216,19,0.10500000000000001,ca_urc,pga,overall,factor2
40865232,19,0.5399999999999999,ca_urc,pga,overall,factor2
40865248,19,0.32999999999999996,ca_urc,pga,overall,factor2
40865280,19,0.515,ca_urc,pga,overall,factor2
40866368,19,0.55,ca_urc,pga,overall,factor2
40866688,19,0.515,ca_urc,pga,overall,factor2
40868176,19,0.55,ca_urc,pga,overall,factor2
40868336,19,0.595,ca_urc,pga,overall,factor2
40869240,19,0.475,ca_urc,pga,overall,factor2
40869472,19,0.47000000000000003,ca_urc,pga,overall,factor2
14733516,3,0.0,ca_urc,pga,high_motion_tail,factor2
14746844,3,0.0,ca_urc,pga,high_motion_tail,factor2
14749860,3,0.0,ca_urc,pga,high_motion_tail,factor2
10930061,53,0.0,ca_urc,pga,high_motion_tail,factor2
11129826,15,0.10833333333333332,ca_urc,pga,high_motion_tail,factor2
15198929,4,0.0,ca_urc,pga,high_motion_tail,factor2
15199065,4,0.0,ca_urc,pga,high_motion_tail,factor2
15199441,4,0.0,ca_urc,pga,high_motion_tail,factor2
15199497,4,0.0,ca_urc,pga,high_motion_tail,factor2
15199577,4,0.038461538461538464,ca_urc,pga,high_motion_tail,factor2
15199593,4,0.0,ca_urc,pga,high_motion_tail,factor2
15199601,4,0.1111111111111111,ca_urc,pga,high_motion_tail,factor2
15199657,4,0.0,ca_urc,pga,high_motion_tail,factor2
15199681,4,0.0,ca_urc,pga,high_motion_tail,factor2
15199689,4,0.058823529411764705,ca_urc,pga,high_motion_tail,factor2
15199721,4,0.05555555555555555,ca_urc,pga,high_motion_tail,factor2
15199745,4,0.0,ca_urc,pga,high_motion_tail,factor2
15199785,4,1.0,ca_urc,pga,high_motion_tail,factor2
15199865,4,0.0,ca_urc,pga,high_motion_tail,factor2
15199969,4,0.0,ca_urc,pga,high_motion_tail,factor2
15200001,4,0.0,ca_urc,pga,high_motion_tail,factor2
15200033,4,0.0,ca_urc,pga,high_motion_tail,factor2
15200401,4,0.0,ca_urc,pga,high_motion_tail,factor2
15200449,4,0.3,ca_urc,pga,high_motion_tail,factor2
15200489,4,0.21428571428571427,ca_urc,pga,high_motion_tail,factor2
15200513,4,0.1,ca_urc,pga,high_motion_tail,factor2
15200593,4,0.0,ca_urc,pga,high_motion_tail,factor2
15200601,4,0.0,ca_urc,pga,high_motion_tail,factor2
15200753,4,0.0,ca_urc,pga,high_motion_tail,factor2
15200921,4,0.0,ca_urc,pga,high_motion_tail,factor2
15201145,4,0.0,ca_urc,pga,high_motion_tail,factor2
15201241,4,0.0,ca_urc,pga,high_motion_tail,factor2
15201249,4,0.0,ca_urc,pga,high_motion_tail,factor2
15201297,4,0.0,ca_urc,pga,high_motion_tail,factor2
15201537,4,0.0,ca_urc,pga,high_motion_tail,factor2
15201617,4,0.0,ca_urc,pga,high_motion_tail,factor2
15201961,4,0.0,ca_urc,pga,high_motion_tail,factor2
15202465,4,0.0,ca_urc,pga,high_motion_tail,factor2
15202921,4,0.025,ca_urc,pga,high_motion_tail,factor2
15203401,4,0.0,ca_urc,pga,high_motion_tail,factor2
15204369,4,0.16666666666666666,ca_urc,pga,high_motion_tail,factor2
15204969,4,0.0,ca_urc,pga,high_motion_tail,factor2
15205377,4,0.0,ca_urc,pga,high_motion_tail,factor2
37382677,289,0.0,ca_urc,pga,high_motion_tail,factor2
37382749,289,0.0,ca_urc,pga,high_motion_tail,factor2
37701512,289,0.4,ca_urc,pga,high_motion_tail,factor2
37707792,289,0.25,ca_urc,pga,high_motion_tail,factor2
37775048,97,0.0,ca_urc,pga,high_motion_tail,factor2
37775056,97,0.75,ca_urc,pga,high_motion_tail,factor2
37775296,97,0.0,ca_urc,pga,high_motion_tail,factor2
37775304,97,0.0,ca_urc,pga,high_motion_tail,factor2
37775432,97,0.2222222222222222,ca_urc,pga,high_motion_tail,factor2
37775504,97,0.10714285714285714,ca_urc,pga,high_motion_tail,factor2
37775608,97,0.0,ca_urc,pga,high_motion_tail,factor2
37776080,97,0.0,ca_urc,pga,high_motion_tail,factor2
37776336,97,0.3333333333333333,ca_urc,pga,high_motion_tail,factor2
38354928,13,0.0,ca_urc,pga,high_motion_tail,factor2
38138175,13,0.0,ca_urc,pga,high_motion_tail,factor2
38138415,13,0.0,ca_urc,pga,high_motion_tail,factor2
39111991,39,0.40714285714285714,ca_urc,pga,high_motion_tail,factor2
39395080,39,0.5454545454545454,ca_urc,pga,high_motion_tail,factor2
39395096,39,0.0,ca_urc,pga,high_motion_tail,factor2
39462672,40,0.0,ca_urc,pga,high_motion_tail,factor2
39462744,40,0.0,ca_urc,pga,high_motion_tail,factor2
39463528,40,0.0,ca_urc,pga,high_motion_tail,factor2
39464360,40,0.25,ca_urc,pga,high_motion_tail,factor2
39469848,40,0.03859649122807018,ca_urc,pga,high_motion_tail,factor2
40675215,11,0.005,ca_urc,pga,high_motion_tail,factor2
40675231,11,0.0,ca_urc,pga,high_motion_tail,factor2
40865192,19,0.16755952380952382,ca_urc,pga,high_motion_tail,factor2
37679660,19,0.5,ca_urc,pga,high_motion_tail,factor2
40865216,19,0.03684210526315789,ca_urc,pga,high_motion_tail,factor2
40865232,19,0.0,ca_urc,pga,high_motion_tail,factor2
40865280,19,0.0,ca_urc,pga,high_motion_tail,factor2
40866688,19,0.0,ca_urc,pga,high_motion_tail,factor2
40868176,19,0.0,ca_urc,pga,high_motion_tail,factor2
40868336,19,0.0,ca_urc,pga,high_motion_tail,factor2
40869240,19,1.0,ca_urc,pga,high_motion_tail,factor2
14724004,68,0.045,ca_urc,pga,overall,under05
14733516,3,0.6849999999999999,ca_urc,pga,overall,under05
14746844,3,0.095,ca_urc,pga,overall,under05
14749860,3,0.33999999999999997,ca_urc,pga,overall,under05
10930061,53,0.33999999999999997,ca_urc,pga,overall,under05
11129826,15,0.615,ca_urc,pga,overall,under05
15198929,4,0.23000000000000004,ca_urc,pga,overall,under05
15199065,4,0.11000000000000001,ca_urc,pga,overall,under05
15199441,4,0.035,ca_urc,pga,overall,under05
15199497,4,0.04,ca_urc,pga,overall,under05
15199577,4,0.42000000000000004,ca_urc,pga,overall,under05
15199593,4,0.6,ca_urc,pga,overall,under05
15199601,4,0.12000000000000002,ca_urc,pga,overall,under05
15199657,4,0.08,ca_urc,pga,overall,under05
15199681,4,0.8949999999999999,ca_urc,pga,overall,under05
15199689,4,0.23000000000000004,ca_urc,pga,overall,under05
15199721,4,0.385,ca_urc,pga,overall,under05
15199729,4,0.015000000000000003,ca_urc,pga,overall,under05
15199745,4,0.09,ca_urc,pga,overall,under05
15199785,4,0.025,ca_urc,pga,overall,under05
15199865,4,0.175,ca_urc,pga,overall,under05
15199969,4,0.1,ca_urc,pga,overall,under05
15200001,4,0.025,ca_urc,pga,overall,under05
15200033,4,0.12000000000000002,ca_urc,pga,overall,under05
15200161,4,0.06000000000000001,ca_urc,pga,overall,under05
15200401,4,0.8699999999999999,ca_urc,pga,overall,under05
15200449,4,0.02,ca_urc,pga,overall,under05
15200489,4,0.41500000000000004,ca_urc,pga,overall,under05
15200513,4,0.19,ca_urc,pga,overall,under05
15200593,4,0.015000000000000003,ca_urc,pga,overall,under05
15200601,4,0.26,ca_urc,pga,overall,under05
15200753,4,0.05,ca_urc,pga,overall,under05
15200921,4,0.16,ca_urc,pga,overall,under05
15201057,4,0.06,ca_urc,pga,overall,under05
15201145,4,0.11000000000000001,ca_urc,pga,overall,under05
15201241,4,0.125,ca_urc,pga,overall,under05
15201249,4,0.12,ca_urc,pga,overall,under05
15201297,4,0.42000000000000004,ca_urc,pga,overall,under05
15201537,4,0.805,ca_urc,pga,overall,under05
15201553,4,0.005,ca_urc,pga,overall,under05
15201617,4,0.085,ca_urc,pga,overall,under05
15201697,4,0.085,ca_urc,pga,overall,under05
15201961,4,0.09,ca_urc,pga,overall,under05
15202401,4,0.06000000000000001,ca_urc,pga,overall,under05
15202465,4,0.095,ca_urc,pga,overall,under05
15202921,4,0.735,ca_urc,pga,overall,under05
15203033,4,0.07,ca_urc,pga,overall,under05
15203249,4,0.095,ca_urc,pga,overall,under05
15203401,4,0.085,ca_urc,pga,overall,under05
15204369,4,0.3,ca_urc,pga,overall,under05
15204969,4,0.43499999999999994,ca_urc,pga,overall,under05
15205377,4,0.19,ca_urc,pga,overall,under05
15208857,4,0.16,ca_urc,pga,overall,under05
37700544,289,0.035,ca_urc,pga,overall,under05
37382677,289,0.23000000000000004,ca_urc,pga,overall,under05
37382749,289,0.22000000000000003,ca_urc,pga,overall,under05
37701512,289,0.13,ca_urc,pga,overall,under05
37701552,289,0.02,ca_urc,pga,overall,under05
37701856,289,0.1,ca_urc,pga,overall,under05
37707792,289,0.125,ca_urc,pga,overall,under05
37775048,97,0.185,ca_urc,pga,overall,under05
37775056,97,0.05,ca_urc,pga,overall,under05
37775296,97,0.19,ca_urc,pga,overall,under05
37775304,97,0.05500000000000001,ca_urc,pga,overall,under05
37775432,97,0.135,ca_urc,pga,overall,under05
37775504,97,0.35,ca_urc,pga,overall,under05
37775608,97,0.1,ca_urc,pga,overall,under05
37776080,97,0.095,ca_urc,pga,overall,under05
37776336,97,0.07,ca_urc,pga,overall,under05
38354928,13,0.125,ca_urc,pga,overall,under05
38138175,13,0.805,ca_urc,pga,overall,under05
38138183,13,0.10500000000000001,ca_urc,pga,overall,under05
38138415,13,0.27,ca_urc,pga,overall,under05
38138431,13,0.24,ca_urc,pga,overall,under05
39090087,39,0.02,ca_urc,pga,overall,under05
39111991,39,0.225,ca_urc,pga,overall,under05
39141103,39,0.075,ca_urc,pga,overall,under05
39395080,39,0.225,ca_urc,pga,overall,under05
39395096,39,0.11000000000000001,ca_urc,pga,overall,under05
39462672,40,0.14,ca_urc,pga,overall,under05
39462744,40,0.11500000000000002,ca_urc,pga,overall,under05
39462768,40,0.075,ca_urc,pga,overall,under05
39463040,40,0.125,ca_urc,pga,overall,under05
39463304,40,0.065,ca_urc,pga,overall,under05
39463528,40,0.15,ca_urc,pga,overall,under05
39464360,40,0.55,ca_urc,pga,overall,under05
39469848,40,0.6900000000000001,ca_urc,pga,overall,under05
40675215,11,0.9949999999999999,ca_urc,pga,overall,under05
40675231,11,0.21000000000000002,ca_urc,pga,overall,under05
40865192,19,0.525,ca_urc,pga,overall,under05
37679332,19,0.005,ca_urc,pga,overall,under05
37679660,19,0.01,ca_urc,pga,overall,under05
40865216,19,0.795,ca_urc,pga,overall,under05
40865232,19,0.16999999999999998,ca_urc,pga,overall,under05
40865248,19,0.025,ca_urc,pga,overall,under05
40865280,19,0.045,ca_urc,pga,overall,under05
40866368,19,0.030000000000000006,ca_urc,pga,overall,under05
40866688,19,0.025,ca_urc,pga,overall,under05
40868176,19,0.175,ca_urc,pga,overall,under05
40868336,19,0.145,ca_urc,pga,overall,under05
40869240,19,0.05500000000000001,ca_urc,pga,overall,under05
40869472,19,0.035,ca_urc,pga,overall,under05
14733516,3,1.0,ca_urc,pga,high_motion_tail,under05
14746844,3,0.0,ca_urc,pga,high_motion_tail,under05
14749860,3,1.0,ca_urc,pga,high_motion_tail,under05
10930061,53,1.0,ca_urc,pga,high_motion_tail,under05
11129826,15,0.7416666666666667,ca_urc,pga,high_motion_tail,under05
15198929,4,0.6,ca_urc,pga,high_motion_tail,under05
15199065,4,0.75,ca_urc,pga,high_motion_tail,under05
15199441,4,1.0,ca_urc,pga,high_motion_tail,under05
15199497,4,1.0,ca_urc,pga,high_motion_tail,under05
15199577,4,0.9615384615384616,ca_urc,pga,high_motion_tail,under05
15199593,4,0.9615384615384616,ca_urc,pga,high_motion_tail,under05
15199601,4,0.6666666666666666,ca_urc,pga,high_motion_tail,under05
15199657,4,0.7142857142857143,ca_urc,pga,high_motion_tail,under05
15199681,4,1.0,ca_urc,pga,high_motion_tail,under05
15199689,4,0.8529411764705882,ca_urc,pga,high_motion_tail,under05
15199721,4,0.9444444444444445,ca_urc,pga,high_motion_tail,under05
15199745,4,0.875,ca_urc,pga,high_motion_tail,under05
15199785,4,0.0,ca_urc,pga,high_motion_tail,under05
15199865,4,0.0,ca_urc,pga,high_motion_tail,under05
15199969,4,1.0,ca_urc,pga,high_motion_tail,under05
15200001,4,0.5,ca_urc,pga,high_motion_tail,under05
15200033,4,1.0,ca_urc,pga,high_motion_tail,under05
15200401,4,0.9833333333333334,ca_urc,pga,high_motion_tail,under05
15200449,4,0.4,ca_urc,pga,high_motion_tail,under05
15200489,4,0.6428571428571429,ca_urc,pga,high_motion_tail,under05
15200513,4,0.7,ca_urc,pga,high_motion_tail,under05
15200593,4,1.0,ca_urc,pga,high_motion_tail,under05
15200601,4,1.0,ca_urc,pga,high_motion_tail,under05
15200753,4,1.0,ca_urc,pga,high_motion_tail,under05
15200921,4,0.0,ca_urc,pga,high_motion_tail,under05
15201145,4,1.0,ca_urc,pga,high_motion_tail,under05
15201241,4,1.0,ca_urc,pga,high_motion_tail,under05
15201249,4,0.3333333333333333,ca_urc,pga,high_motion_tail,under05
15201297,4,1.0,ca_urc,pga,high_motion_tail,under05
15201537,4,0.9666666666666667,ca_urc,pga,high_motion_tail,under05
15201617,4,1.0,ca_urc,pga,high_motion_tail,under05
15201961,4,0.7777777777777778,ca_urc,pga,high_motion_tail,under05
15202465,4,1.0,ca_urc,pga,high_motion_tail,under05
15202921,4,0.95,ca_urc,pga,high_motion_tail,under05
15203401,4,1.0,ca_urc,pga,high_motion_tail,under05
15204369,4,0.8333333333333334,ca_urc,pga,high_motion_tail,under05
15204969,4,0.9,ca_urc,pga,high_motion_tail,under05
15205377,4,0.75,ca_urc,pga,high_motion_tail,under05
37382677,289,1.0,ca_urc,pga,high_motion_tail,under05
37382749,289,0.3333333333333333,ca_urc,pga,high_motion_tail,under05
37701512,289,0.6,ca_urc,pga,high_motion_tail,under05
37707792,289,0.75,ca_urc,pga,high_motion_tail,under05
37775048,97,0.75,ca_urc,pga,high_motion_tail,under05
37775056,97,0.0,ca_urc,pga,high_motion_tail,under05
37775296,97,1.0,ca_urc,pga,high_motion_tail,under05
37775304,97,1.0,ca_urc,pga,high_motion_tail,under05
37775432,97,0.7777777777777778,ca_urc,pga,high_motion_tail,under05
37775504,97,0.7142857142857143,ca_urc,pga,high_motion_tail,under05
37775608,97,0.7142857142857143,ca_urc,pga,high_motion_tail,under05
37776080,97,1.0,ca_urc,pga,high_motion_tail,under05
37776336,97,0.6666666666666666,ca_urc,pga,high_motion_tail,under05
38354928,13,1.0,ca_urc,pga,high_motion_tail,under05
38138175,13,0.9607843137254901,ca_urc,pga,high_motion_tail,under05
38138415,13,1.0,ca_urc,pga,high_motion_tail,under05
39111991,39,0.4976190476190476,ca_urc,pga,high_motion_tail,under05
39395080,39,0.45454545454545453,ca_urc,pga,high_motion_tail,under05
39395096,39,0.5,ca_urc,pga,high_motion_tail,under05
39462672,40,0.6666666666666666,ca_urc,pga,high_motion_tail,under05
39462744,40,1.0,ca_urc,pga,high_motion_tail,under05
39463528,40,0.3333333333333333,ca_urc,pga,high_motion_tail,under05
39464360,40,0.38888888888888884,ca_urc,pga,high_motion_tail,under05
39469848,40,0.9175438596491228,ca_urc,pga,high_motion_tail,under05
40675215,11,0.9949999999999999,ca_urc,pga,high_motion_tail,under05
40675231,11,0.5,ca_urc,pga,high_motion_tail,under05
40865192,19,0.6444444444444445,ca_urc,pga,high_motion_tail,under05
37679660,19,0.0,ca_urc,pga,high_motion_tail,under05
40865216,19,0.9350877192982455,ca_urc,pga,high_motion_tail,under05
40865232,19,0.8571428571428571,ca_urc,pga,high_motion_tail,under05
40865280,19,1.0,ca_urc,pga,high_motion_tail,under05
40866688,19,1.0,ca_urc,pga,high_motion_tail,under05
40868176,19,1.0,ca_urc,pga,high_motion_tail,under05
40868336,19,1.0,ca_urc,pga,high_motion_tail,under05
40869240,19,0.0,ca_urc,pga,high_motion_tail,under05
14724004,68,0.22587393283843996,cross_attention,pgv,overall,mae
14733516,3,0.5705888915061951,cross_attention,pgv,overall,mae
14746844,3,0.21905420422554017,cross_attention,pgv,overall,mae
14749860,3,0.29073812007904054,cross_attention,pgv,overall,mae
10930061,53,0.35646268248558044,cross_attention,pgv,overall,mae
11129826,15,0.6953619575500488,cross_attention,pgv,overall,mae
15198929,4,0.3676592099666595,cross_attention,pgv,overall,mae
15199065,4,0.2774138402938843,cross_attention,pgv,overall,mae
15199441,4,0.21577749371528626,cross_attention,pgv,overall,mae
15199497,4,0.18639955282211304,cross_attention,pgv,overall,mae
15199577,4,0.5005435502529144,cross_attention,pgv,overall,mae
15199593,4,0.7710627239942551,cross_attention,pgv,overall,mae
15199601,4,0.4038904511928559,cross_attention,pgv,overall,mae
15199657,4,0.252955881357193,cross_attention,pgv,overall,mae
15199681,4,1.1151329588890075,cross_attention,pgv,overall,mae
15199689,4,0.3799798595905304,cross_attention,pgv,overall,mae
15199721,4,0.4018744492530823,cross_attention,pgv,overall,mae
15199729,4,0.2847482919692993,cross_attention,pgv,overall,mae
15199745,4,0.2121379256248474,cross_attention,pgv,overall,mae
15199785,4,0.2107999587059021,cross_attention,pgv,overall,mae
15199865,4,0.32505760073661805,cross_attention,pgv,overall,mae
15199969,4,0.23046095728874208,cross_attention,pgv,overall,mae
15200001,4,0.23605786204338072,cross_attention,pgv,overall,mae
15200033,4,0.25530205726623534,cross_attention,pgv,overall,mae
15200161,4,0.2457273530960083,cross_attention,pgv,overall,mae
15200401,4,0.8580096507072449,cross_attention,pgv,overall,mae
15200449,4,0.3509981155395508,cross_attention,pgv,overall,mae
15200489,4,0.38221303462982176,cross_attention,pgv,overall,mae
15200513,4,0.2156055951118469,cross_attention,pgv,overall,mae
15200593,4,0.19790058255195617,cross_attention,pgv,overall,mae
15200601,4,0.3418705332279205,cross_attention,pgv,overall,mae
15200753,4,0.21912290334701537,cross_attention,pgv,overall,mae
15200921,4,0.2417887806892395,cross_attention,pgv,overall,mae
15201057,4,0.2353668510913849,cross_attention,pgv,overall,mae
15201145,4,0.2418740689754486,cross_attention,pgv,overall,mae
15201241,4,0.2239438033103943,cross_attention,pgv,overall,mae
15201249,4,0.20185384273529056,cross_attention,pgv,overall,mae
15201297,4,0.49130285501480103,cross_attention,pgv,overall,mae
15201537,4,0.9809249812364579,cross_attention,pgv,overall,mae
15201553,4,0.347581148147583,cross_attention,pgv,overall,mae
15201617,4,0.20584251642227175,cross_attention,pgv,overall,mae
15201697,4,0.21423967719078063,cross_attention,pgv,overall,mae
15201961,4,0.22440369486808778,cross_attention,pgv,overall,mae
15202401,4,0.20090412139892577,cross_attention,pgv,overall,mae
15202465,4,0.2155320203304291,cross_attention,pgv,overall,mae
15202921,4,0.8390100508928299,cross_attention,pgv,overall,mae
15203033,4,0.5681921303272247,cross_attention,pgv,overall,mae
15203249,4,0.284790757894516,cross_attention,pgv,overall,mae
15203401,4,0.23083126187324524,cross_attention,pgv,overall,mae
15204369,4,0.3190161633491516,cross_attention,pgv,overall,mae
15204969,4,0.5008224666118621,cross_attention,pgv,overall,mae
15205377,4,0.27001750230789184,cross_attention,pgv,overall,mae
15208857,4,0.22597377657890322,cross_attention,pgv,overall,mae
37700544,289,0.32832512736320496,cross_attention,pgv,overall,mae
37382677,289,0.2848517858982086,cross_attention,pgv,overall,mae
37382749,289,0.31367514610290526,cross_attention,pgv,overall,mae
37701512,289,0.27543599605560304,cross_attention,pgv,overall,mae
37701552,289,0.3583032262325287,cross_attention,pgv,overall,mae
37701856,289,0.2804727602005005,cross_attention,pgv,overall,mae
37707792,289,0.2918090057373047,cross_attention,pgv,overall,mae
37775048,97,0.26685039877891537,cross_attention,pgv,overall,mae
37775056,97,0.28103750705718994,cross_attention,pgv,overall,mae
37775296,97,0.4054673135280609,cross_attention,pgv,overall,mae
37775304,97,0.3852095377445221,cross_attention,pgv,overall,mae
37775432,97,0.30447571158409115,cross_attention,pgv,overall,mae
37775504,97,0.4075458097457886,cross_attention,pgv,overall,mae
37775608,97,0.2761780154705048,cross_attention,pgv,overall,mae
37776080,97,0.24663371443748475,cross_attention,pgv,overall,mae
37776336,97,0.285844144821167,cross_attention,pgv,overall,mae
38354928,13,0.3129070258140564,cross_attention,pgv,overall,mae
38138175,13,0.9228910875320434,cross_attention,pgv,overall,mae
38138183,13,0.3670814883708954,cross_attention,pgv,overall,mae
38138415,13,0.2855135452747345,cross_attention,pgv,overall,mae
38138431,13,0.27301084995269775,cross_attention,pgv,overall,mae
39090087,39,0.3324914050102234,cross_attention,pgv,overall,mae
39111991,39,0.29031638741493226,cross_attention,pgv,overall,mae
39141103,39,0.3371579718589783,cross_attention,pgv,overall,mae
39395080,39,0.2977152669429779,cross_attention,pgv,overall,mae
39395096,39,0.2721338057518005,cross_attention,pgv,overall,mae
39462672,40,0.23398472547531127,cross_attention,pgv,overall,mae
39462744,40,0.2589352285861969,cross_attention,pgv,overall,mae
39462768,40,0.22727952718734742,cross_attention,pgv,overall,mae
39463040,40,0.28459542751312256,cross_attention,pgv,overall,mae
39463304,40,0.39222940325737,cross_attention,pgv,overall,mae
39463528,40,0.2598816442489624,cross_attention,pgv,overall,mae
39464360,40,0.4112416470050812,cross_attention,pgv,overall,mae
39469848,40,0.6150862967967987,cross_attention,pgv,overall,mae
40675215,11,1.3022966611385345,cross_attention,pgv,overall,mae
40675231,11,0.32426648736000063,cross_attention,pgv,overall,mae
40865192,19,0.5047050583362579,cross_attention,pgv,overall,mae
37679332,19,0.34923337936401366,cross_attention,pgv,overall,mae
37679660,19,0.30193716287612915,cross_attention,pgv,overall,mae
40865216,19,0.9650603365898132,cross_attention,pgv,overall,mae
40865232,19,0.3177419364452362,cross_attention,pgv,overall,mae
40865248,19,0.3803563451766968,cross_attention,pgv,overall,mae
40865280,19,0.32182189226150515,cross_attention,pgv,overall,mae
40866368,19,0.21154410839080812,cross_attention,pgv,overall,mae
40866688,19,0.3255184471607208,cross_attention,pgv,overall,mae
40868176,19,0.2755027449131012,cross_attention,pgv,overall,mae
40868336,19,0.2612719488143921,cross_attention,pgv,overall,mae
40869240,19,0.3541248166561127,cross_attention,pgv,overall,mae
40869472,19,0.3904806447029114,cross_attention,pgv,overall,mae
14733516,3,1.0331475257873535,cross_attention,pgv,high_motion_tail,mae
14749860,3,0.6839010715484619,cross_attention,pgv,high_motion_tail,mae
10930061,53,1.1231105327606201,cross_attention,pgv,high_motion_tail,mae
11129826,15,0.9322297175725301,cross_attention,pgv,high_motion_tail,mae
15198929,4,0.9171661853790283,cross_attention,pgv,high_motion_tail,mae
15199065,4,0.7012956142425537,cross_attention,pgv,high_motion_tail,mae
15199577,4,1.0849749583464403,cross_attention,pgv,high_motion_tail,mae
15199593,4,1.2148831346455742,cross_attention,pgv,high_motion_tail,mae
15199601,4,0.6865027546882629,cross_attention,pgv,high_motion_tail,mae
15199657,4,0.5505737066268921,cross_attention,pgv,high_motion_tail,mae
15199681,4,1.2714608108666208,cross_attention,pgv,high_motion_tail,mae
15199689,4,0.5242547418464694,cross_attention,pgv,high_motion_tail,mae
15199721,4,0.8208011653688219,cross_attention,pgv,high_motion_tail,mae
15199785,4,0.3862452507019043,cross_attention,pgv,high_motion_tail,mae
15199865,4,0.8327715396881104,cross_attention,pgv,high_motion_tail,mae
15199969,4,0.5301811695098877,cross_attention,pgv,high_motion_tail,mae
15200001,4,0.468325138092041,cross_attention,pgv,high_motion_tail,mae
15200033,4,1.0361177921295166,cross_attention,pgv,high_motion_tail,mae
15200161,4,0.8896658420562744,cross_attention,pgv,high_motion_tail,mae
15200401,4,0.9583274818176315,cross_attention,pgv,high_motion_tail,mae
15200449,4,0.5119062662124634,cross_attention,pgv,high_motion_tail,mae
15200489,4,0.7120579600334167,cross_attention,pgv,high_motion_tail,mae
15200513,4,0.5840477546056112,cross_attention,pgv,high_motion_tail,mae
15200593,4,0.5388109683990479,cross_attention,pgv,high_motion_tail,mae
15200601,4,0.775329053401947,cross_attention,pgv,high_motion_tail,mae
15201145,4,0.8327639102935791,cross_attention,pgv,high_motion_tail,mae
15201241,4,0.689551591873169,cross_attention,pgv,high_motion_tail,mae
15201297,4,1.0225252188169038,cross_attention,pgv,high_motion_tail,mae
15201537,4,1.405831190833339,cross_attention,pgv,high_motion_tail,mae
15201617,4,0.6944777965545654,cross_attention,pgv,high_motion_tail,mae
15201961,4,0.8120540618896485,cross_attention,pgv,high_motion_tail,mae
15202465,4,0.8320380449295044,cross_attention,pgv,high_motion_tail,mae
15202921,4,1.167630363603433,cross_attention,pgv,high_motion_tail,mae
15203249,4,1.3000867366790771,cross_attention,pgv,high_motion_tail,mae
15203401,4,0.954315185546875,cross_attention,pgv,high_motion_tail,mae
15204369,4,0.9619261741638183,cross_attention,pgv,high_motion_tail,mae
15204969,4,1.0228372116883595,cross_attention,pgv,high_motion_tail,mae
15205377,4,0.7819107373555502,cross_attention,pgv,high_motion_tail,mae
37382677,289,1.2798000574111938,cross_attention,pgv,high_motion_tail,mae
37382749,289,0.44544347127278644,cross_attention,pgv,high_motion_tail,mae
37701512,289,0.6430731773376465,cross_attention,pgv,high_motion_tail,mae
37701552,289,0.07999572998438126,cross_attention,pgv,high_motion_tail,mae
37775048,97,0.8871186971664429,cross_attention,pgv,high_motion_tail,mae
37775056,97,0.3334818482398987,cross_attention,pgv,high_motion_tail,mae
37775296,97,1.004889965057373,cross_attention,pgv,high_motion_tail,mae
37775432,97,0.8784362077713013,cross_attention,pgv,high_motion_tail,mae
37775504,97,0.7087098251689564,cross_attention,pgv,high_motion_tail,mae
37775608,97,1.1238731861114502,cross_attention,pgv,high_motion_tail,mae
37776080,97,0.79267418384552,cross_attention,pgv,high_motion_tail,mae
37776336,97,0.33980441093444824,cross_attention,pgv,high_motion_tail,mae
38354928,13,1.4314062297344208,cross_attention,pgv,high_motion_tail,mae
38138175,13,1.1436875198401657,cross_attention,pgv,high_motion_tail,mae
38138183,13,1.4594743251800537,cross_attention,pgv,high_motion_tail,mae
38138415,13,1.6549153327941895,cross_attention,pgv,high_motion_tail,mae
38138431,13,1.7034657001495361,cross_attention,pgv,high_motion_tail,mae
39111991,39,0.5366290177617754,cross_attention,pgv,high_motion_tail,mae
39395080,39,1.342110776901245,cross_attention,pgv,high_motion_tail,mae
39462672,40,0.7133995294570923,cross_attention,pgv,high_motion_tail,mae
39464360,40,0.7173019647598267,cross_attention,pgv,high_motion_tail,mae
39469848,40,0.9800089995066326,cross_attention,pgv,high_motion_tail,mae
40675215,11,1.3204048322969013,cross_attention,pgv,high_motion_tail,mae
40675231,11,0.9864072799682617,cross_attention,pgv,high_motion_tail,mae
40865192,19,0.528461844391293,cross_attention,pgv,high_motion_tail,mae
37679332,19,0.6158603798775445,cross_attention,pgv,high_motion_tail,mae
40865216,19,1.2499151468276977,cross_attention,pgv,high_motion_tail,mae
40865232,19,0.7446908950805664,cross_attention,pgv,high_motion_tail,mae
40865280,19,1.0494598746299744,cross_attention,pgv,high_motion_tail,mae
40866688,19,1.068937063217163,cross_attention,pgv,high_motion_tail,mae
40868176,19,1.23087078332901,cross_attention,pgv,high_motion_tail,mae
40869240,19,0.9614997307459513,cross_attention,pgv,high_motion_tail,mae
40869472,19,1.5147857666015625,cross_attention,pgv,high_motion_tail,mae
14724004,68,0.09150765895843506,cross_attention,pgv,overall,bias
14733516,3,-0.5460784649848938,cross_attention,pgv,overall,bias
14746844,3,-0.025445696115493778,cross_attention,pgv,overall,bias
14749860,3,-0.19823861598968506,cross_attention,pgv,overall,bias
10930061,53,-0.32755741953849793,cross_attention,pgv,overall,bias
11129826,15,-0.6585344219207764,cross_attention,pgv,overall,bias
15198929,4,-0.34571009039878847,cross_attention,pgv,overall,bias
15199065,4,-0.13944596767425538,cross_attention,pgv,overall,bias
15199441,4,0.0014485728740692141,cross_attention,pgv,overall,bias
15199497,4,0.010055620670318604,cross_attention,pgv,overall,bias
15199577,4,-0.4904412114620209,cross_attention,pgv,overall,bias
15199593,4,-0.7702809208631516,cross_attention,pgv,overall,bias
15199601,4,-0.30819295048713685,cross_attention,pgv,overall,bias
15199657,4,-0.06016836285591125,cross_attention,pgv,overall,bias
15199681,4,-1.109213161468506,cross_attention,pgv,overall,bias
15199689,4,-0.3001844418048859,cross_attention,pgv,overall,bias
15199721,4,-0.36267202615737915,cross_attention,pgv,overall,bias
15199729,4,-0.12927634716033937,cross_attention,pgv,overall,bias
15199745,4,-0.07255599737167358,cross_attention,pgv,overall,bias
15199785,4,0.008397321701049804,cross_attention,pgv,overall,bias
15199865,4,-0.28925081610679626,cross_attention,pgv,overall,bias
15199969,4,-0.0014315783977508572,cross_attention,pgv,overall,bias
15200001,4,0.07467196345329284,cross_attention,pgv,overall,bias
15200033,4,-0.11368813991546631,cross_attention,pgv,overall,bias
15200161,4,-0.05809084892272949,cross_attention,pgv,overall,bias
15200401,4,-0.8499378609657289,cross_attention,pgv,overall,bias
15200449,4,0.20819634675979612,cross_attention,pgv,overall,bias
15200489,4,-0.33443871974945066,cross_attention,pgv,overall,bias
15200513,4,-0.09970299959182741,cross_attention,pgv,overall,bias
15200593,4,0.0016460549831390369,cross_attention,pgv,overall,bias
15200601,4,-0.29950382828712463,cross_attention,pgv,overall,bias
15200753,4,0.04853289127349854,cross_attention,pgv,overall,bias
15200921,4,-0.13265546083450316,cross_attention,pgv,overall,bias
15201057,4,-0.004574939012527467,cross_attention,pgv,overall,bias
15201145,4,-0.09073601841926575,cross_attention,pgv,overall,bias
15201241,4,-0.08830209970474243,cross_attention,pgv,overall,bias
15201249,4,-0.0971094799041748,cross_attention,pgv,overall,bias
15201297,4,-0.4778327107429504,cross_attention,pgv,overall,bias
15201537,4,-0.9809249812364579,cross_attention,pgv,overall,bias
15201553,4,0.12757086277008056,cross_attention,pgv,overall,bias
15201617,4,-0.09402970552444459,cross_attention,pgv,overall,bias
15201697,4,-0.016779907941818238,cross_attention,pgv,overall,bias
15201961,4,-0.06161024928092956,cross_attention,pgv,overall,bias
15202401,4,-0.05882280349731446,cross_attention,pgv,overall,bias
15202465,4,-0.002334402799606325,cross_attention,pgv,overall,bias
15202921,4,-0.8214900571107865,cross_attention,pgv,overall,bias
15203033,4,-0.5563552963733673,cross_attention,pgv,overall,bias
15203249,4,-0.09935104489326477,cross_attention,pgv,overall,bias
15203401,4,-0.023162604570388795,cross_attention,pgv,overall,bias
15204369,4,-0.2114697051048279,cross_attention,pgv,overall,bias
15204969,4,-0.4534419333934784,cross_attention,pgv,overall,bias
15205377,4,-0.16376447916030884,cross_attention,pgv,overall,bias
15208857,4,-0.12867271780967712,cross_attention,pgv,overall,bias
37700544,289,0.23962503552436826,cross_attention,pgv,overall,bias
37382677,289,-0.136662780046463,cross_attention,pgv,overall,bias
37382749,289,-0.11156189918518067,cross_attention,pgv,overall,bias
37701512,289,-0.06684837341308594,cross_attention,pgv,overall,bias
37701552,289,0.2682922422885895,cross_attention,pgv,overall,bias
37701856,289,0.027693297863006595,cross_attention,pgv,overall,bias
37707792,289,0.10124375343322753,cross_attention,pgv,overall,bias
37775048,97,-0.026714795827865602,cross_attention,pgv,overall,bias
37775056,97,0.12703693389892579,cross_attention,pgv,overall,bias
37775296,97,-0.3616841113567352,cross_attention,pgv,overall,bias
37775304,97,0.08514248251914977,cross_attention,pgv,overall,bias
37775432,97,-0.17064616084098816,cross_attention,pgv,overall,bias
37775504,97,-0.3193925714492798,cross_attention,pgv,overall,bias
37775608,97,-0.1464807164669037,cross_attention,pgv,overall,bias
37776080,97,-0.023377455472946167,cross_attention,pgv,overall,bias
37776336,97,0.02747054100036621,cross_attention,pgv,overall,bias
38354928,13,-0.027960197925567625,cross_attention,pgv,overall,bias
38138175,13,-0.9228910875320434,cross_attention,pgv,overall,bias
38138183,13,-0.09157832026481628,cross_attention,pgv,overall,bias
38138415,13,-0.17672970414161682,cross_attention,pgv,overall,bias
38138431,13,-0.09815505504608155,cross_attention,pgv,overall,bias
39090087,39,0.20267109870910643,cross_attention,pgv,overall,bias
39111991,39,-0.2534623754024506,cross_attention,pgv,overall,bias
39141103,39,0.23039701223373413,cross_attention,pgv,overall,bias
39395080,39,-0.24344271779060364,cross_attention,pgv,overall,bias
39395096,39,-0.1400306963920593,cross_attention,pgv,overall,bias
39462672,40,-0.030994048118591307,cross_attention,pgv,overall,bias
39462744,40,0.11416319489479065,cross_attention,pgv,overall,bias
39462768,40,0.04988744974136352,cross_attention,pgv,overall,bias
39463040,40,-0.027765336036682124,cross_attention,pgv,overall,bias
39463304,40,0.29772513270378115,cross_attention,pgv,overall,bias
39463528,40,-0.1310788345336914,cross_attention,pgv,overall,bias
39464360,40,-0.3936106288433075,cross_attention,pgv,overall,bias
39469848,40,-0.6092234289646148,cross_attention,pgv,overall,bias
40675215,11,-1.3022966611385345,cross_attention,pgv,overall,bias
40675231,11,-0.2763556277751923,cross_attention,pgv,overall,bias
40865192,19,-0.38130011200904845,cross_attention,pgv,overall,bias
37679332,19,0.018045904636383055,cross_attention,pgv,overall,bias
37679660,19,0.0023567557334899904,cross_attention,pgv,overall,bias
40865216,19,-0.9317296290397644,cross_attention,pgv,overall,bias
40865232,19,-0.13643497109413147,cross_attention,pgv,overall,bias
40865248,19,0.32704498529434206,cross_attention,pgv,overall,bias
40865280,19,0.11329015731811523,cross_attention,pgv,overall,bias
40866368,19,0.09804476261138916,cross_attention,pgv,overall,bias
40866688,19,0.20207155585289,cross_attention,pgv,overall,bias
40868176,19,-0.04885743260383606,cross_attention,pgv,overall,bias
40868336,19,-0.07753077983856202,cross_attention,pgv,overall,bias
40869240,19,0.014699064493179323,cross_attention,pgv,overall,bias
40869472,19,0.26581640481948854,cross_attention,pgv,overall,bias
14733516,3,-1.0331475257873535,cross_attention,pgv,high_motion_tail,bias
14749860,3,-0.6839010715484619,cross_attention,pgv,high_motion_tail,bias
10930061,53,-1.1231105327606201,cross_attention,pgv,high_motion_tail,bias
11129826,15,-0.9322297175725301,cross_attention,pgv,high_motion_tail,bias
15198929,4,-0.9171661853790283,cross_attention,pgv,high_motion_tail,bias
15199065,4,-0.7012956142425537,cross_attention,pgv,high_motion_tail,bias
15199577,4,-1.0849749583464403,cross_attention,pgv,high_motion_tail,bias
15199593,4,-1.2148831346455742,cross_attention,pgv,high_motion_tail,bias
15199601,4,-0.6865027546882629,cross_attention,pgv,high_motion_tail,bias
15199657,4,-0.5505737066268921,cross_attention,pgv,high_motion_tail,bias
15199681,4,-1.2714608108666208,cross_attention,pgv,high_motion_tail,bias
15199689,4,-0.49620664614931986,cross_attention,pgv,high_motion_tail,bias
15199721,4,-0.8208011653688219,cross_attention,pgv,high_motion_tail,bias
15199785,4,-0.3862452507019043,cross_attention,pgv,high_motion_tail,bias
15199865,4,-0.8327715396881104,cross_attention,pgv,high_motion_tail,bias
15199969,4,-0.5301811695098877,cross_attention,pgv,high_motion_tail,bias
15200001,4,-0.468325138092041,cross_attention,pgv,high_motion_tail,bias
15200033,4,-1.0361177921295166,cross_attention,pgv,high_motion_tail,bias
15200161,4,-0.8896658420562744,cross_attention,pgv,high_motion_tail,bias
15200401,4,-0.9583274818176315,cross_attention,pgv,high_motion_tail,bias
15200449,4,-0.5119062662124634,cross_attention,pgv,high_motion_tail,bias
15200489,4,-0.7120579600334167,cross_attention,pgv,high_motion_tail,bias
15200513,4,-0.5840477546056112,cross_attention,pgv,high_motion_tail,bias
15200593,4,-0.5388109683990479,cross_attention,pgv,high_motion_tail,bias
15200601,4,-0.775329053401947,cross_attention,pgv,high_motion_tail,bias
15201145,4,-0.8327639102935791,cross_attention,pgv,high_motion_tail,bias
15201241,4,-0.689551591873169,cross_attention,pgv,high_motion_tail,bias
15201297,4,-1.0225252188169038,cross_attention,pgv,high_motion_tail,bias
15201537,4,-1.405831190833339,cross_attention,pgv,high_motion_tail,bias
15201617,4,-0.6944777965545654,cross_attention,pgv,high_motion_tail,bias
15201961,4,-0.8120540618896485,cross_attention,pgv,high_motion_tail,bias
15202465,4,-0.8320380449295044,cross_attention,pgv,high_motion_tail,bias
15202921,4,-1.1608619104822477,cross_attention,pgv,high_motion_tail,bias
15203249,4,-1.3000867366790771,cross_attention,pgv,high_motion_tail,bias
15203401,4,-0.954315185546875,cross_attention,pgv,high_motion_tail,bias
15204369,4,-0.9619261741638183,cross_attention,pgv,high_motion_tail,bias
15204969,4,-1.0228372116883595,cross_attention,pgv,high_motion_tail,bias
15205377,4,-0.7819107373555502,cross_attention,pgv,high_motion_tail,bias
37382677,289,-1.2798000574111938,cross_attention,pgv,high_motion_tail,bias
37382749,289,-0.44544347127278644,cross_attention,pgv,high_motion_tail,bias
37701512,289,-0.6430731773376465,cross_attention,pgv,high_motion_tail,bias
37701552,289,-0.013407242603791066,cross_attention,pgv,high_motion_tail,bias
37775048,97,-0.8871186971664429,cross_attention,pgv,high_motion_tail,bias
37775056,97,-0.3334818482398987,cross_attention,pgv,high_motion_tail,bias
37775296,97,-1.004889965057373,cross_attention,pgv,high_motion_tail,bias
37775432,97,-0.8784362077713013,cross_attention,pgv,high_motion_tail,bias
37775504,97,-0.7087098251689564,cross_attention,pgv,high_motion_tail,bias
37775608,97,-1.1238731861114502,cross_attention,pgv,high_motion_tail,bias
37776080,97,-0.79267418384552,cross_attention,pgv,high_motion_tail,bias
37776336,97,-0.33980441093444824,cross_attention,pgv,high_motion_tail,bias
38354928,13,-1.4314062297344208,cross_attention,pgv,high_motion_tail,bias
38138175,13,-1.1436875198401657,cross_attention,pgv,high_motion_tail,bias
38138183,13,-1.4594743251800537,cross_attention,pgv,high_motion_tail,bias
38138415,13,-1.6549153327941895,cross_attention,pgv,high_motion_tail,bias
38138431,13,-1.7034657001495361,cross_attention,pgv,high_motion_tail,bias
39111991,39,-0.5366290177617754,cross_attention,pgv,high_motion_tail,bias
39395080,39,-1.342110776901245,cross_attention,pgv,high_motion_tail,bias
39462672,40,-0.7133995294570923,cross_attention,pgv,high_motion_tail,bias
39464360,40,-0.7173019647598267,cross_attention,pgv,high_motion_tail,bias
39469848,40,-0.9800089995066326,cross_attention,pgv,high_motion_tail,bias
40675215,11,-1.3204048322969013,cross_attention,pgv,high_motion_tail,bias
40675231,11,-0.9864072799682617,cross_attention,pgv,high_motion_tail,bias
40865192,19,-0.45356102595253595,cross_attention,pgv,high_motion_tail,bias
37679332,19,-0.6158603798775445,cross_attention,pgv,high_motion_tail,bias
40865216,19,-1.2499151468276977,cross_attention,pgv,high_motion_tail,bias
40865232,19,-0.6948448816935221,cross_attention,pgv,high_motion_tail,bias
40865280,19,-1.0494598746299744,cross_attention,pgv,high_motion_tail,bias
40866688,19,-1.068937063217163,cross_attention,pgv,high_motion_tail,bias
40868176,19,-1.23087078332901,cross_attention,pgv,high_motion_tail,bias
40869240,19,-0.9614997307459513,cross_attention,pgv,high_motion_tail,bias
40869472,19,-1.5147857666015625,cross_attention,pgv,high_motion_tail,bias
14724004,68,0.6799999999999999,cross_attention,pgv,overall,factor2
14733516,3,0.24500000000000002,cross_attention,pgv,overall,factor2
14746844,3,0.765,cross_attention,pgv,overall,factor2
14749860,3,0.58,cross_attention,pgv,overall,factor2
10930061,53,0.5,cross_attention,pgv,overall,factor2
11129826,15,0.24500000000000002,cross_attention,pgv,overall,factor2
15198929,4,0.53,cross_attention,pgv,overall,factor2
15199065,4,0.62,cross_attention,pgv,overall,factor2
15199441,4,0.725,cross_attention,pgv,overall,factor2
15199497,4,0.82,cross_attention,pgv,overall,factor2
15199577,4,0.33999999999999997,cross_attention,pgv,overall,factor2
15199593,4,0.065,cross_attention,pgv,overall,factor2
15199601,4,0.40499999999999997,cross_attention,pgv,overall,factor2
15199657,4,0.6849999999999999,cross_attention,pgv,overall,factor2
15199681,4,0.08,cross_attention,pgv,overall,factor2
15199689,4,0.45499999999999996,cross_attention,pgv,overall,factor2
15199721,4,0.395,cross_attention,pgv,overall,factor2
15199729,4,0.6,cross_attention,pgv,overall,factor2
15199745,4,0.785,cross_attention,pgv,overall,factor2
15199785,4,0.755,cross_attention,pgv,overall,factor2
15199865,4,0.5650000000000001,cross_attention,pgv,overall,factor2
15199969,4,0.745,cross_attention,pgv,overall,factor2
15200001,4,0.6900000000000001,cross_attention,pgv,overall,factor2
15200033,4,0.6649999999999999,cross_attention,pgv,overall,factor2
15200161,4,0.705,cross_attention,pgv,overall,factor2
15200401,4,0.09,cross_attention,pgv,overall,factor2
15200449,4,0.5549999999999999,cross_attention,pgv,overall,factor2
15200489,4,0.44000000000000006,cross_attention,pgv,overall,factor2
15200513,4,0.73,cross_attention,pgv,overall,factor2
15200593,4,0.77,cross_attention,pgv,overall,factor2
15200601,4,0.54,cross_attention,pgv,overall,factor2
15200753,4,0.75,cross_attention,pgv,overall,factor2
15200921,4,0.6799999999999999,cross_attention,pgv,overall,factor2
15201057,4,0.74,cross_attention,pgv,overall,factor2
15201145,4,0.6950000000000001,cross_attention,pgv,overall,factor2
15201241,4,0.745,cross_attention,pgv,overall,factor2
15201249,4,0.75,cross_attention,pgv,overall,factor2
15201297,4,0.315,cross_attention,pgv,overall,factor2
15201537,4,0.05,cross_attention,pgv,overall,factor2
15201553,4,0.54,cross_attention,pgv,overall,factor2
15201617,4,0.75,cross_attention,pgv,overall,factor2
15201697,4,0.74,cross_attention,pgv,overall,factor2
15201961,4,0.775,cross_attention,pgv,overall,factor2
15202401,4,0.805,cross_attention,pgv,overall,factor2
15202465,4,0.78,cross_attention,pgv,overall,factor2
15202921,4,0.16999999999999998,cross_attention,pgv,overall,factor2
15203033,4,0.085,cross_attention,pgv,overall,factor2
15203249,4,0.6599999999999999,cross_attention,pgv,overall,factor2
15203401,4,0.735,cross_attention,pgv,overall,factor2
15204369,4,0.545,cross_attention,pgv,overall,factor2
15204969,4,0.355,cross_attention,pgv,overall,factor2
15205377,4,0.6849999999999999,cross_attention,pgv,overall,factor2
15208857,4,0.735,cross_attention,pgv,overall,factor2
37700544,289,0.525,cross_attention,pgv,overall,factor2
37382677,289,0.6599999999999999,cross_attention,pgv,overall,factor2
37382749,289,0.575,cross_attention,pgv,overall,factor2
37701512,289,0.65,cross_attention,pgv,overall,factor2
37701552,289,0.55,cross_attention,pgv,overall,factor2
37701856,289,0.6599999999999999,cross_attention,pgv,overall,factor2
37707792,289,0.5599999999999999,cross_attention,pgv,overall,factor2
37775048,97,0.65,cross_attention,pgv,overall,factor2
37775056,97,0.5349999999999999,cross_attention,pgv,overall,factor2
37775296,97,0.45,cross_attention,pgv,overall,factor2
37775304,97,0.45999999999999996,cross_attention,pgv,overall,factor2
37775432,97,0.63,cross_attention,pgv,overall,factor2
37775504,97,0.41500000000000004,cross_attention,pgv,overall,factor2
37775608,97,0.6950000000000001,cross_attention,pgv,overall,factor2
37776080,97,0.675,cross_attention,pgv,overall,factor2
37776336,97,0.625,cross_attention,pgv,overall,factor2
38354928,13,0.6649999999999999,cross_attention,pgv,overall,factor2
38138175,13,0.03,cross_attention,pgv,overall,factor2
38138183,13,0.44000000000000006,cross_attention,pgv,overall,factor2
38138415,13,0.67,cross_attention,pgv,overall,factor2
38138431,13,0.6849999999999999,cross_attention,pgv,overall,factor2
39090087,39,0.43,cross_attention,pgv,overall,factor2
39111991,39,0.5599999999999999,cross_attention,pgv,overall,factor2
39141103,39,0.475,cross_attention,pgv,overall,factor2
39395080,39,0.545,cross_attention,pgv,overall,factor2
39395096,39,0.64,cross_attention,pgv,overall,factor2
39462672,40,0.675,cross_attention,pgv,overall,factor2
39462744,40,0.63,cross_attention,pgv,overall,factor2
39462768,40,0.6799999999999999,cross_attention,pgv,overall,factor2
39463040,40,0.5650000000000001,cross_attention,pgv,overall,factor2
39463304,40,0.425,cross_attention,pgv,overall,factor2
39463528,40,0.575,cross_attention,pgv,overall,factor2
39464360,40,0.37,cross_attention,pgv,overall,factor2
39469848,40,0.13999999999999999,cross_attention,pgv,overall,factor2
40675215,11,0.005,cross_attention,pgv,overall,factor2
40675231,11,0.5700000000000001,cross_attention,pgv,overall,factor2
40865192,19,0.32,cross_attention,pgv,overall,factor2
37679332,19,0.5,cross_attention,pgv,overall,factor2
37679660,19,0.575,cross_attention,pgv,overall,factor2
40865216,19,0.030000000000000006,cross_attention,pgv,overall,factor2
40865232,19,0.58,cross_attention,pgv,overall,factor2
40865248,19,0.38,cross_attention,pgv,overall,factor2
40865280,19,0.51,cross_attention,pgv,overall,factor2
40866368,19,0.77,cross_attention,pgv,overall,factor2
40866688,19,0.5,cross_attention,pgv,overall,factor2
40868176,19,0.655,cross_attention,pgv,overall,factor2
40868336,19,0.6950000000000001,cross_attention,pgv,overall,factor2
40869240,19,0.505,cross_attention,pgv,overall,factor2
40869472,19,0.525,cross_attention,pgv,overall,factor2
14733516,3,0.0,cross_attention,pgv,high_motion_tail,factor2
14749860,3,0.0,cross_attention,pgv,high_motion_tail,factor2
10930061,53,0.0,cross_attention,pgv,high_motion_tail,factor2
11129826,15,0.12037037037037036,cross_attention,pgv,high_motion_tail,factor2
15198929,4,0.0,cross_attention,pgv,high_motion_tail,factor2
15199065,4,0.0,cross_attention,pgv,high_motion_tail,factor2
15199577,4,0.0,cross_attention,pgv,high_motion_tail,factor2
15199593,4,0.0,cross_attention,pgv,high_motion_tail,factor2
15199601,4,0.16666666666666666,cross_attention,pgv,high_motion_tail,factor2
15199657,4,0.0,cross_attention,pgv,high_motion_tail,factor2
15199681,4,0.0251984126984127,cross_attention,pgv,high_motion_tail,factor2
15199689,4,0.2357769423558897,cross_attention,pgv,high_motion_tail,factor2
15199721,4,0.0,cross_attention,pgv,high_motion_tail,factor2
15199785,4,0.0,cross_attention,pgv,high_motion_tail,factor2
15199865,4,0.0,cross_attention,pgv,high_motion_tail,factor2
15199969,4,0.0,cross_attention,pgv,high_motion_tail,factor2
15200001,4,0.0,cross_attention,pgv,high_motion_tail,factor2
15200033,4,0.0,cross_attention,pgv,high_motion_tail,factor2
15200161,4,0.0,cross_attention,pgv,high_motion_tail,factor2
15200401,4,0.04196428571428571,cross_attention,pgv,high_motion_tail,factor2
15200449,4,0.5,cross_attention,pgv,high_motion_tail,factor2
15200489,4,0.05,cross_attention,pgv,high_motion_tail,factor2
15200513,4,0.0,cross_attention,pgv,high_motion_tail,factor2
15200593,4,0.0,cross_attention,pgv,high_motion_tail,factor2
15200601,4,0.0,cross_attention,pgv,high_motion_tail,factor2
15201145,4,0.0,cross_attention,pgv,high_motion_tail,factor2
15201241,4,0.0,cross_attention,pgv,high_motion_tail,factor2
15201297,4,0.0,cross_attention,pgv,high_motion_tail,factor2
15201537,4,0.0,cross_attention,pgv,high_motion_tail,factor2
15201617,4,0.0,cross_attention,pgv,high_motion_tail,factor2
15201961,4,0.0,cross_attention,pgv,high_motion_tail,factor2
15202465,4,0.0,cross_attention,pgv,high_motion_tail,factor2
15202921,4,0.05,cross_attention,pgv,high_motion_tail,factor2
15203249,4,0.0,cross_attention,pgv,high_motion_tail,factor2
15203401,4,0.0,cross_attention,pgv,high_motion_tail,factor2
15204369,4,0.0,cross_attention,pgv,high_motion_tail,factor2
15204969,4,0.041666666666666664,cross_attention,pgv,high_motion_tail,factor2
15205377,4,0.0,cross_attention,pgv,high_motion_tail,factor2
37382677,289,0.0,cross_attention,pgv,high_motion_tail,factor2
37382749,289,0.0,cross_attention,pgv,high_motion_tail,factor2
37701512,289,0.0,cross_attention,pgv,high_motion_tail,factor2
37701552,289,0.9743589743589743,cross_attention,pgv,high_motion_tail,factor2
37775048,97,0.0,cross_attention,pgv,high_motion_tail,factor2
37775056,97,0.0,cross_attention,pgv,high_motion_tail,factor2
37775296,97,0.0,cross_attention,pgv,high_motion_tail,factor2
37775432,97,0.0,cross_attention,pgv,high_motion_tail,factor2
37775504,97,0.09090909090909091,cross_attention,pgv,high_motion_tail,factor2
37775608,97,0.0,cross_attention,pgv,high_motion_tail,factor2
37776080,97,0.0,cross_attention,pgv,high_motion_tail,factor2
37776336,97,0.0,cross_attention,pgv,high_motion_tail,factor2
38354928,13,0.0,cross_attention,pgv,high_motion_tail,factor2
38138175,13,0.0,cross_attention,pgv,high_motion_tail,factor2
38138183,13,0.0,cross_attention,pgv,high_motion_tail,factor2
38138415,13,0.0,cross_attention,pgv,high_motion_tail,factor2
38138431,13,0.0,cross_attention,pgv,high_motion_tail,factor2
39111991,39,0.07142857142857142,cross_attention,pgv,high_motion_tail,factor2
39395080,39,0.0,cross_attention,pgv,high_motion_tail,factor2
39462672,40,0.0,cross_attention,pgv,high_motion_tail,factor2
39464360,40,0.0,cross_attention,pgv,high_motion_tail,factor2
39469848,40,0.0,cross_attention,pgv,high_motion_tail,factor2
40675215,11,0.0,cross_attention,pgv,high_motion_tail,factor2
40675231,11,0.0,cross_attention,pgv,high_motion_tail,factor2
40865192,19,0.2754563492063492,cross_attention,pgv,high_motion_tail,factor2
37679332,19,0.0,cross_attention,pgv,high_motion_tail,factor2
40865216,19,0.0,cross_attention,pgv,high_motion_tail,factor2
40865232,19,0.1111111111111111,cross_attention,pgv,high_motion_tail,factor2
40865280,19,0.0,cross_attention,pgv,high_motion_tail,factor2
40866688,19,0.0,cross_attention,pgv,high_motion_tail,factor2
40868176,19,0.0,cross_attention,pgv,high_motion_tail,factor2
40869240,19,0.16666666666666666,cross_attention,pgv,high_motion_tail,factor2
40869472,19,0.0,cross_attention,pgv,high_motion_tail,factor2
14724004,68,0.0,cross_attention,pgv,overall,under05
14733516,3,0.575,cross_attention,pgv,overall,under05
14746844,3,0.015000000000000003,cross_attention,pgv,overall,under05
14749860,3,0.135,cross_attention,pgv,overall,under05
10930061,53,0.22000000000000003,cross_attention,pgv,overall,under05
11129826,15,0.635,cross_attention,pgv,overall,under05
15198929,4,0.265,cross_attention,pgv,overall,under05
15199065,4,0.12000000000000002,cross_attention,pgv,overall,under05
15199441,4,0.035,cross_attention,pgv,overall,under05
15199497,4,0.05,cross_attention,pgv,overall,under05
15199577,4,0.45,cross_attention,pgv,overall,under05
15199593,4,0.825,cross_attention,pgv,overall,under05
15199601,4,0.37,cross_attention,pgv,overall,under05
15199657,4,0.1,cross_attention,pgv,overall,under05
15199681,4,0.845,cross_attention,pgv,overall,under05
15199689,4,0.32,cross_attention,pgv,overall,under05
15199721,4,0.31,cross_attention,pgv,overall,under05
15199729,4,0.14500000000000002,cross_attention,pgv,overall,under05
15199745,4,0.05,cross_attention,pgv,overall,under05
15199785,4,0.030000000000000006,cross_attention,pgv,overall,under05
15199865,4,0.22000000000000003,cross_attention,pgv,overall,under05
15199969,4,0.085,cross_attention,pgv,overall,under05
15200001,4,0.030000000000000006,cross_attention,pgv,overall,under05
15200033,4,0.125,cross_attention,pgv,overall,under05
15200161,4,0.09,cross_attention,pgv,overall,under05
15200401,4,0.825,cross_attention,pgv,overall,under05
15200449,4,0.03,cross_attention,pgv,overall,under05
15200489,4,0.3,cross_attention,pgv,overall,under05
15200513,4,0.08,cross_attention,pgv,overall,under05
15200593,4,0.030000000000000006,cross_attention,pgv,overall,under05
15200601,4,0.265,cross_attention,pgv,overall,under05
15200753,4,0.035,cross_attention,pgv,overall,under05
15200921,4,0.08,cross_attention,pgv,overall,under05
15201057,4,0.05500000000000001,cross_attention,pgv,overall,under05
15201145,4,0.10500000000000001,cross_attention,pgv,overall,under05
15201241,4,0.10500000000000001,cross_attention,pgv,overall,under05
15201249,4,0.06000000000000001,cross_attention,pgv,overall,under05
15201297,4,0.445,cross_attention,pgv,overall,under05
15201537,4,0.8800000000000001,cross_attention,pgv,overall,under05
15201553,4,0.045,cross_attention,pgv,overall,under05
15201617,4,0.09,cross_attention,pgv,overall,under05
15201697,4,0.065,cross_attention,pgv,overall,under05
15201961,4,0.065,cross_attention,pgv,overall,under05
15202401,4,0.05,cross_attention,pgv,overall,under05
15202465,4,0.04,cross_attention,pgv,overall,under05
15202921,4,0.705,cross_attention,pgv,overall,under05
15203033,4,0.5599999999999999,cross_attention,pgv,overall,under05
15203249,4,0.13,cross_attention,pgv,overall,under05
15203401,4,0.08,cross_attention,pgv,overall,under05
15204369,4,0.205,cross_attention,pgv,overall,under05
15204969,4,0.45999999999999996,cross_attention,pgv,overall,under05
15205377,4,0.15,cross_attention,pgv,overall,under05
15208857,4,0.095,cross_attention,pgv,overall,under05
37700544,289,0.035,cross_attention,pgv,overall,under05
37382677,289,0.10500000000000001,cross_attention,pgv,overall,under05
37382749,289,0.125,cross_attention,pgv,overall,under05
37701512,289,0.10500000000000001,cross_attention,pgv,overall,under05
37701552,289,0.015000000000000003,cross_attention,pgv,overall,under05
37701856,289,0.095,cross_attention,pgv,overall,under05
37707792,289,0.065,cross_attention,pgv,overall,under05
37775048,97,0.095,cross_attention,pgv,overall,under05
37775056,97,0.045,cross_attention,pgv,overall,under05
37775296,97,0.365,cross_attention,pgv,overall,under05
37775304,97,0.095,cross_attention,pgv,overall,under05
37775432,97,0.135,cross_attention,pgv,overall,under05
37775504,97,0.32999999999999996,cross_attention,pgv,overall,under05
37775608,97,0.12,cross_attention,pgv,overall,under05
37776080,97,0.075,cross_attention,pgv,overall,under05
37776336,97,0.065,cross_attention,pgv,overall,under05
38354928,13,0.10500000000000001,cross_attention,pgv,overall,under05
38138175,13,0.9099999999999999,cross_attention,pgv,overall,under05
38138183,13,0.215,cross_attention,pgv,overall,under05
38138415,13,0.125,cross_attention,pgv,overall,under05
38138431,13,0.125,cross_attention,pgv,overall,under05
39090087,39,0.05,cross_attention,pgv,overall,under05
39111991,39,0.15,cross_attention,pgv,overall,under05
39141103,39,0.035,cross_attention,pgv,overall,under05
39395080,39,0.12000000000000002,cross_attention,pgv,overall,under05
39395096,39,0.11500000000000002,cross_attention,pgv,overall,under05
39462672,40,0.05,cross_attention,pgv,overall,under05
39462744,40,0.045,cross_attention,pgv,overall,under05
39462768,40,0.030000000000000006,cross_attention,pgv,overall,under05
39463040,40,0.085,cross_attention,pgv,overall,under05
39463304,40,0.02,cross_attention,pgv,overall,under05
39463528,40,0.10500000000000001,cross_attention,pgv,overall,under05
39464360,40,0.41,cross_attention,pgv,overall,under05
39469848,40,0.675,cross_attention,pgv,overall,under05
40675215,11,0.99,cross_attention,pgv,overall,under05
40675231,11,0.18,cross_attention,pgv,overall,under05
40865192,19,0.43,cross_attention,pgv,overall,under05
37679332,19,0.125,cross_attention,pgv,overall,under05
37679660,19,0.075,cross_attention,pgv,overall,under05
40865216,19,0.9,cross_attention,pgv,overall,under05
40865232,19,0.175,cross_attention,pgv,overall,under05
40865248,19,0.015000000000000003,cross_attention,pgv,overall,under05
40865280,19,0.065,cross_attention,pgv,overall,under05
40866368,19,0.015000000000000003,cross_attention,pgv,overall,under05
40866688,19,0.035,cross_attention,pgv,overall,under05
40868176,19,0.11500000000000002,cross_attention,pgv,overall,under05
40868336,19,0.125,cross_attention,pgv,overall,under05
40869240,19,0.135,cross_attention,pgv,overall,under05
40869472,19,0.045,cross_attention,pgv,overall,under05
14733516,3,1.0,cross_attention,pgv,high_motion_tail,under05
14749860,3,1.0,cross_attention,pgv,high_motion_tail,under05
10930061,53,1.0,cross_attention,pgv,high_motion_tail,under05
11129826,15,0.8333333333333334,cross_attention,pgv,high_motion_tail,under05
15198929,4,1.0,cross_attention,pgv,high_motion_tail,under05
15199065,4,1.0,cross_attention,pgv,high_motion_tail,under05
15199577,4,0.9615384615384616,cross_attention,pgv,high_motion_tail,under05
15199593,4,0.9705882352941176,cross_attention,pgv,high_motion_tail,under05
15199601,4,0.75,cross_attention,pgv,high_motion_tail,under05
15199657,4,0.5,cross_attention,pgv,high_motion_tail,under05
15199681,4,0.9164682539682539,cross_attention,pgv,high_motion_tail,under05
15199689,4,0.5727443609022557,cross_attention,pgv,high_motion_tail,under05
15199721,4,0.9629629629629629,cross_attention,pgv,high_motion_tail,under05
15199785,4,0.0,cross_attention,pgv,high_motion_tail,under05
15199865,4,1.0,cross_attention,pgv,high_motion_tail,under05
15199969,4,1.0,cross_attention,pgv,high_motion_tail,under05
15200001,4,0.0,cross_attention,pgv,high_motion_tail,under05
15200033,4,1.0,cross_attention,pgv,high_motion_tail,under05
15200161,4,1.0,cross_attention,pgv,high_motion_tail,under05
15200401,4,0.8938492063492063,cross_attention,pgv,high_motion_tail,under05
15200449,4,0.5,cross_attention,pgv,high_motion_tail,under05
15200489,4,0.85,cross_attention,pgv,high_motion_tail,under05
15200513,4,0.8333333333333334,cross_attention,pgv,high_motion_tail,under05
15200593,4,1.0,cross_attention,pgv,high_motion_tail,under05
15200601,4,1.0,cross_attention,pgv,high_motion_tail,under05
15201145,4,1.0,cross_attention,pgv,high_motion_tail,under05
15201241,4,1.0,cross_attention,pgv,high_motion_tail,under05
15201297,4,1.0,cross_attention,pgv,high_motion_tail,under05
15201537,4,1.0,cross_attention,pgv,high_motion_tail,under05
15201617,4,1.0,cross_attention,pgv,high_motion_tail,under05
15201961,4,1.0,cross_attention,pgv,high_motion_tail,under05
15202465,4,1.0,cross_attention,pgv,high_motion_tail,under05
15202921,4,0.95,cross_attention,pgv,high_motion_tail,under05
15203249,4,1.0,cross_attention,pgv,high_motion_tail,under05
15203401,4,1.0,cross_attention,pgv,high_motion_tail,under05
15204369,4,0.8,cross_attention,pgv,high_motion_tail,under05
15204969,4,0.9583333333333334,cross_attention,pgv,high_motion_tail,under05
15205377,4,1.0,cross_attention,pgv,high_motion_tail,under05
37382677,289,1.0,cross_attention,pgv,high_motion_tail,under05
37382749,289,0.3333333333333333,cross_attention,pgv,high_motion_tail,under05
37701512,289,0.6,cross_attention,pgv,high_motion_tail,under05
37701552,289,0.0,cross_attention,pgv,high_motion_tail,under05
37775048,97,1.0,cross_attention,pgv,high_motion_tail,under05
37775056,97,0.0,cross_attention,pgv,high_motion_tail,under05
37775296,97,1.0,cross_attention,pgv,high_motion_tail,under05
37775432,97,1.0,cross_attention,pgv,high_motion_tail,under05
37775504,97,0.8181818181818182,cross_attention,pgv,high_motion_tail,under05
37775608,97,1.0,cross_attention,pgv,high_motion_tail,under05
37776080,97,1.0,cross_attention,pgv,high_motion_tail,under05
37776336,97,0.0,cross_attention,pgv,high_motion_tail,under05
38354928,13,1.0,cross_attention,pgv,high_motion_tail,under05
38138175,13,1.0,cross_attention,pgv,high_motion_tail,under05
38138183,13,1.0,cross_attention,pgv,high_motion_tail,under05
38138415,13,1.0,cross_attention,pgv,high_motion_tail,under05
38138431,13,1.0,cross_attention,pgv,high_motion_tail,under05
39111991,39,0.5523809523809524,cross_attention,pgv,high_motion_tail,under05
39395080,39,1.0,cross_attention,pgv,high_motion_tail,under05
39462672,40,1.0,cross_attention,pgv,high_motion_tail,under05
39464360,40,1.0,cross_attention,pgv,high_motion_tail,under05
39469848,40,1.0,cross_attention,pgv,high_motion_tail,under05
40675215,11,0.9949999999999999,cross_attention,pgv,high_motion_tail,under05
40675231,11,1.0,cross_attention,pgv,high_motion_tail,under05
40865192,19,0.48327380952380955,cross_attention,pgv,high_motion_tail,under05
37679332,19,0.5595238095238095,cross_attention,pgv,high_motion_tail,under05
40865216,19,1.0,cross_attention,pgv,high_motion_tail,under05
40865232,19,0.8888888888888888,cross_attention,pgv,high_motion_tail,under05
40865280,19,1.0,cross_attention,pgv,high_motion_tail,under05
40866688,19,1.0,cross_attention,pgv,high_motion_tail,under05
40868176,19,1.0,cross_attention,pgv,high_motion_tail,under05
40869240,19,0.8333333333333334,cross_attention,pgv,high_motion_tail,under05
40869472,19,1.0,cross_attention,pgv,high_motion_tail,under05
14724004,68,0.23174219312353878,ca_urc,pgv,overall,mae
14733516,3,0.552891736388726,ca_urc,pgv,overall,mae
14746844,3,0.21735088471074918,ca_urc,pgv,overall,mae
14749860,3,0.2818581895279998,ca_urc,pgv,overall,mae
10930061,53,0.3383162493132564,ca_urc,pgv,overall,mae
11129826,15,0.6693981714732118,ca_urc,pgv,overall,mae
15198929,4,0.3482593148311075,ca_urc,pgv,overall,mae
15199065,4,0.2737701838674102,ca_urc,pgv,overall,mae
15199441,4,0.21673540927046195,ca_urc,pgv,overall,mae
15199497,4,0.18711775685787585,ca_urc,pgv,overall,mae
15199577,4,0.4813561028813568,ca_urc,pgv,overall,mae
15199593,4,0.7332897692884587,ca_urc,pgv,overall,mae
15199601,4,0.35896811252261207,ca_urc,pgv,overall,mae
15199657,4,0.2503312551858239,ca_urc,pgv,overall,mae
15199681,4,1.0569189214651735,ca_urc,pgv,overall,mae
15199689,4,0.3494468816413622,ca_urc,pgv,overall,mae
15199721,4,0.35593781303340394,ca_urc,pgv,overall,mae
15199729,4,0.2768510955820808,ca_urc,pgv,overall,mae
15199745,4,0.21011693697265538,ca_urc,pgv,overall,mae
15199785,4,0.2134122594385833,ca_urc,pgv,overall,mae
15199865,4,0.31336268668243816,ca_urc,pgv,overall,mae
15199969,4,0.23266365852685794,ca_urc,pgv,overall,mae
15200001,4,0.2480799876824023,ca_urc,pgv,overall,mae
15200033,4,0.2507703830014699,ca_urc,pgv,overall,mae
15200161,4,0.2450576590987405,ca_urc,pgv,overall,mae
15200401,4,0.7940747249889843,ca_urc,pgv,overall,mae
15200449,4,0.38626836364981376,ca_urc,pgv,overall,mae
15200489,4,0.34740638287978626,ca_urc,pgv,overall,mae
15200513,4,0.2067391038560337,ca_urc,pgv,overall,mae
15200593,4,0.20108359484366528,ca_urc,pgv,overall,mae
15200601,4,0.32749995054057646,ca_urc,pgv,overall,mae
15200753,4,0.22234350109173295,ca_urc,pgv,overall,mae
15200921,4,0.2369075475845555,ca_urc,pgv,overall,mae
15201057,4,0.23807764213424992,ca_urc,pgv,overall,mae
15201145,4,0.23796799552081765,ca_urc,pgv,overall,mae
15201241,4,0.22236664379040394,ca_urc,pgv,overall,mae
15201249,4,0.19617039882509016,ca_urc,pgv,overall,mae
15201297,4,0.457268878458546,ca_urc,pgv,overall,mae
15201537,4,0.9376856998917571,ca_urc,pgv,overall,mae
15201553,4,0.3673190000786034,ca_urc,pgv,overall,mae
15201617,4,0.20363928814178028,ca_urc,pgv,overall,mae
15201697,4,0.21474108349975882,ca_urc,pgv,overall,mae
15201961,4,0.2213074870333822,ca_urc,pgv,overall,mae
15202401,4,0.20025841429343108,ca_urc,pgv,overall,mae
15202465,4,0.21698304451470504,ca_urc,pgv,overall,mae
15202921,4,0.7815511484021179,ca_urc,pgv,overall,mae
15203033,4,0.5518813416842581,ca_urc,pgv,overall,mae
15203249,4,0.2833157147910829,ca_urc,pgv,overall,mae
15203401,4,0.23112670139074726,ca_urc,pgv,overall,mae
15204369,4,0.31055009597264893,ca_urc,pgv,overall,mae
15204969,4,0.4718197238885942,ca_urc,pgv,overall,mae
15205377,4,0.2634992414175975,ca_urc,pgv,overall,mae
15208857,4,0.21780145675657497,ca_urc,pgv,overall,mae
37700544,289,0.35132987096968205,ca_urc,pgv,overall,mae
37382677,289,0.28098806403441057,ca_urc,pgv,overall,mae
37382749,289,0.31107918512502847,ca_urc,pgv,overall,mae
37701512,289,0.2761292019082659,ca_urc,pgv,overall,mae
37701552,289,0.40265256425789103,ca_urc,pgv,overall,mae
37701856,289,0.2876243088334231,ca_urc,pgv,overall,mae
37707792,289,0.2993525879501473,ca_urc,pgv,overall,mae
37775048,97,0.26495816467630745,ca_urc,pgv,overall,mae
37775056,97,0.2938421265207798,ca_urc,pgv,overall,mae
37775296,97,0.38536514096959607,ca_urc,pgv,overall,mae
37775304,97,0.40113836587454516,ca_urc,pgv,overall,mae
37775432,97,0.2950233681686756,ca_urc,pgv,overall,mae
37775504,97,0.38622803977731335,ca_urc,pgv,overall,mae
37775608,97,0.26696453138707577,ca_urc,pgv,overall,mae
37776080,97,0.2468600457462132,ca_urc,pgv,overall,mae
37776336,97,0.28704618449343205,ca_urc,pgv,overall,mae
38354928,13,0.3134884800640634,ca_urc,pgv,overall,mae
38138175,13,0.8739025579653357,ca_urc,pgv,overall,mae
38138183,13,0.3668061116835456,ca_urc,pgv,overall,mae
38138415,13,0.28051499670132213,ca_urc,pgv,overall,mae
38138431,13,0.2716454839943753,ca_urc,pgv,overall,mae
39090087,39,0.339904477396168,ca_urc,pgv,overall,mae
39111991,39,0.25216331453945956,ca_urc,pgv,overall,mae
39141103,39,0.3417386437380562,ca_urc,pgv,overall,mae
39395080,39,0.2929410691450828,ca_urc,pgv,overall,mae
39395096,39,0.27187813844997843,ca_urc,pgv,overall,mae
39462672,40,0.2342238333480707,ca_urc,pgv,overall,mae
39462744,40,0.26147333841039866,ca_urc,pgv,overall,mae
39462768,40,0.22990489373013534,ca_urc,pgv,overall,mae
39463040,40,0.2856860180594882,ca_urc,pgv,overall,mae
39463304,40,0.40079755067032397,ca_urc,pgv,overall,mae
39463528,40,0.2591299920365714,ca_urc,pgv,overall,mae
39464360,40,0.403602590902539,ca_urc,pgv,overall,mae
39469848,40,0.5782941523382461,ca_urc,pgv,overall,mae
40675215,11,1.27221729833703,ca_urc,pgv,overall,mae
40675231,11,0.3171222715968045,ca_urc,pgv,overall,mae
40865192,19,0.4742664297556615,ca_urc,pgv,overall,mae
37679332,19,0.3628426901469127,ca_urc,pgv,overall,mae
37679660,19,0.3071828033058615,ca_urc,pgv,overall,mae
40865216,19,0.956511865953207,ca_urc,pgv,overall,mae
40865232,19,0.31040009415325376,ca_urc,pgv,overall,mae
40865248,19,0.3982476352268273,ca_urc,pgv,overall,mae
40865280,19,0.32871513343192726,ca_urc,pgv,overall,mae
40866368,19,0.2128350366203418,ca_urc,pgv,overall,mae
40866688,19,0.3295798679683144,ca_urc,pgv,overall,mae
40868176,19,0.2742238969461662,ca_urc,pgv,overall,mae
40868336,19,0.2605883083685595,ca_urc,pgv,overall,mae
40869240,19,0.35932999866132875,ca_urc,pgv,overall,mae
40869472,19,0.3972329112828219,ca_urc,pgv,overall,mae
14733516,3,0.9603592682361981,ca_urc,pgv,high_motion_tail,mae
14749860,3,0.6316009460226786,ca_urc,pgv,high_motion_tail,mae
10930061,53,1.0739943426686187,ca_urc,pgv,high_motion_tail,mae
11129826,15,0.8738263382137452,ca_urc,pgv,high_motion_tail,mae
15198929,4,0.8452566994109219,ca_urc,pgv,high_motion_tail,mae
15199065,4,0.6826986383397187,ca_urc,pgv,high_motion_tail,mae
15199577,4,1.0242866672540578,ca_urc,pgv,high_motion_tail,mae
15199593,4,1.1482357244788757,ca_urc,pgv,high_motion_tail,mae
15199601,4,0.5623611010699964,ca_urc,pgv,high_motion_tail,mae
15199657,4,0.4746822587329791,ca_urc,pgv,high_motion_tail,mae
15199681,4,1.2101920205229486,ca_urc,pgv,high_motion_tail,mae
15199689,4,0.4869807161554435,ca_urc,pgv,high_motion_tail,mae
15199721,4,0.7110402893904455,ca_urc,pgv,high_motion_tail,mae
15199785,4,0.31445004296761425,ca_urc,pgv,high_motion_tail,mae
15199865,4,0.8003320629043666,ca_urc,pgv,high_motion_tail,mae
15199969,4,0.4860049746075674,ca_urc,pgv,high_motion_tail,mae
15200001,4,0.3652832974419029,ca_urc,pgv,high_motion_tail,mae
15200033,4,1.0106845226007948,ca_urc,pgv,high_motion_tail,mae
15200161,4,0.8659201214587888,ca_urc,pgv,high_motion_tail,mae
15200401,4,0.8952142605884271,ca_urc,pgv,high_motion_tail,mae
15200449,4,0.3832974620396936,ca_urc,pgv,high_motion_tail,mae
15200489,4,0.6018524654424758,ca_urc,pgv,high_motion_tail,mae
15200513,4,0.44750963306984876,ca_urc,pgv,high_motion_tail,mae
15200593,4,0.4664944096953567,ca_urc,pgv,high_motion_tail,mae
15200601,4,0.722935053410942,ca_urc,pgv,high_motion_tail,mae
15201145,4,0.7866026947902238,ca_urc,pgv,high_motion_tail,mae
15201241,4,0.6086922577380133,ca_urc,pgv,high_motion_tail,mae
15201297,4,0.9268580895997769,ca_urc,pgv,high_motion_tail,mae
15201537,4,1.336250128989795,ca_urc,pgv,high_motion_tail,mae
15201617,4,0.6680278978728253,ca_urc,pgv,high_motion_tail,mae
15201961,4,0.7616226110006051,ca_urc,pgv,high_motion_tail,mae
15202465,4,0.7908617296610072,ca_urc,pgv,high_motion_tail,mae
15202921,4,1.09649291555434,ca_urc,pgv,high_motion_tail,mae
15203249,4,1.2736798444217619,ca_urc,pgv,high_motion_tail,mae
15203401,4,0.9254480431516603,ca_urc,pgv,high_motion_tail,mae
15204369,4,0.8738109853052602,ca_urc,pgv,high_motion_tail,mae
15204969,4,0.9276738093499323,ca_urc,pgv,high_motion_tail,mae
15205377,4,0.7383091457572646,ca_urc,pgv,high_motion_tail,mae
37382677,289,1.252407639077103,ca_urc,pgv,high_motion_tail,mae
37382749,289,0.3892060002396529,ca_urc,pgv,high_motion_tail,mae
37701512,289,0.5321747100701297,ca_urc,pgv,high_motion_tail,mae
37701552,289,0.08830624273075785,ca_urc,pgv,high_motion_tail,mae
37775048,97,0.8294220005808496,ca_urc,pgv,high_motion_tail,mae
37775056,97,0.22649415188083244,ca_urc,pgv,high_motion_tail,mae
37775296,97,0.9181541959297258,ca_urc,pgv,high_motion_tail,mae
37775432,97,0.8160308856316678,ca_urc,pgv,high_motion_tail,mae
37775504,97,0.597079796168988,ca_urc,pgv,high_motion_tail,mae
37775608,97,1.06501789131927,ca_urc,pgv,high_motion_tail,mae
37776080,97,0.7604491077130273,ca_urc,pgv,high_motion_tail,mae
37776336,97,0.27034465087914406,ca_urc,pgv,high_motion_tail,mae
38354928,13,1.4048227051013908,ca_urc,pgv,high_motion_tail,mae
38138175,13,1.06833817524827,ca_urc,pgv,high_motion_tail,mae
38138183,13,1.437451453910823,ca_urc,pgv,high_motion_tail,mae
38138415,13,1.6428382099079863,ca_urc,pgv,high_motion_tail,mae
38138431,13,1.6900132014040743,ca_urc,pgv,high_motion_tail,mae
39111991,39,0.4426978037099998,ca_urc,pgv,high_motion_tail,mae
39395080,39,1.330221424547266,ca_urc,pgv,high_motion_tail,mae
39462672,40,0.6954740923865068,ca_urc,pgv,high_motion_tail,mae
39464360,40,0.6779472037689035,ca_urc,pgv,high_motion_tail,mae
39469848,40,0.9170002047845145,ca_urc,pgv,high_motion_tail,mae
40675215,11,1.2901371063008626,ca_urc,pgv,high_motion_tail,mae
40675231,11,0.9696615100388439,ca_urc,pgv,high_motion_tail,mae
40865192,19,0.494796799955629,ca_urc,pgv,high_motion_tail,mae
37679332,19,0.5351850276823988,ca_urc,pgv,high_motion_tail,mae
40865216,19,1.237616134127269,ca_urc,pgv,high_motion_tail,mae
40865232,19,0.6794901406167055,ca_urc,pgv,high_motion_tail,mae
40865280,19,1.016984300411477,ca_urc,pgv,high_motion_tail,mae
40866688,19,1.058582442935064,ca_urc,pgv,high_motion_tail,mae
40868176,19,1.2251054101373005,ca_urc,pgv,high_motion_tail,mae
40869240,19,0.8968921907572901,ca_urc,pgv,high_motion_tail,mae
40869472,19,1.5043928143647713,ca_urc,pgv,high_motion_tail,mae
14724004,68,0.11000366116453428,ca_urc,pgv,overall,bias
14733516,3,-0.523886043720691,ca_urc,pgv,overall,bias
14746844,3,-0.00621287448443178,ca_urc,pgv,overall,bias
14749860,3,-0.17984260525905704,ca_urc,pgv,overall,bias
10930061,53,-0.3059013131247619,ca_urc,pgv,overall,bias
11129826,15,-0.6171933383391209,ca_urc,pgv,overall,bias
15198929,4,-0.32085947516675584,ca_urc,pgv,overall,bias
15199065,4,-0.12539487536771973,ca_urc,pgv,overall,bias
15199441,4,0.01623287571652529,ca_urc,pgv,overall,bias
15199497,4,0.025979534986593444,ca_urc,pgv,overall,bias
15199577,4,-0.46848601284167046,ca_urc,pgv,overall,bias
15199593,4,-0.7313974544560383,ca_urc,pgv,overall,bias
15199601,4,-0.22791089707726003,ca_urc,pgv,overall,bias
15199657,4,-0.03258008940477898,ca_urc,pgv,overall,bias
15199681,4,-1.0489480877462882,ca_urc,pgv,overall,bias
15199689,4,-0.2537160351150311,ca_urc,pgv,overall,bias
15199721,4,-0.29442491280828975,ca_urc,pgv,overall,bias
15199729,4,-0.10372945460542045,ca_urc,pgv,overall,bias
15199745,4,-0.048384937735697776,ca_urc,pgv,overall,bias
15199785,4,0.035442304476472314,ca_urc,pgv,overall,bias
15199865,4,-0.273083841858528,ca_urc,pgv,overall,bias
15199969,4,0.013015846358894847,ca_urc,pgv,overall,bias
15200001,4,0.1151796946253971,ca_urc,pgv,overall,bias
15200033,4,-0.09528805354799298,ca_urc,pgv,overall,bias
15200161,4,-0.04407731414306798,ca_urc,pgv,overall,bias
15200401,4,-0.7844925762983941,ca_urc,pgv,overall,bias
15200449,4,0.2833446971743509,ca_urc,pgv,overall,bias
15200489,4,-0.2788388301938494,ca_urc,pgv,overall,bias
15200513,4,-0.04153993105226306,ca_urc,pgv,overall,bias
15200593,4,0.03692931594638823,ca_urc,pgv,overall,bias
15200601,4,-0.2768262822639166,ca_urc,pgv,overall,bias
15200753,4,0.06499204458571069,ca_urc,pgv,overall,bias
15200921,4,-0.11559973133322995,ca_urc,pgv,overall,bias
15201057,4,0.009794021550606052,ca_urc,pgv,overall,bias
15201145,4,-0.06445378878408464,ca_urc,pgv,overall,bias
15201241,4,-0.06822979497780492,ca_urc,pgv,overall,bias
15201249,4,-0.0780343455348002,ca_urc,pgv,overall,bias
15201297,4,-0.4375783013411512,ca_urc,pgv,overall,bias
15201537,4,-0.93703218208614,ca_urc,pgv,overall,bias
15201553,4,0.21068192500630314,ca_urc,pgv,overall,bias
15201617,4,-0.08072973345021164,ca_urc,pgv,overall,bias
15201697,4,-0.003101494041584376,ca_urc,pgv,overall,bias
15201961,4,-0.03881916131571689,ca_urc,pgv,overall,bias
15202401,4,-0.04746778319545013,ca_urc,pgv,overall,bias
15202465,4,0.016040188937331418,ca_urc,pgv,overall,bias
15202921,4,-0.7555875390269209,ca_urc,pgv,overall,bias
15203033,4,-0.5383058653838216,ca_urc,pgv,overall,bias
15203249,4,-0.07731318533356854,ca_urc,pgv,overall,bias
15203401,4,-0.00799037888559008,ca_urc,pgv,overall,bias
15204369,4,-0.1791622669555241,ca_urc,pgv,overall,bias
15204969,4,-0.4037145800446188,ca_urc,pgv,overall,bias
15205377,4,-0.146014530051929,ca_urc,pgv,overall,bias
15208857,4,-0.10512429959303222,ca_urc,pgv,overall,bias
37700544,289,0.27106283620315313,ca_urc,pgv,overall,bias
37382677,289,-0.11964409343542877,ca_urc,pgv,overall,bias
37382749,289,-0.09164765232460233,ca_urc,pgv,overall,bias
37701512,289,-0.0284988341933938,ca_urc,pgv,overall,bias
37701552,289,0.34836064917253784,ca_urc,pgv,overall,bias
37701856,289,0.05051114018049406,ca_urc,pgv,overall,bias
37707792,289,0.12098656778481214,ca_urc,pgv,overall,bias
37775048,97,-0.007298680546669556,ca_urc,pgv,overall,bias
37775056,97,0.16108269174049822,ca_urc,pgv,overall,bias
37775296,97,-0.33353281154464165,ca_urc,pgv,overall,bias
37775304,97,0.13482226457406088,ca_urc,pgv,overall,bias
37775432,97,-0.14659595057311245,ca_urc,pgv,overall,bias
37775504,97,-0.27384833240712936,ca_urc,pgv,overall,bias
37775608,97,-0.1244979773146491,ca_urc,pgv,overall,bias
37776080,97,-0.005487879863618399,ca_urc,pgv,overall,bias
37776336,97,0.04670407500842043,ca_urc,pgv,overall,bias
38354928,13,-0.01052549529430924,ca_urc,pgv,overall,bias
38138175,13,-0.8739025579653357,ca_urc,pgv,overall,bias
38138183,13,-0.06700172402653548,ca_urc,pgv,overall,bias
38138415,13,-0.16694723632644318,ca_urc,pgv,overall,bias
38138431,13,-0.085935872423317,ca_urc,pgv,overall,bias
39090087,39,0.21360494924731524,ca_urc,pgv,overall,bias
39111991,39,-0.1933854498127269,ca_urc,pgv,overall,bias
39141103,39,0.23661634229957476,ca_urc,pgv,overall,bias
39395080,39,-0.23469137229997217,ca_urc,pgv,overall,bias
39395096,39,-0.1353699810036866,ca_urc,pgv,overall,bias
39462672,40,-0.023282071673400902,ca_urc,pgv,overall,bias
39462744,40,0.12119136562264429,ca_urc,pgv,overall,bias
39462768,40,0.05768936798363291,ca_urc,pgv,overall,bias
39463040,40,-0.0223430653807899,ca_urc,pgv,overall,bias
39463304,40,0.3094498129964013,ca_urc,pgv,overall,bias
39463528,40,-0.11867781586991635,ca_urc,pgv,overall,bias
39464360,40,-0.3834208116777788,ca_urc,pgv,overall,bias
39469848,40,-0.5681569972568582,ca_urc,pgv,overall,bias
40675215,11,-1.27221729833703,ca_urc,pgv,overall,bias
40675231,11,-0.26476349448150766,ca_urc,pgv,overall,bias
40865192,19,-0.3438962249826063,ca_urc,pgv,overall,bias
37679332,19,0.09060329770497459,ca_urc,pgv,overall,bias
37679660,19,0.051411519996308885,ca_urc,pgv,overall,bias
40865216,19,-0.9228590672398986,ca_urc,pgv,overall,bias
40865232,19,-0.0836074899205351,ca_urc,pgv,overall,bias
40865248,19,0.3510295391607397,ca_urc,pgv,overall,bias
40865280,19,0.1305701641817038,ca_urc,pgv,overall,bias
40866368,19,0.10396527367796422,ca_urc,pgv,overall,bias
40866688,19,0.2120258171578671,ca_urc,pgv,overall,bias
40868176,19,-0.04162555531276691,ca_urc,pgv,overall,bias
40868336,19,-0.06615355214193883,ca_urc,pgv,overall,bias
40869240,19,0.04838433943659385,ca_urc,pgv,overall,bias
40869472,19,0.27560365822979016,ca_urc,pgv,overall,bias
14733516,3,-0.9603592682361981,ca_urc,pgv,high_motion_tail,bias
14749860,3,-0.6316009460226786,ca_urc,pgv,high_motion_tail,bias
10930061,53,-1.0739943426686187,ca_urc,pgv,high_motion_tail,bias
11129826,15,-0.8737067419653796,ca_urc,pgv,high_motion_tail,bias
15198929,4,-0.8452566994109219,ca_urc,pgv,high_motion_tail,bias
15199065,4,-0.6826986383397187,ca_urc,pgv,high_motion_tail,bias
15199577,4,-1.0242866672540578,ca_urc,pgv,high_motion_tail,bias
15199593,4,-1.1482357244788757,ca_urc,pgv,high_motion_tail,bias
15199601,4,-0.5623611010699964,ca_urc,pgv,high_motion_tail,bias
15199657,4,-0.4746822587329791,ca_urc,pgv,high_motion_tail,bias
15199681,4,-1.2101920205229486,ca_urc,pgv,high_motion_tail,bias
15199689,4,-0.4546639509442409,ca_urc,pgv,high_motion_tail,bias
15199721,4,-0.7110402893904455,ca_urc,pgv,high_motion_tail,bias
15199785,4,-0.31445004296761425,ca_urc,pgv,high_motion_tail,bias
15199865,4,-0.8003320629043666,ca_urc,pgv,high_motion_tail,bias
15199969,4,-0.4860049746075674,ca_urc,pgv,high_motion_tail,bias
15200001,4,-0.3652832974419029,ca_urc,pgv,high_motion_tail,bias
15200033,4,-1.0106845226007948,ca_urc,pgv,high_motion_tail,bias
15200161,4,-0.8659201214587888,ca_urc,pgv,high_motion_tail,bias
15200401,4,-0.8952142605884271,ca_urc,pgv,high_motion_tail,bias
15200449,4,-0.3832974620396936,ca_urc,pgv,high_motion_tail,bias
15200489,4,-0.6018524654424758,ca_urc,pgv,high_motion_tail,bias
15200513,4,-0.44750963306984876,ca_urc,pgv,high_motion_tail,bias
15200593,4,-0.4664944096953567,ca_urc,pgv,high_motion_tail,bias
15200601,4,-0.722935053410942,ca_urc,pgv,high_motion_tail,bias
15201145,4,-0.7866026947902238,ca_urc,pgv,high_motion_tail,bias
15201241,4,-0.6086922577380133,ca_urc,pgv,high_motion_tail,bias
15201297,4,-0.9268580895997769,ca_urc,pgv,high_motion_tail,bias
15201537,4,-1.336250128989795,ca_urc,pgv,high_motion_tail,bias
15201617,4,-0.6680278978728253,ca_urc,pgv,high_motion_tail,bias
15201961,4,-0.7616226110006051,ca_urc,pgv,high_motion_tail,bias
15202465,4,-0.7908617296610072,ca_urc,pgv,high_motion_tail,bias
15202921,4,-1.0891076849975376,ca_urc,pgv,high_motion_tail,bias
15203249,4,-1.2736798444217619,ca_urc,pgv,high_motion_tail,bias
15203401,4,-0.9254480431516603,ca_urc,pgv,high_motion_tail,bias
15204369,4,-0.8738109853052602,ca_urc,pgv,high_motion_tail,bias
15204969,4,-0.9276738093499323,ca_urc,pgv,high_motion_tail,bias
15205377,4,-0.7383091457572646,ca_urc,pgv,high_motion_tail,bias
37382677,289,-1.252407639077103,ca_urc,pgv,high_motion_tail,bias
37382749,289,-0.3892060002396529,ca_urc,pgv,high_motion_tail,bias
37701512,289,-0.5321747100701297,ca_urc,pgv,high_motion_tail,bias
37701552,289,0.06091786535049079,ca_urc,pgv,high_motion_tail,bias
37775048,97,-0.8294220005808496,ca_urc,pgv,high_motion_tail,bias
37775056,97,-0.22649415188083244,ca_urc,pgv,high_motion_tail,bias
37775296,97,-0.9181541959297258,ca_urc,pgv,high_motion_tail,bias
37775432,97,-0.8160308856316678,ca_urc,pgv,high_motion_tail,bias
37775504,97,-0.597079796168988,ca_urc,pgv,high_motion_tail,bias
37775608,97,-1.06501789131927,ca_urc,pgv,high_motion_tail,bias
37776080,97,-0.7604491077130273,ca_urc,pgv,high_motion_tail,bias
37776336,97,-0.27034465087914406,ca_urc,pgv,high_motion_tail,bias
38354928,13,-1.4048227051013908,ca_urc,pgv,high_motion_tail,bias
38138175,13,-1.06833817524827,ca_urc,pgv,high_motion_tail,bias
38138183,13,-1.437451453910823,ca_urc,pgv,high_motion_tail,bias
38138415,13,-1.6428382099079863,ca_urc,pgv,high_motion_tail,bias
38138431,13,-1.6900132014040743,ca_urc,pgv,high_motion_tail,bias
39111991,39,-0.4426978037099998,ca_urc,pgv,high_motion_tail,bias
39395080,39,-1.330221424547266,ca_urc,pgv,high_motion_tail,bias
39462672,40,-0.6954740923865068,ca_urc,pgv,high_motion_tail,bias
39464360,40,-0.6779472037689035,ca_urc,pgv,high_motion_tail,bias
39469848,40,-0.9170002047845145,ca_urc,pgv,high_motion_tail,bias
40675215,11,-1.2901371063008626,ca_urc,pgv,high_motion_tail,bias
40675231,11,-0.9696615100388439,ca_urc,pgv,high_motion_tail,bias
40865192,19,-0.4155898874941082,ca_urc,pgv,high_motion_tail,bias
37679332,19,-0.5351850276823988,ca_urc,pgv,high_motion_tail,bias
40865216,19,-1.237616134127269,ca_urc,pgv,high_motion_tail,bias
40865232,19,-0.6098756541102701,ca_urc,pgv,high_motion_tail,bias
40865280,19,-1.016984300411477,ca_urc,pgv,high_motion_tail,bias
40866688,19,-1.058582442935064,ca_urc,pgv,high_motion_tail,bias
40868176,19,-1.2251054101373005,ca_urc,pgv,high_motion_tail,bias
40869240,19,-0.8968921907572901,ca_urc,pgv,high_motion_tail,bias
40869472,19,-1.5043928143647713,ca_urc,pgv,high_motion_tail,bias
14724004,68,0.65,ca_urc,pgv,overall,factor2
14733516,3,0.25,ca_urc,pgv,overall,factor2
14746844,3,0.79,ca_urc,pgv,overall,factor2
14749860,3,0.58,ca_urc,pgv,overall,factor2
10930061,53,0.515,ca_urc,pgv,overall,factor2
11129826,15,0.25,ca_urc,pgv,overall,factor2
15198929,4,0.5599999999999999,ca_urc,pgv,overall,factor2
15199065,4,0.645,ca_urc,pgv,overall,factor2
15199441,4,0.735,ca_urc,pgv,overall,factor2
15199497,4,0.795,ca_urc,pgv,overall,factor2
15199577,4,0.35500000000000004,ca_urc,pgv,overall,factor2
15199593,4,0.085,ca_urc,pgv,overall,factor2
15199601,4,0.44000000000000006,ca_urc,pgv,overall,factor2
15199657,4,0.6799999999999999,ca_urc,pgv,overall,factor2
15199681,4,0.08,ca_urc,pgv,overall,factor2
15199689,4,0.485,ca_urc,pgv,overall,factor2
15199721,4,0.465,ca_urc,pgv,overall,factor2
15199729,4,0.625,ca_urc,pgv,overall,factor2
15199745,4,0.79,ca_urc,pgv,overall,factor2
15199785,4,0.76,ca_urc,pgv,overall,factor2
15199865,4,0.5900000000000001,ca_urc,pgv,overall,factor2
15199969,4,0.73,ca_urc,pgv,overall,factor2
15200001,4,0.67,ca_urc,pgv,overall,factor2
15200033,4,0.6799999999999999,ca_urc,pgv,overall,factor2
15200161,4,0.705,ca_urc,pgv,overall,factor2
15200401,4,0.11000000000000001,ca_urc,pgv,overall,factor2
15200449,4,0.465,ca_urc,pgv,overall,factor2
15200489,4,0.49000000000000005,ca_urc,pgv,overall,factor2
15200513,4,0.735,ca_urc,pgv,overall,factor2
15200593,4,0.775,ca_urc,pgv,overall,factor2
15200601,4,0.5549999999999999,ca_urc,pgv,overall,factor2
15200753,4,0.735,ca_urc,pgv,overall,factor2
15200921,4,0.6849999999999999,ca_urc,pgv,overall,factor2
15201057,4,0.73,ca_urc,pgv,overall,factor2
15201145,4,0.715,ca_urc,pgv,overall,factor2
15201241,4,0.755,ca_urc,pgv,overall,factor2
15201249,4,0.76,ca_urc,pgv,overall,factor2
15201297,4,0.355,ca_urc,pgv,overall,factor2
15201537,4,0.065,ca_urc,pgv,overall,factor2
15201553,4,0.495,ca_urc,pgv,overall,factor2
15201617,4,0.755,ca_urc,pgv,overall,factor2
15201697,4,0.75,ca_urc,pgv,overall,factor2
15201961,4,0.8,ca_urc,pgv,overall,factor2
15202401,4,0.8,ca_urc,pgv,overall,factor2
15202465,4,0.7849999999999999,ca_urc,pgv,overall,factor2
15202921,4,0.195,ca_urc,pgv,overall,factor2
15203033,4,0.11500000000000002,ca_urc,pgv,overall,factor2
15203249,4,0.665,ca_urc,pgv,overall,factor2
15203401,4,0.725,ca_urc,pgv,overall,factor2
15204369,4,0.55,ca_urc,pgv,overall,factor2
15204969,4,0.37,ca_urc,pgv,overall,factor2
15205377,4,0.675,ca_urc,pgv,overall,factor2
15208857,4,0.74,ca_urc,pgv,overall,factor2
37700544,289,0.495,ca_urc,pgv,overall,factor2
37382677,289,0.665,ca_urc,pgv,overall,factor2
37382749,289,0.5900000000000001,ca_urc,pgv,overall,factor2
37701512,289,0.6399999999999999,ca_urc,pgv,overall,factor2
37701552,289,0.515,ca_urc,pgv,overall,factor2
37701856,289,0.65,ca_urc,pgv,overall,factor2
37707792,289,0.55,ca_urc,pgv,overall,factor2
37775048,97,0.64,ca_urc,pgv,overall,factor2
37775056,97,0.54,ca_urc,pgv,overall,factor2
37775296,97,0.475,ca_urc,pgv,overall,factor2
37775304,97,0.43,ca_urc,pgv,overall,factor2
37775432,97,0.645,ca_urc,pgv,overall,factor2
37775504,97,0.43499999999999994,ca_urc,pgv,overall,factor2
37775608,97,0.7150000000000001,ca_urc,pgv,overall,factor2
37776080,97,0.67,ca_urc,pgv,overall,factor2
37776336,97,0.64,ca_urc,pgv,overall,factor2
38354928,13,0.63,ca_urc,pgv,overall,factor2
38138175,13,0.04,ca_urc,pgv,overall,factor2
38138183,13,0.445,ca_urc,pgv,overall,factor2
38138415,13,0.675,ca_urc,pgv,overall,factor2
38138431,13,0.6900000000000001,ca_urc,pgv,overall,factor2
39090087,39,0.4,ca_urc,pgv,overall,factor2
39111991,39,0.61,ca_urc,pgv,overall,factor2
39141103,39,0.47000000000000003,ca_urc,pgv,overall,factor2
39395080,39,0.575,ca_urc,pgv,overall,factor2
39395096,39,0.635,ca_urc,pgv,overall,factor2
39462672,40,0.6849999999999999,ca_urc,pgv,overall,factor2
39462744,40,0.625,ca_urc,pgv,overall,factor2
39462768,40,0.675,ca_urc,pgv,overall,factor2
39463040,40,0.5650000000000001,ca_urc,pgv,overall,factor2
39463304,40,0.41500000000000004,ca_urc,pgv,overall,factor2
39463528,40,0.575,ca_urc,pgv,overall,factor2
39464360,40,0.38,ca_urc,pgv,overall,factor2
39469848,40,0.165,ca_urc,pgv,overall,factor2
40675215,11,0.005,ca_urc,pgv,overall,factor2
40675231,11,0.58,ca_urc,pgv,overall,factor2
40865192,19,0.345,ca_urc,pgv,overall,factor2
37679332,19,0.51,ca_urc,pgv,overall,factor2
37679660,19,0.58,ca_urc,pgv,overall,factor2
40865216,19,0.030000000000000006,ca_urc,pgv,overall,factor2
40865232,19,0.58,ca_urc,pgv,overall,factor2
40865248,19,0.36,ca_urc,pgv,overall,factor2
40865280,19,0.515,ca_urc,pgv,overall,factor2
40866368,19,0.755,ca_urc,pgv,overall,factor2
40866688,19,0.51,ca_urc,pgv,overall,factor2
40868176,19,0.655,ca_urc,pgv,overall,factor2
40868336,19,0.7,ca_urc,pgv,overall,factor2
40869240,19,0.475,ca_urc,pgv,overall,factor2
40869472,19,0.52,ca_urc,pgv,overall,factor2
14733516,3,0.0,ca_urc,pgv,high_motion_tail,factor2
14749860,3,0.0,ca_urc,pgv,high_motion_tail,factor2
10930061,53,0.0,ca_urc,pgv,high_motion_tail,factor2
11129826,15,0.1388888888888889,ca_urc,pgv,high_motion_tail,factor2
15198929,4,0.0,ca_urc,pgv,high_motion_tail,factor2
15199065,4,0.0,ca_urc,pgv,high_motion_tail,factor2
15199577,4,0.0,ca_urc,pgv,high_motion_tail,factor2
15199593,4,0.0,ca_urc,pgv,high_motion_tail,factor2
15199601,4,0.25,ca_urc,pgv,high_motion_tail,factor2
15199657,4,0.0,ca_urc,pgv,high_motion_tail,factor2
15199681,4,0.0251984126984127,ca_urc,pgv,high_motion_tail,factor2
15199689,4,0.24329573934837093,ca_urc,pgv,high_motion_tail,factor2
15199721,4,0.0,ca_urc,pgv,high_motion_tail,factor2
15199785,4,0.0,ca_urc,pgv,high_motion_tail,factor2
15199865,4,0.0,ca_urc,pgv,high_motion_tail,factor2
15199969,4,0.0,ca_urc,pgv,high_motion_tail,factor2
15200001,4,0.0,ca_urc,pgv,high_motion_tail,factor2
15200033,4,0.0,ca_urc,pgv,high_motion_tail,factor2
15200161,4,0.0,ca_urc,pgv,high_motion_tail,factor2
15200401,4,0.05744047619047619,ca_urc,pgv,high_motion_tail,factor2
15200449,4,0.5,ca_urc,pgv,high_motion_tail,factor2
15200489,4,0.15,ca_urc,pgv,high_motion_tail,factor2
15200513,4,0.0,ca_urc,pgv,high_motion_tail,factor2
15200593,4,0.0,ca_urc,pgv,high_motion_tail,factor2
15200601,4,0.0,ca_urc,pgv,high_motion_tail,factor2
15201145,4,0.0,ca_urc,pgv,high_motion_tail,factor2
15201241,4,0.0,ca_urc,pgv,high_motion_tail,factor2
15201297,4,0.0,ca_urc,pgv,high_motion_tail,factor2
15201537,4,0.0,ca_urc,pgv,high_motion_tail,factor2
15201617,4,0.0,ca_urc,pgv,high_motion_tail,factor2
15201961,4,0.0,ca_urc,pgv,high_motion_tail,factor2
15202465,4,0.0,ca_urc,pgv,high_motion_tail,factor2
15202921,4,0.05,ca_urc,pgv,high_motion_tail,factor2
15203249,4,0.0,ca_urc,pgv,high_motion_tail,factor2
15203401,4,0.0,ca_urc,pgv,high_motion_tail,factor2
15204369,4,0.2,ca_urc,pgv,high_motion_tail,factor2
15204969,4,0.041666666666666664,ca_urc,pgv,high_motion_tail,factor2
15205377,4,0.0,ca_urc,pgv,high_motion_tail,factor2
37382677,289,0.0,ca_urc,pgv,high_motion_tail,factor2
37382749,289,0.0,ca_urc,pgv,high_motion_tail,factor2
37701512,289,0.2,ca_urc,pgv,high_motion_tail,factor2
37701552,289,0.9743589743589743,ca_urc,pgv,high_motion_tail,factor2
37775048,97,0.0,ca_urc,pgv,high_motion_tail,factor2
37775056,97,0.75,ca_urc,pgv,high_motion_tail,factor2
37775296,97,0.0,ca_urc,pgv,high_motion_tail,factor2
37775432,97,0.0,ca_urc,pgv,high_motion_tail,factor2
37775504,97,0.09090909090909091,ca_urc,pgv,high_motion_tail,factor2
37775608,97,0.0,ca_urc,pgv,high_motion_tail,factor2
37776080,97,0.0,ca_urc,pgv,high_motion_tail,factor2
37776336,97,1.0,ca_urc,pgv,high_motion_tail,factor2
38354928,13,0.0,ca_urc,pgv,high_motion_tail,factor2
38138175,13,0.0,ca_urc,pgv,high_motion_tail,factor2
38138183,13,0.0,ca_urc,pgv,high_motion_tail,factor2
38138415,13,0.0,ca_urc,pgv,high_motion_tail,factor2
38138431,13,0.0,ca_urc,pgv,high_motion_tail,factor2
39111991,39,0.17857142857142858,ca_urc,pgv,high_motion_tail,factor2
39395080,39,0.0,ca_urc,pgv,high_motion_tail,factor2
39462672,40,0.0,ca_urc,pgv,high_motion_tail,factor2
39464360,40,0.0,ca_urc,pgv,high_motion_tail,factor2
39469848,40,0.0,ca_urc,pgv,high_motion_tail,factor2
40675215,11,0.0,ca_urc,pgv,high_motion_tail,factor2
40675231,11,0.0,ca_urc,pgv,high_motion_tail,factor2
40865192,19,0.29781746031746026,ca_urc,pgv,high_motion_tail,factor2
37679332,19,0.23809523809523808,ca_urc,pgv,high_motion_tail,factor2
40865216,19,0.0,ca_urc,pgv,high_motion_tail,factor2
40865232,19,0.0,ca_urc,pgv,high_motion_tail,factor2
40865280,19,0.0,ca_urc,pgv,high_motion_tail,factor2
40866688,19,0.0,ca_urc,pgv,high_motion_tail,factor2
40868176,19,0.0,ca_urc,pgv,high_motion_tail,factor2
40869240,19,0.16666666666666666,ca_urc,pgv,high_motion_tail,factor2
40869472,19,0.0,ca_urc,pgv,high_motion_tail,factor2
14724004,68,0.0,ca_urc,pgv,overall,under05
14733516,3,0.55,ca_urc,pgv,overall,under05
14746844,3,0.015000000000000003,ca_urc,pgv,overall,under05
14749860,3,0.135,ca_urc,pgv,overall,under05
10930061,53,0.195,ca_urc,pgv,overall,under05
11129826,15,0.6,ca_urc,pgv,overall,under05
15198929,4,0.25,ca_urc,pgv,overall,under05
15199065,4,0.11500000000000002,ca_urc,pgv,overall,under05
15199441,4,0.035,ca_urc,pgv,overall,under05
15199497,4,0.045,ca_urc,pgv,overall,under05
15199577,4,0.41500000000000004,ca_urc,pgv,overall,under05
15199593,4,0.775,ca_urc,pgv,overall,under05
15199601,4,0.26,ca_urc,pgv,overall,under05
15199657,4,0.095,ca_urc,pgv,overall,under05
15199681,4,0.82,ca_urc,pgv,overall,under05
15199689,4,0.27,ca_urc,pgv,overall,under05
15199721,4,0.27,ca_urc,pgv,overall,under05
15199729,4,0.13,ca_urc,pgv,overall,under05
15199745,4,0.04,ca_urc,pgv,overall,under05
15199785,4,0.02,ca_urc,pgv,overall,under05
15199865,4,0.195,ca_urc,pgv,overall,under05
15199969,4,0.075,ca_urc,pgv,overall,under05
15200001,4,0.015000000000000003,ca_urc,pgv,overall,under05
15200033,4,0.11500000000000002,ca_urc,pgv,overall,under05
15200161,4,0.085,ca_urc,pgv,overall,under05
15200401,4,0.795,ca_urc,pgv,overall,under05
15200449,4,0.03,ca_urc,pgv,overall,under05
15200489,4,0.265,ca_urc,pgv,overall,under05
15200513,4,0.030000000000000006,ca_urc,pgv,overall,under05
15200593,4,0.02,ca_urc,pgv,overall,under05
15200601,4,0.24500000000000002,ca_urc,pgv,overall,under05
15200753,4,0.030000000000000006,ca_urc,pgv,overall,under05
15200921,4,0.065,ca_urc,pgv,overall,under05
15201057,4,0.05,ca_urc,pgv,overall,under05
15201145,4,0.095,ca_urc,pgv,overall,under05
15201241,4,0.1,ca_urc,pgv,overall,under05
15201249,4,0.035,ca_urc,pgv,overall,under05
15201297,4,0.40499999999999997,ca_urc,pgv,overall,under05
15201537,4,0.8550000000000001,ca_urc,pgv,overall,under05
15201553,4,0.035,ca_urc,pgv,overall,under05
15201617,4,0.08499999999999999,ca_urc,pgv,overall,under05
15201697,4,0.06000000000000001,ca_urc,pgv,overall,under05
15201961,4,0.065,ca_urc,pgv,overall,under05
15202401,4,0.04,ca_urc,pgv,overall,under05
15202465,4,0.04,ca_urc,pgv,overall,under05
15202921,4,0.665,ca_urc,pgv,overall,under05
15203033,4,0.5349999999999999,ca_urc,pgv,overall,under05
15203249,4,0.11499999999999999,ca_urc,pgv,overall,under05
15203401,4,0.07,ca_urc,pgv,overall,under05
15204369,4,0.18,ca_urc,pgv,overall,under05
15204969,4,0.425,ca_urc,pgv,overall,under05
15205377,4,0.125,ca_urc,pgv,overall,under05
15208857,4,0.085,ca_urc,pgv,overall,under05
37700544,289,0.035,ca_urc,pgv,overall,under05
37382677,289,0.10500000000000001,ca_urc,pgv,overall,under05
37382749,289,0.11500000000000002,ca_urc,pgv,overall,under05
37701512,289,0.095,ca_urc,pgv,overall,under05
37701552,289,0.015000000000000003,ca_urc,pgv,overall,under05
37701856,289,0.08,ca_urc,pgv,overall,under05
37707792,289,0.05500000000000001,ca_urc,pgv,overall,under05
37775048,97,0.075,ca_urc,pgv,overall,under05
37775056,97,0.04,ca_urc,pgv,overall,under05
37775296,97,0.32999999999999996,ca_urc,pgv,overall,under05
37775304,97,0.07,ca_urc,pgv,overall,under05
37775432,97,0.12000000000000002,ca_urc,pgv,overall,under05
37775504,97,0.295,ca_urc,pgv,overall,under05
37775608,97,0.1,ca_urc,pgv,overall,under05
37776080,97,0.075,ca_urc,pgv,overall,under05
37776336,97,0.06,ca_urc,pgv,overall,under05
38354928,13,0.1,ca_urc,pgv,overall,under05
38138175,13,0.86,ca_urc,pgv,overall,under05
38138183,13,0.21000000000000002,ca_urc,pgv,overall,under05
38138415,13,0.125,ca_urc,pgv,overall,under05
38138431,13,0.125,ca_urc,pgv,overall,under05
39090087,39,0.045,ca_urc,pgv,overall,under05
39111991,39,0.09,ca_urc,pgv,overall,under05
39141103,39,0.035,ca_urc,pgv,overall,under05
39395080,39,0.10500000000000001,ca_urc,pgv,overall,under05
39395096,39,0.11500000000000002,ca_urc,pgv,overall,under05
39462672,40,0.045,ca_urc,pgv,overall,under05
39462744,40,0.045,ca_urc,pgv,overall,under05
39462768,40,0.015000000000000003,ca_urc,pgv,overall,under05
39463040,40,0.085,ca_urc,pgv,overall,under05
39463304,40,0.02,ca_urc,pgv,overall,under05
39463528,40,0.10500000000000001,ca_urc,pgv,overall,under05
39464360,40,0.40499999999999997,ca_urc,pgv,overall,under05
39469848,40,0.615,ca_urc,pgv,overall,under05
40675215,11,0.99,ca_urc,pgv,overall,under05
40675231,11,0.17,ca_urc,pgv,overall,under05
40865192,19,0.36,ca_urc,pgv,overall,under05
37679332,19,0.11499999999999999,ca_urc,pgv,overall,under05
37679660,19,0.075,ca_urc,pgv,overall,under05
40865216,19,0.9,ca_urc,pgv,overall,under05
40865232,19,0.15,ca_urc,pgv,overall,under05
40865248,19,0.015000000000000003,ca_urc,pgv,overall,under05
40865280,19,0.065,ca_urc,pgv,overall,under05
40866368,19,0.015000000000000003,ca_urc,pgv,overall,under05
40866688,19,0.035,ca_urc,pgv,overall,under05
40868176,19,0.10500000000000001,ca_urc,pgv,overall,under05
40868336,19,0.11499999999999999,ca_urc,pgv,overall,under05
40869240,19,0.12,ca_urc,pgv,overall,under05
40869472,19,0.04,ca_urc,pgv,overall,under05
14733516,3,1.0,ca_urc,pgv,high_motion_tail,under05
14749860,3,1.0,ca_urc,pgv,high_motion_tail,under05
10930061,53,1.0,ca_urc,pgv,high_motion_tail,under05
11129826,15,0.787037037037037,ca_urc,pgv,high_motion_tail,under05
15198929,4,1.0,ca_urc,pgv,high_motion_tail,under05
15199065,4,1.0,ca_urc,pgv,high_motion_tail,under05
15199577,4,0.9615384615384616,ca_urc,pgv,high_motion_tail,under05
15199593,4,0.9705882352941176,ca_urc,pgv,high_motion_tail,under05
15199601,4,0.6666666666666666,ca_urc,pgv,high_motion_tail,under05
15199657,4,0.5,ca_urc,pgv,high_motion_tail,under05
15199681,4,0.9109126984126984,ca_urc,pgv,high_motion_tail,under05
15199689,4,0.48765664160401007,ca_urc,pgv,high_motion_tail,under05
15199721,4,0.925925925925926,ca_urc,pgv,high_motion_tail,under05
15199785,4,0.0,ca_urc,pgv,high_motion_tail,under05
15199865,4,1.0,ca_urc,pgv,high_motion_tail,under05
15199969,4,0.0,ca_urc,pgv,high_motion_tail,under05
15200001,4,0.0,ca_urc,pgv,high_motion_tail,under05
15200033,4,1.0,ca_urc,pgv,high_motion_tail,under05
15200161,4,1.0,ca_urc,pgv,high_motion_tail,under05
15200401,4,0.8811507936507936,ca_urc,pgv,high_motion_tail,under05
15200449,4,0.5,ca_urc,pgv,high_motion_tail,under05
15200489,4,0.8,ca_urc,pgv,high_motion_tail,under05
15200513,4,0.16666666666666666,ca_urc,pgv,high_motion_tail,under05
15200593,4,0.0,ca_urc,pgv,high_motion_tail,under05
15200601,4,0.75,ca_urc,pgv,high_motion_tail,under05
15201145,4,1.0,ca_urc,pgv,high_motion_tail,under05
15201241,4,1.0,ca_urc,pgv,high_motion_tail,under05
15201297,4,1.0,ca_urc,pgv,high_motion_tail,under05
15201537,4,1.0,ca_urc,pgv,high_motion_tail,under05
15201617,4,1.0,ca_urc,pgv,high_motion_tail,under05
15201961,4,1.0,ca_urc,pgv,high_motion_tail,under05
15202465,4,1.0,ca_urc,pgv,high_motion_tail,under05
15202921,4,0.9375,ca_urc,pgv,high_motion_tail,under05
15203249,4,1.0,ca_urc,pgv,high_motion_tail,under05
15203401,4,1.0,ca_urc,pgv,high_motion_tail,under05
15204369,4,0.6,ca_urc,pgv,high_motion_tail,under05
15204969,4,0.9583333333333334,ca_urc,pgv,high_motion_tail,under05
15205377,4,0.6666666666666666,ca_urc,pgv,high_motion_tail,under05
37382677,289,1.0,ca_urc,pgv,high_motion_tail,under05
37382749,289,0.0,ca_urc,pgv,high_motion_tail,under05
37701512,289,0.4,ca_urc,pgv,high_motion_tail,under05
37701552,289,0.0,ca_urc,pgv,high_motion_tail,under05
37775048,97,0.75,ca_urc,pgv,high_motion_tail,under05
37775056,97,0.0,ca_urc,pgv,high_motion_tail,under05
37775296,97,1.0,ca_urc,pgv,high_motion_tail,under05
37775432,97,1.0,ca_urc,pgv,high_motion_tail,under05
37775504,97,0.7272727272727273,ca_urc,pgv,high_motion_tail,under05
37775608,97,1.0,ca_urc,pgv,high_motion_tail,under05
37776080,97,1.0,ca_urc,pgv,high_motion_tail,under05
37776336,97,0.0,ca_urc,pgv,high_motion_tail,under05
38354928,13,1.0,ca_urc,pgv,high_motion_tail,under05
38138175,13,0.9803921568627452,ca_urc,pgv,high_motion_tail,under05
38138183,13,1.0,ca_urc,pgv,high_motion_tail,under05
38138415,13,1.0,ca_urc,pgv,high_motion_tail,under05
38138431,13,1.0,ca_urc,pgv,high_motion_tail,under05
39111991,39,0.31428571428571433,ca_urc,pgv,high_motion_tail,under05
39395080,39,1.0,ca_urc,pgv,high_motion_tail,under05
39462672,40,0.5,ca_urc,pgv,high_motion_tail,under05
39464360,40,0.75,ca_urc,pgv,high_motion_tail,under05
39469848,40,0.9736842105263158,ca_urc,pgv,high_motion_tail,under05
40675215,11,0.9949999999999999,ca_urc,pgv,high_motion_tail,under05
40675231,11,1.0,ca_urc,pgv,high_motion_tail,under05
40865192,19,0.405436507936508,ca_urc,pgv,high_motion_tail,under05
37679332,19,0.5595238095238095,ca_urc,pgv,high_motion_tail,under05
40865216,19,1.0,ca_urc,pgv,high_motion_tail,under05
40865232,19,0.6666666666666666,ca_urc,pgv,high_motion_tail,under05
40865280,19,1.0,ca_urc,pgv,high_motion_tail,under05
40866688,19,1.0,ca_urc,pgv,high_motion_tail,under05
40868176,19,1.0,ca_urc,pgv,high_motion_tail,under05
40869240,19,0.8333333333333334,ca_urc,pgv,high_motion_tail,under05
40869472,19,1.0,ca_urc,pgv,high_motion_tail,under05
