variant,changed_future_sample_count,legacy_original_status,legacy_original_error,legacy_reconstruction_vs_archive_max_abs,prefix_raw_fingerprint_equal,prefix_input_bitwise_equal,prefix_input_max_abs_diff,prefix_transformed_max_abs_diff,prefix_audit_status,legacy_perturbed_status,legacy_input_max_abs_diff,legacy_transformed_max_abs_diff,event_id,station_id,station_index
scale2,22896,ok,,0.0,True,True,0.0,0.0,pass,ok,0.06678983138408512,4.639805018901825,14566876,CI.DRE.--,0
deterministic_noise,22896,ok,,0.0,True,True,0.0,0.0,pass,ok,0.06678136868868023,4.576391100883484,14566876,CI.DRE.--,0
scale2,22896,ok,,0.0,True,True,0.0,0.0,pass,ok,0.08482001165612019,4.406115140765905,14566876,CI.WES.--,1
deterministic_noise,22896,ok,,0.0,True,True,0.0,0.0,pass,ok,0.08482162465588772,4.498407755047083,14566876,CI.WES.--,1
scale2,22793,ok,,0.0,True,True,0.0,0.0,pass,ok,0.0890908221481368,5.8055689334869385,14568124,CI.OLP.--,0
deterministic_noise,22793,ok,,0.0,True,True,0.0,0.0,pass,ok,0.0891204719664529,5.600685358047485,14568124,CI.OLP.--,0
scale2,18237,ok,,0.0,True,True,0.0,0.0,pass,ok,0.09536029456648976,5.5628461837768555,14568124,CI.BAR.--,1
deterministic_noise,18237,ok,,0.0,True,True,0.0,0.0,pass,ok,0.09529408009257168,5.735047221183777,14568124,CI.BAR.--,1
scale2,24606,ok,,0.0,True,True,0.0,0.0,pass,ok,0.08638181572314352,5.9176552295684814,14568516,CI.CLC.--,0
deterministic_noise,24606,ok,,0.0,True,True,0.0,0.0,pass,ok,0.08666043693665415,5.735398650169373,14568516,CI.CLC.--,0
scale2,24606,ok,,0.0,True,True,0.0,0.0,pass,ok,0.30392179322370794,7.573269367218018,14568516,CI.CCC.--,1
deterministic_noise,24606,ok,,0.0,True,True,0.0,0.0,pass,ok,0.30402525830140803,7.430562138557434,14568516,CI.CCC.--,1
scale2,24609,ok,,0.0,True,True,0.0,0.0,pass,ok,0.08633250242564827,5.078157305717468,14568532,CI.CLC.--,0
deterministic_noise,24609,ok,,0.0,True,True,0.0,0.0,pass,ok,0.08645594620611519,5.2880255579948425,14568532,CI.CLC.--,0
scale2,24609,ok,,0.0,True,True,0.0,0.0,pass,ok,0.30356659065000713,6.709381580352783,14568532,CI.CCC.--,1
deterministic_noise,24609,ok,,0.0,True,True,0.0,0.0,pass,ok,0.30361793865449727,6.699429631233215,14568532,CI.CCC.--,1
scale2,22155,ok,,0.0,True,True,0.0,0.0,pass,ok,0.10792015685001388,5.301712453365326,14570852,CI.BTC.--,0
deterministic_noise,22155,ok,,0.0,True,True,0.0,0.0,pass,ok,0.1079040672047995,5.106614291667938,14570852,CI.BTC.--,0
scale2,17724,ok,,0.0,True,True,0.0,0.0,pass,ok,0.23027295848896756,5.633788913488388,14570852,CI.GLA.--,1
deterministic_noise,17724,ok,,0.0,True,True,0.0,0.0,pass,ok,0.23024717488715396,5.51988111436367,14570852,CI.GLA.--,1
scale2,21255,ok,,0.0,True,True,0.0,0.0,pass,ok,0.084283203817904,5.945408225059509,10537093,CI.OLP.--,0
deterministic_noise,21255,ok,,0.0,True,True,0.0,0.0,pass,ok,0.08430586662143469,5.287250876426697,10537093,CI.OLP.--,0
scale2,21255,ok,,0.0,True,True,0.0,0.0,pass,ok,0.005527327302843332,0.978351354598999,10537093,CI.SDG.--,1
deterministic_noise,21255,ok,,0.0,True,True,0.0,0.0,pass,ok,0.004987255437299609,2.4655030965805054,10537093,CI.SDG.--,1
scale2,21579,ok,,0.0,True,True,0.0,0.0,pass,ok,0.0849314048391534,4.856769680976868,10537109,CI.OLP.--,0
deterministic_noise,21579,ok,,0.0,True,True,0.0,0.0,pass,ok,0.08493854706466664,4.851686775684357,10537109,CI.OLP.--,0
scale2,21579,ok,,0.0,True,True,0.0,0.0,pass,ok,0.000590769515838474,0.3222138583660126,10537109,CI.SDG.--,1
deterministic_noise,21579,ok,,0.0,True,True,0.0,0.0,pass,ok,0.000693493100698106,0.571434274315834,10537109,CI.SDG.--,1
scale2,21501,ok,,0.0,True,True,0.0,0.0,pass,ok,0.0786152329237666,4.660636693239212,14585204,CI.OLP.--,0
deterministic_noise,21501,ok,,0.0,True,True,0.0,0.0,pass,ok,0.07860256024287082,4.681320041418076,14585204,CI.OLP.--,0
scale2,21494,ok,,0.0,True,True,0.0,0.0,pass,ok,0.00032593343348708004,0.23931241035461426,14585204,CI.SDG.--,1
deterministic_noise,21498,ok,,0.0,True,True,0.0,0.0,pass,ok,0.0003726645081769675,0.34147214889526367,14585204,CI.SDG.--,1
scale2,25032,ok,,0.0,True,True,0.0,0.0,pass,ok,0.08386161550879478,6.584774494171143,10542293,CI.RXH.--,0
deterministic_noise,25032,ok,,0.0,True,True,0.0,0.0,pass,ok,0.08401838317513466,6.295154094696045,10542293,CI.RXH.--,0
scale2,25032,ok,,0.0,True,True,0.0,0.0,pass,ok,0.15916653373278677,6.388579607009888,10542293,CI.BOM.--,1
deterministic_noise,25032,ok,,0.0,True,True,0.0,0.0,pass,ok,0.1591648121830076,6.645895481109619,10542293,CI.BOM.--,1
scale2,23415,ok,,0.0,True,True,0.0,0.0,pass,ok,0.05278901132987812,6.1736366748809814,14594756,CI.DRE.--,0
deterministic_noise,23415,ok,,0.0,True,True,0.0,0.0,pass,ok,0.05264728394104168,6.084515810012817,14594756,CI.DRE.--,0
scale2,23395,ok,,0.0,True,True,0.0,0.0,pass,ok,0.08100014866795391,4.733721971511841,14594756,CI.WES.--,1
deterministic_noise,23415,ok,,0.0,True,True,0.0,0.0,pass,ok,0.08092015294823796,4.905779719352722,14594756,CI.WES.--,1
scale2,23778,ok,,0.0,True,True,0.0,0.0,pass,ok,0.0768057475797832,5.095501244068146,14595780,CI.WES.--,0
deterministic_noise,23778,ok,,0.0,True,True,0.0,0.0,pass,ok,0.07670183526352048,5.931929707527161,14595780,CI.WES.--,0
scale2,23778,ok,,0.0,True,True,0.0,0.0,pass,ok,0.06355352839455009,5.4136247634887695,14595780,CI.SWS.--,1
deterministic_noise,23778,ok,,0.0,True,True,0.0,0.0,pass,ok,0.06353100622072816,5.280429840087891,14595780,CI.SWS.--,1
scale2,23772,ok,,0.0,True,True,0.0,0.0,pass,ok,0.09723428077995777,5.069350004196167,14599396,CI.WES.--,0
deterministic_noise,23772,ok,,0.0,True,True,0.0,0.0,pass,ok,0.09728675149381161,7.665888547897339,14599396,CI.WES.--,0
scale2,23772,ok,,0.0,True,True,0.0,0.0,pass,ok,0.06339681529789232,4.569694399833679,14599396,CI.SWS.--,1
deterministic_noise,23772,ok,,0.0,True,True,0.0,0.0,pass,ok,0.06337562567205168,4.782541513442993,14599396,CI.SWS.--,1
scale2,21087,ok,,0.0,True,True,0.0,0.0,pass,ok,0.09084233891917393,4.7202432453632355,14604260,CI.OLP.--,0
deterministic_noise,21087,ok,,0.0,True,True,0.0,0.0,pass,ok,0.09084603685187176,4.61732816696167,14604260,CI.OLP.--,0
scale2,21087,ok,,0.0,True,True,0.0,0.0,pass,ok,0.0003871319713653065,0.31802914291620255,14604260,CI.SDG.--,1
deterministic_noise,21087,ok,,0.0,True,True,0.0,0.0,pass,ok,0.00042953030060743913,0.3666995093226433,14604260,CI.SDG.--,1
scale2,22131,ok,,0.0,True,True,0.0,0.0,pass,ok,0.09226569108432159,4.934170573949814,14605036,CI.GATR.--,0
deterministic_noise,22131,ok,,0.0,True,True,0.0,0.0,pass,ok,0.09228495188290253,4.916922211647034,14605036,CI.GATR.--,0
scale2,22131,ok,,0.0,True,True,0.0,0.0,pass,ok,0.09759776155260624,4.992082297801971,14605036,CI.NJQ.--,1
deterministic_noise,22131,ok,,0.0,True,True,0.0,0.0,pass,ok,0.09761137654277263,5.115914165973663,14605036,CI.NJQ.--,1
scale2,22377,ok,,0.0,True,True,0.0,0.0,pass,ok,0.05983758237562142,5.285066246986389,14605204,CI.DRE.--,0
deterministic_noise,22377,ok,,0.0,True,True,0.0,0.0,pass,ok,0.059969877038383856,5.187716484069824,14605204,CI.DRE.--,0
scale2,22377,ok,,0.0,True,True,0.0,0.0,pass,ok,0.06771874496917007,4.35301011800766,14605204,CI.WES.--,1
deterministic_noise,22377,ok,,0.0,True,True,0.0,0.0,pass,ok,0.06769635459204437,4.313164919614792,14605204,CI.WES.--,1
scale2,22551,ok,,0.0,True,True,0.0,0.0,pass,ok,0.06175936805084348,6.061507701873779,14606268,CI.DRE.--,0
deterministic_noise,22551,ok,,0.0,True,True,0.0,0.0,pass,ok,0.06305700493976474,5.703738331794739,14606268,CI.DRE.--,0
scale2,22551,ok,,0.0,True,True,0.0,0.0,pass,ok,0.06358891284799029,4.6110528111457825,14606268,CI.WES.--,1
deterministic_noise,22551,ok,,0.0,True,True,0.0,0.0,pass,ok,0.063521933492666,4.568739891052246,14606268,CI.WES.--,1
scale2,22212,ok,,0.0,True,True,0.0,0.0,pass,ok,0.0609633797139395,4.711873888969421,14607188,CI.DRE.--,0
deterministic_noise,22212,ok,,0.0,True,True,0.0,0.0,pass,ok,0.061043017980409786,4.891444265842438,14607188,CI.DRE.--,0
scale2,22212,ok,,0.0,True,True,0.0,0.0,pass,ok,0.08076007357158232,4.557487785816193,14607188,CI.WES.--,1
deterministic_noise,22212,ok,,0.0,True,True,0.0,0.0,pass,ok,0.08073541829071473,4.502372771501541,14607188,CI.WES.--,1
scale2,22233,ok,,0.0,True,True,0.0,0.0,pass,ok,0.060545110842213035,6.590289354324341,14607220,CI.DRE.--,0
deterministic_noise,22233,ok,,0.0,True,True,0.0,0.0,pass,ok,0.06123900995589793,6.347017526626587,14607220,CI.DRE.--,0
scale2,22232,ok,,0.0,True,True,0.0,0.0,pass,ok,0.07952868810389191,5.255035877227783,14607220,CI.WES.--,1
deterministic_noise,22233,ok,,0.0,True,True,0.0,0.0,pass,ok,0.07956275471951813,5.488207936286926,14607220,CI.WES.--,1
scale2,22239,ok,,0.0,True,True,0.0,0.0,pass,ok,0.059813116531586275,4.73903352022171,14607364,CI.DRE.--,0
deterministic_noise,22239,ok,,0.0,True,True,0.0,0.0,pass,ok,0.05979643311002292,4.825120985507965,14607364,CI.DRE.--,0
scale2,22239,ok,,0.0,True,True,0.0,0.0,pass,ok,0.08027295328793116,4.479707270860672,14607364,CI.WES.--,1
deterministic_noise,22239,ok,,0.0,True,True,0.0,0.0,pass,ok,0.08024906806531362,4.536342546343803,14607364,CI.WES.--,1
scale2,22266,ok,,0.0,True,True,0.0,0.0,pass,ok,0.059909570758463815,4.7827959060668945,14607396,CI.DRE.--,0
deterministic_noise,22266,ok,,0.0,True,True,0.0,0.0,pass,ok,0.059899386222241446,4.682765960693359,14607396,CI.DRE.--,0
scale2,22266,ok,,0.0,True,True,0.0,0.0,pass,ok,0.08014542766613886,4.515099480748177,14607396,CI.WES.--,1
deterministic_noise,22266,ok,,0.0,True,True,0.0,0.0,pass,ok,0.08007553807692602,4.445217341184616,14607396,CI.WES.--,1
scale2,22125,ok,,0.0,True,True,0.0,0.0,pass,ok,0.06002778356196359,4.732055485248566,14607412,CI.DRE.--,0
deterministic_noise,22125,ok,,0.0,True,True,0.0,0.0,pass,ok,0.06013791466830298,4.891495108604431,14607412,CI.DRE.--,0
scale2,22125,ok,,0.0,True,True,0.0,0.0,pass,ok,0.07971408840967342,4.619602605700493,14607412,CI.WES.--,1
deterministic_noise,22125,ok,,0.0,True,True,0.0,0.0,pass,ok,0.07968793186591938,4.518470540642738,14607412,CI.WES.--,1
scale2,23454,ok,,0.0,True,True,0.0,0.0,pass,ok,0.023679254460148513,4.85261869430542,14607684,CI.JEM.--,0
deterministic_noise,23454,ok,,0.0,True,True,0.0,0.0,pass,ok,0.023727716994471848,4.4533631801605225,14607684,CI.JEM.--,0
scale2,23454,ok,,0.0,True,True,0.0,0.0,pass,ok,0.059140030934941024,4.754042088985443,14607684,CI.BOR.--,1
deterministic_noise,23454,ok,,0.0,True,True,0.0,0.0,pass,ok,0.05911683227168396,4.569781303405762,14607684,CI.BOR.--,1
scale2,24183,ok,,0.0,True,True,0.0,0.0,pass,ok,0.023387836778056226,4.028948426246643,14607916,CI.JEM.--,0
deterministic_noise,24183,ok,,0.0,True,True,0.0,0.0,pass,ok,0.02346172135185043,4.092887043952942,14607916,CI.JEM.--,0
scale2,24183,ok,,0.0,True,True,0.0,0.0,pass,ok,0.05875340319471434,5.128496050834656,14607916,CI.BOR.--,1
deterministic_noise,24183,ok,,0.0,True,True,0.0,0.0,pass,ok,0.058703301183413714,5.151342749595642,14607916,CI.BOR.--,1
scale2,23571,ok,,0.0,True,True,0.0,0.0,pass,ok,0.0673811020096764,5.268580913543701,14608404,CI.DRE.--,0
deterministic_noise,23571,ok,,0.0,True,True,0.0,0.0,pass,ok,0.0674976228037849,5.187215089797974,14608404,CI.DRE.--,0
scale2,23571,ok,,0.0,True,True,0.0,0.0,pass,ok,0.06803489764570259,4.715167224407196,14608404,CI.SWS.--,1
deterministic_noise,23571,ok,,0.0,True,True,0.0,0.0,pass,ok,0.06805458376766182,4.710832118988037,14608404,CI.SWS.--,1
scale2,22407,ok,,0.0,True,True,0.0,0.0,pass,ok,0.06006684293970466,6.114170551300049,14608484,CI.DRE.--,0
deterministic_noise,22407,ok,,0.0,True,True,0.0,0.0,pass,ok,0.06068657198920846,6.124694585800171,14608484,CI.DRE.--,0
scale2,22407,ok,,0.0,True,True,0.0,0.0,pass,ok,0.07531590736471117,6.216210603713989,14608484,CI.WES.--,1
deterministic_noise,22407,ok,,0.0,True,True,0.0,0.0,pass,ok,0.07471625530160964,6.158346176147461,14608484,CI.WES.--,1
scale2,21489,ok,,0.0,True,True,0.0,0.0,pass,ok,0.06078218191396445,6.717938423156738,30213759,CI.DRE.--,0
deterministic_noise,21489,ok,,0.0,True,True,0.0,0.0,pass,ok,0.060624216799624264,6.772384405136108,30213759,CI.DRE.--,0
scale2,21489,ok,,0.0,True,True,0.0,0.0,pass,ok,0.08056432497687638,5.770211458206177,30213759,CI.WES.--,1
deterministic_noise,21489,ok,,0.0,True,True,0.0,0.0,pass,ok,0.0794817756395787,5.810982823371887,30213759,CI.WES.--,1
scale2,21630,ok,,0.0,True,True,0.0,0.0,pass,ok,0.06206133417435922,5.412204623222351,30333759,CI.DRE.--,0
deterministic_noise,21630,ok,,0.0,True,True,0.0,0.0,pass,ok,0.06263039432815276,5.108094573020935,30333759,CI.DRE.--,0
scale2,21630,ok,,0.0,True,True,0.0,0.0,pass,ok,0.07732068502809852,4.923937201499939,30333759,CI.WES.--,1
deterministic_noise,21630,ok,,0.0,True,True,0.0,0.0,pass,ok,0.07716531550977379,4.82263457775116,30333759,CI.WES.--,1
scale2,21963,ok,,0.0,True,True,0.0,0.0,pass,ok,0.06013246439397335,5.923443078994751,14609924,CI.DRE.--,0
deterministic_noise,21963,ok,,0.0,True,True,0.0,0.0,pass,ok,0.059919292107224464,5.851171016693115,14609924,CI.DRE.--,0
scale2,21963,ok,,0.0,True,True,0.0,0.0,pass,ok,0.07681477477308363,5.63105034828186,14609924,CI.WES.--,1
deterministic_noise,21963,ok,,0.0,True,True,0.0,0.0,pass,ok,0.07652432064060122,5.542511701583862,14609924,CI.WES.--,1
scale2,24582,ok,,0.0,True,True,0.0,0.0,pass,ok,0.08845201460644603,6.31493866443634,14609932,CI.RXH.--,0
deterministic_noise,24582,ok,,0.0,True,True,0.0,0.0,pass,ok,0.08841821225360036,6.0280879735946655,14609932,CI.RXH.--,0
scale2,24582,ok,,0.0,True,True,0.0,0.0,pass,ok,0.063314632861875,5.0269293785095215,14609932,CI.SWS.--,1
deterministic_noise,24582,ok,,0.0,True,True,0.0,0.0,pass,ok,0.0632914329180494,5.1585670709609985,14609932,CI.SWS.--,1
scale2,22473,ok,,0.0,True,True,0.0,0.0,pass,ok,0.06264812988229096,5.863096237182617,14611332,CI.DRE.--,0
deterministic_noise,22473,ok,,0.0,True,True,0.0,0.0,pass,ok,0.06331848609261215,5.816067695617676,14611332,CI.DRE.--,0
scale2,22473,ok,,0.0,True,True,0.0,0.0,pass,ok,0.08014864614233375,5.954513907432556,14611332,CI.WES.--,1
deterministic_noise,22473,ok,,0.0,True,True,0.0,0.0,pass,ok,0.07979355612769723,5.751439332962036,14611332,CI.WES.--,1
scale2,21585,ok,,0.0,True,True,0.0,0.0,pass,ok,0.06020347331650555,5.604366779327393,14611884,CI.DRE.--,0
deterministic_noise,21585,ok,,0.0,True,True,0.0,0.0,pass,ok,0.0601657151710242,5.691983342170715,14611884,CI.DRE.--,0
scale2,21585,ok,,0.0,True,True,0.0,0.0,pass,ok,0.07800084806513041,4.791096210479736,14611884,CI.WES.--,1
deterministic_noise,21585,ok,,0.0,True,True,0.0,0.0,pass,ok,0.07793876074720174,4.671922653913498,14611884,CI.WES.--,1
scale2,22527,ok,,0.0,True,True,0.0,0.0,pass,ok,0.06053229724057019,5.4620689153671265,14611924,CI.DRE.--,0
deterministic_noise,22527,ok,,0.0,True,True,0.0,0.0,pass,ok,0.06048994208686054,5.638774514198303,14611924,CI.DRE.--,0
scale2,22527,ok,,0.0,True,True,0.0,0.0,pass,ok,0.07810148689895868,4.538291543722153,14611924,CI.WES.--,1
deterministic_noise,22527,ok,,0.0,True,True,0.0,0.0,pass,ok,0.07803407218307257,4.609563782811165,14611924,CI.WES.--,1
scale2,22377,ok,,0.0,True,True,0.0,0.0,pass,ok,0.060208732495084405,5.28702187538147,14612196,CI.DRE.--,0
deterministic_noise,22377,ok,,0.0,True,True,0.0,0.0,pass,ok,0.06042879982851446,5.130392789840698,14612196,CI.DRE.--,0
scale2,22377,ok,,0.0,True,True,0.0,0.0,pass,ok,0.07763034096569754,4.646213740110397,14612196,CI.WES.--,1
deterministic_noise,22377,ok,,0.0,True,True,0.0,0.0,pass,ok,0.07757932701497339,4.474431782960892,14612196,CI.WES.--,1
scale2,23580,ok,,0.0,True,True,0.0,0.0,pass,ok,0.06226118851918727,4.840519368648529,14612388,CI.DRE.--,0
deterministic_noise,23580,ok,,0.0,True,True,0.0,0.0,pass,ok,0.062381306546740234,4.967220366001129,14612388,CI.DRE.--,0
scale2,23580,ok,,0.0,True,True,0.0,0.0,pass,ok,0.06379547840333544,4.54939079284668,14612388,CI.SWS.--,1
deterministic_noise,23580,ok,,0.0,True,True,0.0,0.0,pass,ok,0.06378646814846434,4.556580603122711,14612388,CI.SWS.--,1
scale2,22551,ok,,0.0,True,True,0.0,0.0,pass,ok,0.06369696304318495,4.6897754073143005,14612812,CI.DRE.--,0
deterministic_noise,22551,ok,,0.0,True,True,0.0,0.0,pass,ok,0.06380210325005464,5.024080276489258,14612812,CI.DRE.--,0
scale2,22551,ok,,0.0,True,True,0.0,0.0,pass,ok,0.07840063067851588,4.452895998954773,14612812,CI.WES.--,1
deterministic_noise,22551,ok,,0.0,True,True,0.0,0.0,pass,ok,0.07841103879036382,4.606812357902527,14612812,CI.WES.--,1
scale2,21150,ok,,0.0,True,True,0.0,0.0,pass,ok,0.06030675621150294,4.640939354896545,14613076,CI.DRE.--,0
deterministic_noise,21150,ok,,0.0,True,True,0.0,0.0,pass,ok,0.06040449588181218,4.635393023490906,14613076,CI.DRE.--,0
scale2,21150,ok,,0.0,True,True,0.0,0.0,pass,ok,0.0774107823963277,4.579673662781715,14613076,CI.WES.--,1
deterministic_noise,21150,ok,,0.0,True,True,0.0,0.0,pass,ok,0.07736862200545147,4.421458303928375,14613076,CI.WES.--,1
scale2,22116,ok,,0.0,True,True,0.0,0.0,pass,ok,0.062008777633309364,4.5679919719696045,14613204,CI.DRE.--,0
deterministic_noise,22116,ok,,0.0,True,True,0.0,0.0,pass,ok,0.062131037935614586,4.703075110912323,14613204,CI.DRE.--,0
scale2,22116,ok,,0.0,True,True,0.0,0.0,pass,ok,0.07710353075526655,4.658991038799286,14613204,CI.WES.--,1
deterministic_noise,22116,ok,,0.0,True,True,0.0,0.0,pass,ok,0.07704971195198596,4.565981477499008,14613204,CI.WES.--,1
scale2,22029,ok,,0.0,True,True,0.0,0.0,pass,ok,0.06017566111404449,5.611408233642578,14613348,CI.DRE.--,0
deterministic_noise,22029,ok,,0.0,True,True,0.0,0.0,pass,ok,0.06040553736966103,5.382971882820129,14613348,CI.DRE.--,0
scale2,22029,ok,,0.0,True,True,0.0,0.0,pass,ok,0.07913176505826414,4.98972350358963,14613348,CI.WES.--,1
deterministic_noise,22029,ok,,0.0,True,True,0.0,0.0,pass,ok,0.07894637645222247,5.2834362387657166,14613348,CI.WES.--,1
scale2,21801,ok,,0.0,True,True,0.0,0.0,pass,ok,0.06341859756503254,4.860952377319336,14614036,CI.DRE.--,0
deterministic_noise,21801,ok,,0.0,True,True,0.0,0.0,pass,ok,0.0635286265751347,4.840929269790649,14614036,CI.DRE.--,0
scale2,21801,ok,,0.0,True,True,0.0,0.0,pass,ok,0.07798965001711622,4.5956582725048065,14614036,CI.WES.--,1
deterministic_noise,21801,ok,,0.0,True,True,0.0,0.0,pass,ok,0.07800016080727801,4.653571248054504,14614036,CI.WES.--,1
scale2,24323,ok,,0.0,True,True,0.0,0.0,pass,ok,0.021042260341346264,4.476640820503235,14614188,CI.JEM.--,0
deterministic_noise,24324,ok,,0.0,True,True,0.0,0.0,pass,ok,0.02123138401657343,4.3608256578445435,14614188,CI.JEM.--,0
scale2,24324,ok,,0.0,True,True,0.0,0.0,pass,ok,0.05864658311475068,5.759991407394409,14614188,CI.BOR.--,1
deterministic_noise,24324,ok,,0.0,True,True,0.0,0.0,pass,ok,0.05851889296900481,5.7273173332214355,14614188,CI.BOR.--,1
scale2,21339,ok,,0.0,True,True,0.0,0.0,pass,ok,0.06040997715899721,4.943339586257935,14615180,CI.DRE.--,0
deterministic_noise,21339,ok,,0.0,True,True,0.0,0.0,pass,ok,0.0605357745080255,5.007616877555847,14615180,CI.DRE.--,0
scale2,21339,ok,,0.0,True,True,0.0,0.0,pass,ok,0.07562522153602913,4.388712227344513,14615180,CI.WES.--,1
deterministic_noise,21339,ok,,0.0,True,True,0.0,0.0,pass,ok,0.07557784457458183,4.5817830711603165,14615180,CI.WES.--,1
scale2,23580,ok,,0.0,True,True,0.0,0.0,pass,ok,0.0590212638489902,6.5418641567230225,14617100,CI.DRE.--,0
deterministic_noise,23580,ok,,0.0,True,True,0.0,0.0,pass,ok,0.05988989816978574,6.345048904418945,14617100,CI.DRE.--,0
scale2,23580,ok,,0.0,True,True,0.0,0.0,pass,ok,0.06518587656319141,6.095186710357666,14617100,CI.SWS.--,1
deterministic_noise,23580,ok,,0.0,True,True,0.0,0.0,pass,ok,0.06508606113493443,6.294765949249268,14617100,CI.SWS.--,1
scale2,22443,ok,,0.0,True,True,0.0,0.0,pass,ok,0.06223963643424213,5.30429208278656,14617812,CI.DRE.--,0
deterministic_noise,22443,ok,,0.0,True,True,0.0,0.0,pass,ok,0.06248263572342694,5.273816823959351,14617812,CI.DRE.--,0
scale2,22443,ok,,0.0,True,True,0.0,0.0,pass,ok,0.07430111811845563,4.656345635652542,14617812,CI.WES.--,1
deterministic_noise,22443,ok,,0.0,True,True,0.0,0.0,pass,ok,0.07420591815025546,4.4724516570568085,14617812,CI.WES.--,1
scale2,22017,ok,,0.0,True,True,0.0,0.0,pass,ok,0.06042170897126198,4.984649181365967,14617876,CI.DRE.--,0
deterministic_noise,22017,ok,,0.0,True,True,0.0,0.0,pass,ok,0.060559116303920746,5.06318324804306,14617876,CI.DRE.--,0
scale2,22017,ok,,0.0,True,True,0.0,0.0,pass,ok,0.07479922941638506,4.545767605304718,14617876,CI.WES.--,1
deterministic_noise,22017,ok,,0.0,True,True,0.0,0.0,pass,ok,0.07472751566456282,4.575407981872559,14617876,CI.WES.--,1
scale2,22170,ok,,0.0,True,True,0.0,0.0,pass,ok,0.06023161229677498,5.161059856414795,14618492,CI.DRE.--,0
deterministic_noise,22170,ok,,0.0,True,True,0.0,0.0,pass,ok,0.06019851076416671,5.212325930595398,14618492,CI.DRE.--,0
scale2,22170,ok,,0.0,True,True,0.0,0.0,pass,ok,0.07569569256156683,4.551214396953583,14618492,CI.WES.--,1
deterministic_noise,22170,ok,,0.0,True,True,0.0,0.0,pass,ok,0.07564227376133204,4.644239962100983,14618492,CI.WES.--,1
scale2,21171,ok,,0.0,True,True,0.0,0.0,pass,ok,0.061754532740451396,4.771457672119141,14619076,CI.DRE.--,0
deterministic_noise,21171,ok,,0.0,True,True,0.0,0.0,pass,ok,0.06184995116200298,4.605969727039337,14619076,CI.DRE.--,0
scale2,21171,ok,,0.0,True,True,0.0,0.0,pass,ok,0.07486904004326789,4.473547339439392,14619076,CI.WES.--,1
deterministic_noise,21171,ok,,0.0,True,True,0.0,0.0,pass,ok,0.07483090868481668,4.407084435224533,14619076,CI.WES.--,1
scale2,21966,ok,,0.0,True,True,0.0,0.0,pass,ok,0.059869663760764524,4.6268444657325745,14619284,CI.DRE.--,0
deterministic_noise,21966,ok,,0.0,True,True,0.0,0.0,pass,ok,0.059850072517292574,4.5550490617752075,14619284,CI.DRE.--,0
scale2,21966,ok,,0.0,True,True,0.0,0.0,pass,ok,0.07576623818022199,4.617217540740967,14619284,CI.WES.--,1
deterministic_noise,21966,ok,,0.0,True,True,0.0,0.0,pass,ok,0.07569609323400073,4.609220862388611,14619284,CI.WES.--,1
scale2,22062,ok,,0.0,True,True,0.0,0.0,pass,ok,0.12641918199369684,5.0178446769714355,14620124,CI.BTC.--,6
deterministic_noise,22062,ok,,0.0,True,True,0.0,0.0,pass,ok,0.12642269296338782,5.00561386346817,14620124,CI.BTC.--,6
scale2,22065,ok,,0.0,True,True,0.0,0.0,pass,ok,0.009884349565254524,2.842597782611847,14620124,CI.BAR.--,8
deterministic_noise,22065,ok,,0.0,True,True,0.0,0.0,pass,ok,0.009869881672784686,2.887192964553833,14620124,CI.BAR.--,8
scale2,21780,ok,,0.0,True,True,0.0,0.0,pass,ok,0.06298431596951559,4.913423657417297,14622340,CI.DRE.--,0
deterministic_noise,21780,ok,,0.0,True,True,0.0,0.0,pass,ok,0.06319576659006998,4.875628471374512,14622340,CI.DRE.--,0
scale2,21780,ok,,0.0,True,True,0.0,0.0,pass,ok,0.07424117698246846,4.568459004163742,14622340,CI.WES.--,1
deterministic_noise,21780,ok,,0.0,True,True,0.0,0.0,pass,ok,0.07425093577330699,4.573895364999771,14622340,CI.WES.--,1
scale2,21876,ok,,0.0,True,True,0.0,0.0,pass,ok,0.06190956989303231,5.459294319152832,14623372,CI.DRE.--,0
deterministic_noise,21876,ok,,0.0,True,True,0.0,0.0,pass,ok,0.06203473126515746,5.489997982978821,14623372,CI.DRE.--,0
scale2,21876,ok,,0.0,True,True,0.0,0.0,pass,ok,0.07239932722586673,4.505562216043472,14623372,CI.WES.--,1
deterministic_noise,21876,ok,,0.0,True,True,0.0,0.0,pass,ok,0.07231284522276837,4.935007393360138,14623372,CI.WES.--,1
scale2,21912,ok,,0.0,True,True,0.0,0.0,pass,ok,0.06179742550011724,4.890807867050171,14623556,CI.DRE.--,0
deterministic_noise,21912,ok,,0.0,True,True,0.0,0.0,pass,ok,0.061914112069644034,4.826395690441132,14623556,CI.DRE.--,0
scale2,21912,ok,,0.0,True,True,0.0,0.0,pass,ok,0.07213534758193418,4.547425746917725,14623556,CI.WES.--,1
deterministic_noise,21912,ok,,0.0,True,True,0.0,0.0,pass,ok,0.0721002261270769,4.390882886946201,14623556,CI.WES.--,1
scale2,22149,ok,,0.0,True,True,0.0,0.0,pass,ok,0.06332977985584876,4.5270766615867615,14623708,CI.DRE.--,0
deterministic_noise,22149,ok,,0.0,True,True,0.0,0.0,pass,ok,0.06341856593644479,4.492462873458862,14623708,CI.DRE.--,0
scale2,22149,ok,,0.0,True,True,0.0,0.0,pass,ok,0.07375395276176278,4.438478171825409,14623708,CI.WES.--,1
deterministic_noise,22149,ok,,0.0,True,True,0.0,0.0,pass,ok,0.0737603234447306,4.5818056762218475,14623708,CI.WES.--,1
scale2,21930,ok,,0.0,True,True,0.0,0.0,pass,ok,0.05989454849623144,4.875561237335205,14624668,CI.DRE.--,0
deterministic_noise,21930,ok,,0.0,True,True,0.0,0.0,pass,ok,0.059857441345229745,4.975746512413025,14624668,CI.DRE.--,0
scale2,21930,ok,,0.0,True,True,0.0,0.0,pass,ok,0.0739624951602309,4.514661133289337,14624668,CI.WES.--,1
deterministic_noise,21930,ok,,0.0,True,True,0.0,0.0,pass,ok,0.0739336829064996,4.399473190307617,14624668,CI.WES.--,1
scale2,22188,ok,,0.0,True,True,0.0,0.0,pass,ok,0.05993004037372884,4.457895278930664,14625236,CI.DRE.--,0
deterministic_noise,22188,ok,,0.0,True,True,0.0,0.0,pass,ok,0.05998810114033404,4.38545960187912,14625236,CI.DRE.--,0
scale2,22188,ok,,0.0,True,True,0.0,0.0,pass,ok,0.07391730696326704,4.304896945133805,14625236,CI.WES.--,1
deterministic_noise,22188,ok,,0.0,True,True,0.0,0.0,pass,ok,0.073894239958463,4.415691003203392,14625236,CI.WES.--,1
scale2,22287,ok,,0.0,True,True,0.0,0.0,pass,ok,0.06675363122485578,4.39431095123291,14625700,CI.DRE.--,0
deterministic_noise,22287,ok,,0.0,True,True,0.0,0.0,pass,ok,0.06679251254536211,4.425028741359711,14625700,CI.DRE.--,0
scale2,22287,ok,,0.0,True,True,0.0,0.0,pass,ok,0.07916370485327207,4.495996206998825,14625700,CI.WES.--,1
deterministic_noise,22287,ok,,0.0,True,True,0.0,0.0,pass,ok,0.07916809167363681,4.338748559355736,14625700,CI.WES.--,1
scale2,22257,ok,,0.0,True,True,0.0,0.0,pass,ok,0.059680759033653885,4.70157527923584,14625732,CI.DRE.--,0
deterministic_noise,22257,ok,,0.0,True,True,0.0,0.0,pass,ok,0.059663024672772735,4.9653379917144775,14625732,CI.DRE.--,0
scale2,22257,ok,,0.0,True,True,0.0,0.0,pass,ok,0.0746256475104019,4.426469370722771,14625732,CI.WES.--,1
deterministic_noise,22257,ok,,0.0,True,True,0.0,0.0,pass,ok,0.07457027689088136,4.495148450136185,14625732,CI.WES.--,1
scale2,22353,ok,,0.0,True,True,0.0,0.0,pass,ok,0.061566816992126405,5.077864289283752,14625748,CI.DRE.--,0
deterministic_noise,22353,ok,,0.0,True,True,0.0,0.0,pass,ok,0.061669123941101134,4.871080458164215,14625748,CI.DRE.--,0
scale2,22353,ok,,0.0,True,True,0.0,0.0,pass,ok,0.07365884545288282,4.534826695919037,14625748,CI.WES.--,1
deterministic_noise,22353,ok,,0.0,True,True,0.0,0.0,pass,ok,0.07361292180576129,4.55516654253006,14625748,CI.WES.--,1
scale2,22191,ok,,0.0,True,True,0.0,0.0,pass,ok,0.05963833292480558,4.923899292945862,14625852,CI.DRE.--,0
deterministic_noise,22191,ok,,0.0,True,True,0.0,0.0,pass,ok,0.05960568005684763,5.04021954536438,14625852,CI.DRE.--,0
scale2,22191,ok,,0.0,True,True,0.0,0.0,pass,ok,0.07437075674533844,4.608550161123276,14625852,CI.WES.--,1
deterministic_noise,22191,ok,,0.0,True,True,0.0,0.0,pass,ok,0.07432237267494202,4.416136652231216,14625852,CI.WES.--,1
scale2,22056,ok,,0.0,True,True,0.0,0.0,pass,ok,0.05957275096443482,4.5096917152404785,14626460,CI.DRE.--,0
deterministic_noise,22056,ok,,0.0,True,True,0.0,0.0,pass,ok,0.059656662604538724,4.54308158159256,14626460,CI.DRE.--,0
scale2,22056,ok,,0.0,True,True,0.0,0.0,pass,ok,0.0744074148387881,4.452414587140083,14626460,CI.WES.--,1
deterministic_noise,22056,ok,,0.0,True,True,0.0,0.0,pass,ok,0.07438550020742696,4.285659805813339,14626460,CI.WES.--,1
scale2,23259,ok,,0.0,True,True,0.0,0.0,pass,ok,0.07109958103683311,4.660947322845459,10585093,CI.WES.--,0
deterministic_noise,23259,ok,,0.0,True,True,0.0,0.0,pass,ok,0.07112692871305626,4.498004883527756,10585093,CI.WES.--,0
scale2,23259,ok,,0.0,True,True,0.0,0.0,pass,ok,0.06366007057658862,4.27557048201561,10585093,CI.SWS.--,1
deterministic_noise,23259,ok,,0.0,True,True,0.0,0.0,pass,ok,0.06364970626600552,4.269389361143112,10585093,CI.SWS.--,1
scale2,21843,ok,,0.0,True,True,0.0,0.0,pass,ok,0.06121003697626293,5.259302377700806,10590413,CI.DRE.--,0
deterministic_noise,21843,ok,,0.0,True,True,0.0,0.0,pass,ok,0.061340923653915524,5.239637851715088,10590413,CI.DRE.--,0
scale2,21843,ok,,0.0,True,True,0.0,0.0,pass,ok,0.07039330092084128,4.768035292625427,10590413,CI.WES.--,1
deterministic_noise,21843,ok,,0.0,True,True,0.0,0.0,pass,ok,0.07035657826054376,4.464582055807114,10590413,CI.WES.--,1
scale2,21354,ok,,0.0,True,True,0.0,0.0,pass,ok,0.06193541971151717,4.771191596984863,10591141,CI.DRE.--,0
deterministic_noise,21354,ok,,0.0,True,True,0.0,0.0,pass,ok,0.062048671272350475,4.789797306060791,10591141,CI.DRE.--,0
scale2,21354,ok,,0.0,True,True,0.0,0.0,pass,ok,0.06980757209385047,4.448436349630356,10591141,CI.WES.--,1
deterministic_noise,21354,ok,,0.0,True,True,0.0,0.0,pass,ok,0.06976694819604745,4.393004059791565,10591141,CI.WES.--,1
scale2,21102,ok,,0.0,True,True,0.0,0.0,pass,ok,0.06006818689638749,4.671845436096191,10591309,CI.DRE.--,0
deterministic_noise,21102,ok,,0.0,True,True,0.0,0.0,pass,ok,0.06005607492988929,4.726897358894348,10591309,CI.DRE.--,0
scale2,21102,ok,,0.0,True,True,0.0,0.0,pass,ok,0.07046187840751372,4.365062281489372,10591309,CI.WES.--,1
deterministic_noise,21102,ok,,0.0,True,True,0.0,0.0,pass,ok,0.07042132891365327,4.390860915184021,10591309,CI.WES.--,1
scale2,21831,ok,,0.0,True,True,0.0,0.0,pass,ok,0.0604251129552722,5.8021228313446045,10591725,CI.DRE.--,0
deterministic_noise,21831,ok,,0.0,True,True,0.0,0.0,pass,ok,0.06035048235207796,5.653080582618713,10591725,CI.DRE.--,0
scale2,21831,ok,,0.0,True,True,0.0,0.0,pass,ok,0.07262005191296339,5.354494571685791,10591725,CI.WES.--,1
deterministic_noise,21831,ok,,0.0,True,True,0.0,0.0,pass,ok,0.07242911774665117,5.223133087158203,10591725,CI.WES.--,1
scale2,20808,ok,,0.0,True,True,0.0,0.0,pass,ok,0.06038912574877031,4.390161037445068,10592053,CI.DRE.--,0
deterministic_noise,20808,ok,,0.0,True,True,0.0,0.0,pass,ok,0.06037768904934637,4.343137085437775,10592053,CI.DRE.--,0
scale2,20808,ok,,0.0,True,True,0.0,0.0,pass,ok,0.07103381062188419,4.3156615644693375,10592053,CI.WES.--,1
deterministic_noise,20808,ok,,0.0,True,True,0.0,0.0,pass,ok,0.071022147887561,4.36194621026516,10592053,CI.WES.--,1
scale2,21585,ok,,0.0,True,True,0.0,0.0,pass,ok,0.06045461160829291,4.316341012716293,10593373,CI.DRE.--,0
deterministic_noise,21585,ok,,0.0,True,True,0.0,0.0,pass,ok,0.060507445654366165,4.545609831809998,10593373,CI.DRE.--,0
scale2,21585,ok,,0.0,True,True,0.0,0.0,pass,ok,0.07127638877136633,4.319110095500946,10593373,CI.WES.--,1
deterministic_noise,21585,ok,,0.0,True,True,0.0,0.0,pass,ok,0.07125962554709986,4.24165278673172,10593373,CI.WES.--,1
scale2,23814,ok,,0.0,True,True,0.0,0.0,pass,ok,0.06824812362901866,6.000392913818359,10596205,CI.DRE.--,0
deterministic_noise,23814,ok,,0.0,True,True,0.0,0.0,pass,ok,0.06842488725669682,5.988123178482056,10596205,CI.DRE.--,0
scale2,23814,ok,,0.0,True,True,0.0,0.0,pass,ok,0.06766855479509104,5.033029079437256,10596205,CI.SWS.--,1
deterministic_noise,23814,ok,,0.0,True,True,0.0,0.0,pass,ok,0.06768869845836889,5.295268297195435,10596205,CI.SWS.--,1
scale2,21249,ok,,0.0,True,True,0.0,0.0,pass,ok,0.06353120424319059,4.83511883020401,10602797,CI.DRE.--,0
deterministic_noise,21249,ok,,0.0,True,True,0.0,0.0,pass,ok,0.06361155293416232,5.109635233879089,10602797,CI.DRE.--,0
scale2,21249,ok,,0.0,True,True,0.0,0.0,pass,ok,0.06673218683863524,4.332703590393066,10602797,CI.WES.--,1
deterministic_noise,21249,ok,,0.0,True,True,0.0,0.0,pass,ok,0.06670971585845109,4.274426139891148,10602797,CI.WES.--,1
scale2,21987,ok,,0.0,True,True,0.0,0.0,pass,ok,0.06452151364646852,5.292001485824585,10603837,CI.DRE.--,0
deterministic_noise,21987,ok,,0.0,True,True,0.0,0.0,pass,ok,0.0648722278419882,5.288910746574402,10603837,CI.DRE.--,0
scale2,21987,ok,,0.0,True,True,0.0,0.0,pass,ok,0.06514027024968527,4.482492119073868,10603837,CI.WES.--,1
deterministic_noise,21987,ok,,0.0,True,True,0.0,0.0,pass,ok,0.06509347204701044,4.512337863445282,10603837,CI.WES.--,1
scale2,23622,ok,,0.0,True,True,0.0,0.0,pass,ok,0.06617419794201851,6.023356199264526,10604477,CI.DRE.--,0
deterministic_noise,23622,ok,,0.0,True,True,0.0,0.0,pass,ok,0.06659890338778496,5.85971212387085,10604477,CI.DRE.--,0
scale2,23622,ok,,0.0,True,True,0.0,0.0,pass,ok,0.08576571801677346,6.943583011627197,10604477,CI.IBP.--,1
deterministic_noise,23622,ok,,0.0,True,True,0.0,0.0,pass,ok,0.08608488878235221,7.040184259414673,10604477,CI.IBP.--,1
scale2,23883,ok,,0.0,True,True,0.0,0.0,pass,ok,0.0840445316862315,5.577519059181213,10606485,CI.IBP.--,0
deterministic_noise,23883,ok,,0.0,True,True,0.0,0.0,pass,ok,0.08423030306585133,5.65395712852478,10606485,CI.IBP.--,0
scale2,23883,ok,,0.0,True,True,0.0,0.0,pass,ok,0.06355920276837423,4.49271759390831,10606485,CI.SWS.--,1
deterministic_noise,23883,ok,,0.0,True,True,0.0,0.0,pass,ok,0.06354656227631494,4.350085586309433,10606485,CI.SWS.--,1
scale2,23961,ok,,0.0,True,True,0.0,0.0,pass,ok,0.08287059838767163,6.375335931777954,10607677,CI.IBP.--,0
deterministic_noise,23961,ok,,0.0,True,True,0.0,0.0,pass,ok,0.08235162173514254,6.822757959365845,10607677,CI.IBP.--,0
scale2,23961,ok,,0.0,True,True,0.0,0.0,pass,ok,0.06597444822546095,5.418741703033447,10607677,CI.SWS.--,1
deterministic_noise,23961,ok,,0.0,True,True,0.0,0.0,pass,ok,0.06593948195222765,5.102676153182983,10607677,CI.SWS.--,1
scale2,22395,ok,,0.0,True,True,0.0,0.0,pass,ok,0.0651212488883175,4.55068439245224,10610333,CI.WES.--,0
deterministic_noise,22395,ok,,0.0,True,True,0.0,0.0,pass,ok,0.06513929314678535,4.506969392299652,10610333,CI.WES.--,0
scale2,22392,ok,,0.0,True,True,0.0,0.0,pass,ok,0.12846689026082458,4.85908873192966,10610333,CI.BTC.--,1
deterministic_noise,22392,ok,,0.0,True,True,0.0,0.0,pass,ok,0.12846954067026672,4.867782281711698,10610333,CI.BTC.--,1
scale2,22062,ok,,0.0,True,True,0.0,0.0,pass,ok,0.061198759358376265,4.932985246181488,10611069,CI.DRE.--,0
deterministic_noise,22062,ok,,0.0,True,True,0.0,0.0,pass,ok,0.06127812759950757,4.614453971385956,10611069,CI.DRE.--,0
scale2,22062,ok,,0.0,True,True,0.0,0.0,pass,ok,0.06471363660239149,4.243679340928793,10611069,CI.WES.--,1
deterministic_noise,22062,ok,,0.0,True,True,0.0,0.0,pass,ok,0.06471732053614687,4.192621544003487,10611069,CI.WES.--,1
scale2,22434,ok,,0.0,True,True,0.0,0.0,pass,ok,0.061692190589383245,5.03216552734375,37197101,CI.DRE.--,0
deterministic_noise,22434,ok,,0.0,True,True,0.0,0.0,pass,ok,0.06184642273001373,5.051066994667053,37197101,CI.DRE.--,0
scale2,22434,ok,,0.0,True,True,0.0,0.0,pass,ok,0.06378878245595843,4.388842359185219,37197101,CI.WES.--,1
deterministic_noise,22434,ok,,0.0,True,True,0.0,0.0,pass,ok,0.06379630079027265,4.419875800609589,37197101,CI.WES.--,1
scale2,21729,ok,,0.0,True,True,0.0,0.0,pass,ok,0.06944032411411172,4.869384407997131,10616293,CI.DRE.--,0
deterministic_noise,21729,ok,,0.0,True,True,0.0,0.0,pass,ok,0.06954264987871284,4.922913670539856,10616293,CI.DRE.--,0
scale2,21732,ok,,0.0,True,True,0.0,0.0,pass,ok,0.0629425367078511,4.294704362750053,10616293,CI.WES.--,1
deterministic_noise,21732,ok,,0.0,True,True,0.0,0.0,pass,ok,0.06292082167055923,4.319996073842049,10616293,CI.WES.--,1
scale2,22041,ok,,0.0,True,True,0.0,0.0,pass,ok,0.06332706508692354,4.8200536370277405,10617277,CI.DRE.--,0
deterministic_noise,22041,ok,,0.0,True,True,0.0,0.0,pass,ok,0.06331405194941908,4.923735618591309,10617277,CI.DRE.--,0
scale2,22041,ok,,0.0,True,True,0.0,0.0,pass,ok,0.06115204821981024,4.300574511289597,10617277,CI.WES.--,1
deterministic_noise,22041,ok,,0.0,True,True,0.0,0.0,pass,ok,0.061075881312717684,4.291620209813118,10617277,CI.WES.--,1
scale2,22410,ok,,0.0,True,True,0.0,0.0,pass,ok,0.06358722865115851,5.872871994972229,10618341,CI.DRE.--,0
deterministic_noise,22410,ok,,0.0,True,True,0.0,0.0,pass,ok,0.0634922954486683,6.150482416152954,10618341,CI.DRE.--,0
scale2,22410,ok,,0.0,True,True,0.0,0.0,pass,ok,0.06200809393340023,5.420382022857666,10618341,CI.WES.--,1
deterministic_noise,22410,ok,,0.0,True,True,0.0,0.0,pass,ok,0.06174657132214634,5.300666928291321,10618341,CI.WES.--,1
scale2,22230,ok,,0.0,True,True,0.0,0.0,pass,ok,0.06335668498650193,5.004553854465485,10618469,CI.DRE.--,0
deterministic_noise,22230,ok,,0.0,True,True,0.0,0.0,pass,ok,0.06333518540486693,4.917959809303284,10618469,CI.DRE.--,0
scale2,22230,ok,,0.0,True,True,0.0,0.0,pass,ok,0.06141273450339213,4.3580761551856995,10618469,CI.WES.--,1
deterministic_noise,22230,ok,,0.0,True,True,0.0,0.0,pass,ok,0.0614189900807105,4.177495181560516,10618469,CI.WES.--,1
scale2,22320,ok,,0.0,True,True,0.0,0.0,pass,ok,0.06527180733974092,4.501689195632935,10618621,CI.DRE.--,0
deterministic_noise,22320,ok,,0.0,True,True,0.0,0.0,pass,ok,0.06535432723467238,4.5123180747032166,10618621,CI.DRE.--,0
scale2,22320,ok,,0.0,True,True,0.0,0.0,pass,ok,0.0635106505578733,4.230990260839462,10618621,CI.WES.--,1
deterministic_noise,22320,ok,,0.0,True,True,0.0,0.0,pass,ok,0.06351886524498696,4.340647965669632,10618621,CI.WES.--,1
scale2,22497,ok,,0.0,True,True,0.0,0.0,pass,ok,0.0635197595693171,5.263589978218079,10618989,CI.DRE.--,0
deterministic_noise,22497,ok,,0.0,True,True,0.0,0.0,pass,ok,0.06347029795870185,5.281172513961792,10618989,CI.DRE.--,0
scale2,22497,ok,,0.0,True,True,0.0,0.0,pass,ok,0.060425950679928064,4.4908769726753235,10618989,CI.WES.--,1
deterministic_noise,22497,ok,,0.0,True,True,0.0,0.0,pass,ok,0.06043702131137252,4.509559690952301,10618989,CI.WES.--,1
scale2,22308,ok,,0.0,True,True,0.0,0.0,pass,ok,0.06433622841723263,4.707405388355255,10619605,CI.DRE.--,0
deterministic_noise,22308,ok,,0.0,True,True,0.0,0.0,pass,ok,0.06432659621350467,4.758218944072723,10619605,CI.DRE.--,0
scale2,22308,ok,,0.0,True,True,0.0,0.0,pass,ok,0.059987699141856865,4.175431102514267,10619605,CI.WES.--,1
deterministic_noise,22308,ok,,0.0,True,True,0.0,0.0,pass,ok,0.05996429035985784,4.197094887495041,10619605,CI.WES.--,1
scale2,23220,ok,,0.0,True,True,0.0,0.0,pass,ok,0.0637052814126946,4.295208394527435,10621613,CI.WES.--,0
deterministic_noise,23220,ok,,0.0,True,True,0.0,0.0,pass,ok,0.06371126224985346,4.556082040071487,10621613,CI.WES.--,0
scale2,23220,ok,,0.0,True,True,0.0,0.0,pass,ok,0.07230273318418767,4.8350313901901245,10621613,CI.DRE.--,1
deterministic_noise,23220,ok,,0.0,True,True,0.0,0.0,pass,ok,0.07234694379440043,5.159579038619995,10621613,CI.DRE.--,1
scale2,22512,ok,,0.0,True,True,0.0,0.0,pass,ok,0.06547480693552643,5.0812965631484985,10622149,CI.DRE.--,0
deterministic_noise,22512,ok,,0.0,True,True,0.0,0.0,pass,ok,0.06544476130511612,5.263332009315491,10622149,CI.DRE.--,0
scale2,22512,ok,,0.0,True,True,0.0,0.0,pass,ok,0.0583965214464115,4.731897056102753,10622149,CI.WES.--,1
deterministic_noise,22512,ok,,0.0,True,True,0.0,0.0,pass,ok,0.058414899322087876,4.627049267292023,10622149,CI.WES.--,1
scale2,22644,ok,,0.0,True,True,0.0,0.0,pass,ok,0.0652895278763026,5.595929145812988,10622189,CI.DRE.--,0
deterministic_noise,22644,ok,,0.0,True,True,0.0,0.0,pass,ok,0.06524591078050435,5.572675108909607,10622189,CI.DRE.--,0
scale2,22644,ok,,0.0,True,True,0.0,0.0,pass,ok,0.05858267410803819,4.72902649641037,10622189,CI.WES.--,1
deterministic_noise,22644,ok,,0.0,True,True,0.0,0.0,pass,ok,0.05850743190239882,4.789020895957947,10622189,CI.WES.--,1
scale2,22716,ok,,0.0,True,True,0.0,0.0,pass,ok,0.06741544527176302,5.031175494194031,10622229,CI.DRE.--,0
deterministic_noise,22716,ok,,0.0,True,True,0.0,0.0,pass,ok,0.06751910674211103,5.0892250537872314,10622229,CI.DRE.--,0
scale2,22716,ok,,0.0,True,True,0.0,0.0,pass,ok,0.060758570121834055,4.215014398097992,10622229,CI.WES.--,1
deterministic_noise,22716,ok,,0.0,True,True,0.0,0.0,pass,ok,0.060769936157157645,4.181865304708481,10622229,CI.WES.--,1
scale2,22665,ok,,0.0,True,True,0.0,0.0,pass,ok,0.06635701623599743,5.398141384124756,10625213,CI.DRE.--,0
deterministic_noise,22665,ok,,0.0,True,True,0.0,0.0,pass,ok,0.06632634285051608,5.48842990398407,10625213,CI.DRE.--,0
scale2,22665,ok,,0.0,True,True,0.0,0.0,pass,ok,0.05747708701528609,4.290960490703583,10625213,CI.WES.--,1
deterministic_noise,22665,ok,,0.0,True,True,0.0,0.0,pass,ok,0.05743513978086412,4.423593968153,10625213,CI.WES.--,1
scale2,21795,ok,,0.0,True,True,0.0,0.0,pass,ok,0.06651955117558828,4.825667023658752,10625445,CI.DRE.--,0
deterministic_noise,21795,ok,,0.0,True,True,0.0,0.0,pass,ok,0.06650533507490763,5.00251567363739,10625445,CI.DRE.--,0
scale2,21795,ok,,0.0,True,True,0.0,0.0,pass,ok,0.05716798179491889,4.211010694503784,10625445,CI.WES.--,1
deterministic_noise,21795,ok,,0.0,True,True,0.0,0.0,pass,ok,0.0571431433345424,4.2037602961063385,10625445,CI.WES.--,1
scale2,22011,ok,,0.0,True,True,0.0,0.0,pass,ok,0.06861408508848399,4.968307077884674,10625661,CI.DRE.--,0
deterministic_noise,22011,ok,,0.0,True,True,0.0,0.0,pass,ok,0.06873524480033666,4.885205149650574,10625661,CI.DRE.--,0
scale2,22011,ok,,0.0,True,True,0.0,0.0,pass,ok,0.0595714561350178,4.252364203333855,10625661,CI.WES.--,1
deterministic_noise,22011,ok,,0.0,True,True,0.0,0.0,pass,ok,0.059584904491202906,4.28091025352478,10625661,CI.WES.--,1
scale2,22152,ok,,0.0,True,True,0.0,0.0,pass,ok,0.06682901730528101,4.819913864135742,10627813,CI.DRE.--,0
deterministic_noise,22152,ok,,0.0,True,True,0.0,0.0,pass,ok,0.06679865071782842,4.828424334526062,10627813,CI.DRE.--,0
scale2,22152,ok,,0.0,True,True,0.0,0.0,pass,ok,0.05750748032005504,4.223278671503067,10627813,CI.WES.--,1
deterministic_noise,22152,ok,,0.0,True,True,0.0,0.0,pass,ok,0.05747554189292714,4.256285011768341,10627813,CI.WES.--,1
scale2,21645,ok,,0.0,True,True,0.0,0.0,pass,ok,0.06478943343972787,5.062760949134827,10629517,CI.DRE.--,0
deterministic_noise,21645,ok,,0.0,True,True,0.0,0.0,pass,ok,0.06494803313398734,5.064720392227173,10629517,CI.DRE.--,0
scale2,21645,ok,,0.0,True,True,0.0,0.0,pass,ok,0.05846250288595911,4.192647188901901,10629517,CI.WES.--,1
deterministic_noise,21645,ok,,0.0,True,True,0.0,0.0,pass,ok,0.05846915162692312,4.2748266607522964,10629517,CI.WES.--,1
scale2,21864,ok,,0.0,True,True,0.0,0.0,pass,ok,0.06446523230988532,4.4275676012039185,10630517,CI.DRE.--,0
deterministic_noise,21864,ok,,0.0,True,True,0.0,0.0,pass,ok,0.06444879609625787,4.455591648817062,10630517,CI.DRE.--,0
scale2,21864,ok,,0.0,True,True,0.0,0.0,pass,ok,0.05687053917790763,4.184845566749573,10630517,CI.WES.--,1
deterministic_noise,21864,ok,,0.0,True,True,0.0,0.0,pass,ok,0.05684933022712357,4.180795803666115,10630517,CI.WES.--,1
scale2,22239,ok,,0.0,True,True,0.0,0.0,pass,ok,0.06397437753912527,5.165350794792175,10631117,CI.DRE.--,0
deterministic_noise,22239,ok,,0.0,True,True,0.0,0.0,pass,ok,0.06391519603494089,5.113520562648773,10631117,CI.DRE.--,0
scale2,22239,ok,,0.0,True,True,0.0,0.0,pass,ok,0.05844814640295226,4.493970185518265,10631117,CI.WES.--,1
deterministic_noise,22239,ok,,0.0,True,True,0.0,0.0,pass,ok,0.0583836517034797,4.65441620349884,10631117,CI.WES.--,1
scale2,21900,ok,,0.0,True,True,0.0,0.0,pass,ok,0.06804243626538664,4.841415703296661,10631781,CI.DRE.--,0
deterministic_noise,21900,ok,,0.0,True,True,0.0,0.0,pass,ok,0.06816048768814653,4.959183096885681,10631781,CI.DRE.--,0
scale2,21900,ok,,0.0,True,True,0.0,0.0,pass,ok,0.06088353816448944,4.171343117952347,10631781,CI.WES.--,1
deterministic_noise,21900,ok,,0.0,True,True,0.0,0.0,pass,ok,0.060902132354385685,4.205556899309158,10631781,CI.WES.--,1
scale2,21651,ok,,0.0,True,True,0.0,0.0,pass,ok,0.06386860460042953,4.904926657676697,10633389,CI.DRE.--,0
deterministic_noise,21651,ok,,0.0,True,True,0.0,0.0,pass,ok,0.06392254680395126,4.978237867355347,10633389,CI.DRE.--,0
scale2,21651,ok,,0.0,True,True,0.0,0.0,pass,ok,0.058266041887691244,4.246132656931877,10633389,CI.WES.--,1
deterministic_noise,21651,ok,,0.0,True,True,0.0,0.0,pass,ok,0.0582691001764033,4.203961074352264,10633389,CI.WES.--,1
scale2,21990,ok,,0.0,True,True,0.0,0.0,pass,ok,0.07087651523761451,5.1485631465911865,10633517,CI.DRE.--,0
deterministic_noise,21990,ok,,0.0,True,True,0.0,0.0,pass,ok,0.07097656396217644,4.816866874694824,10633517,CI.DRE.--,0
scale2,21993,ok,,0.0,True,True,0.0,0.0,pass,ok,0.05836288999125827,4.17364526540041,10633517,CI.WES.--,1
deterministic_noise,21993,ok,,0.0,True,True,0.0,0.0,pass,ok,0.05832414333417546,4.20442932844162,10633517,CI.WES.--,1
scale2,22689,ok,,0.0,True,True,0.0,0.0,pass,ok,0.06417469552252442,5.4026185274124146,10634557,CI.DRE.--,0
deterministic_noise,22689,ok,,0.0,True,True,0.0,0.0,pass,ok,0.06408326455857605,5.240502834320068,10634557,CI.DRE.--,0
scale2,22689,ok,,0.0,True,True,0.0,0.0,pass,ok,0.054727010705391876,4.354230523109436,10634557,CI.WES.--,1
deterministic_noise,22689,ok,,0.0,True,True,0.0,0.0,pass,ok,0.05471341390511952,4.343894004821777,10634557,CI.WES.--,1
scale2,21756,ok,,0.0,True,True,0.0,0.0,pass,ok,0.06623258348554373,5.641090154647827,10634717,CI.DRE.--,0
deterministic_noise,21756,ok,,0.0,True,True,0.0,0.0,pass,ok,0.06662087235599756,5.566464304924011,10634717,CI.DRE.--,0
scale2,21756,ok,,0.0,True,True,0.0,0.0,pass,ok,0.05719216843135655,5.141064286231995,10634717,CI.WES.--,1
deterministic_noise,21756,ok,,0.0,True,True,0.0,0.0,pass,ok,0.05721411178819835,4.834011077880859,10634717,CI.WES.--,1
scale2,22233,ok,,0.0,True,True,0.0,0.0,pass,ok,0.06441545439884067,4.860759854316711,10634869,CI.DRE.--,0
deterministic_noise,22233,ok,,0.0,True,True,0.0,0.0,pass,ok,0.06459323363378644,4.644870698451996,10634869,CI.DRE.--,0
scale2,22233,ok,,0.0,True,True,0.0,0.0,pass,ok,0.05644288889016025,4.153441846370697,10634869,CI.WES.--,1
deterministic_noise,22233,ok,,0.0,True,True,0.0,0.0,pass,ok,0.05644837536965497,4.435803294181824,10634869,CI.WES.--,1
scale2,22560,ok,,0.0,True,True,0.0,0.0,pass,ok,0.06438108626753092,5.438871145248413,10635781,CI.DRE.--,0
deterministic_noise,22560,ok,,0.0,True,True,0.0,0.0,pass,ok,0.06432630028575659,5.608611822128296,10635781,CI.DRE.--,0
scale2,22560,ok,,0.0,True,True,0.0,0.0,pass,ok,0.05645917874062434,4.666236579418182,10635781,CI.WES.--,1
deterministic_noise,22560,ok,,0.0,True,True,0.0,0.0,pass,ok,0.05637773725902662,4.636576592922211,10635781,CI.WES.--,1
scale2,20892,ok,,0.0,True,True,0.0,0.0,pass,ok,0.06435486277041491,4.932359158992767,10635813,CI.DRE.--,0
deterministic_noise,20892,ok,,0.0,True,True,0.0,0.0,pass,ok,0.06444792101683561,4.719265580177307,10635813,CI.DRE.--,0
scale2,20892,ok,,0.0,True,True,0.0,0.0,pass,ok,0.056536837436397036,4.170422062277794,10635813,CI.WES.--,1
deterministic_noise,20892,ok,,0.0,True,True,0.0,0.0,pass,ok,0.05654237144426588,4.184670329093933,10635813,CI.WES.--,1
scale2,21732,ok,,0.0,True,True,0.0,0.0,pass,ok,0.06536368402885273,4.796476662158966,10636885,CI.DRE.--,0
deterministic_noise,21732,ok,,0.0,True,True,0.0,0.0,pass,ok,0.06535569456173107,4.7996490597724915,10636885,CI.DRE.--,0
scale2,21732,ok,,0.0,True,True,0.0,0.0,pass,ok,0.054989674677926814,4.08570684492588,10636885,CI.WES.--,1
deterministic_noise,21732,ok,,0.0,True,True,0.0,0.0,pass,ok,0.05490401611677953,4.149006426334381,10636885,CI.WES.--,1
scale2,21897,ok,,0.0,True,True,0.0,0.0,pass,ok,0.06543461605906487,5.491187691688538,14680436,CI.DRE.--,0
deterministic_noise,21897,ok,,0.0,True,True,0.0,0.0,pass,ok,0.06561924889683723,5.63456118106842,14680436,CI.DRE.--,0
scale2,21897,ok,,0.0,True,True,0.0,0.0,pass,ok,0.05650446281651966,4.208100974559784,14680436,CI.WES.--,1
deterministic_noise,21897,ok,,0.0,True,True,0.0,0.0,pass,ok,0.05651427342672832,4.089625351130962,14680436,CI.WES.--,1
scale2,23289,ok,,0.0,True,True,0.0,0.0,pass,ok,0.059473803485161625,4.266673743724823,14680500,CI.WES.--,0
deterministic_noise,23289,ok,,0.0,True,True,0.0,0.0,pass,ok,0.05948133558558766,4.245001941919327,14680500,CI.WES.--,0
scale2,23289,ok,,0.0,True,True,0.0,0.0,pass,ok,0.07311653241049498,5.233153581619263,14680500,CI.DRE.--,1
deterministic_noise,23289,ok,,0.0,True,True,0.0,0.0,pass,ok,0.07323531911242753,5.120269417762756,14680500,CI.DRE.--,1
scale2,22263,ok,,0.0,True,True,0.0,0.0,pass,ok,0.05470983080158476,3.9741398841142654,14680868,CI.WES.--,1
deterministic_noise,22263,ok,,0.0,True,True,0.0,0.0,pass,ok,0.054678580243489705,4.2153584361076355,14680868,CI.WES.--,1
scale2,22260,ok,,0.0,True,True,0.0,0.0,pass,ok,0.08908850492116471,4.480901932343841,14680868,CI.IBP.--,2
deterministic_noise,22260,ok,,0.0,True,True,0.0,0.0,pass,ok,0.08908558099392394,4.520650649443269,14680868,CI.IBP.--,2
scale2,22248,ok,,0.0,True,True,0.0,0.0,pass,ok,0.06581374863162637,5.356228470802307,14681116,CI.DRE.--,0
deterministic_noise,22248,ok,,0.0,True,True,0.0,0.0,pass,ok,0.06576023390516639,5.3872597217559814,14681116,CI.DRE.--,0
scale2,22248,ok,,0.0,True,True,0.0,0.0,pass,ok,0.05334504530765116,4.438736170530319,14681116,CI.WES.--,1
deterministic_noise,22248,ok,,0.0,True,True,0.0,0.0,pass,ok,0.053359405836090446,4.344801425933838,14681116,CI.WES.--,1
scale2,22272,ok,,0.0,True,True,0.0,0.0,pass,ok,0.06595450251188595,4.59628826379776,14681124,CI.DRE.--,0
deterministic_noise,22272,ok,,0.0,True,True,0.0,0.0,pass,ok,0.06593886406335514,4.73522675037384,14681124,CI.DRE.--,0
scale2,22272,ok,,0.0,True,True,0.0,0.0,pass,ok,0.05360289424424991,4.028640568256378,14681124,CI.WES.--,1
deterministic_noise,22272,ok,,0.0,True,True,0.0,0.0,pass,ok,0.053575335594359785,4.134211495518684,14681124,CI.WES.--,1
scale2,21954,ok,,0.0,True,True,0.0,0.0,pass,ok,0.06655837292782962,4.7987173199653625,14682092,CI.DRE.--,0
deterministic_noise,21954,ok,,0.0,True,True,0.0,0.0,pass,ok,0.06653829966671765,4.898064017295837,14682092,CI.DRE.--,0
scale2,21954,ok,,0.0,True,True,0.0,0.0,pass,ok,0.053887556336121634,4.272150278091431,14682092,CI.WES.--,1
deterministic_noise,21954,ok,,0.0,True,True,0.0,0.0,pass,ok,0.05386138425092213,4.166940167546272,14682092,CI.WES.--,1
scale2,21786,ok,,0.0,True,True,0.0,0.0,pass,ok,0.07286212890176103,4.500669360160828,14683468,CI.DRE.--,0
deterministic_noise,21786,ok,,0.0,True,True,0.0,0.0,pass,ok,0.07295633555622771,4.798221230506897,14683468,CI.DRE.--,0
scale2,21786,ok,,0.0,True,True,0.0,0.0,pass,ok,0.0565891302539967,4.073907241225243,14683468,CI.WES.--,1
deterministic_noise,21786,ok,,0.0,True,True,0.0,0.0,pass,ok,0.05659510946134105,4.1928326934576035,14683468,CI.WES.--,1
scale2,22008,ok,,0.0,True,True,0.0,0.0,pass,ok,0.07539997692219913,4.692462980747223,14683916,CI.DRE.--,0
deterministic_noise,22008,ok,,0.0,True,True,0.0,0.0,pass,ok,0.07545917038805783,4.7040358781814575,14683916,CI.DRE.--,0
scale2,22011,ok,,0.0,True,True,0.0,0.0,pass,ok,0.05311592663929332,4.1022070944309235,14683916,CI.WES.--,1
deterministic_noise,22011,ok,,0.0,True,True,0.0,0.0,pass,ok,0.05309618641331326,3.9843516498804092,14683916,CI.WES.--,1
scale2,22323,ok,,0.0,True,True,0.0,0.0,pass,ok,0.05737693008268252,4.401128828525543,14684788,CI.WES.--,0
deterministic_noise,22323,ok,,0.0,True,True,0.0,0.0,pass,ok,0.05738214630400762,4.2111207246780396,14684788,CI.WES.--,0
scale2,22323,ok,,0.0,True,True,0.0,0.0,pass,ok,0.08573344773321878,5.369697213172913,14684788,CI.IBP.--,1
deterministic_noise,22323,ok,,0.0,True,True,0.0,0.0,pass,ok,0.08551129275292624,5.182805418968201,14684788,CI.IBP.--,1
scale2,20604,ok,,0.0,True,True,0.0,0.0,pass,ok,0.05427479831269011,4.018550470471382,14684876,CI.WES.--,1
deterministic_noise,20604,ok,,0.0,True,True,0.0,0.0,pass,ok,0.05428550677606836,4.090243473649025,14684876,CI.WES.--,1
scale2,20601,ok,,0.0,True,True,0.0,0.0,pass,ok,0.13411558041207172,4.911974085494876,14684876,CI.BTC.--,2
deterministic_noise,20601,ok,,0.0,True,True,0.0,0.0,pass,ok,0.1341169290817561,4.900297032669187,14684876,CI.BTC.--,2
scale2,21777,ok,,0.0,True,True,0.0,0.0,pass,ok,0.06603830825770274,4.53659325838089,14686692,CI.DRE.--,0
deterministic_noise,21777,ok,,0.0,True,True,0.0,0.0,pass,ok,0.0660300575545989,4.543668478727341,14686692,CI.DRE.--,0
scale2,21777,ok,,0.0,True,True,0.0,0.0,pass,ok,0.052527616047882475,3.974617308471352,14686692,CI.WES.--,1
deterministic_noise,21777,ok,,0.0,True,True,0.0,0.0,pass,ok,0.05251646203396376,4.024334609508514,14686692,CI.WES.--,1
scale2,22257,ok,,0.0,True,True,0.0,0.0,pass,ok,0.06522472696815385,5.354938268661499,14687740,CI.DRE.--,0
deterministic_noise,22257,ok,,0.0,True,True,0.0,0.0,pass,ok,0.06537325931276428,5.281359434127808,14687740,CI.DRE.--,0
scale2,22257,ok,,0.0,True,True,0.0,0.0,pass,ok,0.05304168685688637,4.134656667709351,14687740,CI.WES.--,1
deterministic_noise,22257,ok,,0.0,True,True,0.0,0.0,pass,ok,0.05304829255328514,4.318515986204147,14687740,CI.WES.--,1
scale2,22620,ok,,0.0,True,True,0.0,0.0,pass,ok,0.07236188763636164,4.979127407073975,14687804,CI.DRE.--,0
deterministic_noise,22620,ok,,0.0,True,True,0.0,0.0,pass,ok,0.07245837783557363,5.162103176116943,14687804,CI.DRE.--,0
scale2,22620,ok,,0.0,True,True,0.0,0.0,pass,ok,0.05607263732235879,4.758359670639038,14687804,CI.WES.--,1
deterministic_noise,22620,ok,,0.0,True,True,0.0,0.0,pass,ok,0.056087207165546715,4.619388461112976,14687804,CI.WES.--,1
scale2,22836,ok,,0.0,True,True,0.0,0.0,pass,ok,0.06494401968666352,4.907010436058044,14689228,CI.DRE.--,0
deterministic_noise,22836,ok,,0.0,True,True,0.0,0.0,pass,ok,0.06493041836074553,4.811591863632202,14689228,CI.DRE.--,0
scale2,22836,ok,,0.0,True,True,0.0,0.0,pass,ok,0.05136251668591285,3.95794892066624,14689228,CI.WES.--,1
deterministic_noise,22836,ok,,0.0,True,True,0.0,0.0,pass,ok,0.051337936565687414,4.012841627001762,14689228,CI.WES.--,1
scale2,22995,ok,,0.0,True,True,0.0,0.0,pass,ok,0.05599879613146186,5.038308024406433,14689652,CI.WES.--,0
deterministic_noise,22995,ok,,0.0,True,True,0.0,0.0,pass,ok,0.05603275680914521,4.786446452140808,14689652,CI.WES.--,0
scale2,22995,ok,,0.0,True,True,0.0,0.0,pass,ok,0.07213579630479217,5.9302884340286255,14689652,CI.DRE.--,1
deterministic_noise,22995,ok,,0.0,True,True,0.0,0.0,pass,ok,0.07232209527865052,5.5944812297821045,14689652,CI.DRE.--,1
scale2,21984,ok,,0.0,True,True,0.0,0.0,pass,ok,0.06553044467000291,4.602066278457642,14690804,CI.DRE.--,0
deterministic_noise,21984,ok,,0.0,True,True,0.0,0.0,pass,ok,0.0655817806837149,4.4089575707912445,14690804,CI.DRE.--,0
scale2,21984,ok,,0.0,True,True,0.0,0.0,pass,ok,0.05173778533935547,4.110579654574394,14690804,CI.WES.--,1
deterministic_noise,21984,ok,,0.0,True,True,0.0,0.0,pass,ok,0.051740940660238266,3.940207213163376,14690804,CI.WES.--,1
scale2,21912,ok,,0.0,True,True,0.0,0.0,pass,ok,0.06639762295526452,5.216355562210083,14692612,CI.DRE.--,0
deterministic_noise,21912,ok,,0.0,True,True,0.0,0.0,pass,ok,0.06638340579229407,5.14220666885376,14692612,CI.DRE.--,0
scale2,21912,ok,,0.0,True,True,0.0,0.0,pass,ok,0.05119718890182412,4.093493700027466,14692612,CI.WES.--,1
deterministic_noise,21912,ok,,0.0,True,True,0.0,0.0,pass,ok,0.05115186889179313,4.177384406328201,14692612,CI.WES.--,1
scale2,21150,ok,,0.0,True,True,0.0,0.0,pass,ok,0.06632520636776462,4.760929107666016,14692700,CI.DRE.--,0
deterministic_noise,21150,ok,,0.0,True,True,0.0,0.0,pass,ok,0.06631798663875088,4.5587416887283325,14692700,CI.DRE.--,0
scale2,21150,ok,,0.0,True,True,0.0,0.0,pass,ok,0.05145395458384883,4.0629454255104065,14692700,CI.WES.--,1
deterministic_noise,21150,ok,,0.0,True,True,0.0,0.0,pass,ok,0.05143176107958425,4.147605270147324,14692700,CI.WES.--,1
scale2,22245,ok,,0.0,True,True,0.0,0.0,pass,ok,0.06588735152035952,6.621931314468384,14692836,CI.DRE.--,0
deterministic_noise,22245,ok,,0.0,True,True,0.0,0.0,pass,ok,0.06693128775805235,6.34580135345459,14692836,CI.DRE.--,0
scale2,22245,ok,,0.0,True,True,0.0,0.0,pass,ok,0.05245780578115955,5.4058932065963745,14692836,CI.WES.--,1
deterministic_noise,22245,ok,,0.0,True,True,0.0,0.0,pass,ok,0.05251030245563015,5.0062888860702515,14692836,CI.WES.--,1
scale2,22266,ok,,0.0,True,True,0.0,0.0,pass,ok,0.1333707023295574,5.331540882587433,14692844,CI.SCZ2.--,0
deterministic_noise,22266,ok,,0.0,True,True,0.0,0.0,pass,ok,0.13337000721367076,5.248731076717377,14692844,CI.SCZ2.--,0
scale2,22266,ok,,0.0,True,True,0.0,0.0,pass,ok,0.11304275953443721,4.898031637072563,14692844,CI.NJQ.--,2
deterministic_noise,22266,ok,,0.0,True,True,0.0,0.0,pass,ok,0.11304519808618352,4.781471431255341,14692844,CI.NJQ.--,2
scale2,22245,ok,,0.0,True,True,0.0,0.0,pass,ok,0.13614501476695295,4.947805339470506,14694564,CI.SCZ2.--,0
deterministic_noise,22245,ok,,0.0,True,True,0.0,0.0,pass,ok,0.13614466368744615,5.06528577208519,14694564,CI.SCZ2.--,0
scale2,22245,ok,,0.0,True,True,0.0,0.0,pass,ok,0.1141781087644631,4.880262225866318,14694564,CI.NJQ.--,2
deterministic_noise,22245,ok,,0.0,True,True,0.0,0.0,pass,ok,0.1141803164355224,4.803622901439667,14694564,CI.NJQ.--,2
scale2,21948,ok,,0.0,True,True,0.0,0.0,pass,ok,0.06744108389102621,5.157230734825134,14694636,CI.DRE.--,0
deterministic_noise,21948,ok,,0.0,True,True,0.0,0.0,pass,ok,0.06741709222114878,5.219512462615967,14694636,CI.DRE.--,0
scale2,21948,ok,,0.0,True,True,0.0,0.0,pass,ok,0.05083987711259397,4.235466659069061,14694636,CI.WES.--,1
deterministic_noise,21948,ok,,0.0,True,True,0.0,0.0,pass,ok,0.050801409051928204,4.237672805786133,14694636,CI.WES.--,1
scale2,22203,ok,,0.0,True,True,0.0,0.0,pass,ok,0.07573210081318393,4.95126610994339,14695300,CI.DRE.--,0
deterministic_noise,22203,ok,,0.0,True,True,0.0,0.0,pass,ok,0.07577553758164868,4.819670379161835,14695300,CI.DRE.--,0
scale2,22206,ok,,0.0,True,True,0.0,0.0,pass,ok,0.04995497745403554,4.0820348262786865,14695300,CI.WES.--,1
deterministic_noise,22206,ok,,0.0,True,True,0.0,0.0,pass,ok,0.049929059474379756,3.958528831601143,14695300,CI.WES.--,1
scale2,20949,ok,,0.0,True,True,0.0,0.0,pass,ok,0.06750273696525255,4.361192137002945,14695340,CI.DRE.--,0
deterministic_noise,20949,ok,,0.0,True,True,0.0,0.0,pass,ok,0.06749652334110579,4.348445117473602,14695340,CI.DRE.--,0
scale2,20949,ok,,0.0,True,True,0.0,0.0,pass,ok,0.04950498672315007,3.9125403640791774,14695340,CI.WES.--,1
deterministic_noise,20949,ok,,0.0,True,True,0.0,0.0,pass,ok,0.04949060572198505,3.9464047700166702,14695340,CI.WES.--,1
scale2,22551,ok,,0.0,True,True,0.0,0.0,pass,ok,0.07349809288280085,4.765825003385544,14696612,CI.DRE.--,0
deterministic_noise,22551,ok,,0.0,True,True,0.0,0.0,pass,ok,0.07357322395546362,4.476931661367416,14696612,CI.DRE.--,0
scale2,22551,ok,,0.0,True,True,0.0,0.0,pass,ok,0.052310867213236634,4.043129324913025,14696612,CI.WES.--,1
deterministic_noise,22551,ok,,0.0,True,True,0.0,0.0,pass,ok,0.0523142125675804,4.065750651061535,14696612,CI.WES.--,1
scale2,22542,ok,,0.0,True,True,0.0,0.0,pass,ok,0.07186450017616153,4.995433330535889,14697788,CI.DRE.--,0
deterministic_noise,22542,ok,,0.0,True,True,0.0,0.0,pass,ok,0.07203581975772977,5.178880751132965,14697788,CI.DRE.--,0
scale2,22542,ok,,0.0,True,True,0.0,0.0,pass,ok,0.051064670900814235,3.903960958123207,14697788,CI.WES.--,1
deterministic_noise,22542,ok,,0.0,True,True,0.0,0.0,pass,ok,0.051069448818452656,4.067835777997971,14697788,CI.WES.--,1
scale2,22686,ok,,0.0,True,True,0.0,0.0,pass,ok,0.06941315392032266,5.8466477394104,14697796,CI.DRE.--,0
deterministic_noise,22686,ok,,0.0,True,True,0.0,0.0,pass,ok,0.06934542348608375,5.404411792755127,14697796,CI.DRE.--,0
scale2,22686,ok,,0.0,True,True,0.0,0.0,pass,ok,0.04939342809666414,4.514791190624237,14697796,CI.WES.--,1
deterministic_noise,22686,ok,,0.0,True,True,0.0,0.0,pass,ok,0.04932203369389754,4.2515367567539215,14697796,CI.WES.--,1
scale2,21810,ok,,0.0,True,True,0.0,0.0,pass,ok,0.07887040125206113,5.136564612388611,10657277,CI.DRE.--,0
deterministic_noise,21810,ok,,0.0,True,True,0.0,0.0,pass,ok,0.07902973843738437,5.144249677658081,10657277,CI.DRE.--,0
scale2,21813,ok,,0.0,True,True,0.0,0.0,pass,ok,0.04865863475788501,4.283619284629822,10657277,CI.WES.--,1
deterministic_noise,21813,ok,,0.0,True,True,0.0,0.0,pass,ok,0.048597988450637786,4.1572796404361725,10657277,CI.WES.--,1
scale2,22506,ok,,0.0,True,True,0.0,0.0,pass,ok,0.07850407087244093,5.871225833892822,10657565,CI.DRE.--,0
deterministic_noise,22506,ok,,0.0,True,True,0.0,0.0,pass,ok,0.07869927561841905,5.83904767036438,10657565,CI.DRE.--,0
scale2,22509,ok,,0.0,True,True,0.0,0.0,pass,ok,0.06014548521488905,6.058274507522583,10657565,CI.WES.--,1
deterministic_noise,22509,ok,,0.0,True,True,0.0,0.0,pass,ok,0.05832693073898554,6.476932048797607,10657565,CI.WES.--,1
scale2,24408,ok,,0.0,True,True,0.0,0.0,pass,ok,0.040157356299459934,5.855683088302612,10657701,CI.BCW.--,0
deterministic_noise,24408,ok,,0.0,True,True,0.0,0.0,pass,ok,0.04212668398395181,5.9010820388793945,10657701,CI.BCW.--,0
scale2,24408,ok,,0.0,True,True,0.0,0.0,pass,ok,0.11317834071815014,7.21041202545166,10657701,CI.TFT.--,1
deterministic_noise,24408,ok,,0.0,True,True,0.0,0.0,pass,ok,0.1120013240724802,7.641955852508545,10657701,CI.TFT.--,1
scale2,22404,ok,,0.0,True,True,0.0,0.0,pass,ok,0.07028367894235998,4.79751181602478,10657981,CI.DRE.--,0
deterministic_noise,22404,ok,,0.0,True,True,0.0,0.0,pass,ok,0.0702766872709617,4.629531502723694,10657981,CI.DRE.--,0
scale2,22404,ok,,0.0,True,True,0.0,0.0,pass,ok,0.046725386251637246,3.9253048226237297,10657981,CI.WES.--,1
deterministic_noise,22404,ok,,0.0,True,True,0.0,0.0,pass,ok,0.046706358472874854,3.8310707472264767,10657981,CI.WES.--,1
scale2,23292,ok,,0.0,True,True,0.0,0.0,pass,ok,0.04753670636273455,3.9088538736104965,10658461,CI.WES.--,0
deterministic_noise,23292,ok,,0.0,True,True,0.0,0.0,pass,ok,0.04749449547671247,4.032894238829613,10658461,CI.WES.--,0
scale2,23289,ok,,0.0,True,True,0.0,0.0,pass,ok,0.07996820114203729,5.17147970199585,10658461,CI.DRE.--,1
deterministic_noise,23289,ok,,0.0,True,True,0.0,0.0,pass,ok,0.08001861520460807,4.815827250480652,10658461,CI.DRE.--,1
scale2,22047,ok,,0.0,True,True,0.0,0.0,pass,ok,0.04821127598188468,3.978336125612259,10659101,CI.WES.--,1
deterministic_noise,22047,ok,,0.0,True,True,0.0,0.0,pass,ok,0.04818570668794564,4.065865248441696,10659101,CI.WES.--,1
scale2,22044,ok,,0.0,True,True,0.0,0.0,pass,ok,0.13639087714182097,4.9481210727244616,10659101,CI.BTC.--,2
deterministic_noise,22044,ok,,0.0,True,True,0.0,0.0,pass,ok,0.13639113567842287,4.897540567442775,10659101,CI.BTC.--,2
scale2,23259,ok,,0.0,True,True,0.0,0.0,pass,ok,0.04776271287119016,4.151157736778259,10659325,CI.WES.--,0
deterministic_noise,23259,ok,,0.0,True,True,0.0,0.0,pass,ok,0.0477179191657342,4.112871080636978,10659325,CI.WES.--,0
scale2,23256,ok,,0.0,True,True,0.0,0.0,pass,ok,0.07971969246864319,5.067194640636444,10659325,CI.DRE.--,1
deterministic_noise,23256,ok,,0.0,True,True,0.0,0.0,pass,ok,0.07980883121490479,4.961024045944214,10659325,CI.DRE.--,1
scale2,21873,ok,,0.0,True,True,0.0,0.0,pass,ok,0.07096185418777168,4.929190814495087,10659469,CI.DRE.--,0
deterministic_noise,21873,ok,,0.0,True,True,0.0,0.0,pass,ok,0.07093697902746499,4.682237207889557,10659469,CI.DRE.--,0
scale2,21873,ok,,0.0,True,True,0.0,0.0,pass,ok,0.04660192426672438,3.950213722884655,10659469,CI.WES.--,1
deterministic_noise,21873,ok,,0.0,True,True,0.0,0.0,pass,ok,0.04656951952347299,3.9600985646247864,10659469,CI.WES.--,1
scale2,22062,ok,,0.0,True,True,0.0,0.0,pass,ok,0.07178713683970273,4.830704867839813,10659597,CI.DRE.--,0
deterministic_noise,22062,ok,,0.0,True,True,0.0,0.0,pass,ok,0.07189110363833606,4.918315231800079,10659597,CI.DRE.--,0
scale2,22062,ok,,0.0,True,True,0.0,0.0,pass,ok,0.047082777455216274,3.9421958327293396,10659597,CI.WES.--,1
deterministic_noise,22062,ok,,0.0,True,True,0.0,0.0,pass,ok,0.04709444256150164,3.835257813334465,10659597,CI.WES.--,1
scale2,22638,ok,,0.0,True,True,0.0,0.0,pass,ok,0.07092735261539929,4.585428982973099,10660221,CI.DRE.--,0
deterministic_noise,22638,ok,,0.0,True,True,0.0,0.0,pass,ok,0.07091395466704853,4.402408003807068,10660221,CI.DRE.--,0
scale2,22638,ok,,0.0,True,True,0.0,0.0,pass,ok,0.04791776751517318,3.9745455905795097,10660221,CI.WES.--,1
deterministic_noise,22638,ok,,0.0,True,True,0.0,0.0,pass,ok,0.047897116193780676,3.9326671473681927,10660221,CI.WES.--,1
scale2,22239,ok,,0.0,True,True,0.0,0.0,pass,ok,0.07048115425277501,5.0515318512916565,10660557,CI.DRE.--,0
deterministic_noise,22239,ok,,0.0,True,True,0.0,0.0,pass,ok,0.07065118558239192,4.997600317001343,10660557,CI.DRE.--,0
scale2,22239,ok,,0.0,True,True,0.0,0.0,pass,ok,0.048022429225966334,3.993645668029785,10660557,CI.WES.--,1
deterministic_noise,22239,ok,,0.0,True,True,0.0,0.0,pass,ok,0.04802998271770775,4.156454712152481,10660557,CI.WES.--,1
scale2,21378,ok,,0.0,True,True,0.0,0.0,pass,ok,0.07025287166470662,4.91267454624176,10661573,CI.DRE.--,0
deterministic_noise,21378,ok,,0.0,True,True,0.0,0.0,pass,ok,0.07024337485199794,4.944186091423035,10661573,CI.DRE.--,0
scale2,21378,ok,,0.0,True,True,0.0,0.0,pass,ok,0.04706354333029594,4.062787964940071,10661573,CI.WES.--,1
deterministic_noise,21378,ok,,0.0,True,True,0.0,0.0,pass,ok,0.04704680027498398,3.989293932914734,10661573,CI.WES.--,1
scale2,22002,ok,,0.0,True,True,0.0,0.0,pass,ok,0.07595089811366051,5.221870064735413,14715916,CI.DRE.--,0
deterministic_noise,22002,ok,,0.0,True,True,0.0,0.0,pass,ok,0.07609323423821479,4.959638357162476,14715916,CI.DRE.--,0
scale2,22002,ok,,0.0,True,True,0.0,0.0,pass,ok,0.04502095692441799,3.985696792602539,14715916,CI.WES.--,1
deterministic_noise,22002,ok,,0.0,True,True,0.0,0.0,pass,ok,0.04503011665656231,4.135652840137482,14715916,CI.WES.--,1
scale2,21666,ok,,0.0,True,True,0.0,0.0,pass,ok,0.09859041334857466,4.735229551792145,14716692,CI.GATR.--,0
deterministic_noise,21666,ok,,0.0,True,True,0.0,0.0,pass,ok,0.0986373030973482,4.696090050041676,14716692,CI.GATR.--,0
scale2,21666,ok,,0.0,True,True,0.0,0.0,pass,ok,0.12132696158369072,4.900459289550781,14716692,CI.NJQ.--,1
deterministic_noise,21666,ok,,0.0,True,True,0.0,0.0,pass,ok,0.12133238368551247,4.944751977920532,14716692,CI.NJQ.--,1
scale2,21996,ok,,0.0,True,True,0.0,0.0,pass,ok,0.07191403649630956,4.69620543718338,14720524,CI.DRE.--,0
deterministic_noise,21996,ok,,0.0,True,True,0.0,0.0,pass,ok,0.07190655477461405,4.41820165514946,14720524,CI.DRE.--,0
scale2,21996,ok,,0.0,True,True,0.0,0.0,pass,ok,0.17677216927404515,5.477369070053101,14720524,CI.WES.--,1
deterministic_noise,21996,ok,,0.0,True,True,0.0,0.0,pass,ok,0.17678635616903193,5.212585955858231,14720524,CI.WES.--,1
scale2,22092,ok,,0.0,True,True,0.0,0.0,pass,ok,0.07085467799333856,4.777891218662262,14722260,CI.DRE.--,0
deterministic_noise,22092,ok,,0.0,True,True,0.0,0.0,pass,ok,0.07092945353360847,4.618653774261475,14722260,CI.DRE.--,0
scale2,22092,ok,,0.0,True,True,0.0,0.0,pass,ok,0.1769538314692909,5.2103453278541565,14722260,CI.WES.--,1
deterministic_noise,22092,ok,,0.0,True,True,0.0,0.0,pass,ok,0.17695414110494312,5.35914221405983,14722260,CI.WES.--,1
scale2,21459,ok,,0.0,True,True,0.0,0.0,pass,ok,0.0763207130949013,4.846851885318756,14723412,CI.DRE.--,0
deterministic_noise,21459,ok,,0.0,True,True,0.0,0.0,pass,ok,0.07637704379158095,4.855814516544342,14723412,CI.DRE.--,0
scale2,21459,ok,,0.0,True,True,0.0,0.0,pass,ok,0.19010106684072525,5.336257070302963,14723412,CI.WES.--,1
deterministic_noise,21459,ok,,0.0,True,True,0.0,0.0,pass,ok,0.19010432599679916,5.284191872924566,14723412,CI.WES.--,1
scale2,21642,ok,,0.0,True,True,0.0,0.0,pass,ok,0.09728754300158471,5.655665397644043,14723532,CI.OLP.--,0
deterministic_noise,21642,ok,,0.0,True,True,0.0,0.0,pass,ok,0.09730264556128532,5.661788582801819,14723532,CI.OLP.--,0
scale2,21645,ok,,0.0,True,True,0.0,0.0,pass,ok,0.05187771798227914,4.267130136489868,14723532,CI.SDG.--,1
deterministic_noise,21645,ok,,0.0,True,True,0.0,0.0,pass,ok,0.05195549174095504,4.160769879817963,14723532,CI.SDG.--,1
scale2,21657,ok,,0.0,True,True,0.0,0.0,pass,ok,0.09227004239801317,5.366139769554138,14723540,CI.OLP.--,0
deterministic_noise,21657,ok,,0.0,True,True,0.0,0.0,pass,ok,0.09222749283071607,5.631173014640808,14723540,CI.OLP.--,0
scale2,21657,ok,,0.0,True,True,0.0,0.0,pass,ok,0.052330662845633924,4.225032329559326,14723540,CI.SDG.--,1
deterministic_noise,21657,ok,,0.0,True,True,0.0,0.0,pass,ok,0.0523595834383741,4.688347101211548,14723540,CI.SDG.--,1
scale2,22386,ok,,0.0,True,True,0.0,0.0,pass,ok,0.07110783793905284,4.4439690709114075,14723732,CI.DRE.--,0
deterministic_noise,22386,ok,,0.0,True,True,0.0,0.0,pass,ok,0.07110159508010838,4.446565002202988,14723732,CI.DRE.--,0
scale2,22386,ok,,0.0,True,True,0.0,0.0,pass,ok,0.17663661058759317,5.332754746079445,14723732,CI.WES.--,1
deterministic_noise,22386,ok,,0.0,True,True,0.0,0.0,pass,ok,0.17664372507715598,5.2382583022117615,14723732,CI.WES.--,1
scale2,23175,ok,,0.0,True,True,0.0,0.0,pass,ok,0.1764856974768918,6.177271008491516,14724004,CI.WES.--,0
deterministic_noise,23175,ok,,0.0,True,True,0.0,0.0,pass,ok,0.17653441920992918,6.200525403022766,14724004,CI.WES.--,0
scale2,23175,ok,,0.0,True,True,0.0,0.0,pass,ok,0.07116371231677476,5.190170168876648,14724004,CI.DRE.--,1
deterministic_noise,23175,ok,,0.0,True,True,0.0,0.0,pass,ok,0.07115028960106429,4.896036505699158,14724004,CI.DRE.--,1
scale2,23292,ok,,0.0,True,True,0.0,0.0,pass,ok,0.17685947470818064,5.421533763408661,14724020,CI.WES.--,0
deterministic_noise,23292,ok,,0.0,True,True,0.0,0.0,pass,ok,0.17687382645453908,5.312753736972809,14724020,CI.WES.--,0
scale2,23292,ok,,0.0,True,True,0.0,0.0,pass,ok,0.07117921812459826,4.484183102846146,14724020,CI.DRE.--,1
deterministic_noise,23292,ok,,0.0,True,True,0.0,0.0,pass,ok,0.07117291586473584,4.605093002319336,14724020,CI.DRE.--,1
scale2,23241,ok,,0.0,True,True,0.0,0.0,pass,ok,0.17680963514249015,5.815892517566681,14724044,CI.WES.--,0
deterministic_noise,23241,ok,,0.0,True,True,0.0,0.0,pass,ok,0.17684786381323647,5.760865330696106,14724044,CI.WES.--,0
scale2,23241,ok,,0.0,True,True,0.0,0.0,pass,ok,0.07114307628944516,4.974592566490173,14724044,CI.DRE.--,1
deterministic_noise,23241,ok,,0.0,True,True,0.0,0.0,pass,ok,0.0711306850425899,5.218454837799072,14724044,CI.DRE.--,1
scale2,21585,ok,,0.0,True,True,0.0,0.0,pass,ok,0.07193151836690959,4.587711930274963,14725268,CI.DRE.--,0
deterministic_noise,21585,ok,,0.0,True,True,0.0,0.0,pass,ok,0.07196462924184743,4.585626065731049,14725268,CI.DRE.--,0
scale2,21585,ok,,0.0,True,True,0.0,0.0,pass,ok,0.17710859026556136,5.220965206623077,14725268,CI.WES.--,1
deterministic_noise,21585,ok,,0.0,True,True,0.0,0.0,pass,ok,0.1771088198220241,5.270237036049366,14725268,CI.WES.--,1
scale2,22101,ok,,0.0,True,True,0.0,0.0,pass,ok,0.07251634541898966,6.2276177406311035,14725676,CI.DRE.--,0
deterministic_noise,22101,ok,,0.0,True,True,0.0,0.0,pass,ok,0.0733185550197959,6.244901657104492,14725676,CI.DRE.--,0
scale2,22101,ok,,0.0,True,True,0.0,0.0,pass,ok,0.17746522086963523,6.503020763397217,14725676,CI.WES.--,1
deterministic_noise,22101,ok,,0.0,True,True,0.0,0.0,pass,ok,0.17746734064712655,6.507672548294067,14725676,CI.WES.--,1
scale2,22080,ok,,0.0,True,True,0.0,0.0,pass,ok,0.07209804997546598,4.689369291067123,14725764,CI.DRE.--,0
deterministic_noise,22080,ok,,0.0,True,True,0.0,0.0,pass,ok,0.07220115914242342,4.814183831214905,14725764,CI.DRE.--,0
scale2,22080,ok,,0.0,True,True,0.0,0.0,pass,ok,0.17723759423097363,5.307514041662216,14725764,CI.WES.--,1
deterministic_noise,22080,ok,,0.0,True,True,0.0,0.0,pass,ok,0.17723793377081165,5.284034833312035,14725764,CI.WES.--,1
scale2,22239,ok,,0.0,True,True,0.0,0.0,pass,ok,0.07266381045337766,5.039434790611267,14726244,CI.DRE.--,0
deterministic_noise,22239,ok,,0.0,True,True,0.0,0.0,pass,ok,0.072854008176364,5.257332444190979,14726244,CI.DRE.--,0
scale2,22239,ok,,0.0,True,True,0.0,0.0,pass,ok,0.17726927656622138,5.434142827987671,14726244,CI.WES.--,1
deterministic_noise,22239,ok,,0.0,True,True,0.0,0.0,pass,ok,0.17727014761476312,5.494086742401123,14726244,CI.WES.--,1
scale2,21579,ok,,0.0,True,True,0.0,0.0,pass,ok,0.07234588950814214,5.4529619216918945,14727108,CI.DRE.--,0
deterministic_noise,21579,ok,,0.0,True,True,0.0,0.0,pass,ok,0.07232327818928752,5.4558422565460205,14727108,CI.DRE.--,0
scale2,21579,ok,,0.0,True,True,0.0,0.0,pass,ok,0.17685270847869106,5.687970042228699,14727108,CI.WES.--,1
deterministic_noise,21579,ok,,0.0,True,True,0.0,0.0,pass,ok,0.17687071321415715,5.645776987075806,14727108,CI.WES.--,1
scale2,21768,ok,,0.0,True,True,0.0,0.0,pass,ok,0.07484034181106836,4.941617846488953,14731660,CI.DRE.--,0
deterministic_noise,21768,ok,,0.0,True,True,0.0,0.0,pass,ok,0.07482601969968528,5.1543121337890625,14731660,CI.DRE.--,0
scale2,21768,ok,,0.0,True,True,0.0,0.0,pass,ok,0.17749251518398523,5.595498859882355,14731660,CI.WES.--,1
deterministic_noise,21768,ok,,0.0,True,True,0.0,0.0,pass,ok,0.17750713136047125,5.523778915405273,14731660,CI.WES.--,1
scale2,22281,ok,,0.0,True,True,0.0,0.0,pass,ok,0.07478759196237661,4.8740692138671875,14731716,CI.DRE.--,0
deterministic_noise,22281,ok,,0.0,True,True,0.0,0.0,pass,ok,0.07476922366186045,4.722998708486557,14731716,CI.DRE.--,0
scale2,22281,ok,,0.0,True,True,0.0,0.0,pass,ok,0.17755113988096127,5.3091437220573425,14731716,CI.WES.--,1
deterministic_noise,22281,ok,,0.0,True,True,0.0,0.0,pass,ok,0.17756610662763705,5.287764757871628,14731716,CI.WES.--,1
scale2,21636,ok,,0.0,True,True,0.0,0.0,pass,ok,0.07692776911426336,5.489802360534668,14732212,CI.DRE.--,0
deterministic_noise,21636,ok,,0.0,True,True,0.0,0.0,pass,ok,0.07711067504715174,5.752737402915955,14732212,CI.DRE.--,0
scale2,21636,ok,,0.0,True,True,0.0,0.0,pass,ok,0.1830686838075053,6.021365165710449,14732212,CI.WES.--,1
deterministic_noise,21636,ok,,0.0,True,True,0.0,0.0,pass,ok,0.1830768971994985,5.913484811782837,14732212,CI.WES.--,1
scale2,21855,ok,,0.0,True,True,0.0,0.0,pass,ok,0.07546984450891614,5.574097394943237,14732844,CI.DRE.--,0
deterministic_noise,21855,ok,,0.0,True,True,0.0,0.0,pass,ok,0.07544656796380877,5.736861824989319,14732844,CI.DRE.--,0
scale2,21855,ok,,0.0,True,True,0.0,0.0,pass,ok,0.17761127745325211,5.481330513954163,14732844,CI.WES.--,1
deterministic_noise,21855,ok,,0.0,True,True,0.0,0.0,pass,ok,0.17762865031545516,5.39838133752346,14732844,CI.WES.--,1
scale2,25161,ok,,0.0,True,True,0.0,0.0,pass,ok,0.2520903749682475,8.377047300338745,14733300,CI.SAL.--,0
deterministic_noise,25161,ok,,0.0,True,True,0.0,0.0,pass,ok,0.25978519720956683,8.364161491394043,14733300,CI.SAL.--,0
scale2,25158,ok,,0.0,True,True,0.0,0.0,pass,ok,0.28295315770083107,5.8614747524261475,14733300,CI.ERR.--,1
deterministic_noise,25158,ok,,0.0,True,True,0.0,0.0,pass,ok,0.282941833458608,5.922912687063217,14733300,CI.ERR.--,1
scale2,24453,ok,,0.0,True,True,0.0,0.0,pass,ok,0.1774223307147622,7.576220750808716,14733516,CI.WES.--,0
deterministic_noise,24453,ok,,0.0,True,True,0.0,0.0,pass,ok,0.1774520566686988,7.613248348236084,14733516,CI.WES.--,0
scale2,24453,ok,,0.0,True,True,0.0,0.0,pass,ok,0.07146440935321152,6.841838359832764,14733516,CI.IBP.--,1
deterministic_noise,24453,ok,,0.0,True,True,0.0,0.0,pass,ok,0.07241050410084426,6.580834865570068,14733516,CI.IBP.--,1
scale2,21477,ok,,0.0,True,True,0.0,0.0,pass,ok,0.07819264492718503,5.24115777015686,14736108,CI.DRE.--,0
deterministic_noise,21477,ok,,0.0,True,True,0.0,0.0,pass,ok,0.07816778757842258,5.107758104801178,14736108,CI.DRE.--,0
scale2,21477,ok,,0.0,True,True,0.0,0.0,pass,ok,0.17794252480962314,5.490134954452515,14736108,CI.WES.--,1
deterministic_noise,21477,ok,,0.0,True,True,0.0,0.0,pass,ok,0.17795306895277463,5.382000088691711,14736108,CI.WES.--,1
scale2,21390,ok,,0.0,True,True,0.0,0.0,pass,ok,0.08445416111499071,5.545155882835388,14737396,CI.DRE.--,0
deterministic_noise,21390,ok,,0.0,True,True,0.0,0.0,pass,ok,0.08459760528057814,5.497080683708191,14737396,CI.DRE.--,0
scale2,21390,ok,,0.0,True,True,0.0,0.0,pass,ok,0.18807149611529894,5.538351207971573,14737396,CI.WES.--,1
deterministic_noise,21390,ok,,0.0,True,True,0.0,0.0,pass,ok,0.18807534195366316,5.280114859342575,14737396,CI.WES.--,1
scale2,21411,ok,,0.0,True,True,0.0,0.0,pass,ok,0.08976976058329456,4.6169902086257935,14737476,CI.DRE.--,0
deterministic_noise,21411,ok,,0.0,True,True,0.0,0.0,pass,ok,0.08978540965472348,4.743929073214531,14737476,CI.DRE.--,0
scale2,21411,ok,,0.0,True,True,0.0,0.0,pass,ok,0.1998150749859633,5.219630099833012,14737476,CI.WES.--,1
deterministic_noise,21411,ok,,0.0,True,True,0.0,0.0,pass,ok,0.19981857102538925,5.3851558193564415,14737476,CI.WES.--,1
scale2,22566,ok,,0.0,True,True,0.0,0.0,pass,ok,0.09148328163428232,5.081443727016449,14740124,CI.DRE.--,0
deterministic_noise,22566,ok,,0.0,True,True,0.0,0.0,pass,ok,0.09153745166258886,5.065150022506714,14740124,CI.DRE.--,0
scale2,22566,ok,,0.0,True,True,0.0,0.0,pass,ok,0.19972068193601444,5.369105860590935,14740124,CI.WES.--,1
deterministic_noise,22566,ok,,0.0,True,True,0.0,0.0,pass,ok,0.1997502135927789,5.358604341745377,14740124,CI.WES.--,1
scale2,22386,ok,,0.0,True,True,0.0,0.0,pass,ok,0.08978743460465921,5.255040884017944,14740500,CI.DRE.--,0
deterministic_noise,22386,ok,,0.0,True,True,0.0,0.0,pass,ok,0.08988063428114401,5.187770843505859,14740500,CI.DRE.--,0
scale2,22386,ok,,0.0,True,True,0.0,0.0,pass,ok,0.1971162372337858,5.6466134786605835,14740500,CI.WES.--,1
deterministic_noise,22386,ok,,0.0,True,True,0.0,0.0,pass,ok,0.19714020555147727,5.637947261333466,14740500,CI.WES.--,1
scale2,22278,ok,,0.0,True,True,0.0,0.0,pass,ok,0.19222075074503664,5.409889072179794,10699885,CI.WES.--,0
deterministic_noise,22278,ok,,0.0,True,True,0.0,0.0,pass,ok,0.1922313836257672,5.283723965287209,10699885,CI.WES.--,0
scale2,22281,ok,,0.0,True,True,0.0,0.0,pass,ok,0.14065170434878382,4.951380372047424,10699885,CI.BTC.--,1
deterministic_noise,22281,ok,,0.0,True,True,0.0,0.0,pass,ok,0.1406454429252335,4.9645947786048055,10699885,CI.BTC.--,1
scale2,22557,ok,,0.0,True,True,0.0,0.0,pass,ok,0.08664244765532203,5.481034517288208,10158162,CI.DRE.--,0
deterministic_noise,22557,ok,,0.0,True,True,0.0,0.0,pass,ok,0.08673426156747155,5.144101083278656,10158162,CI.DRE.--,0
scale2,22557,ok,,0.0,True,True,0.0,0.0,pass,ok,0.18866274988977239,5.30624695122242,10158162,CI.WES.--,1
deterministic_noise,22557,ok,,0.0,True,True,0.0,0.0,pass,ok,0.1886653330293484,5.250153005123138,10158162,CI.WES.--,1
scale2,22188,ok,,0.0,True,True,0.0,0.0,pass,ok,0.08202981494832784,5.816792845726013,10700149,CI.DRE.--,0
deterministic_noise,22188,ok,,0.0,True,True,0.0,0.0,pass,ok,0.0819940835935995,5.817306399345398,10700149,CI.DRE.--,0
scale2,22188,ok,,0.0,True,True,0.0,0.0,pass,ok,0.17854253834229894,5.416340380907059,10700149,CI.WES.--,1
deterministic_noise,22188,ok,,0.0,True,True,0.0,0.0,pass,ok,0.17855535561102442,5.250453427433968,10700149,CI.WES.--,1
scale2,22755,ok,,0.0,True,True,0.0,0.0,pass,ok,0.09147507201123517,5.9571616649627686,10700293,CI.DRE.--,0
deterministic_noise,22755,ok,,0.0,True,True,0.0,0.0,pass,ok,0.091782075658557,6.139955043792725,10700293,CI.DRE.--,0
scale2,22755,ok,,0.0,True,True,0.0,0.0,pass,ok,0.20009577323799022,5.799558401107788,10700293,CI.WES.--,1
deterministic_noise,22755,ok,,0.0,True,True,0.0,0.0,pass,ok,0.20016623983974569,5.947237014770508,10700293,CI.WES.--,1
scale2,22629,ok,,0.0,True,True,0.0,0.0,pass,ok,0.08138817176222801,7.07115626335144,10700429,CI.DRE.--,0
deterministic_noise,22629,ok,,0.0,True,True,0.0,0.0,pass,ok,0.08122820779681206,7.06764554977417,10700429,CI.DRE.--,0
scale2,22629,ok,,0.0,True,True,0.0,0.0,pass,ok,0.17866301638423465,5.970601677894592,10700429,CI.WES.--,1
deterministic_noise,22629,ok,,0.0,True,True,0.0,0.0,pass,ok,0.17870454388321377,5.919737756252289,10700429,CI.WES.--,1
scale2,22557,ok,,0.0,True,True,0.0,0.0,pass,ok,0.0876868377745268,5.594008922576904,10158242,CI.DRE.--,0
deterministic_noise,22557,ok,,0.0,True,True,0.0,0.0,pass,ok,0.08785284205077915,5.620194435119629,10158242,CI.DRE.--,0
scale2,22557,ok,,0.0,True,True,0.0,0.0,pass,ok,0.19232714214740554,5.354737006127834,10158242,CI.WES.--,1
deterministic_noise,22557,ok,,0.0,True,True,0.0,0.0,pass,ok,0.19233120939315995,5.21930205821991,10158242,CI.WES.--,1
scale2,24696,ok,,0.0,True,True,0.0,0.0,pass,ok,0.03005805192515254,5.205793857574463,10701413,CI.BOR.--,0
deterministic_noise,24696,ok,,0.0,True,True,0.0,0.0,pass,ok,0.029694485012441874,5.171101808547974,10701413,CI.BOR.--,0
scale2,24696,ok,,0.0,True,True,0.0,0.0,pass,ok,0.047676387475803494,5.3239312171936035,10701413,CI.TOR.--,1
deterministic_noise,24696,ok,,0.0,True,True,0.0,0.0,pass,ok,0.047550518764182925,5.3065420389175415,10701413,CI.TOR.--,1
scale2,23274,ok,,0.0,True,True,0.0,0.0,pass,ok,0.17916780605446547,5.9834712743759155,10702837,CI.WES.--,0
deterministic_noise,23274,ok,,0.0,True,True,0.0,0.0,pass,ok,0.17921148345340043,6.129142999649048,10702837,CI.WES.--,0
scale2,23274,ok,,0.0,True,True,0.0,0.0,pass,ok,0.08103203645441681,5.126220166683197,10702837,CI.DRE.--,1
deterministic_noise,23274,ok,,0.0,True,True,0.0,0.0,pass,ok,0.08101733156945556,5.170107305049896,10702837,CI.DRE.--,1
scale2,22068,ok,,0.0,True,True,0.0,0.0,pass,ok,0.08174854679964483,6.619657278060913,10703133,CI.DRE.--,0
deterministic_noise,22068,ok,,0.0,True,True,0.0,0.0,pass,ok,0.08284488902427256,6.604127883911133,10703133,CI.DRE.--,0
scale2,22068,ok,,0.0,True,True,0.0,0.0,pass,ok,0.17903690732782707,6.869792342185974,10703133,CI.WES.--,1
deterministic_noise,22068,ok,,0.0,True,True,0.0,0.0,pass,ok,0.17904061876470223,6.965160131454468,10703133,CI.WES.--,1
scale2,21369,ok,,0.0,True,True,0.0,0.0,pass,ok,0.08147941014613025,4.609628796577454,10703373,CI.DRE.--,0
deterministic_noise,21369,ok,,0.0,True,True,0.0,0.0,pass,ok,0.08150794872199185,4.683912843465805,10703373,CI.DRE.--,0
scale2,21369,ok,,0.0,True,True,0.0,0.0,pass,ok,0.17932164193189237,5.3080475479364395,10703373,CI.WES.--,1
deterministic_noise,21369,ok,,0.0,True,True,0.0,0.0,pass,ok,0.17932178555929568,5.295215882360935,10703373,CI.WES.--,1
scale2,24420,ok,,0.0,True,True,0.0,0.0,pass,ok,0.07049550302326679,5.61523175239563,14746844,CI.IBP.--,0
deterministic_noise,24420,ok,,0.0,True,True,0.0,0.0,pass,ok,0.0707420390099287,5.7963443994522095,14746844,CI.IBP.--,0
scale2,24420,ok,,0.0,True,True,0.0,0.0,pass,ok,0.18832467589527369,6.84345555305481,14746844,CI.WES.--,1
deterministic_noise,24420,ok,,0.0,True,True,0.0,0.0,pass,ok,0.18844233360141516,7.047031402587891,14746844,CI.WES.--,1
scale2,24663,ok,,0.0,True,True,0.0,0.0,pass,ok,0.03020068071782589,4.764890551567078,14749724,CI.BOR.--,0
deterministic_noise,24663,ok,,0.0,True,True,0.0,0.0,pass,ok,0.030325869098305702,4.7657235860824585,14749724,CI.BOR.--,0
scale2,24663,ok,,0.0,True,True,0.0,0.0,pass,ok,0.0482390591641888,4.566444396972656,14749724,CI.TOR.--,1
deterministic_noise,24663,ok,,0.0,True,True,0.0,0.0,pass,ok,0.04821288271341473,4.690980672836304,14749724,CI.TOR.--,1
scale2,24399,ok,,0.0,True,True,0.0,0.0,pass,ok,0.06717536272481084,6.0080626010894775,14749860,CI.IBP.--,0
deterministic_noise,24399,ok,,0.0,True,True,0.0,0.0,pass,ok,0.06767212180420756,6.047877788543701,14749860,CI.IBP.--,0
scale2,24399,ok,,0.0,True,True,0.0,0.0,pass,ok,0.17873344651889056,7.353804349899292,14749860,CI.WES.--,1
deterministic_noise,24399,ok,,0.0,True,True,0.0,0.0,pass,ok,0.17874943383503705,7.511961460113525,14749860,CI.WES.--,1
scale2,24693,ok,,0.0,True,True,0.0,0.0,pass,ok,0.03027928329538554,4.762362480163574,14752556,CI.BOR.--,0
deterministic_noise,24693,ok,,0.0,True,True,0.0,0.0,pass,ok,0.030122916330583394,4.750797629356384,14752556,CI.BOR.--,0
scale2,24693,ok,,0.0,True,True,0.0,0.0,pass,ok,0.048978972336044535,4.292304217815399,14752556,CI.TOR.--,1
deterministic_noise,24693,ok,,0.0,True,True,0.0,0.0,pass,ok,0.04896212453604676,4.435482919216156,14752556,CI.TOR.--,1
scale2,21531,ok,,0.0,True,True,0.0,0.0,pass,ok,0.08290360600221902,4.996264755725861,10714749,CI.DRE.--,0
deterministic_noise,21531,ok,,0.0,True,True,0.0,0.0,pass,ok,0.08289046108257025,4.996757507324219,10714749,CI.DRE.--,0
scale2,21531,ok,,0.0,True,True,0.0,0.0,pass,ok,0.17946788347762777,5.395809352397919,10714749,CI.WES.--,1
deterministic_noise,21531,ok,,0.0,True,True,0.0,0.0,pass,ok,0.1794762941499357,5.262491047382355,10714749,CI.WES.--,1
scale2,24732,ok,,0.0,True,True,0.0,0.0,pass,ok,0.030940361320972443,5.082727432250977,10715365,CI.BOR.--,0
deterministic_noise,24732,ok,,0.0,True,True,0.0,0.0,pass,ok,0.030712593346834183,5.031957983970642,10715365,CI.BOR.--,0
scale2,24732,ok,,0.0,True,True,0.0,0.0,pass,ok,0.049010449802153744,4.534961581230164,10715365,CI.TOR.--,1
deterministic_noise,24732,ok,,0.0,True,True,0.0,0.0,pass,ok,0.04896718844247516,4.363873660564423,10715365,CI.TOR.--,1
scale2,22167,ok,,0.0,True,True,0.0,0.0,pass,ok,0.08741200342774391,5.390955567359924,10717277,CI.DRE.--,0
deterministic_noise,22167,ok,,0.0,True,True,0.0,0.0,pass,ok,0.08753238990902901,5.364593029022217,10717277,CI.DRE.--,0
scale2,22167,ok,,0.0,True,True,0.0,0.0,pass,ok,0.18983123215730302,5.481845110654831,10717277,CI.WES.--,1
deterministic_noise,22167,ok,,0.0,True,True,0.0,0.0,pass,ok,0.1898374506563414,5.5597721338272095,10717277,CI.WES.--,1
scale2,21018,ok,,0.0,True,True,0.0,0.0,pass,ok,0.08281781664118171,5.055189371109009,10718397,CI.DRE.--,0
deterministic_noise,21018,ok,,0.0,True,True,0.0,0.0,pass,ok,0.08289368310943246,5.173002779483795,10718397,CI.DRE.--,0
scale2,21018,ok,,0.0,True,True,0.0,0.0,pass,ok,0.180262562862481,5.26919811964035,10718397,CI.WES.--,1
deterministic_noise,21018,ok,,0.0,True,True,0.0,0.0,pass,ok,0.1802628961886512,5.476494550704956,10718397,CI.WES.--,1
scale2,22632,ok,,0.0,True,True,0.0,0.0,pass,ok,0.0878586812177673,5.1142231822013855,10722141,CI.DRE.--,0
deterministic_noise,22632,ok,,0.0,True,True,0.0,0.0,pass,ok,0.08797750191297382,5.056980729103088,10722141,CI.DRE.--,0
scale2,22632,ok,,0.0,True,True,0.0,0.0,pass,ok,0.19054436858277768,5.6181647181510925,10722141,CI.WES.--,1
deterministic_noise,22632,ok,,0.0,True,True,0.0,0.0,pass,ok,0.19056239549536258,5.430526584386826,10722141,CI.WES.--,1
scale2,21942,ok,,0.0,True,True,0.0,0.0,pass,ok,0.09474400006001815,5.160518705844879,10723037,CI.OLP.--,0
deterministic_noise,21942,ok,,0.0,True,True,0.0,0.0,pass,ok,0.09472071804339066,4.75622296333313,10723037,CI.OLP.--,0
scale2,21939,ok,,0.0,True,True,0.0,0.0,pass,ok,0.2303311231517,5.57841095328331,10723037,CI.SDR.--,1
deterministic_noise,21939,ok,,0.0,True,True,0.0,0.0,pass,ok,0.23034825893410016,5.5541078224778175,10723037,CI.SDR.--,1
scale2,21690,ok,,0.0,True,True,0.0,0.0,pass,ok,0.08394384849816561,5.6513543128967285,10723509,CI.DRE.--,0
deterministic_noise,21690,ok,,0.0,True,True,0.0,0.0,pass,ok,0.08392298500984907,5.736628890037537,10723509,CI.DRE.--,0
scale2,21690,ok,,0.0,True,True,0.0,0.0,pass,ok,0.18039738122024573,5.433726727962494,10723509,CI.WES.--,1
deterministic_noise,21690,ok,,0.0,True,True,0.0,0.0,pass,ok,0.18040866669616662,5.573510050773621,10723509,CI.WES.--,1
scale2,21654,ok,,0.0,True,True,0.0,0.0,pass,ok,0.08524824601408909,5.104398310184479,10724837,CI.DRE.--,0
deterministic_noise,21654,ok,,0.0,True,True,0.0,0.0,pass,ok,0.08537128645184566,5.190916836261749,10724837,CI.DRE.--,0
scale2,21654,ok,,0.0,True,True,0.0,0.0,pass,ok,0.18107341552968137,5.279216080904007,10724837,CI.WES.--,1
deterministic_noise,21654,ok,,0.0,True,True,0.0,0.0,pass,ok,0.18107372199301608,5.281208403408527,10724837,CI.WES.--,1
scale2,24516,ok,,0.0,True,True,0.0,0.0,pass,ok,0.10237140813842416,5.8064305782318115,10724845,CI.TEH.--,0
deterministic_noise,24516,ok,,0.0,True,True,0.0,0.0,pass,ok,0.10242439201101661,5.5222238302230835,10724845,CI.TEH.--,0
scale2,24516,ok,,0.0,True,True,0.0,0.0,pass,ok,0.07961871789302677,4.480290651321411,10724845,CI.MAG.--,1
deterministic_noise,24516,ok,,0.0,True,True,0.0,0.0,pass,ok,0.0796153066912666,4.2991273403167725,10724845,CI.MAG.--,1
scale2,24444,ok,,0.0,True,True,0.0,0.0,pass,ok,0.10720637766644359,6.495114088058472,10726413,CI.TEH.--,0
deterministic_noise,24444,ok,,0.0,True,True,0.0,0.0,pass,ok,0.10689146490767598,6.5932230949401855,10726413,CI.TEH.--,0
scale2,24444,ok,,0.0,True,True,0.0,0.0,pass,ok,0.2060238062404096,6.837142467498779,10726413,CI.ARV.--,1
deterministic_noise,24444,ok,,0.0,True,True,0.0,0.0,pass,ok,0.20600283751264215,6.963833451271057,10726413,CI.ARV.--,1
scale2,22230,ok,,0.0,True,True,0.0,0.0,pass,ok,0.08702098927460611,5.292236566543579,10727893,CI.DRE.--,0
deterministic_noise,22230,ok,,0.0,True,True,0.0,0.0,pass,ok,0.08698412426747382,5.482539653778076,10727893,CI.DRE.--,0
scale2,22230,ok,,0.0,True,True,0.0,0.0,pass,ok,0.18116112872667145,5.5471102595329285,10727893,CI.WES.--,1
deterministic_noise,22230,ok,,0.0,True,True,0.0,0.0,pass,ok,0.1811981566279428,5.596288323402405,10727893,CI.WES.--,1
scale2,23163,ok,,0.0,True,True,0.0,0.0,pass,ok,0.1814757975807879,6.2099703550338745,10728701,CI.WES.--,0
deterministic_noise,23163,ok,,0.0,True,True,0.0,0.0,pass,ok,0.1814774778613355,6.348910331726074,10728701,CI.WES.--,0
scale2,23163,ok,,0.0,True,True,0.0,0.0,pass,ok,0.08738714829087257,6.133174419403076,10728701,CI.DRE.--,1
deterministic_noise,23163,ok,,0.0,True,True,0.0,0.0,pass,ok,0.08763068541884422,6.213561415672302,10728701,CI.DRE.--,1
scale2,23334,ok,,0.0,True,True,0.0,0.0,pass,ok,0.18168161037829123,5.468564748764038,10730117,CI.WES.--,0
deterministic_noise,23334,ok,,0.0,True,True,0.0,0.0,pass,ok,0.18170779224965372,5.471921741962433,10730117,CI.WES.--,0
scale2,23334,ok,,0.0,True,True,0.0,0.0,pass,ok,0.08781708999595139,4.745159387588501,10730117,CI.DRE.--,1
deterministic_noise,23334,ok,,0.0,True,True,0.0,0.0,pass,ok,0.0878074742940953,4.884302318096161,10730117,CI.DRE.--,1
scale2,20247,ok,,0.0,True,True,0.0,0.0,pass,ok,0.1982620548660634,5.4406381994485855,14771884,CI.WES.--,1
deterministic_noise,20247,ok,,0.0,True,True,0.0,0.0,pass,ok,0.19826560800720472,5.157142207026482,14771884,CI.WES.--,1
scale2,20250,ok,,0.0,True,True,0.0,0.0,pass,ok,0.1446498874865938,4.955751745030284,14771884,CI.BTC.--,2
deterministic_noise,20250,ok,,0.0,True,True,0.0,0.0,pass,ok,0.14464109201799147,5.00659910030663,14771884,CI.BTC.--,2
scale2,24096,ok,,0.0,True,True,0.0,0.0,pass,ok,0.06280250917188823,4.754647493362427,14772556,CI.IBP.--,0
deterministic_noise,24096,ok,,0.0,True,True,0.0,0.0,pass,ok,0.06305595790036023,5.030944883823395,14772556,CI.IBP.--,0
scale2,24096,ok,,0.0,True,True,0.0,0.0,pass,ok,0.04265155622124439,3.827601842582226,14772556,CI.JEM.--,1
deterministic_noise,24096,ok,,0.0,True,True,0.0,0.0,pass,ok,0.04262429124355549,3.827690541744232,14772556,CI.JEM.--,1
scale2,21171,ok,,0.0,True,True,0.0,0.0,pass,ok,0.09672300503007136,5.808266878128052,14772652,CI.DRE.--,0
deterministic_noise,21171,ok,,0.0,True,True,0.0,0.0,pass,ok,0.09689164921292104,5.6792097091674805,14772652,CI.DRE.--,0
scale2,21171,ok,,0.0,True,True,0.0,0.0,pass,ok,0.19844339787960052,5.5776121616363525,14772652,CI.WES.--,1
deterministic_noise,21171,ok,,0.0,True,True,0.0,0.0,pass,ok,0.19846251606941223,5.764146566390991,14772652,CI.WES.--,1
scale2,21006,ok,,0.0,True,True,0.0,0.0,pass,ok,0.093795386783313,4.890553176403046,14775604,CI.DRE.--,0
deterministic_noise,21006,ok,,0.0,True,True,0.0,0.0,pass,ok,0.09388331539230421,4.96985787153244,14775604,CI.DRE.--,0
scale2,21006,ok,,0.0,True,True,0.0,0.0,pass,ok,0.19228993737488054,5.236516669392586,14775604,CI.WES.--,1
deterministic_noise,21006,ok,,0.0,True,True,0.0,0.0,pass,ok,0.1922915241739247,5.44442343711853,14775604,CI.WES.--,1
scale2,21861,ok,,0.0,True,True,0.0,0.0,pass,ok,0.1876747509231791,6.085111320018768,14776012,CI.WES.--,1
deterministic_noise,21861,ok,,0.0,True,True,0.0,0.0,pass,ok,0.18768974638078362,6.2996586561203,14776012,CI.WES.--,1
scale2,21861,ok,,0.0,True,True,0.0,0.0,pass,ok,0.06597705226158723,5.080823302268982,14776012,CI.IBP.--,2
deterministic_noise,21861,ok,,0.0,True,True,0.0,0.0,pass,ok,0.0661794688203372,5.299763560295105,14776012,CI.IBP.--,2
scale2,24624,ok,,0.0,True,True,0.0,0.0,pass,ok,0.037398559506982565,4.908302307128906,10736101,CI.BOR.--,0
deterministic_noise,24624,ok,,0.0,True,True,0.0,0.0,pass,ok,0.03742071846500039,4.969805002212524,10736101,CI.BOR.--,0
scale2,24624,ok,,0.0,True,True,0.0,0.0,pass,ok,0.025226458732504398,3.65991473197937,10736101,CI.DNR.--,1
deterministic_noise,24624,ok,,0.0,True,True,0.0,0.0,pass,ok,0.025182521145325154,3.4808133840560913,10736101,CI.DNR.--,1
scale2,22554,ok,,0.0,True,True,0.0,0.0,pass,ok,0.08909940310695674,4.764807373285294,10743261,CI.DRE.--,0
deterministic_noise,22554,ok,,0.0,True,True,0.0,0.0,pass,ok,0.08906112275144551,4.934855282306671,10743261,CI.DRE.--,0
scale2,22554,ok,,0.0,True,True,0.0,0.0,pass,ok,0.1826410067442339,5.489034503698349,10743261,CI.WES.--,1
deterministic_noise,22554,ok,,0.0,True,True,0.0,0.0,pass,ok,0.1826544332143385,5.389109939336777,10743261,CI.WES.--,1
scale2,21348,ok,,0.0,True,True,0.0,0.0,pass,ok,0.09219963086798089,4.83946493268013,10749061,CI.DRE.--,0
deterministic_noise,21348,ok,,0.0,True,True,0.0,0.0,pass,ok,0.09219238923833473,4.774406969547272,10749061,CI.DRE.--,0
scale2,21348,ok,,0.0,True,True,0.0,0.0,pass,ok,0.1829948150952987,5.213673122227192,10749061,CI.WES.--,1
deterministic_noise,21348,ok,,0.0,True,True,0.0,0.0,pass,ok,0.18299945952094276,5.2494880966842175,10749061,CI.WES.--,1
scale2,22428,ok,,0.0,True,True,0.0,0.0,pass,ok,0.0935439575696364,5.385598063468933,10751261,CI.DRE.--,0
deterministic_noise,22428,ok,,0.0,True,True,0.0,0.0,pass,ok,0.0936285819625482,5.206719517707825,10751261,CI.DRE.--,0
scale2,22428,ok,,0.0,True,True,0.0,0.0,pass,ok,0.18390158147667535,5.5263380110263824,10751261,CI.WES.--,1
deterministic_noise,22428,ok,,0.0,True,True,0.0,0.0,pass,ok,0.18390206663752906,5.43441379070282,10751261,CI.WES.--,1
scale2,21675,ok,,0.0,True,True,0.0,0.0,pass,ok,0.09354743182484526,5.116491258144379,10751509,CI.DRE.--,0
deterministic_noise,21675,ok,,0.0,True,True,0.0,0.0,pass,ok,0.0935351046937285,5.277877986431122,10751509,CI.DRE.--,0
scale2,21675,ok,,0.0,True,True,0.0,0.0,pass,ok,0.1832877926135552,5.493212729692459,10751509,CI.WES.--,1
deterministic_noise,21675,ok,,0.0,True,True,0.0,0.0,pass,ok,0.1833012171482551,5.554102540016174,10751509,CI.WES.--,1
scale2,22218,ok,,0.0,True,True,0.0,0.0,pass,ok,0.0938510239648167,6.042123436927795,10751781,CI.DRE.--,0
deterministic_noise,22218,ok,,0.0,True,True,0.0,0.0,pass,ok,0.09416595692164265,5.938685655593872,10751781,CI.DRE.--,0
scale2,22218,ok,,0.0,True,True,0.0,0.0,pass,ok,0.18383865194482496,5.813727915287018,10751781,CI.WES.--,1
deterministic_noise,22218,ok,,0.0,True,True,0.0,0.0,pass,ok,0.1838396177990944,5.673063635826111,10751781,CI.WES.--,1
scale2,21699,ok,,0.0,True,True,0.0,0.0,pass,ok,0.09371298723272048,5.288423597812653,10751837,CI.DRE.--,0
deterministic_noise,21699,ok,,0.0,True,True,0.0,0.0,pass,ok,0.09380192137905397,5.295432507991791,10751837,CI.DRE.--,0
scale2,21699,ok,,0.0,True,True,0.0,0.0,pass,ok,0.18372902230419186,5.489086389541626,10751837,CI.WES.--,1
deterministic_noise,21699,ok,,0.0,True,True,0.0,0.0,pass,ok,0.18372924669586155,5.3622258603572845,10751837,CI.WES.--,1
scale2,21588,ok,,0.0,True,True,0.0,0.0,pass,ok,0.09482886630576104,5.047975659370422,10753165,CI.DRE.--,0
deterministic_noise,21588,ok,,0.0,True,True,0.0,0.0,pass,ok,0.09495817881543189,5.054281413555145,10753165,CI.DRE.--,0
scale2,21588,ok,,0.0,True,True,0.0,0.0,pass,ok,0.18398518716276158,5.295183956623077,10753165,CI.WES.--,1
deterministic_noise,21588,ok,,0.0,True,True,0.0,0.0,pass,ok,0.1839853837591363,5.391040354967117,10753165,CI.WES.--,1
scale2,21843,ok,,0.0,True,True,0.0,0.0,pass,ok,0.10213454700715374,4.820507705211639,10754973,CI.DRE.--,0
deterministic_noise,21843,ok,,0.0,True,True,0.0,0.0,pass,ok,0.10218833498947788,4.845281213521957,10754973,CI.DRE.--,0
scale2,21843,ok,,0.0,True,True,0.0,0.0,pass,ok,0.19791416405860218,5.260576631873846,10754973,CI.WES.--,1
deterministic_noise,21843,ok,,0.0,True,True,0.0,0.0,pass,ok,0.19791973055180279,5.325198266655207,10754973,CI.WES.--,1
scale2,21471,ok,,0.0,True,True,0.0,0.0,pass,ok,0.09673039990775578,5.505573987960815,10756957,CI.DRE.--,0
deterministic_noise,21471,ok,,0.0,True,True,0.0,0.0,pass,ok,0.09691606086380489,5.829690337181091,10756957,CI.DRE.--,0
scale2,21471,ok,,0.0,True,True,0.0,0.0,pass,ok,0.18468420151839382,5.498977959156036,10756957,CI.WES.--,1
deterministic_noise,21471,ok,,0.0,True,True,0.0,0.0,pass,ok,0.18468470927109593,5.462590306997299,10756957,CI.WES.--,1
scale2,22290,ok,,0.0,True,True,0.0,0.0,pass,ok,0.10464155854424462,5.066831588745117,10760605,CI.DRE.--,0
deterministic_noise,22290,ok,,0.0,True,True,0.0,0.0,pass,ok,0.10472312389174476,4.838724046945572,10760605,CI.DRE.--,0
scale2,22290,ok,,0.0,True,True,0.0,0.0,pass,ok,0.19917491311207414,5.255359128117561,10760605,CI.WES.--,1
deterministic_noise,22290,ok,,0.0,True,True,0.0,0.0,pass,ok,0.19918456440791488,5.391297452151775,10760605,CI.WES.--,1
scale2,22230,ok,,0.0,True,True,0.0,0.0,pass,ok,0.1025467524304986,6.00723123550415,10760733,CI.DRE.--,0
deterministic_noise,22230,ok,,0.0,True,True,0.0,0.0,pass,ok,0.10296132322400808,6.125726222991943,10760733,CI.DRE.--,0
scale2,22230,ok,,0.0,True,True,0.0,0.0,pass,ok,0.195316368190106,6.012632131576538,10760733,CI.WES.--,1
deterministic_noise,22230,ok,,0.0,True,True,0.0,0.0,pass,ok,0.1953442008816637,5.770852088928223,10760733,CI.WES.--,1
scale2,22194,ok,,0.0,True,True,0.0,0.0,pass,ok,0.10473428158729803,4.949026584625244,10760973,CI.DRE.--,0
deterministic_noise,22194,ok,,0.0,True,True,0.0,0.0,pass,ok,0.10481175543100107,5.019645869731903,10760973,CI.DRE.--,0
scale2,22194,ok,,0.0,True,True,0.0,0.0,pass,ok,0.1992688331156387,5.3475097715854645,10760973,CI.WES.--,1
deterministic_noise,22194,ok,,0.0,True,True,0.0,0.0,pass,ok,0.19927689401811222,5.394943930208683,10760973,CI.WES.--,1
scale2,21741,ok,,0.0,True,True,0.0,0.0,pass,ok,0.09800721425563097,5.878759860992432,10761373,CI.DRE.--,0
deterministic_noise,21741,ok,,0.0,True,True,0.0,0.0,pass,ok,0.09823447745293379,5.575083017349243,10761373,CI.DRE.--,0
scale2,21741,ok,,0.0,True,True,0.0,0.0,pass,ok,0.1855513887858251,5.661048650741577,10761373,CI.WES.--,1
deterministic_noise,21741,ok,,0.0,True,True,0.0,0.0,pass,ok,0.1855520469689509,5.873846888542175,10761373,CI.WES.--,1
scale2,21681,ok,,0.0,True,True,0.0,0.0,pass,ok,0.09818469732999802,5.991297602653503,10761397,CI.DRE.--,0
deterministic_noise,21681,ok,,0.0,True,True,0.0,0.0,pass,ok,0.09810157865285873,6.068169355392456,10761397,CI.DRE.--,0
scale2,21681,ok,,0.0,True,True,0.0,0.0,pass,ok,0.1850950541520433,6.184003233909607,10761397,CI.WES.--,1
deterministic_noise,21681,ok,,0.0,True,True,0.0,0.0,pass,ok,0.18513457751032547,6.234405040740967,10761397,CI.WES.--,1
scale2,22512,ok,,0.0,True,True,0.0,0.0,pass,ok,0.09877713397145271,6.07909095287323,10762117,CI.DRE.--,0
deterministic_noise,22512,ok,,0.0,True,True,0.0,0.0,pass,ok,0.09872744604945183,5.925208687782288,10762117,CI.DRE.--,0
scale2,22512,ok,,0.0,True,True,0.0,0.0,pass,ok,0.1854238141386304,5.9084837436676025,10762117,CI.WES.--,1
deterministic_noise,22512,ok,,0.0,True,True,0.0,0.0,pass,ok,0.18547450713231228,5.768803775310516,10762117,CI.WES.--,1
scale2,21780,ok,,0.0,True,True,0.0,0.0,pass,ok,0.09834514524118276,5.044759154319763,10763509,CI.DRE.--,0
deterministic_noise,21780,ok,,0.0,True,True,0.0,0.0,pass,ok,0.0983286130867782,4.959768652915955,10763509,CI.DRE.--,0
scale2,21780,ok,,0.0,True,True,0.0,0.0,pass,ok,0.1855036973429378,5.4619439244270325,10763509,CI.WES.--,1
deterministic_noise,21780,ok,,0.0,True,True,0.0,0.0,pass,ok,0.18552562003606,5.317134827375412,10763509,CI.WES.--,1
scale2,21177,ok,,0.0,True,True,0.0,0.0,pass,ok,0.19141049358586315,5.324512392282486,10763549,CI.WES.--,1
deterministic_noise,21177,ok,,0.0,True,True,0.0,0.0,pass,ok,0.19141176667471882,5.338300213217735,10763549,CI.WES.--,1
scale2,21177,ok,,0.0,True,True,0.0,0.0,pass,ok,0.1628830764425402,5.1038106507621706,10763549,CI.BTC.--,2
deterministic_noise,21177,ok,,0.0,True,True,0.0,0.0,pass,ok,0.1628838744031782,5.094500678125769,10763549,CI.BTC.--,2
scale2,22107,ok,,0.0,True,True,0.0,0.0,pass,ok,0.09838374314131215,5.955909013748169,10765061,CI.DRE.--,0
deterministic_noise,22107,ok,,0.0,True,True,0.0,0.0,pass,ok,0.09869773330865428,5.939447283744812,10765061,CI.DRE.--,0
scale2,22107,ok,,0.0,True,True,0.0,0.0,pass,ok,0.18625040352344513,6.005891919136047,10765061,CI.WES.--,1
deterministic_noise,22107,ok,,0.0,True,True,0.0,0.0,pass,ok,0.186251699924469,6.180096685886383,10765061,CI.WES.--,1
scale2,21918,ok,,0.0,True,True,0.0,0.0,pass,ok,0.11023737379582599,4.961883902549744,10765157,CI.DRE.--,0
deterministic_noise,21918,ok,,0.0,True,True,0.0,0.0,pass,ok,0.11029116919962689,5.251968681812286,10765157,CI.DRE.--,0
scale2,21918,ok,,0.0,True,True,0.0,0.0,pass,ok,0.20859140575339552,5.485210031270981,10765157,CI.WES.--,1
deterministic_noise,21918,ok,,0.0,True,True,0.0,0.0,pass,ok,0.20859795391152147,5.353260695934296,10765157,CI.WES.--,1
scale2,21066,ok,,0.0,True,True,0.0,0.0,pass,ok,0.0986244676169008,5.068776547908783,10767557,CI.DRE.--,0
deterministic_noise,21066,ok,,0.0,True,True,0.0,0.0,pass,ok,0.09861721866764128,5.354376316070557,10767557,CI.DRE.--,0
scale2,21066,ok,,0.0,True,True,0.0,0.0,pass,ok,0.18632003492166405,5.341818019747734,10767557,CI.WES.--,1
deterministic_noise,21066,ok,,0.0,True,True,0.0,0.0,pass,ok,0.18632984334180946,5.30733335018158,10767557,CI.WES.--,1
scale2,21555,ok,,0.0,True,True,0.0,0.0,pass,ok,0.10132271063048393,5.835245728492737,10767757,CI.DRE.--,0
deterministic_noise,21555,ok,,0.0,True,True,0.0,0.0,pass,ok,0.101552531006746,5.618306398391724,10767757,CI.DRE.--,0
scale2,21555,ok,,0.0,True,True,0.0,0.0,pass,ok,0.19221449771430343,5.907368242740631,10767757,CI.WES.--,1
deterministic_noise,21555,ok,,0.0,True,True,0.0,0.0,pass,ok,0.19221941253636032,5.736921072006226,10767757,CI.WES.--,1
scale2,21810,ok,,0.0,True,True,0.0,0.0,pass,ok,0.10543317545671016,5.38975590467453,10768933,CI.DRE.--,0
deterministic_noise,21810,ok,,0.0,True,True,0.0,0.0,pass,ok,0.10550432454328984,5.489050626754761,10768933,CI.DRE.--,0
scale2,21810,ok,,0.0,True,True,0.0,0.0,pass,ok,0.2009383913318743,5.48562029004097,10768933,CI.WES.--,1
deterministic_noise,21810,ok,,0.0,True,True,0.0,0.0,pass,ok,0.20094430183962686,5.416819840669632,10768933,CI.WES.--,1
scale2,21300,ok,,0.0,True,True,0.0,0.0,pass,ok,0.09829871624242514,5.60650908946991,10773949,CI.DRE.--,0
deterministic_noise,21300,ok,,0.0,True,True,0.0,0.0,pass,ok,0.09841402352321893,5.584132194519043,10773949,CI.DRE.--,0
scale2,21300,ok,,0.0,True,True,0.0,0.0,pass,ok,0.18827373234307743,5.499771475791931,10773949,CI.WES.--,1
deterministic_noise,21300,ok,,0.0,True,True,0.0,0.0,pass,ok,0.18827406617128872,5.549079090356827,10773949,CI.WES.--,1
scale2,24717,ok,,0.0,True,True,0.0,0.0,pass,ok,0.04791639372706413,6.136118412017822,10774605,CI.LCP.--,0
deterministic_noise,24717,ok,,0.0,True,True,0.0,0.0,pass,ok,0.04995748586952686,6.420973539352417,10774605,CI.LCP.--,0
scale2,24717,ok,,0.0,True,True,0.0,0.0,pass,ok,0.12264824236626737,5.788253903388977,10774605,CI.GATR.--,1
deterministic_noise,24717,ok,,0.0,True,True,0.0,0.0,pass,ok,0.12269008581642993,5.7612632513046265,10774605,CI.GATR.--,1
scale2,22218,ok,,0.0,True,True,0.0,0.0,pass,ok,0.10106311645358801,5.16180694103241,10775573,CI.DRE.--,0
deterministic_noise,22218,ok,,0.0,True,True,0.0,0.0,pass,ok,0.10113607440143824,5.1171916127204895,10775573,CI.DRE.--,0
scale2,22218,ok,,0.0,True,True,0.0,0.0,pass,ok,0.194094721791771,5.304428964853287,10775573,CI.WES.--,1
deterministic_noise,22218,ok,,0.0,True,True,0.0,0.0,pass,ok,0.19409678447482293,5.303197875618935,10775573,CI.WES.--,1
scale2,20862,ok,,0.0,True,True,0.0,0.0,pass,ok,0.09882447234122083,5.243067502975464,10778757,CI.DRE.--,0
deterministic_noise,20862,ok,,0.0,True,True,0.0,0.0,pass,ok,0.09887939580949023,5.3048175573349,10778757,CI.DRE.--,0
scale2,20862,ok,,0.0,True,True,0.0,0.0,pass,ok,0.1892870960291475,5.50560587644577,10778757,CI.WES.--,1
deterministic_noise,20862,ok,,0.0,True,True,0.0,0.0,pass,ok,0.18928726040758193,5.343173623085022,10778757,CI.WES.--,1
scale2,21729,ok,,0.0,True,True,0.0,0.0,pass,ok,0.10613655304769054,5.694548606872559,10779005,CI.DRE.--,0
deterministic_noise,21729,ok,,0.0,True,True,0.0,0.0,pass,ok,0.10632130497833714,5.83327841758728,10779005,CI.DRE.--,0
scale2,21729,ok,,0.0,True,True,0.0,0.0,pass,ok,0.20319292519707233,5.539764642715454,10779005,CI.WES.--,1
deterministic_noise,21729,ok,,0.0,True,True,0.0,0.0,pass,ok,0.20320192899089307,5.508053570985794,10779005,CI.WES.--,1
scale2,21924,ok,,0.0,True,True,0.0,0.0,pass,ok,0.1044493019580841,5.253294229507446,10779701,CI.DRE.--,0
deterministic_noise,21924,ok,,0.0,True,True,0.0,0.0,pass,ok,0.10458478331565857,5.210310935974121,10779701,CI.DRE.--,0
scale2,21924,ok,,0.0,True,True,0.0,0.0,pass,ok,0.19955957697573012,5.429873883724213,10779701,CI.WES.--,1
deterministic_noise,21924,ok,,0.0,True,True,0.0,0.0,pass,ok,0.1995671762352913,5.423986583948135,10779701,CI.WES.--,1
scale2,24684,ok,,0.0,True,True,0.0,0.0,pass,ok,0.07498577190563083,5.984836101531982,10780885,CI.LPC.--,0
deterministic_noise,24684,ok,,0.0,True,True,0.0,0.0,pass,ok,0.07486556516960263,6.036197900772095,10780885,CI.LPC.--,0
scale2,24684,ok,,0.0,True,True,0.0,0.0,pass,ok,0.08217322267591953,6.1310955286026,10780885,CI.TA2.--,1
deterministic_noise,24684,ok,,0.0,True,True,0.0,0.0,pass,ok,0.0821011420339346,5.861024022102356,10780885,CI.TA2.--,1
scale2,21684,ok,,0.0,True,True,0.0,0.0,pass,ok,0.10948574088979512,5.441168963909149,10784021,CI.DRE.--,0
deterministic_noise,21684,ok,,0.0,True,True,0.0,0.0,pass,ok,0.1095732644898817,5.500737547874451,10784021,CI.DRE.--,0
scale2,21684,ok,,0.0,True,True,0.0,0.0,pass,ok,0.20450836842246645,5.474922955036163,10784021,CI.WES.--,1
deterministic_noise,21684,ok,,0.0,True,True,0.0,0.0,pass,ok,0.20451952094845183,5.651697754859924,10784021,CI.WES.--,1
scale2,21777,ok,,0.0,True,True,0.0,0.0,pass,ok,0.10911526839481667,5.345799803733826,10792493,CI.DRE.--,0
deterministic_noise,21777,ok,,0.0,True,True,0.0,0.0,pass,ok,0.10920364846242592,5.357607066631317,10792493,CI.DRE.--,0
scale2,21777,ok,,0.0,True,True,0.0,0.0,pass,ok,0.20670164057810325,5.399851948022842,10792493,CI.WES.--,1
deterministic_noise,21777,ok,,0.0,True,True,0.0,0.0,pass,ok,0.20671036413114052,5.346001297235489,10792493,CI.WES.--,1
scale2,21564,ok,,0.0,True,True,0.0,0.0,pass,ok,0.10162918479181826,5.778899550437927,10792661,CI.DRE.--,0
deterministic_noise,21564,ok,,0.0,True,True,0.0,0.0,pass,ok,0.1018284389283508,5.835381269454956,10792661,CI.DRE.--,0
scale2,21564,ok,,0.0,True,True,0.0,0.0,pass,ok,0.1925014306907542,5.845195949077606,10792661,CI.WES.--,1
deterministic_noise,21564,ok,,0.0,True,True,0.0,0.0,pass,ok,0.19250216585351154,5.662973046302795,10792661,CI.WES.--,1
scale2,21528,ok,,0.0,True,True,0.0,0.0,pass,ok,0.10175953060388565,6.0374534130096436,10793149,CI.DRE.--,0
deterministic_noise,21528,ok,,0.0,True,True,0.0,0.0,pass,ok,0.10173828899860382,5.720818758010864,10793149,CI.DRE.--,0
scale2,21528,ok,,0.0,True,True,0.0,0.0,pass,ok,0.1921462873579003,5.792989075183868,10793149,CI.WES.--,1
deterministic_noise,21528,ok,,0.0,True,True,0.0,0.0,pass,ok,0.19216926296940073,5.661034882068634,10793149,CI.WES.--,1
scale2,23649,ok,,0.0,True,True,0.0,0.0,pass,ok,0.07307211120496504,4.675065577030182,10793909,CI.SLA.--,0
deterministic_noise,23649,ok,,0.0,True,True,0.0,0.0,pass,ok,0.07311706434120424,4.855320692062378,10793909,CI.SLA.--,0
scale2,23652,ok,,0.0,True,True,0.0,0.0,pass,ok,0.2840843403246254,5.750348597764969,10793909,CI.CCC.--,1
deterministic_noise,23652,ok,,0.0,True,True,0.0,0.0,pass,ok,0.28409210802055895,5.902046740055084,10793909,CI.CCC.--,1
scale2,22509,ok,,0.0,True,True,0.0,0.0,pass,ok,0.1080672112875618,5.372491836547852,10794229,CI.DRE.--,0
deterministic_noise,22509,ok,,0.0,True,True,0.0,0.0,pass,ok,0.10818546585505828,5.327039003372192,10794229,CI.DRE.--,0
scale2,22509,ok,,0.0,True,True,0.0,0.0,pass,ok,0.2034508696233388,5.534650504589081,10794229,CI.WES.--,1
deterministic_noise,22509,ok,,0.0,True,True,0.0,0.0,pass,ok,0.20345898359664716,5.4633400440216064,10794229,CI.WES.--,1
scale2,20895,ok,,0.0,True,True,0.0,0.0,pass,ok,0.10319176666189378,5.491183757781982,10796437,CI.DRE.--,0
deterministic_noise,20895,ok,,0.0,True,True,0.0,0.0,pass,ok,0.10330407716583068,5.6069793701171875,10796437,CI.DRE.--,0
scale2,20895,ok,,0.0,True,True,0.0,0.0,pass,ok,0.19916307681705803,5.4173155426979065,10796437,CI.WES.--,1
deterministic_noise,20895,ok,,0.0,True,True,0.0,0.0,pass,ok,0.1991646314272657,5.527986139059067,10796437,CI.WES.--,1
scale2,22089,ok,,0.0,True,True,0.0,0.0,pass,ok,0.10134125454351306,6.328074216842651,14843060,CI.DRE.--,0
deterministic_noise,22089,ok,,0.0,True,True,0.0,0.0,pass,ok,0.10129838483408093,6.450399160385132,14843060,CI.DRE.--,0
scale2,22089,ok,,0.0,True,True,0.0,0.0,pass,ok,0.19403582013910636,5.743718445301056,14843060,CI.WES.--,1
deterministic_noise,22089,ok,,0.0,True,True,0.0,0.0,pass,ok,0.19407562218839303,5.699710726737976,14843060,CI.WES.--,1
scale2,20931,ok,,0.0,True,True,0.0,0.0,pass,ok,0.10708760470151901,6.905772686004639,14844244,CI.DRE.--,0
deterministic_noise,20931,ok,,0.0,True,True,0.0,0.0,pass,ok,0.10758038610219955,6.818516969680786,14844244,CI.DRE.--,0
scale2,20931,ok,,0.0,True,True,0.0,0.0,pass,ok,0.20517898490652442,6.800289750099182,14844244,CI.WES.--,1
deterministic_noise,20931,ok,,0.0,True,True,0.0,0.0,pass,ok,0.20520283887162805,6.228412508964539,14844244,CI.WES.--,1
scale2,22248,ok,,0.0,True,True,0.0,0.0,pass,ok,0.10118259448790923,5.437883019447327,14845268,CI.DRE.--,0
deterministic_noise,22248,ok,,0.0,True,True,0.0,0.0,pass,ok,0.10114075284218416,5.431797742843628,14845268,CI.DRE.--,0
scale2,22248,ok,,0.0,True,True,0.0,0.0,pass,ok,0.1943956280592829,5.605950176715851,14845268,CI.WES.--,1
deterministic_noise,22248,ok,,0.0,True,True,0.0,0.0,pass,ok,0.19441372505389154,5.694705098867416,14845268,CI.WES.--,1
scale2,24561,ok,,0.0,True,True,0.0,0.0,pass,ok,0.04295863874722272,4.879362463951111,14851724,CI.JEM.--,0
deterministic_noise,24561,ok,,0.0,True,True,0.0,0.0,pass,ok,0.043136448482982814,5.108975410461426,14851724,CI.JEM.--,0
scale2,24561,ok,,0.0,True,True,0.0,0.0,pass,ok,0.04384734597988427,5.18782639503479,14851724,CI.BOR.--,1
deterministic_noise,24561,ok,,0.0,True,True,0.0,0.0,pass,ok,0.0436928893905133,5.267489194869995,14851724,CI.BOR.--,1
scale2,21780,ok,,0.0,True,True,0.0,0.0,pass,ok,0.09392469562590122,6.0883554220199585,14858988,CI.DRE.--,0
deterministic_noise,21780,ok,,0.0,True,True,0.0,0.0,pass,ok,0.09421148709952831,6.158361911773682,14858988,CI.DRE.--,0
scale2,21780,ok,,0.0,True,True,0.0,0.0,pass,ok,0.19285287364618853,6.442287802696228,14858988,CI.WES.--,1
deterministic_noise,21780,ok,,0.0,True,True,0.0,0.0,pass,ok,0.19285417691571638,6.075490772724152,14858988,CI.WES.--,1
scale2,21801,ok,,0.0,True,True,0.0,0.0,pass,ok,0.09507680783281103,5.199784457683563,14861300,CI.DRE.--,0
deterministic_noise,21801,ok,,0.0,True,True,0.0,0.0,pass,ok,0.09513465961208567,5.040523052215576,14861300,CI.DRE.--,0
scale2,21801,ok,,0.0,True,True,0.0,0.0,pass,ok,0.1929831778688822,5.3417253494262695,14861300,CI.WES.--,1
deterministic_noise,21801,ok,,0.0,True,True,0.0,0.0,pass,ok,0.19298359993263148,5.476191222667694,14861300,CI.WES.--,1
scale2,21522,ok,,0.0,True,True,0.0,0.0,pass,ok,0.09467513981508091,5.142159461975098,14861452,CI.DRE.--,0
deterministic_noise,21522,ok,,0.0,True,True,0.0,0.0,pass,ok,0.09466326859546825,5.082689940929413,14861452,CI.DRE.--,0
scale2,21522,ok,,0.0,True,True,0.0,0.0,pass,ok,0.19246987926817383,5.3294529020786285,14861452,CI.WES.--,1
deterministic_noise,21522,ok,,0.0,True,True,0.0,0.0,pass,ok,0.19248333645009552,5.498928427696228,14861452,CI.WES.--,1
scale2,21615,ok,,0.0,True,True,0.0,0.0,pass,ok,0.09506596719984373,5.4354459047317505,14862044,CI.DRE.--,0
deterministic_noise,21615,ok,,0.0,True,True,0.0,0.0,pass,ok,0.09521093869443575,5.330219149589539,14862044,CI.DRE.--,0
scale2,21615,ok,,0.0,True,True,0.0,0.0,pass,ok,0.19319571273445035,5.653675198554993,14862044,CI.WES.--,1
deterministic_noise,21615,ok,,0.0,True,True,0.0,0.0,pass,ok,0.19319631440521334,5.766656816005707,14862044,CI.WES.--,1
scale2,22443,ok,,0.0,True,True,0.0,0.0,pass,ok,0.10651571390917525,5.003466337919235,14862884,CI.DRE.--,0
deterministic_noise,22443,ok,,0.0,True,True,0.0,0.0,pass,ok,0.10654101433465257,5.027257144451141,14862884,CI.DRE.--,0
scale2,22443,ok,,0.0,True,True,0.0,0.0,pass,ok,0.21724932132110553,5.390818122774363,14862884,CI.WES.--,1
deterministic_noise,22443,ok,,0.0,True,True,0.0,0.0,pass,ok,0.21727379920139356,5.444850713014603,14862884,CI.WES.--,1
scale2,22470,ok,,0.0,True,True,0.0,0.0,pass,ok,0.09953168583160732,5.1090903878211975,14863932,CI.DRE.--,0
deterministic_noise,22470,ok,,0.0,True,True,0.0,0.0,pass,ok,0.09963790523761418,4.9836443066596985,14863932,CI.DRE.--,0
scale2,22470,ok,,0.0,True,True,0.0,0.0,pass,ok,0.05968144966664113,4.0927905244752765,14863932,CI.BTC.--,2
deterministic_noise,22470,ok,,0.0,True,True,0.0,0.0,pass,ok,0.059680733248569595,4.118473608978093,14863932,CI.BTC.--,2
scale2,21345,ok,,0.0,True,True,0.0,0.0,pass,ok,0.10079307245905511,5.555039048194885,14864172,CI.DRE.--,0
deterministic_noise,21345,ok,,0.0,True,True,0.0,0.0,pass,ok,0.10090304029290564,5.630926847457886,14864172,CI.DRE.--,0
scale2,21345,ok,,0.0,True,True,0.0,0.0,pass,ok,0.2090146897608065,5.579616993665695,14864172,CI.WES.--,1
deterministic_noise,21345,ok,,0.0,True,True,0.0,0.0,pass,ok,0.20902780608594185,5.788256883621216,14864172,CI.WES.--,1
scale2,23538,ok,,0.0,True,True,0.0,0.0,pass,ok,0.19444012036547065,6.787014484405518,14865028,CI.WES.--,0
deterministic_noise,23538,ok,,0.0,True,True,0.0,0.0,pass,ok,0.19454539427533746,6.714958429336548,14865028,CI.WES.--,0
scale2,23538,ok,,0.0,True,True,0.0,0.0,pass,ok,0.09337552957003936,5.534079670906067,14865028,CI.DRE.--,1
deterministic_noise,23538,ok,,0.0,True,True,0.0,0.0,pass,ok,0.09335989184910432,5.375756025314331,14865028,CI.DRE.--,1
scale2,21603,ok,,0.0,True,True,0.0,0.0,pass,ok,0.0910461277817376,4.834962248802185,10824637,CI.DRE.--,0
deterministic_noise,21603,ok,,0.0,True,True,0.0,0.0,pass,ok,0.09108023782027885,4.778615266084671,10824637,CI.DRE.--,0
scale2,21603,ok,,0.0,True,True,0.0,0.0,pass,ok,0.19922887887514662,5.4662531316280365,10824637,CI.WES.--,1
deterministic_noise,21603,ok,,0.0,True,True,0.0,0.0,pass,ok,0.19922899101220537,5.479727730154991,10824637,CI.WES.--,1
scale2,24267,ok,,0.0,True,True,0.0,0.0,pass,ok,0.1680421605706215,7.253960847854614,10826277,CI.ARV.--,0
deterministic_noise,24267,ok,,0.0,True,True,0.0,0.0,pass,ok,0.1680711880326271,7.451673269271851,10826277,CI.ARV.--,0
scale2,24267,ok,,0.0,True,True,0.0,0.0,pass,ok,0.15521738585084677,6.754026770591736,10826277,CI.LJR.--,1
deterministic_noise,24267,ok,,0.0,True,True,0.0,0.0,pass,ok,0.15529694501310587,6.884234428405762,10826277,CI.LJR.--,1
scale2,20937,ok,,0.0,True,True,0.0,0.0,pass,ok,0.09593626705463976,5.377108335494995,14870372,CI.DRE.--,0
deterministic_noise,20937,ok,,0.0,True,True,0.0,0.0,pass,ok,0.09597857447806746,5.123478353023529,14870372,CI.DRE.--,0
scale2,20937,ok,,0.0,True,True,0.0,0.0,pass,ok,0.059455528384205536,4.129308074712753,14870372,CI.BTC.--,2
deterministic_noise,20937,ok,,0.0,True,True,0.0,0.0,pass,ok,0.05945437821173982,4.074488788843155,14870372,CI.BTC.--,2
scale2,21615,ok,,0.0,True,True,0.0,0.0,pass,ok,0.08750716215581633,5.121528625488281,10835133,CI.DRE.--,0
deterministic_noise,21615,ok,,0.0,True,True,0.0,0.0,pass,ok,0.08756938957958482,5.251489222049713,10835133,CI.DRE.--,0
scale2,21615,ok,,0.0,True,True,0.0,0.0,pass,ok,0.2005013825983042,5.514745518565178,10835133,CI.WES.--,1
deterministic_noise,21615,ok,,0.0,True,True,0.0,0.0,pass,ok,0.20050160562095698,5.434260576963425,10835133,CI.WES.--,1
scale2,22131,ok,,0.0,True,True,0.0,0.0,pass,ok,0.08759958622977138,4.90613716840744,10835317,CI.DRE.--,0
deterministic_noise,22131,ok,,0.0,True,True,0.0,0.0,pass,ok,0.0875846785493195,5.060368597507477,10835317,CI.DRE.--,0
scale2,22131,ok,,0.0,True,True,0.0,0.0,pass,ok,0.20006705685227644,5.528534710407257,10835317,CI.WES.--,1
deterministic_noise,22131,ok,,0.0,True,True,0.0,0.0,pass,ok,0.2000830038014101,5.571211069822311,10835317,CI.WES.--,1
scale2,21696,ok,,0.0,True,True,0.0,0.0,pass,ok,0.08718061630497687,5.308595657348633,10838965,CI.DRE.--,0
deterministic_noise,21696,ok,,0.0,True,True,0.0,0.0,pass,ok,0.08724760080804117,5.357602119445801,10838965,CI.DRE.--,0
scale2,21696,ok,,0.0,True,True,0.0,0.0,pass,ok,0.21597940439824015,5.485162451863289,10838965,CI.WES.--,1
deterministic_noise,21696,ok,,0.0,True,True,0.0,0.0,pass,ok,0.21598453109618276,5.6130515187978745,10838965,CI.WES.--,1
scale2,21468,ok,,0.0,True,True,0.0,0.0,pass,ok,0.08150543656665832,5.739036798477173,10840013,CI.DRE.--,0
deterministic_noise,21468,ok,,0.0,True,True,0.0,0.0,pass,ok,0.08164761576335877,5.778341174125671,10840013,CI.DRE.--,0
scale2,21468,ok,,0.0,True,True,0.0,0.0,pass,ok,0.20113108736040886,5.726563811302185,10840013,CI.WES.--,1
deterministic_noise,21468,ok,,0.0,True,True,0.0,0.0,pass,ok,0.20113158542153542,5.640196681022644,10840013,CI.WES.--,1
scale2,24072,ok,,0.0,True,True,0.0,0.0,pass,ok,0.042613126803189516,5.463607549667358,14883196,CI.BOR.--,0
deterministic_noise,24072,ok,,0.0,True,True,0.0,0.0,pass,ok,0.042657028418034315,5.276712775230408,14883196,CI.BOR.--,0
scale2,24072,ok,,0.0,True,True,0.0,0.0,pass,ok,0.06495765293948352,5.062919855117798,14883196,CI.EML.--,1
deterministic_noise,24072,ok,,0.0,True,True,0.0,0.0,pass,ok,0.06535795633681118,5.4175156354904175,14883196,CI.EML.--,1
scale2,21360,ok,,0.0,True,True,0.0,0.0,pass,ok,0.21195336131495424,5.504004389047623,14883684,CI.WES.--,1
deterministic_noise,21360,ok,,0.0,True,True,0.0,0.0,pass,ok,0.2119586870248895,5.611470073461533,14883684,CI.WES.--,1
scale2,21360,ok,,0.0,True,True,0.0,0.0,pass,ok,0.054832318271110125,4.036056226119399,14883684,CI.BTC.--,2
deterministic_noise,21360,ok,,0.0,True,True,0.0,0.0,pass,ok,0.05483137310056918,4.00863247551024,14883684,CI.BTC.--,2
scale2,21300,ok,,0.0,True,True,0.0,0.0,pass,ok,0.07991851850238163,4.645517885684967,14885260,CI.DRE.--,0
deterministic_noise,21300,ok,,0.0,True,True,0.0,0.0,pass,ok,0.07990489916119259,4.77008181810379,14885260,CI.DRE.--,0
scale2,21300,ok,,0.0,True,True,0.0,0.0,pass,ok,0.2006006871815771,5.3645714819431305,14885260,CI.WES.--,1
deterministic_noise,21300,ok,,0.0,True,True,0.0,0.0,pass,ok,0.20060650655068457,5.542738780379295,14885260,CI.WES.--,1
scale2,22080,ok,,0.0,True,True,0.0,0.0,pass,ok,0.2116753184236586,5.48229207098484,14890916,CI.WES.--,0
deterministic_noise,22080,ok,,0.0,True,True,0.0,0.0,pass,ok,0.21168088680133224,5.512575522065163,14890916,CI.WES.--,0
scale2,22080,ok,,0.0,True,True,0.0,0.0,pass,ok,0.04887997661717236,4.060923993587494,14890916,CI.BTC.--,1
deterministic_noise,22080,ok,,0.0,True,True,0.0,0.0,pass,ok,0.048878759844228625,4.102872371673584,14890916,CI.BTC.--,1
scale2,21828,ok,,0.0,True,True,0.0,0.0,pass,ok,0.07243037427542731,4.559532403945923,14893644,CI.DRE.--,0
deterministic_noise,21828,ok,,0.0,True,True,0.0,0.0,pass,ok,0.07248839532257989,4.684145152568817,14893644,CI.DRE.--,0
scale2,21828,ok,,0.0,True,True,0.0,0.0,pass,ok,0.20641109431744553,5.395831566303968,14893644,CI.WES.--,1
deterministic_noise,21828,ok,,0.0,True,True,0.0,0.0,pass,ok,0.20641314898966812,5.3419385850429535,14893644,CI.WES.--,1
scale2,21234,ok,,0.0,True,True,0.0,0.0,pass,ok,0.07264652531011961,4.592119097709656,14894412,CI.DRE.--,0
deterministic_noise,21234,ok,,0.0,True,True,0.0,0.0,pass,ok,0.07266736347810365,4.315316259860992,14894412,CI.DRE.--,0
scale2,21234,ok,,0.0,True,True,0.0,0.0,pass,ok,0.20647207873116713,5.436991281807423,14894412,CI.WES.--,1
deterministic_noise,21234,ok,,0.0,True,True,0.0,0.0,pass,ok,0.20647371334780473,5.272401751950383,14894412,CI.WES.--,1
scale2,21762,ok,,0.0,True,True,0.0,0.0,pass,ok,0.0780975897796452,6.92302131652832,14895612,CI.DRE.--,0
deterministic_noise,21762,ok,,0.0,True,True,0.0,0.0,pass,ok,0.07944899005815387,6.995913028717041,14895612,CI.DRE.--,0
scale2,21762,ok,,0.0,True,True,0.0,0.0,pass,ok,0.21148151950910687,7.300966739654541,14895612,CI.WES.--,1
deterministic_noise,21762,ok,,0.0,True,True,0.0,0.0,pass,ok,0.2115461896173656,7.080254673957825,14895612,CI.WES.--,1
scale2,21714,ok,,0.0,True,True,0.0,0.0,pass,ok,0.07634343139943667,4.638374865055084,14895692,CI.DRE.--,0
deterministic_noise,21714,ok,,0.0,True,True,0.0,0.0,pass,ok,0.07637111909571104,4.452109485864639,14895692,CI.DRE.--,0
scale2,21714,ok,,0.0,True,True,0.0,0.0,pass,ok,0.2154749395813269,5.390477070584893,14895692,CI.WES.--,1
deterministic_noise,21714,ok,,0.0,True,True,0.0,0.0,pass,ok,0.21547932303292328,5.3644925262779,14895692,CI.WES.--,1
scale2,22032,ok,,0.0,True,True,0.0,0.0,pass,ok,0.07125082597485743,4.800312101840973,14895908,CI.DRE.--,0
deterministic_noise,22032,ok,,0.0,True,True,0.0,0.0,pass,ok,0.07132025077589788,4.809252321720123,14895908,CI.DRE.--,0
scale2,22032,ok,,0.0,True,True,0.0,0.0,pass,ok,0.20070584258792223,5.408969528973103,14895908,CI.WES.--,1
deterministic_noise,22032,ok,,0.0,True,True,0.0,0.0,pass,ok,0.20070600369217573,5.334873899817467,14895908,CI.WES.--,1
scale2,21762,ok,,0.0,True,True,0.0,0.0,pass,ok,0.21141851817810675,5.399702101945877,14895956,CI.WES.--,1
deterministic_noise,21762,ok,,0.0,True,True,0.0,0.0,pass,ok,0.2114229711369262,5.317435711622238,14895956,CI.WES.--,1
scale2,21762,ok,,0.0,True,True,0.0,0.0,pass,ok,0.049625631314029306,3.930163082201034,14895956,CI.BTC.--,2
deterministic_noise,21762,ok,,0.0,True,True,0.0,0.0,pass,ok,0.04962546389151612,3.9187493952922523,14895956,CI.BTC.--,2
scale2,21897,ok,,0.0,True,True,0.0,0.0,pass,ok,0.07391469237154524,4.806034982204437,14896308,CI.DRE.--,0
deterministic_noise,21897,ok,,0.0,True,True,0.0,0.0,pass,ok,0.07407130989486177,4.93001127243042,14896308,CI.DRE.--,0
scale2,21897,ok,,0.0,True,True,0.0,0.0,pass,ok,0.20643372982158326,5.451985254883766,14896308,CI.WES.--,1
deterministic_noise,21897,ok,,0.0,True,True,0.0,0.0,pass,ok,0.2064364835678134,5.426559001207352,14896308,CI.WES.--,1
scale2,24405,ok,,0.0,True,True,0.0,0.0,pass,ok,0.0342577351257205,5.108612895011902,14898692,CI.RXH.--,0
deterministic_noise,24405,ok,,0.0,True,True,0.0,0.0,pass,ok,0.03418129030615091,4.8511587381362915,14898692,CI.RXH.--,0
scale2,24405,ok,,0.0,True,True,0.0,0.0,pass,ok,0.06756964170926949,5.309078097343445,14898692,CI.SWS.--,1
deterministic_noise,24405,ok,,0.0,True,True,0.0,0.0,pass,ok,0.06759408271318534,5.337053060531616,14898692,CI.SWS.--,1
scale2,24408,ok,,0.0,True,True,0.0,0.0,pass,ok,0.03551743854768574,5.144797325134277,14898924,CI.RXH.--,0
deterministic_noise,24408,ok,,0.0,True,True,0.0,0.0,pass,ok,0.03564987028948963,5.104214191436768,14898924,CI.RXH.--,0
scale2,24408,ok,,0.0,True,True,0.0,0.0,pass,ok,0.07758279051631689,6.990016937255859,14898924,CI.DRE.--,1
deterministic_noise,24408,ok,,0.0,True,True,0.0,0.0,pass,ok,0.07805650029331446,6.981436729431152,14898924,CI.DRE.--,1
scale2,24360,ok,,0.0,True,True,0.0,0.0,pass,ok,0.033592166379094124,5.033193111419678,14899068,CI.RXH.--,0
deterministic_noise,24360,ok,,0.0,True,True,0.0,0.0,pass,ok,0.03352697938680649,4.637985825538635,14899068,CI.RXH.--,0
scale2,24360,ok,,0.0,True,True,0.0,0.0,pass,ok,0.06770871789194643,5.274591088294983,14899068,CI.SWS.--,1
deterministic_noise,24360,ok,,0.0,True,True,0.0,0.0,pass,ok,0.06773324846290052,5.682168006896973,14899068,CI.SWS.--,1
scale2,24372,ok,,0.0,True,True,0.0,0.0,pass,ok,0.03404691198375076,5.244380950927734,14899076,CI.RXH.--,0
deterministic_noise,24372,ok,,0.0,True,True,0.0,0.0,pass,ok,0.033868564874865115,5.166768550872803,14899076,CI.RXH.--,0
scale2,24372,ok,,0.0,True,True,0.0,0.0,pass,ok,0.06740250764414668,6.198061227798462,14899076,CI.SWS.--,1
deterministic_noise,24372,ok,,0.0,True,True,0.0,0.0,pass,ok,0.06748477043583989,6.31385064125061,14899076,CI.SWS.--,1
scale2,24429,ok,,0.0,True,True,0.0,0.0,pass,ok,0.03388910472858697,4.7804893255233765,14899164,CI.RXH.--,0
deterministic_noise,24429,ok,,0.0,True,True,0.0,0.0,pass,ok,0.03382048651110381,5.028055310249329,14899164,CI.RXH.--,0
scale2,24429,ok,,0.0,True,True,0.0,0.0,pass,ok,0.07159015000797808,6.171117305755615,14899164,CI.DRE.--,1
deterministic_noise,24429,ok,,0.0,True,True,0.0,0.0,pass,ok,0.07154942839406431,6.028470993041992,14899164,CI.DRE.--,1
scale2,20052,ok,,0.0,True,True,0.0,0.0,pass,ok,0.33573420762513706,5.848100004717708,10859541,CI.RCT.--,0
deterministic_noise,20052,ok,,0.0,True,True,0.0,0.0,pass,ok,0.3357356298020022,5.814546678215265,10859541,CI.RCT.--,0
scale2,20052,ok,,0.0,True,True,0.0,0.0,pass,ok,0.05645018942595925,4.066006277687848,10859541,CI.PHL.--,1
deterministic_noise,20052,ok,,0.0,True,True,0.0,0.0,pass,ok,0.05644890539406333,4.035807515494525,10859541,CI.PHL.--,1
scale2,23748,ok,,0.0,True,True,0.0,0.0,pass,ok,0.07732640772883315,4.9420329332351685,10860557,CI.IBP.--,0
deterministic_noise,23748,ok,,0.0,True,True,0.0,0.0,pass,ok,0.07740871042187791,5.037800192832947,10860557,CI.IBP.--,0
scale2,23748,ok,,0.0,True,True,0.0,0.0,pass,ok,0.03324560009059496,4.242708623409271,10860557,CI.JEM.--,1
deterministic_noise,23748,ok,,0.0,True,True,0.0,0.0,pass,ok,0.03326563976588659,4.204030871391296,10860557,CI.JEM.--,1
scale2,23502,ok,,0.0,True,True,0.0,0.0,pass,ok,0.20073713269084692,8.226853847503662,10861221,CI.WES.--,0
deterministic_noise,23502,ok,,0.0,True,True,0.0,0.0,pass,ok,0.20115518663078547,8.24451231956482,10861221,CI.WES.--,0
scale2,23502,ok,,0.0,True,True,0.0,0.0,pass,ok,0.07004089909605682,6.312152624130249,10861221,CI.DRE.--,1
deterministic_noise,23502,ok,,0.0,True,True,0.0,0.0,pass,ok,0.06998829287476838,6.162559270858765,10861221,CI.DRE.--,1
scale2,22347,ok,,0.0,True,True,0.0,0.0,pass,ok,0.06803706470964244,4.70958286523819,10864213,CI.DRE.--,0
deterministic_noise,22347,ok,,0.0,True,True,0.0,0.0,pass,ok,0.06810138191940496,4.612625777721405,10864213,CI.DRE.--,0
scale2,22347,ok,,0.0,True,True,0.0,0.0,pass,ok,0.20005274284631014,5.575550138950348,10864213,CI.WES.--,1
deterministic_noise,22347,ok,,0.0,True,True,0.0,0.0,pass,ok,0.20005316566675901,5.469515025615692,10864213,CI.WES.--,1
scale2,21678,ok,,0.0,True,True,0.0,0.0,pass,ok,0.06580625234346371,4.415725961327553,10876061,CI.DRE.--,0
deterministic_noise,21678,ok,,0.0,True,True,0.0,0.0,pass,ok,0.06578979136247654,4.636614412069321,10876061,CI.DRE.--,0
scale2,21678,ok,,0.0,True,True,0.0,0.0,pass,ok,0.19870013355830451,5.282600446604192,10876061,CI.WES.--,1
deterministic_noise,21678,ok,,0.0,True,True,0.0,0.0,pass,ok,0.19870563984295586,5.311060861684382,10876061,CI.WES.--,1
scale2,22023,ok,,0.0,True,True,0.0,0.0,pass,ok,0.06591009977273643,5.3451762199401855,14920876,CI.DRE.--,0
deterministic_noise,22023,ok,,0.0,True,True,0.0,0.0,pass,ok,0.06585826096124947,5.5070579051971436,14920876,CI.DRE.--,0
scale2,22023,ok,,0.0,True,True,0.0,0.0,pass,ok,0.19867161329602823,5.979981422424316,14920876,CI.WES.--,1
deterministic_noise,22023,ok,,0.0,True,True,0.0,0.0,pass,ok,0.19871916953707114,5.971582770347595,14920876,CI.WES.--,1
scale2,24702,ok,,0.0,True,True,0.0,0.0,pass,ok,0.06745549337938428,6.089568138122559,14922020,CI.DRE.--,0
deterministic_noise,24702,ok,,0.0,True,True,0.0,0.0,pass,ok,0.06819077534601092,6.191952228546143,14922020,CI.DRE.--,0
scale2,24702,ok,,0.0,True,True,0.0,0.0,pass,ok,0.2039747951203026,6.213083505630493,14922020,CI.WES.--,1
deterministic_noise,24702,ok,,0.0,True,True,0.0,0.0,pass,ok,0.20398170076077804,5.921720743179321,14922020,CI.WES.--,1
scale2,24234,ok,,0.0,True,True,0.0,0.0,pass,ok,0.04393679808708839,4.990610361099243,14923668,CI.ARV.--,0
deterministic_noise,24234,ok,,0.0,True,True,0.0,0.0,pass,ok,0.043862721213372424,5.0832332372665405,14923668,CI.ARV.--,0
scale2,24234,ok,,0.0,True,True,0.0,0.0,pass,ok,0.03898351971292868,4.195748209953308,14923668,CI.BAK.--,1
deterministic_noise,24234,ok,,0.0,True,True,0.0,0.0,pass,ok,0.0390267189941369,4.152898788452148,14923668,CI.BAK.--,1
scale2,21207,ok,,0.0,True,True,0.0,0.0,pass,ok,0.0684736896364484,4.911834239959717,14925276,CI.DRE.--,0
deterministic_noise,21207,ok,,0.0,True,True,0.0,0.0,pass,ok,0.06861928812577389,4.843536138534546,14925276,CI.DRE.--,0
scale2,21207,ok,,0.0,True,True,0.0,0.0,pass,ok,0.2099044319256791,5.303622163832188,14925276,CI.WES.--,1
deterministic_noise,21207,ok,,0.0,True,True,0.0,0.0,pass,ok,0.20990659333619988,5.414595894515514,14925276,CI.WES.--,1
scale2,21651,ok,,0.0,True,True,0.0,0.0,pass,ok,0.06667913461569697,4.403071865439415,14927276,CI.DRE.--,0
deterministic_noise,21651,ok,,0.0,True,True,0.0,0.0,pass,ok,0.06671076302882284,4.40937477350235,14927276,CI.DRE.--,0
scale2,21651,ok,,0.0,True,True,0.0,0.0,pass,ok,0.20484306750586256,5.347827287390828,14927276,CI.WES.--,1
deterministic_noise,21651,ok,,0.0,True,True,0.0,0.0,pass,ok,0.20484422805020586,5.370665460824966,14927276,CI.WES.--,1
scale2,22143,ok,,0.0,True,True,0.0,0.0,pass,ok,0.06837394164176658,4.647578656673431,14928124,CI.DRE.--,0
deterministic_noise,22143,ok,,0.0,True,True,0.0,0.0,pass,ok,0.06843554897932336,4.5307759046554565,14928124,CI.DRE.--,0
scale2,22143,ok,,0.0,True,True,0.0,0.0,pass,ok,0.21386181793059222,5.355040371417999,14928124,CI.WES.--,1
deterministic_noise,22143,ok,,0.0,True,True,0.0,0.0,pass,ok,0.2138688615814317,5.602969735860825,14928124,CI.WES.--,1
scale2,21471,ok,,0.0,True,True,0.0,0.0,pass,ok,0.06065282202325761,4.706127345561981,14929452,CI.DRE.--,0
deterministic_noise,21471,ok,,0.0,True,True,0.0,0.0,pass,ok,0.06078925379551947,4.537978649139404,14929452,CI.DRE.--,0
scale2,21471,ok,,0.0,True,True,0.0,0.0,pass,ok,0.19882881830562837,5.392541661858559,14929452,CI.WES.--,1
deterministic_noise,21471,ok,,0.0,True,True,0.0,0.0,pass,ok,0.19882912744651549,5.533055812120438,14929452,CI.WES.--,1
scale2,21717,ok,,0.0,True,True,0.0,0.0,pass,ok,0.06600819891900755,4.477715730667114,10892245,CI.DRE.--,0
deterministic_noise,21717,ok,,0.0,True,True,0.0,0.0,pass,ok,0.06607823455124162,4.57472038269043,10892245,CI.DRE.--,0
scale2,21717,ok,,0.0,True,True,0.0,0.0,pass,ok,0.20447137093287893,5.497870817780495,10892245,CI.WES.--,1
deterministic_noise,21717,ok,,0.0,True,True,0.0,0.0,pass,ok,0.20447325074928813,5.303467612713575,10892245,CI.WES.--,1
scale2,21798,ok,,0.0,True,True,0.0,0.0,pass,ok,0.06411033403128386,5.84455418586731,10892285,CI.DRE.--,0
deterministic_noise,21798,ok,,0.0,True,True,0.0,0.0,pass,ok,0.06405403185635805,5.5750755071640015,10892285,CI.DRE.--,0
scale2,21798,ok,,0.0,True,True,0.0,0.0,pass,ok,0.19819288328289986,5.817777931690216,10892285,CI.WES.--,1
deterministic_noise,21798,ok,,0.0,True,True,0.0,0.0,pass,ok,0.19823604449629784,5.983110308647156,10892285,CI.WES.--,1
scale2,21891,ok,,0.0,True,True,0.0,0.0,pass,ok,0.06411020342966367,4.664089918136597,10892325,CI.DRE.--,0
deterministic_noise,21891,ok,,0.0,True,True,0.0,0.0,pass,ok,0.06409186239579867,4.777507662773132,10892325,CI.DRE.--,0
scale2,21891,ok,,0.0,True,True,0.0,0.0,pass,ok,0.19825636282621417,5.5017057210206985,10892325,CI.WES.--,1
deterministic_noise,21891,ok,,0.0,True,True,0.0,0.0,pass,ok,0.19827229842485394,5.424973770976067,10892325,CI.WES.--,1
scale2,21804,ok,,0.0,True,True,0.0,0.0,pass,ok,0.0645597975817509,4.589426577091217,10892469,CI.DRE.--,0
deterministic_noise,21804,ok,,0.0,True,True,0.0,0.0,pass,ok,0.06454708910314366,4.556711852550507,10892469,CI.DRE.--,0
scale2,21804,ok,,0.0,True,True,0.0,0.0,pass,ok,0.19819670671131462,5.425625875592232,10892469,CI.WES.--,1
deterministic_noise,21804,ok,,0.0,True,True,0.0,0.0,pass,ok,0.1982081705937162,5.367263734340668,10892469,CI.WES.--,1
scale2,20667,ok,,0.0,True,True,0.0,0.0,pass,ok,0.2092326936981408,6.544353485107422,14937372,CI.WES.--,0
deterministic_noise,20667,ok,,0.0,True,True,0.0,0.0,pass,ok,0.2092616649606498,6.608739018440247,14937372,CI.WES.--,0
scale2,20667,ok,,0.0,True,True,0.0,0.0,pass,ok,0.04751170971576357,4.84413754940033,14937372,CI.BTC.--,1
deterministic_noise,20667,ok,,0.0,True,True,0.0,0.0,pass,ok,0.04751043594296789,4.615731954574585,14937372,CI.BTC.--,1
scale2,25119,ok,,0.0,True,True,0.0,0.0,pass,ok,0.037225819658488035,5.411215662956238,14937740,CI.SMV.--,0
deterministic_noise,25119,ok,,0.0,True,True,0.0,0.0,pass,ok,0.03778451727703214,5.00469446182251,14937740,CI.SMV.--,0
scale2,25119,ok,,0.0,True,True,0.0,0.0,pass,ok,0.014897960121743381,3.994919180870056,14937740,CI.WSS.--,1
deterministic_noise,25119,ok,,0.0,True,True,0.0,0.0,pass,ok,0.01465824875049293,3.9818681478500366,14937740,CI.WSS.--,1
scale2,21078,ok,,0.0,True,True,0.0,0.0,pass,ok,0.20923373475670815,7.017942667007446,14937988,CI.WES.--,0
deterministic_noise,21078,ok,,0.0,True,True,0.0,0.0,pass,ok,0.20928479358553886,7.278911352157593,14937988,CI.WES.--,0
scale2,21078,ok,,0.0,True,True,0.0,0.0,pass,ok,0.09033464174717665,6.281835556030273,14937988,CI.IBP.--,1
deterministic_noise,21078,ok,,0.0,True,True,0.0,0.0,pass,ok,0.09057874698191881,6.625501394271851,14937988,CI.IBP.--,1
scale2,21807,ok,,0.0,True,True,0.0,0.0,pass,ok,0.06456158240325749,4.869649767875671,10903717,CI.DRE.--,0
deterministic_noise,21807,ok,,0.0,True,True,0.0,0.0,pass,ok,0.06454273383133113,4.767673134803772,10903717,CI.DRE.--,0
scale2,21807,ok,,0.0,True,True,0.0,0.0,pass,ok,0.19820783031900646,5.684761583805084,10903717,CI.WES.--,1
deterministic_noise,21807,ok,,0.0,True,True,0.0,0.0,pass,ok,0.19823494063894032,5.561230808496475,10903717,CI.WES.--,1
scale2,24519,ok,,0.0,True,True,0.0,0.0,pass,ok,0.19775312021374702,5.847777009010315,10903869,CI.WES.--,0
deterministic_noise,24519,ok,,0.0,True,True,0.0,0.0,pass,ok,0.197805043309927,5.995293080806732,10903869,CI.WES.--,0
scale2,24519,ok,,0.0,True,True,0.0,0.0,pass,ok,0.06351415159588214,5.5539774894714355,10903869,CI.SWS.--,1
deterministic_noise,24519,ok,,0.0,True,True,0.0,0.0,pass,ok,0.06354880986327771,5.606236219406128,10903869,CI.SWS.--,1
scale2,21837,ok,,0.0,True,True,0.0,0.0,pass,ok,0.07033713438431732,4.4749374985694885,10905661,CI.DRE.--,0
deterministic_noise,21837,ok,,0.0,True,True,0.0,0.0,pass,ok,0.07038279346306808,4.533218801021576,10905661,CI.DRE.--,0
scale2,21837,ok,,0.0,True,True,0.0,0.0,pass,ok,0.2131905153801199,5.348534643650055,10905661,CI.WES.--,1
deterministic_noise,21837,ok,,0.0,True,True,0.0,0.0,pass,ok,0.2131957366655115,5.552785739302635,10905661,CI.WES.--,1
scale2,24678,ok,,0.0,True,True,0.0,0.0,pass,ok,0.0951338829472661,5.664876341819763,10906781,CI.TEH.--,0
deterministic_noise,24678,ok,,0.0,True,True,0.0,0.0,pass,ok,0.09504493605345488,5.7491360902786255,10906781,CI.TEH.--,0
scale2,24678,ok,,0.0,True,True,0.0,0.0,pass,ok,0.038233068720728625,4.040969610214233,10906781,CI.ARV.--,1
deterministic_noise,24678,ok,,0.0,True,True,0.0,0.0,pass,ok,0.03823386789736105,4.189667701721191,10906781,CI.ARV.--,1
scale2,21753,ok,,0.0,True,True,0.0,0.0,pass,ok,0.07274649373721331,5.049881815910339,10910205,CI.DRE.--,0
deterministic_noise,21753,ok,,0.0,True,True,0.0,0.0,pass,ok,0.07285180606413633,4.945584356784821,10910205,CI.DRE.--,0
scale2,21753,ok,,0.0,True,True,0.0,0.0,pass,ok,0.1982467683701543,5.455746233463287,10910205,CI.WES.--,1
deterministic_noise,21753,ok,,0.0,True,True,0.0,0.0,pass,ok,0.1982470241637202,5.416921153664589,10910205,CI.WES.--,1
scale2,24510,ok,,0.0,True,True,0.0,0.0,pass,ok,0.06470198091119528,5.394156455993652,10912365,CI.SPF.--,0
deterministic_noise,24510,ok,,0.0,True,True,0.0,0.0,pass,ok,0.06452624592930079,5.242587566375732,10912365,CI.SPF.--,0
scale2,24510,ok,,0.0,True,True,0.0,0.0,pass,ok,0.11267971210327232,6.278546571731567,10912365,CI.AGO.--,1
deterministic_noise,24510,ok,,0.0,True,True,0.0,0.0,pass,ok,0.11516937650594627,6.341059446334839,10912365,CI.AGO.--,1
scale2,22206,ok,,0.0,True,True,0.0,0.0,pass,ok,0.07189975585788488,5.420060038566589,14957620,CI.DRE.--,0
deterministic_noise,22206,ok,,0.0,True,True,0.0,0.0,pass,ok,0.07215200457721949,5.357781648635864,14957620,CI.DRE.--,0
scale2,22206,ok,,0.0,True,True,0.0,0.0,pass,ok,0.20883297751424834,5.761156618595123,14957620,CI.WES.--,1
deterministic_noise,22206,ok,,0.0,True,True,0.0,0.0,pass,ok,0.20885577966691926,5.881123065948486,14957620,CI.WES.--,1
scale2,22308,ok,,0.0,True,True,0.0,0.0,pass,ok,0.07057389232795686,5.106224894523621,14958076,CI.DRE.--,0
deterministic_noise,22308,ok,,0.0,True,True,0.0,0.0,pass,ok,0.07067967590410262,4.811722755432129,14958076,CI.DRE.--,0
scale2,22308,ok,,0.0,True,True,0.0,0.0,pass,ok,0.20389259154217143,5.47758811712265,14958076,CI.WES.--,1
deterministic_noise,22308,ok,,0.0,True,True,0.0,0.0,pass,ok,0.2038955957232247,5.460207670927048,14958076,CI.WES.--,1
scale2,22494,ok,,0.0,True,True,0.0,0.0,pass,ok,0.0683602443896234,6.668631553649902,14958300,CI.DRE.--,0
deterministic_noise,22494,ok,,0.0,True,True,0.0,0.0,pass,ok,0.06935099000111222,6.488770246505737,14958300,CI.DRE.--,0
scale2,22494,ok,,0.0,True,True,0.0,0.0,pass,ok,0.19848331692628562,6.274292945861816,14958300,CI.WES.--,1
deterministic_noise,22494,ok,,0.0,True,True,0.0,0.0,pass,ok,0.1984846752602607,6.192670583724976,14958300,CI.WES.--,1
scale2,22500,ok,,0.0,True,True,0.0,0.0,pass,ok,0.07428175397217274,6.473604440689087,14960652,CI.DRE.--,0
deterministic_noise,22500,ok,,0.0,True,True,0.0,0.0,pass,ok,0.07540568895637989,6.976728439331055,14960652,CI.DRE.--,0
scale2,22500,ok,,0.0,True,True,0.0,0.0,pass,ok,0.20378520927624777,6.318217873573303,14960652,CI.WES.--,1
deterministic_noise,22500,ok,,0.0,True,True,0.0,0.0,pass,ok,0.2037965074996464,6.145532011985779,14960652,CI.WES.--,1
scale2,24666,ok,,0.0,True,True,0.0,0.0,pass,ok,0.19637914467602968,7.200392723083496,10921765,CI.WES.--,0
deterministic_noise,24666,ok,,0.0,True,True,0.0,0.0,pass,ok,0.196393514983356,7.085924386978149,10921765,CI.WES.--,0
scale2,24666,ok,,0.0,True,True,0.0,0.0,pass,ok,0.07485457276925445,5.673467040061951,10921765,CI.DRE.--,1
deterministic_noise,24666,ok,,0.0,True,True,0.0,0.0,pass,ok,0.07508160406723619,5.599259257316589,10921765,CI.DRE.--,1
scale2,24579,ok,,0.0,True,True,0.0,0.0,pass,ok,0.19646736420691013,7.724993944168091,10922333,CI.WES.--,0
deterministic_noise,24579,ok,,0.0,True,True,0.0,0.0,pass,ok,0.1974280383437872,8.103541851043701,10922333,CI.WES.--,0
scale2,24579,ok,,0.0,True,True,0.0,0.0,pass,ok,0.07221516431309283,6.2906174659729,10922333,CI.DRE.--,1
deterministic_noise,24579,ok,,0.0,True,True,0.0,0.0,pass,ok,0.07212136476300657,6.280839920043945,10922333,CI.DRE.--,1
scale2,24657,ok,,0.0,True,True,0.0,0.0,pass,ok,0.19596843305043876,6.641767621040344,10922397,CI.WES.--,0
deterministic_noise,24657,ok,,0.0,True,True,0.0,0.0,pass,ok,0.19615063187666237,6.608113169670105,10922397,CI.WES.--,0
scale2,24657,ok,,0.0,True,True,0.0,0.0,pass,ok,0.07283316797111183,5.13424277305603,10922397,CI.DRE.--,1
deterministic_noise,24657,ok,,0.0,True,True,0.0,0.0,pass,ok,0.07281778508331627,5.066841781139374,10922397,CI.DRE.--,1
scale2,21660,ok,,0.0,True,True,0.0,0.0,pass,ok,0.07721898629097268,5.215760231018066,10923517,CI.DRE.--,0
deterministic_noise,21660,ok,,0.0,True,True,0.0,0.0,pass,ok,0.0773012422141619,5.135535001754761,10923517,CI.DRE.--,0
scale2,21660,ok,,0.0,True,True,0.0,0.0,pass,ok,0.21190772773115896,5.693705856800079,10923517,CI.WES.--,1
deterministic_noise,21660,ok,,0.0,True,True,0.0,0.0,pass,ok,0.21191509245545603,5.62961420416832,10923517,CI.WES.--,1
scale2,22350,ok,,0.0,True,True,0.0,0.0,pass,ok,0.07322796726657543,4.828336834907532,10924669,CI.DRE.--,0
deterministic_noise,22350,ok,,0.0,True,True,0.0,0.0,pass,ok,0.073288765604957,4.995683670043945,10924669,CI.DRE.--,0
scale2,22350,ok,,0.0,True,True,0.0,0.0,pass,ok,0.19765189418103546,5.397688463330269,10924669,CI.WES.--,1
deterministic_noise,22350,ok,,0.0,True,True,0.0,0.0,pass,ok,0.19765217474196106,5.457722499966621,10924669,CI.WES.--,1
scale2,22467,ok,,0.0,True,True,0.0,0.0,pass,ok,0.06266162656902452,4.532124400138855,10926517,CI.DRE.--,0
deterministic_noise,22467,ok,,0.0,True,True,0.0,0.0,pass,ok,0.06262283659816603,4.49515038728714,10926517,CI.DRE.--,0
scale2,22467,ok,,0.0,True,True,0.0,0.0,pass,ok,0.21220926870591938,5.505615413188934,10926517,CI.WES.--,1
deterministic_noise,22467,ok,,0.0,True,True,0.0,0.0,pass,ok,0.21222361992113292,5.772502183914185,10926517,CI.WES.--,1
scale2,23211,ok,,0.0,True,True,0.0,0.0,pass,ok,0.20370589708909392,6.331788420677185,10930061,CI.WES.--,0
deterministic_noise,23211,ok,,0.0,True,True,0.0,0.0,pass,ok,0.20372463250532746,6.447008013725281,10930061,CI.WES.--,0
scale2,23211,ok,,0.0,True,True,0.0,0.0,pass,ok,0.06610110751353204,5.244947195053101,10930061,CI.DRE.--,1
deterministic_noise,23211,ok,,0.0,True,True,0.0,0.0,pass,ok,0.06608347245492041,5.36710250377655,10930061,CI.DRE.--,1
scale2,23166,ok,,0.0,True,True,0.0,0.0,pass,ok,0.20342013839399442,5.955405414104462,10930109,CI.WES.--,0
deterministic_noise,23166,ok,,0.0,True,True,0.0,0.0,pass,ok,0.20343298610532656,5.649798691272736,10930109,CI.WES.--,0
scale2,23166,ok,,0.0,True,True,0.0,0.0,pass,ok,0.06592515914235264,4.81608247756958,10930109,CI.DRE.--,1
deterministic_noise,23166,ok,,0.0,True,True,0.0,0.0,pass,ok,0.06591205985751003,4.597347378730774,10930109,CI.DRE.--,1
scale2,23148,ok,,0.0,True,True,0.0,0.0,pass,ok,0.19715423765592277,5.988870859146118,10930133,CI.WES.--,0
deterministic_noise,23148,ok,,0.0,True,True,0.0,0.0,pass,ok,0.19718882557936013,5.772692024707794,10930133,CI.WES.--,0
scale2,23148,ok,,0.0,True,True,0.0,0.0,pass,ok,0.06379288665630156,4.630042135715485,10930133,CI.DRE.--,1
deterministic_noise,23148,ok,,0.0,True,True,0.0,0.0,pass,ok,0.06378197439335054,4.505763560533524,10930133,CI.DRE.--,1
scale2,21069,ok,,0.0,True,True,0.0,0.0,pass,ok,0.07102081914126757,4.619492828845978,14980244,CI.DRE.--,0
deterministic_noise,21069,ok,,0.0,True,True,0.0,0.0,pass,ok,0.07101190100729582,4.737092196941376,14980244,CI.DRE.--,0
scale2,21069,ok,,0.0,True,True,0.0,0.0,pass,ok,0.2025830531056272,5.534842759370804,14980244,CI.WES.--,1
deterministic_noise,21069,ok,,0.0,True,True,0.0,0.0,pass,ok,0.20258594215556514,5.563119113445282,14980244,CI.WES.--,1
scale2,24651,ok,,0.0,True,True,0.0,0.0,pass,ok,0.10490852329530753,5.467311322689056,14984380,CI.TEH.--,0
deterministic_noise,24651,ok,,0.0,True,True,0.0,0.0,pass,ok,0.10498626049957238,5.426204264163971,14984380,CI.TEH.--,0
scale2,24651,ok,,0.0,True,True,0.0,0.0,pass,ok,0.07764043071074411,4.659643471240997,14984380,CI.MAG.--,1
deterministic_noise,24651,ok,,0.0,True,True,0.0,0.0,pass,ok,0.07763593486743048,4.58049675822258,14984380,CI.MAG.--,1
scale2,20736,ok,,0.0,True,True,0.0,0.0,pass,ok,0.20749497118231375,5.368066802620888,14990764,CI.WES.--,1
deterministic_noise,20736,ok,,0.0,True,True,0.0,0.0,pass,ok,0.20749926862481516,5.423658408224583,14990764,CI.WES.--,1
scale2,20736,ok,,0.0,True,True,0.0,0.0,pass,ok,0.06693026392895263,4.168939147144556,14990764,CI.BTC.--,2
deterministic_noise,20736,ok,,0.0,True,True,0.0,0.0,pass,ok,0.06692954928439576,4.268012966960669,14990764,CI.BTC.--,2
scale2,21630,ok,,0.0,True,True,0.0,0.0,pass,ok,0.07461418463208247,5.1426379680633545,14992084,CI.DRE.--,0
deterministic_noise,21630,ok,,0.0,True,True,0.0,0.0,pass,ok,0.07459307955286931,5.090322971343994,14992084,CI.DRE.--,0
scale2,21630,ok,,0.0,True,True,0.0,0.0,pass,ok,0.19645884129568003,5.808139860630035,14992084,CI.WES.--,1
deterministic_noise,21630,ok,,0.0,True,True,0.0,0.0,pass,ok,0.1964759877009783,5.750523805618286,14992084,CI.WES.--,1
scale2,24729,ok,,0.0,True,True,0.0,0.0,pass,ok,0.011859632330015302,3.56019389629364,14996388,CI.DEV.--,0
deterministic_noise,24729,ok,,0.0,True,True,0.0,0.0,pass,ok,0.011997763765975833,3.5388723611831665,14996388,CI.DEV.--,0
scale2,24729,ok,,0.0,True,True,0.0,0.0,pass,ok,0.04566123289987445,5.71964693069458,14996388,CI.MSC.--,1
deterministic_noise,24729,ok,,0.0,True,True,0.0,0.0,pass,ok,0.0458431183360517,5.908156156539917,14996388,CI.MSC.--,1
scale2,21972,ok,,0.0,True,True,0.0,0.0,pass,ok,0.08681200104911113,4.708649694919586,14999660,CI.DRE.--,0
deterministic_noise,21972,ok,,0.0,True,True,0.0,0.0,pass,ok,0.08675917577784276,4.560668706893921,14999660,CI.DRE.--,0
scale2,21972,ok,,0.0,True,True,0.0,0.0,pass,ok,0.21895303099881858,5.455079197883606,14999660,CI.WES.--,1
deterministic_noise,21972,ok,,0.0,True,True,0.0,0.0,pass,ok,0.2189743045018986,5.505071699619293,14999660,CI.WES.--,1
scale2,21498,ok,,0.0,True,True,0.0,0.0,pass,ok,0.07838301641459111,4.472755074501038,15000164,CI.DRE.--,0
deterministic_noise,21498,ok,,0.0,True,True,0.0,0.0,pass,ok,0.0783707396913087,4.579460918903351,15000164,CI.DRE.--,0
scale2,21498,ok,,0.0,True,True,0.0,0.0,pass,ok,0.19649427644981188,5.4457883685827255,15000164,CI.WES.--,1
deterministic_noise,21498,ok,,0.0,True,True,0.0,0.0,pass,ok,0.1965036738656636,5.381582051515579,15000164,CI.WES.--,1
scale2,24108,ok,,0.0,True,True,0.0,0.0,pass,ok,0.05898587286355905,5.706757545471191,10960933,CI.JEM.--,0
deterministic_noise,24108,ok,,0.0,True,True,0.0,0.0,pass,ok,0.05853350579855032,5.862509489059448,10960933,CI.JEM.--,0
scale2,24100,ok,,0.0,True,True,0.0,0.0,pass,ok,0.045478031039237976,5.580355882644653,10960933,CI.BOR.--,1
deterministic_noise,24108,ok,,0.0,True,True,0.0,0.0,pass,ok,0.044922079890966415,5.3936991691589355,10960933,CI.BOR.--,1
scale2,25026,ok,,0.0,True,True,0.0,0.0,pass,ok,0.022703966591507196,4.679102897644043,10961077,CI.SES.--,0
deterministic_noise,25026,ok,,0.0,True,True,0.0,0.0,pass,ok,0.023152253590524197,4.885129928588867,10961077,CI.SES.--,0
scale2,25026,ok,,0.0,True,True,0.0,0.0,pass,ok,0.01965283772733528,4.432722806930542,10961077,CI.WGR.--,1
deterministic_noise,25026,ok,,0.0,True,True,0.0,0.0,pass,ok,0.019684376355144195,4.359220743179321,10961077,CI.WGR.--,1
scale2,22353,ok,,0.0,True,True,0.0,0.0,pass,ok,0.05509112059735344,4.21868035197258,10962925,CI.OLP.--,0
deterministic_noise,22353,ok,,0.0,True,True,0.0,0.0,pass,ok,0.05510783538557007,4.328122317790985,10962925,CI.OLP.--,0
scale2,22353,ok,,0.0,True,True,0.0,0.0,pass,ok,0.05268965111463331,4.306380391120911,10962925,CI.BAR.--,1
deterministic_noise,22353,ok,,0.0,True,True,0.0,0.0,pass,ok,0.05269223629147746,4.315628886222839,10962925,CI.BAR.--,1
scale2,22449,ok,,0.0,True,True,0.0,0.0,pass,ok,0.08768721369415289,4.8954052329063416,10964949,CI.DRE.--,0
deterministic_noise,22449,ok,,0.0,True,True,0.0,0.0,pass,ok,0.08766111286968226,4.914325326681137,10964949,CI.DRE.--,0
scale2,22449,ok,,0.0,True,True,0.0,0.0,pass,ok,0.19681944460899103,5.416479796171188,10964949,CI.WES.--,1
deterministic_noise,22449,ok,,0.0,True,True,0.0,0.0,pass,ok,0.19683449952572118,5.381594687700272,10964949,CI.WES.--,1
scale2,22911,ok,,0.0,True,True,0.0,0.0,pass,ok,0.10231934960756917,5.495296359062195,15011732,CI.SCI2.--,0
deterministic_noise,22911,ok,,0.0,True,True,0.0,0.0,pass,ok,0.10236547414388042,5.469498872756958,15011732,CI.SCI2.--,0
scale2,22914,ok,,0.0,True,True,0.0,0.0,pass,ok,0.030244871755712666,4.029347240924835,15011732,CI.CTD.--,1
deterministic_noise,22914,ok,,0.0,True,True,0.0,0.0,pass,ok,0.030235639060265385,3.9682263135910034,15011732,CI.CTD.--,1
scale2,22023,ok,,0.0,True,True,0.0,0.0,pass,ok,0.10809408620116301,4.956309050321579,15015212,CI.DRE.--,0
deterministic_noise,22023,ok,,0.0,True,True,0.0,0.0,pass,ok,0.1080737809825223,4.779757916927338,15015212,CI.DRE.--,0
scale2,22023,ok,,0.0,True,True,0.0,0.0,pass,ok,0.2215399824490305,5.640552192926407,15015212,CI.WES.--,1
deterministic_noise,22023,ok,,0.0,True,True,0.0,0.0,pass,ok,0.2215560890326742,5.467152535915375,15015212,CI.WES.--,1
scale2,21261,ok,,0.0,True,True,0.0,0.0,pass,ok,0.09653759938373696,4.77623125910759,15017860,CI.DRE.--,0
deterministic_noise,21261,ok,,0.0,True,True,0.0,0.0,pass,ok,0.0965283121477114,4.7708490788936615,15017860,CI.DRE.--,0
scale2,21261,ok,,0.0,True,True,0.0,0.0,pass,ok,0.19760993885029166,5.357819885015488,15017860,CI.WES.--,1
deterministic_noise,21261,ok,,0.0,True,True,0.0,0.0,pass,ok,0.19761521352302225,5.322296768426895,15017860,CI.WES.--,1
scale2,21144,ok,,0.0,True,True,0.0,0.0,pass,ok,0.10435814593802206,4.863493472337723,15019748,CI.DRE.--,0
deterministic_noise,21144,ok,,0.0,True,True,0.0,0.0,pass,ok,0.10434517826070078,4.732773154973984,15019748,CI.DRE.--,0
scale2,21144,ok,,0.0,True,True,0.0,0.0,pass,ok,0.2129148535823333,5.355880498886108,15019748,CI.WES.--,1
deterministic_noise,21144,ok,,0.0,True,True,0.0,0.0,pass,ok,0.21291762660985114,5.467994257807732,15019748,CI.WES.--,1
scale2,24639,ok,,0.0,True,True,0.0,0.0,pass,ok,0.09690173529088497,7.168780326843262,15020804,CI.DRE.--,0
deterministic_noise,24639,ok,,0.0,True,True,0.0,0.0,pass,ok,0.09666186757385731,7.118223667144775,15020804,CI.DRE.--,0
scale2,24639,ok,,0.0,True,True,0.0,0.0,pass,ok,0.19713173753370938,5.906628370285034,15020804,CI.WES.--,1
deterministic_noise,24639,ok,,0.0,True,True,0.0,0.0,pass,ok,0.19714635663876834,5.702170014381409,15020804,CI.WES.--,1
scale2,24804,ok,,0.0,True,True,0.0,0.0,pass,ok,0.01220240956172347,3.6190507411956787,10980341,CI.LAF.--,0
deterministic_noise,24804,ok,,0.0,True,True,0.0,0.0,pass,ok,0.01445700041949749,3.825031042098999,10980341,CI.LAF.--,0
scale2,24804,ok,,0.0,True,True,0.0,0.0,pass,ok,0.02137327054515481,4.678004264831543,10980341,CI.WTT2.--,1
deterministic_noise,24804,ok,,0.0,True,True,0.0,0.0,pass,ok,0.022044300567358732,4.626242399215698,10980341,CI.WTT2.--,1
scale2,22161,ok,,0.0,True,True,0.0,0.0,pass,ok,0.0991210932515969,4.719428300857544,10981293,CI.DRE.--,0
deterministic_noise,22161,ok,,0.0,True,True,0.0,0.0,pass,ok,0.09911702623139718,4.771402835845947,10981293,CI.DRE.--,0
scale2,22161,ok,,0.0,True,True,0.0,0.0,pass,ok,0.19874064170289785,5.578035265207291,10981293,CI.WES.--,1
deterministic_noise,22161,ok,,0.0,True,True,0.0,0.0,pass,ok,0.19874088920187205,5.355594873428345,10981293,CI.WES.--,1
scale2,21741,ok,,0.0,True,True,0.0,0.0,pass,ok,0.0999688640149543,4.8270697593688965,10983197,CI.DRE.--,0
deterministic_noise,21741,ok,,0.0,True,True,0.0,0.0,pass,ok,0.09996501506248023,4.736371427774429,10983197,CI.DRE.--,0
scale2,21741,ok,,0.0,True,True,0.0,0.0,pass,ok,0.19894203207513783,5.48379847407341,10983197,CI.WES.--,1
deterministic_noise,21741,ok,,0.0,True,True,0.0,0.0,pass,ok,0.1989424709317973,5.536466360092163,10983197,CI.WES.--,1
scale2,24594,ok,,0.0,True,True,0.0,0.0,pass,ok,0.0880315424874425,5.993291139602661,10989053,CI.RPV.--,0
deterministic_noise,24594,ok,,0.0,True,True,0.0,0.0,pass,ok,0.08804249297827482,5.658829569816589,10989053,CI.RPV.--,0
scale2,24594,ok,,0.0,True,True,0.0,0.0,pass,ok,0.09547106875106692,6.314339756965637,10989053,CI.MIS.00,1
deterministic_noise,24594,ok,,0.0,True,True,0.0,0.0,pass,ok,0.09610309498384595,6.360366582870483,10989053,CI.MIS.00,1
scale2,22215,ok,,0.0,True,True,0.0,0.0,pass,ok,0.193843865476083,5.788746654987335,10990213,CI.IKP.--,0
deterministic_noise,22215,ok,,0.0,True,True,0.0,0.0,pass,ok,0.19382298580603674,5.866605758666992,10990213,CI.IKP.--,0
scale2,22215,ok,,0.0,True,True,0.0,0.0,pass,ok,0.06244268186856061,5.016622722148895,10990213,CI.BAR.--,1
deterministic_noise,22215,ok,,0.0,True,True,0.0,0.0,pass,ok,0.0625398651463911,4.819442808628082,10990213,CI.BAR.--,1
scale2,24654,ok,,0.0,True,True,0.0,0.0,pass,ok,0.024796522164251655,4.8121771812438965,10995205,CI.STS.--,0
deterministic_noise,24654,ok,,0.0,True,True,0.0,0.0,pass,ok,0.025763616955373436,4.882737398147583,10995205,CI.STS.--,0
scale2,24654,ok,,0.0,True,True,0.0,0.0,pass,ok,0.05805182736366987,6.356756687164307,10995205,CI.LBW1.00,1
deterministic_noise,24654,ok,,0.0,True,True,0.0,0.0,pass,ok,0.0598972300067544,6.239750623703003,10995205,CI.LBW1.00,1
scale2,21819,ok,,0.0,True,True,0.0,0.0,pass,ok,0.10491337219718844,5.134798467159271,10995629,CI.DRE.--,0
deterministic_noise,21819,ok,,0.0,True,True,0.0,0.0,pass,ok,0.10490246524568647,5.142134606838226,10995629,CI.DRE.--,0
scale2,21819,ok,,0.0,True,True,0.0,0.0,pass,ok,0.19997237756615505,5.646166890859604,10995629,CI.WES.--,1
deterministic_noise,21819,ok,,0.0,True,True,0.0,0.0,pass,ok,0.1999892132007517,5.491970181465149,10995629,CI.WES.--,1
scale2,21567,ok,,0.0,True,True,0.0,0.0,pass,ok,0.10777986081666313,5.101412773132324,11001981,CI.DRE.--,0
deterministic_noise,21567,ok,,0.0,True,True,0.0,0.0,pass,ok,0.10777813164168037,4.9468852281570435,11001981,CI.DRE.--,0
scale2,21567,ok,,0.0,True,True,0.0,0.0,pass,ok,0.2015558137836706,5.557353228330612,11001981,CI.WES.--,1
deterministic_noise,21567,ok,,0.0,True,True,0.0,0.0,pass,ok,0.20155612087819463,5.518792390823364,11001981,CI.WES.--,1
scale2,21288,ok,,0.0,True,True,0.0,0.0,pass,ok,0.10711234162045002,5.348118782043457,11005933,CI.DRE.--,0
deterministic_noise,21288,ok,,0.0,True,True,0.0,0.0,pass,ok,0.10709381749438762,5.221463203430176,11005933,CI.DRE.--,0
scale2,21288,ok,,0.0,True,True,0.0,0.0,pass,ok,0.20166937436442822,5.469787806272507,11005933,CI.WES.--,1
deterministic_noise,21288,ok,,0.0,True,True,0.0,0.0,pass,ok,0.20168899570126086,5.6170444786548615,11005933,CI.WES.--,1
scale2,22245,ok,,0.0,True,True,0.0,0.0,pass,ok,0.1059000461245887,4.933694422245026,11009917,CI.DRE.--,0
deterministic_noise,22245,ok,,0.0,True,True,0.0,0.0,pass,ok,0.10589216212974861,5.098654627799988,11009917,CI.DRE.--,0
scale2,22245,ok,,0.0,True,True,0.0,0.0,pass,ok,0.2025235935288947,5.476827040314674,11009917,CI.WES.--,1
deterministic_noise,22245,ok,,0.0,True,True,0.0,0.0,pass,ok,0.20253712989506312,5.567504167556763,11009917,CI.WES.--,1
scale2,22512,ok,,0.0,True,True,0.0,0.0,pass,ok,0.10582368478935678,5.376141428947449,11012957,CI.DRE.--,0
deterministic_noise,22512,ok,,0.0,True,True,0.0,0.0,pass,ok,0.10579690679151099,5.387175440788269,11012957,CI.DRE.--,0
scale2,22512,ok,,0.0,True,True,0.0,0.0,pass,ok,0.2029449667170411,5.594167947769165,11012957,CI.WES.--,1
deterministic_noise,22512,ok,,0.0,True,True,0.0,0.0,pass,ok,0.20295525832625572,5.494232594966888,11012957,CI.WES.--,1
scale2,23895,ok,,0.0,True,True,0.0,0.0,pass,ok,0.0905116789508611,5.943562865257263,15061972,CI.HEC.--,0
deterministic_noise,23895,ok,,0.0,True,True,0.0,0.0,pass,ok,0.09064608882181346,6.0340142250061035,15061972,CI.HEC.--,0
scale2,23895,ok,,0.0,True,True,0.0,0.0,pass,ok,0.04040459729731083,5.860194444656372,15061972,CI.GMR.--,1
deterministic_noise,23895,ok,,0.0,True,True,0.0,0.0,pass,ok,0.040222274139523506,5.84965443611145,15061972,CI.GMR.--,1
scale2,24126,ok,,0.0,True,True,0.0,0.0,pass,ok,0.24303085694555193,8.796575546264648,15063316,CI.WES.--,0
deterministic_noise,24126,ok,,0.0,True,True,0.0,0.0,pass,ok,0.24261261930223554,8.580123662948608,15063316,CI.WES.--,0
scale2,48089,ok,,0.0,True,True,0.0,0.0,pass,ok,0.0002669505774974823,0.23074568808078766,15063316,CI.Q0027.01,1
deterministic_noise,48249,ok,,0.0,True,True,0.0,0.0,pass,ok,0.0003258921205997467,0.17338311672210693,15063316,CI.Q0027.01,1
scale2,21696,ok,,0.0,True,True,0.0,0.0,pass,ok,0.10936130199115723,5.591996669769287,15063580,CI.DRE.--,0
deterministic_noise,21696,ok,,0.0,True,True,0.0,0.0,pass,ok,0.10932434734422714,5.546549201011658,15063580,CI.DRE.--,0
scale2,43217,ok,,0.0,True,True,0.0,0.0,pass,ok,8.270872058346868e-05,0.0739029198884964,15063580,CI.Q0027.01,1
deterministic_noise,43392,ok,,0.0,True,True,0.0,0.0,pass,ok,8.862993854563683e-05,0.071812704205513,15063580,CI.Q0027.01,1
scale2,21603,ok,,0.0,True,True,0.0,0.0,pass,ok,0.1134078296017833,5.018052816390991,11023197,CI.DRE.--,0
deterministic_noise,21603,ok,,0.0,True,True,0.0,0.0,pass,ok,0.1133588312077336,5.165746867656708,11023197,CI.DRE.--,0
scale2,21603,ok,,0.0,True,True,0.0,0.0,pass,ok,0.2716456465132069,5.7090864181518555,11023197,CI.WES.--,1
deterministic_noise,21603,ok,,0.0,True,True,0.0,0.0,pass,ok,0.27164365726639517,5.662714198231697,11023197,CI.WES.--,1
scale2,22068,ok,,0.0,True,True,0.0,0.0,pass,ok,0.10172605098341592,5.081096529960632,11025061,CI.DRE.--,0
deterministic_noise,22068,ok,,0.0,True,True,0.0,0.0,pass,ok,0.10172042666818015,5.083018064498901,11025061,CI.DRE.--,0
scale2,22068,ok,,0.0,True,True,0.0,0.0,pass,ok,0.24495505257800687,5.873465061187744,11025061,CI.WES.--,1
deterministic_noise,22068,ok,,0.0,True,True,0.0,0.0,pass,ok,0.24497945145412814,5.783271819353104,11025061,CI.WES.--,1
scale2,22491,ok,,0.0,True,True,0.0,0.0,pass,ok,0.10511163700721227,5.145192503929138,11026285,CI.DRE.--,0
deterministic_noise,22491,ok,,0.0,True,True,0.0,0.0,pass,ok,0.10506885420181789,5.113413691520691,11026285,CI.DRE.--,0
scale2,22491,ok,,0.0,True,True,0.0,0.0,pass,ok,0.2581826081604959,5.730763852596283,11026285,CI.WES.--,1
deterministic_noise,22491,ok,,0.0,True,True,0.0,0.0,pass,ok,0.2581941852240561,5.723928511142731,11026285,CI.WES.--,1
scale2,22089,ok,,0.0,True,True,0.0,0.0,pass,ok,0.09232395511935465,4.778032869100571,15074636,CI.DRE.--,0
deterministic_noise,22089,ok,,0.0,True,True,0.0,0.0,pass,ok,0.09231473135878332,4.738178372383118,15074636,CI.DRE.--,0
scale2,22089,ok,,0.0,True,True,0.0,0.0,pass,ok,0.24482774141506525,5.737908065319061,15074636,CI.WES.--,1
deterministic_noise,22089,ok,,0.0,True,True,0.0,0.0,pass,ok,0.24482000467105536,5.689541935920715,15074636,CI.WES.--,1
scale2,22704,ok,,0.0,True,True,0.0,0.0,pass,ok,0.2526330966366004,5.688758045434952,15075140,CI.WES.--,0
deterministic_noise,22704,ok,,0.0,True,True,0.0,0.0,pass,ok,0.2526399176704217,5.5633057206869125,15075140,CI.WES.--,0
scale2,22704,ok,,0.0,True,True,0.0,0.0,pass,ok,0.09500466143072117,4.586905859410763,15075140,CI.DRE.--,1
deterministic_noise,22704,ok,,0.0,True,True,0.0,0.0,pass,ok,0.09499404723464977,4.688170820474625,15075140,CI.DRE.--,1
scale2,21507,ok,,0.0,True,True,0.0,0.0,pass,ok,0.09469731847639196,4.75891487300396,15076212,CI.DRE.--,0
deterministic_noise,21507,ok,,0.0,True,True,0.0,0.0,pass,ok,0.09469408591394313,4.579870373010635,15076212,CI.DRE.--,0
scale2,21507,ok,,0.0,True,True,0.0,0.0,pass,ok,0.2518661272188183,5.671168819069862,15076212,CI.WES.--,1
deterministic_noise,21507,ok,,0.0,True,True,0.0,0.0,pass,ok,0.25187051776447333,5.551270350813866,15076212,CI.WES.--,1
scale2,22089,ok,,0.0,True,True,0.0,0.0,pass,ok,0.09218181562027894,4.830429494380951,11034157,CI.DRE.--,0
deterministic_noise,22089,ok,,0.0,True,True,0.0,0.0,pass,ok,0.09217706430354156,4.7601094245910645,11034157,CI.DRE.--,0
scale2,22089,ok,,0.0,True,True,0.0,0.0,pass,ok,0.2451728158557671,5.659148246049881,11034157,CI.WES.--,1
deterministic_noise,22089,ok,,0.0,True,True,0.0,0.0,pass,ok,0.2451901263630134,5.57302513718605,11034157,CI.WES.--,1
scale2,21543,ok,,0.0,True,True,0.0,0.0,pass,ok,0.09201219643000513,4.949942648410797,11035037,CI.DRE.--,0
deterministic_noise,21543,ok,,0.0,True,True,0.0,0.0,pass,ok,0.09200815891381353,4.959685683250427,11035037,CI.DRE.--,0
scale2,21543,ok,,0.0,True,True,0.0,0.0,pass,ok,0.24484265374485403,5.486288201063871,11035037,CI.WES.--,1
deterministic_noise,21543,ok,,0.0,True,True,0.0,0.0,pass,ok,0.2448488421505317,5.633177950978279,11035037,CI.WES.--,1
scale2,21633,ok,,0.0,True,True,0.0,0.0,pass,ok,0.10060276189324213,4.533412538468838,11035837,CI.DRE.--,0
deterministic_noise,21633,ok,,0.0,True,True,0.0,0.0,pass,ok,0.10059828212979482,4.7086838856339455,11035837,CI.DRE.--,0
scale2,21633,ok,,0.0,True,True,0.0,0.0,pass,ok,0.2700451737946423,5.621790999546647,11035837,CI.WES.--,1
deterministic_noise,21633,ok,,0.0,True,True,0.0,0.0,pass,ok,0.27004607257185853,5.582783108577132,11035837,CI.WES.--,1
scale2,21576,ok,,0.0,True,True,0.0,0.0,pass,ok,0.09119250865478534,4.498859317507595,11035861,CI.DRE.--,0
deterministic_noise,21576,ok,,0.0,True,True,0.0,0.0,pass,ok,0.09119175879459362,4.646157048642635,11035861,CI.DRE.--,0
scale2,21576,ok,,0.0,True,True,0.0,0.0,pass,ok,0.24482857333350694,5.479625957086682,11035861,CI.WES.--,1
deterministic_noise,21576,ok,,0.0,True,True,0.0,0.0,pass,ok,0.2448328967220732,5.5296604465693235,11035861,CI.WES.--,1
scale2,21297,ok,,0.0,True,True,0.0,0.0,pass,ok,0.09421044470218476,4.767386853694916,15081996,CI.DRE.--,0
deterministic_noise,21297,ok,,0.0,True,True,0.0,0.0,pass,ok,0.09419471888395492,4.558084025979042,15081996,CI.DRE.--,0
scale2,21297,ok,,0.0,True,True,0.0,0.0,pass,ok,0.25686170859353297,5.53973167296499,15081996,CI.WES.--,1
deterministic_noise,21297,ok,,0.0,True,True,0.0,0.0,pass,ok,0.25686682062132604,5.565134831704199,15081996,CI.WES.--,1
scale2,21606,ok,,0.0,True,True,0.0,0.0,pass,ok,0.08812525073881261,4.621680215001106,15085388,CI.DRE.--,0
deterministic_noise,21606,ok,,0.0,True,True,0.0,0.0,pass,ok,0.08812177230720408,4.573268070816994,15085388,CI.DRE.--,0
scale2,21606,ok,,0.0,True,True,0.0,0.0,pass,ok,0.2481944336932429,5.508493480272591,15085388,CI.WES.--,2
deterministic_noise,21606,ok,,0.0,True,True,0.0,0.0,pass,ok,0.24819878494326986,5.572853431105614,15085388,CI.WES.--,2
scale2,21495,ok,,0.0,True,True,0.0,0.0,pass,ok,0.08314570601214655,5.623346567153931,11047933,CI.DRE.--,0
deterministic_noise,21495,ok,,0.0,True,True,0.0,0.0,pass,ok,0.08313677643309347,5.665167570114136,11047933,CI.DRE.--,0
scale2,21495,ok,,0.0,True,True,0.0,0.0,pass,ok,0.23640755198721308,6.076154708862305,11047933,CI.WES.--,2
deterministic_noise,21495,ok,,0.0,True,True,0.0,0.0,pass,ok,0.23645910240884405,5.940433144569397,11047933,CI.WES.--,2
scale2,21474,ok,,0.0,True,True,0.0,0.0,pass,ok,0.0907192498943914,4.619992554187775,11047941,CI.DRE.--,0
deterministic_noise,21474,ok,,0.0,True,True,0.0,0.0,pass,ok,0.09070597136997094,4.794459760189056,11047941,CI.DRE.--,0
scale2,21474,ok,,0.0,True,True,0.0,0.0,pass,ok,0.2576098350145912,5.607894282788038,11047941,CI.WES.--,2
deterministic_noise,21474,ok,,0.0,True,True,0.0,0.0,pass,ok,0.2576113435170555,5.607691049575806,11047941,CI.WES.--,2
scale2,21906,ok,,0.0,True,True,0.0,0.0,pass,ok,0.08970070036957623,5.002971410751343,11048237,CI.DRE.--,0
deterministic_noise,21906,ok,,0.0,True,True,0.0,0.0,pass,ok,0.08967960474183201,5.010761618614197,11048237,CI.DRE.--,0
scale2,43520,ok,,0.0,True,True,0.0,0.0,pass,ok,4.4554442865774035e-05,0.03437533974647522,11048237,CI.Q0027.01,1
deterministic_noise,43812,ok,,0.0,True,True,0.0,0.0,pass,ok,5.52276469534263e-05,0.04431867599487305,11048237,CI.Q0027.01,1
scale2,24818,ok,,0.0,True,True,0.0,0.0,pass,ok,0.09377712849527597,7.115348815917969,11050157,CI.USB.00,0
deterministic_noise,24840,ok,,0.0,True,True,0.0,0.0,pass,ok,0.09320164378732443,7.0369391441345215,11050157,CI.USB.00,0
scale2,24840,ok,,0.0,True,True,0.0,0.0,pass,ok,0.027169820619747043,4.642808437347412,11050157,CI.SBC.--,1
deterministic_noise,24840,ok,,0.0,True,True,0.0,0.0,pass,ok,0.027105522574856877,4.497837662696838,11050157,CI.SBC.--,1
scale2,21579,ok,,0.0,True,True,0.0,0.0,pass,ok,0.08452474210571381,4.494307994842529,11051373,CI.DRE.--,0
deterministic_noise,21579,ok,,0.0,True,True,0.0,0.0,pass,ok,0.08452157791543868,4.580481827259064,11051373,CI.DRE.--,0
scale2,21579,ok,,0.0,True,True,0.0,0.0,pass,ok,0.23532927818087046,5.45603970438242,11051373,CI.WES.--,2
deterministic_noise,21579,ok,,0.0,True,True,0.0,0.0,pass,ok,0.23532737009736593,5.514517139643431,11051373,CI.WES.--,2
scale2,22776,ok,,0.0,True,True,0.0,0.0,pass,ok,0.08319589612074196,6.227150201797485,15098716,CI.DRE.--,0
deterministic_noise,22776,ok,,0.0,True,True,0.0,0.0,pass,ok,0.08313310029916465,5.97617769241333,15098716,CI.DRE.--,0
scale2,22776,ok,,0.0,True,True,0.0,0.0,pass,ok,0.23547235146543244,5.89020311832428,15098716,CI.WES.--,2
deterministic_noise,22776,ok,,0.0,True,True,0.0,0.0,pass,ok,0.23546017691114685,6.054343104362488,15098716,CI.WES.--,2
scale2,22227,ok,,0.0,True,True,0.0,0.0,pass,ok,0.08431831235066056,4.6282283663749695,15102380,CI.DRE.--,0
deterministic_noise,22227,ok,,0.0,True,True,0.0,0.0,pass,ok,0.08430652832612395,4.477991074323654,15102380,CI.DRE.--,0
scale2,22227,ok,,0.0,True,True,0.0,0.0,pass,ok,0.2353466676941025,5.5780204981565475,15102380,CI.WES.--,2
deterministic_noise,22227,ok,,0.0,True,True,0.0,0.0,pass,ok,0.23534300155733945,5.504620015621185,15102380,CI.WES.--,2
scale2,24291,ok,,0.0,True,True,0.0,0.0,pass,ok,0.08523744344711304,7.389068126678467,15104644,CI.DRE.--,0
deterministic_noise,24291,ok,,0.0,True,True,0.0,0.0,pass,ok,0.08438601344823837,7.523971796035767,15104644,CI.DRE.--,0
scale2,24291,ok,,0.0,True,True,0.0,0.0,pass,ok,0.07277219160459936,5.877389550209045,15104644,CI.SWS.--,2
deterministic_noise,24291,ok,,0.0,True,True,0.0,0.0,pass,ok,0.07280903891660273,5.8295252323150635,15104644,CI.SWS.--,2
scale2,24393,ok,,0.0,True,True,0.0,0.0,pass,ok,0.05601751845097169,4.976997494697571,11064213,CI.CIA.--,0
deterministic_noise,24393,ok,,0.0,True,True,0.0,0.0,pass,ok,0.0560045387246646,5.010486125946045,11064213,CI.CIA.--,0
scale2,24393,ok,,0.0,True,True,0.0,0.0,pass,ok,0.04552459204569459,4.741191029548645,11064213,CI.CTD.--,1
deterministic_noise,24393,ok,,0.0,True,True,0.0,0.0,pass,ok,0.04555430402979255,5.361126661300659,11064213,CI.CTD.--,1
scale2,21558,ok,,0.0,True,True,0.0,0.0,pass,ok,0.08534922059334349,6.845939636230469,11066877,CI.DRE.--,0
deterministic_noise,21558,ok,,0.0,True,True,0.0,0.0,pass,ok,0.08527537826739717,6.757067680358887,11066877,CI.DRE.--,0
scale2,21558,ok,,0.0,True,True,0.0,0.0,pass,ok,0.23579865437932312,6.752512454986572,11066877,CI.WES.--,1
deterministic_noise,21558,ok,,0.0,True,True,0.0,0.0,pass,ok,0.23574981349520385,6.547158479690552,11066877,CI.WES.--,1
scale2,21387,ok,,0.0,True,True,0.0,0.0,pass,ok,0.08785160406841896,4.936979174613953,11067101,CI.DRE.--,0
deterministic_noise,21387,ok,,0.0,True,True,0.0,0.0,pass,ok,0.08784129694686271,4.742567956447601,11067101,CI.DRE.--,0
scale2,21387,ok,,0.0,True,True,0.0,0.0,pass,ok,0.24324690327921417,5.468419339507818,11067101,CI.WES.--,1
deterministic_noise,21387,ok,,0.0,True,True,0.0,0.0,pass,ok,0.24325173570832703,5.533171787858009,11067101,CI.WES.--,1
scale2,21768,ok,,0.0,True,True,0.0,0.0,pass,ok,0.08622325723990798,6.124639511108398,15115905,CI.DRE.--,0
deterministic_noise,21768,ok,,0.0,True,True,0.0,0.0,pass,ok,0.08620804036036134,6.182704210281372,15115905,CI.DRE.--,0
scale2,21768,ok,,0.0,True,True,0.0,0.0,pass,ok,0.06462686058421241,4.576917588710785,15115905,CI.BTC.--,2
deterministic_noise,21768,ok,,0.0,True,True,0.0,0.0,pass,ok,0.06462675038437737,4.653653800487518,15115905,CI.BTC.--,2
scale2,21747,ok,,0.0,True,True,0.0,0.0,pass,ok,0.085961172284442,4.833561956882477,15116009,CI.DRE.--,0
deterministic_noise,21747,ok,,0.0,True,True,0.0,0.0,pass,ok,0.08594105213705916,4.837522029876709,15116009,CI.DRE.--,0
scale2,21747,ok,,0.0,True,True,0.0,0.0,pass,ok,0.23678884868422756,5.5469556748867035,15116009,CI.WES.--,1
deterministic_noise,21747,ok,,0.0,True,True,0.0,0.0,pass,ok,0.23678026135166874,5.621921017765999,15116009,CI.WES.--,1
scale2,21483,ok,,0.0,True,True,0.0,0.0,pass,ok,0.09613047662423924,4.751474320888519,11090274,CI.DRE.--,0
deterministic_noise,21483,ok,,0.0,True,True,0.0,0.0,pass,ok,0.09612526622368023,4.6908851861953735,11090274,CI.DRE.--,0
scale2,21483,ok,,0.0,True,True,0.0,0.0,pass,ok,0.25904432256356813,5.599101632833481,11090274,CI.WES.--,1
deterministic_noise,21483,ok,,0.0,True,True,0.0,0.0,pass,ok,0.2590484289394226,5.785639330744743,11090274,CI.WES.--,1
scale2,23709,ok,,0.0,True,True,0.0,0.0,pass,ok,0.07903056859504431,6.21967077255249,15136241,CI.BAK.--,0
deterministic_noise,23709,ok,,0.0,True,True,0.0,0.0,pass,ok,0.07924453646410257,6.09681510925293,15136241,CI.BAK.--,0
scale2,23709,ok,,0.0,True,True,0.0,0.0,pass,ok,0.08089330929215066,4.9069525599479675,15136241,CI.TFT.--,1
deterministic_noise,23709,ok,,0.0,True,True,0.0,0.0,pass,ok,0.08091598612372763,4.8934266567230225,15136241,CI.TFT.--,1
scale2,22905,ok,,0.0,True,True,0.0,0.0,pass,ok,0.1357829839871556,4.940782982856035,15140193,CI.KML.--,0
deterministic_noise,22905,ok,,0.0,True,True,0.0,0.0,pass,ok,0.13578096321361954,4.902972946874797,15140193,CI.KML.--,0
scale2,22902,ok,,0.0,True,True,0.0,0.0,pass,ok,0.21224107697344152,5.50122332572937,15140193,CI.SDD.--,1
deterministic_noise,22902,ok,,0.0,True,True,0.0,0.0,pass,ok,0.21223596379422816,5.442202985286713,15140193,CI.SDD.--,1
scale2,21756,ok,,0.0,True,True,0.0,0.0,pass,ok,0.09803800063673407,6.03183388710022,15141665,CI.DRE.--,0
deterministic_noise,21756,ok,,0.0,True,True,0.0,0.0,pass,ok,0.09801266563590616,5.9742454290390015,15141665,CI.DRE.--,0
scale2,21756,ok,,0.0,True,True,0.0,0.0,pass,ok,0.25629585125716403,6.089465141296387,15141665,CI.WES.--,1
deterministic_noise,21756,ok,,0.0,True,True,0.0,0.0,pass,ok,0.25631300470558926,6.00575590133667,15141665,CI.WES.--,1
scale2,21696,ok,,0.0,True,True,0.0,0.0,pass,ok,0.1000509011792019,5.106047034263611,11104602,CI.DRE.--,0
deterministic_noise,21696,ok,,0.0,True,True,0.0,0.0,pass,ok,0.10003915696870536,5.130064249038696,11104602,CI.DRE.--,0
scale2,21696,ok,,0.0,True,True,0.0,0.0,pass,ok,0.2577758048137184,5.663066014647484,11104602,CI.WES.--,1
deterministic_noise,21696,ok,,0.0,True,True,0.0,0.0,pass,ok,0.2577807988564018,5.769125789403915,11104602,CI.WES.--,1
scale2,21558,ok,,0.0,True,True,0.0,0.0,pass,ok,0.09804060612805188,5.389362096786499,15147057,CI.DRE.--,0
deterministic_noise,21558,ok,,0.0,True,True,0.0,0.0,pass,ok,0.09803501958958805,5.333171129226685,15147057,CI.DRE.--,0
scale2,21558,ok,,0.0,True,True,0.0,0.0,pass,ok,0.25193096269504167,5.775388330221176,15147057,CI.WES.--,1
deterministic_noise,21558,ok,,0.0,True,True,0.0,0.0,pass,ok,0.251941670285305,5.827114939689636,15147057,CI.WES.--,1
scale2,21798,ok,,0.0,True,True,0.0,0.0,pass,ok,0.09589837938256096,4.819628596305847,15148241,CI.DRE.--,0
deterministic_noise,21798,ok,,0.0,True,True,0.0,0.0,pass,ok,0.09589606821828056,4.931354582309723,15148241,CI.DRE.--,0
scale2,21798,ok,,0.0,True,True,0.0,0.0,pass,ok,0.2452229856426129,5.627255097031593,15148241,CI.WES.--,1
deterministic_noise,21798,ok,,0.0,True,True,0.0,0.0,pass,ok,0.24523244808369782,5.677552834153175,15148241,CI.WES.--,1
scale2,22032,ok,,0.0,True,True,0.0,0.0,pass,ok,0.10066027980064973,5.292256057262421,15152041,CI.DRE.--,0
deterministic_noise,22032,ok,,0.0,True,True,0.0,0.0,pass,ok,0.10064943094039336,5.571540474891663,15152041,CI.DRE.--,0
scale2,22032,ok,,0.0,True,True,0.0,0.0,pass,ok,0.253411564452108,5.9054946303367615,15152041,CI.WES.--,1
deterministic_noise,22032,ok,,0.0,True,True,0.0,0.0,pass,ok,0.25342785991961136,5.847028911113739,15152041,CI.WES.--,1
scale2,23601,ok,,0.0,True,True,0.0,0.0,pass,ok,0.08683192543685436,6.491082191467285,15157065,CI.SCI2.--,0
deterministic_noise,23601,ok,,0.0,True,True,0.0,0.0,pass,ok,0.08700528182089329,6.57988715171814,15157065,CI.SCI2.--,0
scale2,23601,ok,,0.0,True,True,0.0,0.0,pass,ok,0.05084124708082527,4.248171865940094,15157065,CI.SBI.--,1
deterministic_noise,23601,ok,,0.0,True,True,0.0,0.0,pass,ok,0.050833674729801714,4.393668293952942,15157065,CI.SBI.--,1
scale2,22383,ok,,0.0,True,True,0.0,0.0,pass,ok,0.10094095973181538,5.032872498035431,15164393,CI.DRE.--,0
deterministic_noise,22383,ok,,0.0,True,True,0.0,0.0,pass,ok,0.10091653259587474,4.989034533500671,15164393,CI.DRE.--,0
scale2,22383,ok,,0.0,True,True,0.0,0.0,pass,ok,0.2507690276906942,5.659707203507423,15164393,CI.WES.--,1
deterministic_noise,22383,ok,,0.0,True,True,0.0,0.0,pass,ok,0.25075968243618263,5.6236883997917175,15164393,CI.WES.--,1
scale2,21861,ok,,0.0,True,True,0.0,0.0,pass,ok,0.10548956121783704,5.197323143482208,11127410,CI.DRE.--,0
deterministic_noise,21861,ok,,0.0,True,True,0.0,0.0,pass,ok,0.10546874080318958,5.219870686531067,11127410,CI.DRE.--,0
scale2,21861,ok,,0.0,True,True,0.0,0.0,pass,ok,0.0694061689167711,4.253321564174257,11127410,CI.SNR.--,1
deterministic_noise,21861,ok,,0.0,True,True,0.0,0.0,pass,ok,0.06940009965603622,4.255154216312803,11127410,CI.SNR.--,1
scale2,21990,ok,,0.0,True,True,0.0,0.0,pass,ok,0.10934564657509327,7.5291664600372314,11129826,CI.DRE.--,0
deterministic_noise,21990,ok,,0.0,True,True,0.0,0.0,pass,ok,0.10912363044917583,7.287440538406372,11129826,CI.DRE.--,0
scale2,21990,ok,,0.0,True,True,0.0,0.0,pass,ok,0.2683162409812212,7.305633068084717,11129826,CI.WES.--,1
deterministic_noise,21990,ok,,0.0,True,True,0.0,0.0,pass,ok,0.26846092753112316,7.411812663078308,11129826,CI.WES.--,1
scale2,22008,ok,,0.0,True,True,0.0,0.0,pass,ok,0.10404637386091053,5.26377147436142,11129834,CI.DRE.--,0
deterministic_noise,22008,ok,,0.0,True,True,0.0,0.0,pass,ok,0.10404039989225566,5.256978511810303,11129834,CI.DRE.--,0
scale2,22008,ok,,0.0,True,True,0.0,0.0,pass,ok,0.25504119564720895,5.588831625878811,11129834,CI.WES.--,1
deterministic_noise,22008,ok,,0.0,True,True,0.0,0.0,pass,ok,0.25505571196845267,5.700488954782486,11129834,CI.WES.--,1
scale2,21978,ok,,0.0,True,True,0.0,0.0,pass,ok,0.10379198550799629,5.388586163520813,11129882,CI.DRE.--,0
deterministic_noise,21978,ok,,0.0,True,True,0.0,0.0,pass,ok,0.10376789063593606,5.444104552268982,11129882,CI.DRE.--,0
scale2,21978,ok,,0.0,True,True,0.0,0.0,pass,ok,0.2543799128889077,5.58028507232666,11129882,CI.WES.--,1
deterministic_noise,21978,ok,,0.0,True,True,0.0,0.0,pass,ok,0.2543727907777793,5.69227197766304,11129882,CI.WES.--,1
scale2,21882,ok,,0.0,True,True,0.0,0.0,pass,ok,0.10355141665786505,7.09575891494751,11129914,CI.DRE.--,0
deterministic_noise,21882,ok,,0.0,True,True,0.0,0.0,pass,ok,0.10351488832384348,6.874765157699585,11129914,CI.DRE.--,0
scale2,21882,ok,,0.0,True,True,0.0,0.0,pass,ok,0.06850982713513076,5.381009578704834,11129914,CI.SNR.--,1
deterministic_noise,21882,ok,,0.0,True,True,0.0,0.0,pass,ok,0.06835230183787644,5.399368524551392,11129914,CI.SNR.--,1
scale2,21807,ok,,0.0,True,True,0.0,0.0,pass,ok,0.10387564852135256,5.682629227638245,11129930,CI.DRE.--,0
deterministic_noise,21807,ok,,0.0,True,True,0.0,0.0,pass,ok,0.10386713937623426,5.8046205043792725,11129930,CI.DRE.--,0
scale2,21807,ok,,0.0,True,True,0.0,0.0,pass,ok,0.0681873358116718,4.423262655735016,11129930,CI.SNR.--,1
deterministic_noise,21807,ok,,0.0,True,True,0.0,0.0,pass,ok,0.0681615599169163,4.415249139070511,11129930,CI.SNR.--,1
scale2,21741,ok,,0.0,True,True,0.0,0.0,pass,ok,0.11156260315328836,6.030747771263123,11129994,CI.DRE.--,0
deterministic_noise,21741,ok,,0.0,True,True,0.0,0.0,pass,ok,0.11150783207267523,5.880340218544006,11129994,CI.DRE.--,0
scale2,21741,ok,,0.0,True,True,0.0,0.0,pass,ok,0.07321977254468948,4.52217572927475,11129994,CI.SNR.--,1
deterministic_noise,21741,ok,,0.0,True,True,0.0,0.0,pass,ok,0.07318590197246522,4.602243781089783,11129994,CI.SNR.--,1
scale2,21591,ok,,0.0,True,True,0.0,0.0,pass,ok,0.10396574663172942,5.069482684135437,11133122,CI.DRE.--,0
deterministic_noise,21591,ok,,0.0,True,True,0.0,0.0,pass,ok,0.1039642818068387,4.974764764308929,11133122,CI.DRE.--,0
scale2,21591,ok,,0.0,True,True,0.0,0.0,pass,ok,0.06869889721565414,4.209494926035404,11133122,CI.SNR.--,1
deterministic_noise,21591,ok,,0.0,True,True,0.0,0.0,pass,ok,0.06869467422075104,4.323822185397148,11133122,CI.SNR.--,1
scale2,21762,ok,,0.0,True,True,0.0,0.0,pass,ok,0.10827287448046263,5.00047767162323,11134282,CI.DRE.--,0
deterministic_noise,21762,ok,,0.0,True,True,0.0,0.0,pass,ok,0.10825835006835405,4.9664037227630615,11134282,CI.DRE.--,0
scale2,21762,ok,,0.0,True,True,0.0,0.0,pass,ok,0.2648799272137694,5.549144312739372,11134282,CI.WES.--,1
deterministic_noise,21762,ok,,0.0,True,True,0.0,0.0,pass,ok,0.2648851720732637,5.665892891585827,11134282,CI.WES.--,1
scale2,21825,ok,,0.0,True,True,0.0,0.0,pass,ok,0.10924818171770312,5.4028321504592896,11135186,CI.DRE.--,0
deterministic_noise,21825,ok,,0.0,True,True,0.0,0.0,pass,ok,0.10923320250003599,5.54248583316803,11135186,CI.DRE.--,0
scale2,21825,ok,,0.0,True,True,0.0,0.0,pass,ok,0.2652433826642664,5.756489813327789,11135186,CI.WES.--,1
deterministic_noise,21825,ok,,0.0,True,True,0.0,0.0,pass,ok,0.26525661209052487,5.745957911014557,11135186,CI.WES.--,1
scale2,21894,ok,,0.0,True,True,0.0,0.0,pass,ok,0.11770476485980907,4.752931296825409,15179873,CI.DRE.--,0
deterministic_noise,21894,ok,,0.0,True,True,0.0,0.0,pass,ok,0.11769248460041126,4.840422719717026,15179873,CI.DRE.--,0
scale2,21894,ok,,0.0,True,True,0.0,0.0,pass,ok,0.07784590377377754,4.3442236836999655,15179873,CI.SNR.--,1
deterministic_noise,21894,ok,,0.0,True,True,0.0,0.0,pass,ok,0.07784197227192635,4.390716845169663,15179873,CI.SNR.--,1
scale2,21555,ok,,0.0,True,True,0.0,0.0,pass,ok,0.10531411285046488,5.712343811988831,15179889,CI.DRE.--,0
deterministic_noise,21555,ok,,0.0,True,True,0.0,0.0,pass,ok,0.10531035100575536,5.737278938293457,15179889,CI.DRE.--,0
scale2,21555,ok,,0.0,True,True,0.0,0.0,pass,ok,0.06967845722101629,4.377703845500946,15179889,CI.SNR.--,1
deterministic_noise,21555,ok,,0.0,True,True,0.0,0.0,pass,ok,0.06967131630517542,4.419180452823639,15179889,CI.SNR.--,1
scale2,21558,ok,,0.0,True,True,0.0,0.0,pass,ok,0.11785225590574555,4.967155277729034,15179897,CI.DRE.--,0
deterministic_noise,21558,ok,,0.0,True,True,0.0,0.0,pass,ok,0.11783679554355331,4.799683600664139,15179897,CI.DRE.--,0
scale2,21558,ok,,0.0,True,True,0.0,0.0,pass,ok,0.29029306085431017,5.88861009478569,15179897,CI.WES.--,2
deterministic_noise,21558,ok,,0.0,True,True,0.0,0.0,pass,ok,0.2902898260799702,5.688080444931984,15179897,CI.WES.--,2
scale2,21756,ok,,0.0,True,True,0.0,0.0,pass,ok,0.10509009310044348,5.529717326164246,15179985,CI.DRE.--,0
deterministic_noise,21756,ok,,0.0,True,True,0.0,0.0,pass,ok,0.1050840353127569,5.505097031593323,15179985,CI.DRE.--,0
scale2,21756,ok,,0.0,True,True,0.0,0.0,pass,ok,0.25950258169177687,5.7744834423065186,15179985,CI.WES.--,2
deterministic_noise,21756,ok,,0.0,True,True,0.0,0.0,pass,ok,0.25951559152599657,5.894609689712524,15179985,CI.WES.--,2
scale2,21840,ok,,0.0,True,True,0.0,0.0,pass,ok,0.11499663133872673,5.257336914539337,15180393,CI.DRE.--,0
deterministic_noise,21840,ok,,0.0,True,True,0.0,0.0,pass,ok,0.11496436159359291,5.206170082092285,15180393,CI.DRE.--,0
scale2,21840,ok,,0.0,True,True,0.0,0.0,pass,ok,0.28317457807133906,5.633645743131638,15180393,CI.WES.--,1
deterministic_noise,21840,ok,,0.0,True,True,0.0,0.0,pass,ok,0.28317692506243475,5.8811279237270355,15180393,CI.WES.--,1
scale2,21384,ok,,0.0,True,True,0.0,0.0,pass,ok,0.10936220833536936,4.958484351634979,15181369,CI.DRE.--,0
deterministic_noise,21384,ok,,0.0,True,True,0.0,0.0,pass,ok,0.10935798189166235,4.959479957818985,15181369,CI.DRE.--,0
scale2,21384,ok,,0.0,True,True,0.0,0.0,pass,ok,0.267867269096314,5.723061174154282,15181369,CI.WES.--,2
deterministic_noise,21384,ok,,0.0,True,True,0.0,0.0,pass,ok,0.26788890165335033,5.738617897033691,15181369,CI.WES.--,2
scale2,24906,ok,,0.0,True,True,0.0,0.0,pass,ok,0.10723359510302544,7.836620092391968,15187057,CI.DRE.--,0
deterministic_noise,24906,ok,,0.0,True,True,0.0,0.0,pass,ok,0.10649397689849138,7.739700078964233,15187057,CI.DRE.--,0
scale2,24906,ok,,0.0,True,True,0.0,0.0,pass,ok,0.07095855288207531,6.652939319610596,15187057,CI.SNR.--,1
deterministic_noise,24906,ok,,0.0,True,True,0.0,0.0,pass,ok,0.06948847742751241,6.704501152038574,15187057,CI.SNR.--,1
scale2,20982,ok,,0.0,True,True,0.0,0.0,pass,ok,0.11758305861440022,5.011527597904205,15191201,CI.DRE.--,0
deterministic_noise,20982,ok,,0.0,True,True,0.0,0.0,pass,ok,0.11757601813587826,5.241912364959717,15191201,CI.DRE.--,0
scale2,20982,ok,,0.0,True,True,0.0,0.0,pass,ok,0.07610589270848322,4.347500706324354,15191201,CI.SNR.--,1
deterministic_noise,20982,ok,,0.0,True,True,0.0,0.0,pass,ok,0.076102659056005,4.34281644760631,15191201,CI.SNR.--,1
scale2,21723,ok,,0.0,True,True,0.0,0.0,pass,ok,0.1122651858458994,5.2915409207344055,15196129,CI.DRE.--,0
deterministic_noise,21723,ok,,0.0,True,True,0.0,0.0,pass,ok,0.11226192729372997,5.308664977550507,15196129,CI.DRE.--,0
scale2,21723,ok,,0.0,True,True,0.0,0.0,pass,ok,0.07282946965278825,4.405558422207832,15196129,CI.SNR.--,1
deterministic_noise,21723,ok,,0.0,True,True,0.0,0.0,pass,ok,0.07282216885505477,4.336218059062958,15196129,CI.SNR.--,1
scale2,22707,ok,,0.0,True,True,0.0,0.0,pass,ok,0.0804731540119974,4.407714128494263,15197817,CI.GATR.--,0
deterministic_noise,22707,ok,,0.0,True,True,0.0,0.0,pass,ok,0.08047556954261381,4.578578531742096,15197817,CI.GATR.--,0
scale2,22707,ok,,0.0,True,True,0.0,0.0,pass,ok,0.08947982061363291,4.744931250810623,15197817,CI.SMW.--,1
deterministic_noise,22707,ok,,0.0,True,True,0.0,0.0,pass,ok,0.08950882982753683,4.54455903172493,15197817,CI.SMW.--,1
scale2,24237,ok,,0.0,True,True,0.0,0.0,pass,ok,0.08110310789197683,6.471881151199341,15198929,CI.SNR.--,0
deterministic_noise,24237,ok,,0.0,True,True,0.0,0.0,pass,ok,0.08069272432476282,6.559702157974243,15198929,CI.SNR.--,0
scale2,24237,ok,,0.0,True,True,0.0,0.0,pass,ok,0.1464233659207821,6.936868906021118,15198929,CI.SWS.--,1
deterministic_noise,24237,ok,,0.0,True,True,0.0,0.0,pass,ok,0.14656886830925941,6.92988395690918,15198929,CI.SWS.--,1
scale2,24279,ok,,0.0,True,True,0.0,0.0,pass,ok,0.07282859110273421,6.1625075340271,15199065,CI.SNR.--,0
deterministic_noise,24279,ok,,0.0,True,True,0.0,0.0,pass,ok,0.0728480292018503,6.178770065307617,15199065,CI.SNR.--,0
scale2,24279,ok,,0.0,True,True,0.0,0.0,pass,ok,0.19430011557415128,6.614252209663391,15199065,CI.RXH.--,1
deterministic_noise,24279,ok,,0.0,True,True,0.0,0.0,pass,ok,0.19434508634731174,6.764679670333862,15199065,CI.RXH.--,1
scale2,24288,ok,,0.0,True,True,0.0,0.0,pass,ok,0.07313538272865117,6.011092185974121,15199441,CI.SNR.--,0
deterministic_noise,24288,ok,,0.0,True,True,0.0,0.0,pass,ok,0.07315080682747066,5.93890655040741,15199441,CI.SNR.--,0
scale2,24288,ok,,0.0,True,True,0.0,0.0,pass,ok,0.1940727629698813,6.276185035705566,15199441,CI.RXH.--,1
deterministic_noise,24288,ok,,0.0,True,True,0.0,0.0,pass,ok,0.19410773133859038,6.490420818328857,15199441,CI.RXH.--,1
scale2,24297,ok,,0.0,True,True,0.0,0.0,pass,ok,0.19483871920965612,6.723758339881897,15199497,CI.RXH.--,0
deterministic_noise,24297,ok,,0.0,True,True,0.0,0.0,pass,ok,0.19479988352395594,6.692901372909546,15199497,CI.RXH.--,0
scale2,24297,ok,,0.0,True,True,0.0,0.0,pass,ok,0.07299816072918475,5.756970524787903,15199497,CI.SNR.--,1
deterministic_noise,24297,ok,,0.0,True,True,0.0,0.0,pass,ok,0.07287722616456449,5.906581401824951,15199497,CI.SNR.--,1
scale2,24297,ok,,0.0,True,True,0.0,0.0,pass,ok,0.1940105832181871,7.555187940597534,15199577,CI.RXH.--,0
deterministic_noise,24297,ok,,0.0,True,True,0.0,0.0,pass,ok,0.1941083245910704,7.50832200050354,15199577,CI.RXH.--,0
scale2,24297,ok,,0.0,True,True,0.0,0.0,pass,ok,0.07326030731201172,7.207216739654541,15199577,CI.SNR.--,1
deterministic_noise,24297,ok,,0.0,True,True,0.0,0.0,pass,ok,0.07331819087266922,6.92367959022522,15199577,CI.SNR.--,1
scale2,24348,ok,,0.0,True,True,0.0,0.0,pass,ok,0.07463578507304192,6.976720094680786,15199593,CI.SNR.--,0
deterministic_noise,24348,ok,,0.0,True,True,0.0,0.0,pass,ok,0.07375416345894337,7.222853899002075,15199593,CI.SNR.--,0
scale2,24348,ok,,0.0,True,True,0.0,0.0,pass,ok,0.19451297805062495,8.756669521331787,15199593,CI.RXH.--,1
deterministic_noise,24348,ok,,0.0,True,True,0.0,0.0,pass,ok,0.19486732795485295,8.732162952423096,15199593,CI.RXH.--,1
scale2,24291,ok,,0.0,True,True,0.0,0.0,pass,ok,0.07698444463312626,6.842296361923218,15199601,CI.SNR.--,0
deterministic_noise,24291,ok,,0.0,True,True,0.0,0.0,pass,ok,0.07599678449332714,6.76616907119751,15199601,CI.SNR.--,0
scale2,24291,ok,,0.0,True,True,0.0,0.0,pass,ok,0.204766689799726,8.037165641784668,15199601,CI.RXH.--,1
deterministic_noise,24291,ok,,0.0,True,True,0.0,0.0,pass,ok,0.20471555087715387,7.947235345840454,15199601,CI.RXH.--,1
scale2,24270,ok,,0.0,True,True,0.0,0.0,pass,ok,0.08164612576365471,6.461625337600708,15199657,CI.SNR.--,0
deterministic_noise,24270,ok,,0.0,True,True,0.0,0.0,pass,ok,0.08142180368304253,6.6556713581085205,15199657,CI.SNR.--,0
scale2,24270,ok,,0.0,True,True,0.0,0.0,pass,ok,0.21742463868577033,7.477868556976318,15199657,CI.RXH.--,1
deterministic_noise,24270,ok,,0.0,True,True,0.0,0.0,pass,ok,0.21752589184325188,7.35244345664978,15199657,CI.RXH.--,1
scale2,24297,ok,,0.0,True,True,0.0,0.0,pass,ok,0.2105194851756096,9.320974349975586,15199681,CI.RXH.--,0
deterministic_noise,24297,ok,,0.0,True,True,0.0,0.0,pass,ok,0.2116238996386528,8.968961715698242,15199681,CI.RXH.--,0
scale2,24296,ok,,0.0,True,True,0.0,0.0,pass,ok,0.0850713849067688,6.941751003265381,15199681,CI.SNR.--,1
deterministic_noise,24297,ok,,0.0,True,True,0.0,0.0,pass,ok,0.08405451849102974,7.523090839385986,15199681,CI.SNR.--,1
scale2,24330,ok,,0.0,True,True,0.0,0.0,pass,ok,0.20397106558084488,8.66185998916626,15199689,CI.RXH.--,0
deterministic_noise,24330,ok,,0.0,True,True,0.0,0.0,pass,ok,0.20377721637487411,8.888650894165039,15199689,CI.RXH.--,0
scale2,24330,ok,,0.0,True,True,0.0,0.0,pass,ok,0.0694579966366291,6.988409042358398,15199689,CI.SNR.--,1
deterministic_noise,24330,ok,,0.0,True,True,0.0,0.0,pass,ok,0.06865941733121872,6.933757543563843,15199689,CI.SNR.--,1
scale2,24399,ok,,0.0,True,True,0.0,0.0,pass,ok,0.1330439941957593,8.050450086593628,15199721,CI.SWS.--,0
deterministic_noise,24399,ok,,0.0,True,True,0.0,0.0,pass,ok,0.13441505562514067,8.10981559753418,15199721,CI.SWS.--,0
scale2,24399,ok,,0.0,True,True,0.0,0.0,pass,ok,0.07294404320418835,5.755668878555298,15199721,CI.SNR.--,1
deterministic_noise,24399,ok,,0.0,True,True,0.0,0.0,pass,ok,0.07299899496138096,7.199994087219238,15199721,CI.SNR.--,1
scale2,24369,ok,,0.0,True,True,0.0,0.0,pass,ok,0.19409697933588177,6.645483493804932,15199729,CI.RXH.--,0
deterministic_noise,24369,ok,,0.0,True,True,0.0,0.0,pass,ok,0.1941269071539864,6.670217871665955,15199729,CI.RXH.--,0
scale2,24369,ok,,0.0,True,True,0.0,0.0,pass,ok,0.13255730649689212,5.525023877620697,15199729,CI.SWS.--,2
deterministic_noise,24369,ok,,0.0,True,True,0.0,0.0,pass,ok,0.13257810095092282,5.346134603023529,15199729,CI.SWS.--,2
scale2,24261,ok,,0.0,True,True,0.0,0.0,pass,ok,0.07346421568945516,5.871530652046204,15199745,CI.SNR.--,0
deterministic_noise,24261,ok,,0.0,True,True,0.0,0.0,pass,ok,0.073335110253538,5.76041567325592,15199745,CI.SNR.--,0
scale2,24261,ok,,0.0,True,True,0.0,0.0,pass,ok,0.194034936837852,6.851160407066345,15199745,CI.RXH.--,1
deterministic_noise,24261,ok,,0.0,True,True,0.0,0.0,pass,ok,0.19399644155055285,6.659170508384705,15199745,CI.RXH.--,1
scale2,24351,ok,,0.0,True,True,0.0,0.0,pass,ok,0.19421788747422397,7.004656553268433,15199785,CI.RXH.--,0
deterministic_noise,24351,ok,,0.0,True,True,0.0,0.0,pass,ok,0.19415901903994381,6.960618019104004,15199785,CI.RXH.--,0
scale2,24351,ok,,0.0,True,True,0.0,0.0,pass,ok,0.07334477780386806,5.811965346336365,15199785,CI.SNR.--,1
deterministic_noise,24351,ok,,0.0,True,True,0.0,0.0,pass,ok,0.07328208209946752,5.615338325500488,15199785,CI.SNR.--,1
scale2,24318,ok,,0.0,True,True,0.0,0.0,pass,ok,0.19383833778556436,6.66421377658844,15199865,CI.RXH.--,0
deterministic_noise,24318,ok,,0.0,True,True,0.0,0.0,pass,ok,0.1938880436355248,6.877850294113159,15199865,CI.RXH.--,0
scale2,24318,ok,,0.0,True,True,0.0,0.0,pass,ok,0.07324984745355323,6.263007402420044,15199865,CI.SNR.--,1
deterministic_noise,24318,ok,,0.0,True,True,0.0,0.0,pass,ok,0.07326915784506127,5.810336470603943,15199865,CI.SNR.--,1
scale2,24321,ok,,0.0,True,True,0.0,0.0,pass,ok,0.07338996915495954,6.084942817687988,15199969,CI.SNR.--,0
deterministic_noise,24321,ok,,0.0,True,True,0.0,0.0,pass,ok,0.07327609570347704,5.7553393840789795,15199969,CI.SNR.--,0
scale2,24321,ok,,0.0,True,True,0.0,0.0,pass,ok,0.13303759740665555,6.150028228759766,15199969,CI.SWS.--,1
deterministic_noise,24321,ok,,0.0,True,True,0.0,0.0,pass,ok,0.132961958181113,6.1893250942230225,15199969,CI.SWS.--,1
scale2,24303,ok,,0.0,True,True,0.0,0.0,pass,ok,0.07318241689790739,6.384044170379639,15200001,CI.SNR.--,0
deterministic_noise,24303,ok,,0.0,True,True,0.0,0.0,pass,ok,0.07294343616376864,6.146601676940918,15200001,CI.SNR.--,0
scale2,24303,ok,,0.0,True,True,0.0,0.0,pass,ok,0.19440809544175863,7.133172988891602,15200001,CI.RXH.--,1
deterministic_noise,24303,ok,,0.0,True,True,0.0,0.0,pass,ok,0.1943242186680436,7.485931158065796,15200001,CI.RXH.--,1
scale2,24336,ok,,0.0,True,True,0.0,0.0,pass,ok,0.19977283058688045,6.309764623641968,15200033,CI.RXH.--,0
deterministic_noise,24336,ok,,0.0,True,True,0.0,0.0,pass,ok,0.19975264789536595,6.461441278457642,15200033,CI.RXH.--,0
scale2,24336,ok,,0.0,True,True,0.0,0.0,pass,ok,0.07585033122450113,6.456350326538086,15200033,CI.SNR.--,1
deterministic_noise,24336,ok,,0.0,True,True,0.0,0.0,pass,ok,0.07573705818504095,5.827885746955872,15200033,CI.SNR.--,1
scale2,24339,ok,,0.0,True,True,0.0,0.0,pass,ok,0.19458329363260418,6.272151827812195,15200161,CI.RXH.--,0
deterministic_noise,24339,ok,,0.0,True,True,0.0,0.0,pass,ok,0.19455676095094532,6.26758873462677,15200161,CI.RXH.--,0
scale2,24339,ok,,0.0,True,True,0.0,0.0,pass,ok,0.07313530903775245,5.5177648067474365,15200161,CI.SNR.--,1
deterministic_noise,24339,ok,,0.0,True,True,0.0,0.0,pass,ok,0.07308385509531945,5.259891510009766,15200161,CI.SNR.--,1
scale2,24312,ok,,0.0,True,True,0.0,0.0,pass,ok,0.22411793912760913,8.904523849487305,15200401,CI.RXH.--,0
deterministic_noise,24312,ok,,0.0,True,True,0.0,0.0,pass,ok,0.22532806848175824,8.861265182495117,15200401,CI.RXH.--,0
scale2,24312,ok,,0.0,True,True,0.0,0.0,pass,ok,0.0876690000295639,6.770092248916626,15200401,CI.SNR.--,1
deterministic_noise,24312,ok,,0.0,True,True,0.0,0.0,pass,ok,0.08548492938280106,7.104264259338379,15200401,CI.SNR.--,1
scale2,24372,ok,,0.0,True,True,0.0,0.0,pass,ok,0.19388060423079878,6.339211821556091,15200417,CI.RXH.--,0
deterministic_noise,24372,ok,,0.0,True,True,0.0,0.0,pass,ok,0.19390356389340013,6.426955580711365,15200417,CI.RXH.--,0
scale2,24372,ok,,0.0,True,True,0.0,0.0,pass,ok,0.11187947716098279,6.745786905288696,15200417,CI.DRE.--,2
deterministic_noise,24372,ok,,0.0,True,True,0.0,0.0,pass,ok,0.11182334099430591,6.795806169509888,15200417,CI.DRE.--,2
scale2,24354,ok,,0.0,True,True,0.0,0.0,pass,ok,0.1452601831406355,6.285446047782898,15200449,CI.SWS.--,0
deterministic_noise,24354,ok,,0.0,True,True,0.0,0.0,pass,ok,0.1453292090445757,6.3278021812438965,15200449,CI.SWS.--,0
scale2,24354,ok,,0.0,True,True,0.0,0.0,pass,ok,0.21190087561262771,6.7724632024765015,15200449,CI.RXH.--,1
deterministic_noise,24354,ok,,0.0,True,True,0.0,0.0,pass,ok,0.21191455359803513,6.834145903587341,15200449,CI.RXH.--,1
scale2,24405,ok,,0.0,True,True,0.0,0.0,pass,ok,0.2179973169695586,7.640677452087402,15200489,CI.RXH.--,0
deterministic_noise,24405,ok,,0.0,True,True,0.0,0.0,pass,ok,0.21812374447472394,7.651456117630005,15200489,CI.RXH.--,0
scale2,24405,ok,,0.0,True,True,0.0,0.0,pass,ok,0.08118435088545084,5.738717794418335,15200489,CI.SNR.--,1
deterministic_noise,24405,ok,,0.0,True,True,0.0,0.0,pass,ok,0.08111974503844976,6.219523072242737,15200489,CI.SNR.--,1
scale2,24456,ok,,0.0,True,True,0.0,0.0,pass,ok,0.13231557374820113,6.782200574874878,15200513,CI.SWS.--,0
deterministic_noise,24456,ok,,0.0,True,True,0.0,0.0,pass,ok,0.1326282792724669,6.933894395828247,15200513,CI.SWS.--,0
scale2,24456,ok,,0.0,True,True,0.0,0.0,pass,ok,0.07293239212594926,5.446227192878723,15200513,CI.SNR.--,1
deterministic_noise,24456,ok,,0.0,True,True,0.0,0.0,pass,ok,0.07294891797937453,6.0393067598342896,15200513,CI.SNR.--,1
scale2,24351,ok,,0.0,True,True,0.0,0.0,pass,ok,0.07328719925135374,6.844842910766602,15200593,CI.SNR.--,0
deterministic_noise,24351,ok,,0.0,True,True,0.0,0.0,pass,ok,0.07331765908747911,6.04714298248291,15200593,CI.SNR.--,0
scale2,24351,ok,,0.0,True,True,0.0,0.0,pass,ok,0.1328100121463649,6.127057790756226,15200593,CI.SWS.--,1
deterministic_noise,24351,ok,,0.0,True,True,0.0,0.0,pass,ok,0.13295890326844528,6.342536926269531,15200593,CI.SWS.--,1
scale2,24348,ok,,0.0,True,True,0.0,0.0,pass,ok,0.19425958627834916,7.1983256340026855,15200601,CI.RXH.--,0
deterministic_noise,24348,ok,,0.0,True,True,0.0,0.0,pass,ok,0.1943302876316011,7.548089027404785,15200601,CI.RXH.--,0
scale2,24348,ok,,0.0,True,True,0.0,0.0,pass,ok,0.07283187843859196,6.575284004211426,15200601,CI.SNR.--,1
deterministic_noise,24348,ok,,0.0,True,True,0.0,0.0,pass,ok,0.07286149077117443,6.534704923629761,15200601,CI.SNR.--,1
scale2,24351,ok,,0.0,True,True,0.0,0.0,pass,ok,0.07293678866699338,6.060043096542358,15200753,CI.SNR.--,0
deterministic_noise,24351,ok,,0.0,True,True,0.0,0.0,pass,ok,0.07284130854532123,5.784328818321228,15200753,CI.SNR.--,0
scale2,24351,ok,,0.0,True,True,0.0,0.0,pass,ok,0.1334048880962655,5.817819356918335,15200753,CI.SWS.--,1
deterministic_noise,24351,ok,,0.0,True,True,0.0,0.0,pass,ok,0.13335035007912666,6.009324669837952,15200753,CI.SWS.--,1
scale2,24339,ok,,0.0,True,True,0.0,0.0,pass,ok,0.14809834392508492,5.895977139472961,15200817,CI.SWS.--,1
deterministic_noise,24339,ok,,0.0,True,True,0.0,0.0,pass,ok,0.14814889995614067,5.642281532287598,15200817,CI.SWS.--,1
scale2,24339,ok,,0.0,True,True,0.0,0.0,pass,ok,0.2159663885831833,6.223138689994812,15200817,CI.RXH.--,2
deterministic_noise,24339,ok,,0.0,True,True,0.0,0.0,pass,ok,0.21598289906978607,6.260461211204529,15200817,CI.RXH.--,2
scale2,24309,ok,,0.0,True,True,0.0,0.0,pass,ok,0.07327498216181993,6.418007135391235,15200921,CI.SNR.--,0
deterministic_noise,24309,ok,,0.0,True,True,0.0,0.0,pass,ok,0.07329399418085814,5.933466792106628,15200921,CI.SNR.--,0
scale2,24309,ok,,0.0,True,True,0.0,0.0,pass,ok,0.1939717661589384,7.077197313308716,15200921,CI.RXH.--,1
deterministic_noise,24309,ok,,0.0,True,True,0.0,0.0,pass,ok,0.19402222521603107,7.362168788909912,15200921,CI.RXH.--,1
scale2,24372,ok,,0.0,True,True,0.0,0.0,pass,ok,0.19354859658051282,6.154247403144836,15201057,CI.RXH.--,0
deterministic_noise,24372,ok,,0.0,True,True,0.0,0.0,pass,ok,0.19356363348197192,5.996700644493103,15201057,CI.RXH.--,0
scale2,24372,ok,,0.0,True,True,0.0,0.0,pass,ok,0.07309015491046011,5.012337386608124,15201057,CI.SNR.--,1
deterministic_noise,24372,ok,,0.0,True,True,0.0,0.0,pass,ok,0.07309378287754953,5.005958318710327,15201057,CI.SNR.--,1
scale2,24408,ok,,0.0,True,True,0.0,0.0,pass,ok,0.14076160918921232,6.528992414474487,15201145,CI.SWS.--,0
deterministic_noise,24408,ok,,0.0,True,True,0.0,0.0,pass,ok,0.14074975717812777,6.5909647941589355,15201145,CI.SWS.--,0
scale2,24408,ok,,0.0,True,True,0.0,0.0,pass,ok,0.07698602665914223,4.942422568798065,15201145,CI.SNR.--,1
deterministic_noise,24408,ok,,0.0,True,True,0.0,0.0,pass,ok,0.07692088495241478,4.9692389369010925,15201145,CI.SNR.--,1
scale2,24312,ok,,0.0,True,True,0.0,0.0,pass,ok,0.07280778512358665,6.8513734340667725,15201241,CI.SNR.--,0
deterministic_noise,24312,ok,,0.0,True,True,0.0,0.0,pass,ok,0.07284227386116982,6.907749176025391,15201241,CI.SNR.--,0
scale2,24312,ok,,0.0,True,True,0.0,0.0,pass,ok,0.13337288284674287,6.614625811576843,15201241,CI.SWS.--,1
deterministic_noise,24312,ok,,0.0,True,True,0.0,0.0,pass,ok,0.13357952749356627,6.540445566177368,15201241,CI.SWS.--,1
scale2,24288,ok,,0.0,True,True,0.0,0.0,pass,ok,0.07320190957398154,5.9097490310668945,15201249,CI.SNR.--,0
deterministic_noise,24288,ok,,0.0,True,True,0.0,0.0,pass,ok,0.07322103538899682,6.184713363647461,15201249,CI.SNR.--,0
scale2,24288,ok,,0.0,True,True,0.0,0.0,pass,ok,0.1938839420909062,6.786136269569397,15201249,CI.RXH.--,1
deterministic_noise,24288,ok,,0.0,True,True,0.0,0.0,pass,ok,0.1939137860899791,6.241409778594971,15201249,CI.RXH.--,1
scale2,24363,ok,,0.0,True,True,0.0,0.0,pass,ok,0.07002426870167255,6.936642646789551,15201297,CI.SNR.--,0
deterministic_noise,24363,ok,,0.0,True,True,0.0,0.0,pass,ok,0.07025811076164246,6.8922951221466064,15201297,CI.SNR.--,0
scale2,24363,ok,,0.0,True,True,0.0,0.0,pass,ok,0.13326003961265087,7.552581310272217,15201297,CI.SWS.--,1
deterministic_noise,24363,ok,,0.0,True,True,0.0,0.0,pass,ok,0.1338889393955469,7.51020359992981,15201297,CI.SWS.--,1
scale2,24351,ok,,0.0,True,True,0.0,0.0,pass,ok,0.2089325487613678,8.14058232307434,15201537,CI.RXH.--,0
deterministic_noise,24351,ok,,0.0,True,True,0.0,0.0,pass,ok,0.20902173221111298,8.574616432189941,15201537,CI.RXH.--,0
scale2,24351,ok,,0.0,True,True,0.0,0.0,pass,ok,0.07994205690920353,7.004833459854126,15201537,CI.SNR.--,1
deterministic_noise,24351,ok,,0.0,True,True,0.0,0.0,pass,ok,0.07948455400764942,7.065976142883301,15201537,CI.SNR.--,1
scale2,24474,ok,,0.0,True,True,0.0,0.0,pass,ok,0.1933673353632912,5.989142060279846,15201553,CI.RXH.--,0
deterministic_noise,24474,ok,,0.0,True,True,0.0,0.0,pass,ok,0.19338595552835613,6.232756614685059,15201553,CI.RXH.--,0
scale2,24474,ok,,0.0,True,True,0.0,0.0,pass,ok,0.07313947405782528,4.641707718372345,15201553,CI.SNR.--,1
deterministic_noise,24474,ok,,0.0,True,True,0.0,0.0,pass,ok,0.07314884636434726,4.49920380115509,15201553,CI.SNR.--,1
scale2,24294,ok,,0.0,True,True,0.0,0.0,pass,ok,0.21788469573948532,6.346660614013672,15201617,CI.RXH.--,0
deterministic_noise,24294,ok,,0.0,True,True,0.0,0.0,pass,ok,0.21791686990763992,6.349540114402771,15201617,CI.RXH.--,0
scale2,24294,ok,,0.0,True,True,0.0,0.0,pass,ok,0.08215681160800159,5.912921667098999,15201617,CI.SNR.--,1
deterministic_noise,24294,ok,,0.0,True,True,0.0,0.0,pass,ok,0.0820822671521455,5.810084104537964,15201617,CI.SNR.--,1
scale2,24420,ok,,0.0,True,True,0.0,0.0,pass,ok,0.19364878337364644,6.280847072601318,15201697,CI.RXH.--,0
deterministic_noise,24420,ok,,0.0,True,True,0.0,0.0,pass,ok,0.19366623659152538,6.080454111099243,15201697,CI.RXH.--,0
scale2,24420,ok,,0.0,True,True,0.0,0.0,pass,ok,0.0732059295187355,4.774441719055176,15201697,CI.SNR.--,1
deterministic_noise,24420,ok,,0.0,True,True,0.0,0.0,pass,ok,0.07320830571552506,4.734470963478088,15201697,CI.SNR.--,1
scale2,24306,ok,,0.0,True,True,0.0,0.0,pass,ok,0.08216369617730379,6.549978733062744,15201961,CI.SNR.--,0
deterministic_noise,24306,ok,,0.0,True,True,0.0,0.0,pass,ok,0.08199572842568159,6.768306732177734,15201961,CI.SNR.--,0
scale2,24306,ok,,0.0,True,True,0.0,0.0,pass,ok,0.1500791785074398,6.283320903778076,15201961,CI.SWS.--,1
deterministic_noise,24306,ok,,0.0,True,True,0.0,0.0,pass,ok,0.15019793540704995,6.371682167053223,15201961,CI.SWS.--,1
scale2,24456,ok,,0.0,True,True,0.0,0.0,pass,ok,0.13810579595156014,6.31826388835907,15202401,CI.SWS.--,0
deterministic_noise,24456,ok,,0.0,True,True,0.0,0.0,pass,ok,0.13806758704595268,6.04035758972168,15202401,CI.SWS.--,0
scale2,24456,ok,,0.0,True,True,0.0,0.0,pass,ok,0.07556179774110205,4.553098529577255,15202401,CI.SNR.--,1
deterministic_noise,24456,ok,,0.0,True,True,0.0,0.0,pass,ok,0.07554202663595788,4.485964253544807,15202401,CI.SNR.--,1
scale2,24369,ok,,0.0,True,True,0.0,0.0,pass,ok,0.07210450805723667,6.710121393203735,15202465,CI.SNR.--,0
deterministic_noise,24369,ok,,0.0,True,True,0.0,0.0,pass,ok,0.07213443331420422,7.036134958267212,15202465,CI.SNR.--,0
scale2,24369,ok,,0.0,True,True,0.0,0.0,pass,ok,0.13392741681309417,6.233448505401611,15202465,CI.SWS.--,1
deterministic_noise,24369,ok,,0.0,True,True,0.0,0.0,pass,ok,0.13409346638945863,6.537134766578674,15202465,CI.SWS.--,1
scale2,24318,ok,,0.0,True,True,0.0,0.0,pass,ok,0.08707601949572563,7.489470720291138,15202921,CI.SNR.--,0
deterministic_noise,24318,ok,,0.0,True,True,0.0,0.0,pass,ok,0.08613214269280434,7.113528251647949,15202921,CI.SNR.--,0
scale2,24318,ok,,0.0,True,True,0.0,0.0,pass,ok,0.22047299519181252,8.90935468673706,15202921,CI.RXH.--,1
deterministic_noise,24318,ok,,0.0,True,True,0.0,0.0,pass,ok,0.2209295742213726,8.465717554092407,15202921,CI.RXH.--,1
scale2,24480,ok,,0.0,True,True,0.0,0.0,pass,ok,0.1940448866225779,6.523522138595581,15203033,CI.RXH.--,0
deterministic_noise,24480,ok,,0.0,True,True,0.0,0.0,pass,ok,0.1940771653316915,6.758173704147339,15203033,CI.RXH.--,0
scale2,24480,ok,,0.0,True,True,0.0,0.0,pass,ok,0.0731295352379675,4.666294991970062,15203033,CI.SNR.--,1
deterministic_noise,24480,ok,,0.0,True,True,0.0,0.0,pass,ok,0.07313261874514865,4.634499967098236,15203033,CI.SNR.--,1
scale2,24435,ok,,0.0,True,True,0.0,0.0,pass,ok,0.19405349571025,6.854385852813721,15203249,CI.RXH.--,0
deterministic_noise,24435,ok,,0.0,True,True,0.0,0.0,pass,ok,0.19408278685295954,6.826857089996338,15203249,CI.RXH.--,0
scale2,24435,ok,,0.0,True,True,0.0,0.0,pass,ok,0.07321289184619673,4.552783399820328,15203249,CI.SNR.--,1
deterministic_noise,24435,ok,,0.0,True,True,0.0,0.0,pass,ok,0.07321508970926516,4.6248349249362946,15203249,CI.SNR.--,1
scale2,24294,ok,,0.0,True,True,0.0,0.0,pass,ok,0.07309837976936251,5.961444854736328,15203401,CI.SNR.--,0
deterministic_noise,24294,ok,,0.0,True,True,0.0,0.0,pass,ok,0.07312387635465711,6.187673807144165,15203401,CI.SNR.--,0
scale2,24294,ok,,0.0,True,True,0.0,0.0,pass,ok,0.1336838427814655,5.612095654010773,15203401,CI.SWS.--,1
deterministic_noise,24294,ok,,0.0,True,True,0.0,0.0,pass,ok,0.13375365996034816,5.752245783805847,15203401,CI.SWS.--,1
scale2,23553,ok,,0.0,True,True,0.0,0.0,pass,ok,0.10247869591694325,5.672974467277527,15204137,CI.ISA.--,0
deterministic_noise,23553,ok,,0.0,True,True,0.0,0.0,pass,ok,0.10244983632583171,5.170370697975159,15204137,CI.ISA.--,0
scale2,23553,ok,,0.0,True,True,0.0,0.0,pass,ok,0.07061505073215812,5.72659170627594,15204137,CI.SPG2.--,1
deterministic_noise,23553,ok,,0.0,True,True,0.0,0.0,pass,ok,0.07063592469785362,5.703658938407898,15204137,CI.SPG2.--,1
scale2,24276,ok,,0.0,True,True,0.0,0.0,pass,ok,0.2111974316649139,7.979222059249878,15204369,CI.RXH.--,0
deterministic_noise,24276,ok,,0.0,True,True,0.0,0.0,pass,ok,0.2112302971072495,7.618883371353149,15204369,CI.RXH.--,0
scale2,24276,ok,,0.0,True,True,0.0,0.0,pass,ok,0.0796366510912776,6.773385286331177,15204369,CI.SNR.--,1
deterministic_noise,24276,ok,,0.0,True,True,0.0,0.0,pass,ok,0.0792616056278348,6.654806613922119,15204369,CI.SNR.--,1
scale2,24264,ok,,0.0,True,True,0.0,0.0,pass,ok,0.08559542894363403,7.547093868255615,15204969,CI.SNR.--,0
deterministic_noise,24264,ok,,0.0,True,True,0.0,0.0,pass,ok,0.08499038219451904,6.901228666305542,15204969,CI.SNR.--,0
scale2,24264,ok,,0.0,True,True,0.0,0.0,pass,ok,0.2513950876891613,8.599345922470093,15204969,CI.RXH.--,1
deterministic_noise,24264,ok,,0.0,True,True,0.0,0.0,pass,ok,0.2501281686127186,8.436479091644287,15204969,CI.RXH.--,1
scale2,24468,ok,,0.0,True,True,0.0,0.0,pass,ok,0.13400308785639936,6.835870027542114,15205377,CI.SWS.--,0
deterministic_noise,24468,ok,,0.0,True,True,0.0,0.0,pass,ok,0.1342109292963869,6.620271682739258,15205377,CI.SWS.--,0
scale2,24468,ok,,0.0,True,True,0.0,0.0,pass,ok,0.07315555641253013,4.984365403652191,15205377,CI.SNR.--,1
deterministic_noise,24468,ok,,0.0,True,True,0.0,0.0,pass,ok,0.07315996607940178,4.975839376449585,15205377,CI.SNR.--,1
scale2,23547,ok,,0.0,True,True,0.0,0.0,pass,ok,0.07025985163636506,5.816328763961792,15205449,CI.SPG2.--,0
deterministic_noise,23547,ok,,0.0,True,True,0.0,0.0,pass,ok,0.07027642684988678,6.0001795291900635,15205449,CI.SPG2.--,0
scale2,23547,ok,,0.0,True,True,0.0,0.0,pass,ok,0.10254005074966699,4.967299550771713,15205449,CI.ISA.--,1
deterministic_noise,23547,ok,,0.0,True,True,0.0,0.0,pass,ok,0.10252879827748984,4.8309804648160934,15205449,CI.ISA.--,1
scale2,23544,ok,,0.0,True,True,0.0,0.0,pass,ok,0.10276305885054171,5.393615305423737,15206089,CI.ISA.--,0
deterministic_noise,23544,ok,,0.0,True,True,0.0,0.0,pass,ok,0.10274037509225309,5.261963665485382,15206089,CI.ISA.--,0
scale2,23544,ok,,0.0,True,True,0.0,0.0,pass,ok,0.07046799799718428,5.116013526916504,15206089,CI.SPG2.--,1
deterministic_noise,23544,ok,,0.0,True,True,0.0,0.0,pass,ok,0.07047976860485505,4.560563564300537,15206089,CI.SPG2.--,1
scale2,24615,ok,,0.0,True,True,0.0,0.0,pass,ok,0.10807652457151562,7.122106313705444,15206465,CI.JRC2.--,0
deterministic_noise,24615,ok,,0.0,True,True,0.0,0.0,pass,ok,0.10955625341739506,7.059394121170044,15206465,CI.JRC2.--,0
scale2,24615,ok,,0.0,True,True,0.0,0.0,pass,ok,0.06440410175127909,5.51956033706665,15206465,CI.CLC.--,1
deterministic_noise,24615,ok,,0.0,True,True,0.0,0.0,pass,ok,0.06447483442025259,5.380141019821167,15206465,CI.CLC.--,1
scale2,23538,ok,,0.0,True,True,0.0,0.0,pass,ok,0.07039253017865121,6.0154149532318115,15207025,CI.SPG2.--,0
deterministic_noise,23538,ok,,0.0,True,True,0.0,0.0,pass,ok,0.07041409262456,5.913104295730591,15207025,CI.SPG2.--,0
scale2,23538,ok,,0.0,True,True,0.0,0.0,pass,ok,0.10290850937599316,5.458800673484802,15207025,CI.ISA.--,1
deterministic_noise,23538,ok,,0.0,True,True,0.0,0.0,pass,ok,0.10287957399850711,5.369173467159271,15207025,CI.ISA.--,1
scale2,24279,ok,,0.0,True,True,0.0,0.0,pass,ok,0.0737772835418582,5.982107162475586,15208857,CI.SNR.--,0
deterministic_noise,24279,ok,,0.0,True,True,0.0,0.0,pass,ok,0.07362540531903505,5.727846026420593,15208857,CI.SNR.--,0
scale2,24279,ok,,0.0,True,True,0.0,0.0,pass,ok,0.2176999303046614,6.874493479728699,15208857,CI.RXH.--,1
deterministic_noise,24279,ok,,0.0,True,True,0.0,0.0,pass,ok,0.21760097122751176,6.973354816436768,15208857,CI.RXH.--,1
scale2,21327,ok,,0.0,True,True,0.0,0.0,pass,ok,0.12560985673189862,5.206575095653534,15209801,CI.DRE.--,0
deterministic_noise,21327,ok,,0.0,True,True,0.0,0.0,pass,ok,0.1255911917614867,5.2562854290008545,15209801,CI.DRE.--,0
scale2,21327,ok,,0.0,True,True,0.0,0.0,pass,ok,0.08269471180938126,4.444875672459602,15209801,CI.SNR.--,1
deterministic_noise,21327,ok,,0.0,True,True,0.0,0.0,pass,ok,0.08269145833946823,4.409436747431755,15209801,CI.SNR.--,1
scale2,22269,ok,,0.0,True,True,0.0,0.0,pass,ok,0.11298041652480606,4.924423277378082,15211993,CI.VOG.--,0
deterministic_noise,22269,ok,,0.0,True,True,0.0,0.0,pass,ok,0.11297533054312225,4.840573191642761,15211993,CI.VOG.--,0
scale2,22269,ok,,0.0,True,True,0.0,0.0,pass,ok,0.07638785481685773,4.5821884125471115,15211993,CI.RCT.--,1
deterministic_noise,22269,ok,,0.0,True,True,0.0,0.0,pass,ok,0.0763389891362749,4.59866464138031,15211993,CI.RCT.--,1
scale2,22470,ok,,0.0,True,True,0.0,0.0,pass,ok,0.1130080291768536,5.0983468890190125,15212001,CI.VOG.--,0
deterministic_noise,22470,ok,,0.0,True,True,0.0,0.0,pass,ok,0.11299785284791142,5.158433616161346,15212001,CI.VOG.--,0
scale2,22470,ok,,0.0,True,True,0.0,0.0,pass,ok,0.07632395846303552,5.093599081039429,15212001,CI.RCT.--,1
deterministic_noise,22470,ok,,0.0,True,True,0.0,0.0,pass,ok,0.0762575917178765,5.127437949180603,15212001,CI.RCT.--,1
scale2,22161,ok,,0.0,True,True,0.0,0.0,pass,ok,0.1113761547167087,5.555881142616272,15222209,CI.DRE.--,0
deterministic_noise,22161,ok,,0.0,True,True,0.0,0.0,pass,ok,0.11134663641860243,6.013293743133545,15222209,CI.DRE.--,0
scale2,22161,ok,,0.0,True,True,0.0,0.0,pass,ok,0.07585126115009189,4.648806154727936,15222209,CI.SNR.--,1
deterministic_noise,22161,ok,,0.0,True,True,0.0,0.0,pass,ok,0.07585622416809201,4.79530668258667,15222209,CI.SNR.--,1
scale2,21591,ok,,0.0,True,True,0.0,0.0,pass,ok,0.0839361129255849,4.545694649219513,15222329,CI.SNR.--,1
deterministic_noise,21591,ok,,0.0,True,True,0.0,0.0,pass,ok,0.08392333705705823,4.378259018063545,15222329,CI.SNR.--,1
scale2,21591,ok,,0.0,True,True,0.0,0.0,pass,ok,0.3055519666922919,5.774381209164858,15222329,CI.WES.--,2
deterministic_noise,21591,ok,,0.0,True,True,0.0,0.0,pass,ok,0.30555246207586606,5.702646851539612,15222329,CI.WES.--,2
scale2,21801,ok,,0.0,True,True,0.0,0.0,pass,ok,0.1175256650603842,4.945972770452499,15222625,CI.DRE.--,0
deterministic_noise,21801,ok,,0.0,True,True,0.0,0.0,pass,ok,0.11751920919050463,4.8936446234583855,15222625,CI.DRE.--,0
scale2,21801,ok,,0.0,True,True,0.0,0.0,pass,ok,0.08035169130971553,4.391563192941248,15222625,CI.SNR.--,1
deterministic_noise,21801,ok,,0.0,True,True,0.0,0.0,pass,ok,0.08034282588550923,4.405891164205968,15222625,CI.SNR.--,1
scale2,21936,ok,,0.0,True,True,0.0,0.0,pass,ok,0.11072336390498094,5.136099815368652,15226417,CI.DRE.--,0
deterministic_noise,21936,ok,,0.0,True,True,0.0,0.0,pass,ok,0.1107200805854518,5.263022065162659,15226417,CI.DRE.--,0
scale2,21936,ok,,0.0,True,True,0.0,0.0,pass,ok,0.07639761710743187,4.388570249080658,15226417,CI.SNR.--,1
deterministic_noise,21936,ok,,0.0,True,True,0.0,0.0,pass,ok,0.07635803079028847,4.382001854479313,15226417,CI.SNR.--,1
scale2,22719,ok,,0.0,True,True,0.0,0.0,pass,ok,0.10730110165604856,5.015363156795502,15230145,CI.DRE.--,0
deterministic_noise,22719,ok,,0.0,True,True,0.0,0.0,pass,ok,0.10728471669426654,4.949104905128479,15230145,CI.DRE.--,0
scale2,22719,ok,,0.0,True,True,0.0,0.0,pass,ok,0.07744044000355643,4.374303326010704,15230145,CI.SNR.--,1
deterministic_noise,22719,ok,,0.0,True,True,0.0,0.0,pass,ok,0.07744132792504388,4.411994751542807,15230145,CI.SNR.--,1
scale2,21486,ok,,0.0,True,True,0.0,0.0,pass,ok,0.07811068309820257,4.449010387063026,15232441,CI.SNR.--,0
deterministic_noise,21486,ok,,0.0,True,True,0.0,0.0,pass,ok,0.07809611098491587,4.5895447582006454,15232441,CI.SNR.--,0
scale2,21486,ok,,0.0,True,True,0.0,0.0,pass,ok,0.2782198110362515,6.65098774433136,15232441,CI.WES.--,1
deterministic_noise,21486,ok,,0.0,True,True,0.0,0.0,pass,ok,0.2782958230236545,7.1280330419540405,15232441,CI.WES.--,1
scale2,22431,ok,,0.0,True,True,0.0,0.0,pass,ok,0.10240764857735485,5.372206032276154,37101284,CI.DRE.--,0
deterministic_noise,22431,ok,,0.0,True,True,0.0,0.0,pass,ok,0.10239864198956639,5.444686412811279,37101284,CI.DRE.--,0
scale2,22431,ok,,0.0,True,True,0.0,0.0,pass,ok,0.08244195422958,4.47264938056469,37101284,CI.SNR.--,1
deterministic_noise,22431,ok,,0.0,True,True,0.0,0.0,pass,ok,0.08243613102604286,4.3898152112960815,37101284,CI.SNR.--,1
scale2,23532,ok,,0.0,True,True,0.0,0.0,pass,ok,0.06099714836818748,4.149393627420068,15252729,CI.SBI.--,0
deterministic_noise,23532,ok,,0.0,True,True,0.0,0.0,pass,ok,0.06100060292737908,4.115232065320015,15252729,CI.SBI.--,0
scale2,23532,ok,,0.0,True,True,0.0,0.0,pass,ok,0.10152122500585392,5.0147135853767395,15252729,CI.RPV.--,1
deterministic_noise,23532,ok,,0.0,True,True,0.0,0.0,pass,ok,0.1014978649909608,4.9932902455329895,15252729,CI.RPV.--,1
scale2,21756,ok,,0.0,True,True,0.0,0.0,pass,ok,0.09890539017942501,4.9509097635746,15255361,CI.DRE.--,0
deterministic_noise,21756,ok,,0.0,True,True,0.0,0.0,pass,ok,0.09890158655616688,4.951155424118042,15255361,CI.DRE.--,0
scale2,21756,ok,,0.0,True,True,0.0,0.0,pass,ok,0.2758692695424543,5.7271242663264275,15255361,CI.WES.--,1
deterministic_noise,21756,ok,,0.0,True,True,0.0,0.0,pass,ok,0.27587638361001154,5.560018263757229,15255361,CI.WES.--,1
scale2,22443,ok,,0.0,True,True,0.0,0.0,pass,ok,0.09225368093393627,5.4193994998931885,15267601,CI.DRE.--,0
deterministic_noise,22443,ok,,0.0,True,True,0.0,0.0,pass,ok,0.09222754497386632,5.430391788482666,15267601,CI.DRE.--,0
scale2,22443,ok,,0.0,True,True,0.0,0.0,pass,ok,0.07398646502406336,4.446121037006378,15267601,CI.SNR.--,1
deterministic_noise,22443,ok,,0.0,True,True,0.0,0.0,pass,ok,0.07398842842667364,4.423113942146301,15267601,CI.SNR.--,1
scale2,22512,ok,,0.0,True,True,0.0,0.0,pass,ok,0.09261403966229409,5.369890451431274,15270393,CI.DRE.--,0
deterministic_noise,22512,ok,,0.0,True,True,0.0,0.0,pass,ok,0.09259148698765785,5.374002695083618,15270393,CI.DRE.--,0
scale2,22512,ok,,0.0,True,True,0.0,0.0,pass,ok,0.0769557456515031,4.461840122938156,15270393,CI.SNR.--,1
deterministic_noise,22512,ok,,0.0,True,True,0.0,0.0,pass,ok,0.0769347150780959,4.4452952444553375,15270393,CI.SNR.--,1
scale2,22128,ok,,0.0,True,True,0.0,0.0,pass,ok,0.08768266488914378,4.849473416805267,15273705,CI.DRE.--,0
deterministic_noise,22128,ok,,0.0,True,True,0.0,0.0,pass,ok,0.08767732928390615,4.9377241134643555,15273705,CI.DRE.--,0
scale2,22128,ok,,0.0,True,True,0.0,0.0,pass,ok,0.2674179167224793,5.867149919271469,15273705,CI.WES.--,1
deterministic_noise,22128,ok,,0.0,True,True,0.0,0.0,pass,ok,0.2674318163917633,5.861923366785049,15273705,CI.WES.--,1
scale2,21846,ok,,0.0,True,True,0.0,0.0,pass,ok,0.0994826747460138,4.676349252462387,15275633,CI.DRE.--,0
deterministic_noise,21846,ok,,0.0,True,True,0.0,0.0,pass,ok,0.09946690067818054,4.715120255947113,15275633,CI.DRE.--,0
scale2,21846,ok,,0.0,True,True,0.0,0.0,pass,ok,0.08236399976158282,4.47606898099184,15275633,CI.SNR.--,1
deterministic_noise,21846,ok,,0.0,True,True,0.0,0.0,pass,ok,0.08236007454252103,4.370316497981548,15275633,CI.SNR.--,1
scale2,24423,ok,,0.0,True,True,0.0,0.0,pass,ok,0.062189266085624695,5.817412614822388,15275793,CI.BCW.--,0
deterministic_noise,24423,ok,,0.0,True,True,0.0,0.0,pass,ok,0.06219720095396042,5.81460976600647,15275793,CI.BCW.--,0
scale2,24423,ok,,0.0,True,True,0.0,0.0,pass,ok,0.06893512967508286,5.083683133125305,15275793,CI.MPI.--,1
deterministic_noise,24423,ok,,0.0,True,True,0.0,0.0,pass,ok,0.06885169085580856,4.980021178722382,15275793,CI.MPI.--,1
scale2,23562,ok,,0.0,True,True,0.0,0.0,pass,ok,0.051517943385988474,6.157171010971069,15276817,CI.GOR.--,0
deterministic_noise,23562,ok,,0.0,True,True,0.0,0.0,pass,ok,0.051607688423246145,5.935624122619629,15276817,CI.GOR.--,0
scale2,23562,ok,,0.0,True,True,0.0,0.0,pass,ok,0.02429281297372654,3.4145253896713257,15276817,CI.SDG.--,1
deterministic_noise,23562,ok,,0.0,True,True,0.0,0.0,pass,ok,0.024292421236168593,3.7316380739212036,15276817,CI.SDG.--,1
scale2,21636,ok,,0.0,True,True,0.0,0.0,pass,ok,0.09863913082517684,5.261770129203796,15281473,CI.DRE.--,0
deterministic_noise,21636,ok,,0.0,True,True,0.0,0.0,pass,ok,0.0986329538282007,5.383611083030701,15281473,CI.DRE.--,0
scale2,21636,ok,,0.0,True,True,0.0,0.0,pass,ok,0.07935142162750708,4.426854934543371,15281473,CI.SNR.--,1
deterministic_noise,21636,ok,,0.0,True,True,0.0,0.0,pass,ok,0.07934918608953012,4.345936451107264,15281473,CI.SNR.--,1
scale2,21909,ok,,0.0,True,True,0.0,0.0,pass,ok,0.10042102928855456,5.1297261118888855,11244018,CI.DRE.--,0
deterministic_noise,21909,ok,,0.0,True,True,0.0,0.0,pass,ok,0.10039738271734677,5.102717638015747,11244018,CI.DRE.--,0
scale2,21909,ok,,0.0,True,True,0.0,0.0,pass,ok,0.08278931826498592,4.330999903380871,11244018,CI.SNR.--,1
deterministic_noise,21909,ok,,0.0,True,True,0.0,0.0,pass,ok,0.08278458416316425,4.527039587497711,11244018,CI.SNR.--,1
scale2,21192,ok,,0.0,True,True,0.0,0.0,pass,ok,0.05652495543472469,4.830928206443787,11248258,CI.OLP.--,0
deterministic_noise,21192,ok,,0.0,True,True,0.0,0.0,pass,ok,0.05653884191997349,4.907429814338684,11248258,CI.OLP.--,0
scale2,21192,ok,,0.0,True,True,0.0,0.0,pass,ok,0.03780616959556937,4.241667866706848,11248258,CI.SDG.--,1
deterministic_noise,21192,ok,,0.0,True,True,0.0,0.0,pass,ok,0.03783375257626176,4.029287099838257,11248258,CI.SDG.--,1
scale2,22005,ok,,0.0,True,True,0.0,0.0,pass,ok,0.09676515299361199,6.644510746002197,11286130,CI.DRE.--,0
deterministic_noise,22005,ok,,0.0,True,True,0.0,0.0,pass,ok,0.09675487142521888,6.43481719493866,11286130,CI.DRE.--,0
scale2,22005,ok,,0.0,True,True,0.0,0.0,pass,ok,0.07460550320683978,4.965346336364746,11286130,CI.SNR.--,1
deterministic_noise,22005,ok,,0.0,True,True,0.0,0.0,pass,ok,0.07454733448685147,5.0848493576049805,11286130,CI.SNR.--,1
scale2,22260,ok,,0.0,True,True,0.0,0.0,pass,ok,0.09552634427382145,5.087203860282898,15330097,CI.DRE.--,0
deterministic_noise,22260,ok,,0.0,True,True,0.0,0.0,pass,ok,0.09552370091842022,4.958437621593475,15330097,CI.DRE.--,0
scale2,22260,ok,,0.0,True,True,0.0,0.0,pass,ok,0.07455850541009568,4.411108992993832,15330097,CI.SNR.--,1
deterministic_noise,22260,ok,,0.0,True,True,0.0,0.0,pass,ok,0.07455356270656921,4.298172127455473,15330097,CI.SNR.--,1
scale2,22269,ok,,0.0,True,True,0.0,0.0,pass,ok,0.09554830336128362,4.926151812076569,37111996,CI.DRE.--,0
deterministic_noise,22269,ok,,0.0,True,True,0.0,0.0,pass,ok,0.09553597724880092,4.9953243136405945,37111996,CI.DRE.--,0
scale2,22269,ok,,0.0,True,True,0.0,0.0,pass,ok,0.07455144551204285,4.491511210799217,37111996,CI.SNR.--,1
deterministic_noise,22269,ok,,0.0,True,True,0.0,0.0,pass,ok,0.07451523366762558,4.351336315274239,37111996,CI.SNR.--,1
scale2,22569,ok,,0.0,True,True,0.0,0.0,pass,ok,0.10876335818466032,5.097032129764557,15331489,CI.DRE.--,0
deterministic_noise,22569,ok,,0.0,True,True,0.0,0.0,pass,ok,0.1087305409819237,5.170388698577881,15331489,CI.DRE.--,0
scale2,22569,ok,,0.0,True,True,0.0,0.0,pass,ok,0.08365742837486323,4.3716790825128555,15331489,CI.SNR.--,1
deterministic_noise,22569,ok,,0.0,True,True,0.0,0.0,pass,ok,0.08365399415197317,4.505505308508873,15331489,CI.SNR.--,1
scale2,21624,ok,,0.0,True,True,0.0,0.0,pass,ok,0.10550247741048224,5.194045066833496,15335545,CI.DRE.--,0
deterministic_noise,21624,ok,,0.0,True,True,0.0,0.0,pass,ok,0.10555088656838052,5.322257399559021,15335545,CI.DRE.--,0
scale2,21624,ok,,0.0,True,True,0.0,0.0,pass,ok,0.07889983165659942,4.4271034225821495,15335545,CI.SNR.--,1
deterministic_noise,21624,ok,,0.0,True,True,0.0,0.0,pass,ok,0.07889594775042497,4.334395028650761,15335545,CI.SNR.--,1
scale2,21234,ok,,0.0,True,True,0.0,0.0,pass,ok,0.09967788530047983,5.426977276802063,15336761,CI.DRE.--,0
deterministic_noise,21234,ok,,0.0,True,True,0.0,0.0,pass,ok,0.09967460262123495,5.603652596473694,15336761,CI.DRE.--,0
scale2,21234,ok,,0.0,True,True,0.0,0.0,pass,ok,0.07493661796615925,4.305506320204586,15336761,CI.SNR.--,1
deterministic_noise,21234,ok,,0.0,True,True,0.0,0.0,pass,ok,0.07493300283385906,4.362482525408268,15336761,CI.SNR.--,1
scale2,24981,ok,,0.0,True,True,0.0,0.0,pass,ok,0.0847538891248405,6.931166887283325,15343145,CI.FMP.--,0
deterministic_noise,24981,ok,,0.0,True,True,0.0,0.0,pass,ok,0.0850839433260262,6.917232275009155,15343145,CI.FMP.--,0
scale2,24981,ok,,0.0,True,True,0.0,0.0,pass,ok,0.10065127722918987,7.55286979675293,15343145,CI.MIS.00,1
deterministic_noise,24981,ok,,0.0,True,True,0.0,0.0,pass,ok,0.10809347964823246,7.388813257217407,15343145,CI.MIS.00,1
scale2,21744,ok,,0.0,True,True,0.0,0.0,pass,ok,0.0841011771808553,4.481778878718615,15343449,CI.SNR.--,1
deterministic_noise,21744,ok,,0.0,True,True,0.0,0.0,pass,ok,0.08409486023083446,4.405828695744276,15343449,CI.SNR.--,1
scale2,21744,ok,,0.0,True,True,0.0,0.0,pass,ok,0.30438282207796874,5.709482120350003,15343449,CI.WES.--,2
deterministic_noise,21744,ok,,0.0,True,True,0.0,0.0,pass,ok,0.30438036604573426,5.733642173931003,15343449,CI.WES.--,2
scale2,24726,ok,,0.0,True,True,0.0,0.0,pass,ok,0.062482812674716115,5.280453681945801,15343601,CI.MPI.--,0
deterministic_noise,24726,ok,,0.0,True,True,0.0,0.0,pass,ok,0.06256586196832359,5.2518709897994995,15343601,CI.MPI.--,0
scale2,24726,ok,,0.0,True,True,0.0,0.0,pass,ok,0.059177862596698105,5.718036890029907,15343601,CI.BCW.--,1
deterministic_noise,24726,ok,,0.0,True,True,0.0,0.0,pass,ok,0.05915619607549161,5.521415710449219,15343601,CI.BCW.--,1
scale2,21906,ok,,0.0,True,True,0.0,0.0,pass,ok,0.07747370659490116,4.669153690338135,15347969,CI.SNR.--,1
deterministic_noise,21906,ok,,0.0,True,True,0.0,0.0,pass,ok,0.07744953871588223,4.508310243487358,15347969,CI.SNR.--,1
scale2,21906,ok,,0.0,True,True,0.0,0.0,pass,ok,0.2807073826697888,5.665895119309425,15347969,CI.WES.--,2
deterministic_noise,21906,ok,,0.0,True,True,0.0,0.0,pass,ok,0.2807168428989826,5.68681088835001,15347969,CI.WES.--,2
scale2,21657,ok,,0.0,True,True,0.0,0.0,pass,ok,0.10792291035249946,4.697561327368021,15349313,CI.VOG.--,0
deterministic_noise,21657,ok,,0.0,True,True,0.0,0.0,pass,ok,0.10792113224670175,4.683703359216452,15349313,CI.VOG.--,0
scale2,21657,ok,,0.0,True,True,0.0,0.0,pass,ok,0.05561292660786421,4.2796638906002045,15349313,CI.PHL.--,1
deterministic_noise,21657,ok,,0.0,True,True,0.0,0.0,pass,ok,0.05561945098088472,4.183857306838036,15349313,CI.PHL.--,1
scale2,24705,ok,,0.0,True,True,0.0,0.0,pass,ok,0.11461363732814789,7.8306825160980225,15351401,CI.USB.00,0
deterministic_noise,24705,ok,,0.0,True,True,0.0,0.0,pass,ok,0.1140918955206871,7.715262174606323,15351401,CI.USB.00,0
scale2,24705,ok,,0.0,True,True,0.0,0.0,pass,ok,0.02067072802083203,4.183294415473938,15351401,CI.SYP.--,1
deterministic_noise,24705,ok,,0.0,True,True,0.0,0.0,pass,ok,0.020538518942430528,4.305930137634277,15351401,CI.SYP.--,1
scale2,21783,ok,,0.0,True,True,0.0,0.0,pass,ok,0.2889980369072873,5.9686373472213745,15356121,CI.WES.--,1
deterministic_noise,21783,ok,,0.0,True,True,0.0,0.0,pass,ok,0.28901130027952604,5.862313777208328,15356121,CI.WES.--,1
scale2,21783,ok,,0.0,True,True,0.0,0.0,pass,ok,0.07945966999977827,4.396069884300232,15356121,CI.SNR.--,2
deterministic_noise,21783,ok,,0.0,True,True,0.0,0.0,pass,ok,0.07945184130221605,4.5058659091591835,15356121,CI.SNR.--,2
scale2,21936,ok,,0.0,True,True,0.0,0.0,pass,ok,0.10872226834180765,4.989356189966202,15357721,CI.DRE.--,0
deterministic_noise,21936,ok,,0.0,True,True,0.0,0.0,pass,ok,0.10871829211828299,5.0416149497032166,15357721,CI.DRE.--,0
scale2,21936,ok,,0.0,True,True,0.0,0.0,pass,ok,0.07760977868747432,4.365426987409592,15357721,CI.SNR.--,1
deterministic_noise,21936,ok,,0.0,True,True,0.0,0.0,pass,ok,0.07760483647871297,4.385346258059144,15357721,CI.SNR.--,1
scale2,24144,ok,,0.0,True,True,0.0,0.0,pass,ok,0.02071313781198114,3.976855754852295,11326274,CI.SDG.--,0
deterministic_noise,24144,ok,,0.0,True,True,0.0,0.0,pass,ok,0.020710633718408644,3.996863842010498,11326274,CI.SDG.--,0
scale2,24144,ok,,0.0,True,True,0.0,0.0,pass,ok,0.020476442034123465,3.5899705290794373,11326274,CI.SDR.--,1
deterministic_noise,24144,ok,,0.0,True,True,0.0,0.0,pass,ok,0.020430100878002122,3.288775861263275,11326274,CI.SDR.--,1
scale2,22143,ok,,0.0,True,True,0.0,0.0,pass,ok,0.10980786076834192,5.111572742462158,11326354,CI.DRE.--,0
deterministic_noise,22143,ok,,0.0,True,True,0.0,0.0,pass,ok,0.10979824819514761,5.1437883377075195,11326354,CI.DRE.--,0
scale2,22143,ok,,0.0,True,True,0.0,0.0,pass,ok,0.07915973180206493,4.498048275709152,11326354,CI.SNR.--,1
deterministic_noise,22143,ok,,0.0,True,True,0.0,0.0,pass,ok,0.07915481663076207,4.3515011966228485,11326354,CI.SNR.--,1
scale2,21342,ok,,0.0,True,True,0.0,0.0,pass,ok,0.28127500048140064,5.77391704916954,11333434,CI.WES.--,1
deterministic_noise,21342,ok,,0.0,True,True,0.0,0.0,pass,ok,0.2812849915935658,5.748788051307201,11333434,CI.WES.--,1
scale2,21342,ok,,0.0,True,True,0.0,0.0,pass,ok,0.07734229345078347,4.363433877006173,11333434,CI.SNR.--,2
deterministic_noise,21342,ok,,0.0,True,True,0.0,0.0,pass,ok,0.07733571599965217,4.390690144151449,11333434,CI.SNR.--,2
scale2,24921,ok,,0.0,True,True,0.0,0.0,pass,ok,0.14622338701155968,6.498760223388672,11339938,CI.SWS.--,0
deterministic_noise,24921,ok,,0.0,True,True,0.0,0.0,pass,ok,0.14751275788876228,6.660022020339966,11339938,CI.SWS.--,0
scale2,24921,ok,,0.0,True,True,0.0,0.0,pass,ok,0.08226410683710128,5.549360990524292,11339938,CI.ERR.--,1
deterministic_noise,24921,ok,,0.0,True,True,0.0,0.0,pass,ok,0.08221519354265183,5.698859453201294,11339938,CI.ERR.--,1
scale2,20955,ok,,0.0,True,True,0.0,0.0,pass,ok,0.11465460879117018,4.959905117750168,11340186,CI.DRE.--,0
deterministic_noise,20955,ok,,0.0,True,True,0.0,0.0,pass,ok,0.11465230512112612,4.8466013967990875,11340186,CI.DRE.--,0
scale2,20955,ok,,0.0,True,True,0.0,0.0,pass,ok,0.08071649576027085,4.399668568978086,11340186,CI.SNR.--,1
deterministic_noise,20955,ok,,0.0,True,True,0.0,0.0,pass,ok,0.08071413879792999,4.406814222922549,11340186,CI.SNR.--,1
scale2,22158,ok,,0.0,True,True,0.0,0.0,pass,ok,0.12503151180771965,4.831696629524231,11347530,CI.VOG.--,0
deterministic_noise,22158,ok,,0.0,True,True,0.0,0.0,pass,ok,0.12502807793589454,4.847387807443738,11347530,CI.VOG.--,0
scale2,22158,ok,,0.0,True,True,0.0,0.0,pass,ok,0.0853428425907623,4.627362370491028,11347530,CI.RCT.--,1
deterministic_noise,22158,ok,,0.0,True,True,0.0,0.0,pass,ok,0.08532707815174945,4.404236063361168,11347530,CI.RCT.--,1
scale2,23988,ok,,0.0,True,True,0.0,0.0,pass,ok,0.25301980786025524,7.316720962524414,11347906,CI.IKP.--,0
deterministic_noise,23988,ok,,0.0,True,True,0.0,0.0,pass,ok,0.2528931815177202,7.667645215988159,11347906,CI.IKP.--,0
scale2,23988,ok,,0.0,True,True,0.0,0.0,pass,ok,0.08853845874546096,5.068639099597931,11347906,CI.JEM.--,1
deterministic_noise,23988,ok,,0.0,True,True,0.0,0.0,pass,ok,0.08847167511703447,5.176167905330658,11347906,CI.JEM.--,1
scale2,22071,ok,,0.0,True,True,0.0,0.0,pass,ok,0.11177508434047922,5.351929068565369,15397857,CI.DRE.--,0
deterministic_noise,22071,ok,,0.0,True,True,0.0,0.0,pass,ok,0.11176363477716222,5.360200583934784,15397857,CI.DRE.--,0
scale2,22071,ok,,0.0,True,True,0.0,0.0,pass,ok,0.08035889843085897,4.390847938135266,15397857,CI.SNR.--,1
deterministic_noise,22071,ok,,0.0,True,True,0.0,0.0,pass,ok,0.08035234531780588,4.422505719587207,15397857,CI.SNR.--,1
scale2,24945,ok,,0.0,True,True,0.0,0.0,pass,ok,0.06827778942533769,5.25796902179718,11362618,CI.CLC.--,0
deterministic_noise,24945,ok,,0.0,True,True,0.0,0.0,pass,ok,0.06841174684814177,5.304474115371704,11362618,CI.CLC.--,0
scale2,24945,ok,,0.0,True,True,0.0,0.0,pass,ok,0.1096816302742809,5.877354979515076,11362618,CI.JRC2.--,1
deterministic_noise,24945,ok,,0.0,True,True,0.0,0.0,pass,ok,0.10991278872825205,6.144839882850647,11362618,CI.JRC2.--,1
scale2,22638,ok,,0.0,True,True,0.0,0.0,pass,ok,0.11312447232194245,6.868170738220215,11364370,CI.DRE.--,0
deterministic_noise,22638,ok,,0.0,True,True,0.0,0.0,pass,ok,0.11308330553583801,6.9798736572265625,11364370,CI.DRE.--,0
scale2,22638,ok,,0.0,True,True,0.0,0.0,pass,ok,0.08217517349112313,5.272060036659241,11364370,CI.SNR.--,1
deterministic_noise,22638,ok,,0.0,True,True,0.0,0.0,pass,ok,0.08213733074080665,5.066120862960815,11364370,CI.SNR.--,1
scale2,21834,ok,,0.0,True,True,0.0,0.0,pass,ok,0.08224193723435747,4.457318786531687,11367474,CI.SNR.--,0
deterministic_noise,21834,ok,,0.0,True,True,0.0,0.0,pass,ok,0.08224282442097319,4.44008132815361,11367474,CI.SNR.--,0
scale2,21834,ok,,0.0,True,True,0.0,0.0,pass,ok,0.29330159942037426,5.958744466304779,11367474,CI.WES.--,1
deterministic_noise,21834,ok,,0.0,True,True,0.0,0.0,pass,ok,0.2932948001252953,5.826008141040802,11367474,CI.WES.--,1
scale2,21111,ok,,0.0,True,True,0.0,0.0,pass,ok,0.08874235295297694,4.536349646747112,11369546,CI.SNR.--,0
deterministic_noise,21111,ok,,0.0,True,True,0.0,0.0,pass,ok,0.08873648203370976,4.457470543682575,11369546,CI.SNR.--,0
scale2,21111,ok,,0.0,True,True,0.0,0.0,pass,ok,0.31590566408704035,6.0386083126068115,11369546,CI.WES.--,1
deterministic_noise,21111,ok,,0.0,True,True,0.0,0.0,pass,ok,0.3159079216711689,5.743558056652546,11369546,CI.WES.--,1
scale2,21381,ok,,0.0,True,True,0.0,0.0,pass,ok,0.0242956660076743,3.3569073528051376,11372194,CI.OLP.--,0
deterministic_noise,21381,ok,,0.0,True,True,0.0,0.0,pass,ok,0.024286321611725725,3.282691463828087,11372194,CI.OLP.--,0
scale2,21294,ok,,0.0,True,True,0.0,0.0,pass,ok,0.04087927757791476,3.7150356993079185,11372194,CI.SDG.--,1
deterministic_noise,21381,ok,,0.0,True,True,0.0,0.0,pass,ok,0.04088815108843846,3.754758335649967,11372194,CI.SDG.--,1
scale2,21450,ok,,0.0,True,True,0.0,0.0,pass,ok,0.02360559700173326,3.4079973697662354,11372242,CI.OLP.--,0
deterministic_noise,21450,ok,,0.0,True,True,0.0,0.0,pass,ok,0.023612548800883815,3.3294000029563904,11372242,CI.OLP.--,0
scale2,21371,ok,,0.0,True,True,0.0,0.0,pass,ok,0.03960357469622977,3.893017455935478,11372242,CI.SDG.--,1
deterministic_noise,21450,ok,,0.0,True,True,0.0,0.0,pass,ok,0.039603089418960735,3.7078465819358826,11372242,CI.SDG.--,1
scale2,22188,ok,,0.0,True,True,0.0,0.0,pass,ok,0.0831999571310007,4.641403138637543,11375090,CI.SNR.--,0
deterministic_noise,22188,ok,,0.0,True,True,0.0,0.0,pass,ok,0.0832026882781065,4.542169958353043,11375090,CI.SNR.--,0
scale2,22188,ok,,0.0,True,True,0.0,0.0,pass,ok,0.2940494989597937,5.926363110542297,11375090,CI.WES.--,1
deterministic_noise,22188,ok,,0.0,True,True,0.0,0.0,pass,ok,0.2940315330779413,5.897303149104118,11375090,CI.WES.--,1
scale2,25133,ok,,0.0,True,True,0.0,0.0,pass,ok,0.12344024959020317,6.701737642288208,11377554,CI.RXH.--,0
deterministic_noise,25134,ok,,0.0,True,True,0.0,0.0,pass,ok,0.12324101594276726,6.844482183456421,11377554,CI.RXH.--,0
scale2,25134,ok,,0.0,True,True,0.0,0.0,pass,ok,0.06284798143315129,5.265660047531128,11377554,CI.ERR.--,1
deterministic_noise,25134,ok,,0.0,True,True,0.0,0.0,pass,ok,0.0627827325661201,5.416396379470825,11377554,CI.ERR.--,1
scale2,25124,ok,,0.0,True,True,0.0,0.0,pass,ok,0.13800165709108114,7.473164796829224,11377986,CI.RXH.--,0
deterministic_noise,25125,ok,,0.0,True,True,0.0,0.0,pass,ok,0.13683431688696146,7.404415607452393,11377986,CI.RXH.--,0
scale2,25125,ok,,0.0,True,True,0.0,0.0,pass,ok,0.06999250978697091,5.5995259284973145,11377986,CI.ERR.--,1
deterministic_noise,25125,ok,,0.0,True,True,0.0,0.0,pass,ok,0.06988165050279349,5.298996329307556,11377986,CI.ERR.--,1
scale2,23946,ok,,0.0,True,True,0.0,0.0,pass,ok,0.08453984587686136,6.287699937820435,11378394,CI.JRC2.--,0
deterministic_noise,23946,ok,,0.0,True,True,0.0,0.0,pass,ok,0.08471277327043936,6.152565121650696,11378394,CI.JRC2.--,0
scale2,23946,ok,,0.0,True,True,0.0,0.0,pass,ok,0.09233114635571837,6.5955421924591064,11378394,CI.CWC.--,1
deterministic_noise,23946,ok,,0.0,True,True,0.0,0.0,pass,ok,0.09229911351576447,6.263455867767334,11378394,CI.CWC.--,1
scale2,22305,ok,,0.0,True,True,0.0,0.0,pass,ok,0.0915223506744951,4.467203617095947,11381170,CI.SNR.--,0
deterministic_noise,22305,ok,,0.0,True,True,0.0,0.0,pass,ok,0.09151630871929228,4.609568350017071,11381170,CI.SNR.--,0
scale2,22305,ok,,0.0,True,True,0.0,0.0,pass,ok,0.3221832932467805,5.744064550846815,11381170,CI.WES.--,1
deterministic_noise,22305,ok,,0.0,True,True,0.0,0.0,pass,ok,0.32218401417776477,5.812376756221056,11381170,CI.WES.--,1
scale2,21642,ok,,0.0,True,True,0.0,0.0,pass,ok,0.09173665132311726,4.5442119697108865,11382378,CI.SNR.--,0
deterministic_noise,21642,ok,,0.0,True,True,0.0,0.0,pass,ok,0.09173372451277828,4.515283956192434,11382378,CI.SNR.--,0
scale2,21642,ok,,0.0,True,True,0.0,0.0,pass,ok,0.32244215578612057,5.835592608898878,11382378,CI.WES.--,1
deterministic_noise,21642,ok,,0.0,True,True,0.0,0.0,pass,ok,0.32244341402474674,5.722451824694872,11382378,CI.WES.--,1
scale2,21498,ok,,0.0,True,True,0.0,0.0,pass,ok,0.0840668913879199,4.590080082416534,11384370,CI.SNR.--,0
deterministic_noise,21498,ok,,0.0,True,True,0.0,0.0,pass,ok,0.08406785754777957,4.687286376953125,11384370,CI.SNR.--,0
scale2,21498,ok,,0.0,True,True,0.0,0.0,pass,ok,0.2950156726037676,5.895876407623291,11384370,CI.WES.--,1
deterministic_noise,21498,ok,,0.0,True,True,0.0,0.0,pass,ok,0.2950063250864332,5.906992703676224,11384370,CI.WES.--,1
scale2,22050,ok,,0.0,True,True,0.0,0.0,pass,ok,0.08447600527506438,4.537797510623932,11388610,CI.SNR.--,0
deterministic_noise,22050,ok,,0.0,True,True,0.0,0.0,pass,ok,0.08447712288398179,4.465301036834717,11388610,CI.SNR.--,0
scale2,22050,ok,,0.0,True,True,0.0,0.0,pass,ok,0.29516904852789594,6.040337800979614,11388610,CI.WES.--,1
deterministic_noise,22050,ok,,0.0,True,True,0.0,0.0,pass,ok,0.29515916802483844,6.139867901802063,11388610,CI.WES.--,1
scale2,20970,ok,,0.0,True,True,0.0,0.0,pass,ok,0.04962174187312485,3.9568550251424313,11389202,CI.RCT.--,1
deterministic_noise,20970,ok,,0.0,True,True,0.0,0.0,pass,ok,0.04959921945919632,3.8914621211588383,11389202,CI.RCT.--,1
scale2,20970,ok,,0.0,True,True,0.0,0.0,pass,ok,0.06536712152592372,4.407352268695831,11389202,CI.PHL.--,2
deterministic_noise,20970,ok,,0.0,True,True,0.0,0.0,pass,ok,0.06536914008029271,4.320342153310776,11389202,CI.PHL.--,2
scale2,21681,ok,,0.0,True,True,0.0,0.0,pass,ok,0.10558600490912795,5.169193387031555,11393506,CI.DRE.--,0
deterministic_noise,21681,ok,,0.0,True,True,0.0,0.0,pass,ok,0.10557619715109468,5.302588582038879,11393506,CI.DRE.--,0
scale2,21681,ok,,0.0,True,True,0.0,0.0,pass,ok,0.08954116983295535,4.5616816356778145,11393506,CI.SNR.--,1
deterministic_noise,21681,ok,,0.0,True,True,0.0,0.0,pass,ok,0.08953743146776105,4.449885956943035,11393506,CI.SNR.--,1
scale2,22596,ok,,0.0,True,True,0.0,0.0,pass,ok,0.07824986195191741,6.138367414474487,15443537,CI.CAR.--,0
deterministic_noise,22596,ok,,0.0,True,True,0.0,0.0,pass,ok,0.07827704632654786,6.488659858703613,15443537,CI.CAR.--,0
scale2,22596,ok,,0.0,True,True,0.0,0.0,pass,ok,0.057867916533723474,5.748006820678711,15443537,CI.SMM.--,1
deterministic_noise,22596,ok,,0.0,True,True,0.0,0.0,pass,ok,0.05795560567639768,5.912609577178955,15443537,CI.SMM.--,1
scale2,22065,ok,,0.0,True,True,0.0,0.0,pass,ok,0.09432792203733698,5.252476215362549,15446921,CI.DRE.--,0
deterministic_noise,22065,ok,,0.0,True,True,0.0,0.0,pass,ok,0.09430954320123419,5.320999205112457,15446921,CI.DRE.--,0
scale2,22065,ok,,0.0,True,True,0.0,0.0,pass,ok,0.28825068146761623,5.738762781023979,15446921,CI.WES.--,1
deterministic_noise,22065,ok,,0.0,True,True,0.0,0.0,pass,ok,0.28824413149777683,5.841769337654114,15446921,CI.WES.--,1
scale2,23985,ok,,0.0,True,True,0.0,0.0,pass,ok,0.04711410775780678,6.177332162857056,15447161,CI.JRC2.--,0
deterministic_noise,23985,ok,,0.0,True,True,0.0,0.0,pass,ok,0.04718098882585764,6.309468746185303,15447161,CI.JRC2.--,0
scale2,23985,ok,,0.0,True,True,0.0,0.0,pass,ok,0.09191764518618584,7.4862236976623535,15447161,CI.CWC.--,1
deterministic_noise,23985,ok,,0.0,True,True,0.0,0.0,pass,ok,0.09179631993174553,7.665838241577148,15447161,CI.CWC.--,1
scale2,21633,ok,,0.0,True,True,0.0,0.0,pass,ok,0.09743010196689283,4.9489447474479675,11406722,CI.DRE.--,0
deterministic_noise,21633,ok,,0.0,True,True,0.0,0.0,pass,ok,0.09742670562263811,4.870690166950226,11406722,CI.DRE.--,0
scale2,21633,ok,,0.0,True,True,0.0,0.0,pass,ok,0.08779876301559852,4.46089506149292,11406722,CI.SNR.--,1
deterministic_noise,21633,ok,,0.0,True,True,0.0,0.0,pass,ok,0.08779510488238884,4.531683713197708,11406722,CI.SNR.--,1
scale2,20976,ok,,0.0,True,True,0.0,0.0,pass,ok,0.09361170983356715,4.532391782850027,11417914,CI.VOG.--,0
deterministic_noise,20976,ok,,0.0,True,True,0.0,0.0,pass,ok,0.09360887104230642,4.567140821367502,11417914,CI.VOG.--,0
scale2,20976,ok,,0.0,True,True,0.0,0.0,pass,ok,0.05801861936197383,4.137866552919149,11417914,CI.PHL.--,1
deterministic_noise,20976,ok,,0.0,True,True,0.0,0.0,pass,ok,0.058023774829052854,4.098602131009102,11417914,CI.PHL.--,1
scale2,25035,ok,,0.0,True,True,0.0,0.0,pass,ok,0.16309766424819827,6.53737473487854,11418410,CI.TEH.--,0
deterministic_noise,25035,ok,,0.0,True,True,0.0,0.0,pass,ok,0.16372768627479672,6.4037686586380005,11418410,CI.TEH.--,0
scale2,25035,ok,,0.0,True,True,0.0,0.0,pass,ok,0.10393842682242393,6.264341831207275,11418410,CI.TEJ.--,1
deterministic_noise,25035,ok,,0.0,True,True,0.0,0.0,pass,ok,0.10388944670557976,7.308506488800049,11418410,CI.TEJ.--,1
scale2,24069,ok,,0.0,True,True,0.0,0.0,pass,ok,0.08083278967387741,4.763676822185516,11419778,CI.SCZ2.--,0
deterministic_noise,24069,ok,,0.0,True,True,0.0,0.0,pass,ok,0.08084097223036224,4.745262682437897,11419778,CI.SCZ2.--,0
scale2,24069,ok,,0.0,True,True,0.0,0.0,pass,ok,0.03521108032146003,4.0346033573150635,11419778,CI.SBC.--,1
deterministic_noise,24069,ok,,0.0,True,True,0.0,0.0,pass,ok,0.03520321696123574,4.07108473777771,11419778,CI.SBC.--,1
scale2,24246,ok,,0.0,True,True,0.0,0.0,pass,ok,0.2860390229616314,7.695270776748657,11420466,CI.WES.--,0
deterministic_noise,24246,ok,,0.0,True,True,0.0,0.0,pass,ok,0.28593528433702886,7.404095649719238,11420466,CI.WES.--,0
scale2,24246,ok,,0.0,True,True,0.0,0.0,pass,ok,0.1477752592181787,5.758657217025757,11420466,CI.COK2.--,1
deterministic_noise,24246,ok,,0.0,True,True,0.0,0.0,pass,ok,0.14782546798232943,5.882797300815582,11420466,CI.COK2.--,1
scale2,22470,ok,,0.0,True,True,0.0,0.0,pass,ok,0.24502340130129596,5.682985216379166,11421970,CI.IKP.--,0
deterministic_noise,22470,ok,,0.0,True,True,0.0,0.0,pass,ok,0.2450110150166438,5.610486298799515,11421970,CI.IKP.--,0
scale2,22470,ok,,0.0,True,True,0.0,0.0,pass,ok,0.2868353077064967,6.00453981757164,11421970,CI.WES.--,1
deterministic_noise,22470,ok,,0.0,True,True,0.0,0.0,pass,ok,0.2868228308070684,5.904597610235214,11421970,CI.WES.--,1
scale2,24440,ok,,0.0,True,True,0.0,0.0,pass,ok,0.09517581691034138,6.340470552444458,37189912,CI.TEJ.--,0
deterministic_noise,24441,ok,,0.0,True,True,0.0,0.0,pass,ok,0.09487254242412746,6.527099370956421,37189912,CI.TEJ.--,0
scale2,24441,ok,,0.0,True,True,0.0,0.0,pass,ok,0.07445693152840249,4.506563484668732,37189912,CI.ARV.--,1
deterministic_noise,24441,ok,,0.0,True,True,0.0,0.0,pass,ok,0.07444812965695746,4.435031861066818,37189912,CI.ARV.--,1
scale2,25134,ok,,0.0,True,True,0.0,0.0,pass,ok,0.1378725934191607,7.5845115184783936,15481681,CI.OLI.--,0
deterministic_noise,25134,ok,,0.0,True,True,0.0,0.0,pass,ok,0.13702262757578865,7.630207061767578,15481681,CI.OLI.--,0
scale2,25134,ok,,0.0,True,True,0.0,0.0,pass,ok,0.08945545903407037,6.3035149574279785,15481681,CI.FUL.--,1
deterministic_noise,25134,ok,,0.0,True,True,0.0,0.0,pass,ok,0.08951112278737128,6.260234832763672,15481681,CI.FUL.--,1
scale2,25086,ok,,0.0,True,True,0.0,0.0,pass,ok,0.13667724654078484,7.648542165756226,15484513,CI.OLI.--,0
deterministic_noise,25086,ok,,0.0,True,True,0.0,0.0,pass,ok,0.13596032932400703,7.182070255279541,15484513,CI.OLI.--,0
scale2,25086,ok,,0.0,True,True,0.0,0.0,pass,ok,0.08779307850636542,6.498449325561523,15484513,CI.FUL.--,1
deterministic_noise,25086,ok,,0.0,True,True,0.0,0.0,pass,ok,0.08791753253899515,6.6016576290130615,15484513,CI.FUL.--,1
scale2,24651,ok,,0.0,True,True,0.0,0.0,pass,ok,0.08084451826289296,5.81811785697937,15485145,CI.LGU.--,0
deterministic_noise,24651,ok,,0.0,True,True,0.0,0.0,pass,ok,0.08099816320464015,5.807488441467285,15485145,CI.LGU.--,0
scale2,24651,ok,,0.0,True,True,0.0,0.0,pass,ok,0.07292908962699585,5.4479899406433105,15485145,CI.AGO.--,1
deterministic_noise,24651,ok,,0.0,True,True,0.0,0.0,pass,ok,0.07283883009222336,5.596009373664856,15485145,CI.AGO.--,1
scale2,24594,ok,,0.0,True,True,0.0,0.0,pass,ok,0.29072958772303537,8.044093608856201,37213512,CI.WES.--,0
deterministic_noise,24594,ok,,0.0,True,True,0.0,0.0,pass,ok,0.29041689092991874,7.848654747009277,37213512,CI.WES.--,0
scale2,24594,ok,,0.0,True,True,0.0,0.0,pass,ok,0.153412239451427,5.963778495788574,37213512,CI.COK2.--,1
deterministic_noise,24594,ok,,0.0,True,True,0.0,0.0,pass,ok,0.15346737037179992,6.048542737960815,37213512,CI.COK2.--,1
scale2,24429,ok,,0.0,True,True,0.0,0.0,pass,ok,0.1752971955575049,5.978951513767242,37214944,CI.TEH.--,0
deterministic_noise,24429,ok,,0.0,True,True,0.0,0.0,pass,ok,0.17533338582143188,6.203710436820984,37214944,CI.TEH.--,0
scale2,24429,ok,,0.0,True,True,0.0,0.0,pass,ok,0.1152521995245479,5.426630616188049,37214944,CI.ISA.--,1
deterministic_noise,24429,ok,,0.0,True,True,0.0,0.0,pass,ok,0.11522029811749235,5.30553925037384,37214944,CI.ISA.--,1
scale2,22341,ok,,0.0,True,True,0.0,0.0,pass,ok,0.11406296875793487,5.169390976428986,15504753,CI.DRE.--,0
deterministic_noise,22341,ok,,0.0,True,True,0.0,0.0,pass,ok,0.1142754441825673,5.352793335914612,15504753,CI.DRE.--,0
scale2,22341,ok,,0.0,True,True,0.0,0.0,pass,ok,0.09112844041374046,4.668410420417786,15504753,CI.SNR.--,1
deterministic_noise,22341,ok,,0.0,True,True,0.0,0.0,pass,ok,0.09112013706180733,4.483783975243568,15504753,CI.SNR.--,1
scale2,20841,ok,,0.0,True,True,0.0,0.0,pass,ok,0.1191297066052357,4.961979925632477,15507505,CI.DRE.--,0
deterministic_noise,20841,ok,,0.0,True,True,0.0,0.0,pass,ok,0.11916806133194768,4.908955603837967,15507505,CI.DRE.--,0
scale2,20841,ok,,0.0,True,True,0.0,0.0,pass,ok,0.09171023121325561,4.520351877436042,15507505,CI.SNR.--,1
deterministic_noise,20841,ok,,0.0,True,True,0.0,0.0,pass,ok,0.09170753607304505,4.538576612249017,15507505,CI.SNR.--,1
scale2,22296,ok,,0.0,True,True,0.0,0.0,pass,ok,0.06503026698919712,4.322537153959274,37235984,CI.CAR.--,0
deterministic_noise,22296,ok,,0.0,True,True,0.0,0.0,pass,ok,0.0650227912774426,4.232391022145748,37235984,CI.CAR.--,0
scale2,22296,ok,,0.0,True,True,0.0,0.0,pass,ok,0.06149211981028202,4.168984297662973,37235984,CI.SMM.--,1
deterministic_noise,22296,ok,,0.0,True,True,0.0,0.0,pass,ok,0.061504366913140984,4.101292248815298,37235984,CI.SMM.--,1
scale2,22281,ok,,0.0,True,True,0.0,0.0,pass,ok,0.06481025325774681,4.357134118676186,37236296,CI.CAR.--,0
deterministic_noise,22281,ok,,0.0,True,True,0.0,0.0,pass,ok,0.06480459911108483,4.251102387905121,37236296,CI.CAR.--,0
scale2,22281,ok,,0.0,True,True,0.0,0.0,pass,ok,0.06165156037786801,4.164280712604523,37236296,CI.SMM.--,1
deterministic_noise,22281,ok,,0.0,True,True,0.0,0.0,pass,ok,0.06166515229961078,4.1111127734184265,37236296,CI.SMM.--,1
scale2,24390,ok,,0.0,True,True,0.0,0.0,pass,ok,0.11683630710467696,5.857367157936096,37238128,CI.JRC2.--,0
deterministic_noise,24390,ok,,0.0,True,True,0.0,0.0,pass,ok,0.11699483776465058,6.046995997428894,37238128,CI.JRC2.--,0
scale2,24390,ok,,0.0,True,True,0.0,0.0,pass,ok,0.035886664234567434,3.8184186816215515,37238128,CI.WLH2.--,1
deterministic_noise,24390,ok,,0.0,True,True,0.0,0.0,pass,ok,0.03591130644781515,3.8014086186885834,37238128,CI.WLH2.--,1
scale2,24381,ok,,0.0,True,True,0.0,0.0,pass,ok,0.11330239952076226,6.127175450325012,37238872,CI.JRC2.--,0
deterministic_noise,24381,ok,,0.0,True,True,0.0,0.0,pass,ok,0.1134224486304447,6.139630198478699,37238872,CI.JRC2.--,0
scale2,24381,ok,,0.0,True,True,0.0,0.0,pass,ok,0.034329143702052534,3.678989291191101,37238872,CI.WLH2.--,1
deterministic_noise,24381,ok,,0.0,True,True,0.0,0.0,pass,ok,0.03433433419559151,3.8045078217983246,37238872,CI.WLH2.--,1
scale2,24384,ok,,0.0,True,True,0.0,0.0,pass,ok,0.11108164599863812,5.922925591468811,15521265,CI.JRC2.--,0
deterministic_noise,24384,ok,,0.0,True,True,0.0,0.0,pass,ok,0.11123834439786151,6.212552905082703,15521265,CI.JRC2.--,0
scale2,24384,ok,,0.0,True,True,0.0,0.0,pass,ok,0.03338547644671053,3.771734058856964,15521265,CI.WLH2.--,1
deterministic_noise,24384,ok,,0.0,True,True,0.0,0.0,pass,ok,0.03340399789158255,3.8487477004528046,15521265,CI.WLH2.--,1
scale2,24363,ok,,0.0,True,True,0.0,0.0,pass,ok,0.11698965716641396,6.584336996078491,15521601,CI.JRC2.--,0
deterministic_noise,24363,ok,,0.0,True,True,0.0,0.0,pass,ok,0.11722417932469398,6.007932066917419,15521601,CI.JRC2.--,0
scale2,24363,ok,,0.0,True,True,0.0,0.0,pass,ok,0.03540324806817807,4.0056538581848145,15521601,CI.WLH2.--,1
deterministic_noise,24363,ok,,0.0,True,True,0.0,0.0,pass,ok,0.03541161477915011,4.073522925376892,15521601,CI.WLH2.--,1
scale2,25244,ok,,0.0,True,True,0.0,0.0,pass,ok,0.18485919572412968,8.37299633026123,15523545,CI.RXH.--,0
deterministic_noise,25245,ok,,0.0,True,True,0.0,0.0,pass,ok,0.18379520438611507,8.46921443939209,15523545,CI.RXH.--,0
scale2,25245,ok,,0.0,True,True,0.0,0.0,pass,ok,0.17334046540781856,6.493167161941528,15523545,CI.WWF.--,1
deterministic_noise,25245,ok,,0.0,True,True,0.0,0.0,pass,ok,0.17333335103467107,6.800741910934448,15523545,CI.WWF.--,1
scale2,22581,ok,,0.0,True,True,0.0,0.0,pass,ok,0.06442872644402087,4.369608208537102,15525225,CI.SMM.--,1
deterministic_noise,22581,ok,,0.0,True,True,0.0,0.0,pass,ok,0.06443888484500349,4.091238081455231,15525225,CI.SMM.--,1
scale2,22581,ok,,0.0,True,True,0.0,0.0,pass,ok,0.22721830106456764,5.5672872215509415,15525225,CI.CRG.--,2
deterministic_noise,22581,ok,,0.0,True,True,0.0,0.0,pass,ok,0.22722941540996544,5.603282272815704,15525225,CI.CRG.--,2
scale2,21294,ok,,0.0,True,True,0.0,0.0,pass,ok,0.07720707864064025,4.421921044588089,15527401,CI.SGL.--,1
deterministic_noise,21294,ok,,0.0,True,True,0.0,0.0,pass,ok,0.07720488547784043,4.296770304441452,15527401,CI.SGL.--,1
scale2,21294,ok,,0.0,True,True,0.0,0.0,pass,ok,0.12076258336128376,5.008545994758606,15527401,CI.DRE.--,2
deterministic_noise,21294,ok,,0.0,True,True,0.0,0.0,pass,ok,0.1207427265781007,5.041955292224884,15527401,CI.DRE.--,2
scale2,22521,ok,,0.0,True,True,0.0,0.0,pass,ok,0.07530743194365641,4.370184376835823,15527633,CI.SGL.--,0
deterministic_noise,22521,ok,,0.0,True,True,0.0,0.0,pass,ok,0.07529899912333349,4.4428190141916275,15527633,CI.SGL.--,0
scale2,22521,ok,,0.0,True,True,0.0,0.0,pass,ok,0.11779685326473555,6.032940983772278,15527633,CI.DRE.--,1
deterministic_noise,22521,ok,,0.0,True,True,0.0,0.0,pass,ok,0.1177849470768706,5.893836140632629,15527633,CI.DRE.--,1
scale2,23982,ok,,0.0,True,True,0.0,0.0,pass,ok,0.14368218323215842,6.637864351272583,37248544,CI.CRR.--,0
deterministic_noise,23982,ok,,0.0,True,True,0.0,0.0,pass,ok,0.14363874355331063,6.674089431762695,37248544,CI.CRR.--,0
scale2,23982,ok,,0.0,True,True,0.0,0.0,pass,ok,0.26315445348154753,6.9717525243759155,37248544,CI.IKP.--,1
deterministic_noise,23982,ok,,0.0,True,True,0.0,0.0,pass,ok,0.26310625032056123,7.14860999584198,37248544,CI.IKP.--,1
scale2,22233,ok,,0.0,True,True,0.0,0.0,pass,ok,0.0332274542452069,3.6890099197626114,37248888,CI.SDG.--,0
deterministic_noise,22233,ok,,0.0,True,True,0.0,0.0,pass,ok,0.03323118451226037,3.4479950070381165,37248888,CI.SDG.--,0
scale2,22233,ok,,0.0,True,True,0.0,0.0,pass,ok,0.02080830984050408,3.2777085304260254,37248888,CI.OLP.--,1
deterministic_noise,22233,ok,,0.0,True,True,0.0,0.0,pass,ok,0.020812792179640383,3.447730630636215,37248888,CI.OLP.--,1
scale2,22485,ok,,0.0,True,True,0.0,0.0,pass,ok,0.11422378566931002,4.887271225452423,37249624,CI.EMS.--,0
deterministic_noise,22485,ok,,0.0,True,True,0.0,0.0,pass,ok,0.11423555764486082,4.974300280213356,37249624,CI.EMS.--,0
scale2,22485,ok,,0.0,True,True,0.0,0.0,pass,ok,0.08228605431941105,4.366255592554808,37249624,CI.SGL.--,1
deterministic_noise,22485,ok,,0.0,True,True,0.0,0.0,pass,ok,0.0822849403557484,4.478292632848024,37249624,CI.SGL.--,1
scale2,22978,ok,,0.0,True,True,0.0,0.0,pass,ok,0.05912707974493969,4.473817348480225,15531937,CI.SOF.--,0
deterministic_noise,23007,ok,,0.0,True,True,0.0,0.0,pass,ok,0.05911961714446079,4.541667938232422,15531937,CI.SOF.--,0
scale2,23007,ok,,0.0,True,True,0.0,0.0,pass,ok,0.09974145783053245,4.77912911772728,15531937,CI.GOR.--,1
deterministic_noise,23007,ok,,0.0,True,True,0.0,0.0,pass,ok,0.09975043790473137,4.713499873876572,15531937,CI.GOR.--,1
scale2,21486,ok,,0.0,True,True,0.0,0.0,pass,ok,0.07989052832272137,4.449569705873728,15532569,CI.SGL.--,1
deterministic_noise,21486,ok,,0.0,True,True,0.0,0.0,pass,ok,0.079887470601534,4.347083330154419,15532569,CI.SGL.--,1
scale2,21486,ok,,0.0,True,True,0.0,0.0,pass,ok,0.12231453949061688,5.119773060083389,15532569,CI.DRE.--,2
deterministic_noise,21486,ok,,0.0,True,True,0.0,0.0,pass,ok,0.12230450964125339,5.015470623970032,15532569,CI.DRE.--,2
scale2,22206,ok,,0.0,True,True,0.0,0.0,pass,ok,0.05604993641463807,3.9931092746555805,15534209,CI.CAR.--,0
deterministic_noise,22206,ok,,0.0,True,True,0.0,0.0,pass,ok,0.056046566962322686,4.094684552401304,15534209,CI.CAR.--,0
scale2,22206,ok,,0.0,True,True,0.0,0.0,pass,ok,0.07048494378250325,4.195742137730122,15534209,CI.SMM.--,1
deterministic_noise,22206,ok,,0.0,True,True,0.0,0.0,pass,ok,0.07049638023454463,4.343390457332134,15534209,CI.SMM.--,1
scale2,24372,ok,,0.0,True,True,0.0,0.0,pass,ok,0.04242072714259848,3.9836339354515076,15537393,CI.WRV2.--,0
deterministic_noise,24372,ok,,0.0,True,True,0.0,0.0,pass,ok,0.04246094363043085,4.1340137124061584,15537393,CI.WRV2.--,0
scale2,24369,ok,,0.0,True,True,0.0,0.0,pass,ok,0.12645828136010095,5.253542184829712,15537393,CI.JRC2.--,2
deterministic_noise,24369,ok,,0.0,True,True,0.0,0.0,pass,ok,0.12654723814921454,5.115907520055771,15537393,CI.JRC2.--,2
scale2,22203,ok,,0.0,True,True,0.0,0.0,pass,ok,0.12939449582245288,4.8584932163357735,37259016,CI.EMS.--,0
deterministic_noise,22203,ok,,0.0,True,True,0.0,0.0,pass,ok,0.12939900722358288,4.882670514285564,37259016,CI.EMS.--,0
scale2,22200,ok,,0.0,True,True,0.0,0.0,pass,ok,0.08570401465112809,4.539149031043053,37259016,CI.SGL.--,1
deterministic_noise,22200,ok,,0.0,True,True,0.0,0.0,pass,ok,0.08570312614028808,4.4537671357393265,37259016,CI.SGL.--,1
scale2,22275,ok,,0.0,True,True,0.0,0.0,pass,ok,0.12998269613308366,4.875040099024773,37259944,CI.EMS.--,0
deterministic_noise,22275,ok,,0.0,True,True,0.0,0.0,pass,ok,0.12999538962321822,4.907882768660784,37259944,CI.EMS.--,0
scale2,22275,ok,,0.0,True,True,0.0,0.0,pass,ok,0.07899576032650657,4.522690296173096,37259944,CI.SGL.--,1
deterministic_noise,22275,ok,,0.0,True,True,0.0,0.0,pass,ok,0.07898939048754983,4.601653665304184,37259944,CI.SGL.--,1
scale2,24744,ok,,0.0,True,True,0.0,0.0,pass,ok,0.0783162978477776,6.546682119369507,37264592,CI.SGL.--,0
deterministic_noise,24744,ok,,0.0,True,True,0.0,0.0,pass,ok,0.07850492326542735,6.4561426639556885,37264592,CI.SGL.--,0
scale2,24744,ok,,0.0,True,True,0.0,0.0,pass,ok,0.0956042967736721,5.968390941619873,37264592,CI.YUH2.--,1
deterministic_noise,24744,ok,,0.0,True,True,0.0,0.0,pass,ok,0.09582804515957832,5.814155578613281,37264592,CI.YUH2.--,1
scale2,21660,ok,,0.0,True,True,0.0,0.0,pass,ok,0.03370114843710326,3.9902222752571106,37265488,CI.SDG.--,0
deterministic_noise,21660,ok,,0.0,True,True,0.0,0.0,pass,ok,0.033700573636451736,3.8370624780654907,37265488,CI.SDG.--,0
scale2,21660,ok,,0.0,True,True,0.0,0.0,pass,ok,0.012851197679992765,3.516280770301819,37265488,CI.OLP.--,1
deterministic_noise,21660,ok,,0.0,True,True,0.0,0.0,pass,ok,0.012899660097900778,3.4214786291122437,37265488,CI.OLP.--,1
scale2,24762,ok,,0.0,True,True,0.0,0.0,pass,ok,0.13922904812716297,6.33992612361908,37268088,CI.WNM.--,0
deterministic_noise,24762,ok,,0.0,True,True,0.0,0.0,pass,ok,0.13910844541169354,6.305843472480774,37268088,CI.WNM.--,0
scale2,24762,ok,,0.0,True,True,0.0,0.0,pass,ok,0.08299809508025646,6.712785005569458,37268088,CI.WVP2.--,2
deterministic_noise,24762,ok,,0.0,True,True,0.0,0.0,pass,ok,0.08261704631149769,6.749112129211426,37268088,CI.WVP2.--,2
scale2,25179,ok,,0.0,True,True,0.0,0.0,pass,ok,0.04639100865460932,5.106356978416443,37042559,CI.WRV2.--,0
deterministic_noise,25179,ok,,0.0,True,True,0.0,0.0,pass,ok,0.046699529280886054,5.258728504180908,37042559,CI.WRV2.--,0
scale2,25179,ok,,0.0,True,True,0.0,0.0,pass,ok,0.11179147602524608,7.0445802211761475,37042559,CI.JRC2.--,1
deterministic_noise,25179,ok,,0.0,True,True,0.0,0.0,pass,ok,0.1132958015659824,6.703057765960693,37042559,CI.JRC2.--,1
scale2,22921,ok,,0.0,True,True,0.0,0.0,pass,ok,0.12891018175287172,5.526360511779785,37045495,CI.EMS.--,0
deterministic_noise,22921,ok,,0.0,True,True,0.0,0.0,pass,ok,0.12894691742258146,5.5637818574905396,37045495,CI.EMS.--,0
scale2,22920,ok,,0.0,True,True,0.0,0.0,pass,ok,0.13422676344634965,6.33588969707489,37045495,CI.DRE.--,1
deterministic_noise,22920,ok,,0.0,True,True,0.0,0.0,pass,ok,0.1341718194889836,6.393985629081726,37045495,CI.DRE.--,1
scale2,23046,ok,,0.0,True,True,0.0,0.0,pass,ok,0.13782542065018788,5.1084334552288055,37045511,CI.EMS.--,0
deterministic_noise,23046,ok,,0.0,True,True,0.0,0.0,pass,ok,0.13785439118510112,5.1034601628780365,37045511,CI.EMS.--,0
scale2,23046,ok,,0.0,True,True,0.0,0.0,pass,ok,0.1201051136595197,5.769683480262756,37045511,CI.DRE.--,1
deterministic_noise,23046,ok,,0.0,True,True,0.0,0.0,pass,ok,0.12008946778951213,5.836334586143494,37045511,CI.DRE.--,1
scale2,22023,ok,,0.0,True,True,0.0,0.0,pass,ok,0.1271366564477603,4.854627416934818,37047927,CI.EMS.--,0
deterministic_noise,22023,ok,,0.0,True,True,0.0,0.0,pass,ok,0.12714039404738742,4.851596070919186,37047927,CI.EMS.--,0
scale2,22023,ok,,0.0,True,True,0.0,0.0,pass,ok,0.08568322146493301,4.483807843178511,37047927,CI.SGL.--,1
deterministic_noise,22023,ok,,0.0,True,True,0.0,0.0,pass,ok,0.08568155532520905,4.440693575888872,37047927,CI.SGL.--,1
scale2,22023,ok,,0.0,True,True,0.0,0.0,pass,ok,0.12916150087039568,4.8359497264027596,37281064,CI.EMS.--,0
deterministic_noise,22023,ok,,0.0,True,True,0.0,0.0,pass,ok,0.1291729719050636,4.901690177619457,37281064,CI.EMS.--,0
scale2,22023,ok,,0.0,True,True,0.0,0.0,pass,ok,0.07542627585644368,4.39911412447691,37281064,CI.SGL.--,1
deterministic_noise,22023,ok,,0.0,True,True,0.0,0.0,pass,ok,0.07542282807116862,4.303449347615242,37281064,CI.SGL.--,1
scale2,25185,ok,,0.0,True,True,0.0,0.0,pass,ok,0.043416709057055414,4.826653718948364,37067415,CI.WRV2.--,0
deterministic_noise,25185,ok,,0.0,True,True,0.0,0.0,pass,ok,0.04400889913085848,4.99365496635437,37067415,CI.WRV2.--,0
scale2,25182,ok,,0.0,True,True,0.0,0.0,pass,ok,0.060505100060254335,6.240038633346558,37067415,CI.JRC2.--,1
deterministic_noise,25182,ok,,0.0,True,True,0.0,0.0,pass,ok,0.0627814861945808,5.914598226547241,37067415,CI.JRC2.--,1
scale2,25356,ok,,0.0,True,True,0.0,0.0,pass,ok,0.05589934065937996,6.229005336761475,37298672,CI.RXH.--,0
deterministic_noise,25356,ok,,0.0,True,True,0.0,0.0,pass,ok,0.05896858870983124,5.846352577209473,37298672,CI.RXH.--,0
scale2,25356,ok,,0.0,True,True,0.0,0.0,pass,ok,0.16800338122993708,7.711270332336426,37298672,CI.WWF.--,1
deterministic_noise,25356,ok,,0.0,True,True,0.0,0.0,pass,ok,0.1679579010233283,7.699510335922241,37298672,CI.WWF.--,1
scale2,25326,ok,,0.0,True,True,0.0,0.0,pass,ok,0.05092981830239296,6.30081844329834,37298680,CI.RXH.--,0
deterministic_noise,25326,ok,,0.0,True,True,0.0,0.0,pass,ok,0.048967352136969566,6.280566215515137,37298680,CI.RXH.--,0
scale2,25326,ok,,0.0,True,True,0.0,0.0,pass,ok,0.16659727273508906,6.787075638771057,37298680,CI.WWF.--,1
deterministic_noise,25326,ok,,0.0,True,True,0.0,0.0,pass,ok,0.16658351244404912,6.734535813331604,37298680,CI.WWF.--,1
scale2,24927,ok,,0.0,True,True,0.0,0.0,pass,ok,0.030728351383004338,3.931053340435028,37300496,CI.OSI.--,0
deterministic_noise,24927,ok,,0.0,True,True,0.0,0.0,pass,ok,0.03059757681330666,4.0966662764549255,37300496,CI.OSI.--,0
scale2,24927,ok,,0.0,True,True,0.0,0.0,pass,ok,0.03234638553112745,4.9956992864608765,37300496,CI.BTP.--,1
deterministic_noise,24927,ok,,0.0,True,True,0.0,0.0,pass,ok,0.03203331399708986,4.93985652923584,37300496,CI.BTP.--,1
scale2,24912,ok,,0.0,True,True,0.0,0.0,pass,ok,0.030329192290082574,4.3514240980148315,37301696,CI.OSI.--,0
deterministic_noise,24912,ok,,0.0,True,True,0.0,0.0,pass,ok,0.03018139093182981,4.138538599014282,37301696,CI.OSI.--,0
scale2,24912,ok,,0.0,True,True,0.0,0.0,pass,ok,0.03582550410646945,4.905245542526245,37301696,CI.BTP.--,1
deterministic_noise,24912,ok,,0.0,True,True,0.0,0.0,pass,ok,0.03564620565157384,4.863914847373962,37301696,CI.BTP.--,1
scale2,24936,ok,,0.0,True,True,0.0,0.0,pass,ok,0.1018912666477263,7.082507610321045,37309768,CI.DRE.--,0
deterministic_noise,24936,ok,,0.0,True,True,0.0,0.0,pass,ok,0.10165211325511336,7.1454689502716064,37309768,CI.DRE.--,0
scale2,24936,ok,,0.0,True,True,0.0,0.0,pass,ok,0.08599033579230309,6.553037405014038,37309768,CI.SNR.--,1
deterministic_noise,24936,ok,,0.0,True,True,0.0,0.0,pass,ok,0.0860888622701168,6.556538105010986,37309768,CI.SNR.--,1
scale2,22962,ok,,0.0,True,True,0.0,0.0,pass,ok,0.09894927419372834,4.682578921318054,37312792,CI.EMS.--,0
deterministic_noise,22962,ok,,0.0,True,True,0.0,0.0,pass,ok,0.09896379880956374,4.820359528064728,37312792,CI.EMS.--,0
scale2,22962,ok,,0.0,True,True,0.0,0.0,pass,ok,0.11622399766929448,5.393970429897308,37312792,CI.DRE.--,1
deterministic_noise,22962,ok,,0.0,True,True,0.0,0.0,pass,ok,0.11630103806965053,5.462620139122009,37312792,CI.DRE.--,1
scale2,22176,ok,,0.0,True,True,0.0,0.0,pass,ok,0.10795848270572606,4.661152068525553,37315720,CI.EMS.--,0
deterministic_noise,22176,ok,,0.0,True,True,0.0,0.0,pass,ok,0.10796586970172939,4.720849808305502,37315720,CI.EMS.--,0
scale2,22173,ok,,0.0,True,True,0.0,0.0,pass,ok,0.06313821904768702,4.315997928380966,37315720,CI.SGL.--,1
deterministic_noise,22173,ok,,0.0,True,True,0.0,0.0,pass,ok,0.06312371559033636,4.0617346316576,37315720,CI.SGL.--,1
scale2,21462,ok,,0.0,True,True,0.0,0.0,pass,ok,0.04242273425188614,3.799533098936081,37104391,CI.SDG.--,0
deterministic_noise,21462,ok,,0.0,True,True,0.0,0.0,pass,ok,0.04242979357513832,3.875151738524437,37104391,CI.SDG.--,0
scale2,21462,ok,,0.0,True,True,0.0,0.0,pass,ok,0.030278373538749292,3.509454160928726,37104391,CI.OLP.--,1
deterministic_noise,21462,ok,,0.0,True,True,0.0,0.0,pass,ok,0.030276132718427107,3.687792122364044,37104391,CI.OLP.--,1
scale2,21195,ok,,0.0,True,True,0.0,0.0,pass,ok,0.12434332202246878,4.8797873593866825,37350360,CI.VOG.--,0
deterministic_noise,21195,ok,,0.0,True,True,0.0,0.0,pass,ok,0.12434157599636819,4.782311525195837,37350360,CI.VOG.--,0
scale2,21195,ok,,0.0,True,True,0.0,0.0,pass,ok,0.08057719562202692,4.548957675695419,37350360,CI.PHL.--,1
deterministic_noise,21195,ok,,0.0,True,True,0.0,0.0,pass,ok,0.08057670202106237,4.258333694189787,37350360,CI.PHL.--,1
scale2,21249,ok,,0.0,True,True,0.0,0.0,pass,ok,0.11088858636503574,4.821391388773918,37350568,CI.VOG.--,0
deterministic_noise,21249,ok,,0.0,True,True,0.0,0.0,pass,ok,0.11088152138108853,4.923055469989777,37350568,CI.VOG.--,0
scale2,21249,ok,,0.0,True,True,0.0,0.0,pass,ok,0.07206681894604117,5.3719834089279175,37350568,CI.PHL.--,1
deterministic_noise,21249,ok,,0.0,True,True,0.0,0.0,pass,ok,0.07208453339990228,5.2258535623550415,37350568,CI.PHL.--,1
scale2,23172,ok,,0.0,True,True,0.0,0.0,pass,ok,0.12121374862908851,5.185598433017731,37354952,CI.EMS.--,0
deterministic_noise,23172,ok,,0.0,True,True,0.0,0.0,pass,ok,0.12123765093565453,4.950854390859604,37354952,CI.EMS.--,0
scale2,23172,ok,,0.0,True,True,0.0,0.0,pass,ok,0.11430454952642322,6.401991963386536,37354952,CI.DRE.--,1
deterministic_noise,23172,ok,,0.0,True,True,0.0,0.0,pass,ok,0.11427227454259992,6.431237101554871,37354952,CI.DRE.--,1
scale2,22695,ok,,0.0,True,True,0.0,0.0,pass,ok,0.11457634344696999,7.015017986297607,37359304,CI.DRE.--,1
deterministic_noise,22695,ok,,0.0,True,True,0.0,0.0,pass,ok,0.11592001095414162,6.981782674789429,37359304,CI.DRE.--,1
scale2,22695,ok,,0.0,True,True,0.0,0.0,pass,ok,0.0782428785587399,5.073756098747253,37359304,CI.COA.--,2
deterministic_noise,22695,ok,,0.0,True,True,0.0,0.0,pass,ok,0.07831772869576525,5.080804526805878,37359304,CI.COA.--,2
scale2,23118,ok,,0.0,True,True,0.0,0.0,pass,ok,0.11976088469964452,5.049925982952118,37359312,CI.EMS.--,0
deterministic_noise,23118,ok,,0.0,True,True,0.0,0.0,pass,ok,0.11982379967230372,5.292777478694916,37359312,CI.EMS.--,0
scale2,23118,ok,,0.0,True,True,0.0,0.0,pass,ok,0.11473036167444661,6.332784175872803,37359312,CI.DRE.--,1
deterministic_noise,23118,ok,,0.0,True,True,0.0,0.0,pass,ok,0.11512512358603999,6.457926034927368,37359312,CI.DRE.--,1
scale2,25170,ok,,0.0,True,True,0.0,0.0,pass,ok,0.10086489468812943,7.358483552932739,37137764,CI.RXH.--,0
deterministic_noise,25170,ok,,0.0,True,True,0.0,0.0,pass,ok,0.09815197438001633,7.295837163925171,37137764,CI.RXH.--,0
scale2,25170,ok,,0.0,True,True,0.0,0.0,pass,ok,0.08750183368101716,6.0549681186676025,37137764,CI.WMD.--,1
deterministic_noise,25170,ok,,0.0,True,True,0.0,0.0,pass,ok,0.0875950581394136,6.21525502204895,37137764,CI.WMD.--,1
scale2,22809,ok,,0.0,True,True,0.0,0.0,pass,ok,0.12653381080599502,5.075072526931763,37385072,CI.EMS.--,0
deterministic_noise,22809,ok,,0.0,True,True,0.0,0.0,pass,ok,0.12655603437451646,4.856401011347771,37385072,CI.EMS.--,0
scale2,22809,ok,,0.0,True,True,0.0,0.0,pass,ok,0.11305783419811632,5.5858147740364075,37385072,CI.DRE.--,1
deterministic_noise,22809,ok,,0.0,True,True,0.0,0.0,pass,ok,0.11303440005576704,5.486741304397583,37385072,CI.DRE.--,1
scale2,22887,ok,,0.0,True,True,0.0,0.0,pass,ok,0.12641800031997263,5.010244086384773,37385088,CI.EMS.--,0
deterministic_noise,22887,ok,,0.0,True,True,0.0,0.0,pass,ok,0.12644628598354757,4.829614967107773,37385088,CI.EMS.--,0
scale2,22887,ok,,0.0,True,True,0.0,0.0,pass,ok,0.11315718037076294,5.446100473403931,37385088,CI.DRE.--,1
deterministic_noise,22887,ok,,0.0,True,True,0.0,0.0,pass,ok,0.11332171666435897,5.4997944831848145,37385088,CI.DRE.--,1
scale2,22365,ok,,0.0,True,True,0.0,0.0,pass,ok,0.06330908739346341,4.159930003574118,37388832,CI.SGL.--,0
deterministic_noise,22365,ok,,0.0,True,True,0.0,0.0,pass,ok,0.06330309903842135,4.179603934288025,37388832,CI.SGL.--,0
scale2,22365,ok,,0.0,True,True,0.0,0.0,pass,ok,0.1276955227003782,4.877260187640786,37388832,CI.EMS.--,1
deterministic_noise,22365,ok,,0.0,True,True,0.0,0.0,pass,ok,0.12770206531422446,4.837689420208335,37388832,CI.EMS.--,1
scale2,22383,ok,,0.0,True,True,0.0,0.0,pass,ok,0.06331084234989248,4.353861153125763,37388864,CI.SGL.--,0
deterministic_noise,22383,ok,,0.0,True,True,0.0,0.0,pass,ok,0.06330429451190867,4.295916318893433,37388864,CI.SGL.--,0
scale2,22383,ok,,0.0,True,True,0.0,0.0,pass,ok,0.12771976902149618,5.3147706389427185,37388864,CI.EMS.--,1
deterministic_noise,22383,ok,,0.0,True,True,0.0,0.0,pass,ok,0.127731820801273,4.989608556032181,37388864,CI.EMS.--,1
scale2,24951,ok,,0.0,True,True,0.0,0.0,pass,ok,0.06392709352076054,6.6049089431762695,37392152,CI.TOW2.--,0
deterministic_noise,24951,ok,,0.0,True,True,0.0,0.0,pass,ok,0.06439273897558451,6.728374481201172,37392152,CI.TOW2.--,0
scale2,24951,ok,,0.0,True,True,0.0,0.0,pass,ok,0.07420573965646327,5.652210831642151,37392152,CI.CLC.--,1
deterministic_noise,24951,ok,,0.0,True,True,0.0,0.0,pass,ok,0.0742916704621166,5.821388125419617,37392152,CI.CLC.--,1
scale2,24969,ok,,0.0,True,True,0.0,0.0,pass,ok,0.06703685177490115,6.599083185195923,37392440,CI.TOW2.--,0
deterministic_noise,24969,ok,,0.0,True,True,0.0,0.0,pass,ok,0.06715640518814325,6.836123943328857,37392440,CI.TOW2.--,0
scale2,24969,ok,,0.0,True,True,0.0,0.0,pass,ok,0.0760101837804541,5.484214425086975,37392440,CI.CLC.--,1
deterministic_noise,24969,ok,,0.0,True,True,0.0,0.0,pass,ok,0.0760480078170076,5.440330266952515,37392440,CI.CLC.--,1
scale2,24942,ok,,0.0,True,True,0.0,0.0,pass,ok,0.06889764312654734,6.731753587722778,37393840,CI.TOW2.--,0
deterministic_noise,24942,ok,,0.0,True,True,0.0,0.0,pass,ok,0.0694590276107192,6.7473437786102295,37393840,CI.TOW2.--,0
scale2,24942,ok,,0.0,True,True,0.0,0.0,pass,ok,0.07837946782819927,5.565152406692505,37393840,CI.CLC.--,1
deterministic_noise,24942,ok,,0.0,True,True,0.0,0.0,pass,ok,0.07846679468639195,5.595928907394409,37393840,CI.CLC.--,1
scale2,22845,ok,,0.0,True,True,0.0,0.0,pass,ok,0.14659954292073962,4.955000378191471,37194935,CI.EMS.--,0
deterministic_noise,22845,ok,,0.0,True,True,0.0,0.0,pass,ok,0.14661565738424542,5.034293502569199,37194935,CI.EMS.--,0
scale2,22845,ok,,0.0,True,True,0.0,0.0,pass,ok,0.12079605052713305,5.725144267082214,37194935,CI.DRE.--,1
deterministic_noise,22845,ok,,0.0,True,True,0.0,0.0,pass,ok,0.12077317794319242,5.540490388870239,37194935,CI.DRE.--,1
scale2,21159,ok,,0.0,True,True,0.0,0.0,pass,ok,0.029524746954848524,3.7025416493415833,37228879,CI.SDG.--,0
deterministic_noise,21159,ok,,0.0,True,True,0.0,0.0,pass,ok,0.029532414257118944,3.600142389535904,37228879,CI.SDG.--,0
scale2,21156,ok,,0.0,True,True,0.0,0.0,pass,ok,0.0162220005877316,3.4948095083236694,37228879,CI.OLP.--,1
deterministic_noise,21159,ok,,0.0,True,True,0.0,0.0,pass,ok,0.016196949873119593,3.4802780747413635,37228879,CI.OLP.--,1
scale2,22335,ok,,0.0,True,True,0.0,0.0,pass,ok,0.07288165521458723,4.393114373087883,37229351,CI.SMM.--,0
deterministic_noise,22335,ok,,0.0,True,True,0.0,0.0,pass,ok,0.07288367170258425,4.332841157913208,37229351,CI.SMM.--,0
scale2,22335,ok,,0.0,True,True,0.0,0.0,pass,ok,0.04820968455896946,3.9938969761133194,37229351,CI.CAR.--,1
deterministic_noise,22335,ok,,0.0,True,True,0.0,0.0,pass,ok,0.048206434927124064,3.9068029820919037,37229351,CI.CAR.--,1
scale2,25086,ok,,0.0,True,True,0.0,0.0,pass,ok,0.07673598919063807,7.130091905593872,37243311,CI.IMP.--,0
deterministic_noise,25086,ok,,0.0,True,True,0.0,0.0,pass,ok,0.08039285894483328,7.065352439880371,37243311,CI.IMP.--,0
scale2,25086,ok,,0.0,True,True,0.0,0.0,pass,ok,0.08183240014477633,5.237307906150818,37243311,CI.WMD.--,1
deterministic_noise,25086,ok,,0.0,True,True,0.0,0.0,pass,ok,0.0818606702669058,5.214033246040344,37243311,CI.WMD.--,1
scale2,22710,ok,,0.0,True,True,0.0,0.0,pass,ok,0.1554956712134299,5.141120910644531,37254543,CI.EMS.--,0
deterministic_noise,22710,ok,,0.0,True,True,0.0,0.0,pass,ok,0.15551391464396147,5.14469388872385,37254543,CI.EMS.--,0
scale2,22710,ok,,0.0,True,True,0.0,0.0,pass,ok,0.12008417525794357,5.717616438865662,37254543,CI.DRE.--,1
deterministic_noise,22710,ok,,0.0,True,True,0.0,0.0,pass,ok,0.1200606661150232,5.7512229681015015,37254543,CI.DRE.--,1
scale2,23571,ok,,0.0,True,True,0.0,0.0,pass,ok,0.07810963224619627,6.050617456436157,37264615,CI.SGL.--,0
deterministic_noise,23571,ok,,0.0,True,True,0.0,0.0,pass,ok,0.07807185221463442,6.385886192321777,37264615,CI.SGL.--,0
scale2,23571,ok,,0.0,True,True,0.0,0.0,pass,ok,0.1180017044825945,5.734822988510132,37264615,CI.DRE.--,1
deterministic_noise,23571,ok,,0.0,True,True,0.0,0.0,pass,ok,0.11799469831748866,5.970162868499756,37264615,CI.DRE.--,1
scale2,24912,ok,,0.0,True,True,0.0,0.0,pass,ok,0.11298513505607843,6.38556694984436,37265103,CI.SWS.--,0
deterministic_noise,24912,ok,,0.0,True,True,0.0,0.0,pass,ok,0.11227168049663305,6.460222482681274,37265103,CI.SWS.--,0
scale2,24912,ok,,0.0,True,True,0.0,0.0,pass,ok,0.18295999709516764,7.513445854187012,37265103,CI.COK2.--,1
deterministic_noise,24912,ok,,0.0,True,True,0.0,0.0,pass,ok,0.18323833402246237,7.349855184555054,37265103,CI.COK2.--,1
scale2,21843,ok,,0.0,True,True,0.0,0.0,pass,ok,0.14506207658268977,5.171089738607407,37485376,CI.EMS.--,0
deterministic_noise,21843,ok,,0.0,True,True,0.0,0.0,pass,ok,0.1450753782846732,4.910817250609398,37485376,CI.EMS.--,0
scale2,21843,ok,,0.0,True,True,0.0,0.0,pass,ok,0.0890470529157028,4.522284233942628,37485376,CI.COA.--,1
deterministic_noise,21843,ok,,0.0,True,True,0.0,0.0,pass,ok,0.08905601406513597,4.51319957524538,37485376,CI.COA.--,1
scale2,23001,ok,,0.0,True,True,0.0,0.0,pass,ok,0.07475830119801685,4.304000791162252,37500960,CI.SGL.--,0
deterministic_noise,23001,ok,,0.0,True,True,0.0,0.0,pass,ok,0.07473258423851803,4.4400095120072365,37500960,CI.SGL.--,0
scale2,23001,ok,,0.0,True,True,0.0,0.0,pass,ok,0.11680879519553855,5.229037284851074,37500960,CI.DRE.--,1
deterministic_noise,23001,ok,,0.0,True,True,0.0,0.0,pass,ok,0.11679494305280969,5.150516450405121,37500960,CI.DRE.--,1
scale2,22968,ok,,0.0,True,True,0.0,0.0,pass,ok,0.1255783347223769,4.898403041064739,37501352,CI.EMS.--,0
deterministic_noise,22968,ok,,0.0,True,True,0.0,0.0,pass,ok,0.12558894773974316,4.783403046429157,37501352,CI.EMS.--,0
scale2,22965,ok,,0.0,True,True,0.0,0.0,pass,ok,0.11980842385673895,5.081648349761963,37501352,CI.DRE.--,1
deterministic_noise,22965,ok,,0.0,True,True,0.0,0.0,pass,ok,0.11978763755178079,5.102887213230133,37501352,CI.DRE.--,1
scale2,23031,ok,,0.0,True,True,0.0,0.0,pass,ok,0.11608436533424538,4.893840909004211,37502072,CI.EMS.--,0
deterministic_noise,23031,ok,,0.0,True,True,0.0,0.0,pass,ok,0.11609687826421577,4.910401105880737,37502072,CI.EMS.--,0
scale2,23031,ok,,0.0,True,True,0.0,0.0,pass,ok,0.11873705281939806,6.233543395996094,37502072,CI.DRE.--,1
deterministic_noise,23031,ok,,0.0,True,True,0.0,0.0,pass,ok,0.11867666647705732,6.316934823989868,37502072,CI.DRE.--,1
scale2,21696,ok,,0.0,True,True,0.0,0.0,pass,ok,0.11295672701089643,4.918548420071602,37286727,CI.EMS.--,0
deterministic_noise,21696,ok,,0.0,True,True,0.0,0.0,pass,ok,0.11297385199577548,5.0284044444561005,37286727,CI.EMS.--,0
scale2,21696,ok,,0.0,True,True,0.0,0.0,pass,ok,0.07823975717838039,4.410930585116148,37286727,CI.SGL.--,1
deterministic_noise,21696,ok,,0.0,True,True,0.0,0.0,pass,ok,0.07822121346180211,4.33379178121686,37286727,CI.SGL.--,1
scale2,21669,ok,,0.0,True,True,0.0,0.0,pass,ok,0.12053138356895943,4.776427270844579,37286815,CI.EMS.--,0
deterministic_noise,21669,ok,,0.0,True,True,0.0,0.0,pass,ok,0.12053762782124977,4.823968885466456,37286815,CI.EMS.--,0
scale2,21669,ok,,0.0,True,True,0.0,0.0,pass,ok,0.07392321006364,4.321408070623875,37286815,CI.SGL.--,1
deterministic_noise,21669,ok,,0.0,True,True,0.0,0.0,pass,ok,0.07391951008730757,4.311469756066799,37286815,CI.SGL.--,1
scale2,24630,ok,,0.0,True,True,0.0,0.0,pass,ok,0.11856493819504976,6.666008710861206,37295831,CI.LRL.--,0
deterministic_noise,24630,ok,,0.0,True,True,0.0,0.0,pass,ok,0.11858049314469099,6.562088251113892,37295831,CI.LRL.--,0
scale2,24630,ok,,0.0,True,True,0.0,0.0,pass,ok,0.06968695999239571,5.6747190952301025,37295831,CI.DTP.--,1
deterministic_noise,24630,ok,,0.0,True,True,0.0,0.0,pass,ok,0.06955848305369727,5.6725914478302,37295831,CI.DTP.--,1
scale2,23121,ok,,0.0,True,True,0.0,0.0,pass,ok,0.0800542237375339,4.3493213802576065,37296015,CI.SGL.--,0
deterministic_noise,23121,ok,,0.0,True,True,0.0,0.0,pass,ok,0.08003793636817136,4.440713867545128,37296015,CI.SGL.--,0
scale2,23121,ok,,0.0,True,True,0.0,0.0,pass,ok,0.11236267420463264,5.347662508487701,37296015,CI.DRE.--,1
deterministic_noise,23121,ok,,0.0,True,True,0.0,0.0,pass,ok,0.11236011488654185,5.197694838047028,37296015,CI.DRE.--,1
scale2,23069,ok,,0.0,True,True,0.0,0.0,pass,ok,0.11786720779491588,5.054842054843903,37299799,CI.EMS.--,0
deterministic_noise,23069,ok,,0.0,True,True,0.0,0.0,pass,ok,0.11789530637906864,5.212593644857407,37299799,CI.EMS.--,0
scale2,23067,ok,,0.0,True,True,0.0,0.0,pass,ok,0.11930153204593807,5.84542715549469,37299799,CI.DRE.--,1
deterministic_noise,23067,ok,,0.0,True,True,0.0,0.0,pass,ok,0.11948687897529453,5.949148058891296,37299799,CI.DRE.--,1
scale2,22662,ok,,0.0,True,True,0.0,0.0,pass,ok,0.08483143817284144,5.187589943408966,37523376,CI.CAR.--,0
deterministic_noise,22662,ok,,0.0,True,True,0.0,0.0,pass,ok,0.08483701277873479,5.13647586107254,37523376,CI.CAR.--,0
scale2,22662,ok,,0.0,True,True,0.0,0.0,pass,ok,0.17271840473404154,6.266749024391174,37523376,CI.CRG.--,1
deterministic_noise,22662,ok,,0.0,True,True,0.0,0.0,pass,ok,0.17278835276374593,6.041956901550293,37523376,CI.CRG.--,1
scale2,24405,ok,,0.0,True,True,0.0,0.0,pass,ok,0.04708378581563011,4.685692310333252,37526720,CI.MPM.--,0
deterministic_noise,24405,ok,,0.0,True,True,0.0,0.0,pass,ok,0.04690134705742821,4.788403153419495,37526720,CI.MPM.--,0
scale2,24405,ok,,0.0,True,True,0.0,0.0,pass,ok,0.11399985066964291,4.980690121650696,37526720,CI.WCS2.--,1
deterministic_noise,24405,ok,,0.0,True,True,0.0,0.0,pass,ok,0.11402671076939441,5.082746982574463,37526720,CI.WCS2.--,1
scale2,24972,ok,,0.0,True,True,0.0,0.0,pass,ok,0.07033689087256789,6.111903429031372,37312311,CI.SGL.--,0
deterministic_noise,24972,ok,,0.0,True,True,0.0,0.0,pass,ok,0.06875598663464189,6.023510217666626,37312311,CI.SGL.--,0
scale2,24972,ok,,0.0,True,True,0.0,0.0,pass,ok,0.3079347169259563,8.143005609512329,37312311,CI.WES.--,1
deterministic_noise,24972,ok,,0.0,True,True,0.0,0.0,pass,ok,0.3086015129229054,8.115503311157227,37312311,CI.WES.--,1
scale2,21837,ok,,0.0,True,True,0.0,0.0,pass,ok,0.13320053644565633,4.913529586046934,37538432,CI.EMS.--,0
deterministic_noise,21837,ok,,0.0,True,True,0.0,0.0,pass,ok,0.13320778779598186,4.885194588452578,37538432,CI.EMS.--,0
scale2,21834,ok,,0.0,True,True,0.0,0.0,pass,ok,0.09682818523651804,4.575653858948499,37538432,CI.COA.--,1
deterministic_noise,21834,ok,,0.0,True,True,0.0,0.0,pass,ok,0.09683040508025442,4.590794257353991,37538432,CI.COA.--,1
scale2,24828,ok,,0.0,True,True,0.0,0.0,pass,ok,0.11065866844728589,6.74590277671814,37548408,CI.WCS2.--,0
deterministic_noise,24828,ok,,0.0,True,True,0.0,0.0,pass,ok,0.11061458988115191,6.823606014251709,37548408,CI.WCS2.--,0
scale2,24828,ok,,0.0,True,True,0.0,0.0,pass,ok,0.07880602590739727,6.431381702423096,37548408,CI.WRC2.--,1
deterministic_noise,24828,ok,,0.0,True,True,0.0,0.0,pass,ok,0.07858013547956944,6.324498414993286,37548408,CI.WRC2.--,1
scale2,22920,ok,,0.0,True,True,0.0,0.0,pass,ok,0.1381902941793669,5.240705609321594,37139548,CI.EMS.--,0
deterministic_noise,22920,ok,,0.0,True,True,0.0,0.0,pass,ok,0.13823195311124437,5.24082350730896,37139548,CI.EMS.--,0
scale2,22920,ok,,0.0,True,True,0.0,0.0,pass,ok,0.12612089652884606,5.223249971866608,37139548,CI.DRE.--,1
deterministic_noise,22920,ok,,0.0,True,True,0.0,0.0,pass,ok,0.1262055472625434,5.1363067626953125,37139548,CI.DRE.--,1
scale2,23610,ok,,0.0,True,True,0.0,0.0,pass,ok,0.06594031595159322,4.521093904972076,37566648,CI.CGO.--,0
deterministic_noise,23610,ok,,0.0,True,True,0.0,0.0,pass,ok,0.06593898392748088,4.53144371509552,37566648,CI.CGO.--,0
scale2,23610,ok,,0.0,True,True,0.0,0.0,pass,ok,0.11899486527545378,5.135925740003586,37566648,CI.WCS2.--,1
deterministic_noise,23610,ok,,0.0,True,True,0.0,0.0,pass,ok,0.11900214507477358,5.252251446247101,37566648,CI.WCS2.--,1
scale2,21729,ok,,0.0,True,True,0.0,0.0,pass,ok,0.14522148429387016,5.126266062259674,37577944,CI.EMS.--,0
deterministic_noise,21729,ok,,0.0,True,True,0.0,0.0,pass,ok,0.14523793996340828,5.140566289424896,37577944,CI.EMS.--,0
scale2,21729,ok,,0.0,True,True,0.0,0.0,pass,ok,0.07021338374761399,4.30285981297493,37577944,CI.SGL.--,1
deterministic_noise,21729,ok,,0.0,True,True,0.0,0.0,pass,ok,0.07020926593395416,4.472068771719933,37577944,CI.SGL.--,1
scale2,24207,ok,,0.0,True,True,0.0,0.0,pass,ok,0.10902242129668593,5.563780784606934,37142124,CI.DNR.--,1
deterministic_noise,24207,ok,,0.0,True,True,0.0,0.0,pass,ok,0.10900871688500047,5.653844594955444,37142124,CI.DNR.--,1
scale2,24207,ok,,0.0,True,True,0.0,0.0,pass,ok,0.09996329783461988,4.833604335784912,37142124,CI.PMD.--,2
deterministic_noise,24207,ok,,0.0,True,True,0.0,0.0,pass,ok,0.09996771276928484,4.883137434720993,37142124,CI.PMD.--,2
scale2,24333,ok,,0.0,True,True,0.0,0.0,pass,ok,0.030579574406147003,4.03882372379303,37374719,CI.BOR.--,0
deterministic_noise,24333,ok,,0.0,True,True,0.0,0.0,pass,ok,0.030509652569890022,4.213618278503418,37374719,CI.BOR.--,0
scale2,24333,ok,,0.0,True,True,0.0,0.0,pass,ok,0.11346779208543012,5.968745827674866,37374719,CI.DNR.--,1
deterministic_noise,24333,ok,,0.0,True,True,0.0,0.0,pass,ok,0.11343171257612994,6.03284227848053,37374719,CI.DNR.--,1
scale2,24774,ok,,0.0,True,True,0.0,0.0,pass,ok,0.09722091566072777,6.429352521896362,37387567,CI.WMD.--,0
deterministic_noise,24774,ok,,0.0,True,True,0.0,0.0,pass,ok,0.09727509011281654,6.320800542831421,37387567,CI.WMD.--,0
scale2,24774,ok,,0.0,True,True,0.0,0.0,pass,ok,0.09807886242924724,4.8848362267017365,37387567,CI.SNR.--,1
deterministic_noise,24774,ok,,0.0,True,True,0.0,0.0,pass,ok,0.09805561542452779,4.891679227352142,37387567,CI.SNR.--,1
scale2,24939,ok,,0.0,True,True,0.0,0.0,pass,ok,0.07814650610089302,7.3581862449646,37622848,CI.IMP.--,0
deterministic_noise,24939,ok,,0.0,True,True,0.0,0.0,pass,ok,0.08233406767249107,6.9095618724823,37622848,CI.IMP.--,0
scale2,24939,ok,,0.0,True,True,0.0,0.0,pass,ok,0.0983906676992774,7.3365020751953125,37622848,CI.SNR.--,1
deterministic_noise,24939,ok,,0.0,True,True,0.0,0.0,pass,ok,0.09748428408056498,7.445583820343018,37622848,CI.SNR.--,1
scale2,24222,ok,,0.0,True,True,0.0,0.0,pass,ok,0.13566271535819396,5.662070035934448,37413567,CI.TFT.--,0
deterministic_noise,24222,ok,,0.0,True,True,0.0,0.0,pass,ok,0.135610033350531,5.726776361465454,37413567,CI.TFT.--,0
scale2,24222,ok,,0.0,True,True,0.0,0.0,pass,ok,0.07396312605123967,5.311662673950195,37413567,CI.BCW.--,1
deterministic_noise,24222,ok,,0.0,True,True,0.0,0.0,pass,ok,0.07395667780656368,5.484604358673096,37413567,CI.BCW.--,1
scale2,24783,ok,,0.0,True,True,0.0,0.0,pass,ok,0.11394644342362881,6.882437229156494,37417111,CI.SYN.--,0
deterministic_noise,24783,ok,,0.0,True,True,0.0,0.0,pass,ok,0.11619115807116032,6.897031545639038,37417111,CI.SYN.--,0
scale2,24783,ok,,0.0,True,True,0.0,0.0,pass,ok,0.03912947000935674,5.243535757064819,37417111,CI.SYP.--,1
deterministic_noise,24783,ok,,0.0,True,True,0.0,0.0,pass,ok,0.0393325793556869,5.50364089012146,37417111,CI.SYP.--,1
scale2,22335,ok,,0.0,True,True,0.0,0.0,pass,ok,0.16146062000916572,5.124177549034357,37647240,CI.EMS.--,0
deterministic_noise,22335,ok,,0.0,True,True,0.0,0.0,pass,ok,0.1614678682453814,5.056737806648016,37647240,CI.EMS.--,0
scale2,22335,ok,,0.0,True,True,0.0,0.0,pass,ok,0.09525365422859977,4.573805782012641,37647240,CI.SGL.--,1
deterministic_noise,22335,ok,,0.0,True,True,0.0,0.0,pass,ok,0.09525226761206795,4.560153511352837,37647240,CI.SGL.--,1
scale2,22068,ok,,0.0,True,True,0.0,0.0,pass,ok,0.17235032333883282,5.130955796688795,37447719,CI.EMS.--,0
deterministic_noise,22068,ok,,0.0,True,True,0.0,0.0,pass,ok,0.17235525832620624,5.179701704531908,37447719,CI.EMS.--,0
scale2,22068,ok,,0.0,True,True,0.0,0.0,pass,ok,0.0869350321154343,4.5075888857245445,37447719,CI.SGL.--,1
deterministic_noise,22068,ok,,0.0,True,True,0.0,0.0,pass,ok,0.08693655212118756,4.539392441511154,37447719,CI.SGL.--,1
scale2,24477,ok,,0.0,True,True,0.0,0.0,pass,ok,0.020731008145958185,4.670699834823608,37449175,CI.CGO.--,0
deterministic_noise,24477,ok,,0.0,True,True,0.0,0.0,pass,ok,0.020854278933256865,4.636349678039551,37449175,CI.CGO.--,0
scale2,24477,ok,,0.0,True,True,0.0,0.0,pass,ok,0.09668717160820961,6.6155784130096436,37449175,CI.CWC.--,1
deterministic_noise,24477,ok,,0.0,True,True,0.0,0.0,pass,ok,0.09700709208846092,6.94102931022644,37449175,CI.CWC.--,1
scale2,25143,ok,,0.0,True,True,0.0,0.0,pass,ok,0.07007581484504044,5.078019142150879,37666480,CI.WRV2.--,0
deterministic_noise,25143,ok,,0.0,True,True,0.0,0.0,pass,ok,0.07042608666233718,5.157338798046112,37666480,CI.WRV2.--,0
scale2,25143,ok,,0.0,True,True,0.0,0.0,pass,ok,0.09670815616846085,6.22463059425354,37666480,CI.WVP2.--,1
deterministic_noise,25143,ok,,0.0,True,True,0.0,0.0,pass,ok,0.09638155251741409,6.333433628082275,37666480,CI.WVP2.--,1
scale2,24465,ok,,0.0,True,True,0.0,0.0,pass,ok,0.016172438394278288,4.235891938209534,37468263,CI.CGO.--,0
deterministic_noise,24465,ok,,0.0,True,True,0.0,0.0,pass,ok,0.016351557802408934,4.427571535110474,37468263,CI.CGO.--,0
scale2,24465,ok,,0.0,True,True,0.0,0.0,pass,ok,0.08680322370491922,6.377191543579102,37468263,CI.CWC.--,1
deterministic_noise,24465,ok,,0.0,True,True,0.0,0.0,pass,ok,0.08682549395598471,6.551743507385254,37468263,CI.CWC.--,1
scale2,24936,ok,,0.0,True,True,0.0,0.0,pass,ok,0.19116132408817066,7.231023073196411,37700544,CI.BOM.--,0
deterministic_noise,24936,ok,,0.0,True,True,0.0,0.0,pass,ok,0.19156412332813488,7.644755125045776,37700544,CI.BOM.--,0
scale2,24936,ok,,0.0,True,True,0.0,0.0,pass,ok,0.1953543652780354,6.710086226463318,37700544,CI.WWF.--,1
deterministic_noise,24936,ok,,0.0,True,True,0.0,0.0,pass,ok,0.19534588558599353,7.079225659370422,37700544,CI.WWF.--,1
scale2,24669,ok,,0.0,True,True,0.0,0.0,pass,ok,0.20652025629533455,6.867398500442505,37382677,CI.WWF.--,1
deterministic_noise,24669,ok,,0.0,True,True,0.0,0.0,pass,ok,0.2063819945906289,7.2325193881988525,37382677,CI.WWF.--,1
scale2,24669,ok,,0.0,True,True,0.0,0.0,pass,ok,0.12846455845283344,6.384537935256958,37382677,CI.RXH.--,2
deterministic_noise,24669,ok,,0.0,True,True,0.0,0.0,pass,ok,0.12836240854812786,6.321733236312866,37382677,CI.RXH.--,2
scale2,24102,ok,,0.0,True,True,0.0,0.0,pass,ok,0.20648111469199648,7.200654745101929,37382749,CI.ERR.--,1
deterministic_noise,24102,ok,,0.0,True,True,0.0,0.0,pass,ok,0.20638094776222715,7.5462727546691895,37382749,CI.ERR.--,1
scale2,24102,ok,,0.0,True,True,0.0,0.0,pass,ok,0.05596795827295864,4.028077349066734,37382749,CI.CLI2.--,2
deterministic_noise,24102,ok,,0.0,True,True,0.0,0.0,pass,ok,0.05596907287690556,4.100976437330246,37382749,CI.CLI2.--,2
scale2,24936,ok,,0.0,True,True,0.0,0.0,pass,ok,0.19667138159275055,8.684788703918457,37701512,CI.BOM.--,0
deterministic_noise,24936,ok,,0.0,True,True,0.0,0.0,pass,ok,0.19531872868537903,8.15344524383545,37701512,CI.BOM.--,0
scale2,24936,ok,,0.0,True,True,0.0,0.0,pass,ok,0.20253074038191698,7.681525468826294,37701512,CI.WWF.--,1
deterministic_noise,24936,ok,,0.0,True,True,0.0,0.0,pass,ok,0.20239263903931715,7.506725549697876,37701512,CI.WWF.--,1
scale2,24903,ok,,0.0,True,True,0.0,0.0,pass,ok,0.20788563968380913,8.026680946350098,37701552,CI.BOM.--,0
deterministic_noise,24903,ok,,0.0,True,True,0.0,0.0,pass,ok,0.20735187648097053,7.89410924911499,37701552,CI.BOM.--,0
scale2,24903,ok,,0.0,True,True,0.0,0.0,pass,ok,0.2113219362217933,6.944267153739929,37701552,CI.WWF.--,1
deterministic_noise,24903,ok,,0.0,True,True,0.0,0.0,pass,ok,0.2112024414818734,6.874879956245422,37701552,CI.WWF.--,1
scale2,24993,ok,,0.0,True,True,0.0,0.0,pass,ok,0.20722488593310118,7.576026678085327,37701856,CI.BOM.--,0
deterministic_noise,24993,ok,,0.0,True,True,0.0,0.0,pass,ok,0.20689985621720552,7.7443883419036865,37701856,CI.BOM.--,0
scale2,24993,ok,,0.0,True,True,0.0,0.0,pass,ok,0.21078014164231718,7.2574615478515625,37701856,CI.WWF.--,1
deterministic_noise,24993,ok,,0.0,True,True,0.0,0.0,pass,ok,0.21066010207869112,6.942362308502197,37701856,CI.WWF.--,1
scale2,21654,ok,,0.0,True,True,0.0,0.0,pass,ok,0.16409760720853228,4.980131268501282,37703976,CI.EMS.--,0
deterministic_noise,21654,ok,,0.0,True,True,0.0,0.0,pass,ok,0.1641042231785832,5.232982039451599,37703976,CI.EMS.--,0
scale2,21654,ok,,0.0,True,True,0.0,0.0,pass,ok,0.10029165843479859,4.641824189573526,37703976,CI.COA.--,1
deterministic_noise,21654,ok,,0.0,True,True,0.0,0.0,pass,ok,0.10029512247092498,4.594217833131552,37703976,CI.COA.--,1
scale2,25083,ok,,0.0,True,True,0.0,0.0,pass,ok,0.08766045770607889,6.4214160442352295,37705224,CI.WRC2.--,0
deterministic_noise,25083,ok,,0.0,True,True,0.0,0.0,pass,ok,0.08771358081139624,6.2702953815460205,37705224,CI.WRC2.--,0
scale2,25083,ok,,0.0,True,True,0.0,0.0,pass,ok,0.08880579588003457,5.610042095184326,37705224,CI.CLC.--,1
deterministic_noise,25083,ok,,0.0,True,True,0.0,0.0,pass,ok,0.08890383574180305,5.637310266494751,37705224,CI.CLC.--,1
scale2,24945,ok,,0.0,True,True,0.0,0.0,pass,ok,0.1913552489131689,7.463145017623901,37707792,CI.BOM.--,0
deterministic_noise,24945,ok,,0.0,True,True,0.0,0.0,pass,ok,0.19181492365896702,7.218324661254883,37707792,CI.BOM.--,0
scale2,24945,ok,,0.0,True,True,0.0,0.0,pass,ok,0.19561294605955482,6.967969179153442,37707792,CI.WWF.--,1
deterministic_noise,24945,ok,,0.0,True,True,0.0,0.0,pass,ok,0.19559826562181115,7.0198187828063965,37707792,CI.WWF.--,1
scale2,25038,ok,,0.0,True,True,0.0,0.0,pass,ok,0.09610556391999125,7.653774738311768,37712704,CI.LCP.--,0
deterministic_noise,25038,ok,,0.0,True,True,0.0,0.0,pass,ok,0.09485190780833364,7.711899042129517,37712704,CI.LCP.--,0
scale2,25038,ok,,0.0,True,True,0.0,0.0,pass,ok,0.12940096855163574,8.021399736404419,37712704,CI.BUE.--,1
deterministic_noise,25038,ok,,0.0,True,True,0.0,0.0,pass,ok,0.12993047386407852,8.336091756820679,37712704,CI.BUE.--,1
scale2,22683,ok,,0.0,True,True,0.0,0.0,pass,ok,0.08688432164672122,4.500894946977496,37718752,CI.SGL.--,0
deterministic_noise,22683,ok,,0.0,True,True,0.0,0.0,pass,ok,0.0868812780809094,4.508995518088341,37718752,CI.SGL.--,0
scale2,22683,ok,,0.0,True,True,0.0,0.0,pass,ok,0.1304011843749322,5.113187611103058,37718752,CI.DRE.--,1
deterministic_noise,22683,ok,,0.0,True,True,0.0,0.0,pass,ok,0.13043847162043676,5.113968372344971,37718752,CI.DRE.--,1
scale2,25110,ok,,0.0,True,True,0.0,0.0,pass,ok,0.1012988742440939,7.063095808029175,37514831,CI.RXH.--,0
deterministic_noise,25110,ok,,0.0,True,True,0.0,0.0,pass,ok,0.10074965842068195,7.060635328292847,37514831,CI.RXH.--,0
scale2,25078,ok,,0.0,True,True,0.0,0.0,pass,ok,0.030821856555121485,4.946533203125,37514831,CI.CLI2.--,1
deterministic_noise,25110,ok,,0.0,True,True,0.0,0.0,pass,ok,0.03134130083344644,5.03195595741272,37514831,CI.CLI2.--,1
scale2,25104,ok,,0.0,True,True,0.0,0.0,pass,ok,0.09996921941637993,7.180277109146118,37514847,CI.RXH.--,0
deterministic_noise,25104,ok,,0.0,True,True,0.0,0.0,pass,ok,0.09959857538342476,7.299548149108887,37514847,CI.RXH.--,0
scale2,25087,ok,,0.0,True,True,0.0,0.0,pass,ok,0.03140146681107581,4.912337779998779,37514847,CI.CLI2.--,1
deterministic_noise,25104,ok,,0.0,True,True,0.0,0.0,pass,ok,0.03196834749542177,5.024820327758789,37514847,CI.CLI2.--,1
scale2,25113,ok,,0.0,True,True,0.0,0.0,pass,ok,0.09982046019285917,6.882873296737671,37514887,CI.RXH.--,0
deterministic_noise,25113,ok,,0.0,True,True,0.0,0.0,pass,ok,0.09954157937318087,7.122164011001587,37514887,CI.RXH.--,0
scale2,25104,ok,,0.0,True,True,0.0,0.0,pass,ok,0.03122429800168902,4.658507347106934,37514887,CI.CLI2.--,1
deterministic_noise,25113,ok,,0.0,True,True,0.0,0.0,pass,ok,0.03151378530128568,4.454252481460571,37514887,CI.CLI2.--,1
scale2,25086,ok,,0.0,True,True,0.0,0.0,pass,ok,0.09988864837214351,7.245989799499512,37515151,CI.RXH.--,0
deterministic_noise,25086,ok,,0.0,True,True,0.0,0.0,pass,ok,0.09933069022372365,7.267411947250366,37515151,CI.RXH.--,0
scale2,25086,ok,,0.0,True,True,0.0,0.0,pass,ok,0.031305041164159775,5.0625715255737305,37515151,CI.CLI2.--,1
deterministic_noise,25086,ok,,0.0,True,True,0.0,0.0,pass,ok,0.03173181787133217,5.01324462890625,37515151,CI.CLI2.--,1
scale2,25116,ok,,0.0,True,True,0.0,0.0,pass,ok,0.09873847849667072,7.490803480148315,37515167,CI.RXH.--,0
deterministic_noise,25116,ok,,0.0,True,True,0.0,0.0,pass,ok,0.09820953570306301,7.5135109424591064,37515167,CI.RXH.--,0
scale2,25116,ok,,0.0,True,True,0.0,0.0,pass,ok,0.03128457779530436,5.018927335739136,37515167,CI.CLI2.--,1
deterministic_noise,25116,ok,,0.0,True,True,0.0,0.0,pass,ok,0.0319187626009807,4.967625141143799,37515167,CI.CLI2.--,1
scale2,24708,ok,,0.0,True,True,0.0,0.0,pass,ok,0.1268148049712181,7.844237804412842,37749920,CI.DRE.--,0
deterministic_noise,24708,ok,,0.0,True,True,0.0,0.0,pass,ok,0.12416676338762045,8.229957103729248,37749920,CI.DRE.--,0
scale2,24707,ok,,0.0,True,True,0.0,0.0,pass,ok,0.10627235658466816,7.537604808807373,37749920,CI.SNR.--,1
deterministic_noise,24708,ok,,0.0,True,True,0.0,0.0,pass,ok,0.10508726350963116,7.471605062484741,37749920,CI.SNR.--,1
scale2,21866,ok,,0.0,True,True,0.0,0.0,pass,ok,0.13758052425691858,4.891781568527222,37540863,CI.EMS.--,0
deterministic_noise,21866,ok,,0.0,True,True,0.0,0.0,pass,ok,0.1375875668018125,5.040491238236427,37540863,CI.EMS.--,0
scale2,21864,ok,,0.0,True,True,0.0,0.0,pass,ok,0.10202140452383901,4.590438764542341,37540863,CI.COA.--,1
deterministic_noise,21864,ok,,0.0,True,True,0.0,0.0,pass,ok,0.10202462134839152,4.679465372115374,37540863,CI.COA.--,1
scale2,24810,ok,,0.0,True,True,0.0,0.0,pass,ok,0.04881106922402978,5.755425453186035,37770624,CI.SBC.--,0
deterministic_noise,24810,ok,,0.0,True,True,0.0,0.0,pass,ok,0.04850907390937209,5.615638971328735,37770624,CI.SBC.--,0
scale2,24810,ok,,0.0,True,True,0.0,0.0,pass,ok,0.12042679751175456,6.836003303527832,37770624,CI.EOC.--,1
deterministic_noise,24810,ok,,0.0,True,True,0.0,0.0,pass,ok,0.12078225499135442,6.717240810394287,37770624,CI.EOC.--,1
scale2,24903,ok,,0.0,True,True,0.0,0.0,pass,ok,0.11340972734615207,6.558302998542786,37775048,CI.WMD.--,0
deterministic_noise,24903,ok,,0.0,True,True,0.0,0.0,pass,ok,0.11343412147834897,6.186055302619934,37775048,CI.WMD.--,0
scale2,24903,ok,,0.0,True,True,0.0,0.0,pass,ok,0.08095459453761578,6.498249530792236,37775048,CI.IMP.--,1
deterministic_noise,24903,ok,,0.0,True,True,0.0,0.0,pass,ok,0.08103901334106922,6.6064677238464355,37775048,CI.IMP.--,1
scale2,24849,ok,,0.0,True,True,0.0,0.0,pass,ok,0.07258945272769779,6.853825807571411,37775056,CI.IMP.--,0
deterministic_noise,24849,ok,,0.0,True,True,0.0,0.0,pass,ok,0.072409653570503,6.944033861160278,37775056,CI.IMP.--,0
scale2,24849,ok,,0.0,True,True,0.0,0.0,pass,ok,0.1031050207093358,7.0223517417907715,37775056,CI.WMD.--,1
deterministic_noise,24849,ok,,0.0,True,True,0.0,0.0,pass,ok,0.10313636343926191,6.979816913604736,37775056,CI.WMD.--,1
scale2,24882,ok,,0.0,True,True,0.0,0.0,pass,ok,0.11159704253077507,7.234888553619385,37775296,CI.WMD.--,0
deterministic_noise,24882,ok,,0.0,True,True,0.0,0.0,pass,ok,0.11187558993697166,7.393425226211548,37775296,CI.WMD.--,0
scale2,24882,ok,,0.0,True,True,0.0,0.0,pass,ok,0.0748378923162818,7.113644361495972,37775296,CI.IMP.--,1
deterministic_noise,24882,ok,,0.0,True,True,0.0,0.0,pass,ok,0.07655517105013132,7.013356447219849,37775296,CI.IMP.--,1
scale2,24948,ok,,0.0,True,True,0.0,0.0,pass,ok,0.07926216535270214,6.3098437786102295,37775304,CI.IMP.--,0
deterministic_noise,24948,ok,,0.0,True,True,0.0,0.0,pass,ok,0.0795093197375536,6.4980950355529785,37775304,CI.IMP.--,0
scale2,24948,ok,,0.0,True,True,0.0,0.0,pass,ok,0.11115929111838341,5.898370265960693,37775304,CI.WMD.--,1
deterministic_noise,24948,ok,,0.0,True,True,0.0,0.0,pass,ok,0.11118624731898308,5.9800344705581665,37775304,CI.WMD.--,1
scale2,24834,ok,,0.0,True,True,0.0,0.0,pass,ok,0.10231864079833031,7.5300514698028564,37775432,CI.WMD.--,0
deterministic_noise,24834,ok,,0.0,True,True,0.0,0.0,pass,ok,0.10239439085125923,7.6794233322143555,37775432,CI.WMD.--,0
scale2,24834,ok,,0.0,True,True,0.0,0.0,pass,ok,0.07304169004783034,7.1878743171691895,37775432,CI.IMP.--,1
deterministic_noise,24834,ok,,0.0,True,True,0.0,0.0,pass,ok,0.07337731495499611,6.994207382202148,37775432,CI.IMP.--,1
scale2,24870,ok,,0.0,True,True,0.0,0.0,pass,ok,0.10282170039135963,7.206826210021973,37775504,CI.WMD.--,0
deterministic_noise,24870,ok,,0.0,True,True,0.0,0.0,pass,ok,0.10291221726220101,7.234462261199951,37775504,CI.WMD.--,0
scale2,24870,ok,,0.0,True,True,0.0,0.0,pass,ok,0.07491777092218399,6.918759822845459,37775504,CI.IMP.--,1
deterministic_noise,24870,ok,,0.0,True,True,0.0,0.0,pass,ok,0.074470323510468,7.21098518371582,37775504,CI.IMP.--,1
scale2,24858,ok,,0.0,True,True,0.0,0.0,pass,ok,0.10292925918474793,6.613974332809448,37775608,CI.WMD.--,0
deterministic_noise,24858,ok,,0.0,True,True,0.0,0.0,pass,ok,0.1030316106043756,6.629231691360474,37775608,CI.WMD.--,0
scale2,24858,ok,,0.0,True,True,0.0,0.0,pass,ok,0.07535261660814285,6.999719619750977,37775608,CI.IMP.--,1
deterministic_noise,24858,ok,,0.0,True,True,0.0,0.0,pass,ok,0.08090347051620483,7.150536298751831,37775608,CI.IMP.--,1
scale2,24816,ok,,0.0,True,True,0.0,0.0,pass,ok,0.10288374172523618,6.976365804672241,37776080,CI.WMD.--,0
deterministic_noise,24816,ok,,0.0,True,True,0.0,0.0,pass,ok,0.10290940804407,6.708746910095215,37776080,CI.WMD.--,0
scale2,24816,ok,,0.0,True,True,0.0,0.0,pass,ok,0.07191217690706253,6.684699296951294,37776080,CI.IMP.--,1
deterministic_noise,24816,ok,,0.0,True,True,0.0,0.0,pass,ok,0.07265319302678108,6.727069139480591,37776080,CI.IMP.--,1
scale2,24912,ok,,0.0,True,True,0.0,0.0,pass,ok,0.10664697038009763,6.7294394969940186,37776336,CI.WMD.--,0
deterministic_noise,24912,ok,,0.0,True,True,0.0,0.0,pass,ok,0.10672489507123828,6.8192830085754395,37776336,CI.WMD.--,0
scale2,24912,ok,,0.0,True,True,0.0,0.0,pass,ok,0.07477056980133057,7.00607967376709,37776336,CI.IMP.--,1
deterministic_noise,24912,ok,,0.0,True,True,0.0,0.0,pass,ok,0.07562103122472763,6.787528991699219,37776336,CI.IMP.--,1
scale2,22941,ok,,0.0,True,True,0.0,0.0,pass,ok,0.1289139000182331,4.897862404584885,37781184,CI.EMS.--,0
deterministic_noise,22941,ok,,0.0,True,True,0.0,0.0,pass,ok,0.1289354058499157,4.917961664497852,37781184,CI.EMS.--,0
scale2,22941,ok,,0.0,True,True,0.0,0.0,pass,ok,0.1103219878859818,5.413036465644836,37781184,CI.DRE.--,1
deterministic_noise,22941,ok,,0.0,True,True,0.0,0.0,pass,ok,0.11030384479090571,5.543375611305237,37781184,CI.DRE.--,1
scale2,22923,ok,,0.0,True,True,0.0,0.0,pass,ok,0.12891387743729865,5.055334955453873,37781192,CI.EMS.--,0
deterministic_noise,22923,ok,,0.0,True,True,0.0,0.0,pass,ok,0.12896454529982293,4.996998310089111,37781192,CI.EMS.--,0
scale2,22923,ok,,0.0,True,True,0.0,0.0,pass,ok,0.11057450628140941,5.481768071651459,37781192,CI.DRE.--,1
deterministic_noise,22923,ok,,0.0,True,True,0.0,0.0,pass,ok,0.11071705812355503,5.561624050140381,37781192,CI.DRE.--,1
scale2,22209,ok,,0.0,True,True,0.0,0.0,pass,ok,0.12729072020374588,4.827962277457118,37572335,CI.EMS.--,0
deterministic_noise,22209,ok,,0.0,True,True,0.0,0.0,pass,ok,0.12729894175208756,4.880699755623937,37572335,CI.EMS.--,0
scale2,22209,ok,,0.0,True,True,0.0,0.0,pass,ok,0.08193051051101463,4.507154569029808,37572335,CI.SGL.--,1
deterministic_noise,22209,ok,,0.0,True,True,0.0,0.0,pass,ok,0.08192616719999535,4.4369460344314575,37572335,CI.SGL.--,1
scale2,23088,ok,,0.0,True,True,0.0,0.0,pass,ok,0.09073858335614204,4.7433470487594604,37578223,CI.SGL.--,0
deterministic_noise,23088,ok,,0.0,True,True,0.0,0.0,pass,ok,0.0907077006995678,4.992587298154831,37578223,CI.SGL.--,0
scale2,23088,ok,,0.0,True,True,0.0,0.0,pass,ok,0.1274152211844921,6.118988633155823,37578223,CI.DRE.--,1
deterministic_noise,23088,ok,,0.0,True,True,0.0,0.0,pass,ok,0.12765708938241005,6.217926025390625,37578223,CI.DRE.--,1
scale2,24270,ok,,0.0,True,True,0.0,0.0,pass,ok,0.08722686453256756,5.630549669265747,37583871,CI.HAR.--,0
deterministic_noise,24270,ok,,0.0,True,True,0.0,0.0,pass,ok,0.08714820013847202,5.759314298629761,37583871,CI.HAR.--,0
scale2,24270,ok,,0.0,True,True,0.0,0.0,pass,ok,0.10155088116880506,5.393057703971863,37583871,CI.CCC.--,1
deterministic_noise,24270,ok,,0.0,True,True,0.0,0.0,pass,ok,0.10157771001104265,5.265729069709778,37583871,CI.CCC.--,1
scale2,24777,ok,,0.0,True,True,0.0,0.0,pass,ok,0.07430690340697765,6.067535161972046,37811048,CI.GFS.--,0
deterministic_noise,24777,ok,,0.0,True,True,0.0,0.0,pass,ok,0.07526043988764286,6.026336431503296,37811048,CI.GFS.--,0
scale2,24777,ok,,0.0,True,True,0.0,0.0,pass,ok,0.1532223370159045,7.87653923034668,37811048,CI.NJQ.--,1
deterministic_noise,24777,ok,,0.0,True,True,0.0,0.0,pass,ok,0.15350636874791235,7.67046046257019,37811048,CI.NJQ.--,1
scale2,21927,ok,,0.0,True,True,0.0,0.0,pass,ok,0.09950378374196589,4.486441984772682,37827296,CI.SMM.--,0
deterministic_noise,21927,ok,,0.0,True,True,0.0,0.0,pass,ok,0.0995074377860874,4.740852624177933,37827296,CI.SMM.--,0
scale2,21927,ok,,0.0,True,True,0.0,0.0,pass,ok,0.08588229286397109,4.412539944052696,37827296,CI.CAR.--,1
deterministic_noise,21927,ok,,0.0,True,True,0.0,0.0,pass,ok,0.08588020336901536,4.577747493982315,37827296,CI.CAR.--,1
scale2,22212,ok,,0.0,True,True,0.0,0.0,pass,ok,0.1458547445363365,5.4657458662986755,37610567,CI.EMS.--,0
deterministic_noise,22212,ok,,0.0,True,True,0.0,0.0,pass,ok,0.14589412190252915,5.318018734455109,37610567,CI.EMS.--,0
scale2,22209,ok,,0.0,True,True,0.0,0.0,pass,ok,0.08588059106841683,5.388488292694092,37610567,CI.SGL.--,1
deterministic_noise,22209,ok,,0.0,True,True,0.0,0.0,pass,ok,0.08578841527923942,5.0894386768341064,37610567,CI.SGL.--,1
scale2,22225,ok,,0.0,True,True,0.0,0.0,pass,ok,0.14511558180629436,5.166279554367065,37391405,CI.EMS.--,0
deterministic_noise,22225,ok,,0.0,True,True,0.0,0.0,pass,ok,0.1451454185885268,5.168541580438614,37391405,CI.EMS.--,0
scale2,22224,ok,,0.0,True,True,0.0,0.0,pass,ok,0.08564178357482888,4.627433866262436,37391405,CI.SGL.--,1
deterministic_noise,22224,ok,,0.0,True,True,0.0,0.0,pass,ok,0.0856130002939608,4.376414567232132,37391405,CI.SGL.--,1
scale2,24918,ok,,0.0,True,True,0.0,0.0,pass,ok,0.08029623492620885,6.756389141082764,37613935,CI.IMP.--,0
deterministic_noise,24918,ok,,0.0,True,True,0.0,0.0,pass,ok,0.07994641200639307,6.746034860610962,37613935,CI.IMP.--,0
scale2,24918,ok,,0.0,True,True,0.0,0.0,pass,ok,0.121611233567819,7.458165884017944,37613935,CI.WMD.--,1
deterministic_noise,24918,ok,,0.0,True,True,0.0,0.0,pass,ok,0.12163821258582175,7.243135452270508,37613935,CI.WMD.--,1
scale2,22209,ok,,0.0,True,True,0.0,0.0,pass,ok,0.02980798267526552,3.6244030594825745,37843824,CI.OLP.--,0
deterministic_noise,22209,ok,,0.0,True,True,0.0,0.0,pass,ok,0.02976026601390913,3.9253251552581787,37843824,CI.OLP.--,0
scale2,22212,ok,,0.0,True,True,0.0,0.0,pass,ok,0.07978409694624133,4.641669124364853,37843824,CI.DZA.--,1
deterministic_noise,22212,ok,,0.0,True,True,0.0,0.0,pass,ok,0.07976973635959439,4.647437423467636,37843824,CI.DZA.--,1
scale2,24642,ok,,0.0,True,True,0.0,0.0,pass,ok,0.030409626429900527,5.086967945098877,37845672,CI.OLP.--,0
deterministic_noise,24642,ok,,0.0,True,True,0.0,0.0,pass,ok,0.027023170376196504,5.05731725692749,37845672,CI.OLP.--,0
scale2,24645,ok,,0.0,True,True,0.0,0.0,pass,ok,0.07876450102776289,6.6608734130859375,37845672,CI.DZA.--,1
deterministic_noise,24645,ok,,0.0,True,True,0.0,0.0,pass,ok,0.07851674873381853,6.5119946002960205,37845672,CI.DZA.--,1
scale2,22932,ok,,0.0,True,True,0.0,0.0,pass,ok,0.1460213098071108,5.011752277612686,37854536,CI.EMS.--,0
deterministic_noise,22932,ok,,0.0,True,True,0.0,0.0,pass,ok,0.1460389014937391,5.016189441084862,37854536,CI.EMS.--,0
scale2,22929,ok,,0.0,True,True,0.0,0.0,pass,ok,0.13918639800976962,5.893561005592346,37854536,CI.DRE.--,1
deterministic_noise,22929,ok,,0.0,True,True,0.0,0.0,pass,ok,0.13928373076487333,5.892038106918335,37854536,CI.DRE.--,1
scale2,24696,ok,,0.0,True,True,0.0,0.0,pass,ok,0.1110134576447308,6.487109422683716,37865792,CI.WHF.--,0
deterministic_noise,24696,ok,,0.0,True,True,0.0,0.0,pass,ok,0.11040885699912906,6.74234938621521,37865792,CI.WHF.--,0
scale2,24696,ok,,0.0,True,True,0.0,0.0,pass,ok,0.0961043470306322,5.811776280403137,37865792,CI.WOR.--,1
deterministic_noise,24696,ok,,0.0,True,True,0.0,0.0,pass,ok,0.09599104442168027,6.0834033489227295,37865792,CI.WOR.--,1
scale2,23124,ok,,0.0,True,True,0.0,0.0,pass,ok,0.15259076515212655,5.610622823238373,37636359,CI.EMS.--,0
deterministic_noise,23124,ok,,0.0,True,True,0.0,0.0,pass,ok,0.1526331170462072,5.534548342227936,37636359,CI.EMS.--,0
scale2,23121,ok,,0.0,True,True,0.0,0.0,pass,ok,0.14265421323943883,6.50501811504364,37636359,CI.DRE.--,1
deterministic_noise,23121,ok,,0.0,True,True,0.0,0.0,pass,ok,0.14302955276798457,6.329645276069641,37636359,CI.DRE.--,1
scale2,24663,ok,,0.0,True,True,0.0,0.0,pass,ok,0.07068007881753147,6.280478000640869,37646591,CI.IMP.--,0
deterministic_noise,24663,ok,,0.0,True,True,0.0,0.0,pass,ok,0.07018854026682675,6.21935510635376,37646591,CI.IMP.--,0
scale2,24663,ok,,0.0,True,True,0.0,0.0,pass,ok,0.18710949085652828,8.23335862159729,37646591,CI.COK2.--,1
deterministic_noise,24663,ok,,0.0,True,True,0.0,0.0,pass,ok,0.18808315135538578,8.162433385848999,37646591,CI.COK2.--,1
scale2,24720,ok,,0.0,True,True,0.0,0.0,pass,ok,0.02876666933298111,4.801142930984497,37646983,CI.SYP.--,0
deterministic_noise,24720,ok,,0.0,True,True,0.0,0.0,pass,ok,0.032030560076236725,4.887663841247559,37646983,CI.SYP.--,0
scale2,24720,ok,,0.0,True,True,0.0,0.0,pass,ok,0.11476210132241249,7.973060846328735,37646983,CI.USB.00,1
deterministic_noise,24720,ok,,0.0,True,True,0.0,0.0,pass,ok,0.11438824608922005,7.550205945968628,37646983,CI.USB.00,1
scale2,24780,ok,,0.0,True,True,0.0,0.0,pass,ok,0.025897456878738012,4.277328610420227,37646991,CI.SYP.--,0
deterministic_noise,24780,ok,,0.0,True,True,0.0,0.0,pass,ok,0.026066544851346407,4.146651983261108,37646991,CI.SYP.--,0
scale2,24780,ok,,0.0,True,True,0.0,0.0,pass,ok,0.11752092372626066,6.250523924827576,37646991,CI.USB.00,1
deterministic_noise,24780,ok,,0.0,True,True,0.0,0.0,pass,ok,0.11745323706418276,6.335430264472961,37646991,CI.USB.00,1
scale2,25041,ok,,0.0,True,True,0.0,0.0,pass,ok,0.05922920070588589,6.1795127391815186,37654463,CI.WMF.--,0
deterministic_noise,25041,ok,,0.0,True,True,0.0,0.0,pass,ok,0.06010149233043194,5.9581193923950195,37654463,CI.WMF.--,0
scale2,25041,ok,,0.0,True,True,0.0,0.0,pass,ok,0.13136837491765618,8.04425859451294,37654463,CI.WCS2.--,1
deterministic_noise,25041,ok,,0.0,True,True,0.0,0.0,pass,ok,0.13177295168861747,7.645379543304443,37654463,CI.WCS2.--,1
scale2,25035,ok,,0.0,True,True,0.0,0.0,pass,ok,0.05930352117866278,6.087633848190308,37654479,CI.WMF.--,0
deterministic_noise,25035,ok,,0.0,True,True,0.0,0.0,pass,ok,0.060470652766525745,6.0088043212890625,37654479,CI.WMF.--,0
scale2,25035,ok,,0.0,True,True,0.0,0.0,pass,ok,0.1378171183168888,7.999811410903931,37654479,CI.WCS2.--,1
deterministic_noise,25035,ok,,0.0,True,True,0.0,0.0,pass,ok,0.1388152725994587,8.290320873260498,37654479,CI.WCS2.--,1
scale2,23994,ok,,0.0,True,True,0.0,0.0,pass,ok,0.12963147403206676,5.811029672622681,37659863,CI.SCZ2.--,0
deterministic_noise,23994,ok,,0.0,True,True,0.0,0.0,pass,ok,0.12964198051486164,5.769653797149658,37659863,CI.SCZ2.--,0
scale2,23994,ok,,0.0,True,True,0.0,0.0,pass,ok,0.150056560523808,5.092243000864983,37659863,CI.CHI.--,1
deterministic_noise,23994,ok,,0.0,True,True,0.0,0.0,pass,ok,0.15006075333803892,5.125551134347916,37659863,CI.CHI.--,1
scale2,24669,ok,,0.0,True,True,0.0,0.0,pass,ok,0.0889903181232512,6.391049861907959,37160164,CI.CZN.--,0
deterministic_noise,24669,ok,,0.0,True,True,0.0,0.0,pass,ok,0.08927744394168258,6.346186637878418,37160164,CI.CZN.--,0
scale2,24669,ok,,0.0,True,True,0.0,0.0,pass,ok,0.07026319205760956,6.502426624298096,37160164,CI.IDY.--,2
deterministic_noise,24669,ok,,0.0,True,True,0.0,0.0,pass,ok,0.07041674107313156,7.175382852554321,37160164,CI.IDY.--,2
scale2,25269,ok,,0.0,True,True,0.0,0.0,pass,ok,0.07172203774098307,5.317335605621338,37664623,CI.WRV2.--,0
deterministic_noise,25269,ok,,0.0,True,True,0.0,0.0,pass,ok,0.07315061276312917,5.467572331428528,37664623,CI.WRV2.--,0
scale2,25269,ok,,0.0,True,True,0.0,0.0,pass,ok,0.10095757665112615,6.435201644897461,37664623,CI.JRC2.--,1
deterministic_noise,25269,ok,,0.0,True,True,0.0,0.0,pass,ok,0.1018989342264831,6.347400426864624,37664623,CI.JRC2.--,1
scale2,25275,ok,,0.0,True,True,0.0,0.0,pass,ok,0.07128478528466076,5.3646135330200195,37664663,CI.WRV2.--,0
deterministic_noise,25275,ok,,0.0,True,True,0.0,0.0,pass,ok,0.07160458771977574,5.516395807266235,37664663,CI.WRV2.--,0
scale2,25272,ok,,0.0,True,True,0.0,0.0,pass,ok,0.1094923586351797,6.810304403305054,37664663,CI.JRC2.--,1
deterministic_noise,25272,ok,,0.0,True,True,0.0,0.0,pass,ok,0.11100148700643331,6.648263931274414,37664663,CI.JRC2.--,1
scale2,25266,ok,,0.0,True,True,0.0,0.0,pass,ok,0.06740822386927903,6.05112624168396,37664695,CI.WRV2.--,0
deterministic_noise,25266,ok,,0.0,True,True,0.0,0.0,pass,ok,0.06931615876965225,5.989423036575317,37664695,CI.WRV2.--,0
scale2,25266,ok,,0.0,True,True,0.0,0.0,pass,ok,0.11049179965630174,6.819639682769775,37664695,CI.JRC2.--,1
deterministic_noise,25266,ok,,0.0,True,True,0.0,0.0,pass,ok,0.1129079139791429,7.021054744720459,37664695,CI.JRC2.--,1
scale2,22875,ok,,0.0,True,True,0.0,0.0,pass,ok,0.16189148809644394,5.130796030163765,37924848,CI.EMS.--,0
deterministic_noise,22875,ok,,0.0,True,True,0.0,0.0,pass,ok,0.16190101418760605,5.245436519384384,37924848,CI.EMS.--,0
scale2,22875,ok,,0.0,True,True,0.0,0.0,pass,ok,0.14711405106936581,5.810006499290466,37924848,CI.DRE.--,1
deterministic_noise,22875,ok,,0.0,True,True,0.0,0.0,pass,ok,0.14721285036648624,6.017063736915588,37924848,CI.DRE.--,1
scale2,22959,ok,,0.0,True,True,0.0,0.0,pass,ok,0.17580309230834246,5.602829247713089,37706255,CI.EMS.--,0
deterministic_noise,22959,ok,,0.0,True,True,0.0,0.0,pass,ok,0.17583203595131636,5.352136671543121,37706255,CI.EMS.--,0
scale2,22959,ok,,0.0,True,True,0.0,0.0,pass,ok,0.14040875836508349,5.524867534637451,37706255,CI.DRE.--,1
deterministic_noise,22959,ok,,0.0,True,True,0.0,0.0,pass,ok,0.1405152489314787,5.551406741142273,37706255,CI.DRE.--,1
scale2,24852,ok,,0.0,True,True,0.0,0.0,pass,ok,0.13265402510296553,7.423534631729126,37726895,CI.DRE.--,0
deterministic_noise,24852,ok,,0.0,True,True,0.0,0.0,pass,ok,0.1324644695268944,7.42082953453064,37726895,CI.DRE.--,0
scale2,24852,ok,,0.0,True,True,0.0,0.0,pass,ok,0.10153793357312679,6.383513689041138,37726895,CI.SNR.--,1
deterministic_noise,24852,ok,,0.0,True,True,0.0,0.0,pass,ok,0.10159349627792835,6.408608675003052,37726895,CI.SNR.--,1
scale2,24831,ok,,0.0,True,True,0.0,0.0,pass,ok,0.14006388746201992,7.441798686981201,37727007,CI.DRE.--,0
deterministic_noise,24831,ok,,0.0,True,True,0.0,0.0,pass,ok,0.1408535335212946,7.104333400726318,37727007,CI.DRE.--,0
scale2,24831,ok,,0.0,True,True,0.0,0.0,pass,ok,0.10674052964895964,6.274755835533142,37727007,CI.SNR.--,1
deterministic_noise,24831,ok,,0.0,True,True,0.0,0.0,pass,ok,0.10637796390801668,6.450744152069092,37727007,CI.SNR.--,1
scale2,24885,ok,,0.0,True,True,0.0,0.0,pass,ok,0.1360051663359627,7.325063705444336,37730783,CI.DRE.--,0
deterministic_noise,24885,ok,,0.0,True,True,0.0,0.0,pass,ok,0.1370156971970573,7.484039783477783,37730783,CI.DRE.--,0
scale2,24885,ok,,0.0,True,True,0.0,0.0,pass,ok,0.10360354476142675,6.746705532073975,37730783,CI.SNR.--,1
deterministic_noise,24885,ok,,0.0,True,True,0.0,0.0,pass,ok,0.10275169170927256,6.602486610412598,37730783,CI.SNR.--,1
scale2,23756,ok,,0.0,True,True,0.0,0.0,pass,ok,0.4036739724688232,8.172204971313477,37980632,CI.SLA.--,0
deterministic_noise,23757,ok,,0.0,True,True,0.0,0.0,pass,ok,0.40379316033795476,7.659079313278198,37980632,CI.SLA.--,0
scale2,23757,ok,,0.0,True,True,0.0,0.0,pass,ok,0.015092617366462946,3.389222800731659,37980632,CI.MRS.--,1
deterministic_noise,23757,ok,,0.0,True,True,0.0,0.0,pass,ok,0.015094021800905466,3.2017401456832886,37980632,CI.MRS.--,1
scale2,25284,ok,,0.0,True,True,0.0,0.0,pass,ok,0.11489104980137199,6.509782791137695,37753607,CI.JRC2.--,0
deterministic_noise,25284,ok,,0.0,True,True,0.0,0.0,pass,ok,0.11684622966822644,6.7592408657073975,37753607,CI.JRC2.--,0
scale2,25284,ok,,0.0,True,True,0.0,0.0,pass,ok,0.1293502973858267,6.8808043003082275,37753607,CI.WCS2.--,1
deterministic_noise,25284,ok,,0.0,True,True,0.0,0.0,pass,ok,0.1288109109736979,6.958024024963379,37753607,CI.WCS2.--,1
scale2,25326,ok,,0.0,True,True,0.0,0.0,pass,ok,0.13434583321213722,7.470417737960815,38006480,CI.WCS2.--,0
deterministic_noise,25326,ok,,0.0,True,True,0.0,0.0,pass,ok,0.1402006410062313,7.373134136199951,38006480,CI.WCS2.--,0
scale2,25326,ok,,0.0,True,True,0.0,0.0,pass,ok,0.1036053691059351,6.67974591255188,38006480,CI.WVP2.--,2
deterministic_noise,25326,ok,,0.0,True,True,0.0,0.0,pass,ok,0.10332990251481533,6.644467115402222,38006480,CI.WVP2.--,2
scale2,25332,ok,,0.0,True,True,0.0,0.0,pass,ok,0.1477795783430338,7.982924461364746,38006496,CI.WCS2.--,0
deterministic_noise,25332,ok,,0.0,True,True,0.0,0.0,pass,ok,0.15962067805230618,7.56688380241394,38006496,CI.WCS2.--,0
scale2,25334,ok,,0.0,True,True,0.0,0.0,pass,ok,0.09598948853090405,7.149227857589722,38006496,CI.WVP2.--,2
deterministic_noise,25334,ok,,0.0,True,True,0.0,0.0,pass,ok,0.09537339909002185,7.130882501602173,38006496,CI.WVP2.--,2
scale2,23271,ok,,0.0,True,True,0.0,0.0,pass,ok,0.08604604636639124,4.525652647018433,38007544,CI.SGL.--,0
deterministic_noise,23271,ok,,0.0,True,True,0.0,0.0,pass,ok,0.08604832107812399,4.567157715559006,38007544,CI.SGL.--,0
scale2,23271,ok,,0.0,True,True,0.0,0.0,pass,ok,0.1282683671452105,5.298511564731598,38007544,CI.DRE.--,1
deterministic_noise,23271,ok,,0.0,True,True,0.0,0.0,pass,ok,0.1282425164245069,5.457280516624451,38007544,CI.DRE.--,1
scale2,22143,ok,,0.0,True,True,0.0,0.0,pass,ok,0.16252854316553567,5.059782087802887,38010488,CI.EMS.--,0
deterministic_noise,22143,ok,,0.0,True,True,0.0,0.0,pass,ok,0.1625341489998391,5.134227216243744,38010488,CI.EMS.--,0
scale2,22143,ok,,0.0,True,True,0.0,0.0,pass,ok,0.09420796862650604,4.565451445057988,38010488,CI.SGL.--,1
deterministic_noise,22143,ok,,0.0,True,True,0.0,0.0,pass,ok,0.09420667209815292,4.546662030741572,38010488,CI.SGL.--,1
scale2,24882,ok,,0.0,True,True,0.0,0.0,pass,ok,0.07728649117052555,6.036665439605713,38022776,CI.IMP.--,0
deterministic_noise,24882,ok,,0.0,True,True,0.0,0.0,pass,ok,0.07716141454875469,6.392242431640625,38022776,CI.IMP.--,0
scale2,24882,ok,,0.0,True,True,0.0,0.0,pass,ok,0.1109696812927723,7.3871543407440186,38022776,CI.WMD.--,1
deterministic_noise,24882,ok,,0.0,True,True,0.0,0.0,pass,ok,0.11104852333664894,7.3393638134002686,38022776,CI.WMD.--,1
scale2,24828,ok,,0.0,True,True,0.0,0.0,pass,ok,0.11520167463459074,6.429296374320984,38029344,CI.USB.00,0
deterministic_noise,24828,ok,,0.0,True,True,0.0,0.0,pass,ok,0.11484643793664873,6.648467302322388,38029344,CI.USB.00,0
scale2,24828,ok,,0.0,True,True,0.0,0.0,pass,ok,0.1980597666988615,6.299907326698303,38029344,CI.NJQ.--,1
deterministic_noise,24828,ok,,0.0,True,True,0.0,0.0,pass,ok,0.19812205512425862,6.0138832330703735,38029344,CI.NJQ.--,1
scale2,22302,ok,,0.0,True,True,0.0,0.0,pass,ok,0.16351683838092868,5.174004316329956,38035912,CI.EMS.--,0
deterministic_noise,22302,ok,,0.0,True,True,0.0,0.0,pass,ok,0.16353708105361875,5.223268747329712,38035912,CI.EMS.--,0
scale2,22302,ok,,0.0,True,True,0.0,0.0,pass,ok,0.10168586627696641,4.700425259768963,38035912,CI.COA.--,1
deterministic_noise,22302,ok,,0.0,True,True,0.0,0.0,pass,ok,0.10169491215492599,4.678024411201477,38035912,CI.COA.--,1
scale2,22527,ok,,0.0,True,True,0.0,0.0,pass,ok,0.08927938900887966,4.685343563556671,37812447,CI.DZA.--,0
deterministic_noise,22527,ok,,0.0,True,True,0.0,0.0,pass,ok,0.08925830014050007,4.9359109699726105,37812447,CI.DZA.--,0
scale2,22524,ok,,0.0,True,True,0.0,0.0,pass,ok,0.22113920726405922,5.614939823746681,37812447,CI.CPO.--,1
deterministic_noise,22524,ok,,0.0,True,True,0.0,0.0,pass,ok,0.22112621388805564,5.53914338350296,37812447,CI.CPO.--,1
scale2,23742,ok,,0.0,True,True,0.0,0.0,pass,ok,0.12035334086976945,5.985688805580139,37833503,CI.WAS2.--,0
deterministic_noise,23742,ok,,0.0,True,True,0.0,0.0,pass,ok,0.1203982608858496,6.137387633323669,37833503,CI.WAS2.--,0
scale2,23742,ok,,0.0,True,True,0.0,0.0,pass,ok,0.11284285294823349,6.091892123222351,37833503,CI.WHF.--,1
deterministic_noise,23742,ok,,0.0,True,True,0.0,0.0,pass,ok,0.11278480035252869,5.795138239860535,37833503,CI.WHF.--,1
scale2,23745,ok,,0.0,True,True,0.0,0.0,pass,ok,0.11289572902023792,6.220520615577698,37837119,CI.WAS2.--,0
deterministic_noise,23745,ok,,0.0,True,True,0.0,0.0,pass,ok,0.11294390074908733,6.158713698387146,37837119,CI.WAS2.--,0
scale2,23745,ok,,0.0,True,True,0.0,0.0,pass,ok,0.1049080080119893,6.102082848548889,37837119,CI.WHF.--,1
deterministic_noise,23745,ok,,0.0,True,True,0.0,0.0,pass,ok,0.10486832645256072,5.940927863121033,37837119,CI.WHF.--,1
scale2,24495,ok,,0.0,True,True,0.0,0.0,pass,ok,0.11411778349429369,6.950469255447388,37848263,CI.USB.00,0
deterministic_noise,24495,ok,,0.0,True,True,0.0,0.0,pass,ok,0.11151871364563704,7.089442491531372,37848263,CI.USB.00,0
scale2,24495,ok,,0.0,True,True,0.0,0.0,pass,ok,0.16495655570179224,8.611103296279907,37848263,CI.NJQ.--,1
deterministic_noise,24495,ok,,0.0,True,True,0.0,0.0,pass,ok,0.1653888961300254,8.39561128616333,37848263,CI.NJQ.--,1
scale2,25062,ok,,0.0,True,True,0.0,0.0,pass,ok,0.033287424710579216,4.844965934753418,38109320,CI.WMF.--,0
deterministic_noise,25062,ok,,0.0,True,True,0.0,0.0,pass,ok,0.03382572147529572,4.718186140060425,38109320,CI.WMF.--,0
scale2,25062,ok,,0.0,True,True,0.0,0.0,pass,ok,0.13109760731458664,7.134691953659058,38109320,CI.WCS2.--,1
deterministic_noise,25062,ok,,0.0,True,True,0.0,0.0,pass,ok,0.1312425285577774,6.755815029144287,38109320,CI.WCS2.--,1
scale2,21963,ok,,0.0,True,True,0.0,0.0,pass,ok,0.1411361841019243,4.992642492055893,37891767,CI.EMS.--,0
deterministic_noise,21963,ok,,0.0,True,True,0.0,0.0,pass,ok,0.14114105724729598,4.92096272110939,37891767,CI.EMS.--,0
scale2,21963,ok,,0.0,True,True,0.0,0.0,pass,ok,0.12593146093422547,5.2896899580955505,37891767,CI.DRE.--,1
deterministic_noise,21963,ok,,0.0,True,True,0.0,0.0,pass,ok,0.12597706489032134,5.209261119365692,37891767,CI.DRE.--,1
scale2,24654,ok,,0.0,True,True,0.0,0.0,pass,ok,0.07286300545092672,4.800386726856232,37899039,CI.DTP.--,0
deterministic_noise,24654,ok,,0.0,True,True,0.0,0.0,pass,ok,0.07280802691821009,4.691254079341888,37899039,CI.DTP.--,0
scale2,24654,ok,,0.0,True,True,0.0,0.0,pass,ok,0.12567129754461348,6.41771936416626,37899039,CI.LRL.--,1
deterministic_noise,24654,ok,,0.0,True,True,0.0,0.0,pass,ok,0.12567229545675218,6.377217531204224,37899039,CI.LRL.--,1
scale2,24468,ok,,0.0,True,True,0.0,0.0,pass,ok,0.11998381745070219,6.285686373710632,38201136,CI.AVM.--,0
deterministic_noise,24468,ok,,0.0,True,True,0.0,0.0,pass,ok,0.12015140522271395,6.418565988540649,38201136,CI.AVM.--,0
scale2,24465,ok,,0.0,True,True,0.0,0.0,pass,ok,0.07059539039619267,5.310107588768005,38201136,CI.RRX.--,1
deterministic_noise,24465,ok,,0.0,True,True,0.0,0.0,pass,ok,0.07060964475385845,5.130760073661804,38201136,CI.RRX.--,1
scale2,24546,ok,,0.0,True,True,0.0,0.0,pass,ok,0.11652458203025162,5.935094594955444,37272194,CI.AVM.--,0
deterministic_noise,24546,ok,,0.0,True,True,0.0,0.0,pass,ok,0.11676587420515716,6.165420889854431,37272194,CI.AVM.--,0
scale2,24546,ok,,0.0,True,True,0.0,0.0,pass,ok,0.1284765601158142,6.785401344299316,37272194,CI.NBS.--,1
deterministic_noise,24546,ok,,0.0,True,True,0.0,0.0,pass,ok,0.12835464626550674,6.717695713043213,37272194,CI.NBS.--,1
scale2,24549,ok,,0.0,True,True,0.0,0.0,pass,ok,0.11486096389126033,5.533757030963898,37272234,CI.AVM.--,0
deterministic_noise,24549,ok,,0.0,True,True,0.0,0.0,pass,ok,0.1150668814079836,5.498461127281189,37272234,CI.AVM.--,0
scale2,24546,ok,,0.0,True,True,0.0,0.0,pass,ok,0.13003419782035053,6.760981559753418,37272234,CI.NBS.--,1
deterministic_noise,24546,ok,,0.0,True,True,0.0,0.0,pass,ok,0.12992189382202923,6.732227087020874,37272234,CI.NBS.--,1
scale2,21402,ok,,0.0,True,True,0.0,0.0,pass,ok,0.16736394857503,5.128132326761261,37274218,CI.EMS.--,0
deterministic_noise,21402,ok,,0.0,True,True,0.0,0.0,pass,ok,0.16737114692591604,5.124166028341278,37274218,CI.EMS.--,0
scale2,21402,ok,,0.0,True,True,0.0,0.0,pass,ok,0.0784064298368321,4.35266774520278,37274218,CI.AGM.--,1
deterministic_noise,21402,ok,,0.0,True,True,0.0,0.0,pass,ok,0.07841368859044451,4.396582189947367,37274218,CI.AGM.--,1
scale2,21690,ok,,0.0,True,True,0.0,0.0,pass,ok,0.18918096111156046,5.89799165725708,38043735,CI.EMS.--,0
deterministic_noise,21690,ok,,0.0,True,True,0.0,0.0,pass,ok,0.18924882425926626,6.102376580238342,38043735,CI.EMS.--,0
scale2,21690,ok,,0.0,True,True,0.0,0.0,pass,ok,0.11036889778915793,5.202391505241394,38043735,CI.COA.--,1
deterministic_noise,21690,ok,,0.0,True,True,0.0,0.0,pass,ok,0.11036756110843271,5.243481516838074,38043735,CI.COA.--,1
scale2,22647,ok,,0.0,True,True,0.0,0.0,pass,ok,0.18743129805807257,5.210694804787636,38064031,CI.EMS.--,0
deterministic_noise,22647,ok,,0.0,True,True,0.0,0.0,pass,ok,0.18744855387922144,5.323555417358875,38064031,CI.EMS.--,0
scale2,22644,ok,,0.0,True,True,0.0,0.0,pass,ok,0.1531193057735436,5.3069788813591,38064031,CI.DRE.--,1
deterministic_noise,22644,ok,,0.0,True,True,0.0,0.0,pass,ok,0.15316901107235026,5.181560039520264,38064031,CI.DRE.--,1
scale2,24798,ok,,0.0,True,True,0.0,0.0,pass,ok,0.09193355008028448,6.387057542800903,37372850,CI.WOR.--,0
deterministic_noise,24798,ok,,0.0,True,True,0.0,0.0,pass,ok,0.09152573184110224,6.235058784484863,37372850,CI.WOR.--,0
scale2,24798,ok,,0.0,True,True,0.0,0.0,pass,ok,0.13513955823145807,6.845902442932129,37372850,CI.WHF.--,1
deterministic_noise,24798,ok,,0.0,True,True,0.0,0.0,pass,ok,0.13457232364453375,7.0364062786102295,37372850,CI.WHF.--,1
scale2,22758,ok,,0.0,True,True,0.0,0.0,pass,ok,0.18815325712785125,6.9217681884765625,37373442,CI.EMS.--,0
deterministic_noise,22758,ok,,0.0,True,True,0.0,0.0,pass,ok,0.188325057271868,6.797300934791565,37373442,CI.EMS.--,0
scale2,22758,ok,,0.0,True,True,0.0,0.0,pass,ok,0.13572856271639466,7.471800804138184,37373442,CI.DRE.--,1
deterministic_noise,22758,ok,,0.0,True,True,0.0,0.0,pass,ok,0.13551253592595458,7.277518272399902,37373442,CI.DRE.--,1
scale2,24786,ok,,0.0,True,True,0.0,0.0,pass,ok,0.07653076091082767,5.1415181159973145,38317720,CI.WRV2.--,0
deterministic_noise,24786,ok,,0.0,True,True,0.0,0.0,pass,ok,0.07672991714207456,5.272228121757507,38317720,CI.WRV2.--,0
scale2,24783,ok,,0.0,True,True,0.0,0.0,pass,ok,0.07110779406502843,6.036773443222046,38317720,CI.WMF.--,1
deterministic_noise,24783,ok,,0.0,True,True,0.0,0.0,pass,ok,0.07150864182040095,6.289902448654175,38317720,CI.WMF.--,1
scale2,24807,ok,,0.0,True,True,0.0,0.0,pass,ok,0.0541411392041482,5.2650206089019775,38317760,CI.SES.--,0
deterministic_noise,24807,ok,,0.0,True,True,0.0,0.0,pass,ok,0.05416608456289396,5.067120671272278,38317760,CI.SES.--,0
scale2,24807,ok,,0.0,True,True,0.0,0.0,pass,ok,0.03557037888094783,4.945925712585449,38317760,CI.WGR.--,1
deterministic_noise,24807,ok,,0.0,True,True,0.0,0.0,pass,ok,0.03583644004538655,5.002796053886414,38317760,CI.WGR.--,1
scale2,22077,ok,,0.0,True,True,0.0,0.0,pass,ok,0.16699367175169755,5.401370704174042,37390754,CI.EMS.--,0
deterministic_noise,22077,ok,,0.0,True,True,0.0,0.0,pass,ok,0.16702414145402145,5.3353124260902405,37390754,CI.EMS.--,0
scale2,22077,ok,,0.0,True,True,0.0,0.0,pass,ok,0.12039329143544819,4.791733105666935,37390754,CI.COA.--,1
deterministic_noise,22077,ok,,0.0,True,True,0.0,0.0,pass,ok,0.12040148643473003,4.806405703537166,37390754,CI.COA.--,1
scale2,24363,ok,,0.0,True,True,0.0,0.0,pass,ok,0.05758944991976023,5.977714776992798,38351080,CI.WMF.--,0
deterministic_noise,24363,ok,,0.0,True,True,0.0,0.0,pass,ok,0.05766370426863432,5.789608478546143,38351080,CI.WMF.--,0
scale2,24363,ok,,0.0,True,True,0.0,0.0,pass,ok,0.0756622925400734,5.892039775848389,38351080,CI.WRV2.--,1
deterministic_noise,24363,ok,,0.0,True,True,0.0,0.0,pass,ok,0.07582760602235794,5.738418936729431,38351080,CI.WRV2.--,1
scale2,24507,ok,,0.0,True,True,0.0,0.0,pass,ok,0.057396490941755474,5.1759010553359985,38354872,CI.ARV.--,0
deterministic_noise,24507,ok,,0.0,True,True,0.0,0.0,pass,ok,0.05736156099010259,5.24035108089447,38354872,CI.ARV.--,0
scale2,24507,ok,,0.0,True,True,0.0,0.0,pass,ok,0.06569779239362106,5.21281111240387,38354872,CI.MAG.--,1
deterministic_noise,24507,ok,,0.0,True,True,0.0,0.0,pass,ok,0.06571835704380646,5.180472731590271,38354872,CI.MAG.--,1
scale2,22980,ok,,0.0,True,True,0.0,0.0,pass,ok,0.1689070156444359,5.4226797223091125,38354928,CI.EMS.--,0
deterministic_noise,22980,ok,,0.0,True,True,0.0,0.0,pass,ok,0.16893889097082138,5.398562848567963,38354928,CI.EMS.--,0
scale2,22977,ok,,0.0,True,True,0.0,0.0,pass,ok,0.14076759247109294,6.304611086845398,38354928,CI.DRE.--,1
deterministic_noise,22977,ok,,0.0,True,True,0.0,0.0,pass,ok,0.14096077950671315,6.2137603759765625,38354928,CI.DRE.--,1
scale2,22185,ok,,0.0,True,True,0.0,0.0,pass,ok,0.14889095828402787,6.411215782165527,38138175,CI.EMS.--,0
deterministic_noise,22185,ok,,0.0,True,True,0.0,0.0,pass,ok,0.14900313213001937,6.487692475318909,38138175,CI.EMS.--,0
scale2,22185,ok,,0.0,True,True,0.0,0.0,pass,ok,0.13781101815402508,7.310584545135498,38138175,CI.DRE.--,2
deterministic_noise,22185,ok,,0.0,True,True,0.0,0.0,pass,ok,0.13824437744915485,7.641863107681274,38138175,CI.DRE.--,2
scale2,22251,ok,,0.0,True,True,0.0,0.0,pass,ok,0.15821459361177403,5.170284666121006,38138183,CI.EMS.--,0
deterministic_noise,22251,ok,,0.0,True,True,0.0,0.0,pass,ok,0.1582276575936703,4.970302663743496,38138183,CI.EMS.--,0
scale2,22251,ok,,0.0,True,True,0.0,0.0,pass,ok,0.12865815687109716,5.083242833614349,38138183,CI.DRE.--,2
deterministic_noise,22251,ok,,0.0,True,True,0.0,0.0,pass,ok,0.12869429957936518,5.204409539699554,38138183,CI.DRE.--,2
scale2,22137,ok,,0.0,True,True,0.0,0.0,pass,ok,0.1570930556190433,5.1797007620334625,38138415,CI.EMS.--,0
deterministic_noise,22137,ok,,0.0,True,True,0.0,0.0,pass,ok,0.15710274122830015,5.093890160322189,38138415,CI.EMS.--,0
scale2,22137,ok,,0.0,True,True,0.0,0.0,pass,ok,0.13137106614885852,5.743535161018372,38138415,CI.DRE.--,2
deterministic_noise,22137,ok,,0.0,True,True,0.0,0.0,pass,ok,0.13143931311788037,5.575299263000488,38138415,CI.DRE.--,2
scale2,22185,ok,,0.0,True,True,0.0,0.0,pass,ok,0.15998844018031377,5.188954167068005,38138431,CI.EMS.--,0
deterministic_noise,22185,ok,,0.0,True,True,0.0,0.0,pass,ok,0.159999110197532,4.978039443492889,38138431,CI.EMS.--,0
scale2,22185,ok,,0.0,True,True,0.0,0.0,pass,ok,0.12238253363466356,5.665053844451904,38138431,CI.DRE.--,2
deterministic_noise,22185,ok,,0.0,True,True,0.0,0.0,pass,ok,0.12243141523504164,5.693975329399109,38138431,CI.DRE.--,2
scale2,21708,ok,,0.0,True,True,0.0,0.0,pass,ok,0.06787280351272784,5.158563137054443,38146343,CI.VOG.--,0
deterministic_noise,21708,ok,,0.0,True,True,0.0,0.0,pass,ok,0.0678772890532855,5.125868558883667,38146343,CI.VOG.--,0
scale2,21708,ok,,0.0,True,True,0.0,0.0,pass,ok,0.07358371207374148,4.507444888353348,38146343,CI.YEG2.--,1
deterministic_noise,21708,ok,,0.0,True,True,0.0,0.0,pass,ok,0.07356074711424299,4.409243524074554,38146343,CI.YEG2.--,1
scale2,24873,ok,,0.0,True,True,0.0,0.0,pass,ok,0.05277666449546814,6.0467305183410645,38404744,CI.SQC.--,0
deterministic_noise,24873,ok,,0.0,True,True,0.0,0.0,pass,ok,0.05436532199382782,6.670000791549683,38404744,CI.SQC.--,0
scale2,24870,ok,,0.0,True,True,0.0,0.0,pass,ok,0.12570162676274776,6.541096448898315,38404744,CI.LCP.--,1
deterministic_noise,24870,ok,,0.0,True,True,0.0,0.0,pass,ok,0.12553165294229984,6.636889696121216,38404744,CI.LCP.--,1
scale2,24498,ok,,0.0,True,True,0.0,0.0,pass,ok,0.09476861776784062,6.0100027322769165,38207119,CI.CFD.--,0
deterministic_noise,24498,ok,,0.0,True,True,0.0,0.0,pass,ok,0.09481422184035182,5.616011023521423,38207119,CI.CFD.--,0
scale2,24498,ok,,0.0,True,True,0.0,0.0,pass,ok,0.02609750925330445,3.725358337163925,38207119,CI.QAD.--,1
deterministic_noise,24498,ok,,0.0,True,True,0.0,0.0,pass,ok,0.02610556111903861,3.5881142616271973,38207119,CI.QAD.--,1
scale2,24825,ok,,0.0,True,True,0.0,0.0,pass,ok,0.07780155967338942,4.889193892478943,38213159,CI.DTP.--,0
deterministic_noise,24825,ok,,0.0,True,True,0.0,0.0,pass,ok,0.07786764521733858,5.00188022851944,38213159,CI.DTP.--,0
scale2,24825,ok,,0.0,True,True,0.0,0.0,pass,ok,0.13071924640098587,6.864905595779419,38213159,CI.LRL.--,1
deterministic_noise,24825,ok,,0.0,True,True,0.0,0.0,pass,ok,0.13060712622245774,6.942640542984009,38213159,CI.LRL.--,1
scale2,22572,ok,,0.0,True,True,0.0,0.0,pass,ok,0.1445610726805171,5.1047133803367615,37522578,CI.EMS.--,0
deterministic_noise,22572,ok,,0.0,True,True,0.0,0.0,pass,ok,0.14458214690966997,5.059599317610264,37522578,CI.EMS.--,0
scale2,22569,ok,,0.0,True,True,0.0,0.0,pass,ok,0.11226302841532743,4.713276589289308,37522578,CI.COA.--,1
deterministic_noise,22569,ok,,0.0,True,True,0.0,0.0,pass,ok,0.11226783236634219,4.74619129858911,37522578,CI.COA.--,1
scale2,24954,ok,,0.0,True,True,0.0,0.0,pass,ok,0.1229182977695018,6.905632019042969,38277999,CI.WCS2.--,0
deterministic_noise,24954,ok,,0.0,True,True,0.0,0.0,pass,ok,0.12312688189558685,6.732686996459961,38277999,CI.WCS2.--,0
scale2,24954,ok,,0.0,True,True,0.0,0.0,pass,ok,0.10759356152266264,6.931455850601196,38277999,CI.WRC2.--,1
deterministic_noise,24954,ok,,0.0,True,True,0.0,0.0,pass,ok,0.10742547828704119,7.018317937850952,38277999,CI.WRC2.--,1
scale2,22218,ok,,0.0,True,True,0.0,0.0,pass,ok,0.1615161345253,5.045196503400803,38544608,CI.EMS.--,0
deterministic_noise,22218,ok,,0.0,True,True,0.0,0.0,pass,ok,0.1615245296707144,5.152341492474079,38544608,CI.EMS.--,0
scale2,22218,ok,,0.0,True,True,0.0,0.0,pass,ok,0.08964080768055283,4.591095611453056,38544608,CI.SGL.--,1
deterministic_noise,22218,ok,,0.0,True,True,0.0,0.0,pass,ok,0.08963322234922089,4.623271219432354,38544608,CI.SGL.--,1
scale2,21822,ok,,0.0,True,True,0.0,0.0,pass,ok,0.15772251706948737,4.987671934068203,38338687,CI.EMS.--,0
deterministic_noise,21822,ok,,0.0,True,True,0.0,0.0,pass,ok,0.1577256776727154,5.146662630140781,38338687,CI.EMS.--,0
scale2,21822,ok,,0.0,True,True,0.0,0.0,pass,ok,0.11696730468247551,4.74424447491765,38338687,CI.COA.--,1
deterministic_noise,21822,ok,,0.0,True,True,0.0,0.0,pass,ok,0.11696922864939552,4.796586614102125,38338687,CI.COA.--,1
scale2,21813,ok,,0.0,True,True,0.0,0.0,pass,ok,0.16865226264781086,5.197102352976799,38338823,CI.EMS.--,0
deterministic_noise,21813,ok,,0.0,True,True,0.0,0.0,pass,ok,0.1686574107807246,5.070429518818855,38338823,CI.EMS.--,0
scale2,21813,ok,,0.0,True,True,0.0,0.0,pass,ok,0.1047442577455513,4.677593469619751,38338823,CI.COA.--,1
deterministic_noise,21813,ok,,0.0,True,True,0.0,0.0,pass,ok,0.10474777001400071,4.644486665725708,38338823,CI.COA.--,1
scale2,21812,ok,,0.0,True,True,0.0,0.0,pass,ok,0.16785289854669827,5.077025201171637,38339119,CI.EMS.--,0
deterministic_noise,21812,ok,,0.0,True,True,0.0,0.0,pass,ok,0.16785691171025974,5.181054327636957,38339119,CI.EMS.--,0
scale2,21810,ok,,0.0,True,True,0.0,0.0,pass,ok,0.11728379680226908,4.773941339110024,38339119,CI.COA.--,1
deterministic_noise,21810,ok,,0.0,True,True,0.0,0.0,pass,ok,0.11728588686872854,4.7722498764051124,38339119,CI.COA.--,1
scale2,21863,ok,,0.0,True,True,0.0,0.0,pass,ok,0.16786129702450125,5.0821133479475975,37418485,CI.EMS.--,0
deterministic_noise,21863,ok,,0.0,True,True,0.0,0.0,pass,ok,0.1678694493639341,5.176090158522129,37418485,CI.EMS.--,0
scale2,21861,ok,,0.0,True,True,0.0,0.0,pass,ok,0.11728606054020929,4.735859781503677,37418485,CI.COA.--,1
deterministic_noise,21861,ok,,0.0,True,True,0.0,0.0,pass,ok,0.11729464253949118,4.810424417257309,37418485,CI.COA.--,1
scale2,23589,ok,,0.0,True,True,0.0,0.0,pass,ok,0.15758175481460057,5.408568114042282,38343375,CI.SCZ2.--,0
deterministic_noise,23589,ok,,0.0,True,True,0.0,0.0,pass,ok,0.15758799682953395,5.347844272851944,38343375,CI.SCZ2.--,0
scale2,23589,ok,,0.0,True,True,0.0,0.0,pass,ok,0.161301546919276,5.167099989950657,38343375,CI.CHI.--,1
deterministic_noise,23589,ok,,0.0,True,True,0.0,0.0,pass,ok,0.16130835450894665,5.153204679489136,38343375,CI.CHI.--,1
scale2,24705,ok,,0.0,True,True,0.0,0.0,pass,ok,0.1231515109539032,6.692742109298706,38592680,CI.WCS2.--,0
deterministic_noise,24705,ok,,0.0,True,True,0.0,0.0,pass,ok,0.12295129895210266,6.611541986465454,38592680,CI.WCS2.--,0
scale2,24705,ok,,0.0,True,True,0.0,0.0,pass,ok,0.056065251817926764,4.99557489156723,38592680,CI.WMF.--,1
deterministic_noise,24705,ok,,0.0,True,True,0.0,0.0,pass,ok,0.05610973224975169,5.016823649406433,38592680,CI.WMF.--,1
scale2,24714,ok,,0.0,True,True,0.0,0.0,pass,ok,0.12601521494798362,7.0699708461761475,38601472,CI.WCS2.--,0
deterministic_noise,24714,ok,,0.0,True,True,0.0,0.0,pass,ok,0.12595984456129372,7.033140420913696,38601472,CI.WCS2.--,0
scale2,24714,ok,,0.0,True,True,0.0,0.0,pass,ok,0.05578322149813175,5.599375247955322,38601472,CI.WMF.--,1
deterministic_noise,24714,ok,,0.0,True,True,0.0,0.0,pass,ok,0.05588097311556339,5.5524070262908936,38601472,CI.WMF.--,1
scale2,24750,ok,,0.0,True,True,0.0,0.0,pass,ok,0.13898909813724458,6.596255898475647,38644688,CI.WCS2.--,0
deterministic_noise,24750,ok,,0.0,True,True,0.0,0.0,pass,ok,0.13939989381469786,6.832974910736084,38644688,CI.WCS2.--,0
scale2,24750,ok,,0.0,True,True,0.0,0.0,pass,ok,0.07626137899933383,5.537659049034119,38644688,CI.WMF.--,1
deterministic_noise,24750,ok,,0.0,True,True,0.0,0.0,pass,ok,0.07634934765519574,5.496471166610718,38644688,CI.WMF.--,1
scale2,24504,ok,,0.0,True,True,0.0,0.0,pass,ok,0.13615816918900236,5.857637882232666,38422639,CI.AVM.--,0
deterministic_noise,24504,ok,,0.0,True,True,0.0,0.0,pass,ok,0.1362369647831656,5.608835816383362,38422639,CI.AVM.--,0
scale2,24501,ok,,0.0,True,True,0.0,0.0,pass,ok,0.170701872324571,6.664387226104736,38422639,CI.HEC.--,1
deterministic_noise,24501,ok,,0.0,True,True,0.0,0.0,pass,ok,0.17070691683329642,6.296000599861145,38422639,CI.HEC.--,1
scale2,22413,ok,,0.0,True,True,0.0,0.0,pass,ok,0.17133573818136938,5.4684673845767975,38432527,CI.EMS.--,0
deterministic_noise,22413,ok,,0.0,True,True,0.0,0.0,pass,ok,0.17134558034013025,5.254546403884888,38432527,CI.EMS.--,0
scale2,22413,ok,,0.0,True,True,0.0,0.0,pass,ok,0.15710774293984286,5.448963940143585,38432527,CI.DRE.--,1
deterministic_noise,22413,ok,,0.0,True,True,0.0,0.0,pass,ok,0.1571773565665353,5.492999494075775,38432527,CI.DRE.--,1
scale2,24432,ok,,0.0,True,True,0.0,0.0,pass,ok,0.1419091448187828,7.557615756988525,38443191,CI.SRT.--,0
deterministic_noise,24432,ok,,0.0,True,True,0.0,0.0,pass,ok,0.14513839781284332,8.534484386444092,38443191,CI.SRT.--,0
scale2,24432,ok,,0.0,True,True,0.0,0.0,pass,ok,0.10210627689957619,7.727684736251831,38443191,CI.CLC.--,1
deterministic_noise,24432,ok,,0.0,True,True,0.0,0.0,pass,ok,0.10505641624331474,7.579982042312622,38443191,CI.CLC.--,1
scale2,24456,ok,,0.0,True,True,0.0,0.0,pass,ok,0.10246074013411999,6.546672821044922,37255940,CI.CLC.--,0
deterministic_noise,24456,ok,,0.0,True,True,0.0,0.0,pass,ok,0.10478405095636845,5.686755537986755,37255940,CI.CLC.--,0
scale2,24456,ok,,0.0,True,True,0.0,0.0,pass,ok,0.13800740614533424,8.024413108825684,37255940,CI.SRT.--,2
deterministic_noise,24456,ok,,0.0,True,True,0.0,0.0,pass,ok,0.14170533791184425,7.5860755443573,37255940,CI.SRT.--,2
scale2,24369,ok,,0.0,True,True,0.0,0.0,pass,ok,0.10868993937037885,6.437711596488953,37222356,CI.CLC.--,1
deterministic_noise,24369,ok,,0.0,True,True,0.0,0.0,pass,ok,0.10945780784823,6.733400106430054,37222356,CI.CLC.--,1
scale2,24369,ok,,0.0,True,True,0.0,0.0,pass,ok,0.3390193204395473,7.412485837936401,37222356,CI.SLA.--,2
deterministic_noise,24369,ok,,0.0,True,True,0.0,0.0,pass,ok,0.33913687663152814,6.837682604789734,37222356,CI.SLA.--,2
scale2,24558,ok,,0.0,True,True,0.0,0.0,pass,ok,0.11365523608401418,7.247681379318237,37218988,CI.CLC.--,0
deterministic_noise,24558,ok,,0.0,True,True,0.0,0.0,pass,ok,0.1150365131907165,6.8650946617126465,37218988,CI.CLC.--,0
scale2,24558,ok,,0.0,True,True,0.0,0.0,pass,ok,0.13310500420629978,7.153491020202637,37218988,CI.CCC.--,1
deterministic_noise,24558,ok,,0.0,True,True,0.0,0.0,pass,ok,0.13344023190438747,7.266446590423584,37218988,CI.CCC.--,1
scale2,24873,ok,,0.0,True,True,0.0,0.0,pass,ok,0.10721025783277582,6.2641918659210205,37255980,CI.CLC.--,0
deterministic_noise,24873,ok,,0.0,True,True,0.0,0.0,pass,ok,0.1084256676986115,6.846966743469238,37255980,CI.CLC.--,0
scale2,24873,ok,,0.0,True,True,0.0,0.0,pass,ok,0.13949413690716028,7.560680866241455,37255980,CI.SRT.--,1
deterministic_noise,24873,ok,,0.0,True,True,0.0,0.0,pass,ok,0.1404521455988288,6.472836494445801,37255980,CI.SRT.--,1
scale2,24891,ok,,0.0,True,True,0.0,0.0,pass,ok,0.112824238371104,6.565854072570801,37222380,CI.CLC.--,0
deterministic_noise,24891,ok,,0.0,True,True,0.0,0.0,pass,ok,0.1137641747482121,6.801759481430054,37222380,CI.CLC.--,0
scale2,24891,ok,,0.0,True,True,0.0,0.0,pass,ok,0.14635362476110458,6.146071672439575,37222380,CI.SRT.--,1
deterministic_noise,24891,ok,,0.0,True,True,0.0,0.0,pass,ok,0.14614856988191605,6.970905065536499,37222380,CI.SRT.--,1
scale2,24093,ok,,0.0,True,True,0.0,0.0,pass,ok,0.12447211844846606,7.203454971313477,37222372,CI.CCC.--,1
deterministic_noise,24093,ok,,0.0,True,True,0.0,0.0,pass,ok,0.12470561312511563,7.56193470954895,37222372,CI.CCC.--,1
scale2,24093,ok,,0.0,True,True,0.0,0.0,pass,ok,0.325211797375232,8.032145500183105,37222372,CI.SLA.--,3
deterministic_noise,24093,ok,,0.0,True,True,0.0,0.0,pass,ok,0.32533299503847957,7.699857950210571,37222372,CI.SLA.--,3
scale2,24492,ok,,0.0,True,True,0.0,0.0,pass,ok,0.10234288801439106,6.2865400314331055,37222364,CI.CLC.--,0
deterministic_noise,24492,ok,,0.0,True,True,0.0,0.0,pass,ok,0.10286628524772823,6.436981439590454,37222364,CI.CLC.--,0
scale2,24492,ok,,0.0,True,True,0.0,0.0,pass,ok,0.12303529027849436,7.769905090332031,37222364,CI.CCC.--,1
deterministic_noise,24492,ok,,0.0,True,True,0.0,0.0,pass,ok,0.12343948241323233,8.012453556060791,37222364,CI.CCC.--,1
scale2,24270,ok,,0.0,True,True,0.0,0.0,pass,ok,0.1202238155528903,7.821978807449341,37218996,CI.CCC.--,0
deterministic_noise,24270,ok,,0.0,True,True,0.0,0.0,pass,ok,0.12093110103160143,7.743539571762085,37218996,CI.CCC.--,0
scale2,24270,ok,,0.0,True,True,0.0,0.0,pass,ok,0.10037818446289748,6.91204571723938,37218996,CI.CLC.--,1
deterministic_noise,24270,ok,,0.0,True,True,0.0,0.0,pass,ok,0.10112784162629396,7.296802759170532,37218996,CI.CLC.--,1
scale2,24876,ok,,0.0,True,True,0.0,0.0,pass,ok,0.10377941047772765,6.48793888092041,38443199,CI.CLC.--,0
deterministic_noise,24876,ok,,0.0,True,True,0.0,0.0,pass,ok,0.10526099288836122,6.799276351928711,38443199,CI.CLC.--,0
scale2,24876,ok,,0.0,True,True,0.0,0.0,pass,ok,0.1341007489245385,6.791264533996582,38443199,CI.SRT.--,1
deterministic_noise,24876,ok,,0.0,True,True,0.0,0.0,pass,ok,0.13447445747442544,6.391042470932007,38443199,CI.SRT.--,1
scale2,24609,ok,,0.0,True,True,0.0,0.0,pass,ok,0.10222154436632991,6.358281135559082,37421941,CI.CLC.--,0
deterministic_noise,24609,ok,,0.0,True,True,0.0,0.0,pass,ok,0.10253315838053823,6.137733697891235,37421941,CI.CLC.--,0
scale2,24609,ok,,0.0,True,True,0.0,0.0,pass,ok,0.12313260836526752,6.660301208496094,37421941,CI.CCC.--,1
deterministic_noise,24609,ok,,0.0,True,True,0.0,0.0,pass,ok,0.12325424002483487,6.480195045471191,37421941,CI.CCC.--,1
scale2,24489,ok,,0.0,True,True,0.0,0.0,pass,ok,0.14660879923030734,5.895139455795288,37222396,CI.SRT.--,0
deterministic_noise,24489,ok,,0.0,True,True,0.0,0.0,pass,ok,0.14653320657089353,5.65366005897522,37222396,CI.SRT.--,0
scale2,24489,ok,,0.0,True,True,0.0,0.0,pass,ok,0.13147132843732834,6.493350148200989,37222396,CI.LRL.--,1
deterministic_noise,24489,ok,,0.0,True,True,0.0,0.0,pass,ok,0.13148070126771927,6.514720678329468,37222396,CI.LRL.--,1
scale2,24894,ok,,0.0,True,True,0.0,0.0,pass,ok,0.13052748213522136,5.818828463554382,37259588,CI.SRT.--,0
deterministic_noise,24894,ok,,0.0,True,True,0.0,0.0,pass,ok,0.13040280272252858,4.961947202682495,37259588,CI.SRT.--,0
scale2,24894,ok,,0.0,True,True,0.0,0.0,pass,ok,0.09961572987958789,5.492730677127838,37259588,CI.CLC.--,1
deterministic_noise,24894,ok,,0.0,True,True,0.0,0.0,pass,ok,0.09969801502302289,5.384232521057129,37259588,CI.CLC.--,1
scale2,24504,ok,,0.0,True,True,0.0,0.0,pass,ok,0.1309575584018603,5.656402289867401,37259612,CI.SRT.--,0
deterministic_noise,24504,ok,,0.0,True,True,0.0,0.0,pass,ok,0.13113288616295904,5.033984065055847,37259612,CI.SRT.--,0
scale2,24504,ok,,0.0,True,True,0.0,0.0,pass,ok,0.1162130962475203,6.739910840988159,37259612,CI.LRL.--,1
deterministic_noise,24504,ok,,0.0,True,True,0.0,0.0,pass,ok,0.11575865937629715,6.19472861289978,37259612,CI.LRL.--,1
scale2,24807,ok,,0.0,True,True,0.0,0.0,pass,ok,0.12214357312768698,6.693218946456909,37222404,CI.LRL.--,0
deterministic_noise,24807,ok,,0.0,True,True,0.0,0.0,pass,ok,0.12178934458643198,6.340404152870178,37222404,CI.LRL.--,0
scale2,24807,ok,,0.0,True,True,0.0,0.0,pass,ok,0.13794172334019095,6.16287088394165,37222404,CI.SRT.--,1
deterministic_noise,24807,ok,,0.0,True,True,0.0,0.0,pass,ok,0.13801635277923197,6.054334044456482,37222404,CI.SRT.--,1
scale2,24483,ok,,0.0,True,True,0.0,0.0,pass,ok,0.10544184281025082,6.135524272918701,38443215,CI.CLC.--,0
deterministic_noise,24483,ok,,0.0,True,True,0.0,0.0,pass,ok,0.1059170396765694,6.062899470329285,38443215,CI.CLC.--,0
scale2,24483,ok,,0.0,True,True,0.0,0.0,pass,ok,0.12697236984968185,7.941767692565918,38443215,CI.CCC.--,1
deterministic_noise,24483,ok,,0.0,True,True,0.0,0.0,pass,ok,0.1281799003481865,8.026220560073853,38443215,CI.CCC.--,1
scale2,24852,ok,,0.0,True,True,0.0,0.0,pass,ok,0.10582760535180569,6.452897548675537,38443223,CI.CLC.--,0
deterministic_noise,24852,ok,,0.0,True,True,0.0,0.0,pass,ok,0.10703940130770206,6.424380540847778,38443223,CI.CLC.--,0
scale2,24852,ok,,0.0,True,True,0.0,0.0,pass,ok,0.1375355779164238,7.274478912353516,38443223,CI.SRT.--,1
deterministic_noise,24852,ok,,0.0,True,True,0.0,0.0,pass,ok,0.13772625634737778,7.236539840698242,38443223,CI.SRT.--,1
scale2,24639,ok,,0.0,True,True,0.0,0.0,pass,ok,0.11089271493256092,7.3262059688568115,38443231,CI.CLC.--,0
deterministic_noise,24639,ok,,0.0,True,True,0.0,0.0,pass,ok,0.1136945839971304,7.238427639007568,38443231,CI.CLC.--,0
scale2,24639,ok,,0.0,True,True,0.0,0.0,pass,ok,0.14638260565698147,7.002134084701538,38443231,CI.SRT.--,1
deterministic_noise,24639,ok,,0.0,True,True,0.0,0.0,pass,ok,0.1462933961302042,7.183230400085449,38443231,CI.SRT.--,1
scale2,24837,ok,,0.0,True,True,0.0,0.0,pass,ok,0.10995423409622163,5.9341161251068115,37222516,CI.CLC.--,0
deterministic_noise,24837,ok,,0.0,True,True,0.0,0.0,pass,ok,0.11089251574594527,5.909016132354736,37222516,CI.CLC.--,0
scale2,24837,ok,,0.0,True,True,0.0,0.0,pass,ok,0.1442657400475582,6.086898684501648,37222516,CI.SRT.--,1
deterministic_noise,24837,ok,,0.0,True,True,0.0,0.0,pass,ok,0.1443052749527851,6.220655798912048,37222516,CI.SRT.--,1
scale2,24786,ok,,0.0,True,True,0.0,0.0,pass,ok,0.11207464752078522,6.268136262893677,37421957,CI.CLC.--,0
deterministic_noise,24786,ok,,0.0,True,True,0.0,0.0,pass,ok,0.11290075960278045,6.411787748336792,37421957,CI.CLC.--,0
scale2,24786,ok,,0.0,True,True,0.0,0.0,pass,ok,0.146364554639149,5.632120251655579,37421957,CI.SRT.--,1
deterministic_noise,24786,ok,,0.0,True,True,0.0,0.0,pass,ok,0.1463230253502843,5.197690486907959,37421957,CI.SRT.--,1
scale2,24570,ok,,0.0,True,True,0.0,0.0,pass,ok,0.12250423745717853,6.258005619049072,37421973,CI.LRL.--,0
deterministic_noise,24570,ok,,0.0,True,True,0.0,0.0,pass,ok,0.12230657471809536,6.047982931137085,37421973,CI.LRL.--,0
scale2,24570,ok,,0.0,True,True,0.0,0.0,pass,ok,0.13793194765457883,5.621466159820557,37421973,CI.SRT.--,1
deterministic_noise,24570,ok,,0.0,True,True,0.0,0.0,pass,ok,0.13799502974143252,5.660599589347839,37421973,CI.SRT.--,1
scale2,24810,ok,,0.0,True,True,0.0,0.0,pass,ok,0.1269630808965303,6.014984607696533,37421965,CI.LRL.--,0
deterministic_noise,24810,ok,,0.0,True,True,0.0,0.0,pass,ok,0.12679479824146256,5.993808627128601,37421965,CI.LRL.--,0
scale2,24810,ok,,0.0,True,True,0.0,0.0,pass,ok,0.14248589707131032,6.506155252456665,37421965,CI.SRT.--,1
deterministic_noise,24810,ok,,0.0,True,True,0.0,0.0,pass,ok,0.1425215946364915,6.571117639541626,37421965,CI.SRT.--,1
scale2,24843,ok,,0.0,True,True,0.0,0.0,pass,ok,0.1116991724120453,5.5567508935928345,38443239,CI.CLC.--,0
deterministic_noise,24843,ok,,0.0,True,True,0.0,0.0,pass,ok,0.11227940663229674,5.565983295440674,38443239,CI.CLC.--,0
scale2,24843,ok,,0.0,True,True,0.0,0.0,pass,ok,0.14628298429306597,6.319943189620972,38443239,CI.SRT.--,1
deterministic_noise,24843,ok,,0.0,True,True,0.0,0.0,pass,ok,0.14625950308982283,6.068608403205872,38443239,CI.SRT.--,1
scale2,24435,ok,,0.0,True,True,0.0,0.0,pass,ok,0.10864097974263132,6.0631103515625,37421925,CI.CLC.--,0
deterministic_noise,24435,ok,,0.0,True,True,0.0,0.0,pass,ok,0.1090478787664324,6.185887813568115,37421925,CI.CLC.--,0
scale2,24435,ok,,0.0,True,True,0.0,0.0,pass,ok,0.14262370113283396,6.428048610687256,37421925,CI.SRT.--,1
deterministic_noise,24435,ok,,0.0,True,True,0.0,0.0,pass,ok,0.1426716661080718,6.790120601654053,37421925,CI.SRT.--,1
scale2,24909,ok,,0.0,True,True,0.0,0.0,pass,ok,0.11167835630476475,5.819454073905945,37421933,CI.CLC.--,0
deterministic_noise,24909,ok,,0.0,True,True,0.0,0.0,pass,ok,0.11234871111810207,5.614615738391876,37421933,CI.CLC.--,0
scale2,24909,ok,,0.0,True,True,0.0,0.0,pass,ok,0.14601251043495722,5.471181869506836,37421933,CI.SRT.--,1
deterministic_noise,24909,ok,,0.0,True,True,0.0,0.0,pass,ok,0.1459924473601859,5.5715362429618835,37421933,CI.SRT.--,1
scale2,24549,ok,,0.0,True,True,0.0,0.0,pass,ok,0.10725332796573639,5.603668570518494,37421997,CI.CLC.--,0
deterministic_noise,24549,ok,,0.0,True,True,0.0,0.0,pass,ok,0.10749252885580063,5.732565760612488,37421997,CI.CLC.--,0
scale2,24549,ok,,0.0,True,True,0.0,0.0,pass,ok,0.12863400165224448,5.872796893119812,37421997,CI.CCC.--,1
deterministic_noise,24549,ok,,0.0,True,True,0.0,0.0,pass,ok,0.12869443412637338,6.205810189247131,37421997,CI.CCC.--,1
scale2,24756,ok,,0.0,True,True,0.0,0.0,pass,ok,0.10540934384334832,6.459523916244507,37421989,CI.CLC.--,0
deterministic_noise,24756,ok,,0.0,True,True,0.0,0.0,pass,ok,0.10591211437713355,6.9933249950408936,37421989,CI.CLC.--,0
scale2,24756,ok,,0.0,True,True,0.0,0.0,pass,ok,0.13771165307844058,5.61929851770401,37421989,CI.SRT.--,1
deterministic_noise,24756,ok,,0.0,True,True,0.0,0.0,pass,ok,0.1377647728077136,5.643070995807648,37421989,CI.SRT.--,1
scale2,24522,ok,,0.0,True,True,0.0,0.0,pass,ok,0.14658665901515633,5.762816309928894,38443263,CI.SRT.--,0
deterministic_noise,24522,ok,,0.0,True,True,0.0,0.0,pass,ok,0.1465501313796267,5.739874720573425,38443263,CI.SRT.--,0
scale2,24522,ok,,0.0,True,True,0.0,0.0,pass,ok,0.11235986120300367,5.879175186157227,38443263,CI.CLC.--,1
deterministic_noise,24522,ok,,0.0,True,True,0.0,0.0,pass,ok,0.11259820841951296,6.053269863128662,38443263,CI.CLC.--,1
scale2,24495,ok,,0.0,True,True,0.0,0.0,pass,ok,0.14553071997943334,5.663265347480774,38443271,CI.SRT.--,0
deterministic_noise,24495,ok,,0.0,True,True,0.0,0.0,pass,ok,0.1455230966967065,5.597878932952881,38443271,CI.SRT.--,0
scale2,24495,ok,,0.0,True,True,0.0,0.0,pass,ok,0.12984473397955298,6.572655916213989,38443271,CI.LRL.--,1
deterministic_noise,24495,ok,,0.0,True,True,0.0,0.0,pass,ok,0.1297993273474276,6.572548866271973,38443271,CI.LRL.--,1
scale2,24885,ok,,0.0,True,True,0.0,0.0,pass,ok,0.10435204091481864,6.327592611312866,38443279,CI.CLC.--,0
deterministic_noise,24885,ok,,0.0,True,True,0.0,0.0,pass,ok,0.10530082252807915,6.1755512952804565,38443279,CI.CLC.--,0
scale2,24885,ok,,0.0,True,True,0.0,0.0,pass,ok,0.13819003524258733,6.000504016876221,38443279,CI.SRT.--,1
deterministic_noise,24885,ok,,0.0,True,True,0.0,0.0,pass,ok,0.13823636947199702,6.048947095870972,38443279,CI.SRT.--,1
scale2,24882,ok,,0.0,True,True,0.0,0.0,pass,ok,0.09984827251173556,5.579556584358215,37222548,CI.CLC.--,0
deterministic_noise,24882,ok,,0.0,True,True,0.0,0.0,pass,ok,0.10010093986056745,5.593553781509399,37222548,CI.CLC.--,0
scale2,24882,ok,,0.0,True,True,0.0,0.0,pass,ok,0.13066929671913385,6.197644233703613,37222548,CI.SRT.--,1
deterministic_noise,24882,ok,,0.0,True,True,0.0,0.0,pass,ok,0.13081085588783026,6.480299353599548,37222548,CI.SRT.--,1
scale2,24915,ok,,0.0,True,True,0.0,0.0,pass,ok,0.09966294647892937,5.895040035247803,37222556,CI.CLC.--,0
deterministic_noise,24915,ok,,0.0,True,True,0.0,0.0,pass,ok,0.0998370852903463,5.961872577667236,37222556,CI.CLC.--,0
scale2,24915,ok,,0.0,True,True,0.0,0.0,pass,ok,0.1308536189608276,7.059909105300903,37222556,CI.SRT.--,1
deterministic_noise,24915,ok,,0.0,True,True,0.0,0.0,pass,ok,0.1307258796878159,7.123199701309204,37222556,CI.SRT.--,1
scale2,24369,ok,,0.0,True,True,0.0,0.0,pass,ok,0.13100671884603798,6.0978909730911255,37222564,CI.SRT.--,0
deterministic_noise,24369,ok,,0.0,True,True,0.0,0.0,pass,ok,0.13124972465448081,5.705267786979675,37222564,CI.SRT.--,0
scale2,24369,ok,,0.0,True,True,0.0,0.0,pass,ok,0.10033976251725107,5.51493513584137,37222564,CI.CLC.--,1
deterministic_noise,24369,ok,,0.0,True,True,0.0,0.0,pass,ok,0.10077898239251226,5.573835849761963,37222564,CI.CLC.--,1
scale2,24669,ok,,0.0,True,True,0.0,0.0,pass,ok,0.10743924393318594,5.545378804206848,37222572,CI.CLC.--,0
deterministic_noise,24669,ok,,0.0,True,True,0.0,0.0,pass,ok,0.10802579508163035,5.674133896827698,37222572,CI.CLC.--,0
scale2,24669,ok,,0.0,True,True,0.0,0.0,pass,ok,0.14043444517301396,5.351848006248474,37222572,CI.SRT.--,1
deterministic_noise,24669,ok,,0.0,True,True,0.0,0.0,pass,ok,0.14050042507005855,5.468118906021118,37222572,CI.SRT.--,1
scale2,24552,ok,,0.0,True,True,0.0,0.0,pass,ok,0.11020363972056657,6.204567193984985,38443287,CI.CLC.--,0
deterministic_noise,24552,ok,,0.0,True,True,0.0,0.0,pass,ok,0.11087439849507064,6.581992864608765,38443287,CI.CLC.--,0
scale2,24552,ok,,0.0,True,True,0.0,0.0,pass,ok,0.1444889516569674,7.7447288036346436,38443287,CI.SRT.--,1
deterministic_noise,24552,ok,,0.0,True,True,0.0,0.0,pass,ok,0.144514465238899,7.331119775772095,38443287,CI.SRT.--,1
scale2,24486,ok,,0.0,True,True,0.0,0.0,pass,ok,0.10757667850703001,5.220081210136414,38443311,CI.CLC.--,0
deterministic_noise,24486,ok,,0.0,True,True,0.0,0.0,pass,ok,0.10767956543713808,5.0973175168037415,38443311,CI.CLC.--,0
scale2,24486,ok,,0.0,True,True,0.0,0.0,pass,ok,0.12872422655345872,5.777522921562195,38443311,CI.CCC.--,1
deterministic_noise,24486,ok,,0.0,True,True,0.0,0.0,pass,ok,0.12875265459297225,5.9383465051651,38443311,CI.CCC.--,1
scale2,24645,ok,,0.0,True,True,0.0,0.0,pass,ok,0.10044242414005566,5.908648133277893,38443319,CI.CLC.--,0
deterministic_noise,24645,ok,,0.0,True,True,0.0,0.0,pass,ok,0.10092296478978824,6.1356422901153564,38443319,CI.CLC.--,0
scale2,24645,ok,,0.0,True,True,0.0,0.0,pass,ok,0.13071125006536022,5.9518067836761475,38443319,CI.SRT.--,1
deterministic_noise,24645,ok,,0.0,True,True,0.0,0.0,pass,ok,0.13078787171980366,5.794381141662598,38443319,CI.SRT.--,1
scale2,24573,ok,,0.0,True,True,0.0,0.0,pass,ok,0.11044970946386456,5.683303236961365,37422005,CI.CLC.--,0
deterministic_noise,24573,ok,,0.0,True,True,0.0,0.0,pass,ok,0.11057629389688373,5.3508442640304565,37422005,CI.CLC.--,0
scale2,24573,ok,,0.0,True,True,0.0,0.0,pass,ok,0.14444512594491243,5.392185389995575,37422005,CI.SRT.--,1
deterministic_noise,24573,ok,,0.0,True,True,0.0,0.0,pass,ok,0.1444474859163165,5.09447169303894,37422005,CI.SRT.--,1
scale2,24648,ok,,0.0,True,True,0.0,0.0,pass,ok,0.12419040454551578,7.162781000137329,37223156,CI.LRL.--,0
deterministic_noise,24648,ok,,0.0,True,True,0.0,0.0,pass,ok,0.1237458367832005,7.079849720001221,37223156,CI.LRL.--,0
scale2,24648,ok,,0.0,True,True,0.0,0.0,pass,ok,0.14046495558795868,6.766094923019409,37223156,CI.SRT.--,1
deterministic_noise,24648,ok,,0.0,True,True,0.0,0.0,pass,ok,0.14060305653038085,7.189065217971802,37223156,CI.SRT.--,1
scale2,24507,ok,,0.0,True,True,0.0,0.0,pass,ok,0.10545199131593108,6.278545618057251,38443383,CI.CLC.--,0
deterministic_noise,24507,ok,,0.0,True,True,0.0,0.0,pass,ok,0.10574235254898667,6.574922800064087,38443383,CI.CLC.--,0
scale2,24507,ok,,0.0,True,True,0.0,0.0,pass,ok,0.12335759261623025,7.274667024612427,38443383,CI.CCC.--,1
deterministic_noise,24507,ok,,0.0,True,True,0.0,0.0,pass,ok,0.12353237112984061,7.2880847454071045,38443383,CI.CCC.--,1
scale2,24675,ok,,0.0,True,True,0.0,0.0,pass,ok,0.11645218823105097,7.243699312210083,38443391,CI.LRL.--,0
deterministic_noise,24675,ok,,0.0,True,True,0.0,0.0,pass,ok,0.11586625035852194,7.165881633758545,38443391,CI.LRL.--,0
scale2,24675,ok,,0.0,True,True,0.0,0.0,pass,ok,0.1308722877583932,6.694120168685913,38443391,CI.SRT.--,1
deterministic_noise,24675,ok,,0.0,True,True,0.0,0.0,pass,ok,0.1311349189199973,6.861902475357056,38443391,CI.SRT.--,1
scale2,24471,ok,,0.0,True,True,0.0,0.0,pass,ok,0.10015431407373399,5.527503252029419,38443407,CI.CLC.--,0
deterministic_noise,24471,ok,,0.0,True,True,0.0,0.0,pass,ok,0.10032913472969085,5.402836441993713,38443407,CI.CLC.--,0
scale2,24471,ok,,0.0,True,True,0.0,0.0,pass,ok,0.11938495864160359,6.626510858535767,38443407,CI.CCC.--,1
deterministic_noise,24471,ok,,0.0,True,True,0.0,0.0,pass,ok,0.11944931815378368,6.7221901416778564,38443407,CI.CCC.--,1
scale2,24612,ok,,0.0,True,True,0.0,0.0,pass,ok,0.10920222196727991,5.895471572875977,37223308,CI.CLC.--,0
deterministic_noise,24612,ok,,0.0,True,True,0.0,0.0,pass,ok,0.10967779066413641,5.88982355594635,37223308,CI.CLC.--,0
scale2,24612,ok,,0.0,True,True,0.0,0.0,pass,ok,0.13117740605957806,6.1076812744140625,37223308,CI.CCC.--,1
deterministic_noise,24612,ok,,0.0,True,True,0.0,0.0,pass,ok,0.13133278931491077,6.460474967956543,37223308,CI.CCC.--,1
scale2,24432,ok,,0.0,True,True,0.0,0.0,pass,ok,0.09968298824969679,6.30513596534729,38443415,CI.CLC.--,0
deterministic_noise,24432,ok,,0.0,True,True,0.0,0.0,pass,ok,0.09977643040474504,5.941588044166565,38443415,CI.CLC.--,0
scale2,24432,ok,,0.0,True,True,0.0,0.0,pass,ok,0.13035913024214096,7.0937182903289795,38443415,CI.SRT.--,1
deterministic_noise,24432,ok,,0.0,True,True,0.0,0.0,pass,ok,0.1301680931064766,7.389910459518433,38443415,CI.SRT.--,1
scale2,24573,ok,,0.0,True,True,0.0,0.0,pass,ok,0.10915274103172123,6.065441846847534,38443431,CI.CLC.--,0
deterministic_noise,24573,ok,,0.0,True,True,0.0,0.0,pass,ok,0.10963408718816936,6.068433046340942,38443431,CI.CLC.--,0
scale2,24573,ok,,0.0,True,True,0.0,0.0,pass,ok,0.1426827065879479,6.495494604110718,38443431,CI.SRT.--,1
deterministic_noise,24573,ok,,0.0,True,True,0.0,0.0,pass,ok,0.14273757708724588,6.861595869064331,38443431,CI.SRT.--,1
scale2,24621,ok,,0.0,True,True,0.0,0.0,pass,ok,0.10673927329480648,6.008904695510864,38443439,CI.CLC.--,0
deterministic_noise,24621,ok,,0.0,True,True,0.0,0.0,pass,ok,0.1071817371994257,5.7927539348602295,38443439,CI.CLC.--,0
scale2,24621,ok,,0.0,True,True,0.0,0.0,pass,ok,0.12771356105804443,6.51096248626709,38443439,CI.CCC.--,1
deterministic_noise,24621,ok,,0.0,True,True,0.0,0.0,pass,ok,0.1278713494539261,6.5618942975997925,38443439,CI.CCC.--,1
scale2,24513,ok,,0.0,True,True,0.0,0.0,pass,ok,0.1074138805270195,5.539739370346069,37420701,CI.CLC.--,0
deterministic_noise,24513,ok,,0.0,True,True,0.0,0.0,pass,ok,0.10758990794420242,5.297275424003601,37420701,CI.CLC.--,0
scale2,24513,ok,,0.0,True,True,0.0,0.0,pass,ok,0.14058661297895014,6.064857125282288,37420701,CI.SRT.--,1
deterministic_noise,24513,ok,,0.0,True,True,0.0,0.0,pass,ok,0.14062099321745336,6.0541685819625854,37420701,CI.SRT.--,1
scale2,24498,ok,,0.0,True,True,0.0,0.0,pass,ok,0.1030338349955855,5.2682130336761475,38443519,CI.CLC.--,0
deterministic_noise,24498,ok,,0.0,True,True,0.0,0.0,pass,ok,0.10313647806469817,5.27944678068161,38443519,CI.CLC.--,0
scale2,24498,ok,,0.0,True,True,0.0,0.0,pass,ok,0.13468969747191295,6.243921875953674,38443519,CI.SRT.--,1
deterministic_noise,24498,ok,,0.0,True,True,0.0,0.0,pass,ok,0.13474003091687337,6.0322041511535645,38443519,CI.SRT.--,1
scale2,24525,ok,,0.0,True,True,0.0,0.0,pass,ok,0.10293270507827401,5.747094988822937,38443527,CI.CLC.--,0
deterministic_noise,24525,ok,,0.0,True,True,0.0,0.0,pass,ok,0.10320637514814734,5.8256319761276245,38443527,CI.CLC.--,0
scale2,24525,ok,,0.0,True,True,0.0,0.0,pass,ok,0.1223665268626064,7.077320575714111,38443527,CI.CCC.--,1
deterministic_noise,24525,ok,,0.0,True,True,0.0,0.0,pass,ok,0.12244357750751078,6.968106508255005,38443527,CI.CCC.--,1
scale2,24549,ok,,0.0,True,True,0.0,0.0,pass,ok,0.09921190049499273,6.80599045753479,38443543,CI.CLC.--,0
deterministic_noise,24549,ok,,0.0,True,True,0.0,0.0,pass,ok,0.09942115191370249,7.024734735488892,38443543,CI.CLC.--,0
scale2,24549,ok,,0.0,True,True,0.0,0.0,pass,ok,0.13046805816702545,7.036889314651489,38443543,CI.SRT.--,1
deterministic_noise,24549,ok,,0.0,True,True,0.0,0.0,pass,ok,0.1301335368771106,7.015202760696411,38443543,CI.SRT.--,1
scale2,24657,ok,,0.0,True,True,0.0,0.0,pass,ok,0.12526565487496555,6.00906240940094,37229300,CI.LRL.--,0
deterministic_noise,24657,ok,,0.0,True,True,0.0,0.0,pass,ok,0.12513229553587735,6.240667104721069,37229300,CI.LRL.--,0
scale2,24657,ok,,0.0,True,True,0.0,0.0,pass,ok,0.14055232840473764,5.655101239681244,37229300,CI.SRT.--,1
deterministic_noise,24657,ok,,0.0,True,True,0.0,0.0,pass,ok,0.14057516914908774,5.839656472206116,37229300,CI.SRT.--,1
scale2,24615,ok,,0.0,True,True,0.0,0.0,pass,ok,0.13260296266525984,7.781734228134155,38443607,CI.LRL.--,0
deterministic_noise,24615,ok,,0.0,True,True,0.0,0.0,pass,ok,0.12920245248824358,7.907879829406738,38443607,CI.LRL.--,0
scale2,24615,ok,,0.0,True,True,0.0,0.0,pass,ok,0.14133105799555779,8.30363917350769,38443607,CI.SRT.--,1
deterministic_noise,24615,ok,,0.0,True,True,0.0,0.0,pass,ok,0.14196665212512016,8.101130485534668,38443607,CI.SRT.--,1
scale2,24456,ok,,0.0,True,True,0.0,0.0,pass,ok,0.10546963289380074,5.319515705108643,37224612,CI.CLC.--,0
deterministic_noise,24456,ok,,0.0,True,True,0.0,0.0,pass,ok,0.10559951141476631,5.332841873168945,37224612,CI.CLC.--,0
scale2,24456,ok,,0.0,True,True,0.0,0.0,pass,ok,0.1380214954551775,5.419254004955292,37224612,CI.SRT.--,1
deterministic_noise,24456,ok,,0.0,True,True,0.0,0.0,pass,ok,0.13809870529803447,5.198534727096558,37224612,CI.SRT.--,1
scale2,24522,ok,,0.0,True,True,0.0,0.0,pass,ok,0.10753921081777662,5.422922611236572,38443615,CI.CLC.--,0
deterministic_noise,24522,ok,,0.0,True,True,0.0,0.0,pass,ok,0.10773050377611071,5.738023161888123,38443615,CI.CLC.--,0
scale2,24522,ok,,0.0,True,True,0.0,0.0,pass,ok,0.12922271573916078,6.273847460746765,38443615,CI.CCC.--,1
deterministic_noise,24522,ok,,0.0,True,True,0.0,0.0,pass,ok,0.1292900345288217,6.105769634246826,38443615,CI.CCC.--,1
scale2,24408,ok,,0.0,True,True,0.0,0.0,pass,ok,0.09998397156596184,6.937669038772583,37421213,CI.CLC.--,0
deterministic_noise,24408,ok,,0.0,True,True,0.0,0.0,pass,ok,0.10333826020359993,6.931487798690796,37421213,CI.CLC.--,0
scale2,24408,ok,,0.0,True,True,0.0,0.0,pass,ok,0.11737223621457815,7.804856300354004,37421213,CI.CCC.--,1
deterministic_noise,24408,ok,,0.0,True,True,0.0,0.0,pass,ok,0.11920932028442621,7.830695629119873,37421213,CI.CCC.--,1
scale2,24585,ok,,0.0,True,True,0.0,0.0,pass,ok,0.10011416743509471,5.217548310756683,37230556,CI.CLC.--,0
deterministic_noise,24585,ok,,0.0,True,True,0.0,0.0,pass,ok,0.10031898994930089,5.435602903366089,37230556,CI.CLC.--,0
scale2,24585,ok,,0.0,True,True,0.0,0.0,pass,ok,0.1309948082198389,6.263261675834656,37230556,CI.SRT.--,1
deterministic_noise,24585,ok,,0.0,True,True,0.0,0.0,pass,ok,0.13149884686572477,5.9933319091796875,37230556,CI.SRT.--,1
scale2,24378,ok,,0.0,True,True,0.0,0.0,pass,ok,0.13106990820961073,6.398120403289795,37230564,CI.CCC.--,0
deterministic_noise,24378,ok,,0.0,True,True,0.0,0.0,pass,ok,0.1312046103994362,6.4159873723983765,37230564,CI.CCC.--,0
scale2,24378,ok,,0.0,True,True,0.0,0.0,pass,ok,0.10946909812628292,5.38605272769928,37230564,CI.CLC.--,1
deterministic_noise,24378,ok,,0.0,True,True,0.0,0.0,pass,ok,0.10973793538869359,5.3872363567352295,37230564,CI.CLC.--,1
scale2,24531,ok,,0.0,True,True,0.0,0.0,pass,ok,0.11054478446021676,6.0338181257247925,38443671,CI.CLC.--,0
deterministic_noise,24531,ok,,0.0,True,True,0.0,0.0,pass,ok,0.1108116596005857,5.773087382316589,38443671,CI.CLC.--,0
scale2,24531,ok,,0.0,True,True,0.0,0.0,pass,ok,0.13190596271306276,6.810193061828613,38443671,CI.CCC.--,1
deterministic_noise,24531,ok,,0.0,True,True,0.0,0.0,pass,ok,0.1320028705522418,6.058761715888977,38443671,CI.CCC.--,1
scale2,24831,ok,,0.0,True,True,0.0,0.0,pass,ok,0.10247874981723726,6.1106791496276855,38443695,CI.CLC.--,0
deterministic_noise,24831,ok,,0.0,True,True,0.0,0.0,pass,ok,0.10300701879896224,6.143267393112183,38443695,CI.CLC.--,0
scale2,24831,ok,,0.0,True,True,0.0,0.0,pass,ok,0.1344628434162587,6.117829442024231,38443695,CI.SRT.--,1
deterministic_noise,24831,ok,,0.0,True,True,0.0,0.0,pass,ok,0.13453132403083146,6.673605918884277,38443695,CI.SRT.--,1
scale2,24636,ok,,0.0,True,True,0.0,0.0,pass,ok,0.11725569027476013,7.826077938079834,38443703,CI.LRL.--,0
deterministic_noise,24636,ok,,0.0,True,True,0.0,0.0,pass,ok,0.11726376903243363,7.857901096343994,38443703,CI.LRL.--,0
scale2,24636,ok,,0.0,True,True,0.0,0.0,pass,ok,0.13113975152373314,8.208984136581421,38443703,CI.SRT.--,1
deterministic_noise,24636,ok,,0.0,True,True,0.0,0.0,pass,ok,0.13031471893191338,7.988816261291504,38443703,CI.SRT.--,1
scale2,24405,ok,,0.0,True,True,0.0,0.0,pass,ok,0.10330673241696786,5.513701438903809,38443711,CI.CLC.--,0
deterministic_noise,24405,ok,,0.0,True,True,0.0,0.0,pass,ok,0.1035020208946662,5.628922700881958,38443711,CI.CLC.--,0
scale2,24405,ok,,0.0,True,True,0.0,0.0,pass,ok,0.12316139199538156,6.268193960189819,38443711,CI.CCC.--,1
deterministic_noise,24405,ok,,0.0,True,True,0.0,0.0,pass,ok,0.12321604631142691,6.0006362199783325,38443711,CI.CCC.--,1
scale2,24813,ok,,0.0,True,True,0.0,0.0,pass,ok,0.09966039191931486,7.168760776519775,37420717,CI.CLC.--,0
deterministic_noise,24813,ok,,0.0,True,True,0.0,0.0,pass,ok,0.1001479746773839,7.111028432846069,37420717,CI.CLC.--,0
scale2,24813,ok,,0.0,True,True,0.0,0.0,pass,ok,0.12983845733106136,7.548962593078613,37420717,CI.SRT.--,1
deterministic_noise,24813,ok,,0.0,True,True,0.0,0.0,pass,ok,0.12881242856383324,7.565292119979858,37420717,CI.SRT.--,1
scale2,24573,ok,,0.0,True,True,0.0,0.0,pass,ok,0.10913861350854859,5.035335123538971,37230948,CI.CLC.--,0
deterministic_noise,24573,ok,,0.0,True,True,0.0,0.0,pass,ok,0.10926085157552734,4.853139594197273,37230948,CI.CLC.--,0
scale2,24573,ok,,0.0,True,True,0.0,0.0,pass,ok,0.1307463406410534,5.189082115888596,37230948,CI.CCC.--,2
deterministic_noise,24573,ok,,0.0,True,True,0.0,0.0,pass,ok,0.13078487824532203,4.974957525730133,37230948,CI.CCC.--,2
scale2,24792,ok,,0.0,True,True,0.0,0.0,pass,ok,0.11020869825370028,5.078529417514801,37230908,CI.CLC.--,0
deterministic_noise,24792,ok,,0.0,True,True,0.0,0.0,pass,ok,0.11034853692763136,4.931081861257553,37230908,CI.CLC.--,0
scale2,24792,ok,,0.0,True,True,0.0,0.0,pass,ok,0.1444295409019105,6.045974850654602,37230908,CI.SRT.--,1
deterministic_noise,24792,ok,,0.0,True,True,0.0,0.0,pass,ok,0.14445086690830067,5.916658401489258,37230908,CI.SRT.--,1
scale2,24774,ok,,0.0,True,True,0.0,0.0,pass,ok,0.10757490806281567,6.616926908493042,38443751,CI.CLC.--,0
deterministic_noise,24774,ok,,0.0,True,True,0.0,0.0,pass,ok,0.1078465674072504,6.737617015838623,38443751,CI.CLC.--,0
scale2,24774,ok,,0.0,True,True,0.0,0.0,pass,ok,0.14037796470802277,5.955531001091003,38443751,CI.SRT.--,1
deterministic_noise,24774,ok,,0.0,True,True,0.0,0.0,pass,ok,0.14040154602844268,6.0413291454315186,38443751,CI.SRT.--,1
scale2,24783,ok,,0.0,True,True,0.0,0.0,pass,ok,0.1049232137738727,5.41169548034668,38443759,CI.CLC.--,0
deterministic_noise,24783,ok,,0.0,True,True,0.0,0.0,pass,ok,0.10506614024052396,5.472042560577393,38443759,CI.CLC.--,0
scale2,24783,ok,,0.0,True,True,0.0,0.0,pass,ok,0.13779333779530134,5.564492106437683,38443759,CI.SRT.--,1
deterministic_noise,24783,ok,,0.0,True,True,0.0,0.0,pass,ok,0.13781283250136767,5.486886739730835,38443759,CI.SRT.--,1
scale2,24564,ok,,0.0,True,True,0.0,0.0,pass,ok,0.10536075150594115,5.844719409942627,38443823,CI.CLC.--,0
deterministic_noise,24564,ok,,0.0,True,True,0.0,0.0,pass,ok,0.10552105540409684,5.743133068084717,38443823,CI.CLC.--,0
scale2,24564,ok,,0.0,True,True,0.0,0.0,pass,ok,0.12629882065812126,6.612120509147644,38443823,CI.CCC.--,1
deterministic_noise,24564,ok,,0.0,True,True,0.0,0.0,pass,ok,0.12633616657694802,6.036485910415649,38443823,CI.CCC.--,1
scale2,24462,ok,,0.0,True,True,0.0,0.0,pass,ok,0.0998953279631678,5.230604410171509,38443831,CI.CLC.--,0
deterministic_noise,24462,ok,,0.0,True,True,0.0,0.0,pass,ok,0.0999834317190107,5.3116806745529175,38443831,CI.CLC.--,0
scale2,24462,ok,,0.0,True,True,0.0,0.0,pass,ok,0.1310479231760837,5.39800763130188,38443831,CI.SRT.--,1
deterministic_noise,24462,ok,,0.0,True,True,0.0,0.0,pass,ok,0.1310810855939053,5.475408911705017,38443831,CI.SRT.--,1
scale2,24609,ok,,0.0,True,True,0.0,0.0,pass,ok,0.10301639154204167,5.3253865242004395,38443855,CI.CLC.--,0
deterministic_noise,24609,ok,,0.0,True,True,0.0,0.0,pass,ok,0.10312475249520503,5.290048122406006,38443855,CI.CLC.--,0
scale2,24609,ok,,0.0,True,True,0.0,0.0,pass,ok,0.1346445876697544,5.149613201618195,38443855,CI.SRT.--,1
deterministic_noise,24609,ok,,0.0,True,True,0.0,0.0,pass,ok,0.1346626531740185,5.140476673841476,38443855,CI.SRT.--,1
scale2,24465,ok,,0.0,True,True,0.0,0.0,pass,ok,0.1379126063111471,5.58479106426239,37224620,CI.SRT.--,0
deterministic_noise,24465,ok,,0.0,True,True,0.0,0.0,pass,ok,0.13797094910114538,5.52742326259613,37224620,CI.SRT.--,0
scale2,24465,ok,,0.0,True,True,0.0,0.0,pass,ok,0.12332175995834405,6.3353753089904785,37224620,CI.LRL.--,1
deterministic_noise,24465,ok,,0.0,True,True,0.0,0.0,pass,ok,0.1231046584653086,6.4173665046691895,37224620,CI.LRL.--,1
scale2,24513,ok,,0.0,True,True,0.0,0.0,pass,ok,0.10928719383082353,5.146780610084534,38444047,CI.CLC.--,0
deterministic_noise,24513,ok,,0.0,True,True,0.0,0.0,pass,ok,0.10937684882082976,5.3263766169548035,38444047,CI.CLC.--,0
scale2,24513,ok,,0.0,True,True,0.0,0.0,pass,ok,0.13082773296628147,5.8381102085113525,38444047,CI.CCC.--,1
deterministic_noise,24513,ok,,0.0,True,True,0.0,0.0,pass,ok,0.1308554926654324,5.604922413825989,38444047,CI.CCC.--,1
scale2,24786,ok,,0.0,True,True,0.0,0.0,pass,ok,0.10543531877920032,5.776906847953796,38444063,CI.CLC.--,0
deterministic_noise,24786,ok,,0.0,True,True,0.0,0.0,pass,ok,0.10577542381361127,5.755490660667419,38444063,CI.CLC.--,0
scale2,24786,ok,,0.0,True,True,0.0,0.0,pass,ok,0.13782434377935715,6.752264976501465,38444063,CI.SRT.--,1
deterministic_noise,24786,ok,,0.0,True,True,0.0,0.0,pass,ok,0.1378909477207344,6.812344312667847,38444063,CI.SRT.--,1
scale2,22050,ok,,0.0,True,True,0.0,0.0,pass,ok,0.18454041962104384,5.407461956143379,38444111,CI.EMS.--,0
deterministic_noise,22050,ok,,0.0,True,True,0.0,0.0,pass,ok,0.18455861623806413,5.42595562338829,38444111,CI.EMS.--,0
scale2,22047,ok,,0.0,True,True,0.0,0.0,pass,ok,0.15761915338225663,5.991252362728119,38444111,CI.DRE.--,2
deterministic_noise,22047,ok,,0.0,True,True,0.0,0.0,pass,ok,0.1576496611814946,5.762381851673126,38444111,CI.DRE.--,2
scale2,24462,ok,,0.0,True,True,0.0,0.0,pass,ok,0.11143704305868596,5.26433128118515,37260124,CI.CLC.--,0
deterministic_noise,24462,ok,,0.0,True,True,0.0,0.0,pass,ok,0.11162901867646724,5.137775897979736,37260124,CI.CLC.--,0
scale2,24462,ok,,0.0,True,True,0.0,0.0,pass,ok,0.14535351982340217,6.09160315990448,37260124,CI.SRT.--,1
deterministic_noise,24462,ok,,0.0,True,True,0.0,0.0,pass,ok,0.14532836386933923,6.540963768959045,37260124,CI.SRT.--,1
scale2,24567,ok,,0.0,True,True,0.0,0.0,pass,ok,0.11056885035941377,5.493645668029785,38444231,CI.CLC.--,0
deterministic_noise,24567,ok,,0.0,True,True,0.0,0.0,pass,ok,0.1107071423321031,5.306154251098633,38444231,CI.CLC.--,0
scale2,24567,ok,,0.0,True,True,0.0,0.0,pass,ok,0.1324310987838544,5.481848120689392,38444231,CI.CCC.--,1
deterministic_noise,24567,ok,,0.0,True,True,0.0,0.0,pass,ok,0.13245830539381132,5.395574331283569,38444231,CI.CCC.--,1
scale2,24552,ok,,0.0,True,True,0.0,0.0,pass,ok,0.1091145450482145,5.519980788230896,38444407,CI.CLC.--,0
deterministic_noise,24552,ok,,0.0,True,True,0.0,0.0,pass,ok,0.10926656925585121,5.3626919984817505,38444407,CI.CLC.--,0
scale2,24552,ok,,0.0,True,True,0.0,0.0,pass,ok,0.1308345478028059,5.448924660682678,38444407,CI.CCC.--,1
deterministic_noise,24552,ok,,0.0,True,True,0.0,0.0,pass,ok,0.13086320646107197,5.472702860832214,38444407,CI.CCC.--,1
scale2,24597,ok,,0.0,True,True,0.0,0.0,pass,ok,0.10577090037986636,5.912998676300049,38444487,CI.CLC.--,0
deterministic_noise,24597,ok,,0.0,True,True,0.0,0.0,pass,ok,0.1062067081220448,5.969718933105469,38444487,CI.CLC.--,0
scale2,24597,ok,,0.0,True,True,0.0,0.0,pass,ok,0.12603571405634284,5.822363972663879,38444487,CI.CCC.--,1
deterministic_noise,24597,ok,,0.0,True,True,0.0,0.0,pass,ok,0.12607773253694177,5.974373459815979,38444487,CI.CCC.--,1
scale2,24501,ok,,0.0,True,True,0.0,0.0,pass,ok,0.10526052361819893,5.369178354740143,38444719,CI.CLC.--,0
deterministic_noise,24501,ok,,0.0,True,True,0.0,0.0,pass,ok,0.10547724866773933,5.453876495361328,38444719,CI.CLC.--,0
scale2,24501,ok,,0.0,True,True,0.0,0.0,pass,ok,0.13805632761796005,6.594130992889404,38444719,CI.SRT.--,1
deterministic_noise,24501,ok,,0.0,True,True,0.0,0.0,pass,ok,0.13810443409602158,6.237984538078308,38444719,CI.SRT.--,1
scale2,24441,ok,,0.0,True,True,0.0,0.0,pass,ok,0.13488867215346545,6.130644798278809,38444791,CI.SRT.--,0
deterministic_noise,24441,ok,,0.0,True,True,0.0,0.0,pass,ok,0.13501346774864942,5.957806587219238,38444791,CI.SRT.--,0
scale2,24441,ok,,0.0,True,True,0.0,0.0,pass,ok,0.12277917651226744,6.526020765304565,38444791,CI.CCC.--,1
deterministic_noise,24441,ok,,0.0,True,True,0.0,0.0,pass,ok,0.12282530876109377,6.802128553390503,38444791,CI.CCC.--,1
scale2,24585,ok,,0.0,True,True,0.0,0.0,pass,ok,0.10735755739733577,6.035197973251343,37225444,CI.CLC.--,0
deterministic_noise,24585,ok,,0.0,True,True,0.0,0.0,pass,ok,0.10769257368519902,5.858540773391724,37225444,CI.CLC.--,0
scale2,24585,ok,,0.0,True,True,0.0,0.0,pass,ok,0.12862540071364492,6.429421067237854,37225444,CI.CCC.--,1
deterministic_noise,24585,ok,,0.0,True,True,0.0,0.0,pass,ok,0.12869762594345957,5.656484961509705,37225444,CI.CCC.--,1
scale2,24399,ok,,0.0,True,True,0.0,0.0,pass,ok,0.11925792321562767,7.413373947143555,38445495,CI.CCC.--,0
deterministic_noise,24399,ok,,0.0,True,True,0.0,0.0,pass,ok,0.11933672800660133,7.5460240840911865,38445495,CI.CCC.--,0
scale2,24399,ok,,0.0,True,True,0.0,0.0,pass,ok,0.09997515415307134,6.574788808822632,38445495,CI.CLC.--,1
deterministic_noise,24399,ok,,0.0,True,True,0.0,0.0,pass,ok,0.1001258190954104,6.389023780822754,38445495,CI.CLC.--,1
scale2,24978,ok,,0.0,True,True,0.0,0.0,pass,ok,0.09967089421115816,5.659653902053833,38445503,CI.CLC.--,0
deterministic_noise,24978,ok,,0.0,True,True,0.0,0.0,pass,ok,0.09980303817428648,5.567986845970154,38445503,CI.CLC.--,0
scale2,24978,ok,,0.0,True,True,0.0,0.0,pass,ok,0.13068603503052145,6.540740251541138,38445503,CI.SRT.--,1
deterministic_noise,24978,ok,,0.0,True,True,0.0,0.0,pass,ok,0.13061704707797617,6.570817470550537,38445503,CI.SRT.--,1
scale2,24486,ok,,0.0,True,True,0.0,0.0,pass,ok,0.10759138269349933,6.2332611083984375,37420973,CI.CLC.--,0
deterministic_noise,24486,ok,,0.0,True,True,0.0,0.0,pass,ok,0.10786318080499768,6.49211847782135,37420973,CI.CLC.--,0
scale2,24486,ok,,0.0,True,True,0.0,0.0,pass,ok,0.14140757312998176,7.161298990249634,37420973,CI.SRT.--,1
deterministic_noise,24486,ok,,0.0,True,True,0.0,0.0,pass,ok,0.14153145859017968,7.2829766273498535,37420973,CI.SRT.--,1
scale2,24591,ok,,0.0,True,True,0.0,0.0,pass,ok,0.12518867012113333,7.747631311416626,38445703,CI.LRL.--,0
deterministic_noise,24591,ok,,0.0,True,True,0.0,0.0,pass,ok,0.1238521346822381,7.709338188171387,38445703,CI.LRL.--,0
scale2,24591,ok,,0.0,True,True,0.0,0.0,pass,ok,0.14009075239300728,7.982772350311279,38445703,CI.SRT.--,1
deterministic_noise,24591,ok,,0.0,True,True,0.0,0.0,pass,ok,0.14058757945895195,7.839204549789429,38445703,CI.SRT.--,1
scale2,24987,ok,,0.0,True,True,0.0,0.0,pass,ok,0.0995731430593878,6.433525323867798,38445751,CI.CLC.--,0
deterministic_noise,24987,ok,,0.0,True,True,0.0,0.0,pass,ok,0.10005003190599382,6.437682628631592,38445751,CI.CLC.--,0
scale2,24987,ok,,0.0,True,True,0.0,0.0,pass,ok,0.13043801338062622,6.021419286727905,38445751,CI.SRT.--,1
deterministic_noise,24987,ok,,0.0,True,True,0.0,0.0,pass,ok,0.1303838357271161,5.943414926528931,38445751,CI.SRT.--,1
scale2,24441,ok,,0.0,True,True,0.0,0.0,pass,ok,0.09968256251886487,6.008670449256897,38445839,CI.CLC.--,0
deterministic_noise,24441,ok,,0.0,True,True,0.0,0.0,pass,ok,0.09974681539461017,5.9124369621276855,38445839,CI.CLC.--,0
scale2,24441,ok,,0.0,True,True,0.0,0.0,pass,ok,0.11979462928138673,6.323351740837097,38445839,CI.CCC.--,1
deterministic_noise,24441,ok,,0.0,True,True,0.0,0.0,pass,ok,0.11980443471111357,6.563847064971924,38445839,CI.CCC.--,1
scale2,24831,ok,,0.0,True,True,0.0,0.0,pass,ok,0.10033175887656398,5.313861727714539,38446343,CI.CLC.--,0
deterministic_noise,24831,ok,,0.0,True,True,0.0,0.0,pass,ok,0.10052862224983983,5.326092004776001,38446343,CI.CLC.--,0
scale2,24831,ok,,0.0,True,True,0.0,0.0,pass,ok,0.1309584806440398,5.36743301153183,38446343,CI.SRT.--,1
deterministic_noise,24831,ok,,0.0,True,True,0.0,0.0,pass,ok,0.13098293740767986,5.123436987400055,38446343,CI.SRT.--,1
scale2,25158,ok,,0.0,True,True,0.0,0.0,pass,ok,0.09980276948772371,5.726294279098511,38446639,CI.CLC.--,0
deterministic_noise,25158,ok,,0.0,True,True,0.0,0.0,pass,ok,0.10002347105182707,5.922889590263367,38446639,CI.CLC.--,0
scale2,25158,ok,,0.0,True,True,0.0,0.0,pass,ok,0.09725470934063196,6.910440444946289,38446639,CI.TOW2.--,1
deterministic_noise,25158,ok,,0.0,True,True,0.0,0.0,pass,ok,0.09764039423316717,6.779884338378906,38446639,CI.TOW2.--,1
scale2,24447,ok,,0.0,True,True,0.0,0.0,pass,ok,0.10028018080629408,5.807868242263794,38446671,CI.CLC.--,0
deterministic_noise,24447,ok,,0.0,True,True,0.0,0.0,pass,ok,0.10041863447986543,6.0082104206085205,38446671,CI.CLC.--,0
scale2,24447,ok,,0.0,True,True,0.0,0.0,pass,ok,0.11952429870143533,6.61675226688385,38446671,CI.CCC.--,1
deterministic_noise,24447,ok,,0.0,True,True,0.0,0.0,pass,ok,0.11958372732624412,6.710797071456909,38446671,CI.CCC.--,1
scale2,25164,ok,,0.0,True,True,0.0,0.0,pass,ok,0.09978098468855023,5.717737436294556,38446807,CI.CLC.--,0
deterministic_noise,25164,ok,,0.0,True,True,0.0,0.0,pass,ok,0.10003124875947833,5.884815216064453,38446807,CI.CLC.--,0
scale2,25164,ok,,0.0,True,True,0.0,0.0,pass,ok,0.09767200704663992,6.8406665325164795,38446807,CI.TOW2.--,1
deterministic_noise,25164,ok,,0.0,True,True,0.0,0.0,pass,ok,0.09805953595787287,6.6122331619262695,38446807,CI.TOW2.--,1
scale2,24423,ok,,0.0,True,True,0.0,0.0,pass,ok,0.1000656676478684,5.449824929237366,38447191,CI.CLC.--,0
deterministic_noise,24423,ok,,0.0,True,True,0.0,0.0,pass,ok,0.10009150533005595,5.385112643241882,38447191,CI.CLC.--,0
scale2,24423,ok,,0.0,True,True,0.0,0.0,pass,ok,0.1196525739505887,6.579702258110046,38447191,CI.CCC.--,1
deterministic_noise,24423,ok,,0.0,True,True,0.0,0.0,pass,ok,0.11966744344681501,6.8507654666900635,38447191,CI.CCC.--,1
scale2,24519,ok,,0.0,True,True,0.0,0.0,pass,ok,0.10020624415483326,5.431572675704956,38447391,CI.CLC.--,0
deterministic_noise,24519,ok,,0.0,True,True,0.0,0.0,pass,ok,0.10024229122791439,5.61821186542511,38447391,CI.CLC.--,0
scale2,24519,ok,,0.0,True,True,0.0,0.0,pass,ok,0.12014072760939598,5.88553512096405,38447391,CI.CCC.--,1
deterministic_noise,24519,ok,,0.0,True,True,0.0,0.0,pass,ok,0.12014563009142876,5.604750037193298,38447391,CI.CCC.--,1
scale2,24870,ok,,0.0,True,True,0.0,0.0,pass,ok,0.09982672336627729,5.428240776062012,38448631,CI.CLC.--,0
deterministic_noise,24870,ok,,0.0,True,True,0.0,0.0,pass,ok,0.1000513359613251,5.79081130027771,38448631,CI.CLC.--,0
scale2,24870,ok,,0.0,True,True,0.0,0.0,pass,ok,0.13144351239316165,5.762888550758362,38448631,CI.SRT.--,1
deterministic_noise,24870,ok,,0.0,True,True,0.0,0.0,pass,ok,0.13149254326708615,6.260132789611816,38448631,CI.SRT.--,1
scale2,24984,ok,,0.0,True,True,0.0,0.0,pass,ok,0.11189162312075496,6.905439853668213,37260284,CI.CLC.--,0
deterministic_noise,24984,ok,,0.0,True,True,0.0,0.0,pass,ok,0.11347616137936711,6.964356899261475,37260284,CI.CLC.--,0
scale2,24984,ok,,0.0,True,True,0.0,0.0,pass,ok,0.1488387305289507,7.337440252304077,37260284,CI.SRT.--,1
deterministic_noise,24984,ok,,0.0,True,True,0.0,0.0,pass,ok,0.14800980500876904,7.642156362533569,37260284,CI.SRT.--,1
scale2,24978,ok,,0.0,True,True,0.0,0.0,pass,ok,0.10564474617603992,5.007195174694061,38450271,CI.CLC.--,0
deterministic_noise,24978,ok,,0.0,True,True,0.0,0.0,pass,ok,0.10583700383540418,4.830657988786697,38450271,CI.CLC.--,0
scale2,24978,ok,,0.0,True,True,0.0,0.0,pass,ok,0.1381009357282892,5.627241373062134,38450271,CI.SRT.--,1
deterministic_noise,24978,ok,,0.0,True,True,0.0,0.0,pass,ok,0.13831438252236694,5.635510981082916,38450271,CI.SRT.--,1
scale2,24987,ok,,0.0,True,True,0.0,0.0,pass,ok,0.09979707770980895,5.577383279800415,38450511,CI.CLC.--,0
deterministic_noise,24987,ok,,0.0,True,True,0.0,0.0,pass,ok,0.0999834758695215,5.8294068574905396,38450511,CI.CLC.--,0
scale2,24987,ok,,0.0,True,True,0.0,0.0,pass,ok,0.13078630564268678,5.468119382858276,38450511,CI.SRT.--,1
deterministic_noise,24987,ok,,0.0,True,True,0.0,0.0,pass,ok,0.13073638977948576,5.549838602542877,38450511,CI.SRT.--,1
scale2,24567,ok,,0.0,True,True,0.0,0.0,pass,ok,0.10779334767721593,5.216615974903107,37260292,CI.CLC.--,0
deterministic_noise,24567,ok,,0.0,True,True,0.0,0.0,pass,ok,0.10790122882463038,5.349089682102203,37260292,CI.CLC.--,0
scale2,24567,ok,,0.0,True,True,0.0,0.0,pass,ok,0.14118947809583915,6.353741526603699,37260292,CI.SRT.--,1
deterministic_noise,24567,ok,,0.0,True,True,0.0,0.0,pass,ok,0.14129526192300546,5.783317446708679,37260292,CI.SRT.--,1
scale2,24948,ok,,0.0,True,True,0.0,0.0,pass,ok,0.10461817402392626,7.049570560455322,37257780,CI.CLC.--,0
deterministic_noise,24948,ok,,0.0,True,True,0.0,0.0,pass,ok,0.10767133068293333,6.919153451919556,37257780,CI.CLC.--,0
scale2,24948,ok,,0.0,True,True,0.0,0.0,pass,ok,0.13923107367008924,6.8388612270355225,37257780,CI.SRT.--,1
deterministic_noise,24948,ok,,0.0,True,True,0.0,0.0,pass,ok,0.14014060515910387,6.959801197052002,37257780,CI.SRT.--,1
scale2,25314,ok,,0.0,True,True,0.0,0.0,pass,ok,0.2133345603942871,7.215519189834595,38457511,CI.CLC.--,0
deterministic_noise,25314,ok,,0.0,True,True,0.0,0.0,pass,ok,0.1999814659357071,8.978139400482178,38457511,CI.CLC.--,0
scale2,25314,ok,,0.0,True,True,0.0,0.0,pass,ok,0.12350647151470184,8.231353282928467,38457511,CI.TOW2.--,1
deterministic_noise,25314,ok,,0.0,True,True,0.0,0.0,pass,ok,0.12883112579584122,8.168627977371216,38457511,CI.TOW2.--,1
scale2,24861,ok,,0.0,True,True,0.0,0.0,pass,ok,0.13597889244556427,7.530421495437622,37222196,CI.WVP2.--,0
deterministic_noise,24861,ok,,0.0,True,True,0.0,0.0,pass,ok,0.11041270941495895,8.054819107055664,37222196,CI.WVP2.--,0
scale2,24858,ok,,0.0,True,True,0.0,0.0,pass,ok,0.11249199509620667,8.091960191726685,37222196,CI.JRC2.--,1
deterministic_noise,24858,ok,,0.0,True,True,0.0,0.0,pass,ok,0.14454347267746925,7.562971353530884,37222196,CI.JRC2.--,1
scale2,25089,ok,,0.0,True,True,0.0,0.0,pass,ok,0.1014152243733406,7.535126447677612,37222204,CI.CLC.--,0
deterministic_noise,25089,ok,,0.0,True,True,0.0,0.0,pass,ok,0.10482348501682281,7.711320400238037,37222204,CI.CLC.--,0
scale2,25089,ok,,0.0,True,True,0.0,0.0,pass,ok,0.10395053960382938,7.8467113971710205,37222204,CI.TOW2.--,1
deterministic_noise,25089,ok,,0.0,True,True,0.0,0.0,pass,ok,0.11047305911779404,7.5166308879852295,37222204,CI.TOW2.--,1
scale2,24906,ok,,0.0,True,True,0.0,0.0,pass,ok,0.09496764838695526,7.321953058242798,38457519,CI.WRC2.--,0
deterministic_noise,24906,ok,,0.0,True,True,0.0,0.0,pass,ok,0.09395261108875275,7.739928245544434,38457519,CI.WRC2.--,0
scale2,24906,ok,,0.0,True,True,0.0,0.0,pass,ok,0.11336824484169483,7.805089950561523,38457519,CI.WVP2.--,1
deterministic_noise,24906,ok,,0.0,True,True,0.0,0.0,pass,ok,0.10956432484090328,7.494598150253296,38457519,CI.WVP2.--,1
scale2,24957,ok,,0.0,True,True,0.0,0.0,pass,ok,0.1068113436922431,7.5610151290893555,37219484,CI.CLC.--,0
deterministic_noise,24957,ok,,0.0,True,True,0.0,0.0,pass,ok,0.11620863620191813,7.701678514480591,37219484,CI.CLC.--,0
scale2,24957,ok,,0.0,True,True,0.0,0.0,pass,ok,0.13688584882766008,7.778395175933838,37219484,CI.SRT.--,1
deterministic_noise,24957,ok,,0.0,True,True,0.0,0.0,pass,ok,0.1386355785652995,6.6097517013549805,37219484,CI.SRT.--,1
scale2,24771,ok,,0.0,True,True,0.0,0.0,pass,ok,0.1007247269153595,7.857258558273315,37219156,CI.TOW2.--,0
deterministic_noise,24771,ok,,0.0,True,True,0.0,0.0,pass,ok,0.11217673867940903,8.087309837341309,37219156,CI.TOW2.--,0
scale2,24771,ok,,0.0,True,True,0.0,0.0,pass,ok,0.11342953890562057,8.031997680664062,37219156,CI.WVP2.--,1
deterministic_noise,24771,ok,,0.0,True,True,0.0,0.0,pass,ok,0.10853196680545807,7.634741544723511,37219156,CI.WVP2.--,1
scale2,24903,ok,,0.0,True,True,0.0,0.0,pass,ok,0.10408247075974941,7.377312421798706,37219468,CI.CLC.--,0
deterministic_noise,24903,ok,,0.0,True,True,0.0,0.0,pass,ok,0.10654073394834995,7.404055595397949,37219468,CI.CLC.--,0
scale2,24903,ok,,0.0,True,True,0.0,0.0,pass,ok,0.10921787470579147,7.751678943634033,37219468,CI.TOW2.--,1
deterministic_noise,24903,ok,,0.0,True,True,0.0,0.0,pass,ok,0.10797687247395515,8.008448600769043,37219468,CI.TOW2.--,1
scale2,24828,ok,,0.0,True,True,0.0,0.0,pass,ok,0.09985235147178173,7.366514205932617,37260316,CI.WRC2.--,1
deterministic_noise,24828,ok,,0.0,True,True,0.0,0.0,pass,ok,0.10572131909430027,7.193240165710449,37260316,CI.WRC2.--,1
scale2,24828,ok,,0.0,True,True,0.0,0.0,pass,ok,0.10353307239711285,7.403523683547974,37260316,CI.WVP2.--,2
deterministic_noise,24828,ok,,0.0,True,True,0.0,0.0,pass,ok,0.10113848187029362,7.23773717880249,37260316,CI.WVP2.--,2
scale2,24876,ok,,0.0,True,True,0.0,0.0,pass,ok,0.10892759310081601,7.6594438552856445,37219164,CI.CLC.--,0
deterministic_noise,24876,ok,,0.0,True,True,0.0,0.0,pass,ok,0.11841423762962222,7.9542646408081055,37219164,CI.CLC.--,0
scale2,24876,ok,,0.0,True,True,0.0,0.0,pass,ok,0.12974029779434204,7.581486463546753,37219164,CI.TOW2.--,1
deterministic_noise,24876,ok,,0.0,True,True,0.0,0.0,pass,ok,0.13228142261505127,7.590921878814697,37219164,CI.TOW2.--,1
scale2,24849,ok,,0.0,True,True,0.0,0.0,pass,ok,0.0927475206553936,7.598862409591675,37219508,CI.WRC2.--,0
deterministic_noise,24849,ok,,0.0,True,True,0.0,0.0,pass,ok,0.09159046784043312,7.238110303878784,37219508,CI.WRC2.--,0
scale2,24849,ok,,0.0,True,True,0.0,0.0,pass,ok,0.1050092838704586,7.126055479049683,37219508,CI.WVP2.--,2
deterministic_noise,24849,ok,,0.0,True,True,0.0,0.0,pass,ok,0.10267043486237526,7.464355230331421,37219508,CI.WVP2.--,2
scale2,24927,ok,,0.0,True,True,0.0,0.0,pass,ok,0.09077226463705301,6.819927930831909,37260444,CI.WRC2.--,0
deterministic_noise,24927,ok,,0.0,True,True,0.0,0.0,pass,ok,0.08990444173105061,6.5993945598602295,37260444,CI.WRC2.--,0
scale2,24927,ok,,0.0,True,True,0.0,0.0,pass,ok,0.10503746708855033,6.88127064704895,37260444,CI.WVP2.--,1
deterministic_noise,24927,ok,,0.0,True,True,0.0,0.0,pass,ok,0.10376908490434289,6.765237808227539,37260444,CI.WVP2.--,1
scale2,24927,ok,,0.0,True,True,0.0,0.0,pass,ok,0.09266594797372818,7.634947061538696,38457535,CI.WRC2.--,0
deterministic_noise,24927,ok,,0.0,True,True,0.0,0.0,pass,ok,0.0942934900522232,7.295779228210449,38457535,CI.WRC2.--,0
scale2,24927,ok,,0.0,True,True,0.0,0.0,pass,ok,0.10512403957545757,7.416768789291382,38457535,CI.WVP2.--,1
deterministic_noise,24927,ok,,0.0,True,True,0.0,0.0,pass,ok,0.10131409950554371,7.700563192367554,38457535,CI.WVP2.--,1
scale2,24837,ok,,0.0,True,True,0.0,0.0,pass,ok,0.10716324578970671,7.375499248504639,37260452,CI.CLC.--,0
deterministic_noise,24837,ok,,0.0,True,True,0.0,0.0,pass,ok,0.11092010606080294,7.167177438735962,37260452,CI.CLC.--,0
scale2,24837,ok,,0.0,True,True,0.0,0.0,pass,ok,0.10069930274039507,7.749613285064697,37260452,CI.WRC2.--,1
deterministic_noise,24837,ok,,0.0,True,True,0.0,0.0,pass,ok,0.10168881248682737,7.067599058151245,37260452,CI.WRC2.--,1
scale2,24993,ok,,0.0,True,True,0.0,0.0,pass,ok,0.09616452641785145,7.23841404914856,37219524,CI.WRC2.--,0
deterministic_noise,24993,ok,,0.0,True,True,0.0,0.0,pass,ok,0.09638982824981213,7.231000185012817,37219524,CI.WRC2.--,0
scale2,24993,ok,,0.0,True,True,0.0,0.0,pass,ok,0.10775636555626988,7.291792392730713,37219524,CI.WVP2.--,2
deterministic_noise,24993,ok,,0.0,True,True,0.0,0.0,pass,ok,0.10551715968176723,7.426126718521118,37219524,CI.WVP2.--,2
scale2,24798,ok,,0.0,True,True,0.0,0.0,pass,ok,0.11389645235612988,7.500711917877197,37219172,CI.CLC.--,0
deterministic_noise,24798,ok,,0.0,True,True,0.0,0.0,pass,ok,0.12289338512346148,7.367068529129028,37219172,CI.CLC.--,0
scale2,24798,ok,,0.0,True,True,0.0,0.0,pass,ok,0.09326111897826195,7.456040143966675,37219172,CI.WRC2.--,1
deterministic_noise,24798,ok,,0.0,True,True,0.0,0.0,pass,ok,0.09881546348333359,7.812779426574707,37219172,CI.WRC2.--,1
scale2,25017,ok,,0.0,True,True,0.0,0.0,pass,ok,0.11152774374932051,6.977705478668213,37219540,CI.CLC.--,0
deterministic_noise,25017,ok,,0.0,True,True,0.0,0.0,pass,ok,0.11671532411128283,7.224754810333252,37219540,CI.CLC.--,0
scale2,25017,ok,,0.0,True,True,0.0,0.0,pass,ok,0.11541754752397537,7.551048040390015,37219540,CI.TOW2.--,1
deterministic_noise,25017,ok,,0.0,True,True,0.0,0.0,pass,ok,0.11833498626947403,8.190462112426758,37219540,CI.TOW2.--,1
scale2,24945,ok,,0.0,True,True,0.0,0.0,pass,ok,0.09608421847224236,7.007887840270996,37219548,CI.WRC2.--,0
deterministic_noise,24945,ok,,0.0,True,True,0.0,0.0,pass,ok,0.09622282907366753,6.976187467575073,37219548,CI.WRC2.--,0
scale2,24945,ok,,0.0,True,True,0.0,0.0,pass,ok,0.10551222832873464,7.304431438446045,37219548,CI.WVP2.--,2
deterministic_noise,24945,ok,,0.0,True,True,0.0,0.0,pass,ok,0.10423260508105159,7.100346326828003,37219548,CI.WVP2.--,2
scale2,24870,ok,,0.0,True,True,0.0,0.0,pass,ok,0.09068957157433033,7.363542318344116,37219556,CI.WRC2.--,0
deterministic_noise,24870,ok,,0.0,True,True,0.0,0.0,pass,ok,0.09440772049129009,7.426098585128784,37219556,CI.WRC2.--,0
scale2,24870,ok,,0.0,True,True,0.0,0.0,pass,ok,0.10204628980136476,7.4738757610321045,37219556,CI.CLC.--,1
deterministic_noise,24870,ok,,0.0,True,True,0.0,0.0,pass,ok,0.10322735333465971,7.421737194061279,37219556,CI.CLC.--,1
scale2,24849,ok,,0.0,True,True,0.0,0.0,pass,ok,0.09804199729114771,7.503875732421875,37219180,CI.WRC2.--,0
deterministic_noise,24849,ok,,0.0,True,True,0.0,0.0,pass,ok,0.09966476168483496,7.554760217666626,37219180,CI.WRC2.--,0
scale2,24849,ok,,0.0,True,True,0.0,0.0,pass,ok,0.10217566043138504,7.827853679656982,37219180,CI.WVP2.--,1
deterministic_noise,24849,ok,,0.0,True,True,0.0,0.0,pass,ok,0.09779923409223557,7.502920150756836,37219180,CI.WVP2.--,1
scale2,24924,ok,,0.0,True,True,0.0,0.0,pass,ok,0.0999269955791533,6.836416482925415,37260492,CI.WRC2.--,0
deterministic_noise,24924,ok,,0.0,True,True,0.0,0.0,pass,ok,0.10498761897906661,6.9663286209106445,37260492,CI.WRC2.--,0
scale2,24924,ok,,0.0,True,True,0.0,0.0,pass,ok,0.11214326322078705,7.01822304725647,37260492,CI.CLC.--,1
deterministic_noise,24924,ok,,0.0,True,True,0.0,0.0,pass,ok,0.11676957458257675,6.88744592666626,37260492,CI.CLC.--,1
scale2,24444,ok,,0.0,True,True,0.0,0.0,pass,ok,0.12532614171504974,7.602355480194092,37260500,CI.CCC.--,0
deterministic_noise,24444,ok,,0.0,True,True,0.0,0.0,pass,ok,0.12849825620651245,7.667761325836182,37260500,CI.CCC.--,0
scale2,24444,ok,,0.0,True,True,0.0,0.0,pass,ok,0.10334430588409305,7.218006134033203,37260500,CI.CLC.--,1
deterministic_noise,24444,ok,,0.0,True,True,0.0,0.0,pass,ok,0.10606106417253613,7.36428427696228,37260500,CI.CLC.--,1
scale2,24858,ok,,0.0,True,True,0.0,0.0,pass,ok,0.09123764815740287,7.205554246902466,37219572,CI.WRC2.--,0
deterministic_noise,24858,ok,,0.0,True,True,0.0,0.0,pass,ok,0.09120482578873634,7.215721607208252,37219572,CI.WRC2.--,0
scale2,24858,ok,,0.0,True,True,0.0,0.0,pass,ok,0.09968105517327785,7.075619697570801,37219572,CI.CLC.--,2
deterministic_noise,24858,ok,,0.0,True,True,0.0,0.0,pass,ok,0.10122005827724934,7.005487680435181,37219572,CI.CLC.--,2
scale2,24855,ok,,0.0,True,True,0.0,0.0,pass,ok,0.09631439711665735,7.169029951095581,38457551,CI.WRC2.--,0
deterministic_noise,24855,ok,,0.0,True,True,0.0,0.0,pass,ok,0.09646022651577368,7.170001983642578,38457551,CI.WRC2.--,0
scale2,24855,ok,,0.0,True,True,0.0,0.0,pass,ok,0.10332012549042702,7.334605932235718,38457551,CI.WVP2.--,1
deterministic_noise,24855,ok,,0.0,True,True,0.0,0.0,pass,ok,0.10191892459988594,7.3498382568359375,38457551,CI.WVP2.--,1
scale2,24858,ok,,0.0,True,True,0.0,0.0,pass,ok,0.09899566974490881,6.691528797149658,37219580,CI.CLC.--,0
deterministic_noise,24858,ok,,0.0,True,True,0.0,0.0,pass,ok,0.10061338637024164,6.687044143676758,37219580,CI.CLC.--,0
scale2,24858,ok,,0.0,True,True,0.0,0.0,pass,ok,0.08776952885091305,7.473583459854126,37219580,CI.WRC2.--,2
deterministic_noise,24858,ok,,0.0,True,True,0.0,0.0,pass,ok,0.09009456183412112,7.287017107009888,37219580,CI.WRC2.--,2
scale2,24960,ok,,0.0,True,True,0.0,0.0,pass,ok,0.08881004061549902,7.195476293563843,37219588,CI.WRC2.--,0
deterministic_noise,24960,ok,,0.0,True,True,0.0,0.0,pass,ok,0.09381572995334864,7.326032876968384,37219588,CI.WRC2.--,0
scale2,24960,ok,,0.0,True,True,0.0,0.0,pass,ok,0.09860401274636388,7.701905012130737,37219588,CI.TOW2.--,1
deterministic_noise,24960,ok,,0.0,True,True,0.0,0.0,pass,ok,0.10410226881504059,7.503033399581909,37219588,CI.TOW2.--,1
scale2,24954,ok,,0.0,True,True,0.0,0.0,pass,ok,0.10043734172359109,7.63713264465332,38457559,CI.WRC2.--,0
deterministic_noise,24954,ok,,0.0,True,True,0.0,0.0,pass,ok,0.10694582900032401,7.30140495300293,38457559,CI.WRC2.--,0
scale2,24955,ok,,0.0,True,True,0.0,0.0,pass,ok,0.09935585036873817,7.622514247894287,38457559,CI.WVP2.--,1
deterministic_noise,24955,ok,,0.0,True,True,0.0,0.0,pass,ok,0.09570518136024475,7.725093841552734,38457559,CI.WVP2.--,1
scale2,25029,ok,,0.0,True,True,0.0,0.0,pass,ok,0.0921250432729721,7.274037599563599,38457583,CI.WRC2.--,0
deterministic_noise,25029,ok,,0.0,True,True,0.0,0.0,pass,ok,0.09242648631334305,7.4680092334747314,38457583,CI.WRC2.--,0
scale2,25029,ok,,0.0,True,True,0.0,0.0,pass,ok,0.11370283924043179,7.542560338973999,38457583,CI.WVP2.--,1
deterministic_noise,25029,ok,,0.0,True,True,0.0,0.0,pass,ok,0.11160261370241642,7.58579158782959,38457583,CI.WVP2.--,1
scale2,24918,ok,,0.0,True,True,0.0,0.0,pass,ok,0.08955513150431216,7.5114195346832275,37219612,CI.WRC2.--,0
deterministic_noise,24918,ok,,0.0,True,True,0.0,0.0,pass,ok,0.09325112192891538,7.240216493606567,37219612,CI.WRC2.--,0
scale2,24918,ok,,0.0,True,True,0.0,0.0,pass,ok,0.10741465841419995,7.123588562011719,37219612,CI.WVP2.--,1
deterministic_noise,24918,ok,,0.0,True,True,0.0,0.0,pass,ok,0.10550413723103702,7.109265327453613,37219612,CI.WVP2.--,1
scale2,24915,ok,,0.0,True,True,0.0,0.0,pass,ok,0.09487459296360612,6.651233673095703,37260620,CI.WRC2.--,0
deterministic_noise,24915,ok,,0.0,True,True,0.0,0.0,pass,ok,0.09448902821168303,6.74114203453064,37260620,CI.WRC2.--,0
scale2,24915,ok,,0.0,True,True,0.0,0.0,pass,ok,0.10674811899662018,7.506230115890503,37260620,CI.TOW2.--,1
deterministic_noise,24915,ok,,0.0,True,True,0.0,0.0,pass,ok,0.10705364495515823,7.8365478515625,37260620,CI.TOW2.--,1
scale2,24894,ok,,0.0,True,True,0.0,0.0,pass,ok,0.12840742082335055,7.741373300552368,38457591,CI.CCC.--,0
deterministic_noise,24894,ok,,0.0,True,True,0.0,0.0,pass,ok,0.13075555651448667,7.766451358795166,38457591,CI.CCC.--,0
scale2,24894,ok,,0.0,True,True,0.0,0.0,pass,ok,0.12021912354975939,7.535874843597412,38457591,CI.LRL.--,1
deterministic_noise,24894,ok,,0.0,True,True,0.0,0.0,pass,ok,0.11973373871296644,7.592447996139526,38457591,CI.LRL.--,1
scale2,24780,ok,,0.0,True,True,0.0,0.0,pass,ok,0.08991696685552597,7.426536798477173,37219620,CI.WRC2.--,1
deterministic_noise,24780,ok,,0.0,True,True,0.0,0.0,pass,ok,0.08896008227020502,7.436178922653198,37219620,CI.WRC2.--,1
scale2,24780,ok,,0.0,True,True,0.0,0.0,pass,ok,0.10693958308547735,7.542243719100952,37219620,CI.WVP2.--,2
deterministic_noise,24780,ok,,0.0,True,True,0.0,0.0,pass,ok,0.10603721532970667,7.541674375534058,37219620,CI.WVP2.--,2
scale2,24888,ok,,0.0,True,True,0.0,0.0,pass,ok,0.09001807495951653,7.216928720474243,37219628,CI.WRC2.--,0
deterministic_noise,24888,ok,,0.0,True,True,0.0,0.0,pass,ok,0.08997676346916705,7.386241674423218,37219628,CI.WRC2.--,0
scale2,24888,ok,,0.0,True,True,0.0,0.0,pass,ok,0.10705526638776064,7.579371452331543,37219628,CI.WVP2.--,1
deterministic_noise,24888,ok,,0.0,True,True,0.0,0.0,pass,ok,0.10540910344570875,7.427974462509155,37219628,CI.WVP2.--,1
scale2,24798,ok,,0.0,True,True,0.0,0.0,pass,ok,0.09436807502061129,7.168370723724365,37219636,CI.WRC2.--,0
deterministic_noise,24798,ok,,0.0,True,True,0.0,0.0,pass,ok,0.0938033564016223,7.011407852172852,37219636,CI.WRC2.--,0
scale2,24798,ok,,0.0,True,True,0.0,0.0,pass,ok,0.1056031621992588,7.048890829086304,37219636,CI.WVP2.--,2
deterministic_noise,24798,ok,,0.0,True,True,0.0,0.0,pass,ok,0.10382715985178947,6.841656684875488,37219636,CI.WVP2.--,2
scale2,24420,ok,,0.0,True,True,0.0,0.0,pass,ok,0.1363035257672891,7.473531484603882,37219644,CI.CCC.--,0
deterministic_noise,24420,ok,,0.0,True,True,0.0,0.0,pass,ok,0.13665861228946596,7.445244550704956,37219644,CI.CCC.--,0
scale2,24420,ok,,0.0,True,True,0.0,0.0,pass,ok,0.1136891059577465,6.856097459793091,37219644,CI.CLC.--,1
deterministic_noise,24420,ok,,0.0,True,True,0.0,0.0,pass,ok,0.11498657986521721,6.718968868255615,37219644,CI.CLC.--,1
scale2,24921,ok,,0.0,True,True,0.0,0.0,pass,ok,0.10930715943686664,6.056418180465698,37260788,CI.CLC.--,0
deterministic_noise,24921,ok,,0.0,True,True,0.0,0.0,pass,ok,0.11078022723086178,6.073120355606079,37260788,CI.CLC.--,0
scale2,24921,ok,,0.0,True,True,0.0,0.0,pass,ok,0.14105509815271944,5.847832918167114,37260788,CI.SRT.--,1
deterministic_noise,24921,ok,,0.0,True,True,0.0,0.0,pass,ok,0.14118480088654906,6.172084808349609,37260788,CI.SRT.--,1
scale2,24852,ok,,0.0,True,True,0.0,0.0,pass,ok,0.08950604684650898,7.113297700881958,37219652,CI.WRC2.--,0
deterministic_noise,24852,ok,,0.0,True,True,0.0,0.0,pass,ok,0.09150545112788677,7.0271828174591064,37219652,CI.WRC2.--,0
scale2,24852,ok,,0.0,True,True,0.0,0.0,pass,ok,0.09886976168490946,6.684643268585205,37219652,CI.CLC.--,2
deterministic_noise,24852,ok,,0.0,True,True,0.0,0.0,pass,ok,0.09916128381155431,6.867247819900513,37219652,CI.CLC.--,2
scale2,24897,ok,,0.0,True,True,0.0,0.0,pass,ok,0.09822344954591244,7.035940647125244,37219660,CI.WRC2.--,0
deterministic_noise,24897,ok,,0.0,True,True,0.0,0.0,pass,ok,0.09896999422926456,7.072645664215088,37219660,CI.WRC2.--,0
scale2,24897,ok,,0.0,True,True,0.0,0.0,pass,ok,0.1057990463450551,7.4459147453308105,37219660,CI.WVP2.--,2
deterministic_noise,24897,ok,,0.0,True,True,0.0,0.0,pass,ok,0.10392121504992247,7.249918222427368,37219660,CI.WVP2.--,2
scale2,24894,ok,,0.0,True,True,0.0,0.0,pass,ok,0.10833446029573679,6.921046257019043,37260804,CI.CLC.--,0
deterministic_noise,24894,ok,,0.0,True,True,0.0,0.0,pass,ok,0.10983008053153753,6.725380182266235,37260804,CI.CLC.--,0
scale2,24894,ok,,0.0,True,True,0.0,0.0,pass,ok,0.09873068518936634,6.590862274169922,37260804,CI.WRC2.--,1
deterministic_noise,24894,ok,,0.0,True,True,0.0,0.0,pass,ok,0.09915651194751263,6.724127769470215,37260804,CI.WRC2.--,1
scale2,24789,ok,,0.0,True,True,0.0,0.0,pass,ok,0.100529681192711,7.0593101978302,37219668,CI.WRC2.--,0
deterministic_noise,24789,ok,,0.0,True,True,0.0,0.0,pass,ok,0.10260544414632022,7.1241724491119385,37219668,CI.WRC2.--,0
scale2,24792,ok,,0.0,True,True,0.0,0.0,pass,ok,0.10510154673829675,6.979823350906372,37219668,CI.WVP2.--,1
deterministic_noise,24792,ok,,0.0,True,True,0.0,0.0,pass,ok,0.10447789868339896,6.933453798294067,37219668,CI.WVP2.--,1
scale2,24825,ok,,0.0,True,True,0.0,0.0,pass,ok,0.08910894021391869,7.330698728561401,38457599,CI.WRC2.--,1
deterministic_noise,24825,ok,,0.0,True,True,0.0,0.0,pass,ok,0.09278286620974541,7.312169551849365,38457599,CI.WRC2.--,1
scale2,24825,ok,,0.0,True,True,0.0,0.0,pass,ok,0.10760940657928586,7.119267463684082,38457599,CI.WVP2.--,2
deterministic_noise,24825,ok,,0.0,True,True,0.0,0.0,pass,ok,0.10501217795535922,7.390505075454712,38457599,CI.WVP2.--,2
scale2,24840,ok,,0.0,True,True,0.0,0.0,pass,ok,0.09255956299602985,7.416593074798584,37219684,CI.WRC2.--,0
deterministic_noise,24840,ok,,0.0,True,True,0.0,0.0,pass,ok,0.09068865142762661,7.17561411857605,37219684,CI.WRC2.--,0
scale2,24840,ok,,0.0,True,True,0.0,0.0,pass,ok,0.10740325413644314,7.0180840492248535,37219684,CI.WVP2.--,1
deterministic_noise,24840,ok,,0.0,True,True,0.0,0.0,pass,ok,0.10630861110985279,7.5789008140563965,37219684,CI.WVP2.--,1
scale2,24681,ok,,0.0,True,True,0.0,0.0,pass,ok,0.10462928749620914,6.925134897232056,37219692,CI.CLC.--,0
deterministic_noise,24681,ok,,0.0,True,True,0.0,0.0,pass,ok,0.10658196918666363,7.0485124588012695,37219692,CI.CLC.--,0
scale2,24681,ok,,0.0,True,True,0.0,0.0,pass,ok,0.12731694243848324,7.389542102813721,37219692,CI.CCC.--,2
deterministic_noise,24681,ok,,0.0,True,True,0.0,0.0,pass,ok,0.12768369354307652,7.574167728424072,37219692,CI.CCC.--,2
scale2,24405,ok,,0.0,True,True,0.0,0.0,pass,ok,0.1297331564128399,7.8467161655426025,37219700,CI.CCC.--,0
deterministic_noise,24405,ok,,0.0,True,True,0.0,0.0,pass,ok,0.1312296725809574,8.26193881034851,37219700,CI.CCC.--,0
scale2,24405,ok,,0.0,True,True,0.0,0.0,pass,ok,0.1048063961789012,7.261517286300659,37219700,CI.CLC.--,1
deterministic_noise,24405,ok,,0.0,True,True,0.0,0.0,pass,ok,0.1064254017546773,7.26667046546936,37219700,CI.CLC.--,1
scale2,24720,ok,,0.0,True,True,0.0,0.0,pass,ok,0.10799912642687559,7.436076641082764,37219716,CI.TOW2.--,1
deterministic_noise,24720,ok,,0.0,True,True,0.0,0.0,pass,ok,0.10898193437606096,7.588526964187622,37219716,CI.TOW2.--,1
scale2,24720,ok,,0.0,True,True,0.0,0.0,pass,ok,0.10346895409747958,7.047181606292725,37219716,CI.WVP2.--,2
deterministic_noise,24720,ok,,0.0,True,True,0.0,0.0,pass,ok,0.10242901043966413,7.128976106643677,37219716,CI.WVP2.--,2
scale2,24741,ok,,0.0,True,True,0.0,0.0,pass,ok,0.10507114208303392,6.592261075973511,37219708,CI.CLC.--,0
deterministic_noise,24741,ok,,0.0,True,True,0.0,0.0,pass,ok,0.10718781524337828,6.714562654495239,37219708,CI.CLC.--,0
scale2,24741,ok,,0.0,True,True,0.0,0.0,pass,ok,0.1400031428784132,7.849234104156494,37219708,CI.SRT.--,1
deterministic_noise,24741,ok,,0.0,True,True,0.0,0.0,pass,ok,0.14050138927996159,7.809980154037476,37219708,CI.SRT.--,1
scale2,24705,ok,,0.0,True,True,0.0,0.0,pass,ok,0.10157438344322145,6.824769496917725,37260828,CI.TOW2.--,0
deterministic_noise,24705,ok,,0.0,True,True,0.0,0.0,pass,ok,0.10169824864715338,6.85664439201355,37260828,CI.TOW2.--,0
scale2,24705,ok,,0.0,True,True,0.0,0.0,pass,ok,0.09212025441229343,7.08895468711853,37260828,CI.WRC2.--,1
deterministic_noise,24705,ok,,0.0,True,True,0.0,0.0,pass,ok,0.09100206755101681,6.856733322143555,37260828,CI.WRC2.--,1
scale2,24927,ok,,0.0,True,True,0.0,0.0,pass,ok,0.10020462237298489,7.194970369338989,37219724,CI.WRC2.--,0
deterministic_noise,24927,ok,,0.0,True,True,0.0,0.0,pass,ok,0.10321814753115177,7.414136171340942,37219724,CI.WRC2.--,0
scale2,24930,ok,,0.0,True,True,0.0,0.0,pass,ok,0.11221499182283878,7.380704402923584,37219724,CI.WVP2.--,2
deterministic_noise,24930,ok,,0.0,True,True,0.0,0.0,pass,ok,0.11088727973401546,7.628227710723877,37219724,CI.WVP2.--,2
scale2,24915,ok,,0.0,True,True,0.0,0.0,pass,ok,0.09329859586432576,6.7965710163116455,37260860,CI.WRC2.--,0
deterministic_noise,24915,ok,,0.0,True,True,0.0,0.0,pass,ok,0.0926702725701034,6.901317596435547,37260860,CI.WRC2.--,0
scale2,24915,ok,,0.0,True,True,0.0,0.0,pass,ok,0.1070298939011991,6.761995315551758,37260860,CI.WVP2.--,1
deterministic_noise,24915,ok,,0.0,True,True,0.0,0.0,pass,ok,0.10612735757604241,6.604342937469482,37260860,CI.WVP2.--,1
scale2,24864,ok,,0.0,True,True,0.0,0.0,pass,ok,0.09636940783821046,7.069020986557007,37261164,CI.WRC2.--,0
deterministic_noise,24864,ok,,0.0,True,True,0.0,0.0,pass,ok,0.09642618917860091,6.912509441375732,37261164,CI.WRC2.--,0
scale2,24864,ok,,0.0,True,True,0.0,0.0,pass,ok,0.10597763559781015,6.645108222961426,37261164,CI.TOW2.--,1
deterministic_noise,24864,ok,,0.0,True,True,0.0,0.0,pass,ok,0.10666914680041373,6.6385297775268555,37261164,CI.TOW2.--,1
scale2,24939,ok,,0.0,True,True,0.0,0.0,pass,ok,0.08975222706794739,7.056406259536743,37219740,CI.WRC2.--,0
deterministic_noise,24939,ok,,0.0,True,True,0.0,0.0,pass,ok,0.0917537733912468,6.998897552490234,37219740,CI.WRC2.--,0
scale2,24939,ok,,0.0,True,True,0.0,0.0,pass,ok,0.09981629950925708,6.505414009094238,37219740,CI.CLC.--,1
deterministic_noise,24939,ok,,0.0,True,True,0.0,0.0,pass,ok,0.1000818912871182,6.66060209274292,37219740,CI.CLC.--,1
scale2,24390,ok,,0.0,True,True,0.0,0.0,pass,ok,0.1272123004309833,7.620028495788574,38457607,CI.CCC.--,0
deterministic_noise,24390,ok,,0.0,True,True,0.0,0.0,pass,ok,0.12779796915128827,8.097721815109253,38457607,CI.CCC.--,0
scale2,24390,ok,,0.0,True,True,0.0,0.0,pass,ok,0.13580941513646394,6.435001611709595,38457607,CI.SRT.--,2
deterministic_noise,24390,ok,,0.0,True,True,0.0,0.0,pass,ok,0.13598065718542784,6.330257773399353,38457607,CI.SRT.--,2
scale2,25035,ok,,0.0,True,True,0.0,0.0,pass,ok,0.11133248079568148,7.119423866271973,37219796,CI.JRC2.--,0
deterministic_noise,25035,ok,,0.0,True,True,0.0,0.0,pass,ok,0.11635596584528685,7.368303298950195,37219796,CI.JRC2.--,0
scale2,25035,ok,,0.0,True,True,0.0,0.0,pass,ok,0.13606809196062386,7.060696601867676,37219796,CI.WCS2.--,1
deterministic_noise,25035,ok,,0.0,True,True,0.0,0.0,pass,ok,0.1358041453640908,6.916842222213745,37219796,CI.WCS2.--,1
scale2,24903,ok,,0.0,True,True,0.0,0.0,pass,ok,0.0932487933896482,6.784386873245239,37260876,CI.WRC2.--,0
deterministic_noise,24903,ok,,0.0,True,True,0.0,0.0,pass,ok,0.09281141171231866,6.652434349060059,37260876,CI.WRC2.--,0
scale2,24903,ok,,0.0,True,True,0.0,0.0,pass,ok,0.10175823327153921,7.548494577407837,37260876,CI.TOW2.--,1
deterministic_noise,24903,ok,,0.0,True,True,0.0,0.0,pass,ok,0.10166137758642435,7.6379616260528564,37260876,CI.TOW2.--,1
scale2,24807,ok,,0.0,True,True,0.0,0.0,pass,ok,0.10671701468527317,6.7773261070251465,37260892,CI.WVP2.--,0
deterministic_noise,24807,ok,,0.0,True,True,0.0,0.0,pass,ok,0.10616890154778957,6.687736988067627,37260892,CI.WVP2.--,0
scale2,24807,ok,,0.0,True,True,0.0,0.0,pass,ok,0.09156667161732912,6.836795091629028,37260892,CI.WRC2.--,1
deterministic_noise,24807,ok,,0.0,True,True,0.0,0.0,pass,ok,0.09090601187199354,6.604393720626831,37260892,CI.WRC2.--,1
scale2,24840,ok,,0.0,True,True,0.0,0.0,pass,ok,0.10961174976546317,6.548351526260376,37219820,CI.CLC.--,0
deterministic_noise,24840,ok,,0.0,True,True,0.0,0.0,pass,ok,0.11176168906968087,6.498265027999878,37219820,CI.CLC.--,0
scale2,24840,ok,,0.0,True,True,0.0,0.0,pass,ok,0.1446101859328337,6.448215007781982,37219820,CI.SRT.--,1
deterministic_noise,24840,ok,,0.0,True,True,0.0,0.0,pass,ok,0.14464111177949235,6.589353442192078,37219820,CI.SRT.--,1
scale2,24924,ok,,0.0,True,True,0.0,0.0,pass,ok,0.09656407264992595,7.085275888442993,37219828,CI.WRC2.--,1
deterministic_noise,24924,ok,,0.0,True,True,0.0,0.0,pass,ok,0.09666866483166814,7.19737696647644,37219828,CI.WRC2.--,1
scale2,24924,ok,,0.0,True,True,0.0,0.0,pass,ok,0.10733622044790536,6.093691349029541,37219828,CI.CLC.--,2
deterministic_noise,24924,ok,,0.0,True,True,0.0,0.0,pass,ok,0.10848155885469168,5.760877013206482,37219828,CI.CLC.--,2
scale2,24312,ok,,0.0,True,True,0.0,0.0,pass,ok,0.13280351040884852,7.192322731018066,37260924,CI.CCC.--,0
deterministic_noise,24312,ok,,0.0,True,True,0.0,0.0,pass,ok,0.13300569774582982,7.146072626113892,37260924,CI.CCC.--,0
scale2,24312,ok,,0.0,True,True,0.0,0.0,pass,ok,0.14410389808472246,5.8635170459747314,37260924,CI.SRT.--,2
deterministic_noise,24312,ok,,0.0,True,True,0.0,0.0,pass,ok,0.14415586146060377,6.2729164361953735,37260924,CI.SRT.--,2
scale2,24981,ok,,0.0,True,True,0.0,0.0,pass,ok,0.09605169855058193,7.107871055603027,37219836,CI.WRC2.--,0
deterministic_noise,24981,ok,,0.0,True,True,0.0,0.0,pass,ok,0.09619326330721378,6.963247060775757,37219836,CI.WRC2.--,0
scale2,24981,ok,,0.0,True,True,0.0,0.0,pass,ok,0.10589917935431004,7.054840803146362,37219836,CI.WVP2.--,1
deterministic_noise,24981,ok,,0.0,True,True,0.0,0.0,pass,ok,0.10515561513602734,7.309173583984375,37219836,CI.WVP2.--,1
scale2,24480,ok,,0.0,True,True,0.0,0.0,pass,ok,0.12856007658410817,7.02189302444458,38457623,CI.CCC.--,0
deterministic_noise,24480,ok,,0.0,True,True,0.0,0.0,pass,ok,0.12879822112154216,6.733783721923828,38457623,CI.CCC.--,0
scale2,24480,ok,,0.0,True,True,0.0,0.0,pass,ok,0.13879781326977536,5.717346489429474,38457623,CI.SRT.--,2
deterministic_noise,24480,ok,,0.0,True,True,0.0,0.0,pass,ok,0.13888963201316074,5.546975672245026,38457623,CI.SRT.--,2
scale2,24609,ok,,0.0,True,True,0.0,0.0,pass,ok,0.12359916977584362,7.944295644760132,37421221,CI.CCC.--,0
deterministic_noise,24609,ok,,0.0,True,True,0.0,0.0,pass,ok,0.1248732227832079,7.988663196563721,37421221,CI.CCC.--,0
scale2,24609,ok,,0.0,True,True,0.0,0.0,pass,ok,0.10160196368815377,7.484911203384399,37421221,CI.CLC.--,1
deterministic_noise,24609,ok,,0.0,True,True,0.0,0.0,pass,ok,0.1027566289412789,7.051780462265015,37421221,CI.CLC.--,1
scale2,24828,ok,,0.0,True,True,0.0,0.0,pass,ok,0.10604917397722602,7.002375602722168,37421237,CI.WVP2.--,0
deterministic_noise,24828,ok,,0.0,True,True,0.0,0.0,pass,ok,0.10511916736140847,6.909872531890869,37421237,CI.WVP2.--,0
scale2,24825,ok,,0.0,True,True,0.0,0.0,pass,ok,0.10096217878162861,7.2849695682525635,37421237,CI.WRC2.--,1
deterministic_noise,24825,ok,,0.0,True,True,0.0,0.0,pass,ok,0.10421210341155529,7.245795011520386,37421237,CI.WRC2.--,1
scale2,25026,ok,,0.0,True,True,0.0,0.0,pass,ok,0.08960643596947193,7.0616559982299805,38457631,CI.WRC2.--,0
deterministic_noise,25026,ok,,0.0,True,True,0.0,0.0,pass,ok,0.09040879970416427,7.116949558258057,38457631,CI.WRC2.--,0
scale2,25026,ok,,0.0,True,True,0.0,0.0,pass,ok,0.10321661364287138,7.192682981491089,38457631,CI.WVP2.--,1
deterministic_noise,25026,ok,,0.0,True,True,0.0,0.0,pass,ok,0.10188624728471041,6.861441135406494,38457631,CI.WVP2.--,1
scale2,25077,ok,,0.0,True,True,0.0,0.0,pass,ok,0.10933371633291245,6.503541946411133,37219860,CI.CLC.--,0
deterministic_noise,25077,ok,,0.0,True,True,0.0,0.0,pass,ok,0.11188683658838272,6.601235628128052,37219860,CI.CLC.--,0
scale2,25077,ok,,0.0,True,True,0.0,0.0,pass,ok,0.10684008884709328,7.764436483383179,37219860,CI.TOW2.--,1
deterministic_noise,25077,ok,,0.0,True,True,0.0,0.0,pass,ok,0.10714286577422172,7.447507858276367,37219860,CI.TOW2.--,1
scale2,24900,ok,,0.0,True,True,0.0,0.0,pass,ok,0.09169278526678681,6.801833391189575,37261244,CI.WRC2.--,0
deterministic_noise,24900,ok,,0.0,True,True,0.0,0.0,pass,ok,0.09109374647960067,6.934873342514038,37261244,CI.WRC2.--,0
scale2,24900,ok,,0.0,True,True,0.0,0.0,pass,ok,0.1042883696500212,6.446761131286621,37261244,CI.CLC.--,1
deterministic_noise,24900,ok,,0.0,True,True,0.0,0.0,pass,ok,0.10611110157333314,6.364871978759766,37261244,CI.CLC.--,1
scale2,24912,ok,,0.0,True,True,0.0,0.0,pass,ok,0.1108157467097044,7.033628463745117,37219868,CI.CLC.--,0
deterministic_noise,24912,ok,,0.0,True,True,0.0,0.0,pass,ok,0.11316792108118534,6.558657646179199,37219868,CI.CLC.--,0
scale2,24912,ok,,0.0,True,True,0.0,0.0,pass,ok,0.11622540513053536,7.496793270111084,37219868,CI.TOW2.--,1
deterministic_noise,24912,ok,,0.0,True,True,0.0,0.0,pass,ok,0.11742190411314368,7.642138242721558,37219868,CI.TOW2.--,1
scale2,24909,ok,,0.0,True,True,0.0,0.0,pass,ok,0.10043909639352933,6.273914813995361,37261260,CI.WRC2.--,0
deterministic_noise,24909,ok,,0.0,True,True,0.0,0.0,pass,ok,0.10120367765193805,6.320491552352905,37261260,CI.WRC2.--,0
scale2,24909,ok,,0.0,True,True,0.0,0.0,pass,ok,0.11186195292975754,6.147203207015991,37261260,CI.CLC.--,1
deterministic_noise,24909,ok,,0.0,True,True,0.0,0.0,pass,ok,0.11288817098829895,6.197593092918396,37261260,CI.CLC.--,1
scale2,24954,ok,,0.0,True,True,0.0,0.0,pass,ok,0.09319314826279879,7.425543785095215,38457639,CI.WRC2.--,0
deterministic_noise,24954,ok,,0.0,True,True,0.0,0.0,pass,ok,0.09356857370585203,7.309251308441162,38457639,CI.WRC2.--,0
scale2,24954,ok,,0.0,True,True,0.0,0.0,pass,ok,0.10229133442044258,7.889380931854248,38457639,CI.WVP2.--,2
deterministic_noise,24954,ok,,0.0,True,True,0.0,0.0,pass,ok,0.0995393805205822,7.339764356613159,38457639,CI.WVP2.--,2
scale2,24897,ok,,0.0,True,True,0.0,0.0,pass,ok,0.09934304910711944,6.780256032943726,37261268,CI.WRC2.--,0
deterministic_noise,24897,ok,,0.0,True,True,0.0,0.0,pass,ok,0.10621465486474335,6.685795068740845,37261268,CI.WRC2.--,0
scale2,24900,ok,,0.0,True,True,0.0,0.0,pass,ok,0.10534693265799433,7.051401376724243,37261268,CI.WVP2.--,1
deterministic_noise,24900,ok,,0.0,True,True,0.0,0.0,pass,ok,0.10300096904393286,6.968421697616577,37261268,CI.WVP2.--,1
scale2,24960,ok,,0.0,True,True,0.0,0.0,pass,ok,0.09463817230425775,6.2401909828186035,37261276,CI.WRC2.--,0
deterministic_noise,24960,ok,,0.0,True,True,0.0,0.0,pass,ok,0.09449272998608649,6.152238130569458,37261276,CI.WRC2.--,0
scale2,24960,ok,,0.0,True,True,0.0,0.0,pass,ok,0.10582890175282955,6.127268075942993,37261276,CI.WVP2.--,1
deterministic_noise,24960,ok,,0.0,True,True,0.0,0.0,pass,ok,0.10544430650770664,6.279226064682007,37261276,CI.WVP2.--,1
scale2,24849,ok,,0.0,True,True,0.0,0.0,pass,ok,0.10652457177639008,7.892431735992432,37261284,CI.TOW2.--,0
deterministic_noise,24849,ok,,0.0,True,True,0.0,0.0,pass,ok,0.10702638328075409,7.682698488235474,37261284,CI.TOW2.--,0
scale2,24849,ok,,0.0,True,True,0.0,0.0,pass,ok,0.11770250741392374,6.9215989112854,37261284,CI.JRC2.--,4
deterministic_noise,24849,ok,,0.0,True,True,0.0,0.0,pass,ok,0.11969276424497366,6.7502617835998535,37261284,CI.JRC2.--,4
scale2,24942,ok,,0.0,True,True,0.0,0.0,pass,ok,0.10552354867104441,6.073476314544678,37219884,CI.CLC.--,0
deterministic_noise,24942,ok,,0.0,True,True,0.0,0.0,pass,ok,0.10646054183598608,5.875103235244751,37219884,CI.CLC.--,0
scale2,24942,ok,,0.0,True,True,0.0,0.0,pass,ok,0.1387007815646939,6.127795457839966,37219884,CI.SRT.--,1
deterministic_noise,24942,ok,,0.0,True,True,0.0,0.0,pass,ok,0.13883781601907685,5.7081780433654785,37219884,CI.SRT.--,1
scale2,24924,ok,,0.0,True,True,0.0,0.0,pass,ok,0.09416208288166672,6.8924243450164795,37219908,CI.WRC2.--,0
deterministic_noise,24924,ok,,0.0,True,True,0.0,0.0,pass,ok,0.09381528326775879,6.770801544189453,37219908,CI.WRC2.--,0
scale2,24924,ok,,0.0,True,True,0.0,0.0,pass,ok,0.10510903457179666,7.200704574584961,37219908,CI.TOW2.--,1
deterministic_noise,24924,ok,,0.0,True,True,0.0,0.0,pass,ok,0.10526852449402213,7.1574530601501465,37219908,CI.TOW2.--,1
scale2,24918,ok,,0.0,True,True,0.0,0.0,pass,ok,0.09501856938004494,6.942605257034302,38457655,CI.WRC2.--,0
deterministic_noise,24918,ok,,0.0,True,True,0.0,0.0,pass,ok,0.09457103535532951,6.934525012969971,38457655,CI.WRC2.--,0
scale2,24918,ok,,0.0,True,True,0.0,0.0,pass,ok,0.10695778857916594,6.8893256187438965,38457655,CI.CLC.--,2
deterministic_noise,24918,ok,,0.0,True,True,0.0,0.0,pass,ok,0.10812434274703264,6.744115591049194,38457655,CI.CLC.--,2
scale2,24870,ok,,0.0,True,True,0.0,0.0,pass,ok,0.09676304561435245,7.167864799499512,37219900,CI.WRC2.--,0
deterministic_noise,24870,ok,,0.0,True,True,0.0,0.0,pass,ok,0.09685550528229214,7.225900173187256,37219900,CI.WRC2.--,0
scale2,24870,ok,,0.0,True,True,0.0,0.0,pass,ok,0.10777843394316733,6.53297758102417,37219900,CI.CLC.--,2
deterministic_noise,24870,ok,,0.0,True,True,0.0,0.0,pass,ok,0.10926889977417886,6.291813611984253,37219900,CI.CLC.--,2
scale2,24897,ok,,0.0,True,True,0.0,0.0,pass,ok,0.10135006159543991,6.856891393661499,37261468,CI.TOW2.--,0
deterministic_noise,24897,ok,,0.0,True,True,0.0,0.0,pass,ok,0.10130812972784042,6.952431917190552,37261468,CI.TOW2.--,0
scale2,24897,ok,,0.0,True,True,0.0,0.0,pass,ok,0.09197727008722723,6.252400159835815,37261468,CI.WRC2.--,1
deterministic_noise,24897,ok,,0.0,True,True,0.0,0.0,pass,ok,0.09171497658826411,6.610706329345703,37261468,CI.WRC2.--,1
scale2,24900,ok,,0.0,True,True,0.0,0.0,pass,ok,0.0902064386755228,7.338223457336426,38457663,CI.WRC2.--,0
deterministic_noise,24900,ok,,0.0,True,True,0.0,0.0,pass,ok,0.08930592052638531,7.374314308166504,38457663,CI.WRC2.--,0
scale2,24900,ok,,0.0,True,True,0.0,0.0,pass,ok,0.10875465953722596,7.261620759963989,38457663,CI.WVP2.--,1
deterministic_noise,24900,ok,,0.0,True,True,0.0,0.0,pass,ok,0.10761275654658675,7.086991786956787,38457663,CI.WVP2.--,1
scale2,24888,ok,,0.0,True,True,0.0,0.0,pass,ok,0.10010505747050047,6.171911358833313,37261484,CI.CLC.--,0
deterministic_noise,24888,ok,,0.0,True,True,0.0,0.0,pass,ok,0.10060073155909777,6.360628843307495,37261484,CI.CLC.--,0
scale2,24888,ok,,0.0,True,True,0.0,0.0,pass,ok,0.09952502092346549,7.0338380336761475,37261484,CI.TOW2.--,1
deterministic_noise,24888,ok,,0.0,True,True,0.0,0.0,pass,ok,0.10290111461654305,6.836219549179077,37261484,CI.TOW2.--,1
scale2,25002,ok,,0.0,True,True,0.0,0.0,pass,ok,0.091923744417727,7.424434423446655,37219924,CI.WRC2.--,0
deterministic_noise,25002,ok,,0.0,True,True,0.0,0.0,pass,ok,0.09099258342757821,7.2196431159973145,37219924,CI.WRC2.--,0
scale2,25002,ok,,0.0,True,True,0.0,0.0,pass,ok,0.11893437430262566,7.605835914611816,37219924,CI.WVP2.--,1
deterministic_noise,25002,ok,,0.0,True,True,0.0,0.0,pass,ok,0.11547921225428581,7.9507081508636475,37219924,CI.WVP2.--,1
scale2,24810,ok,,0.0,True,True,0.0,0.0,pass,ok,0.09228341025300324,6.5059590339660645,37219948,CI.WRC2.--,0
deterministic_noise,24810,ok,,0.0,True,True,0.0,0.0,pass,ok,0.09199976432137191,6.1759033203125,37219948,CI.WRC2.--,0
scale2,24810,ok,,0.0,True,True,0.0,0.0,pass,ok,0.10668346169404685,6.183077454566956,37219948,CI.WVP2.--,1
deterministic_noise,24810,ok,,0.0,True,True,0.0,0.0,pass,ok,0.10626574722118676,6.319038987159729,37219948,CI.WVP2.--,1
scale2,25041,ok,,0.0,True,True,0.0,0.0,pass,ok,0.09998183231800795,7.007964134216309,38457671,CI.WRC2.--,0
deterministic_noise,25041,ok,,0.0,True,True,0.0,0.0,pass,ok,0.10106304753571749,7.215652704238892,38457671,CI.WRC2.--,0
scale2,25041,ok,,0.0,True,True,0.0,0.0,pass,ok,0.10118542425334454,7.3257691860198975,38457671,CI.WVP2.--,1
deterministic_noise,25041,ok,,0.0,True,True,0.0,0.0,pass,ok,0.10060752369463444,7.067333936691284,38457671,CI.WVP2.--,1
scale2,24801,ok,,0.0,True,True,0.0,0.0,pass,ok,0.10588251368608326,6.915208339691162,37220268,CI.TOW2.--,0
deterministic_noise,24801,ok,,0.0,True,True,0.0,0.0,pass,ok,0.10624461306724697,6.998461961746216,37220268,CI.TOW2.--,0
scale2,24801,ok,,0.0,True,True,0.0,0.0,pass,ok,0.09626945393392816,6.822077035903931,37220268,CI.WRC2.--,1
deterministic_noise,24801,ok,,0.0,True,True,0.0,0.0,pass,ok,0.09633196605136618,6.8679749965667725,37220268,CI.WRC2.--,1
scale2,24585,ok,,0.0,True,True,0.0,0.0,pass,ok,0.10006612082361244,6.134791612625122,37220276,CI.CLC.--,0
deterministic_noise,24585,ok,,0.0,True,True,0.0,0.0,pass,ok,0.10020918856025673,6.222489953041077,37220276,CI.CLC.--,0
scale2,24585,ok,,0.0,True,True,0.0,0.0,pass,ok,0.13130592824018095,5.905218243598938,37220276,CI.SRT.--,1
deterministic_noise,24585,ok,,0.0,True,True,0.0,0.0,pass,ok,0.1311996179720154,5.7526023387908936,37220276,CI.SRT.--,1
scale2,24507,ok,,0.0,True,True,0.0,0.0,pass,ok,0.11014259792864323,7.3763673305511475,38457679,CI.CLC.--,0
deterministic_noise,24507,ok,,0.0,True,True,0.0,0.0,pass,ok,0.11284828744828701,7.738473415374756,38457679,CI.CLC.--,0
scale2,24507,ok,,0.0,True,True,0.0,0.0,pass,ok,0.13489387836307287,8.061614036560059,38457679,CI.CCC.--,1
deterministic_noise,24507,ok,,0.0,True,True,0.0,0.0,pass,ok,0.13577343616634607,7.9600584506988525,38457679,CI.CCC.--,1
scale2,24930,ok,,0.0,True,True,0.0,0.0,pass,ok,0.08942779712378979,6.851601839065552,37261516,CI.WRC2.--,0
deterministic_noise,24930,ok,,0.0,True,True,0.0,0.0,pass,ok,0.09072416462004185,7.003916025161743,37261516,CI.WRC2.--,0
scale2,24930,ok,,0.0,True,True,0.0,0.0,pass,ok,0.09826334117678925,7.1882545948028564,37261516,CI.TOW2.--,1
deterministic_noise,24930,ok,,0.0,True,True,0.0,0.0,pass,ok,0.09882877394556999,7.045347690582275,37261516,CI.TOW2.--,1
scale2,24819,ok,,0.0,True,True,0.0,0.0,pass,ok,0.08955402637366205,6.184851408004761,37261540,CI.WRC2.--,0
deterministic_noise,24819,ok,,0.0,True,True,0.0,0.0,pass,ok,0.0913770574843511,6.327657222747803,37261540,CI.WRC2.--,0
scale2,24819,ok,,0.0,True,True,0.0,0.0,pass,ok,0.09859881550073624,6.659221887588501,37261540,CI.TOW2.--,1
deterministic_noise,24819,ok,,0.0,True,True,0.0,0.0,pass,ok,0.0998942106962204,6.770859003067017,37261540,CI.TOW2.--,1
scale2,24918,ok,,0.0,True,True,0.0,0.0,pass,ok,0.10204192996025085,7.5015106201171875,38457687,CI.WVP2.--,0
deterministic_noise,24918,ok,,0.0,True,True,0.0,0.0,pass,ok,0.14609524607658386,8.523511409759521,38457687,CI.WVP2.--,0
scale2,24918,ok,,0.0,True,True,0.0,0.0,pass,ok,0.10064371302723885,7.309336423873901,38457687,CI.WRC2.--,1
deterministic_noise,24918,ok,,0.0,True,True,0.0,0.0,pass,ok,0.12588173896074295,7.690550327301025,38457687,CI.WRC2.--,1
scale2,24882,ok,,0.0,True,True,0.0,0.0,pass,ok,0.10392589191906154,7.008630037307739,37261556,CI.WVP2.--,0
deterministic_noise,24882,ok,,0.0,True,True,0.0,0.0,pass,ok,0.10116173257119954,7.070483446121216,37261556,CI.WVP2.--,0
scale2,24882,ok,,0.0,True,True,0.0,0.0,pass,ok,0.09396519418805838,7.1571173667907715,37261556,CI.WRC2.--,1
deterministic_noise,24882,ok,,0.0,True,True,0.0,0.0,pass,ok,0.09323947969824076,7.0723302364349365,37261556,CI.WRC2.--,1
scale2,25113,ok,,0.0,True,True,0.0,0.0,pass,ok,0.0971948578953743,7.299763917922974,37220300,CI.WRC2.--,0
deterministic_noise,25113,ok,,0.0,True,True,0.0,0.0,pass,ok,0.09739220887422562,7.442074298858643,37220300,CI.WRC2.--,0
scale2,25113,ok,,0.0,True,True,0.0,0.0,pass,ok,0.1074190903455019,6.767353773117065,37220300,CI.CLC.--,3
deterministic_noise,25113,ok,,0.0,True,True,0.0,0.0,pass,ok,0.10851301066577435,6.956908226013184,37220300,CI.CLC.--,3
scale2,24864,ok,,0.0,True,True,0.0,0.0,pass,ok,0.10653296438977122,6.291188716888428,37261564,CI.WVP2.--,0
deterministic_noise,24864,ok,,0.0,True,True,0.0,0.0,pass,ok,0.10502250911667943,6.273582220077515,37261564,CI.WVP2.--,0
scale2,24864,ok,,0.0,True,True,0.0,0.0,pass,ok,0.09113657241687179,7.036965847015381,37261564,CI.WRC2.--,1
deterministic_noise,24864,ok,,0.0,True,True,0.0,0.0,pass,ok,0.08980504900682718,6.849333763122559,37261564,CI.WRC2.--,1
scale2,24930,ok,,0.0,True,True,0.0,0.0,pass,ok,0.08954863529652357,7.197519540786743,37261620,CI.WRC2.--,0
deterministic_noise,24930,ok,,0.0,True,True,0.0,0.0,pass,ok,0.08994000297388993,7.036180257797241,37261620,CI.WRC2.--,0
scale2,24929,ok,,0.0,True,True,0.0,0.0,pass,ok,0.10482588782906532,6.920389652252197,37261620,CI.WVP2.--,1
deterministic_noise,24930,ok,,0.0,True,True,0.0,0.0,pass,ok,0.1039833091199398,6.923257827758789,37261620,CI.WVP2.--,1
scale2,24939,ok,,0.0,True,True,0.0,0.0,pass,ok,0.11586902081035078,7.5451130867004395,38457695,CI.TOW2.--,0
deterministic_noise,24939,ok,,0.0,True,True,0.0,0.0,pass,ok,0.11753420741297305,7.735236883163452,38457695,CI.TOW2.--,0
scale2,24939,ok,,0.0,True,True,0.0,0.0,pass,ok,0.11219699494540691,6.972989559173584,38457695,CI.CLC.--,1
deterministic_noise,24939,ok,,0.0,True,True,0.0,0.0,pass,ok,0.11568001098930836,6.830919504165649,38457695,CI.CLC.--,1
scale2,24639,ok,,0.0,True,True,0.0,0.0,pass,ok,0.1359562356956303,7.498827695846558,37261788,CI.CCC.--,0
deterministic_noise,24639,ok,,0.0,True,True,0.0,0.0,pass,ok,0.1367124984972179,7.568058252334595,37261788,CI.CCC.--,0
scale2,24639,ok,,0.0,True,True,0.0,0.0,pass,ok,0.1114672013791278,5.990476608276367,37261788,CI.CLC.--,1
deterministic_noise,24639,ok,,0.0,True,True,0.0,0.0,pass,ok,0.11472551140468568,6.109976291656494,37261788,CI.CLC.--,1
scale2,24930,ok,,0.0,True,True,0.0,0.0,pass,ok,0.08805321529507637,7.528952121734619,37421773,CI.WRC2.--,0
deterministic_noise,24930,ok,,0.0,True,True,0.0,0.0,pass,ok,0.08681567013263702,7.328451633453369,37421773,CI.WRC2.--,0
scale2,24930,ok,,0.0,True,True,0.0,0.0,pass,ok,0.10191996395587921,7.627195835113525,37421773,CI.WVP2.--,1
deterministic_noise,24930,ok,,0.0,True,True,0.0,0.0,pass,ok,0.10067421197891235,7.455045461654663,37421773,CI.WVP2.--,1
scale2,24810,ok,,0.0,True,True,0.0,0.0,pass,ok,0.10707055125385523,6.472398281097412,37220588,CI.WVP2.--,0
deterministic_noise,24810,ok,,0.0,True,True,0.0,0.0,pass,ok,0.10647809412330389,6.550907135009766,37220588,CI.WVP2.--,0
scale2,24807,ok,,0.0,True,True,0.0,0.0,pass,ok,0.11130981985479593,6.84645414352417,37220588,CI.TOW2.--,1
deterministic_noise,24807,ok,,0.0,True,True,0.0,0.0,pass,ok,0.11210395966190845,7.179459571838379,37220588,CI.TOW2.--,1
scale2,24768,ok,,0.0,True,True,0.0,0.0,pass,ok,0.10739040933549404,7.246458292007446,37220316,CI.WVP2.--,0
deterministic_noise,24768,ok,,0.0,True,True,0.0,0.0,pass,ok,0.10563823767006397,7.336843729019165,37220316,CI.WVP2.--,0
scale2,24765,ok,,0.0,True,True,0.0,0.0,pass,ok,0.11572985723614693,7.365254640579224,37220316,CI.JRC2.--,2
deterministic_noise,24765,ok,,0.0,True,True,0.0,0.0,pass,ok,0.1247582845389843,7.340686559677124,37220316,CI.JRC2.--,2
scale2,24912,ok,,0.0,True,True,0.0,0.0,pass,ok,0.10244964994490147,7.327483892440796,38457703,CI.WRC2.--,0
deterministic_noise,24912,ok,,0.0,True,True,0.0,0.0,pass,ok,0.10338938795030117,7.3784215450286865,38457703,CI.WRC2.--,0
scale2,24912,ok,,0.0,True,True,0.0,0.0,pass,ok,0.10711682587862015,7.3390467166900635,38457703,CI.WVP2.--,1
deterministic_noise,24912,ok,,0.0,True,True,0.0,0.0,pass,ok,0.15188253670930862,8.604312896728516,38457703,CI.WVP2.--,1
scale2,24948,ok,,0.0,True,True,0.0,0.0,pass,ok,0.08996382460463792,6.677504777908325,37261900,CI.WRC2.--,0
deterministic_noise,24948,ok,,0.0,True,True,0.0,0.0,pass,ok,0.08920558437239379,6.501114845275879,37261900,CI.WRC2.--,0
scale2,24948,ok,,0.0,True,True,0.0,0.0,pass,ok,0.09839741420000792,7.1937925815582275,37261900,CI.TOW2.--,1
deterministic_noise,24948,ok,,0.0,True,True,0.0,0.0,pass,ok,0.09967265045270324,7.550964117050171,37261900,CI.TOW2.--,1
scale2,24909,ok,,0.0,True,True,0.0,0.0,pass,ok,0.08944558148505166,6.578289270401001,37261948,CI.WRC2.--,0
deterministic_noise,24909,ok,,0.0,True,True,0.0,0.0,pass,ok,0.09054599161027,6.410567045211792,37261948,CI.WRC2.--,0
scale2,24909,ok,,0.0,True,True,0.0,0.0,pass,ok,0.10670399945229292,6.090572357177734,37261948,CI.WVP2.--,1
deterministic_noise,24909,ok,,0.0,True,True,0.0,0.0,pass,ok,0.10632725525647402,6.095818042755127,37261948,CI.WVP2.--,1
scale2,24858,ok,,0.0,True,True,0.0,0.0,pass,ok,0.08955667068948969,6.766300439834595,37220596,CI.WRC2.--,0
deterministic_noise,24858,ok,,0.0,True,True,0.0,0.0,pass,ok,0.09068885544547811,6.667903661727905,37220596,CI.WRC2.--,0
scale2,24858,ok,,0.0,True,True,0.0,0.0,pass,ok,0.10669146283180453,6.39920973777771,37220596,CI.WVP2.--,2
deterministic_noise,24858,ok,,0.0,True,True,0.0,0.0,pass,ok,0.1063107569643762,6.436156749725342,37220596,CI.WVP2.--,2
scale2,24987,ok,,0.0,True,True,0.0,0.0,pass,ok,0.10515079641481861,7.486997604370117,37220604,CI.CLC.--,0
deterministic_noise,24987,ok,,0.0,True,True,0.0,0.0,pass,ok,0.10590199386933818,7.453263998031616,37220604,CI.CLC.--,0
scale2,24987,ok,,0.0,True,True,0.0,0.0,pass,ok,0.14182301796972752,6.945688486099243,37220604,CI.SRT.--,1
deterministic_noise,24987,ok,,0.0,True,True,0.0,0.0,pass,ok,0.14198737405240536,6.2683937549591064,37220604,CI.SRT.--,1
scale2,24975,ok,,0.0,True,True,0.0,0.0,pass,ok,0.10710357315838337,7.378609895706177,37220748,CI.WVP2.--,0
deterministic_noise,24975,ok,,0.0,True,True,0.0,0.0,pass,ok,0.10637293569743633,7.355839729309082,37220748,CI.WVP2.--,0
scale2,24972,ok,,0.0,True,True,0.0,0.0,pass,ok,0.11768688447773457,7.306013107299805,37220748,CI.JRC2.--,2
deterministic_noise,24972,ok,,0.0,True,True,0.0,0.0,pass,ok,0.12149864993989468,7.3107757568359375,37220748,CI.JRC2.--,2
scale2,24873,ok,,0.0,True,True,0.0,0.0,pass,ok,0.10143236070871353,7.811475992202759,38457719,CI.TOW2.--,0
deterministic_noise,24873,ok,,0.0,True,True,0.0,0.0,pass,ok,0.10131627321243286,7.723359107971191,38457719,CI.TOW2.--,0
scale2,24873,ok,,0.0,True,True,0.0,0.0,pass,ok,0.09280240396037698,7.151100397109985,38457719,CI.WRC2.--,1
deterministic_noise,24873,ok,,0.0,True,True,0.0,0.0,pass,ok,0.0923117040656507,7.0113914012908936,38457719,CI.WRC2.--,1
scale2,24963,ok,,0.0,True,True,0.0,0.0,pass,ok,0.11360913515090942,7.461955785751343,37221076,CI.WRC2.--,0
deterministic_noise,24963,ok,,0.0,True,True,0.0,0.0,pass,ok,0.11463048309087753,8.127578496932983,37221076,CI.WRC2.--,0
scale2,24963,ok,,0.0,True,True,0.0,0.0,pass,ok,0.11407427134690806,7.323371648788452,37221076,CI.JRC2.--,4
deterministic_noise,24963,ok,,0.0,True,True,0.0,0.0,pass,ok,0.11653145757736638,7.447752952575684,37221076,CI.JRC2.--,4
scale2,24894,ok,,0.0,True,True,0.0,0.0,pass,ok,0.10683531279210001,6.17459499835968,37261980,CI.WVP2.--,0
deterministic_noise,24894,ok,,0.0,True,True,0.0,0.0,pass,ok,0.10609455441590399,6.062553405761719,37261980,CI.WVP2.--,0
scale2,24894,ok,,0.0,True,True,0.0,0.0,pass,ok,0.09002590933232568,6.177363157272339,37261980,CI.WRC2.--,1
deterministic_noise,24894,ok,,0.0,True,True,0.0,0.0,pass,ok,0.09028929751366377,6.110616326332092,37261980,CI.WRC2.--,1
scale2,24828,ok,,0.0,True,True,0.0,0.0,pass,ok,0.10058726673014462,6.352101802825928,37261988,CI.WRC2.--,0
deterministic_noise,24828,ok,,0.0,True,True,0.0,0.0,pass,ok,0.10155401821248233,6.424146890640259,37261988,CI.WRC2.--,0
scale2,24828,ok,,0.0,True,True,0.0,0.0,pass,ok,0.10016781184822321,6.509132385253906,37261988,CI.WVP2.--,1
deterministic_noise,24828,ok,,0.0,True,True,0.0,0.0,pass,ok,0.09951098170131445,6.855717420578003,37261988,CI.WVP2.--,1
scale2,24906,ok,,0.0,True,True,0.0,0.0,pass,ok,0.10682306974194944,6.392248868942261,38457727,CI.CLC.--,0
deterministic_noise,24906,ok,,0.0,True,True,0.0,0.0,pass,ok,0.1087832844350487,6.291994571685791,38457727,CI.CLC.--,0
scale2,24906,ok,,0.0,True,True,0.0,0.0,pass,ok,0.14160613517742604,6.2151038646698,38457727,CI.SRT.--,2
deterministic_noise,24906,ok,,0.0,True,True,0.0,0.0,pass,ok,0.1416537930490449,6.038846492767334,38457727,CI.SRT.--,2
scale2,24912,ok,,0.0,True,True,0.0,0.0,pass,ok,0.09210166335105896,7.456543922424316,38457735,CI.WRC2.--,0
deterministic_noise,24912,ok,,0.0,True,True,0.0,0.0,pass,ok,0.09205963090062141,7.146229267120361,38457735,CI.WRC2.--,0
scale2,24912,ok,,0.0,True,True,0.0,0.0,pass,ok,0.10785484663210809,7.304492235183716,38457735,CI.WVP2.--,1
deterministic_noise,24912,ok,,0.0,True,True,0.0,0.0,pass,ok,0.10639574029482901,7.484745264053345,38457735,CI.WVP2.--,1
scale2,24876,ok,,0.0,True,True,0.0,0.0,pass,ok,0.10770263546146452,5.6321258544921875,37262524,CI.CLC.--,0
deterministic_noise,24876,ok,,0.0,True,True,0.0,0.0,pass,ok,0.1083368060644716,5.708074450492859,37262524,CI.CLC.--,0
scale2,24876,ok,,0.0,True,True,0.0,0.0,pass,ok,0.1063207249098923,6.730497121810913,37262524,CI.TOW2.--,1
deterministic_noise,24876,ok,,0.0,True,True,0.0,0.0,pass,ok,0.10658267038525082,6.696177005767822,37262524,CI.TOW2.--,1
scale2,24999,ok,,0.0,True,True,0.0,0.0,pass,ok,0.09456419688649476,6.713210344314575,37221100,CI.WRC2.--,0
deterministic_noise,24999,ok,,0.0,True,True,0.0,0.0,pass,ok,0.09427936631254852,6.765738010406494,37221100,CI.WRC2.--,0
scale2,24999,ok,,0.0,True,True,0.0,0.0,pass,ok,0.10516787227243185,6.005704164505005,37221100,CI.CLC.--,1
deterministic_noise,24999,ok,,0.0,True,True,0.0,0.0,pass,ok,0.10607307497411966,6.192923665046692,37221100,CI.CLC.--,1
scale2,24906,ok,,0.0,True,True,0.0,0.0,pass,ok,0.09213724127039313,6.285114288330078,37262860,CI.WRC2.--,0
deterministic_noise,24906,ok,,0.0,True,True,0.0,0.0,pass,ok,0.09146245429292321,6.924360513687134,37262860,CI.WRC2.--,0
scale2,24906,ok,,0.0,True,True,0.0,0.0,pass,ok,0.10648735181894153,6.15821373462677,37262860,CI.WVP2.--,1
deterministic_noise,24906,ok,,0.0,True,True,0.0,0.0,pass,ok,0.10596277250442654,6.405912399291992,37262860,CI.WVP2.--,1
scale2,24870,ok,,0.0,True,True,0.0,0.0,pass,ok,0.10734737245365977,7.172134637832642,37262884,CI.TOW2.--,0
deterministic_noise,24870,ok,,0.0,True,True,0.0,0.0,pass,ok,0.10780252190306783,7.079316139221191,37262884,CI.TOW2.--,0
scale2,24870,ok,,0.0,True,True,0.0,0.0,pass,ok,0.09809524979755224,6.172758340835571,37262884,CI.WRC2.--,1
deterministic_noise,24870,ok,,0.0,True,True,0.0,0.0,pass,ok,0.09829951408937632,6.0570372343063354,37262884,CI.WRC2.--,1
scale2,24903,ok,,0.0,True,True,0.0,0.0,pass,ok,0.10352213442092761,6.563717603683472,37221108,CI.WVP2.--,0
deterministic_noise,24903,ok,,0.0,True,True,0.0,0.0,pass,ok,0.1029076972627081,6.5565690994262695,37221108,CI.WVP2.--,0
scale2,24903,ok,,0.0,True,True,0.0,0.0,pass,ok,0.09810316888615489,6.94723105430603,37221108,CI.WRC2.--,1
deterministic_noise,24903,ok,,0.0,True,True,0.0,0.0,pass,ok,0.09867778839543462,6.87800407409668,37221108,CI.WRC2.--,1
scale2,24972,ok,,0.0,True,True,0.0,0.0,pass,ok,0.10004862793721259,6.234232425689697,37262892,CI.WRC2.--,0
deterministic_noise,24972,ok,,0.0,True,True,0.0,0.0,pass,ok,0.10118349245749414,6.42126989364624,37262892,CI.WRC2.--,0
scale2,24975,ok,,0.0,True,True,0.0,0.0,pass,ok,0.10622760945989285,6.201828241348267,37262892,CI.WVP2.--,1
deterministic_noise,24975,ok,,0.0,True,True,0.0,0.0,pass,ok,0.10574274217651691,6.184289455413818,37262892,CI.WVP2.--,1
scale2,24852,ok,,0.0,True,True,0.0,0.0,pass,ok,0.10687927401158959,5.881915330886841,37262916,CI.WVP2.--,0
deterministic_noise,24852,ok,,0.0,True,True,0.0,0.0,pass,ok,0.10659051442053169,6.034412980079651,37262916,CI.WVP2.--,0
scale2,24849,ok,,0.0,True,True,0.0,0.0,pass,ok,0.10097098373807967,6.323955297470093,37262916,CI.WRC2.--,1
deterministic_noise,24849,ok,,0.0,True,True,0.0,0.0,pass,ok,0.10188709921203554,6.428663969039917,37262916,CI.WRC2.--,1
scale2,24930,ok,,0.0,True,True,0.0,0.0,pass,ok,0.09167955932207406,6.762701034545898,37221116,CI.WRC2.--,0
deterministic_noise,24930,ok,,0.0,True,True,0.0,0.0,pass,ok,0.09108946355991066,6.713110685348511,37221116,CI.WRC2.--,0
scale2,24930,ok,,0.0,True,True,0.0,0.0,pass,ok,0.10050264932215214,7.35961651802063,37221116,CI.TOW2.--,1
deterministic_noise,24930,ok,,0.0,True,True,0.0,0.0,pass,ok,0.1004313062876463,7.3012144565582275,37221116,CI.TOW2.--,1
scale2,24927,ok,,0.0,True,True,0.0,0.0,pass,ok,0.10525868181139231,7.6862475872039795,37421229,CI.CLC.--,0
deterministic_noise,24927,ok,,0.0,True,True,0.0,0.0,pass,ok,0.10788568016141653,7.621624708175659,37421229,CI.CLC.--,0
scale2,24927,ok,,0.0,True,True,0.0,0.0,pass,ok,0.09131701663136482,7.661929130554199,37421229,CI.WRC2.--,1
deterministic_noise,24927,ok,,0.0,True,True,0.0,0.0,pass,ok,0.09013570472598076,7.369448184967041,37421229,CI.WRC2.--,1
scale2,24708,ok,,0.0,True,True,0.0,0.0,pass,ok,0.10910449083894491,6.099132657051086,37262924,CI.CLC.--,2
deterministic_noise,24708,ok,,0.0,True,True,0.0,0.0,pass,ok,0.11010157410055399,5.998450517654419,37262924,CI.CLC.--,2
scale2,24708,ok,,0.0,True,True,0.0,0.0,pass,ok,0.10374145556124859,6.303102731704712,37262924,CI.WVP2.--,3
deterministic_noise,24708,ok,,0.0,True,True,0.0,0.0,pass,ok,0.10280534278717823,6.233466148376465,37262924,CI.WVP2.--,3
scale2,24309,ok,,0.0,True,True,0.0,0.0,pass,ok,0.1039616719353944,6.151309967041016,37221124,CI.CLC.--,1
deterministic_noise,24309,ok,,0.0,True,True,0.0,0.0,pass,ok,0.10461467946879566,6.352216958999634,37221124,CI.CLC.--,1
scale2,24309,ok,,0.0,True,True,0.0,0.0,pass,ok,0.13579624751582742,5.828287959098816,37221124,CI.SRT.--,2
deterministic_noise,24309,ok,,0.0,True,True,0.0,0.0,pass,ok,0.13634812971577048,6.010386228561401,37221124,CI.SRT.--,2
scale2,25041,ok,,0.0,True,True,0.0,0.0,pass,ok,0.11204750096658245,6.326602220535278,37263204,CI.CLC.--,0
deterministic_noise,25041,ok,,0.0,True,True,0.0,0.0,pass,ok,0.11328670376678929,6.187726736068726,37263204,CI.CLC.--,0
scale2,25041,ok,,0.0,True,True,0.0,0.0,pass,ok,0.14726008742582053,5.501785457134247,37263204,CI.SRT.--,2
deterministic_noise,25041,ok,,0.0,True,True,0.0,0.0,pass,ok,0.14719892770517617,5.774249315261841,37263204,CI.SRT.--,2
scale2,25173,ok,,0.0,True,True,0.0,0.0,pass,ok,0.0897218156605959,6.707981824874878,37263020,CI.WRC2.--,0
deterministic_noise,25173,ok,,0.0,True,True,0.0,0.0,pass,ok,0.08923755586147308,6.859597682952881,37263020,CI.WRC2.--,0
scale2,25173,ok,,0.0,True,True,0.0,0.0,pass,ok,0.1065786499530077,6.666349649429321,37263020,CI.WVP2.--,1
deterministic_noise,25173,ok,,0.0,True,True,0.0,0.0,pass,ok,0.10629723779857159,6.771230459213257,37263020,CI.WVP2.--,1
scale2,24840,ok,,0.0,True,True,0.0,0.0,pass,ok,0.092292165994877,6.990770578384399,37221132,CI.WRC2.--,0
deterministic_noise,24840,ok,,0.0,True,True,0.0,0.0,pass,ok,0.09173329299665056,7.0117762088775635,37221132,CI.WRC2.--,0
scale2,24840,ok,,0.0,True,True,0.0,0.0,pass,ok,0.10245049651712179,7.339774131774902,37221132,CI.TOW2.--,1
deterministic_noise,24840,ok,,0.0,True,True,0.0,0.0,pass,ok,0.10235691908746958,7.333955764770508,37221132,CI.TOW2.--,1
scale2,24864,ok,,0.0,True,True,0.0,0.0,pass,ok,0.10385604947805405,7.7359583377838135,38457759,CI.TOW2.--,0
deterministic_noise,24864,ok,,0.0,True,True,0.0,0.0,pass,ok,0.1053900495171547,7.8978471755981445,38457759,CI.TOW2.--,0
scale2,24864,ok,,0.0,True,True,0.0,0.0,pass,ok,0.09459143772255629,6.840078115463257,38457759,CI.WRC2.--,1
deterministic_noise,24864,ok,,0.0,True,True,0.0,0.0,pass,ok,0.09439469978678972,6.733962059020996,38457759,CI.WRC2.--,1
scale2,24801,ok,,0.0,True,True,0.0,0.0,pass,ok,0.08981555909849703,6.061363220214844,37221140,CI.WRC2.--,2
deterministic_noise,24801,ok,,0.0,True,True,0.0,0.0,pass,ok,0.08948344527743757,6.133352041244507,37221140,CI.WRC2.--,2
scale2,24801,ok,,0.0,True,True,0.0,0.0,pass,ok,0.10469133654805773,5.921427369117737,37221140,CI.JRC2.--,3
deterministic_noise,24801,ok,,0.0,True,True,0.0,0.0,pass,ok,0.10515323778417951,6.027290105819702,37221140,CI.JRC2.--,3
scale2,25098,ok,,0.0,True,True,0.0,0.0,pass,ok,0.09995881994836964,6.773507595062256,37221148,CI.WRC2.--,0
deterministic_noise,25098,ok,,0.0,True,True,0.0,0.0,pass,ok,0.10095835695392452,6.447777271270752,37221148,CI.WRC2.--,0
scale2,25098,ok,,0.0,True,True,0.0,0.0,pass,ok,0.14308023732155561,6.842793941497803,37221148,CI.WCS2.--,1
deterministic_noise,25098,ok,,0.0,True,True,0.0,0.0,pass,ok,0.14354408998042345,6.920882940292358,37221148,CI.WCS2.--,1
scale2,24930,ok,,0.0,True,True,0.0,0.0,pass,ok,0.10582819813862443,6.646126985549927,37263220,CI.TOW2.--,0
deterministic_noise,24930,ok,,0.0,True,True,0.0,0.0,pass,ok,0.10598626499995589,6.697223901748657,37263220,CI.TOW2.--,0
scale2,24930,ok,,0.0,True,True,0.0,0.0,pass,ok,0.09418911230750382,6.017823100090027,37263220,CI.WRC2.--,1
deterministic_noise,24930,ok,,0.0,True,True,0.0,0.0,pass,ok,0.09387102234177291,6.095889329910278,37263220,CI.WRC2.--,1
scale2,24825,ok,,0.0,True,True,0.0,0.0,pass,ok,0.10760164633393288,5.909061670303345,37221156,CI.CLC.--,0
deterministic_noise,24825,ok,,0.0,True,True,0.0,0.0,pass,ok,0.1085326038300991,5.93528950214386,37221156,CI.CLC.--,0
scale2,24825,ok,,0.0,True,True,0.0,0.0,pass,ok,0.10580217733513564,7.096186399459839,37221156,CI.TOW2.--,1
deterministic_noise,24825,ok,,0.0,True,True,0.0,0.0,pass,ok,0.10616342828143388,7.187881708145142,37221156,CI.TOW2.--,1
scale2,25071,ok,,0.0,True,True,0.0,0.0,pass,ok,0.09749576938338578,6.33844256401062,37221164,CI.WRC2.--,0
deterministic_noise,25071,ok,,0.0,True,True,0.0,0.0,pass,ok,0.09770201402716339,6.201820373535156,37221164,CI.WRC2.--,0
scale2,25071,ok,,0.0,True,True,0.0,0.0,pass,ok,0.10915092373033985,5.664426803588867,37221164,CI.CLC.--,1
deterministic_noise,25071,ok,,0.0,True,True,0.0,0.0,pass,ok,0.10961763566592708,5.512816071510315,37221164,CI.CLC.--,1
scale2,24615,ok,,0.0,True,True,0.0,0.0,pass,ok,0.11207984562497586,6.13744592666626,38457767,CI.CLC.--,0
deterministic_noise,24615,ok,,0.0,True,True,0.0,0.0,pass,ok,0.11273358587641269,6.290640354156494,38457767,CI.CLC.--,0
scale2,24615,ok,,0.0,True,True,0.0,0.0,pass,ok,0.13683864480117336,6.452772617340088,38457767,CI.CCC.--,2
deterministic_noise,24615,ok,,0.0,True,True,0.0,0.0,pass,ok,0.13693577045341954,6.341633319854736,38457767,CI.CCC.--,2
scale2,24813,ok,,0.0,True,True,0.0,0.0,pass,ok,0.10860578047140734,7.247690677642822,37221220,CI.TOW2.--,0
deterministic_noise,24813,ok,,0.0,True,True,0.0,0.0,pass,ok,0.10902885271207197,7.28356146812439,37221220,CI.TOW2.--,0
scale2,24813,ok,,0.0,True,True,0.0,0.0,pass,ok,0.10380979022011161,6.827342510223389,37221220,CI.WVP2.--,2
deterministic_noise,24813,ok,,0.0,True,True,0.0,0.0,pass,ok,0.10337714711204171,6.778760194778442,37221220,CI.WVP2.--,2
scale2,25014,ok,,0.0,True,True,0.0,0.0,pass,ok,0.08943536574952304,6.235994338989258,37263228,CI.WRC2.--,0
deterministic_noise,25014,ok,,0.0,True,True,0.0,0.0,pass,ok,0.09090612386353314,6.3011205196380615,37263228,CI.WRC2.--,0
scale2,25014,ok,,0.0,True,True,0.0,0.0,pass,ok,0.10750051494687796,6.599564075469971,37263228,CI.WVP2.--,1
deterministic_noise,25014,ok,,0.0,True,True,0.0,0.0,pass,ok,0.10706987325102091,6.589489936828613,37263228,CI.WVP2.--,1
scale2,24852,ok,,0.0,True,True,0.0,0.0,pass,ok,0.09464892675168812,6.241224050521851,37221388,CI.WRC2.--,0
deterministic_noise,24852,ok,,0.0,True,True,0.0,0.0,pass,ok,0.09448505262844265,6.5785558223724365,37221388,CI.WRC2.--,0
scale2,24852,ok,,0.0,True,True,0.0,0.0,pass,ok,0.10583082004450262,6.219122529029846,37221388,CI.WVP2.--,2
deterministic_noise,24852,ok,,0.0,True,True,0.0,0.0,pass,ok,0.10548606351949275,6.011438608169556,37221388,CI.WVP2.--,2
scale2,25032,ok,,0.0,True,True,0.0,0.0,pass,ok,0.10307615948840976,5.834284067153931,37263236,CI.CLC.--,0
deterministic_noise,25032,ok,,0.0,True,True,0.0,0.0,pass,ok,0.103537165094167,5.912224531173706,37263236,CI.CLC.--,0
scale2,25032,ok,,0.0,True,True,0.0,0.0,pass,ok,0.10198528901673853,7.0258543491363525,37263236,CI.TOW2.--,1
deterministic_noise,25032,ok,,0.0,True,True,0.0,0.0,pass,ok,0.101944969734177,6.899207592010498,37263236,CI.TOW2.--,1
scale2,25113,ok,,0.0,True,True,0.0,0.0,pass,ok,0.09321717405691743,7.0877525806427,37221188,CI.WRC2.--,0
deterministic_noise,25113,ok,,0.0,True,True,0.0,0.0,pass,ok,0.09176356112584472,7.1347336769104,37221188,CI.WRC2.--,0
scale2,25113,ok,,0.0,True,True,0.0,0.0,pass,ok,0.10735426284372807,7.555793285369873,37221188,CI.WVP2.--,1
deterministic_noise,25113,ok,,0.0,True,True,0.0,0.0,pass,ok,0.10656285844743252,7.216494798660278,37221188,CI.WVP2.--,1
scale2,24897,ok,,0.0,True,True,0.0,0.0,pass,ok,0.08952388021862134,7.1232404708862305,37263244,CI.WRC2.--,1
deterministic_noise,24897,ok,,0.0,True,True,0.0,0.0,pass,ok,0.09115918126190081,7.140773057937622,37263244,CI.WRC2.--,1
scale2,24897,ok,,0.0,True,True,0.0,0.0,pass,ok,0.0999711867334554,6.406465291976929,37263244,CI.CLC.--,2
deterministic_noise,24897,ok,,0.0,True,True,0.0,0.0,pass,ok,0.10029609837511089,6.175891041755676,37263244,CI.CLC.--,2
scale2,24954,ok,,0.0,True,True,0.0,0.0,pass,ok,0.09484078176319599,7.589051246643066,37221428,CI.WRC2.--,0
deterministic_noise,24954,ok,,0.0,True,True,0.0,0.0,pass,ok,0.09498983435332775,7.135960102081299,37221428,CI.WRC2.--,0
scale2,24954,ok,,0.0,True,True,0.0,0.0,pass,ok,0.10451674927026033,6.87605094909668,37221428,CI.WVP2.--,1
deterministic_noise,24954,ok,,0.0,True,True,0.0,0.0,pass,ok,0.10401831101626158,6.794864177703857,37221428,CI.WVP2.--,1
scale2,24879,ok,,0.0,True,True,0.0,0.0,pass,ok,0.0949603278277209,6.204865217208862,37221436,CI.WRC2.--,0
deterministic_noise,24879,ok,,0.0,True,True,0.0,0.0,pass,ok,0.09476226977130864,6.20524001121521,37221436,CI.WRC2.--,0
scale2,24879,ok,,0.0,True,True,0.0,0.0,pass,ok,0.10433255508542061,7.300375938415527,37221436,CI.TOW2.--,1
deterministic_noise,24879,ok,,0.0,True,True,0.0,0.0,pass,ok,0.1044776700437069,7.3012919425964355,37221436,CI.TOW2.--,1
scale2,24753,ok,,0.0,True,True,0.0,0.0,pass,ok,0.10319715912919492,5.863593578338623,37263252,CI.CLC.--,0
deterministic_noise,24753,ok,,0.0,True,True,0.0,0.0,pass,ok,0.10363292519468814,5.613158702850342,37263252,CI.CLC.--,0
scale2,24753,ok,,0.0,True,True,0.0,0.0,pass,ok,0.13534438610076904,7.273465394973755,37263252,CI.SRT.--,1
deterministic_noise,24753,ok,,0.0,True,True,0.0,0.0,pass,ok,0.1355656534433365,6.911822319030762,37263252,CI.SRT.--,1
scale2,24933,ok,,0.0,True,True,0.0,0.0,pass,ok,0.11246019566897303,6.287570238113403,38457791,CI.CLC.--,0
deterministic_noise,24933,ok,,0.0,True,True,0.0,0.0,pass,ok,0.11412647401448339,6.139305830001831,38457791,CI.CLC.--,0
scale2,24933,ok,,0.0,True,True,0.0,0.0,pass,ok,0.10065252523054369,6.483160734176636,38457791,CI.WRC2.--,1
deterministic_noise,24933,ok,,0.0,True,True,0.0,0.0,pass,ok,0.10164187659393065,6.64231014251709,38457791,CI.WRC2.--,1
scale2,24867,ok,,0.0,True,True,0.0,0.0,pass,ok,0.0919085459318012,6.700676441192627,37221444,CI.WRC2.--,0
deterministic_noise,24867,ok,,0.0,True,True,0.0,0.0,pass,ok,0.09132695780135691,6.855299234390259,37221444,CI.WRC2.--,0
scale2,24867,ok,,0.0,True,True,0.0,0.0,pass,ok,0.1036482925992459,6.309584975242615,37221444,CI.CLC.--,1
deterministic_noise,24867,ok,,0.0,True,True,0.0,0.0,pass,ok,0.1048182372469455,6.095451235771179,37221444,CI.CLC.--,1
scale2,24525,ok,,0.0,True,True,0.0,0.0,pass,ok,0.10534163932607044,5.60457181930542,37221460,CI.CLC.--,0
deterministic_noise,24525,ok,,0.0,True,True,0.0,0.0,pass,ok,0.10568274934485089,5.6102296113967896,37221460,CI.CLC.--,0
scale2,24525,ok,,0.0,True,True,0.0,0.0,pass,ok,0.13859529583714902,6.736469268798828,37221460,CI.SRT.--,1
deterministic_noise,24525,ok,,0.0,True,True,0.0,0.0,pass,ok,0.13871892006136477,6.6886725425720215,37221460,CI.SRT.--,1
scale2,24579,ok,,0.0,True,True,0.0,0.0,pass,ok,0.10023238556459546,5.9145671129226685,37221548,CI.CLC.--,0
deterministic_noise,24579,ok,,0.0,True,True,0.0,0.0,pass,ok,0.1006745989434421,5.806729674339294,37221548,CI.CLC.--,0
scale2,24579,ok,,0.0,True,True,0.0,0.0,pass,ok,0.13182292925193906,6.770725965499878,37221548,CI.SRT.--,1
deterministic_noise,24579,ok,,0.0,True,True,0.0,0.0,pass,ok,0.13196317804977298,6.499335527420044,37221548,CI.SRT.--,1
scale2,25056,ok,,0.0,True,True,0.0,0.0,pass,ok,0.10610436764545739,5.725255131721497,37221564,CI.CLC.--,0
deterministic_noise,25056,ok,,0.0,True,True,0.0,0.0,pass,ok,0.10736787202768028,6.084187030792236,37221564,CI.CLC.--,0
scale2,25056,ok,,0.0,True,True,0.0,0.0,pass,ok,0.10326060093939304,7.234288454055786,37221564,CI.TOW2.--,1
deterministic_noise,25056,ok,,0.0,True,True,0.0,0.0,pass,ok,0.1037853043526411,7.274122953414917,37221564,CI.TOW2.--,1
scale2,24915,ok,,0.0,True,True,0.0,0.0,pass,ok,0.0998554015532136,6.385256052017212,38457799,CI.CLC.--,0
deterministic_noise,24915,ok,,0.0,True,True,0.0,0.0,pass,ok,0.10022587981075048,6.413370609283447,38457799,CI.CLC.--,0
scale2,24915,ok,,0.0,True,True,0.0,0.0,pass,ok,0.10036324174143374,7.4245195388793945,38457799,CI.TOW2.--,1
deterministic_noise,24915,ok,,0.0,True,True,0.0,0.0,pass,ok,0.10364524810574949,7.57846474647522,38457799,CI.TOW2.--,1
scale2,24915,ok,,0.0,True,True,0.0,0.0,pass,ok,0.09958214918151498,6.7914814949035645,37221580,CI.CLC.--,0
deterministic_noise,24915,ok,,0.0,True,True,0.0,0.0,pass,ok,0.10147894313558936,6.822096109390259,37221580,CI.CLC.--,0
scale2,24915,ok,,0.0,True,True,0.0,0.0,pass,ok,0.09859704179689288,7.300591945648193,37221580,CI.TOW2.--,1
deterministic_noise,24915,ok,,0.0,True,True,0.0,0.0,pass,ok,0.10206451616249979,7.294728755950928,37221580,CI.TOW2.--,1
scale2,24741,ok,,0.0,True,True,0.0,0.0,pass,ok,0.09839970897883177,7.576319932937622,37263324,CI.TOW2.--,0
deterministic_noise,24741,ok,,0.0,True,True,0.0,0.0,pass,ok,0.10071053355932236,7.5724310874938965,37263324,CI.TOW2.--,0
scale2,24741,ok,,0.0,True,True,0.0,0.0,pass,ok,0.0927576832473278,7.524867534637451,37263324,CI.WRC2.--,1
deterministic_noise,24741,ok,,0.0,True,True,0.0,0.0,pass,ok,0.09127051755785942,7.4792115688323975,37263324,CI.WRC2.--,1
scale2,24948,ok,,0.0,True,True,0.0,0.0,pass,ok,0.09990145149640739,7.284387111663818,37221588,CI.WRC2.--,0
deterministic_noise,24948,ok,,0.0,True,True,0.0,0.0,pass,ok,0.10167376813478768,7.1410133838653564,37221588,CI.WRC2.--,0
scale2,24948,ok,,0.0,True,True,0.0,0.0,pass,ok,0.1119540715299081,6.595337629318237,37221588,CI.CLC.--,3
deterministic_noise,24948,ok,,0.0,True,True,0.0,0.0,pass,ok,0.11524503587861545,6.530209541320801,37221588,CI.CLC.--,3
scale2,24741,ok,,0.0,True,True,0.0,0.0,pass,ok,0.08946652611484751,6.138456583023071,37221596,CI.WRC2.--,0
deterministic_noise,24741,ok,,0.0,True,True,0.0,0.0,pass,ok,0.0901495004654862,6.1123738288879395,37221596,CI.WRC2.--,0
scale2,24741,ok,,0.0,True,True,0.0,0.0,pass,ok,0.10684684099396691,6.20281457901001,37221596,CI.WVP2.--,3
deterministic_noise,24741,ok,,0.0,True,True,0.0,0.0,pass,ok,0.106436854286585,6.321261167526245,37221596,CI.WVP2.--,3
scale2,24396,ok,,0.0,True,True,0.0,0.0,pass,ok,0.12802416225895286,7.777371406555176,38457807,CI.CCC.--,0
deterministic_noise,24396,ok,,0.0,True,True,0.0,0.0,pass,ok,0.12860812107101083,7.773133277893066,38457807,CI.CCC.--,0
scale2,24396,ok,,0.0,True,True,0.0,0.0,pass,ok,0.10380439483560622,6.842445135116577,38457807,CI.CLC.--,1
deterministic_noise,24396,ok,,0.0,True,True,0.0,0.0,pass,ok,0.10460997349582613,6.975910186767578,38457807,CI.CLC.--,1
scale2,24771,ok,,0.0,True,True,0.0,0.0,pass,ok,0.09765988076105714,7.159096956253052,37221620,CI.WRC2.--,0
deterministic_noise,24771,ok,,0.0,True,True,0.0,0.0,pass,ok,0.09820326929911971,7.0961833000183105,37221620,CI.WRC2.--,0
scale2,24771,ok,,0.0,True,True,0.0,0.0,pass,ok,0.10368186258710921,6.708723783493042,37221620,CI.WVP2.--,2
deterministic_noise,24771,ok,,0.0,True,True,0.0,0.0,pass,ok,0.10296913958154619,6.930396795272827,37221620,CI.WVP2.--,2
scale2,24936,ok,,0.0,True,True,0.0,0.0,pass,ok,0.10929547774139792,6.439466953277588,37221628,CI.CLC.--,0
deterministic_noise,24936,ok,,0.0,True,True,0.0,0.0,pass,ok,0.1109946466749534,6.370467901229858,37221628,CI.CLC.--,0
scale2,24936,ok,,0.0,True,True,0.0,0.0,pass,ok,0.10843805503100157,7.645891427993774,37221628,CI.TOW2.--,1
deterministic_noise,24936,ok,,0.0,True,True,0.0,0.0,pass,ok,0.10914154816418886,7.643146991729736,37221628,CI.TOW2.--,1
scale2,24939,ok,,0.0,True,True,0.0,0.0,pass,ok,0.09129036869853735,7.1562416553497314,37220324,CI.WRC2.--,0
deterministic_noise,24939,ok,,0.0,True,True,0.0,0.0,pass,ok,0.09039728436619043,6.99932336807251,37220324,CI.WRC2.--,0
scale2,24939,ok,,0.0,True,True,0.0,0.0,pass,ok,0.1090201772749424,7.052784442901611,37220324,CI.WVP2.--,1
deterministic_noise,24939,ok,,0.0,True,True,0.0,0.0,pass,ok,0.1083199642598629,7.527069807052612,37220324,CI.WVP2.--,1
scale2,24729,ok,,0.0,True,True,0.0,0.0,pass,ok,0.10039431799668819,6.767316579818726,37263340,CI.WRC2.--,0
deterministic_noise,24729,ok,,0.0,True,True,0.0,0.0,pass,ok,0.1022204066393897,6.897245645523071,37263340,CI.WRC2.--,0
scale2,24729,ok,,0.0,True,True,0.0,0.0,pass,ok,0.11115272343158722,7.351631164550781,37263340,CI.TOW2.--,1
deterministic_noise,24729,ok,,0.0,True,True,0.0,0.0,pass,ok,0.11414190381765366,6.977108478546143,37263340,CI.TOW2.--,1
scale2,24858,ok,,0.0,True,True,0.0,0.0,pass,ok,0.10012979339808226,6.861204624176025,37221636,CI.WRC2.--,0
deterministic_noise,24858,ok,,0.0,True,True,0.0,0.0,pass,ok,0.10093373525887728,6.736618995666504,37221636,CI.WRC2.--,0
scale2,24858,ok,,0.0,True,True,0.0,0.0,pass,ok,0.11239507264690474,6.106241464614868,37221636,CI.CLC.--,1
deterministic_noise,24858,ok,,0.0,True,True,0.0,0.0,pass,ok,0.11357435368699953,6.221747636795044,37221636,CI.CLC.--,1
scale2,24687,ok,,0.0,True,True,0.0,0.0,pass,ok,0.10538598462153459,5.501014351844788,37263348,CI.CLC.--,0
deterministic_noise,24687,ok,,0.0,True,True,0.0,0.0,pass,ok,0.10564388022612548,5.412225127220154,37263348,CI.CLC.--,0
scale2,24687,ok,,0.0,True,True,0.0,0.0,pass,ok,0.13874537002993748,5.360501050949097,37263348,CI.SRT.--,1
deterministic_noise,24687,ok,,0.0,True,True,0.0,0.0,pass,ok,0.13884348917054012,5.619663596153259,37263348,CI.SRT.--,1
scale2,24885,ok,,0.0,True,True,0.0,0.0,pass,ok,0.09820609353482723,6.659727096557617,37221876,CI.WRC2.--,0
deterministic_noise,24885,ok,,0.0,True,True,0.0,0.0,pass,ok,0.09838038869202137,6.229625701904297,37221876,CI.WRC2.--,0
scale2,24885,ok,,0.0,True,True,0.0,0.0,pass,ok,0.10902448324486613,7.3272786140441895,37221876,CI.TOW2.--,1
deterministic_noise,24885,ok,,0.0,True,True,0.0,0.0,pass,ok,0.10930493893101811,7.2213134765625,37221876,CI.TOW2.--,1
scale2,24918,ok,,0.0,True,True,0.0,0.0,pass,ok,0.10429748008027673,6.879676342010498,38457831,CI.CLC.--,0
deterministic_noise,24918,ok,,0.0,True,True,0.0,0.0,pass,ok,0.10542911430820823,6.92613673210144,38457831,CI.CLC.--,0
scale2,24918,ok,,0.0,True,True,0.0,0.0,pass,ok,0.1037457948550582,7.556631326675415,38457831,CI.TOW2.--,1
deterministic_noise,24918,ok,,0.0,True,True,0.0,0.0,pass,ok,0.104833641089499,7.494912385940552,38457831,CI.TOW2.--,1
scale2,24906,ok,,0.0,True,True,0.0,0.0,pass,ok,0.11221384358941577,6.0168536901474,37221884,CI.CLC.--,0
deterministic_noise,24906,ok,,0.0,True,True,0.0,0.0,pass,ok,0.11392077701748349,6.162063121795654,37221884,CI.CLC.--,0
scale2,24906,ok,,0.0,True,True,0.0,0.0,pass,ok,0.11080954968929291,7.097053289413452,37221884,CI.TOW2.--,1
deterministic_noise,24906,ok,,0.0,True,True,0.0,0.0,pass,ok,0.11108717322349548,6.859327554702759,37221884,CI.TOW2.--,1
scale2,24954,ok,,0.0,True,True,0.0,0.0,pass,ok,0.10915944661246613,5.089774489402771,37221900,CI.CLC.--,0
deterministic_noise,24954,ok,,0.0,True,True,0.0,0.0,pass,ok,0.1107024333323352,5.158195436000824,37221900,CI.CLC.--,0
scale2,24954,ok,,0.0,True,True,0.0,0.0,pass,ok,0.10746860969811678,6.671056032180786,37221900,CI.TOW2.--,1
deterministic_noise,24954,ok,,0.0,True,True,0.0,0.0,pass,ok,0.10796683561056852,6.197067022323608,37221900,CI.TOW2.--,1
scale2,24876,ok,,0.0,True,True,0.0,0.0,pass,ok,0.09923711325973272,6.734537601470947,37221908,CI.CLC.--,1
deterministic_noise,24876,ok,,0.0,True,True,0.0,0.0,pass,ok,0.09948551747947931,5.884029865264893,37221908,CI.CLC.--,1
scale2,24876,ok,,0.0,True,True,0.0,0.0,pass,ok,0.1044458975084126,6.784925699234009,37221908,CI.JRC2.--,4
deterministic_noise,24876,ok,,0.0,True,True,0.0,0.0,pass,ok,0.10466086072847247,6.688173055648804,37221908,CI.JRC2.--,4
scale2,24462,ok,,0.0,True,True,0.0,0.0,pass,ok,0.12965345405973494,6.9739508628845215,38457839,CI.CCC.--,0
deterministic_noise,24462,ok,,0.0,True,True,0.0,0.0,pass,ok,0.12985190725885332,7.451751947402954,38457839,CI.CCC.--,0
scale2,24462,ok,,0.0,True,True,0.0,0.0,pass,ok,0.1064668339677155,5.97165834903717,38457839,CI.CLC.--,1
deterministic_noise,24462,ok,,0.0,True,True,0.0,0.0,pass,ok,0.10685481457039714,6.084554672241211,38457839,CI.CLC.--,1
scale2,24642,ok,,0.0,True,True,0.0,0.0,pass,ok,0.09950861005927436,6.228459119796753,37221916,CI.CLC.--,0
deterministic_noise,24642,ok,,0.0,True,True,0.0,0.0,pass,ok,0.10006060780142434,6.002529740333557,37221916,CI.CLC.--,0
scale2,24642,ok,,0.0,True,True,0.0,0.0,pass,ok,0.13173642894253135,6.198675990104675,37221916,CI.SRT.--,1
deterministic_noise,24642,ok,,0.0,True,True,0.0,0.0,pass,ok,0.13189288834109902,6.477187514305115,37221916,CI.SRT.--,1
scale2,24906,ok,,0.0,True,True,0.0,0.0,pass,ok,0.09974919050000608,7.058969497680664,37221932,CI.CLC.--,0
deterministic_noise,24906,ok,,0.0,True,True,0.0,0.0,pass,ok,0.10302655608393252,7.034949779510498,37221932,CI.CLC.--,0
scale2,24906,ok,,0.0,True,True,0.0,0.0,pass,ok,0.10773643711581826,7.57220721244812,37221932,CI.TOW2.--,1
deterministic_noise,24906,ok,,0.0,True,True,0.0,0.0,pass,ok,0.11847970634698868,7.641535520553589,37221932,CI.TOW2.--,1
scale2,24822,ok,,0.0,True,True,0.0,0.0,pass,ok,0.11191136605339125,7.573679447174072,38457855,CI.TOW2.--,1
deterministic_noise,24822,ok,,0.0,True,True,0.0,0.0,pass,ok,0.11364591651363298,7.515141487121582,38457855,CI.TOW2.--,1
scale2,24822,ok,,0.0,True,True,0.0,0.0,pass,ok,0.10061313211917877,7.5559916496276855,38457855,CI.WVP2.--,2
deterministic_noise,24822,ok,,0.0,True,True,0.0,0.0,pass,ok,0.09937787801027298,7.323169946670532,38457855,CI.WVP2.--,2
scale2,24660,ok,,0.0,True,True,0.0,0.0,pass,ok,0.1062508299946785,6.187185049057007,37263396,CI.WVP2.--,2
deterministic_noise,24660,ok,,0.0,True,True,0.0,0.0,pass,ok,0.10503599792718887,6.4127867221832275,37263396,CI.WVP2.--,2
scale2,24660,ok,,0.0,True,True,0.0,0.0,pass,ok,0.10677132895216346,6.417337417602539,37263396,CI.JRC2.--,3
deterministic_noise,24660,ok,,0.0,True,True,0.0,0.0,pass,ok,0.1090711415745318,6.482888698577881,37263396,CI.JRC2.--,3
scale2,24855,ok,,0.0,True,True,0.0,0.0,pass,ok,0.09808428178075701,6.579627752304077,37263484,CI.TOW2.--,0
deterministic_noise,24855,ok,,0.0,True,True,0.0,0.0,pass,ok,0.098364686826244,6.785028696060181,37263484,CI.TOW2.--,0
scale2,24855,ok,,0.0,True,True,0.0,0.0,pass,ok,0.10693385684862733,6.248573660850525,37263484,CI.WVP2.--,2
deterministic_noise,24855,ok,,0.0,True,True,0.0,0.0,pass,ok,0.1066392413340509,6.0608896017074585,37263484,CI.WVP2.--,2
scale2,24924,ok,,0.0,True,True,0.0,0.0,pass,ok,0.10294848098419607,6.873135089874268,37221940,CI.WVP2.--,1
deterministic_noise,24924,ok,,0.0,True,True,0.0,0.0,pass,ok,0.10209975228644907,6.880602598190308,37221940,CI.WVP2.--,1
scale2,24924,ok,,0.0,True,True,0.0,0.0,pass,ok,0.11572420887387125,6.822177410125732,37221940,CI.JRC2.--,2
deterministic_noise,24924,ok,,0.0,True,True,0.0,0.0,pass,ok,0.11767633714043768,7.074987888336182,37221940,CI.JRC2.--,2
scale2,24858,ok,,0.0,True,True,0.0,0.0,pass,ok,0.10639885812997818,7.4887449741363525,37221948,CI.TOW2.--,0
deterministic_noise,24858,ok,,0.0,True,True,0.0,0.0,pass,ok,0.1070631593465805,7.5161848068237305,37221948,CI.TOW2.--,0
scale2,24858,ok,,0.0,True,True,0.0,0.0,pass,ok,0.10744043358135968,5.53687459230423,37221948,CI.CLC.--,2
deterministic_noise,24858,ok,,0.0,True,True,0.0,0.0,pass,ok,0.10774529806803912,5.769074082374573,37221948,CI.CLC.--,2
scale2,25017,ok,,0.0,True,True,0.0,0.0,pass,ok,0.10575120244175196,5.93905782699585,37263500,CI.CLC.--,0
deterministic_noise,25017,ok,,0.0,True,True,0.0,0.0,pass,ok,0.10752688255161047,5.852059960365295,37263500,CI.CLC.--,0
scale2,25017,ok,,0.0,True,True,0.0,0.0,pass,ok,0.10435454174876213,7.832778692245483,37263500,CI.TOW2.--,1
deterministic_noise,25017,ok,,0.0,True,True,0.0,0.0,pass,ok,0.10471421852707863,7.4651219844818115,37263500,CI.TOW2.--,1
scale2,25209,ok,,0.0,True,True,0.0,0.0,pass,ok,0.10762750077992678,6.759115695953369,38457871,CI.CLC.--,0
deterministic_noise,25209,ok,,0.0,True,True,0.0,0.0,pass,ok,0.11010955553501844,6.911916255950928,38457871,CI.CLC.--,0
scale2,25209,ok,,0.0,True,True,0.0,0.0,pass,ok,0.1060500405728817,7.385247707366943,38457871,CI.TOW2.--,1
deterministic_noise,25209,ok,,0.0,True,True,0.0,0.0,pass,ok,0.10635032877326012,7.422248363494873,38457871,CI.TOW2.--,1
scale2,24801,ok,,0.0,True,True,0.0,0.0,pass,ok,0.1007124213501811,6.150695323944092,37222028,CI.CLC.--,0
deterministic_noise,24801,ok,,0.0,True,True,0.0,0.0,pass,ok,0.10120383370667696,6.198320627212524,37222028,CI.CLC.--,0
scale2,24801,ok,,0.0,True,True,0.0,0.0,pass,ok,0.1317585662472993,6.6311469078063965,37222028,CI.SRT.--,1
deterministic_noise,24801,ok,,0.0,True,True,0.0,0.0,pass,ok,0.13260736013762653,6.7659337520599365,37222028,CI.SRT.--,1
scale2,24861,ok,,0.0,True,True,0.0,0.0,pass,ok,0.11159537546336651,7.715018272399902,37222036,CI.TOW2.--,0
deterministic_noise,24861,ok,,0.0,True,True,0.0,0.0,pass,ok,0.11364012397825718,7.459410190582275,37222036,CI.TOW2.--,0
scale2,24861,ok,,0.0,True,True,0.0,0.0,pass,ok,0.11201545898802578,6.986127138137817,37222036,CI.CLC.--,1
deterministic_noise,24861,ok,,0.0,True,True,0.0,0.0,pass,ok,0.11319431359879673,6.878341197967529,37222036,CI.CLC.--,1
scale2,24921,ok,,0.0,True,True,0.0,0.0,pass,ok,0.1052579457173124,5.5945152044296265,37222044,CI.WVP2.--,0
deterministic_noise,24921,ok,,0.0,True,True,0.0,0.0,pass,ok,0.10505162680055946,5.6781312227249146,37222044,CI.WVP2.--,0
scale2,24921,ok,,0.0,True,True,0.0,0.0,pass,ok,0.0943089418578893,6.239420413970947,37222044,CI.WRC2.--,1
deterministic_noise,24921,ok,,0.0,True,True,0.0,0.0,pass,ok,0.09422954986803234,6.134866833686829,37222044,CI.WRC2.--,1
scale2,24369,ok,,0.0,True,True,0.0,0.0,pass,ok,0.13130092900246382,6.771251440048218,37222052,CI.CCC.--,0
deterministic_noise,24369,ok,,0.0,True,True,0.0,0.0,pass,ok,0.13140298146754503,6.9818360805511475,37222052,CI.CCC.--,0
scale2,24369,ok,,0.0,True,True,0.0,0.0,pass,ok,0.14162755166762508,5.311539828777313,37222052,CI.SRT.--,2
deterministic_noise,24369,ok,,0.0,True,True,0.0,0.0,pass,ok,0.14165878141648136,5.397250771522522,37222052,CI.SRT.--,2
scale2,24806,ok,,0.0,True,True,0.0,0.0,pass,ok,0.10278115561231971,6.37980842590332,37222060,CI.WVP2.--,2
deterministic_noise,24806,ok,,0.0,True,True,0.0,0.0,pass,ok,0.10237505147233605,6.620217800140381,37222060,CI.WVP2.--,2
scale2,24807,ok,,0.0,True,True,0.0,0.0,pass,ok,0.11614833865314722,6.392613649368286,37222060,CI.JRC2.--,3
deterministic_noise,24807,ok,,0.0,True,True,0.0,0.0,pass,ok,0.11712786462157965,6.622265100479126,37222060,CI.JRC2.--,3
scale2,24747,ok,,0.0,True,True,0.0,0.0,pass,ok,0.10051718913018703,7.393795490264893,38457895,CI.TOW2.--,1
deterministic_noise,24747,ok,,0.0,True,True,0.0,0.0,pass,ok,0.1011564452201128,7.2778685092926025,38457895,CI.TOW2.--,1
scale2,24747,ok,,0.0,True,True,0.0,0.0,pass,ok,0.10736924945376813,7.08690881729126,38457895,CI.WVP2.--,2
deterministic_noise,24747,ok,,0.0,True,True,0.0,0.0,pass,ok,0.10561389685608447,7.2432777881622314,38457895,CI.WVP2.--,2
scale2,24861,ok,,0.0,True,True,0.0,0.0,pass,ok,0.10384685301687568,7.1280107498168945,37222116,CI.TOW2.--,0
deterministic_noise,24861,ok,,0.0,True,True,0.0,0.0,pass,ok,0.10395070409867913,6.813322305679321,37222116,CI.TOW2.--,0
scale2,24861,ok,,0.0,True,True,0.0,0.0,pass,ok,0.09443300717975944,6.3416125774383545,37222116,CI.WRC2.--,1
deterministic_noise,24861,ok,,0.0,True,True,0.0,0.0,pass,ok,0.0943074548849836,6.525047302246094,37222116,CI.WRC2.--,1
scale2,24714,ok,,0.0,True,True,0.0,0.0,pass,ok,0.10660684434697032,5.94395911693573,37222140,CI.WVP2.--,1
deterministic_noise,24714,ok,,0.0,True,True,0.0,0.0,pass,ok,0.10632622661069036,6.379339218139648,37222140,CI.WVP2.--,1
scale2,24714,ok,,0.0,True,True,0.0,0.0,pass,ok,0.09834999358281493,6.462918043136597,37222140,CI.TOW2.--,2
deterministic_noise,24714,ok,,0.0,True,True,0.0,0.0,pass,ok,0.0988339432515204,6.406815409660339,37222140,CI.TOW2.--,2
scale2,24768,ok,,0.0,True,True,0.0,0.0,pass,ok,0.10501434933394194,6.918681621551514,38457903,CI.TOW2.--,1
deterministic_noise,24768,ok,,0.0,True,True,0.0,0.0,pass,ok,0.10516357887536287,7.0400590896606445,38457903,CI.TOW2.--,1
scale2,24768,ok,,0.0,True,True,0.0,0.0,pass,ok,0.10682279989123344,6.837719202041626,38457903,CI.WVP2.--,2
deterministic_noise,24768,ok,,0.0,True,True,0.0,0.0,pass,ok,0.10637126490473747,6.772589206695557,38457903,CI.WVP2.--,2
scale2,24885,ok,,0.0,True,True,0.0,0.0,pass,ok,0.10653361584991217,7.386635065078735,37222156,CI.TOW2.--,0
deterministic_noise,24885,ok,,0.0,True,True,0.0,0.0,pass,ok,0.10726436320692301,7.263397216796875,37222156,CI.TOW2.--,0
scale2,24885,ok,,0.0,True,True,0.0,0.0,pass,ok,0.09854845868539996,7.118840456008911,37222156,CI.WRC2.--,1
deterministic_noise,24885,ok,,0.0,True,True,0.0,0.0,pass,ok,0.09954081309842877,7.156523942947388,37222156,CI.WRC2.--,1
scale2,24831,ok,,0.0,True,True,0.0,0.0,pass,ok,0.10686759813688695,6.304153919219971,37222164,CI.WVP2.--,1
deterministic_noise,24831,ok,,0.0,True,True,0.0,0.0,pass,ok,0.10646404162980616,6.2117836475372314,37222164,CI.WVP2.--,1
scale2,24831,ok,,0.0,True,True,0.0,0.0,pass,ok,0.09790916461497545,7.110348463058472,37222164,CI.TOW2.--,2
deterministic_noise,24831,ok,,0.0,True,True,0.0,0.0,pass,ok,0.09851087265997194,7.179497480392456,37222164,CI.TOW2.--,2
scale2,25224,ok,,0.0,True,True,0.0,0.0,pass,ok,0.09967552637681365,6.449889659881592,38457911,CI.CLC.--,0
deterministic_noise,25224,ok,,0.0,True,True,0.0,0.0,pass,ok,0.10006814682856202,6.388387441635132,38457911,CI.CLC.--,0
scale2,25224,ok,,0.0,True,True,0.0,0.0,pass,ok,0.09865405829623342,7.676629066467285,38457911,CI.TOW2.--,1
deterministic_noise,25224,ok,,0.0,True,True,0.0,0.0,pass,ok,0.09888519905507565,7.539428949356079,38457911,CI.TOW2.--,1
scale2,24783,ok,,0.0,True,True,0.0,0.0,pass,ok,0.10424278792925179,6.889369010925293,37263516,CI.TOW2.--,0
deterministic_noise,24783,ok,,0.0,True,True,0.0,0.0,pass,ok,0.10437764856033027,7.076456069946289,37263516,CI.TOW2.--,0
scale2,24783,ok,,0.0,True,True,0.0,0.0,pass,ok,0.10569249221589416,5.857981443405151,37263516,CI.CLC.--,2
deterministic_noise,24783,ok,,0.0,True,True,0.0,0.0,pass,ok,0.10599522164557129,6.030255317687988,37263516,CI.CLC.--,2
scale2,25068,ok,,0.0,True,True,0.0,0.0,pass,ok,0.09617643349338323,6.705690145492554,37224788,CI.WRC2.--,0
deterministic_noise,25068,ok,,0.0,True,True,0.0,0.0,pass,ok,0.09623589075636119,6.887882232666016,37224788,CI.WRC2.--,0
scale2,25068,ok,,0.0,True,True,0.0,0.0,pass,ok,0.10398351459298283,6.210413932800293,37224788,CI.WVP2.--,2
deterministic_noise,25068,ok,,0.0,True,True,0.0,0.0,pass,ok,0.1037565836450085,6.43538761138916,37224788,CI.WVP2.--,2
scale2,24822,ok,,0.0,True,True,0.0,0.0,pass,ok,0.11184761009644717,6.030781984329224,38457919,CI.CLC.--,1
deterministic_noise,24822,ok,,0.0,True,True,0.0,0.0,pass,ok,0.11227562942076474,6.016648292541504,38457919,CI.CLC.--,1
scale2,24822,ok,,0.0,True,True,0.0,0.0,pass,ok,0.11202599480748177,6.909221410751343,38457919,CI.TOW2.--,2
deterministic_noise,24822,ok,,0.0,True,True,0.0,0.0,pass,ok,0.11252713575959206,7.418778657913208,38457919,CI.TOW2.--,2
scale2,24195,ok,,0.0,True,True,0.0,0.0,pass,ok,0.147640178212896,6.158318758010864,37224748,CI.SRT.--,1
deterministic_noise,24195,ok,,0.0,True,True,0.0,0.0,pass,ok,0.1475907468702644,6.114474296569824,37224748,CI.SRT.--,1
scale2,24195,ok,,0.0,True,True,0.0,0.0,pass,ok,0.13474647724069655,7.151859283447266,37224748,CI.CCC.--,2
deterministic_noise,24195,ok,,0.0,True,True,0.0,0.0,pass,ok,0.1348868904169649,7.009939193725586,37224748,CI.CCC.--,2
scale2,25059,ok,,0.0,True,True,0.0,0.0,pass,ok,0.09978713491000235,6.178696155548096,38457927,CI.CLC.--,0
deterministic_noise,25059,ok,,0.0,True,True,0.0,0.0,pass,ok,0.10007376573048532,6.353365182876587,38457927,CI.CLC.--,0
scale2,25059,ok,,0.0,True,True,0.0,0.0,pass,ok,0.09887948888354003,7.497783422470093,38457927,CI.TOW2.--,1
deterministic_noise,25059,ok,,0.0,True,True,0.0,0.0,pass,ok,0.10130874556489289,7.493660926818848,38457927,CI.TOW2.--,1
scale2,24849,ok,,0.0,True,True,0.0,0.0,pass,ok,0.1048482385231182,6.533185958862305,37224764,CI.WVP2.--,1
deterministic_noise,24849,ok,,0.0,True,True,0.0,0.0,pass,ok,0.1044561016606167,6.482416152954102,37224764,CI.WVP2.--,1
scale2,24846,ok,,0.0,True,True,0.0,0.0,pass,ok,0.11049363715574145,6.955589532852173,37224764,CI.TOW2.--,2
deterministic_noise,24846,ok,,0.0,True,True,0.0,0.0,pass,ok,0.1112365280278027,6.998290300369263,37224764,CI.TOW2.--,2
scale2,24846,ok,,0.0,True,True,0.0,0.0,pass,ok,0.10017135355155915,6.394639015197754,37263532,CI.WRC2.--,0
deterministic_noise,24846,ok,,0.0,True,True,0.0,0.0,pass,ok,0.10114913072902709,7.04944372177124,37263532,CI.WRC2.--,0
scale2,24847,ok,,0.0,True,True,0.0,0.0,pass,ok,0.09947590483352542,6.1683701276779175,37263532,CI.WVP2.--,1
deterministic_noise,24847,ok,,0.0,True,True,0.0,0.0,pass,ok,0.09893160359933972,6.0175299644470215,37263532,CI.WVP2.--,1
scale2,25173,ok,,0.0,True,True,0.0,0.0,pass,ok,0.1029289024299942,5.780676007270813,37263548,CI.CLC.--,0
deterministic_noise,25173,ok,,0.0,True,True,0.0,0.0,pass,ok,0.10353283263975754,5.848227024078369,37263548,CI.CLC.--,0
scale2,25173,ok,,0.0,True,True,0.0,0.0,pass,ok,0.10177981038577855,7.277446985244751,37263548,CI.TOW2.--,1
deterministic_noise,25173,ok,,0.0,True,True,0.0,0.0,pass,ok,0.10175670008175075,7.079144239425659,37263548,CI.TOW2.--,1
scale2,24468,ok,,0.0,True,True,0.0,0.0,pass,ok,0.10017501260153949,5.738913893699646,37263564,CI.CLC.--,0
deterministic_noise,24468,ok,,0.0,True,True,0.0,0.0,pass,ok,0.10026528988964856,5.485671877861023,37263564,CI.CLC.--,0
scale2,24468,ok,,0.0,True,True,0.0,0.0,pass,ok,0.13144055093289353,6.0127822160720825,37263564,CI.SRT.--,1
deterministic_noise,24468,ok,,0.0,True,True,0.0,0.0,pass,ok,0.13137112473486923,6.392483115196228,37263564,CI.SRT.--,1
scale2,25068,ok,,0.0,True,True,0.0,0.0,pass,ok,0.09796953946352005,7.228994131088257,38457935,CI.WRC2.--,0
deterministic_noise,25068,ok,,0.0,True,True,0.0,0.0,pass,ok,0.0987216904759407,7.228700876235962,38457935,CI.WRC2.--,0
scale2,25068,ok,,0.0,True,True,0.0,0.0,pass,ok,0.1031240108422935,6.653031349182129,38457935,CI.WVP2.--,1
deterministic_noise,25068,ok,,0.0,True,True,0.0,0.0,pass,ok,0.10271440865471959,6.454952001571655,38457935,CI.WVP2.--,1
scale2,24792,ok,,0.0,True,True,0.0,0.0,pass,ok,0.10169000923633575,7.341263294219971,37263684,CI.TOW2.--,1
deterministic_noise,24792,ok,,0.0,True,True,0.0,0.0,pass,ok,0.10163349658250809,7.15531849861145,37263684,CI.TOW2.--,1
scale2,24792,ok,,0.0,True,True,0.0,0.0,pass,ok,0.10283217940013856,5.668636083602905,37263684,CI.CLC.--,2
deterministic_noise,24792,ok,,0.0,True,True,0.0,0.0,pass,ok,0.1031046548159793,5.224274516105652,37263684,CI.CLC.--,2
scale2,25140,ok,,0.0,True,True,0.0,0.0,pass,ok,0.11116369190858677,6.305440664291382,37224772,CI.CLC.--,0
deterministic_noise,25140,ok,,0.0,True,True,0.0,0.0,pass,ok,0.11307697620941326,6.010905504226685,37224772,CI.CLC.--,0
scale2,25140,ok,,0.0,True,True,0.0,0.0,pass,ok,0.11199945211410522,7.449298620223999,37224772,CI.TOW2.--,1
deterministic_noise,25140,ok,,0.0,True,True,0.0,0.0,pass,ok,0.1132092997431755,7.786945343017578,37224772,CI.TOW2.--,1
scale2,24840,ok,,0.0,True,True,0.0,0.0,pass,ok,0.10298951715230942,7.450380802154541,37224796,CI.TOW2.--,0
deterministic_noise,24840,ok,,0.0,True,True,0.0,0.0,pass,ok,0.10345702024642378,7.132490634918213,37224796,CI.TOW2.--,0
scale2,24840,ok,,0.0,True,True,0.0,0.0,pass,ok,0.1053845519782044,5.566620111465454,37224796,CI.CLC.--,2
deterministic_noise,24840,ok,,0.0,True,True,0.0,0.0,pass,ok,0.1068029691814445,5.432867765426636,37224796,CI.CLC.--,2
scale2,24840,ok,,0.0,True,True,0.0,0.0,pass,ok,0.10739354137331247,6.67657732963562,37224780,CI.WVP2.--,0
deterministic_noise,24840,ok,,0.0,True,True,0.0,0.0,pass,ok,0.10651718731969595,6.7839648723602295,37224780,CI.WVP2.--,0
scale2,24840,ok,,0.0,True,True,0.0,0.0,pass,ok,0.10034820483997464,6.899834156036377,37224780,CI.TOW2.--,2
deterministic_noise,24840,ok,,0.0,True,True,0.0,0.0,pass,ok,0.09988816035911441,7.067311763763428,37224780,CI.TOW2.--,2
scale2,24873,ok,,0.0,True,True,0.0,0.0,pass,ok,0.0993745056912303,7.245744466781616,37224804,CI.TOW2.--,0
deterministic_noise,24873,ok,,0.0,True,True,0.0,0.0,pass,ok,0.09904167521744967,7.204240560531616,37224804,CI.TOW2.--,0
scale2,24873,ok,,0.0,True,True,0.0,0.0,pass,ok,0.10715436656028032,6.412944316864014,37224804,CI.WVP2.--,2
deterministic_noise,24873,ok,,0.0,True,True,0.0,0.0,pass,ok,0.10627221595495939,6.367812871932983,37224804,CI.WVP2.--,2
scale2,24528,ok,,0.0,True,True,0.0,0.0,pass,ok,0.10582869662903249,5.482922434806824,37224812,CI.CLC.--,0
deterministic_noise,24528,ok,,0.0,True,True,0.0,0.0,pass,ok,0.10635830298997462,5.5823317766189575,37224812,CI.CLC.--,0
scale2,24528,ok,,0.0,True,True,0.0,0.0,pass,ok,0.138720893941354,6.3664209842681885,37224812,CI.SRT.--,1
deterministic_noise,24528,ok,,0.0,True,True,0.0,0.0,pass,ok,0.1388057082076557,5.987366318702698,37224812,CI.SRT.--,1
scale2,24903,ok,,0.0,True,True,0.0,0.0,pass,ok,0.13083806878421456,7.161759376525879,37224820,CI.CCC.--,0
deterministic_noise,24903,ok,,0.0,True,True,0.0,0.0,pass,ok,0.1312051092972979,7.2582855224609375,37224820,CI.CCC.--,0
scale2,24903,ok,,0.0,True,True,0.0,0.0,pass,ok,0.12279224256053567,5.644714117050171,37224820,CI.LRL.--,1
deterministic_noise,24903,ok,,0.0,True,True,0.0,0.0,pass,ok,0.12275120010599494,5.593293726444244,37224820,CI.LRL.--,1
scale2,24867,ok,,0.0,True,True,0.0,0.0,pass,ok,0.10650765290483832,6.87029767036438,37224908,CI.WVP2.--,1
deterministic_noise,24867,ok,,0.0,True,True,0.0,0.0,pass,ok,0.10615900764241815,6.679955959320068,37224908,CI.WVP2.--,1
scale2,24867,ok,,0.0,True,True,0.0,0.0,pass,ok,0.10299677401781082,7.483267784118652,37224908,CI.TOW2.--,2
deterministic_noise,24867,ok,,0.0,True,True,0.0,0.0,pass,ok,0.10290223360061646,7.4289164543151855,37224908,CI.TOW2.--,2
scale2,24651,ok,,0.0,True,True,0.0,0.0,pass,ok,0.10783999047998805,5.258297085762024,38457951,CI.CLC.--,0
deterministic_noise,24651,ok,,0.0,True,True,0.0,0.0,pass,ok,0.10805453725333791,5.10212379693985,38457951,CI.CLC.--,0
scale2,24651,ok,,0.0,True,True,0.0,0.0,pass,ok,0.1414279852542677,5.202103704214096,38457951,CI.SRT.--,1
deterministic_noise,24651,ok,,0.0,True,True,0.0,0.0,pass,ok,0.14144157725240802,5.051530711352825,38457951,CI.SRT.--,1
scale2,24903,ok,,0.0,True,True,0.0,0.0,pass,ok,0.10664203763008118,7.530157089233398,37224932,CI.TOW2.--,0
deterministic_noise,24903,ok,,0.0,True,True,0.0,0.0,pass,ok,0.10729844495654106,7.7627928256988525,37224932,CI.TOW2.--,0
scale2,24903,ok,,0.0,True,True,0.0,0.0,pass,ok,0.09492261055856943,7.518121957778931,37224932,CI.WRC2.--,1
deterministic_noise,24903,ok,,0.0,True,True,0.0,0.0,pass,ok,0.0946261128410697,7.153378963470459,37224932,CI.WRC2.--,1
scale2,24882,ok,,0.0,True,True,0.0,0.0,pass,ok,0.10945101175457239,7.40813422203064,37224964,CI.WVP2.--,0
deterministic_noise,24882,ok,,0.0,True,True,0.0,0.0,pass,ok,0.10592695977538824,7.440279483795166,37224964,CI.WVP2.--,0
scale2,24879,ok,,0.0,True,True,0.0,0.0,pass,ok,0.10281939245760441,7.322328805923462,37224964,CI.WRC2.--,1
deterministic_noise,24879,ok,,0.0,True,True,0.0,0.0,pass,ok,0.10956056974828243,7.248994588851929,37224964,CI.WRC2.--,1
scale2,24747,ok,,0.0,True,True,0.0,0.0,pass,ok,0.09862972400151193,6.464210033416748,37224972,CI.TOW2.--,1
deterministic_noise,24747,ok,,0.0,True,True,0.0,0.0,pass,ok,0.09857206090237014,6.187143564224243,37224972,CI.TOW2.--,1
scale2,24747,ok,,0.0,True,True,0.0,0.0,pass,ok,0.13162828236818314,6.5399452447891235,37224972,CI.SRT.--,3
deterministic_noise,24747,ok,,0.0,True,True,0.0,0.0,pass,ok,0.1330292448401451,5.818257689476013,37224972,CI.SRT.--,3
scale2,24612,ok,,0.0,True,True,0.0,0.0,pass,ok,0.13146515656262636,7.380305528640747,37263724,CI.CCC.--,0
deterministic_noise,24612,ok,,0.0,True,True,0.0,0.0,pass,ok,0.13218803238123655,7.396603584289551,37263724,CI.CCC.--,0
scale2,24612,ok,,0.0,True,True,0.0,0.0,pass,ok,0.10752722062170506,5.9080586433410645,37263724,CI.CLC.--,1
deterministic_noise,24612,ok,,0.0,True,True,0.0,0.0,pass,ok,0.10780957154929638,5.801097750663757,37263724,CI.CLC.--,1
scale2,24597,ok,,0.0,True,True,0.0,0.0,pass,ok,0.10007953712738527,5.277805030345917,37263732,CI.CLC.--,0
deterministic_noise,24597,ok,,0.0,True,True,0.0,0.0,pass,ok,0.10015071114503371,5.329411506652832,37263732,CI.CLC.--,0
scale2,24597,ok,,0.0,True,True,0.0,0.0,pass,ok,0.13159010672825389,5.297722220420837,37263732,CI.SRT.--,1
deterministic_noise,24597,ok,,0.0,True,True,0.0,0.0,pass,ok,0.13131847119075246,5.905025959014893,37263732,CI.SRT.--,1
scale2,24879,ok,,0.0,True,True,0.0,0.0,pass,ok,0.09881895204307511,6.167113423347473,38457975,CI.TOW2.--,0
deterministic_noise,24879,ok,,0.0,True,True,0.0,0.0,pass,ok,0.09928779135225341,6.201857089996338,38457975,CI.TOW2.--,0
scale2,24879,ok,,0.0,True,True,0.0,0.0,pass,ok,0.10653761471621692,5.862731456756592,38457975,CI.WVP2.--,1
deterministic_noise,24879,ok,,0.0,True,True,0.0,0.0,pass,ok,0.1063323572743684,6.2950358390808105,38457975,CI.WVP2.--,1
scale2,24723,ok,,0.0,True,True,0.0,0.0,pass,ok,0.10561207367572933,7.387973308563232,37224980,CI.TOW2.--,1
deterministic_noise,24723,ok,,0.0,True,True,0.0,0.0,pass,ok,0.10604687221348286,7.435286998748779,37224980,CI.TOW2.--,1
scale2,24723,ok,,0.0,True,True,0.0,0.0,pass,ok,0.10386619926430285,7.016003608703613,37224980,CI.WVP2.--,2
deterministic_noise,24723,ok,,0.0,True,True,0.0,0.0,pass,ok,0.1032322698738426,6.966047048568726,37224980,CI.WVP2.--,2
scale2,24732,ok,,0.0,True,True,0.0,0.0,pass,ok,0.10675895516760647,6.590538024902344,37224988,CI.WVP2.--,2
deterministic_noise,24732,ok,,0.0,True,True,0.0,0.0,pass,ok,0.10624420340172946,6.649768590927124,37224988,CI.WVP2.--,2
scale2,24729,ok,,0.0,True,True,0.0,0.0,pass,ok,0.14470981317572296,6.71704626083374,37224988,CI.WCS2.--,5
deterministic_noise,24729,ok,,0.0,True,True,0.0,0.0,pass,ok,0.14607141655869782,6.86577844619751,37224988,CI.WCS2.--,5
scale2,24885,ok,,0.0,True,True,0.0,0.0,pass,ok,0.10023527353769168,5.612479209899902,37224996,CI.CLC.--,0
deterministic_noise,24885,ok,,0.0,True,True,0.0,0.0,pass,ok,0.10073229164117947,5.699837684631348,37224996,CI.CLC.--,0
scale2,24885,ok,,0.0,True,True,0.0,0.0,pass,ok,0.10024705342948437,7.18060302734375,37224996,CI.TOW2.--,1
deterministic_noise,24885,ok,,0.0,True,True,0.0,0.0,pass,ok,0.0999420452862978,7.130037307739258,37224996,CI.TOW2.--,1
scale2,24663,ok,,0.0,True,True,0.0,0.0,pass,ok,0.13581157103180885,8.122057437896729,38457983,CI.CCC.--,0
deterministic_noise,24663,ok,,0.0,True,True,0.0,0.0,pass,ok,0.13711224868893623,8.290154218673706,38457983,CI.CCC.--,0
scale2,24663,ok,,0.0,True,True,0.0,0.0,pass,ok,0.10656093375291675,7.097780466079712,38457983,CI.CLC.--,1
deterministic_noise,24663,ok,,0.0,True,True,0.0,0.0,pass,ok,0.10744357539806515,7.511359214782715,38457983,CI.CLC.--,1
scale2,24822,ok,,0.0,True,True,0.0,0.0,pass,ok,0.10995833692140877,6.953603029251099,37225004,CI.TOW2.--,0
deterministic_noise,24822,ok,,0.0,True,True,0.0,0.0,pass,ok,0.1107576999347657,6.785876274108887,37225004,CI.TOW2.--,0
scale2,24822,ok,,0.0,True,True,0.0,0.0,pass,ok,0.10394622036255896,6.253751277923584,37225004,CI.WVP2.--,2
deterministic_noise,24822,ok,,0.0,True,True,0.0,0.0,pass,ok,0.10337826958857477,6.144239902496338,37225004,CI.WVP2.--,2
scale2,24852,ok,,0.0,True,True,0.0,0.0,pass,ok,0.10597835155203938,6.804292440414429,38457991,CI.WVP2.--,1
deterministic_noise,24852,ok,,0.0,True,True,0.0,0.0,pass,ok,0.10483669070526958,6.842536687850952,38457991,CI.WVP2.--,1
scale2,24852,ok,,0.0,True,True,0.0,0.0,pass,ok,0.10424661391880363,7.373837471008301,38457991,CI.TOW2.--,2
deterministic_noise,24852,ok,,0.0,True,True,0.0,0.0,pass,ok,0.10487531370017678,7.314913511276245,38457991,CI.TOW2.--,2
scale2,24927,ok,,0.0,True,True,0.0,0.0,pass,ok,0.09573370451107621,6.627230405807495,38457999,CI.WRC2.--,0
deterministic_noise,24927,ok,,0.0,True,True,0.0,0.0,pass,ok,0.09579811012372375,6.885302305221558,38457999,CI.WRC2.--,0
scale2,24927,ok,,0.0,True,True,0.0,0.0,pass,ok,0.10699950344860554,7.435091733932495,38457999,CI.TOW2.--,1
deterministic_noise,24927,ok,,0.0,True,True,0.0,0.0,pass,ok,0.10739964805543423,7.561965227127075,38457999,CI.TOW2.--,1
scale2,24693,ok,,0.0,True,True,0.0,0.0,pass,ok,0.1313185093458742,6.2213358879089355,38458007,CI.SRT.--,0
deterministic_noise,24693,ok,,0.0,True,True,0.0,0.0,pass,ok,0.13116094493307173,6.061869859695435,38458007,CI.SRT.--,0
scale2,24693,ok,,0.0,True,True,0.0,0.0,pass,ok,0.09998208336764947,5.842275500297546,38458007,CI.CLC.--,1
deterministic_noise,24693,ok,,0.0,True,True,0.0,0.0,pass,ok,0.10015007801121101,5.7134788036346436,38458007,CI.CLC.--,1
scale2,24636,ok,,0.0,True,True,0.0,0.0,pass,ok,0.09986297611612827,5.5944602489471436,37225044,CI.CLC.--,0
deterministic_noise,24636,ok,,0.0,True,True,0.0,0.0,pass,ok,0.09994280512910336,5.680380582809448,37225044,CI.CLC.--,0
scale2,24636,ok,,0.0,True,True,0.0,0.0,pass,ok,0.1313874890038278,6.121938586235046,37225044,CI.SRT.--,1
deterministic_noise,24636,ok,,0.0,True,True,0.0,0.0,pass,ok,0.13132458730251528,6.076303243637085,37225044,CI.SRT.--,1
scale2,24909,ok,,0.0,True,True,0.0,0.0,pass,ok,0.10574772814288735,7.096007823944092,38458015,CI.TOW2.--,0
deterministic_noise,24909,ok,,0.0,True,True,0.0,0.0,pass,ok,0.10591995855793357,6.934829950332642,38458015,CI.TOW2.--,0
scale2,24909,ok,,0.0,True,True,0.0,0.0,pass,ok,0.10478803492151201,6.0741002559661865,38458015,CI.WVP2.--,2
deterministic_noise,24909,ok,,0.0,True,True,0.0,0.0,pass,ok,0.10448619001545012,6.2047340869903564,38458015,CI.WVP2.--,2
scale2,24501,ok,,0.0,True,True,0.0,0.0,pass,ok,0.13154070734162815,5.902781128883362,38458023,CI.SRT.--,0
deterministic_noise,24501,ok,,0.0,True,True,0.0,0.0,pass,ok,0.13146660567144863,5.858378887176514,38458023,CI.SRT.--,0
scale2,24501,ok,,0.0,True,True,0.0,0.0,pass,ok,0.1144484814722091,6.757870435714722,38458023,CI.LRL.--,1
deterministic_noise,24501,ok,,0.0,True,True,0.0,0.0,pass,ok,0.114450081018731,6.65596604347229,38458023,CI.LRL.--,1
scale2,24909,ok,,0.0,True,True,0.0,0.0,pass,ok,0.1054592162836343,6.267882823944092,37225084,CI.WVP2.--,0
deterministic_noise,24909,ok,,0.0,True,True,0.0,0.0,pass,ok,0.10499455477111042,6.3769755363464355,37225084,CI.WVP2.--,0
scale2,24909,ok,,0.0,True,True,0.0,0.0,pass,ok,0.11026752006728202,6.417814493179321,37225084,CI.JRC2.--,2
deterministic_noise,24909,ok,,0.0,True,True,0.0,0.0,pass,ok,0.11163077491801232,6.482842922210693,37225084,CI.JRC2.--,2
scale2,24954,ok,,0.0,True,True,0.0,0.0,pass,ok,0.0939451027661562,7.155517339706421,38458031,CI.WRC2.--,0
deterministic_noise,24954,ok,,0.0,True,True,0.0,0.0,pass,ok,0.09299435280263424,7.1284496784210205,38458031,CI.WRC2.--,0
scale2,24954,ok,,0.0,True,True,0.0,0.0,pass,ok,0.10733459563925862,6.651962041854858,38458031,CI.WVP2.--,1
deterministic_noise,24954,ok,,0.0,True,True,0.0,0.0,pass,ok,0.10670215217396617,6.716209173202515,38458031,CI.WVP2.--,1
scale2,24870,ok,,0.0,True,True,0.0,0.0,pass,ok,0.10591638612095267,6.842847108840942,37225188,CI.TOW2.--,1
deterministic_noise,24870,ok,,0.0,True,True,0.0,0.0,pass,ok,0.10613279265817255,7.008836507797241,37225188,CI.TOW2.--,1
scale2,24870,ok,,0.0,True,True,0.0,0.0,pass,ok,0.10728763422230259,5.226653277873993,37225188,CI.CLC.--,2
deterministic_noise,24870,ok,,0.0,True,True,0.0,0.0,pass,ok,0.10747859248658642,5.298707485198975,37225188,CI.CLC.--,2
scale2,25011,ok,,0.0,True,True,0.0,0.0,pass,ok,0.1054229089349974,5.429423928260803,37225196,CI.CLC.--,0
deterministic_noise,25011,ok,,0.0,True,True,0.0,0.0,pass,ok,0.10596698286826722,5.541147589683533,37225196,CI.CLC.--,0
scale2,25011,ok,,0.0,True,True,0.0,0.0,pass,ok,0.10471056494861841,7.1444621086120605,37225196,CI.TOW2.--,1
deterministic_noise,25011,ok,,0.0,True,True,0.0,0.0,pass,ok,0.10486061032861471,7.1420135498046875,37225196,CI.TOW2.--,1
scale2,24831,ok,,0.0,True,True,0.0,0.0,pass,ok,0.10616672690957785,6.509422540664673,37263740,CI.TOW2.--,0
deterministic_noise,24831,ok,,0.0,True,True,0.0,0.0,pass,ok,0.10650430712848902,6.605159640312195,37263740,CI.TOW2.--,0
scale2,24831,ok,,0.0,True,True,0.0,0.0,pass,ok,0.10728338453918695,5.300463259220123,37263740,CI.CLC.--,2
deterministic_noise,24831,ok,,0.0,True,True,0.0,0.0,pass,ok,0.10791180934756994,5.488338470458984,37263740,CI.CLC.--,2
scale2,24516,ok,,0.0,True,True,0.0,0.0,pass,ok,0.12207664735615253,6.555564999580383,37225204,CI.CCC.--,0
deterministic_noise,24516,ok,,0.0,True,True,0.0,0.0,pass,ok,0.12222184799611568,6.737887382507324,37225204,CI.CCC.--,0
scale2,24516,ok,,0.0,True,True,0.0,0.0,pass,ok,0.10042640543542802,5.804684638977051,37225204,CI.CLC.--,1
deterministic_noise,24516,ok,,0.0,True,True,0.0,0.0,pass,ok,0.10069113248027861,6.146622896194458,37225204,CI.CLC.--,1
scale2,24750,ok,,0.0,True,True,0.0,0.0,pass,ok,0.09883802756667137,7.759916305541992,38458063,CI.TOW2.--,0
deterministic_noise,24750,ok,,0.0,True,True,0.0,0.0,pass,ok,0.1008324483409524,7.778594732284546,38458063,CI.TOW2.--,0
scale2,24750,ok,,0.0,True,True,0.0,0.0,pass,ok,0.10678945947438478,7.351682186126709,38458063,CI.WVP2.--,2
deterministic_noise,24750,ok,,0.0,True,True,0.0,0.0,pass,ok,0.1055412320420146,7.188997507095337,38458063,CI.WVP2.--,2
scale2,24942,ok,,0.0,True,True,0.0,0.0,pass,ok,0.10893544717691839,5.417733550071716,37263756,CI.CLC.--,0
deterministic_noise,24942,ok,,0.0,True,True,0.0,0.0,pass,ok,0.10978653118945658,5.45885157585144,37263756,CI.CLC.--,0
scale2,24942,ok,,0.0,True,True,0.0,0.0,pass,ok,0.10891921352595091,6.937492370605469,37263756,CI.TOW2.--,1
deterministic_noise,24942,ok,,0.0,True,True,0.0,0.0,pass,ok,0.11100735235959291,6.996729612350464,37263756,CI.TOW2.--,1
scale2,25092,ok,,0.0,True,True,0.0,0.0,pass,ok,0.10016426723450422,6.756931781768799,37225220,CI.CLC.--,0
deterministic_noise,25092,ok,,0.0,True,True,0.0,0.0,pass,ok,0.10185240674763918,6.527739524841309,37225220,CI.CLC.--,0
scale2,25092,ok,,0.0,True,True,0.0,0.0,pass,ok,0.10143348627025262,7.710692644119263,37225220,CI.TOW2.--,1
deterministic_noise,25092,ok,,0.0,True,True,0.0,0.0,pass,ok,0.10109689779346809,7.700319290161133,37225220,CI.TOW2.--,1
scale2,24831,ok,,0.0,True,True,0.0,0.0,pass,ok,0.11021514656022191,7.327243804931641,37263764,CI.TOW2.--,1
deterministic_noise,24831,ok,,0.0,True,True,0.0,0.0,pass,ok,0.11226900340989232,7.381083250045776,37263764,CI.TOW2.--,1
scale2,24834,ok,,0.0,True,True,0.0,0.0,pass,ok,0.10597691731527448,7.174639940261841,37263764,CI.WVP2.--,2
deterministic_noise,24834,ok,,0.0,True,True,0.0,0.0,pass,ok,0.10543674929067492,7.103438377380371,37263764,CI.WVP2.--,2
scale2,24828,ok,,0.0,True,True,0.0,0.0,pass,ok,0.10199883463792503,6.851828336715698,37225228,CI.WVP2.--,1
deterministic_noise,24828,ok,,0.0,True,True,0.0,0.0,pass,ok,0.10089685139246285,6.921830177307129,37225228,CI.WVP2.--,1
scale2,24828,ok,,0.0,True,True,0.0,0.0,pass,ok,0.1148987440392375,6.930833578109741,37225228,CI.JRC2.--,3
deterministic_noise,24828,ok,,0.0,True,True,0.0,0.0,pass,ok,0.11829141993075609,7.171343088150024,37225228,CI.JRC2.--,3
scale2,24843,ok,,0.0,True,True,0.0,0.0,pass,ok,0.10694105486618355,6.61165189743042,37263772,CI.WVP2.--,2
deterministic_noise,24843,ok,,0.0,True,True,0.0,0.0,pass,ok,0.10598532547010109,6.34886908531189,37263772,CI.WVP2.--,2
scale2,24840,ok,,0.0,True,True,0.0,0.0,pass,ok,0.11840150086209178,6.529771327972412,37263772,CI.JRC2.--,3
deterministic_noise,24840,ok,,0.0,True,True,0.0,0.0,pass,ok,0.12299257190898061,6.672173738479614,37263772,CI.JRC2.--,3
scale2,24891,ok,,0.0,True,True,0.0,0.0,pass,ok,0.10610302639543079,5.996367573738098,37225412,CI.WVP2.--,1
deterministic_noise,24891,ok,,0.0,True,True,0.0,0.0,pass,ok,0.10587467896402813,5.81870424747467,37225412,CI.WVP2.--,1
scale2,24888,ok,,0.0,True,True,0.0,0.0,pass,ok,0.11753760965075344,5.981017112731934,37225412,CI.JRC2.--,2
deterministic_noise,24888,ok,,0.0,True,True,0.0,0.0,pass,ok,0.11840080528054386,6.239938020706177,37225412,CI.JRC2.--,2
scale2,24846,ok,,0.0,True,True,0.0,0.0,pass,ok,0.09915875922888517,7.643657207489014,38458071,CI.TOW2.--,0
deterministic_noise,24846,ok,,0.0,True,True,0.0,0.0,pass,ok,0.10075142979621887,7.588818073272705,38458071,CI.TOW2.--,0
scale2,24846,ok,,0.0,True,True,0.0,0.0,pass,ok,0.10903942957520485,6.895693063735962,38458071,CI.WVP2.--,2
deterministic_noise,24846,ok,,0.0,True,True,0.0,0.0,pass,ok,0.10814529284834862,7.680826425552368,38458071,CI.WVP2.--,2
scale2,24906,ok,,0.0,True,True,0.0,0.0,pass,ok,0.10387306718621403,7.33050274848938,37225420,CI.TOW2.--,0
deterministic_noise,24906,ok,,0.0,True,True,0.0,0.0,pass,ok,0.10473390610422939,6.851823091506958,37225420,CI.TOW2.--,0
scale2,24906,ok,,0.0,True,True,0.0,0.0,pass,ok,0.10573256213683635,5.896438956260681,37225420,CI.CLC.--,2
deterministic_noise,24906,ok,,0.0,True,True,0.0,0.0,pass,ok,0.10620329331140965,5.829060196876526,37225420,CI.CLC.--,2
scale2,24849,ok,,0.0,True,True,0.0,0.0,pass,ok,0.10695851128548384,7.032684087753296,37225428,CI.WVP2.--,0
deterministic_noise,24849,ok,,0.0,True,True,0.0,0.0,pass,ok,0.10651142615824938,7.092534065246582,37225428,CI.WVP2.--,0
scale2,24849,ok,,0.0,True,True,0.0,0.0,pass,ok,0.09855837980285287,7.014646053314209,37225428,CI.TOW2.--,2
deterministic_noise,24849,ok,,0.0,True,True,0.0,0.0,pass,ok,0.0998098119162023,7.124588489532471,37225428,CI.TOW2.--,2
scale2,24918,ok,,0.0,True,True,0.0,0.0,pass,ok,0.10101243510143831,6.690178871154785,38458087,CI.CLC.--,1
deterministic_noise,24918,ok,,0.0,True,True,0.0,0.0,pass,ok,0.10370928392512724,6.845064640045166,38458087,CI.CLC.--,1
scale2,24918,ok,,0.0,True,True,0.0,0.0,pass,ok,0.10626467224210501,7.529484510421753,38458087,CI.TOW2.--,2
deterministic_noise,24918,ok,,0.0,True,True,0.0,0.0,pass,ok,0.10791306290775537,7.822647333145142,38458087,CI.TOW2.--,2
scale2,24798,ok,,0.0,True,True,0.0,0.0,pass,ok,0.10764292250678409,6.287207007408142,37225548,CI.CLC.--,0
deterministic_noise,24798,ok,,0.0,True,True,0.0,0.0,pass,ok,0.10812235255434643,6.461949825286865,37225548,CI.CLC.--,0
scale2,24798,ok,,0.0,True,True,0.0,0.0,pass,ok,0.14133652340387926,5.903522849082947,37225548,CI.SRT.--,1
deterministic_noise,24798,ok,,0.0,True,True,0.0,0.0,pass,ok,0.14136200357461348,6.086160778999329,37225548,CI.SRT.--,1
scale2,24765,ok,,0.0,True,True,0.0,0.0,pass,ok,0.09997819951968268,5.706773281097412,38458103,CI.CLC.--,0
deterministic_noise,24765,ok,,0.0,True,True,0.0,0.0,pass,ok,0.10027668782277033,5.7950838804244995,38458103,CI.CLC.--,0
scale2,24765,ok,,0.0,True,True,0.0,0.0,pass,ok,0.13164716184837744,6.055682301521301,38458103,CI.SRT.--,1
deterministic_noise,24765,ok,,0.0,True,True,0.0,0.0,pass,ok,0.13171962677733973,6.061610698699951,38458103,CI.SRT.--,1
scale2,24690,ok,,0.0,True,True,0.0,0.0,pass,ok,0.1104942231613677,5.715529918670654,38458111,CI.CLC.--,2
deterministic_noise,24690,ok,,0.0,True,True,0.0,0.0,pass,ok,0.11085468836245127,5.519369125366211,38458111,CI.CLC.--,2
scale2,24690,ok,,0.0,True,True,0.0,0.0,pass,ok,0.10257738525979221,5.837101459503174,38458111,CI.WVP2.--,3
deterministic_noise,24690,ok,,0.0,True,True,0.0,0.0,pass,ok,0.10229447786696255,5.922707557678223,38458111,CI.WVP2.--,3
scale2,24909,ok,,0.0,True,True,0.0,0.0,pass,ok,0.1082401912426576,5.72228741645813,38458119,CI.CLC.--,1
deterministic_noise,24909,ok,,0.0,True,True,0.0,0.0,pass,ok,0.10892194847110659,5.69223415851593,38458119,CI.CLC.--,1
scale2,24909,ok,,0.0,True,True,0.0,0.0,pass,ok,0.10686125792562962,7.138556480407715,38458119,CI.TOW2.--,2
deterministic_noise,24909,ok,,0.0,True,True,0.0,0.0,pass,ok,0.10718378238379955,7.441030025482178,38458119,CI.TOW2.--,2
scale2,24876,ok,,0.0,True,True,0.0,0.0,pass,ok,0.10655033669900149,6.5025341510772705,38458127,CI.WVP2.--,1
deterministic_noise,24876,ok,,0.0,True,True,0.0,0.0,pass,ok,0.10629813291598111,6.067671179771423,38458127,CI.WVP2.--,1
scale2,24873,ok,,0.0,True,True,0.0,0.0,pass,ok,0.11762627575080842,6.5835113525390625,38458127,CI.JRC2.--,2
deterministic_noise,24873,ok,,0.0,True,True,0.0,0.0,pass,ok,0.1189905070932582,6.437100410461426,38458127,CI.JRC2.--,2
scale2,24630,ok,,0.0,True,True,0.0,0.0,pass,ok,0.12268388411030173,7.161178112030029,38458135,CI.CCC.--,0
deterministic_noise,24630,ok,,0.0,True,True,0.0,0.0,pass,ok,0.12275926629081368,7.403690338134766,38458135,CI.CCC.--,0
scale2,24630,ok,,0.0,True,True,0.0,0.0,pass,ok,0.09973430400714278,5.760680079460144,38458135,CI.CLC.--,1
deterministic_noise,24630,ok,,0.0,True,True,0.0,0.0,pass,ok,0.09978112811222672,5.424272656440735,38458135,CI.CLC.--,1
scale2,24780,ok,,0.0,True,True,0.0,0.0,pass,ok,0.10016035195440054,7.061636209487915,38458143,CI.CLC.--,0
deterministic_noise,24780,ok,,0.0,True,True,0.0,0.0,pass,ok,0.10055466089397669,6.922743082046509,38458143,CI.CLC.--,0
scale2,24780,ok,,0.0,True,True,0.0,0.0,pass,ok,0.13126652408391237,7.737848281860352,38458143,CI.SRT.--,1
deterministic_noise,24780,ok,,0.0,True,True,0.0,0.0,pass,ok,0.1302946461364627,7.783095598220825,38458143,CI.SRT.--,1
scale2,24756,ok,,0.0,True,True,0.0,0.0,pass,ok,0.10952362534590065,6.478744029998779,37427053,CI.TOW2.--,0
deterministic_noise,24756,ok,,0.0,True,True,0.0,0.0,pass,ok,0.10995329800061882,6.692802667617798,37427053,CI.TOW2.--,0
scale2,24756,ok,,0.0,True,True,0.0,0.0,pass,ok,0.11138938105432317,5.239238381385803,37427053,CI.CLC.--,2
deterministic_noise,24756,ok,,0.0,True,True,0.0,0.0,pass,ok,0.11169795953901485,5.250790596008301,37427053,CI.CLC.--,2
scale2,24969,ok,,0.0,True,True,0.0,0.0,pass,ok,0.10019742418080568,6.25058388710022,38458159,CI.WRC2.--,0
deterministic_noise,24969,ok,,0.0,True,True,0.0,0.0,pass,ok,0.10083616804331541,6.3023998737335205,38458159,CI.WRC2.--,0
scale2,24969,ok,,0.0,True,True,0.0,0.0,pass,ok,0.1123764868825674,7.381454229354858,38458159,CI.TOW2.--,1
deterministic_noise,24969,ok,,0.0,True,True,0.0,0.0,pass,ok,0.11325110681355,6.990360498428345,38458159,CI.TOW2.--,1
scale2,24882,ok,,0.0,True,True,0.0,0.0,pass,ok,0.10139939119108021,6.024891138076782,37427093,CI.WVP2.--,1
deterministic_noise,24882,ok,,0.0,True,True,0.0,0.0,pass,ok,0.10108510474674404,5.899351239204407,37427093,CI.WVP2.--,1
scale2,24882,ok,,0.0,True,True,0.0,0.0,pass,ok,0.1172215536935255,6.384359002113342,37427093,CI.JRC2.--,3
deterministic_noise,24882,ok,,0.0,True,True,0.0,0.0,pass,ok,0.11814102076459676,6.349709987640381,37427093,CI.JRC2.--,3
scale2,24729,ok,,0.0,True,True,0.0,0.0,pass,ok,0.10705408743524458,6.299229860305786,37427173,CI.WVP2.--,2
deterministic_noise,24729,ok,,0.0,True,True,0.0,0.0,pass,ok,0.10673427292203996,6.140947222709656,37427173,CI.WVP2.--,2
scale2,24729,ok,,0.0,True,True,0.0,0.0,pass,ok,0.09957420304999687,6.643274545669556,37427173,CI.CLC.--,3
deterministic_noise,24729,ok,,0.0,True,True,0.0,0.0,pass,ok,0.09985349848284386,6.6762518882751465,37427173,CI.CLC.--,3
scale2,24717,ok,,0.0,True,True,0.0,0.0,pass,ok,0.10769558648462407,5.425887286663055,37427197,CI.CLC.--,0
deterministic_noise,24717,ok,,0.0,True,True,0.0,0.0,pass,ok,0.10816802133922465,5.501853346824646,37427197,CI.CLC.--,0
scale2,24717,ok,,0.0,True,True,0.0,0.0,pass,ok,0.1311316373758018,5.437431693077087,37427197,CI.CCC.--,3
deterministic_noise,24717,ok,,0.0,True,True,0.0,0.0,pass,ok,0.1311979708261788,5.6621280908584595,37427197,CI.CCC.--,3
scale2,24828,ok,,0.0,True,True,0.0,0.0,pass,ok,0.10388877335935831,7.49498176574707,37427213,CI.TOW2.--,1
deterministic_noise,24828,ok,,0.0,True,True,0.0,0.0,pass,ok,0.10404483135789633,7.202726602554321,37427213,CI.TOW2.--,1
scale2,24828,ok,,0.0,True,True,0.0,0.0,pass,ok,0.10492602456361055,6.765378952026367,37427213,CI.WVP2.--,2
deterministic_noise,24828,ok,,0.0,True,True,0.0,0.0,pass,ok,0.10441802721470594,6.351129770278931,37427213,CI.WVP2.--,2
scale2,24807,ok,,0.0,True,True,0.0,0.0,pass,ok,0.0985481608659029,7.596832990646362,38458175,CI.TOW2.--,1
deterministic_noise,24807,ok,,0.0,True,True,0.0,0.0,pass,ok,0.09971732459962368,7.603689193725586,38458175,CI.TOW2.--,1
scale2,24807,ok,,0.0,True,True,0.0,0.0,pass,ok,0.10036556061822921,6.211609601974487,38458175,CI.CLC.--,2
deterministic_noise,24807,ok,,0.0,True,True,0.0,0.0,pass,ok,0.10081091138999909,6.147627949714661,38458175,CI.CLC.--,2
scale2,24819,ok,,0.0,True,True,0.0,0.0,pass,ok,0.10471998061984777,7.018735885620117,38458183,CI.TOW2.--,1
deterministic_noise,24819,ok,,0.0,True,True,0.0,0.0,pass,ok,0.10483531001955271,6.839135408401489,38458183,CI.TOW2.--,1
scale2,24819,ok,,0.0,True,True,0.0,0.0,pass,ok,0.1057423673919402,5.845523118972778,38458183,CI.WVP2.--,2
deterministic_noise,24819,ok,,0.0,True,True,0.0,0.0,pass,ok,0.10555640381062403,5.715992569923401,38458183,CI.WVP2.--,2
scale2,24870,ok,,0.0,True,True,0.0,0.0,pass,ok,0.1058383365161717,5.843701481819153,37427381,CI.WVP2.--,1
deterministic_noise,24870,ok,,0.0,True,True,0.0,0.0,pass,ok,0.10560437245294452,6.185119390487671,37427381,CI.WVP2.--,1
scale2,24870,ok,,0.0,True,True,0.0,0.0,pass,ok,0.10433431132696569,5.948343396186829,37427381,CI.TOW2.--,2
deterministic_noise,24870,ok,,0.0,True,True,0.0,0.0,pass,ok,0.10437676147557795,6.284518480300903,37427381,CI.TOW2.--,2
scale2,24921,ok,,0.0,True,True,0.0,0.0,pass,ok,0.09666888671927154,6.3219475746154785,38458199,CI.WRC2.--,0
deterministic_noise,24921,ok,,0.0,True,True,0.0,0.0,pass,ok,0.09670405578799546,6.086066722869873,38458199,CI.WRC2.--,0
scale2,24921,ok,,0.0,True,True,0.0,0.0,pass,ok,0.10445418348535895,6.37787389755249,38458199,CI.WVP2.--,1
deterministic_noise,24921,ok,,0.0,True,True,0.0,0.0,pass,ok,0.10401525953784585,6.431325674057007,38458199,CI.WVP2.--,1
scale2,24252,ok,,0.0,True,True,0.0,0.0,pass,ok,0.12620214046910405,5.640696167945862,37427405,CI.CCC.--,1
deterministic_noise,24252,ok,,0.0,True,True,0.0,0.0,pass,ok,0.12624692497774959,5.98853611946106,37427405,CI.CCC.--,1
scale2,24252,ok,,0.0,True,True,0.0,0.0,pass,ok,0.13582824155673734,5.065441191196442,37427405,CI.SRT.--,2
deterministic_noise,24252,ok,,0.0,True,True,0.0,0.0,pass,ok,0.13589809849872836,5.0859218537807465,37427405,CI.SRT.--,2
scale2,25041,ok,,0.0,True,True,0.0,0.0,pass,ok,0.0998118088755291,6.0872581005096436,38458223,CI.CLC.--,0
deterministic_noise,25041,ok,,0.0,True,True,0.0,0.0,pass,ok,0.0999867751088459,6.000133275985718,38458223,CI.CLC.--,0
scale2,25041,ok,,0.0,True,True,0.0,0.0,pass,ok,0.1313087166636251,5.93956196308136,38458223,CI.SRT.--,1
deterministic_noise,25041,ok,,0.0,True,True,0.0,0.0,pass,ok,0.13124293374130502,6.043046236038208,38458223,CI.SRT.--,1
scale2,24864,ok,,0.0,True,True,0.0,0.0,pass,ok,0.10674422536976635,6.262964725494385,37427421,CI.WVP2.--,1
deterministic_noise,24864,ok,,0.0,True,True,0.0,0.0,pass,ok,0.10650485451333225,6.1357903480529785,37427421,CI.WVP2.--,1
scale2,24864,ok,,0.0,True,True,0.0,0.0,pass,ok,0.09822944644838572,7.107418537139893,37427421,CI.TOW2.--,3
deterministic_noise,24864,ok,,0.0,True,True,0.0,0.0,pass,ok,0.09832488046959043,7.1160736083984375,37427421,CI.TOW2.--,3
scale2,24831,ok,,0.0,True,True,0.0,0.0,pass,ok,0.10478472616523504,6.952117919921875,37427437,CI.TOW2.--,1
deterministic_noise,24831,ok,,0.0,True,True,0.0,0.0,pass,ok,0.10486993286758661,6.647276401519775,37427437,CI.TOW2.--,1
scale2,24831,ok,,0.0,True,True,0.0,0.0,pass,ok,0.10560105339391157,6.771966457366943,37427437,CI.WVP2.--,2
deterministic_noise,24831,ok,,0.0,True,True,0.0,0.0,pass,ok,0.10505230381386355,6.77376127243042,37427437,CI.WVP2.--,2
scale2,24771,ok,,0.0,True,True,0.0,0.0,pass,ok,0.10338511544978246,5.591454863548279,38458247,CI.CLC.--,1
deterministic_noise,24771,ok,,0.0,True,True,0.0,0.0,pass,ok,0.10495295148575678,5.7132837772369385,38458247,CI.CLC.--,1
scale2,24771,ok,,0.0,True,True,0.0,0.0,pass,ok,0.10575404460541904,6.141643643379211,38458247,CI.WVP2.--,3
deterministic_noise,24771,ok,,0.0,True,True,0.0,0.0,pass,ok,0.10559060727246106,5.92081618309021,38458247,CI.WVP2.--,3
scale2,24912,ok,,0.0,True,True,0.0,0.0,pass,ok,0.1000307290814817,6.814027786254883,38458263,CI.CLC.--,1
deterministic_noise,24912,ok,,0.0,True,True,0.0,0.0,pass,ok,0.10143975773826241,6.867399215698242,38458263,CI.CLC.--,1
scale2,24912,ok,,0.0,True,True,0.0,0.0,pass,ok,0.10866863280534744,7.658303737640381,38458263,CI.TOW2.--,2
deterministic_noise,24912,ok,,0.0,True,True,0.0,0.0,pass,ok,0.1067202165722847,7.843385696411133,38458263,CI.TOW2.--,2
scale2,24879,ok,,0.0,True,True,0.0,0.0,pass,ok,0.10648812382714823,5.810155034065247,37427557,CI.WVP2.--,1
deterministic_noise,24879,ok,,0.0,True,True,0.0,0.0,pass,ok,0.10623717278940603,6.069456696510315,37427557,CI.WVP2.--,1
scale2,24879,ok,,0.0,True,True,0.0,0.0,pass,ok,0.1099022944108583,6.019010424613953,37427557,CI.JRC2.--,2
deterministic_noise,24879,ok,,0.0,True,True,0.0,0.0,pass,ok,0.11032873200019822,5.968574404716492,37427557,CI.JRC2.--,2
scale2,24837,ok,,0.0,True,True,0.0,0.0,pass,ok,0.103337527718395,5.8114259243011475,38458287,CI.CLC.--,0
deterministic_noise,24837,ok,,0.0,True,True,0.0,0.0,pass,ok,0.10383862117305398,5.770525217056274,38458287,CI.CLC.--,0
scale2,24837,ok,,0.0,True,True,0.0,0.0,pass,ok,0.13531357678584754,5.65683251619339,38458287,CI.SRT.--,1
deterministic_noise,24837,ok,,0.0,True,True,0.0,0.0,pass,ok,0.13535791006870568,5.806605100631714,38458287,CI.SRT.--,1
scale2,24840,ok,,0.0,True,True,0.0,0.0,pass,ok,0.10602111741900444,7.118086814880371,38458295,CI.WVP2.--,0
deterministic_noise,24840,ok,,0.0,True,True,0.0,0.0,pass,ok,0.10550165548920631,6.984112501144409,38458295,CI.WVP2.--,0
scale2,24840,ok,,0.0,True,True,0.0,0.0,pass,ok,0.104566557391081,6.729958772659302,38458295,CI.JRC2.--,2
deterministic_noise,24840,ok,,0.0,True,True,0.0,0.0,pass,ok,0.10653618903597817,6.658574104309082,38458295,CI.JRC2.--,2
scale2,24879,ok,,0.0,True,True,0.0,0.0,pass,ok,0.10590749641414732,6.436991930007935,37226844,CI.WVP2.--,0
deterministic_noise,24879,ok,,0.0,True,True,0.0,0.0,pass,ok,0.10539633373264223,6.345970869064331,37226844,CI.WVP2.--,0
scale2,24879,ok,,0.0,True,True,0.0,0.0,pass,ok,0.11044878954999149,6.457700610160828,37226844,CI.JRC2.--,2
deterministic_noise,24879,ok,,0.0,True,True,0.0,0.0,pass,ok,0.1116114363539964,6.232626914978027,37226844,CI.JRC2.--,2
scale2,24921,ok,,0.0,True,True,0.0,0.0,pass,ok,0.10724685626337305,6.085777997970581,37226852,CI.WVP2.--,1
deterministic_noise,24921,ok,,0.0,True,True,0.0,0.0,pass,ok,0.10698454541852698,6.182395577430725,37226852,CI.WVP2.--,1
scale2,24921,ok,,0.0,True,True,0.0,0.0,pass,ok,0.10559647367335856,6.4792258739471436,37226852,CI.JRC2.--,2
deterministic_noise,24921,ok,,0.0,True,True,0.0,0.0,pass,ok,0.10624208464287221,6.289090514183044,37226852,CI.JRC2.--,2
scale2,24852,ok,,0.0,True,True,0.0,0.0,pass,ok,0.11049974267370999,6.588331460952759,37226900,CI.TOW2.--,0
deterministic_noise,24852,ok,,0.0,True,True,0.0,0.0,pass,ok,0.11102702911011875,6.6540751457214355,37226900,CI.TOW2.--,0
scale2,24855,ok,,0.0,True,True,0.0,0.0,pass,ok,0.10679158451966941,5.82054078578949,37226900,CI.WVP2.--,2
deterministic_noise,24855,ok,,0.0,True,True,0.0,0.0,pass,ok,0.10646446165628731,5.873560190200806,37226900,CI.WVP2.--,2
scale2,24633,ok,,0.0,True,True,0.0,0.0,pass,ok,0.10020024119876325,5.801532745361328,38458303,CI.CLC.--,0
deterministic_noise,24633,ok,,0.0,True,True,0.0,0.0,pass,ok,0.10045820684172213,5.886733412742615,38458303,CI.CLC.--,0
scale2,24633,ok,,0.0,True,True,0.0,0.0,pass,ok,0.1314197708852589,6.060780644416809,38458303,CI.SRT.--,1
deterministic_noise,24633,ok,,0.0,True,True,0.0,0.0,pass,ok,0.1313699851743877,5.770952463150024,38458303,CI.SRT.--,1
scale2,24918,ok,,0.0,True,True,0.0,0.0,pass,ok,0.10020475566852838,5.536720514297485,37263884,CI.CLC.--,0
deterministic_noise,24918,ok,,0.0,True,True,0.0,0.0,pass,ok,0.1008409959031269,5.660706043243408,37263884,CI.CLC.--,0
scale2,24918,ok,,0.0,True,True,0.0,0.0,pass,ok,0.09796521719545126,6.617391109466553,37263884,CI.TOW2.--,1
deterministic_noise,24918,ok,,0.0,True,True,0.0,0.0,pass,ok,0.097865947522223,5.9977662563323975,37263884,CI.TOW2.--,1
scale2,24975,ok,,0.0,True,True,0.0,0.0,pass,ok,0.09891453036107123,6.599078893661499,37226956,CI.WRC2.--,0
deterministic_noise,24975,ok,,0.0,True,True,0.0,0.0,pass,ok,0.09917807928286493,6.226271629333496,37226956,CI.WRC2.--,0
scale2,24975,ok,,0.0,True,True,0.0,0.0,pass,ok,0.10921113775111735,7.080500364303589,37226956,CI.TOW2.--,1
deterministic_noise,24975,ok,,0.0,True,True,0.0,0.0,pass,ok,0.10959393694065511,6.723274230957031,37226956,CI.TOW2.--,1
scale2,24861,ok,,0.0,True,True,0.0,0.0,pass,ok,0.09988401029841043,5.881488680839539,37226964,CI.WVP2.--,1
deterministic_noise,24861,ok,,0.0,True,True,0.0,0.0,pass,ok,0.09964171107276343,5.970382571220398,37226964,CI.WVP2.--,1
scale2,24861,ok,,0.0,True,True,0.0,0.0,pass,ok,0.11720286001218483,6.063633680343628,37226964,CI.JRC2.--,2
deterministic_noise,24861,ok,,0.0,True,True,0.0,0.0,pass,ok,0.1180488423560746,6.075446128845215,37226964,CI.JRC2.--,2
scale2,24765,ok,,0.0,True,True,0.0,0.0,pass,ok,0.10897582839243114,6.66399359703064,38458359,CI.TOW2.--,1
deterministic_noise,24765,ok,,0.0,True,True,0.0,0.0,pass,ok,0.10916838725097477,6.915505409240723,38458359,CI.TOW2.--,1
scale2,24765,ok,,0.0,True,True,0.0,0.0,pass,ok,0.10379672213457525,6.00707471370697,38458359,CI.WVP2.--,2
deterministic_noise,24765,ok,,0.0,True,True,0.0,0.0,pass,ok,0.10359974787570536,6.285407662391663,38458359,CI.WVP2.--,2
scale2,24873,ok,,0.0,True,True,0.0,0.0,pass,ok,0.10605799197219312,5.868592858314514,37227020,CI.CLC.--,0
deterministic_noise,24873,ok,,0.0,True,True,0.0,0.0,pass,ok,0.10691234678961337,5.7952412366867065,37227020,CI.CLC.--,0
scale2,24873,ok,,0.0,True,True,0.0,0.0,pass,ok,0.13886573677882552,7.136653900146484,37227020,CI.SRT.--,1
deterministic_noise,24873,ok,,0.0,True,True,0.0,0.0,pass,ok,0.13932827347889543,6.127997398376465,37227020,CI.SRT.--,1
scale2,24720,ok,,0.0,True,True,0.0,0.0,pass,ok,0.10593884810805321,7.108006954193115,37263980,CI.TOW2.--,2
deterministic_noise,24720,ok,,0.0,True,True,0.0,0.0,pass,ok,0.10623721405863762,6.7086992263793945,37263980,CI.TOW2.--,2
scale2,24720,ok,,0.0,True,True,0.0,0.0,pass,ok,0.11215691204415634,6.12463641166687,37263980,CI.JRC2.--,3
deterministic_noise,24720,ok,,0.0,True,True,0.0,0.0,pass,ok,0.11257138167275116,6.5051844120025635,37263980,CI.JRC2.--,3
scale2,24840,ok,,0.0,True,True,0.0,0.0,pass,ok,0.10735401895362884,6.342119216918945,38458383,CI.WVP2.--,1
deterministic_noise,24840,ok,,0.0,True,True,0.0,0.0,pass,ok,0.10692266735713929,6.3326239585876465,38458383,CI.WVP2.--,1
scale2,24840,ok,,0.0,True,True,0.0,0.0,pass,ok,0.09840760938823223,7.009209156036377,38458383,CI.TOW2.--,2
deterministic_noise,24840,ok,,0.0,True,True,0.0,0.0,pass,ok,0.09896515496075153,6.671227693557739,38458383,CI.TOW2.--,2
scale2,24471,ok,,0.0,True,True,0.0,0.0,pass,ok,0.12255394645035267,6.995365858078003,38458391,CI.CCC.--,0
deterministic_noise,24471,ok,,0.0,True,True,0.0,0.0,pass,ok,0.12279860489070415,7.389813184738159,38458391,CI.CCC.--,0
scale2,24471,ok,,0.0,True,True,0.0,0.0,pass,ok,0.10047682328149676,6.560398101806641,38458391,CI.CLC.--,1
deterministic_noise,24471,ok,,0.0,True,True,0.0,0.0,pass,ok,0.10062623070552945,6.485547065734863,38458391,CI.CLC.--,1
scale2,25032,ok,,0.0,True,True,0.0,0.0,pass,ok,0.10005461657419801,6.00597870349884,37227036,CI.CLC.--,0
deterministic_noise,25032,ok,,0.0,True,True,0.0,0.0,pass,ok,0.10041980212554336,5.98413872718811,37227036,CI.CLC.--,0
scale2,25032,ok,,0.0,True,True,0.0,0.0,pass,ok,0.09906574990600348,7.572112321853638,37227036,CI.TOW2.--,1
deterministic_noise,25032,ok,,0.0,True,True,0.0,0.0,pass,ok,0.09866380132734776,7.542467355728149,37227036,CI.TOW2.--,1
scale2,24801,ok,,0.0,True,True,0.0,0.0,pass,ok,0.09984890563646331,6.013545036315918,37227044,CI.WVP2.--,0
deterministic_noise,24801,ok,,0.0,True,True,0.0,0.0,pass,ok,0.09956964658340439,5.795839428901672,37227044,CI.WVP2.--,0
scale2,24801,ok,,0.0,True,True,0.0,0.0,pass,ok,0.11094388645142317,6.685690879821777,37227044,CI.TOW2.--,1
deterministic_noise,24801,ok,,0.0,True,True,0.0,0.0,pass,ok,0.11138722021132708,6.891901731491089,37227044,CI.TOW2.--,1
scale2,24930,ok,,0.0,True,True,0.0,0.0,pass,ok,0.09777834918349981,6.421138286590576,38458407,CI.WRC2.--,0
deterministic_noise,24930,ok,,0.0,True,True,0.0,0.0,pass,ok,0.09796253684908152,6.500095963478088,38458407,CI.WRC2.--,0
scale2,24930,ok,,0.0,True,True,0.0,0.0,pass,ok,0.10392436117399484,6.1893922090530396,38458407,CI.WVP2.--,1
deterministic_noise,24930,ok,,0.0,True,True,0.0,0.0,pass,ok,0.10358797281514853,5.931670427322388,38458407,CI.WVP2.--,1
scale2,24858,ok,,0.0,True,True,0.0,0.0,pass,ok,0.10295749874785542,5.936519622802734,37227076,CI.CLC.--,0
deterministic_noise,24858,ok,,0.0,True,True,0.0,0.0,pass,ok,0.10414501605555415,6.247079610824585,37227076,CI.CLC.--,0
scale2,24858,ok,,0.0,True,True,0.0,0.0,pass,ok,0.10327896941453218,7.196122169494629,37227076,CI.TOW2.--,1
deterministic_noise,24858,ok,,0.0,True,True,0.0,0.0,pass,ok,0.10320073645561934,7.172800540924072,37227076,CI.TOW2.--,1
scale2,24522,ok,,0.0,True,True,0.0,0.0,pass,ok,0.13301770575344563,6.45947527885437,37227156,CI.CCC.--,0
deterministic_noise,24522,ok,,0.0,True,True,0.0,0.0,pass,ok,0.13312960974872112,6.524440050125122,37227156,CI.CCC.--,0
scale2,24522,ok,,0.0,True,True,0.0,0.0,pass,ok,0.10958813547767932,5.167816400527954,37227156,CI.CLC.--,1
deterministic_noise,24522,ok,,0.0,True,True,0.0,0.0,pass,ok,0.10973663211188978,5.24983286857605,37227156,CI.CLC.--,1
scale2,24858,ok,,0.0,True,True,0.0,0.0,pass,ok,0.11009842529892921,6.990644454956055,38458415,CI.TOW2.--,1
deterministic_noise,24858,ok,,0.0,True,True,0.0,0.0,pass,ok,0.11082203313708305,7.005879163742065,38458415,CI.TOW2.--,1
scale2,24861,ok,,0.0,True,True,0.0,0.0,pass,ok,0.10668559226905927,6.113176465034485,38458415,CI.WVP2.--,2
deterministic_noise,24861,ok,,0.0,True,True,0.0,0.0,pass,ok,0.10653686668956652,5.918665409088135,38458415,CI.WVP2.--,2
scale2,24858,ok,,0.0,True,True,0.0,0.0,pass,ok,0.10553621192229912,5.830380320549011,38458431,CI.CLC.--,0
deterministic_noise,24858,ok,,0.0,True,True,0.0,0.0,pass,ok,0.10629628162132576,5.770246863365173,38458431,CI.CLC.--,0
scale2,24858,ok,,0.0,True,True,0.0,0.0,pass,ok,0.10376469511538744,7.340724468231201,38458431,CI.TOW2.--,1
deterministic_noise,24858,ok,,0.0,True,True,0.0,0.0,pass,ok,0.10415077488869429,7.220967054367065,38458431,CI.TOW2.--,1
scale2,24750,ok,,0.0,True,True,0.0,0.0,pass,ok,0.10674352844944224,5.648430943489075,37227196,CI.WVP2.--,2
deterministic_noise,24750,ok,,0.0,True,True,0.0,0.0,pass,ok,0.1065093512297608,5.6219000816345215,37227196,CI.WVP2.--,2
scale2,24750,ok,,0.0,True,True,0.0,0.0,pass,ok,0.1054863145109266,6.129852533340454,37227196,CI.JRC2.--,3
deterministic_noise,24750,ok,,0.0,True,True,0.0,0.0,pass,ok,0.10616872855462134,6.127499938011169,37227196,CI.JRC2.--,3
scale2,24981,ok,,0.0,True,True,0.0,0.0,pass,ok,0.08934202278032899,6.455750942230225,37227204,CI.WRC2.--,0
deterministic_noise,24981,ok,,0.0,True,True,0.0,0.0,pass,ok,0.09013879066333175,6.405308723449707,37227204,CI.WRC2.--,0
scale2,24981,ok,,0.0,True,True,0.0,0.0,pass,ok,0.09924720972776413,7.206695556640625,37227204,CI.TOW2.--,1
deterministic_noise,24981,ok,,0.0,True,True,0.0,0.0,pass,ok,0.10026712715625763,7.2597455978393555,37227204,CI.TOW2.--,1
scale2,24765,ok,,0.0,True,True,0.0,0.0,pass,ok,0.10850060218945146,6.260898113250732,37227220,CI.CLC.--,1
deterministic_noise,24765,ok,,0.0,True,True,0.0,0.0,pass,ok,0.1089716455899179,5.63727343082428,37227220,CI.CLC.--,1
scale2,24765,ok,,0.0,True,True,0.0,0.0,pass,ok,0.09775159717537463,6.852193117141724,37227220,CI.WRC2.--,2
deterministic_noise,24765,ok,,0.0,True,True,0.0,0.0,pass,ok,0.097959985723719,6.894536972045898,37227220,CI.WRC2.--,2
scale2,24924,ok,,0.0,True,True,0.0,0.0,pass,ok,0.09911507437936962,6.671363592147827,38458439,CI.CLC.--,0
deterministic_noise,24924,ok,,0.0,True,True,0.0,0.0,pass,ok,0.09951123525388539,6.5423667430877686,38458439,CI.CLC.--,0
scale2,24924,ok,,0.0,True,True,0.0,0.0,pass,ok,0.1015880317427218,7.76058030128479,38458439,CI.TOW2.--,1
deterministic_noise,24924,ok,,0.0,True,True,0.0,0.0,pass,ok,0.10605784645304084,7.472087383270264,38458439,CI.TOW2.--,1
scale2,25044,ok,,0.0,True,True,0.0,0.0,pass,ok,0.0989686343818903,6.590311288833618,37227228,CI.WRC2.--,0
deterministic_noise,25044,ok,,0.0,True,True,0.0,0.0,pass,ok,0.10012505762279034,6.59900689125061,37227228,CI.WRC2.--,0
scale2,25044,ok,,0.0,True,True,0.0,0.0,pass,ok,0.11040266719646752,5.544864296913147,37227228,CI.CLC.--,1
deterministic_noise,25044,ok,,0.0,True,True,0.0,0.0,pass,ok,0.11239672335796058,5.840193033218384,37227228,CI.CLC.--,1
scale2,24492,ok,,0.0,True,True,0.0,0.0,pass,ok,0.10959356144303456,5.431986331939697,38458447,CI.CLC.--,0
deterministic_noise,24492,ok,,0.0,True,True,0.0,0.0,pass,ok,0.10984950646525249,5.2748905420303345,38458447,CI.CLC.--,0
scale2,24492,ok,,0.0,True,True,0.0,0.0,pass,ok,0.13339350817841478,6.389817595481873,38458447,CI.CCC.--,1
deterministic_noise,24492,ok,,0.0,True,True,0.0,0.0,pass,ok,0.13347173036891036,6.334417104721069,38458447,CI.CCC.--,1
scale2,24831,ok,,0.0,True,True,0.0,0.0,pass,ok,0.09852237394079566,7.161225318908691,38458479,CI.TOW2.--,0
deterministic_noise,24831,ok,,0.0,True,True,0.0,0.0,pass,ok,0.09900886425748467,7.059037208557129,38458479,CI.TOW2.--,0
scale2,24831,ok,,0.0,True,True,0.0,0.0,pass,ok,0.10771120013669133,6.776735305786133,38458479,CI.WVP2.--,2
deterministic_noise,24831,ok,,0.0,True,True,0.0,0.0,pass,ok,0.10722454218193889,6.806562423706055,38458479,CI.WVP2.--,2
scale2,24936,ok,,0.0,True,True,0.0,0.0,pass,ok,0.10002361168153584,6.111914038658142,38458487,CI.CLC.--,0
deterministic_noise,24936,ok,,0.0,True,True,0.0,0.0,pass,ok,0.10039560566656291,6.472550868988037,38458487,CI.CLC.--,0
scale2,24936,ok,,0.0,True,True,0.0,0.0,pass,ok,0.09974633902311325,7.734412908554077,38458487,CI.TOW2.--,1
deterministic_noise,24936,ok,,0.0,True,True,0.0,0.0,pass,ok,0.09975706785917282,7.735169172286987,38458487,CI.TOW2.--,1
scale2,24861,ok,,0.0,True,True,0.0,0.0,pass,ok,0.10047772340476513,6.109866738319397,38458495,CI.WRC2.--,0
deterministic_noise,24861,ok,,0.0,True,True,0.0,0.0,pass,ok,0.10079767741262913,6.166449189186096,38458495,CI.WRC2.--,0
scale2,24861,ok,,0.0,True,True,0.0,0.0,pass,ok,0.11224886775016785,5.993974208831787,38458495,CI.CLC.--,1
deterministic_noise,24861,ok,,0.0,True,True,0.0,0.0,pass,ok,0.11314726620912552,6.127809047698975,38458495,CI.CLC.--,1
scale2,24837,ok,,0.0,True,True,0.0,0.0,pass,ok,0.11158653581514955,5.884616494178772,37227348,CI.CLC.--,0
deterministic_noise,24837,ok,,0.0,True,True,0.0,0.0,pass,ok,0.11250235652551055,5.835142135620117,37227348,CI.CLC.--,0
scale2,24837,ok,,0.0,True,True,0.0,0.0,pass,ok,0.14716556179337204,5.597674071788788,37227348,CI.SRT.--,1
deterministic_noise,24837,ok,,0.0,True,True,0.0,0.0,pass,ok,0.14715761435218155,5.873663902282715,37227348,CI.SRT.--,1
scale2,25227,ok,,0.0,True,True,0.0,0.0,pass,ok,0.09991123963845894,6.164870977401733,38458503,CI.CLC.--,0
deterministic_noise,25227,ok,,0.0,True,True,0.0,0.0,pass,ok,0.10035409341799095,6.367188453674316,38458503,CI.CLC.--,0
scale2,25227,ok,,0.0,True,True,0.0,0.0,pass,ok,0.0974419629201293,7.423352241516113,38458503,CI.TOW2.--,1
deterministic_noise,25227,ok,,0.0,True,True,0.0,0.0,pass,ok,0.09814659599214792,7.227600812911987,38458503,CI.TOW2.--,1
scale2,24879,ok,,0.0,True,True,0.0,0.0,pass,ok,0.10274491040036082,6.6196229457855225,37227380,CI.CLC.--,0
deterministic_noise,24879,ok,,0.0,True,True,0.0,0.0,pass,ok,0.10520402016118169,6.789046287536621,37227380,CI.CLC.--,0
scale2,24879,ok,,0.0,True,True,0.0,0.0,pass,ok,0.1013354230672121,7.0508973598480225,37227380,CI.TOW2.--,1
deterministic_noise,24879,ok,,0.0,True,True,0.0,0.0,pass,ok,0.10173261165618896,7.063199996948242,37227380,CI.TOW2.--,1
scale2,24864,ok,,0.0,True,True,0.0,0.0,pass,ok,0.09837215906009078,6.236737489700317,37227388,CI.TOW2.--,1
deterministic_noise,24864,ok,,0.0,True,True,0.0,0.0,pass,ok,0.09876454109326005,6.36085319519043,37227388,CI.TOW2.--,1
scale2,24864,ok,,0.0,True,True,0.0,0.0,pass,ok,0.10669146612053737,5.731137037277222,37227388,CI.WVP2.--,2
deterministic_noise,24864,ok,,0.0,True,True,0.0,0.0,pass,ok,0.10649857536191121,5.575904607772827,37227388,CI.WVP2.--,2
scale2,24837,ok,,0.0,True,True,0.0,0.0,pass,ok,0.11102391593158245,7.185691833496094,38458511,CI.TOW2.--,1
deterministic_noise,24837,ok,,0.0,True,True,0.0,0.0,pass,ok,0.11160743422806263,7.223325967788696,38458511,CI.TOW2.--,1
scale2,24840,ok,,0.0,True,True,0.0,0.0,pass,ok,0.10694924497511238,6.411792755126953,38458511,CI.WVP2.--,2
deterministic_noise,24840,ok,,0.0,True,True,0.0,0.0,pass,ok,0.10668685531709343,6.176389932632446,38458511,CI.WVP2.--,2
scale2,24876,ok,,0.0,True,True,0.0,0.0,pass,ok,0.10607214644551277,6.512974977493286,38458527,CI.WVP2.--,1
deterministic_noise,24876,ok,,0.0,True,True,0.0,0.0,pass,ok,0.1058446504175663,6.3491902351379395,38458527,CI.WVP2.--,1
scale2,24873,ok,,0.0,True,True,0.0,0.0,pass,ok,0.11754893325269222,6.714548826217651,38458527,CI.JRC2.--,2
deterministic_noise,24873,ok,,0.0,True,True,0.0,0.0,pass,ok,0.11927682347595692,6.729121923446655,38458527,CI.JRC2.--,2
scale2,24759,ok,,0.0,True,True,0.0,0.0,pass,ok,0.11116727639455348,5.7222137451171875,37227500,CI.CLC.--,1
deterministic_noise,24759,ok,,0.0,True,True,0.0,0.0,pass,ok,0.11186542909126729,5.606235861778259,37227500,CI.CLC.--,1
scale2,24759,ok,,0.0,True,True,0.0,0.0,pass,ok,0.10122001450508833,6.59736180305481,37227500,CI.WVP2.--,3
deterministic_noise,24759,ok,,0.0,True,True,0.0,0.0,pass,ok,0.10077790636569262,6.773010492324829,37227500,CI.WVP2.--,3
scale2,25110,ok,,0.0,True,True,0.0,0.0,pass,ok,0.08926262939348817,6.944774389266968,38458535,CI.WRC2.--,0
deterministic_noise,25110,ok,,0.0,True,True,0.0,0.0,pass,ok,0.09158302610740066,6.834756374359131,38458535,CI.WRC2.--,0
scale2,25110,ok,,0.0,True,True,0.0,0.0,pass,ok,0.10598336858674884,6.475135564804077,38458535,CI.WVP2.--,1
deterministic_noise,25110,ok,,0.0,True,True,0.0,0.0,pass,ok,0.10578913288190961,6.29246711730957,38458535,CI.WVP2.--,1
scale2,24759,ok,,0.0,True,True,0.0,0.0,pass,ok,0.10033854411449283,5.470636010169983,38458543,CI.CLC.--,0
deterministic_noise,24759,ok,,0.0,True,True,0.0,0.0,pass,ok,0.10056741966400295,5.440273761749268,38458543,CI.CLC.--,0
scale2,24759,ok,,0.0,True,True,0.0,0.0,pass,ok,0.13157335540745407,5.577261328697205,38458543,CI.SRT.--,1
deterministic_noise,24759,ok,,0.0,True,True,0.0,0.0,pass,ok,0.13162730017211288,5.855999946594238,38458543,CI.SRT.--,1
scale2,24465,ok,,0.0,True,True,0.0,0.0,pass,ok,0.12261867709457874,7.381198406219482,37227996,CI.CCC.--,0
deterministic_noise,24465,ok,,0.0,True,True,0.0,0.0,pass,ok,0.12265165708959103,7.241078853607178,37227996,CI.CCC.--,0
scale2,24465,ok,,0.0,True,True,0.0,0.0,pass,ok,0.11388872610405087,5.235069751739502,37227996,CI.LRL.--,2
deterministic_noise,24465,ok,,0.0,True,True,0.0,0.0,pass,ok,0.11388892633840442,5.352263867855072,37227996,CI.LRL.--,2
scale2,24879,ok,,0.0,True,True,0.0,0.0,pass,ok,0.10634461697191,6.6834094524383545,38458567,CI.WVP2.--,1
deterministic_noise,24879,ok,,0.0,True,True,0.0,0.0,pass,ok,0.10565467271953821,6.825603723526001,38458567,CI.WVP2.--,1
scale2,24879,ok,,0.0,True,True,0.0,0.0,pass,ok,0.10404672879667487,6.382086992263794,38458567,CI.JRC2.--,2
deterministic_noise,24879,ok,,0.0,True,True,0.0,0.0,pass,ok,0.10449570161290467,6.292593955993652,38458567,CI.JRC2.--,2
scale2,24795,ok,,0.0,True,True,0.0,0.0,pass,ok,0.12160562397912145,7.547738313674927,38458575,CI.CCC.--,0
deterministic_noise,24795,ok,,0.0,True,True,0.0,0.0,pass,ok,0.12171925930306315,7.655625343322754,38458575,CI.CCC.--,0
scale2,24795,ok,,0.0,True,True,0.0,0.0,pass,ok,0.11367519455961883,6.09364926815033,38458575,CI.LRL.--,1
deterministic_noise,24795,ok,,0.0,True,True,0.0,0.0,pass,ok,0.11367555451579392,5.882546067237854,38458575,CI.LRL.--,1
scale2,24906,ok,,0.0,True,True,0.0,0.0,pass,ok,0.09631005174014717,6.335260391235352,38458599,CI.WRC2.--,0
deterministic_noise,24906,ok,,0.0,True,True,0.0,0.0,pass,ok,0.0963351404061541,6.354512691497803,38458599,CI.WRC2.--,0
scale2,24906,ok,,0.0,True,True,0.0,0.0,pass,ok,0.1049233976227697,5.692844271659851,38458599,CI.WVP2.--,1
deterministic_noise,24906,ok,,0.0,True,True,0.0,0.0,pass,ok,0.10475692866020836,5.769148111343384,38458599,CI.WVP2.--,1
scale2,24813,ok,,0.0,True,True,0.0,0.0,pass,ok,0.105790208093822,7.5604729652404785,38458655,CI.WVP2.--,1
deterministic_noise,24813,ok,,0.0,True,True,0.0,0.0,pass,ok,0.10448519606143236,7.40483546257019,38458655,CI.WVP2.--,1
scale2,24813,ok,,0.0,True,True,0.0,0.0,pass,ok,0.11595097277313471,7.675708770751953,38458655,CI.JRC2.--,2
deterministic_noise,24813,ok,,0.0,True,True,0.0,0.0,pass,ok,0.11873373296111822,7.359613656997681,38458655,CI.JRC2.--,2
scale2,24888,ok,,0.0,True,True,0.0,0.0,pass,ok,0.0920377615839243,6.734610319137573,38458647,CI.WRC2.--,0
deterministic_noise,24888,ok,,0.0,True,True,0.0,0.0,pass,ok,0.09160070680081844,6.702110290527344,38458647,CI.WRC2.--,0
scale2,24888,ok,,0.0,True,True,0.0,0.0,pass,ok,0.10285828984342515,5.827429294586182,38458647,CI.CLC.--,1
deterministic_noise,24888,ok,,0.0,True,True,0.0,0.0,pass,ok,0.1035794171039015,5.863354325294495,38458647,CI.CLC.--,1
scale2,24972,ok,,0.0,True,True,0.0,0.0,pass,ok,0.10017679794691503,5.871435642242432,38458663,CI.CLC.--,0
deterministic_noise,24972,ok,,0.0,True,True,0.0,0.0,pass,ok,0.10055400268174708,5.959850907325745,38458663,CI.CLC.--,0
scale2,24972,ok,,0.0,True,True,0.0,0.0,pass,ok,0.13180447416380048,5.860987305641174,38458663,CI.SRT.--,1
deterministic_noise,24972,ok,,0.0,True,True,0.0,0.0,pass,ok,0.1320408950559795,7.1601033210754395,38458663,CI.SRT.--,1
scale2,24453,ok,,0.0,True,True,0.0,0.0,pass,ok,0.1057429383508861,6.348970890045166,37263996,CI.CLC.--,0
deterministic_noise,24453,ok,,0.0,True,True,0.0,0.0,pass,ok,0.1060957913286984,6.156312704086304,37263996,CI.CLC.--,0
scale2,24453,ok,,0.0,True,True,0.0,0.0,pass,ok,0.12882033339701593,6.428879976272583,37263996,CI.CCC.--,1
deterministic_noise,24453,ok,,0.0,True,True,0.0,0.0,pass,ok,0.12890752800740302,6.398210525512695,37263996,CI.CCC.--,1
scale2,25089,ok,,0.0,True,True,0.0,0.0,pass,ok,0.10537980729714036,5.811597228050232,37420885,CI.CLC.--,0
deterministic_noise,25089,ok,,0.0,True,True,0.0,0.0,pass,ok,0.10638979589566588,5.6616644859313965,37420885,CI.CLC.--,0
scale2,25089,ok,,0.0,True,True,0.0,0.0,pass,ok,0.10363682499155402,7.060388803482056,37420885,CI.TOW2.--,1
deterministic_noise,25089,ok,,0.0,True,True,0.0,0.0,pass,ok,0.10373592982068658,7.174471378326416,37420885,CI.TOW2.--,1
scale2,24882,ok,,0.0,True,True,0.0,0.0,pass,ok,0.10904853325337172,5.360003590583801,37228292,CI.CLC.--,1
deterministic_noise,24882,ok,,0.0,True,True,0.0,0.0,pass,ok,0.10925761330872774,5.405703186988831,37228292,CI.CLC.--,1
scale2,24882,ok,,0.0,True,True,0.0,0.0,pass,ok,0.10740990191698074,7.481224298477173,37228292,CI.TOW2.--,2
deterministic_noise,24882,ok,,0.0,True,True,0.0,0.0,pass,ok,0.10798951983451843,7.335700750350952,37228292,CI.TOW2.--,2
scale2,24948,ok,,0.0,True,True,0.0,0.0,pass,ok,0.09932556981220841,6.9816975593566895,38458687,CI.WRC2.--,0
deterministic_noise,24948,ok,,0.0,True,True,0.0,0.0,pass,ok,0.0999326310120523,6.747223377227783,38458687,CI.WRC2.--,0
scale2,24948,ok,,0.0,True,True,0.0,0.0,pass,ok,0.11303673684597015,7.704545021057129,38458687,CI.TOW2.--,1
deterministic_noise,24948,ok,,0.0,True,True,0.0,0.0,pass,ok,0.11482734233140945,7.935525894165039,38458687,CI.TOW2.--,1
scale2,24996,ok,,0.0,True,True,0.0,0.0,pass,ok,0.10304875182919204,5.497922658920288,37228468,CI.CLC.--,0
deterministic_noise,24996,ok,,0.0,True,True,0.0,0.0,pass,ok,0.1041826878208667,5.348814010620117,37228468,CI.CLC.--,0
scale2,24996,ok,,0.0,True,True,0.0,0.0,pass,ok,0.10303543601185083,7.197590112686157,37228468,CI.TOW2.--,1
deterministic_noise,24996,ok,,0.0,True,True,0.0,0.0,pass,ok,0.10299888160079718,7.435294151306152,37228468,CI.TOW2.--,1
scale2,24675,ok,,0.0,True,True,0.0,0.0,pass,ok,0.12192469602450728,7.2211480140686035,37420965,CI.CCC.--,0
deterministic_noise,24675,ok,,0.0,True,True,0.0,0.0,pass,ok,0.12199305230751634,6.997493505477905,37420965,CI.CCC.--,0
scale2,24675,ok,,0.0,True,True,0.0,0.0,pass,ok,0.1002435915870592,5.278341114521027,37420965,CI.CLC.--,1
deterministic_noise,24675,ok,,0.0,True,True,0.0,0.0,pass,ok,0.10028271295595914,5.464434742927551,37420965,CI.CLC.--,1
scale2,24921,ok,,0.0,True,True,0.0,0.0,pass,ok,0.09919669292867184,6.445729732513428,38458735,CI.WRC2.--,0
deterministic_noise,24921,ok,,0.0,True,True,0.0,0.0,pass,ok,0.09952634014189243,6.5630388259887695,38458735,CI.WRC2.--,0
scale2,24921,ok,,0.0,True,True,0.0,0.0,pass,ok,0.1082980171777308,6.7804343700408936,38458735,CI.TOW2.--,1
deterministic_noise,24921,ok,,0.0,True,True,0.0,0.0,pass,ok,0.1084831072948873,6.506334066390991,38458735,CI.TOW2.--,1
scale2,24948,ok,,0.0,True,True,0.0,0.0,pass,ok,0.12186700478196144,8.181443452835083,38458759,CI.CCC.--,0
deterministic_noise,24948,ok,,0.0,True,True,0.0,0.0,pass,ok,0.12585754320025444,7.992705821990967,38458759,CI.CCC.--,0
scale2,24948,ok,,0.0,True,True,0.0,0.0,pass,ok,0.1135147474706173,7.211036920547485,38458759,CI.LRL.--,1
deterministic_noise,24948,ok,,0.0,True,True,0.0,0.0,pass,ok,0.11309003457427025,7.1172285079956055,38458759,CI.LRL.--,1
scale2,24477,ok,,0.0,True,True,0.0,0.0,pass,ok,0.13632937183137983,6.6698033809661865,37264020,CI.CCC.--,0
deterministic_noise,24477,ok,,0.0,True,True,0.0,0.0,pass,ok,0.1364289481425658,6.531479835510254,37264020,CI.CCC.--,0
scale2,24477,ok,,0.0,True,True,0.0,0.0,pass,ok,0.11220292686630273,5.259800314903259,37264020,CI.CLC.--,1
deterministic_noise,24477,ok,,0.0,True,True,0.0,0.0,pass,ok,0.11241438300203299,5.297740340232849,37264020,CI.CLC.--,1
scale2,24429,ok,,0.0,True,True,0.0,0.0,pass,ok,0.12256791954860091,7.16711950302124,38458767,CI.CCC.--,0
deterministic_noise,24429,ok,,0.0,True,True,0.0,0.0,pass,ok,0.12262072646990418,7.367193937301636,38458767,CI.CCC.--,0
scale2,24429,ok,,0.0,True,True,0.0,0.0,pass,ok,0.1000320875318721,5.721915125846863,38458767,CI.CLC.--,1
deterministic_noise,24429,ok,,0.0,True,True,0.0,0.0,pass,ok,0.10009260091464967,5.885876417160034,38458767,CI.CLC.--,1
scale2,24993,ok,,0.0,True,True,0.0,0.0,pass,ok,0.10940434166695923,5.745367765426636,38458783,CI.CLC.--,0
deterministic_noise,24993,ok,,0.0,True,True,0.0,0.0,pass,ok,0.10978685936424881,5.8704993724823,38458783,CI.CLC.--,0
scale2,24993,ok,,0.0,True,True,0.0,0.0,pass,ok,0.10567003302276134,7.275390148162842,38458783,CI.TOW2.--,1
deterministic_noise,24993,ok,,0.0,True,True,0.0,0.0,pass,ok,0.1064868662506342,7.274203538894653,38458783,CI.TOW2.--,1
scale2,24831,ok,,0.0,True,True,0.0,0.0,pass,ok,0.1048839008435607,7.467105865478516,38458799,CI.TOW2.--,1
deterministic_noise,24831,ok,,0.0,True,True,0.0,0.0,pass,ok,0.10503274295479059,7.227854251861572,38458799,CI.TOW2.--,1
scale2,24831,ok,,0.0,True,True,0.0,0.0,pass,ok,0.10555123572703451,5.982000112533569,38458799,CI.CLC.--,2
deterministic_noise,24831,ok,,0.0,True,True,0.0,0.0,pass,ok,0.10611507261637598,5.8284991979599,38458799,CI.CLC.--,2
scale2,24648,ok,,0.0,True,True,0.0,0.0,pass,ok,0.10253885410929797,7.147878170013428,38458815,CI.WVP2.--,1
deterministic_noise,24648,ok,,0.0,True,True,0.0,0.0,pass,ok,0.10185524053667905,6.9960246086120605,38458815,CI.WVP2.--,1
scale2,24648,ok,,0.0,True,True,0.0,0.0,pass,ok,0.1107197490055114,6.046074867248535,38458815,CI.CLC.--,4
deterministic_noise,24648,ok,,0.0,True,True,0.0,0.0,pass,ok,0.11189941200427711,6.155007839202881,38458815,CI.CLC.--,4
scale2,24807,ok,,0.0,True,True,0.0,0.0,pass,ok,0.1066094845882617,6.504067420959473,38458831,CI.TOW2.--,0
deterministic_noise,24807,ok,,0.0,True,True,0.0,0.0,pass,ok,0.10672872659051791,6.686936616897583,38458831,CI.TOW2.--,0
scale2,24807,ok,,0.0,True,True,0.0,0.0,pass,ok,0.10493634920567274,6.009407043457031,38458831,CI.WVP2.--,2
deterministic_noise,24807,ok,,0.0,True,True,0.0,0.0,pass,ok,0.10472697485238314,5.947089910507202,38458831,CI.WVP2.--,2
scale2,24375,ok,,0.0,True,True,0.0,0.0,pass,ok,0.12232483028492425,7.017469644546509,38458887,CI.CCC.--,0
deterministic_noise,24375,ok,,0.0,True,True,0.0,0.0,pass,ok,0.12238101811090019,7.033795118331909,38458887,CI.CCC.--,0
scale2,24375,ok,,0.0,True,True,0.0,0.0,pass,ok,0.10028933089779457,5.706360459327698,38458887,CI.CLC.--,1
deterministic_noise,24375,ok,,0.0,True,True,0.0,0.0,pass,ok,0.10038460689975182,5.83989143371582,38458887,CI.CLC.--,1
scale2,24690,ok,,0.0,True,True,0.0,0.0,pass,ok,0.10020232707029209,5.447542667388916,38458895,CI.CLC.--,0
deterministic_noise,24690,ok,,0.0,True,True,0.0,0.0,pass,ok,0.10027285158867016,5.452417612075806,38458895,CI.CLC.--,0
scale2,24690,ok,,0.0,True,True,0.0,0.0,pass,ok,0.1313316068262793,5.418426036834717,38458895,CI.SRT.--,1
deterministic_noise,24690,ok,,0.0,True,True,0.0,0.0,pass,ok,0.13130053965141997,5.2932838797569275,38458895,CI.SRT.--,1
scale2,24822,ok,,0.0,True,True,0.0,0.0,pass,ok,0.09887892939150333,7.541573524475098,38458903,CI.TOW2.--,0
deterministic_noise,24822,ok,,0.0,True,True,0.0,0.0,pass,ok,0.10041492246091366,7.550030469894409,38458903,CI.TOW2.--,0
scale2,24822,ok,,0.0,True,True,0.0,0.0,pass,ok,0.0999688200536184,5.653280735015869,38458903,CI.CLC.--,2
deterministic_noise,24822,ok,,0.0,True,True,0.0,0.0,pass,ok,0.10009172634454444,5.91758406162262,38458903,CI.CLC.--,2
scale2,24609,ok,,0.0,True,True,0.0,0.0,pass,ok,0.1098572164773941,6.057556509971619,37229124,CI.CLC.--,0
deterministic_noise,24609,ok,,0.0,True,True,0.0,0.0,pass,ok,0.11034421622753143,6.100273132324219,37229124,CI.CLC.--,0
scale2,24609,ok,,0.0,True,True,0.0,0.0,pass,ok,0.14373045577667654,6.362714529037476,37229124,CI.SRT.--,1
deterministic_noise,24609,ok,,0.0,True,True,0.0,0.0,pass,ok,0.14375515864230692,6.389454960823059,37229124,CI.SRT.--,1
scale2,24897,ok,,0.0,True,True,0.0,0.0,pass,ok,0.09882894926704466,6.448418378829956,37229132,CI.TOW2.--,0
deterministic_noise,24897,ok,,0.0,True,True,0.0,0.0,pass,ok,0.09874384826980531,6.659574031829834,37229132,CI.TOW2.--,0
scale2,24897,ok,,0.0,True,True,0.0,0.0,pass,ok,0.0897362805553712,6.149856090545654,37229132,CI.WRC2.--,1
deterministic_noise,24897,ok,,0.0,True,True,0.0,0.0,pass,ok,0.08946252096211538,6.294836044311523,37229132,CI.WRC2.--,1
scale2,24927,ok,,0.0,True,True,0.0,0.0,pass,ok,0.10287632586550899,5.358229041099548,38458943,CI.CLC.--,0
deterministic_noise,24927,ok,,0.0,True,True,0.0,0.0,pass,ok,0.10328970311093144,5.710618019104004,38458943,CI.CLC.--,0
scale2,24927,ok,,0.0,True,True,0.0,0.0,pass,ok,0.09262994449818507,6.476101398468018,38458943,CI.WRC2.--,1
deterministic_noise,24927,ok,,0.0,True,True,0.0,0.0,pass,ok,0.09223292249953374,6.46079158782959,38458943,CI.WRC2.--,1
scale2,24933,ok,,0.0,True,True,0.0,0.0,pass,ok,0.08963508915621787,7.33546781539917,38458951,CI.WRC2.--,0
deterministic_noise,24933,ok,,0.0,True,True,0.0,0.0,pass,ok,0.09328538167756051,7.1785571575164795,38458951,CI.WRC2.--,0
scale2,24933,ok,,0.0,True,True,0.0,0.0,pass,ok,0.09796173684298992,7.597150087356567,38458951,CI.TOW2.--,1
deterministic_noise,24933,ok,,0.0,True,True,0.0,0.0,pass,ok,0.10099338926374912,7.590045928955078,38458951,CI.TOW2.--,1
scale2,24831,ok,,0.0,True,True,0.0,0.0,pass,ok,0.09781837137416005,7.1375532150268555,38458967,CI.TOW2.--,1
deterministic_noise,24831,ok,,0.0,True,True,0.0,0.0,pass,ok,0.09883976308628917,7.309802055358887,38458967,CI.TOW2.--,1
scale2,24831,ok,,0.0,True,True,0.0,0.0,pass,ok,0.10647039883770049,6.641561985015869,38458967,CI.WVP2.--,2
deterministic_noise,24831,ok,,0.0,True,True,0.0,0.0,pass,ok,0.10603350377641618,6.753270387649536,38458967,CI.WVP2.--,2
scale2,24909,ok,,0.0,True,True,0.0,0.0,pass,ok,0.11057334957877174,5.600377917289734,38458975,CI.CLC.--,0
deterministic_noise,24909,ok,,0.0,True,True,0.0,0.0,pass,ok,0.1113370675011538,5.649298906326294,38458975,CI.CLC.--,0
scale2,24909,ok,,0.0,True,True,0.0,0.0,pass,ok,0.1094280262477696,6.537668943405151,38458975,CI.TOW2.--,1
deterministic_noise,24909,ok,,0.0,True,True,0.0,0.0,pass,ok,0.10962942941114306,6.687287330627441,38458975,CI.TOW2.--,1
scale2,24837,ok,,0.0,True,True,0.0,0.0,pass,ok,0.10912368247954873,5.501022934913635,38459031,CI.CLC.--,0
deterministic_noise,24837,ok,,0.0,True,True,0.0,0.0,pass,ok,0.10952931841165992,5.354688882827759,38459031,CI.CLC.--,0
scale2,24837,ok,,0.0,True,True,0.0,0.0,pass,ok,0.143583751458209,5.173789292573929,38459031,CI.SRT.--,1
deterministic_noise,24837,ok,,0.0,True,True,0.0,0.0,pass,ok,0.14359182940097526,5.335557907819748,38459031,CI.SRT.--,1
scale2,24855,ok,,0.0,True,True,0.0,0.0,pass,ok,0.10586964373942465,6.037732481956482,38459039,CI.WVP2.--,1
deterministic_noise,24855,ok,,0.0,True,True,0.0,0.0,pass,ok,0.10554116184357554,5.992308139801025,38459039,CI.WVP2.--,1
scale2,24855,ok,,0.0,True,True,0.0,0.0,pass,ok,0.10172680951654911,6.656354188919067,38459039,CI.TOW2.--,2
deterministic_noise,24855,ok,,0.0,True,True,0.0,0.0,pass,ok,0.10170749388635159,6.532440900802612,38459039,CI.TOW2.--,2
scale2,25164,ok,,0.0,True,True,0.0,0.0,pass,ok,0.10057747317478061,6.764318227767944,38459127,CI.CLC.--,0
deterministic_noise,25164,ok,,0.0,True,True,0.0,0.0,pass,ok,0.10079889791086316,6.638671398162842,38459127,CI.CLC.--,0
scale2,25164,ok,,0.0,True,True,0.0,0.0,pass,ok,0.0995617238804698,7.152741432189941,38459127,CI.TOW2.--,1
deterministic_noise,25164,ok,,0.0,True,True,0.0,0.0,pass,ok,0.09998745191842318,6.763391494750977,38459127,CI.TOW2.--,1
scale2,24975,ok,,0.0,True,True,0.0,0.0,pass,ok,0.09986892901360989,6.8955137729644775,38459135,CI.CLC.--,0
deterministic_noise,24975,ok,,0.0,True,True,0.0,0.0,pass,ok,0.10020079649984837,6.943528175354004,38459135,CI.CLC.--,0
scale2,24975,ok,,0.0,True,True,0.0,0.0,pass,ok,0.09027861803770065,7.185413599014282,38459135,CI.WRC2.--,1
deterministic_noise,24975,ok,,0.0,True,True,0.0,0.0,pass,ok,0.09176737070083618,7.382642507553101,38459135,CI.WRC2.--,1
scale2,24858,ok,,0.0,True,True,0.0,0.0,pass,ok,0.10678053461015224,5.976202845573425,37230652,CI.WVP2.--,1
deterministic_noise,24858,ok,,0.0,True,True,0.0,0.0,pass,ok,0.10657470859587193,5.827916741371155,37230652,CI.WVP2.--,1
scale2,24858,ok,,0.0,True,True,0.0,0.0,pass,ok,0.10553947872540448,6.153663992881775,37230652,CI.JRC2.--,3
deterministic_noise,24858,ok,,0.0,True,True,0.0,0.0,pass,ok,0.10614414476731326,5.967280983924866,37230652,CI.JRC2.--,3
scale2,24825,ok,,0.0,True,True,0.0,0.0,pass,ok,0.10538094863295555,7.0983054637908936,38459167,CI.WVP2.--,1
deterministic_noise,24825,ok,,0.0,True,True,0.0,0.0,pass,ok,0.10504006966948509,6.903907537460327,38459167,CI.WVP2.--,1
scale2,24825,ok,,0.0,True,True,0.0,0.0,pass,ok,0.10448626382276416,7.0936598777771,38459167,CI.JRC2.--,2
deterministic_noise,24825,ok,,0.0,True,True,0.0,0.0,pass,ok,0.10530858533456922,7.190809965133667,38459167,CI.JRC2.--,2
scale2,24516,ok,,0.0,True,True,0.0,0.0,pass,ok,0.1093977470882237,5.9286789894104,38459183,CI.CLC.--,0
deterministic_noise,24516,ok,,0.0,True,True,0.0,0.0,pass,ok,0.10995449824258685,6.123437404632568,38459183,CI.CLC.--,0
scale2,24516,ok,,0.0,True,True,0.0,0.0,pass,ok,0.1330098959733732,7.302625417709351,38459183,CI.CCC.--,1
deterministic_noise,24516,ok,,0.0,True,True,0.0,0.0,pass,ok,0.13313737482530996,7.526296615600586,38459183,CI.CCC.--,1
scale2,24465,ok,,0.0,True,True,0.0,0.0,pass,ok,0.10037123262736714,5.851922035217285,38459215,CI.CLC.--,0
deterministic_noise,24465,ok,,0.0,True,True,0.0,0.0,pass,ok,0.10049718022492016,5.785616755485535,38459215,CI.CLC.--,0
scale2,24465,ok,,0.0,True,True,0.0,0.0,pass,ok,0.12231338303536177,6.390703439712524,38459215,CI.CCC.--,1
deterministic_noise,24465,ok,,0.0,True,True,0.0,0.0,pass,ok,0.12240106333047152,6.613336086273193,38459215,CI.CCC.--,1
scale2,24858,ok,,0.0,True,True,0.0,0.0,pass,ok,0.10197908105328679,6.849823951721191,37231492,CI.TOW2.--,0
deterministic_noise,24858,ok,,0.0,True,True,0.0,0.0,pass,ok,0.10195401636883616,6.618297100067139,37231492,CI.TOW2.--,0
scale2,24858,ok,,0.0,True,True,0.0,0.0,pass,ok,0.10606791049940512,5.946029543876648,37231492,CI.WVP2.--,2
deterministic_noise,24858,ok,,0.0,True,True,0.0,0.0,pass,ok,0.1057155731250532,6.073246240615845,37231492,CI.WVP2.--,2
scale2,24483,ok,,0.0,True,True,0.0,0.0,pass,ok,0.09999636025168002,5.521157145500183,38459239,CI.CLC.--,0
deterministic_noise,24483,ok,,0.0,True,True,0.0,0.0,pass,ok,0.10005005984567106,5.710144639015198,38459239,CI.CLC.--,0
scale2,24483,ok,,0.0,True,True,0.0,0.0,pass,ok,0.12376178056001663,7.597787141799927,38459239,CI.CCC.--,1
deterministic_noise,24483,ok,,0.0,True,True,0.0,0.0,pass,ok,0.12381434440612793,7.61588454246521,38459239,CI.CCC.--,1
scale2,24759,ok,,0.0,True,True,0.0,0.0,pass,ok,0.10442247148603201,7.293139934539795,38459247,CI.TOW2.--,0
deterministic_noise,24759,ok,,0.0,True,True,0.0,0.0,pass,ok,0.10490749566815794,7.318336725234985,38459247,CI.TOW2.--,0
scale2,24759,ok,,0.0,True,True,0.0,0.0,pass,ok,0.09468543063849211,6.715667963027954,38459247,CI.WRC2.--,1
deterministic_noise,24759,ok,,0.0,True,True,0.0,0.0,pass,ok,0.0945220934227109,6.97780966758728,38459247,CI.WRC2.--,1
scale2,24591,ok,,0.0,True,True,0.0,0.0,pass,ok,0.10004104999825358,5.721924066543579,38459279,CI.CLC.--,0
deterministic_noise,24591,ok,,0.0,True,True,0.0,0.0,pass,ok,0.10009088786318898,5.670837163925171,38459279,CI.CLC.--,0
scale2,24591,ok,,0.0,True,True,0.0,0.0,pass,ok,0.13130572938825935,6.125730633735657,38459279,CI.SRT.--,1
deterministic_noise,24591,ok,,0.0,True,True,0.0,0.0,pass,ok,0.13125152385327965,6.309173107147217,38459279,CI.SRT.--,1
scale2,24717,ok,,0.0,True,True,0.0,0.0,pass,ok,0.09819894842803478,6.477696657180786,38459295,CI.TOW2.--,1
deterministic_noise,24717,ok,,0.0,True,True,0.0,0.0,pass,ok,0.0987831000238657,6.592017412185669,38459295,CI.TOW2.--,1
scale2,24717,ok,,0.0,True,True,0.0,0.0,pass,ok,0.1066374802030623,5.977821946144104,38459295,CI.WVP2.--,2
deterministic_noise,24717,ok,,0.0,True,True,0.0,0.0,pass,ok,0.10637520765885711,6.0856781005859375,38459295,CI.WVP2.--,2
scale2,24966,ok,,0.0,True,True,0.0,0.0,pass,ok,0.09997927083168179,5.669005990028381,38459319,CI.CLC.--,0
deterministic_noise,24966,ok,,0.0,True,True,0.0,0.0,pass,ok,0.10017478035297245,5.842413663864136,38459319,CI.CLC.--,0
scale2,24966,ok,,0.0,True,True,0.0,0.0,pass,ok,0.13122303679119796,5.515295743942261,38459319,CI.SRT.--,1
deterministic_noise,24966,ok,,0.0,True,True,0.0,0.0,pass,ok,0.13118523464072496,5.453839004039764,38459319,CI.SRT.--,1
scale2,24831,ok,,0.0,True,True,0.0,0.0,pass,ok,0.1102213803678751,7.551455497741699,38459335,CI.TOW2.--,0
deterministic_noise,24831,ok,,0.0,True,True,0.0,0.0,pass,ok,0.11070573143661022,7.405558824539185,38459335,CI.TOW2.--,0
scale2,24834,ok,,0.0,True,True,0.0,0.0,pass,ok,0.10639750538393855,6.937216758728027,38459335,CI.WVP2.--,2
deterministic_noise,24834,ok,,0.0,True,True,0.0,0.0,pass,ok,0.10571355791762471,6.76453161239624,38459335,CI.WVP2.--,2
scale2,24930,ok,,0.0,True,True,0.0,0.0,pass,ok,0.10571599699323997,6.156002640724182,38459383,CI.WVP2.--,0
deterministic_noise,24930,ok,,0.0,True,True,0.0,0.0,pass,ok,0.10540440730983391,6.271994471549988,38459383,CI.WVP2.--,0
scale2,24930,ok,,0.0,True,True,0.0,0.0,pass,ok,0.10767693747766316,6.451334714889526,38459383,CI.JRC2.--,2
deterministic_noise,24930,ok,,0.0,True,True,0.0,0.0,pass,ok,0.10841529886238277,6.557884693145752,38459383,CI.JRC2.--,2
scale2,24975,ok,,0.0,True,True,0.0,0.0,pass,ok,0.1073005236685276,6.203981161117554,38459415,CI.WVP2.--,1
deterministic_noise,24975,ok,,0.0,True,True,0.0,0.0,pass,ok,0.10679714009165764,6.195966601371765,38459415,CI.WVP2.--,1
scale2,24975,ok,,0.0,True,True,0.0,0.0,pass,ok,0.1050099222920835,6.328023314476013,38459415,CI.JRC2.--,2
deterministic_noise,24975,ok,,0.0,True,True,0.0,0.0,pass,ok,0.10567799070850015,6.142717957496643,38459415,CI.JRC2.--,2
scale2,24624,ok,,0.0,True,True,0.0,0.0,pass,ok,0.10547204985050485,6.162479281425476,38459439,CI.CLC.--,0
deterministic_noise,24624,ok,,0.0,True,True,0.0,0.0,pass,ok,0.10584925935836509,6.302291631698608,38459439,CI.CLC.--,0
scale2,24624,ok,,0.0,True,True,0.0,0.0,pass,ok,0.13888130299164914,5.54624617099762,38459439,CI.SRT.--,1
deterministic_noise,24624,ok,,0.0,True,True,0.0,0.0,pass,ok,0.13891509958193637,5.63952898979187,38459439,CI.SRT.--,1
scale2,25080,ok,,0.0,True,True,0.0,0.0,pass,ok,0.10596203990280628,6.922198057174683,37233156,CI.WVP2.--,0
deterministic_noise,25080,ok,,0.0,True,True,0.0,0.0,pass,ok,0.105282386764884,6.831366539001465,37233156,CI.WVP2.--,0
scale2,25080,ok,,0.0,True,True,0.0,0.0,pass,ok,0.10764830256812274,7.013195276260376,37233156,CI.JRC2.--,1
deterministic_noise,25080,ok,,0.0,True,True,0.0,0.0,pass,ok,0.10850574378855526,6.82989764213562,37233156,CI.JRC2.--,1
scale2,25137,ok,,0.0,True,True,0.0,0.0,pass,ok,0.11219215800520033,5.371196389198303,37233956,CI.CLC.--,0
deterministic_noise,25137,ok,,0.0,True,True,0.0,0.0,pass,ok,0.11360724607948214,5.464259743690491,37233956,CI.CLC.--,0
scale2,25137,ok,,0.0,True,True,0.0,0.0,pass,ok,0.1473481183347758,5.159704625606537,37233956,CI.SRT.--,2
deterministic_noise,25137,ok,,0.0,True,True,0.0,0.0,pass,ok,0.14732520529651083,5.236682623624802,37233956,CI.SRT.--,2
scale2,24792,ok,,0.0,True,True,0.0,0.0,pass,ok,0.10645699664019048,6.077869176864624,38459567,CI.WVP2.--,1
deterministic_noise,24792,ok,,0.0,True,True,0.0,0.0,pass,ok,0.10631424025632441,5.918545365333557,38459567,CI.WVP2.--,1
scale2,24789,ok,,0.0,True,True,0.0,0.0,pass,ok,0.1120526716549648,5.254438161849976,38459567,CI.CLC.--,2
deterministic_noise,24789,ok,,0.0,True,True,0.0,0.0,pass,ok,0.11225850875780452,5.270805180072784,38459567,CI.CLC.--,2
scale2,24642,ok,,0.0,True,True,0.0,0.0,pass,ok,0.10266663233051077,6.083774089813232,38459599,CI.CLC.--,0
deterministic_noise,24642,ok,,0.0,True,True,0.0,0.0,pass,ok,0.10307233681669459,5.999049186706543,38459599,CI.CLC.--,0
scale2,24642,ok,,0.0,True,True,0.0,0.0,pass,ok,0.1356916839722544,6.197765111923218,38459599,CI.SRT.--,1
deterministic_noise,24642,ok,,0.0,True,True,0.0,0.0,pass,ok,0.13576645008288324,5.952027082443237,38459599,CI.SRT.--,1
scale2,24900,ok,,0.0,True,True,0.0,0.0,pass,ok,0.10671028960496187,6.293606519699097,38459647,CI.WVP2.--,1
deterministic_noise,24900,ok,,0.0,True,True,0.0,0.0,pass,ok,0.1063528610393405,6.266019940376282,38459647,CI.WVP2.--,1
scale2,24897,ok,,0.0,True,True,0.0,0.0,pass,ok,0.11775353353004903,6.281504154205322,38459647,CI.JRC2.--,2
deterministic_noise,24897,ok,,0.0,True,True,0.0,0.0,pass,ok,0.11891097773332149,6.383490562438965,38459647,CI.JRC2.--,2
scale2,25071,ok,,0.0,True,True,0.0,0.0,pass,ok,0.0992274735472165,5.755143761634827,37235380,CI.CLC.--,0
deterministic_noise,25071,ok,,0.0,True,True,0.0,0.0,pass,ok,0.1001087423064746,5.941205859184265,37235380,CI.CLC.--,0
scale2,25071,ok,,0.0,True,True,0.0,0.0,pass,ok,0.13171100843464956,5.806238055229187,37235380,CI.SRT.--,2
deterministic_noise,25071,ok,,0.0,True,True,0.0,0.0,pass,ok,0.13177649449789897,5.929464101791382,37235380,CI.SRT.--,2
scale2,24807,ok,,0.0,True,True,0.0,0.0,pass,ok,0.10528222366701812,5.960633039474487,38459671,CI.CLC.--,0
deterministic_noise,24807,ok,,0.0,True,True,0.0,0.0,pass,ok,0.10578840330708772,5.888542413711548,38459671,CI.CLC.--,0
scale2,24807,ok,,0.0,True,True,0.0,0.0,pass,ok,0.1388922658516094,6.7027201652526855,38459671,CI.SRT.--,1
deterministic_noise,24807,ok,,0.0,True,True,0.0,0.0,pass,ok,0.13897357613313943,7.081165075302124,38459671,CI.SRT.--,1
scale2,24975,ok,,0.0,True,True,0.0,0.0,pass,ok,0.10555039663449861,5.99262261390686,38459807,CI.CLC.--,0
deterministic_noise,24975,ok,,0.0,True,True,0.0,0.0,pass,ok,0.10642414222820662,5.672194242477417,38459807,CI.CLC.--,0
scale2,24975,ok,,0.0,True,True,0.0,0.0,pass,ok,0.10486229509115219,6.815747022628784,38459807,CI.TOW2.--,1
deterministic_noise,24975,ok,,0.0,True,True,0.0,0.0,pass,ok,0.10493134893476963,7.667291164398193,38459807,CI.TOW2.--,1
scale2,24378,ok,,0.0,True,True,0.0,0.0,pass,ok,0.12229791563004255,6.839371204376221,37235820,CI.CCC.--,0
deterministic_noise,24378,ok,,0.0,True,True,0.0,0.0,pass,ok,0.12239090073853731,6.511868238449097,37235820,CI.CCC.--,0
scale2,24378,ok,,0.0,True,True,0.0,0.0,pass,ok,0.10024696904292796,5.315404891967773,37235820,CI.CLC.--,1
deterministic_noise,24378,ok,,0.0,True,True,0.0,0.0,pass,ok,0.10055768919119146,5.4912049770355225,37235820,CI.CLC.--,1
scale2,24762,ok,,0.0,True,True,0.0,0.0,pass,ok,0.12581024272367358,6.686034202575684,38459831,CI.CCC.--,0
deterministic_noise,24762,ok,,0.0,True,True,0.0,0.0,pass,ok,0.12609413312748075,7.0470476150512695,38459831,CI.CCC.--,0
scale2,24762,ok,,0.0,True,True,0.0,0.0,pass,ok,0.11719133338192478,5.382717669010162,38459831,CI.LRL.--,1
deterministic_noise,24762,ok,,0.0,True,True,0.0,0.0,pass,ok,0.11714159318944439,5.303378582000732,38459831,CI.LRL.--,1
scale2,24741,ok,,0.0,True,True,0.0,0.0,pass,ok,0.10006261826492846,5.696118712425232,38459839,CI.CLC.--,0
deterministic_noise,24741,ok,,0.0,True,True,0.0,0.0,pass,ok,0.10011517792008817,5.907368421554565,38459839,CI.CLC.--,0
scale2,24741,ok,,0.0,True,True,0.0,0.0,pass,ok,0.13125413384113926,5.741387128829956,38459839,CI.SRT.--,1
deterministic_noise,24741,ok,,0.0,True,True,0.0,0.0,pass,ok,0.1312167671712814,5.728991270065308,38459839,CI.SRT.--,1
scale2,25236,ok,,0.0,True,True,0.0,0.0,pass,ok,0.10327540745493025,5.869714856147766,38459855,CI.CLC.--,0
deterministic_noise,25236,ok,,0.0,True,True,0.0,0.0,pass,ok,0.10471552202943712,6.122967720031738,38459855,CI.CLC.--,0
scale2,25236,ok,,0.0,True,True,0.0,0.0,pass,ok,0.10527201928198338,7.600037097930908,38459855,CI.TOW2.--,1
deterministic_noise,25236,ok,,0.0,True,True,0.0,0.0,pass,ok,0.10523409955203533,7.774993181228638,38459855,CI.TOW2.--,1
scale2,24816,ok,,0.0,True,True,0.0,0.0,pass,ok,0.10916450619697571,7.492004632949829,38459863,CI.TOW2.--,0
deterministic_noise,24816,ok,,0.0,True,True,0.0,0.0,pass,ok,0.11010745167732239,7.818520545959473,38459863,CI.TOW2.--,0
scale2,24816,ok,,0.0,True,True,0.0,0.0,pass,ok,0.10658290050923824,7.409098148345947,38459863,CI.WVP2.--,2
deterministic_noise,24816,ok,,0.0,True,True,0.0,0.0,pass,ok,0.10382246412336826,7.593955755233765,38459863,CI.WVP2.--,2
scale2,24426,ok,,0.0,True,True,0.0,0.0,pass,ok,0.10615169862285256,6.01500928401947,38459895,CI.CLC.--,0
deterministic_noise,24426,ok,,0.0,True,True,0.0,0.0,pass,ok,0.10642248531803489,5.845609426498413,38459895,CI.CLC.--,0
scale2,24426,ok,,0.0,True,True,0.0,0.0,pass,ok,0.1260765022598207,7.772383451461792,38459895,CI.CCC.--,1
deterministic_noise,24426,ok,,0.0,True,True,0.0,0.0,pass,ok,0.12633624160662293,7.958339691162109,38459895,CI.CCC.--,1
scale2,24450,ok,,0.0,True,True,0.0,0.0,pass,ok,0.10924868553411216,5.611571788787842,38459943,CI.CLC.--,0
deterministic_noise,24450,ok,,0.0,True,True,0.0,0.0,pass,ok,0.1095481711672619,5.690770387649536,38459943,CI.CLC.--,0
scale2,24450,ok,,0.0,True,True,0.0,0.0,pass,ok,0.13460989762097597,7.190771102905273,38459943,CI.CCC.--,1
deterministic_noise,24450,ok,,0.0,True,True,0.0,0.0,pass,ok,0.13472394179552794,7.280809640884399,38459943,CI.CCC.--,1
scale2,24888,ok,,0.0,True,True,0.0,0.0,pass,ok,0.1074887583963573,6.466159343719482,38460039,CI.WVP2.--,1
deterministic_noise,24888,ok,,0.0,True,True,0.0,0.0,pass,ok,0.10695068584755063,6.663483381271362,38460039,CI.WVP2.--,1
scale2,24888,ok,,0.0,True,True,0.0,0.0,pass,ok,0.10596826034452533,6.990394592285156,38460039,CI.JRC2.--,2
deterministic_noise,24888,ok,,0.0,True,True,0.0,0.0,pass,ok,0.10635766280029202,6.927135229110718,38460039,CI.JRC2.--,2
scale2,24876,ok,,0.0,True,True,0.0,0.0,pass,ok,0.10625705332495272,6.850790977478027,37264140,CI.WVP2.--,1
deterministic_noise,24876,ok,,0.0,True,True,0.0,0.0,pass,ok,0.1051192709710449,6.738213539123535,37264140,CI.WVP2.--,1
scale2,24876,ok,,0.0,True,True,0.0,0.0,pass,ok,0.10660689976066351,7.155888080596924,37264140,CI.TOW2.--,2
deterministic_noise,24876,ok,,0.0,True,True,0.0,0.0,pass,ok,0.10705434624105692,7.046228408813477,37264140,CI.TOW2.--,2
scale2,24672,ok,,0.0,True,True,0.0,0.0,pass,ok,0.12172617577016354,7.617801189422607,38460255,CI.CCC.--,0
deterministic_noise,24672,ok,,0.0,True,True,0.0,0.0,pass,ok,0.12185887433588505,7.5054991245269775,38460255,CI.CCC.--,0
scale2,24672,ok,,0.0,True,True,0.0,0.0,pass,ok,0.1002060790779069,5.330595016479492,38460255,CI.CLC.--,1
deterministic_noise,24672,ok,,0.0,True,True,0.0,0.0,pass,ok,0.1002282778499648,5.268574476242065,38460255,CI.CLC.--,1
scale2,24924,ok,,0.0,True,True,0.0,0.0,pass,ok,0.08945535169914365,6.7498579025268555,38460279,CI.WRC2.--,0
deterministic_noise,24924,ok,,0.0,True,True,0.0,0.0,pass,ok,0.09070131136104465,6.588980197906494,38460279,CI.WRC2.--,0
scale2,24924,ok,,0.0,True,True,0.0,0.0,pass,ok,0.09879028471186757,7.434709548950195,38460279,CI.TOW2.--,1
deterministic_noise,24924,ok,,0.0,True,True,0.0,0.0,pass,ok,0.10007072566077113,7.461363315582275,38460279,CI.TOW2.--,1
scale2,24540,ok,,0.0,True,True,0.0,0.0,pass,ok,0.1077839468489401,4.942911148071289,38460335,CI.CLC.--,0
deterministic_noise,24540,ok,,0.0,True,True,0.0,0.0,pass,ok,0.10785960062639788,5.168018341064453,38460335,CI.CLC.--,0
scale2,24540,ok,,0.0,True,True,0.0,0.0,pass,ok,0.13137538614682853,6.127649307250977,38460335,CI.CCC.--,1
deterministic_noise,24540,ok,,0.0,True,True,0.0,0.0,pass,ok,0.1314382862765342,6.218209981918335,38460335,CI.CCC.--,1
scale2,24876,ok,,0.0,True,True,0.0,0.0,pass,ok,0.10609091422520578,6.396712779998779,38460375,CI.WVP2.--,1
deterministic_noise,24876,ok,,0.0,True,True,0.0,0.0,pass,ok,0.10586043098010123,6.369494318962097,38460375,CI.WVP2.--,1
scale2,24876,ok,,0.0,True,True,0.0,0.0,pass,ok,0.10509063536301255,6.589133977890015,38460375,CI.JRC2.--,2
deterministic_noise,24876,ok,,0.0,True,True,0.0,0.0,pass,ok,0.1058571613393724,6.5306220054626465,38460375,CI.JRC2.--,2
scale2,24651,ok,,0.0,True,True,0.0,0.0,pass,ok,0.10014902491820976,6.0931888818740845,38460415,CI.CLC.--,0
deterministic_noise,24651,ok,,0.0,True,True,0.0,0.0,pass,ok,0.10028316389070824,5.953152418136597,38460415,CI.CLC.--,0
scale2,24651,ok,,0.0,True,True,0.0,0.0,pass,ok,0.13135880641311815,5.21968799829483,38460415,CI.SRT.--,1
deterministic_noise,24651,ok,,0.0,True,True,0.0,0.0,pass,ok,0.13133263178497145,5.500584363937378,38460415,CI.SRT.--,1
scale2,24942,ok,,0.0,True,True,0.0,0.0,pass,ok,0.10699454660061747,6.28815770149231,37264148,CI.WVP2.--,0
deterministic_noise,24942,ok,,0.0,True,True,0.0,0.0,pass,ok,0.10668858175631613,6.596584320068359,37264148,CI.WVP2.--,0
scale2,24939,ok,,0.0,True,True,0.0,0.0,pass,ok,0.11719144927337766,6.7086615562438965,37264148,CI.JRC2.--,2
deterministic_noise,24939,ok,,0.0,True,True,0.0,0.0,pass,ok,0.11869055731222034,6.585362434387207,37264148,CI.JRC2.--,2
scale2,24591,ok,,0.0,True,True,0.0,0.0,pass,ok,0.13141517876647413,6.5214760303497314,38460471,CI.SRT.--,0
deterministic_noise,24591,ok,,0.0,True,True,0.0,0.0,pass,ok,0.13132287026382983,6.009121417999268,38460471,CI.SRT.--,0
scale2,24591,ok,,0.0,True,True,0.0,0.0,pass,ok,0.10013957368209958,6.015914678573608,38460471,CI.CLC.--,1
deterministic_noise,24591,ok,,0.0,True,True,0.0,0.0,pass,ok,0.10023254854604602,6.052683115005493,38460471,CI.CLC.--,1
scale2,24996,ok,,0.0,True,True,0.0,0.0,pass,ok,0.09977385710226372,5.842518925666809,38460623,CI.CLC.--,0
deterministic_noise,24996,ok,,0.0,True,True,0.0,0.0,pass,ok,0.09991395164979622,5.8101959228515625,38460623,CI.CLC.--,0
scale2,24996,ok,,0.0,True,True,0.0,0.0,pass,ok,0.10010509192943573,7.08681321144104,38460623,CI.TOW2.--,2
deterministic_noise,24996,ok,,0.0,True,True,0.0,0.0,pass,ok,0.1013827994465828,7.228967905044556,38460623,CI.TOW2.--,2
scale2,24783,ok,,0.0,True,True,0.0,0.0,pass,ok,0.14597098529338837,8.59001350402832,38460631,CI.CCC.--,0
deterministic_noise,24783,ok,,0.0,True,True,0.0,0.0,pass,ok,0.15287256985902786,7.922603130340576,38460631,CI.CCC.--,0
scale2,24783,ok,,0.0,True,True,0.0,0.0,pass,ok,0.1240518728736788,7.026065111160278,38460631,CI.LRL.--,1
deterministic_noise,24783,ok,,0.0,True,True,0.0,0.0,pass,ok,0.12398826680146158,7.032284259796143,38460631,CI.LRL.--,1
scale2,24885,ok,,0.0,True,True,0.0,0.0,pass,ok,0.10660251555964351,5.8666993379592896,38460647,CI.WVP2.--,1
deterministic_noise,24885,ok,,0.0,True,True,0.0,0.0,pass,ok,0.10645246179774404,5.765882849693298,38460647,CI.WVP2.--,1
scale2,24882,ok,,0.0,True,True,0.0,0.0,pass,ok,0.11072877503465861,6.413509130477905,38460647,CI.TOW2.--,2
deterministic_noise,24882,ok,,0.0,True,True,0.0,0.0,pass,ok,0.11093583249021322,5.97268545627594,38460647,CI.TOW2.--,2
scale2,24576,ok,,0.0,True,True,0.0,0.0,pass,ok,0.10069607643526979,4.983525902032852,38460671,CI.CLC.--,0
deterministic_noise,24576,ok,,0.0,True,True,0.0,0.0,pass,ok,0.10088438840466551,5.2150057554244995,38460671,CI.CLC.--,0
scale2,24576,ok,,0.0,True,True,0.0,0.0,pass,ok,0.13186193199362606,5.830054044723511,38460671,CI.SRT.--,1
deterministic_noise,24576,ok,,0.0,True,True,0.0,0.0,pass,ok,0.13191825954709202,6.226665616035461,38460671,CI.SRT.--,1
scale2,24441,ok,,0.0,True,True,0.0,0.0,pass,ok,0.12182371178641915,6.687640428543091,38460727,CI.CCC.--,0
deterministic_noise,24441,ok,,0.0,True,True,0.0,0.0,pass,ok,0.12185365846380591,6.658765554428101,38460727,CI.CCC.--,0
scale2,24441,ok,,0.0,True,True,0.0,0.0,pass,ok,0.09952610672917217,6.339610576629639,38460727,CI.CLC.--,1
deterministic_noise,24441,ok,,0.0,True,True,0.0,0.0,pass,ok,0.09962508140597492,6.214702486991882,38460727,CI.CLC.--,1
scale2,24990,ok,,0.0,True,True,0.0,0.0,pass,ok,0.10894209577236325,5.655195832252502,38460791,CI.CLC.--,0
deterministic_noise,24990,ok,,0.0,True,True,0.0,0.0,pass,ok,0.10967272834386677,5.932978987693787,38460791,CI.CLC.--,0
scale2,24990,ok,,0.0,True,True,0.0,0.0,pass,ok,0.10717310290783644,7.1068339347839355,38460791,CI.TOW2.--,1
deterministic_noise,24990,ok,,0.0,True,True,0.0,0.0,pass,ok,0.10755704808980227,7.05322003364563,38460791,CI.TOW2.--,1
scale2,24792,ok,,0.0,True,True,0.0,0.0,pass,ok,0.10517396149225533,6.935444593429565,38460887,CI.TOW2.--,0
deterministic_noise,24792,ok,,0.0,True,True,0.0,0.0,pass,ok,0.1054275322239846,7.098965644836426,38460887,CI.TOW2.--,0
scale2,24792,ok,,0.0,True,True,0.0,0.0,pass,ok,0.0960919073995683,6.452737331390381,38460887,CI.WRC2.--,1
deterministic_noise,24792,ok,,0.0,True,True,0.0,0.0,pass,ok,0.09611302248868014,6.42965030670166,38460887,CI.WRC2.--,1
scale2,24963,ok,,0.0,True,True,0.0,0.0,pass,ok,0.09992798224266153,5.528302431106567,38460895,CI.CLC.--,0
deterministic_noise,24963,ok,,0.0,True,True,0.0,0.0,pass,ok,0.10007333203975577,5.608456969261169,38460895,CI.CLC.--,0
scale2,24963,ok,,0.0,True,True,0.0,0.0,pass,ok,0.13119565846864134,5.346868634223938,38460895,CI.SRT.--,1
deterministic_noise,24963,ok,,0.0,True,True,0.0,0.0,pass,ok,0.1311580300098285,5.608040392398834,38460895,CI.SRT.--,1
scale2,25101,ok,,0.0,True,True,0.0,0.0,pass,ok,0.07266537437681109,5.840606451034546,38460911,CI.WMF.--,0
deterministic_noise,25101,ok,,0.0,True,True,0.0,0.0,pass,ok,0.07285363634582609,5.977773070335388,38460911,CI.WMF.--,0
scale2,25101,ok,,0.0,True,True,0.0,0.0,pass,ok,0.10532214294653386,6.372580289840698,38460911,CI.JRC2.--,3
deterministic_noise,25101,ok,,0.0,True,True,0.0,0.0,pass,ok,0.10610541154164821,6.330543756484985,38460911,CI.JRC2.--,3
scale2,24816,ok,,0.0,True,True,0.0,0.0,pass,ok,0.10670759598724544,5.85770857334137,37264164,CI.WVP2.--,0
deterministic_noise,24816,ok,,0.0,True,True,0.0,0.0,pass,ok,0.10657605458982289,5.954001426696777,37264164,CI.WVP2.--,0
scale2,24816,ok,,0.0,True,True,0.0,0.0,pass,ok,0.1072709837462753,6.127103805541992,37264164,CI.JRC2.--,2
deterministic_noise,24816,ok,,0.0,True,True,0.0,0.0,pass,ok,0.10752689302898943,5.832061767578125,37264164,CI.JRC2.--,2
scale2,24432,ok,,0.0,True,True,0.0,0.0,pass,ok,0.13175268843770027,6.489226341247559,38460951,CI.SRT.--,0
deterministic_noise,24432,ok,,0.0,True,True,0.0,0.0,pass,ok,0.13159679993987083,6.7136688232421875,38460951,CI.SRT.--,0
scale2,24432,ok,,0.0,True,True,0.0,0.0,pass,ok,0.11442621573223732,7.311632871627808,38460951,CI.LRL.--,1
deterministic_noise,24432,ok,,0.0,True,True,0.0,0.0,pass,ok,0.11442972198710777,7.259155511856079,38460951,CI.LRL.--,1
scale2,24903,ok,,0.0,True,True,0.0,0.0,pass,ok,0.09749210346490145,7.503271102905273,37258076,CI.WRC2.--,0
deterministic_noise,24903,ok,,0.0,True,True,0.0,0.0,pass,ok,0.10369003564119339,7.921802997589111,37258076,CI.WRC2.--,0
scale2,24903,ok,,0.0,True,True,0.0,0.0,pass,ok,0.10657048970460892,7.584348440170288,37258076,CI.TOW2.--,1
deterministic_noise,24903,ok,,0.0,True,True,0.0,0.0,pass,ok,0.11047748290002346,7.706949949264526,37258076,CI.TOW2.--,1
scale2,24894,ok,,0.0,True,True,0.0,0.0,pass,ok,0.10686765145510435,6.935417175292969,37264180,CI.WVP2.--,1
deterministic_noise,24894,ok,,0.0,True,True,0.0,0.0,pass,ok,0.10592090059071779,7.0234293937683105,37264180,CI.WVP2.--,1
scale2,24894,ok,,0.0,True,True,0.0,0.0,pass,ok,0.0982876003254205,7.149477005004883,37264180,CI.TOW2.--,2
deterministic_noise,24894,ok,,0.0,True,True,0.0,0.0,pass,ok,0.10206416621804237,7.349426984786987,37264180,CI.TOW2.--,2
scale2,24879,ok,,0.0,True,True,0.0,0.0,pass,ok,0.09024375677108765,7.6519317626953125,38460975,CI.WRC2.--,0
deterministic_noise,24879,ok,,0.0,True,True,0.0,0.0,pass,ok,0.10366407409310341,7.411214351654053,38460975,CI.WRC2.--,0
scale2,24879,ok,,0.0,True,True,0.0,0.0,pass,ok,0.10580034321174026,7.458214282989502,38460975,CI.WVP2.--,1
deterministic_noise,24879,ok,,0.0,True,True,0.0,0.0,pass,ok,0.10240555787459016,7.446569442749023,38460975,CI.WVP2.--,1
scale2,24831,ok,,0.0,True,True,0.0,0.0,pass,ok,0.09877451416105032,6.982389688491821,37264196,CI.TOW2.--,1
deterministic_noise,24831,ok,,0.0,True,True,0.0,0.0,pass,ok,0.10165499988943338,6.923433303833008,37264196,CI.TOW2.--,1
scale2,24831,ok,,0.0,True,True,0.0,0.0,pass,ok,0.10677001436124556,6.083408832550049,37264196,CI.WVP2.--,2
deterministic_noise,24831,ok,,0.0,True,True,0.0,0.0,pass,ok,0.10619438628782518,6.1194833517074585,37264196,CI.WVP2.--,2
scale2,24810,ok,,0.0,True,True,0.0,0.0,pass,ok,0.10021884238813072,6.356489419937134,37264204,CI.CLC.--,0
deterministic_noise,24810,ok,,0.0,True,True,0.0,0.0,pass,ok,0.10068740451242775,6.268134593963623,37264204,CI.CLC.--,0
scale2,24810,ok,,0.0,True,True,0.0,0.0,pass,ok,0.13159006647765636,6.48055374622345,37264204,CI.SRT.--,1
deterministic_noise,24810,ok,,0.0,True,True,0.0,0.0,pass,ok,0.13084842450916767,6.893712759017944,37264204,CI.SRT.--,1
scale2,24936,ok,,0.0,True,True,0.0,0.0,pass,ok,0.09201000945176929,6.553455114364624,37264284,CI.WRC2.--,0
deterministic_noise,24936,ok,,0.0,True,True,0.0,0.0,pass,ok,0.09099684341344982,6.674464225769043,37264284,CI.WRC2.--,0
scale2,24936,ok,,0.0,True,True,0.0,0.0,pass,ok,0.10707696969620883,6.530964136123657,37264284,CI.WVP2.--,1
deterministic_noise,24936,ok,,0.0,True,True,0.0,0.0,pass,ok,0.10537627642042935,6.668890953063965,37264284,CI.WVP2.--,1
scale2,24879,ok,,0.0,True,True,0.0,0.0,pass,ok,0.1323119793087244,6.6254799365997314,37264292,CI.WCS2.--,1
deterministic_noise,24879,ok,,0.0,True,True,0.0,0.0,pass,ok,0.13219120167195797,6.600583791732788,37264292,CI.WCS2.--,1
scale2,24879,ok,,0.0,True,True,0.0,0.0,pass,ok,0.10711911460384727,5.9101632833480835,37264292,CI.JRC2.--,2
deterministic_noise,24879,ok,,0.0,True,True,0.0,0.0,pass,ok,0.10741288075223565,6.059348225593567,37264292,CI.JRC2.--,2
scale2,24798,ok,,0.0,True,True,0.0,0.0,pass,ok,0.11053376900963485,6.326849699020386,37264300,CI.TOW2.--,2
deterministic_noise,24798,ok,,0.0,True,True,0.0,0.0,pass,ok,0.11102588218636811,6.573740243911743,37264300,CI.TOW2.--,2
scale2,24798,ok,,0.0,True,True,0.0,0.0,pass,ok,0.11726219009142369,5.905067682266235,37264300,CI.JRC2.--,3
deterministic_noise,24798,ok,,0.0,True,True,0.0,0.0,pass,ok,0.11840802629012614,6.153287172317505,37264300,CI.JRC2.--,3
scale2,24774,ok,,0.0,True,True,0.0,0.0,pass,ok,0.10177659569308162,6.979571580886841,38460991,CI.TOW2.--,0
deterministic_noise,24774,ok,,0.0,True,True,0.0,0.0,pass,ok,0.10173914255574346,6.780996322631836,38460991,CI.TOW2.--,0
scale2,24774,ok,,0.0,True,True,0.0,0.0,pass,ok,0.10689252495649271,6.380531311035156,38460991,CI.WVP2.--,2
deterministic_noise,24774,ok,,0.0,True,True,0.0,0.0,pass,ok,0.10653804361936636,6.254997491836548,38460991,CI.WVP2.--,2
scale2,24849,ok,,0.0,True,True,0.0,0.0,pass,ok,0.11413154751062393,7.3065667152404785,38460999,CI.TOW2.--,1
deterministic_noise,24849,ok,,0.0,True,True,0.0,0.0,pass,ok,0.11538220942020416,7.576894760131836,38460999,CI.TOW2.--,1
scale2,24849,ok,,0.0,True,True,0.0,0.0,pass,ok,0.0997816314920783,7.105590581893921,38460999,CI.WVP2.--,2
deterministic_noise,24849,ok,,0.0,True,True,0.0,0.0,pass,ok,0.09839715156704187,6.767434120178223,38460999,CI.WVP2.--,2
scale2,24873,ok,,0.0,True,True,0.0,0.0,pass,ok,0.09396666055545211,7.051687002182007,38461007,CI.WRC2.--,0
deterministic_noise,24873,ok,,0.0,True,True,0.0,0.0,pass,ok,0.0936425649560988,6.9933342933654785,38461007,CI.WRC2.--,0
scale2,24873,ok,,0.0,True,True,0.0,0.0,pass,ok,0.10520251002162695,7.462954521179199,38461007,CI.TOW2.--,1
deterministic_noise,24873,ok,,0.0,True,True,0.0,0.0,pass,ok,0.10574267152696848,7.479459762573242,38461007,CI.TOW2.--,1
scale2,24825,ok,,0.0,True,True,0.0,0.0,pass,ok,0.10998830711469054,6.856568098068237,38461023,CI.TOW2.--,0
deterministic_noise,24825,ok,,0.0,True,True,0.0,0.0,pass,ok,0.11021012300625443,6.860815048217773,38461023,CI.TOW2.--,0
scale2,24825,ok,,0.0,True,True,0.0,0.0,pass,ok,0.10018131928518414,6.843743324279785,38461023,CI.WRC2.--,1
deterministic_noise,24825,ok,,0.0,True,True,0.0,0.0,pass,ok,0.10085476888343692,6.757584810256958,38461023,CI.WRC2.--,1
scale2,25293,ok,,0.0,True,True,0.0,0.0,pass,ok,0.0999268697341904,6.109147787094116,38461127,CI.CLC.--,0
deterministic_noise,25293,ok,,0.0,True,True,0.0,0.0,pass,ok,0.10035800619516522,6.278831958770752,38461127,CI.CLC.--,0
scale2,25293,ok,,0.0,True,True,0.0,0.0,pass,ok,0.09882845636457205,7.184400320053101,38461127,CI.TOW2.--,1
deterministic_noise,25293,ok,,0.0,True,True,0.0,0.0,pass,ok,0.09913858864456415,7.318619966506958,38461127,CI.TOW2.--,1
scale2,24771,ok,,0.0,True,True,0.0,0.0,pass,ok,0.09821783285588026,7.363006114959717,38461159,CI.TOW2.--,1
deterministic_noise,24771,ok,,0.0,True,True,0.0,0.0,pass,ok,0.09938427526503801,7.384970426559448,38461159,CI.TOW2.--,1
scale2,24771,ok,,0.0,True,True,0.0,0.0,pass,ok,0.10601737651450094,6.564297199249268,38461159,CI.WVP2.--,2
deterministic_noise,24771,ok,,0.0,True,True,0.0,0.0,pass,ok,0.10527514365094248,6.677491903305054,38461159,CI.WVP2.--,2
scale2,24750,ok,,0.0,True,True,0.0,0.0,pass,ok,0.10055425571044907,5.260520279407501,38461183,CI.CLC.--,0
deterministic_noise,24750,ok,,0.0,True,True,0.0,0.0,pass,ok,0.10071665240684524,5.191447138786316,38461183,CI.CLC.--,0
scale2,24750,ok,,0.0,True,True,0.0,0.0,pass,ok,0.13170448344317265,6.182038068771362,38461183,CI.SRT.--,1
deterministic_noise,24750,ok,,0.0,True,True,0.0,0.0,pass,ok,0.1318229397002142,6.178325414657593,38461183,CI.SRT.--,1
scale2,24849,ok,,0.0,True,True,0.0,0.0,pass,ok,0.110032131196931,6.436345934867859,38461295,CI.JRC2.--,2
deterministic_noise,24849,ok,,0.0,True,True,0.0,0.0,pass,ok,0.11058004456572235,6.399219274520874,38461295,CI.JRC2.--,2
scale2,24849,ok,,0.0,True,True,0.0,0.0,pass,ok,0.1057587037794292,6.104420185089111,38461295,CI.WVP2.--,3
deterministic_noise,24849,ok,,0.0,True,True,0.0,0.0,pass,ok,0.10543783055618405,6.148301601409912,38461295,CI.WVP2.--,3
scale2,24954,ok,,0.0,True,True,0.0,0.0,pass,ok,0.10554383939597756,5.8564982414245605,37264308,CI.CLC.--,0
deterministic_noise,24954,ok,,0.0,True,True,0.0,0.0,pass,ok,0.10623317712452263,5.849803566932678,37264308,CI.CLC.--,0
scale2,24954,ok,,0.0,True,True,0.0,0.0,pass,ok,0.10428891505580395,7.1743247509002686,37264308,CI.TOW2.--,1
deterministic_noise,24954,ok,,0.0,True,True,0.0,0.0,pass,ok,0.10462499980349094,7.313110828399658,37264308,CI.TOW2.--,1
scale2,24594,ok,,0.0,True,True,0.0,0.0,pass,ok,0.10016615991480649,5.255976021289825,38461327,CI.CLC.--,0
deterministic_noise,24594,ok,,0.0,True,True,0.0,0.0,pass,ok,0.10033528204075992,5.371709704399109,38461327,CI.CLC.--,0
scale2,24594,ok,,0.0,True,True,0.0,0.0,pass,ok,0.1140306789020542,4.984045475721359,38461327,CI.LRL.--,4
deterministic_noise,24594,ok,,0.0,True,True,0.0,0.0,pass,ok,0.11398905780515634,5.024567931890488,38461327,CI.LRL.--,4
scale2,24762,ok,,0.0,True,True,0.0,0.0,pass,ok,0.09987562545575202,5.766995906829834,38461335,CI.CLC.--,0
deterministic_noise,24762,ok,,0.0,True,True,0.0,0.0,pass,ok,0.09999713650904596,5.765515089035034,38461335,CI.CLC.--,0
scale2,24762,ok,,0.0,True,True,0.0,0.0,pass,ok,0.13124938632245176,6.815763235092163,38461335,CI.SRT.--,1
deterministic_noise,24762,ok,,0.0,True,True,0.0,0.0,pass,ok,0.131098222482251,6.9734296798706055,38461335,CI.SRT.--,1
scale2,24480,ok,,0.0,True,True,0.0,0.0,pass,ok,0.13180312677286565,6.609596490859985,38461351,CI.CCC.--,0
deterministic_noise,24480,ok,,0.0,True,True,0.0,0.0,pass,ok,0.1320458932314068,6.697777271270752,38461351,CI.CCC.--,0
scale2,24480,ok,,0.0,True,True,0.0,0.0,pass,ok,0.10776111554878298,5.356091499328613,38461351,CI.CLC.--,1
deterministic_noise,24480,ok,,0.0,True,True,0.0,0.0,pass,ok,0.10784405398590025,5.533550143241882,38461351,CI.CLC.--,1
scale2,24552,ok,,0.0,True,True,0.0,0.0,pass,ok,0.1004590813536197,5.704777479171753,38461383,CI.CLC.--,0
deterministic_noise,24552,ok,,0.0,True,True,0.0,0.0,pass,ok,0.10054725664667785,5.708654522895813,38461383,CI.CLC.--,0
scale2,24552,ok,,0.0,True,True,0.0,0.0,pass,ok,0.1223211627220735,6.04741895198822,38461383,CI.CCC.--,1
deterministic_noise,24552,ok,,0.0,True,True,0.0,0.0,pass,ok,0.12235693971160799,5.868098735809326,38461383,CI.CCC.--,1
scale2,24948,ok,,0.0,True,True,0.0,0.0,pass,ok,0.09724460588768125,7.120548248291016,38461391,CI.WRC2.--,0
deterministic_noise,24948,ok,,0.0,True,True,0.0,0.0,pass,ok,0.09771241946145892,7.223631143569946,38461391,CI.WRC2.--,0
scale2,24948,ok,,0.0,True,True,0.0,0.0,pass,ok,0.10470810544211417,6.9270853996276855,38461391,CI.WVP2.--,1
deterministic_noise,24948,ok,,0.0,True,True,0.0,0.0,pass,ok,0.10400494921486825,6.673887729644775,38461391,CI.WVP2.--,1
scale2,24780,ok,,0.0,True,True,0.0,0.0,pass,ok,0.0989596163854003,7.0204997062683105,38461423,CI.TOW2.--,0
deterministic_noise,24780,ok,,0.0,True,True,0.0,0.0,pass,ok,0.09994497243314981,6.715265989303589,38461423,CI.TOW2.--,0
scale2,24780,ok,,0.0,True,True,0.0,0.0,pass,ok,0.09997114323778078,5.6427730321884155,38461423,CI.CLC.--,1
deterministic_noise,24780,ok,,0.0,True,True,0.0,0.0,pass,ok,0.1000825188239105,5.672577381134033,38461423,CI.CLC.--,1
scale2,24927,ok,,0.0,True,True,0.0,0.0,pass,ok,0.10045306700340007,5.502394795417786,38461431,CI.CLC.--,0
deterministic_noise,24927,ok,,0.0,True,True,0.0,0.0,pass,ok,0.10079499763378408,5.79468297958374,38461431,CI.CLC.--,0
scale2,24927,ok,,0.0,True,True,0.0,0.0,pass,ok,0.09923720546066761,7.359912872314453,38461431,CI.TOW2.--,1
deterministic_noise,24927,ok,,0.0,True,True,0.0,0.0,pass,ok,0.09913911484181881,7.551311254501343,38461431,CI.TOW2.--,1
scale2,24468,ok,,0.0,True,True,0.0,0.0,pass,ok,0.1222312836907804,7.545408010482788,38461447,CI.CCC.--,0
deterministic_noise,24468,ok,,0.0,True,True,0.0,0.0,pass,ok,0.12230806658044457,7.480686902999878,38461447,CI.CCC.--,0
scale2,24468,ok,,0.0,True,True,0.0,0.0,pass,ok,0.11380382650531828,6.328622579574585,38461447,CI.LRL.--,1
deterministic_noise,24468,ok,,0.0,True,True,0.0,0.0,pass,ok,0.11380486912094057,6.253918170928955,38461447,CI.LRL.--,1
scale2,25041,ok,,0.0,True,True,0.0,0.0,pass,ok,0.0894264739472419,6.467978239059448,38461599,CI.WRC2.--,0
deterministic_noise,25041,ok,,0.0,True,True,0.0,0.0,pass,ok,0.09005918237380683,6.422355890274048,38461599,CI.WRC2.--,0
scale2,25041,ok,,0.0,True,True,0.0,0.0,pass,ok,0.09859568625688553,6.577922105789185,38461599,CI.TOW2.--,1
deterministic_noise,25041,ok,,0.0,True,True,0.0,0.0,pass,ok,0.09886100888252258,6.611918687820435,38461599,CI.TOW2.--,1
scale2,24918,ok,,0.0,True,True,0.0,0.0,pass,ok,0.09670634430949576,7.08315634727478,38461607,CI.WRC2.--,0
deterministic_noise,24918,ok,,0.0,True,True,0.0,0.0,pass,ok,0.09676092999870889,6.584874153137207,38461607,CI.WRC2.--,0
scale2,24918,ok,,0.0,True,True,0.0,0.0,pass,ok,0.10495279131282587,6.065703749656677,38461607,CI.WVP2.--,1
deterministic_noise,24918,ok,,0.0,True,True,0.0,0.0,pass,ok,0.1046415329183219,6.125898838043213,38461607,CI.WVP2.--,1
scale2,24918,ok,,0.0,True,True,0.0,0.0,pass,ok,0.09638381004333496,6.4138243198394775,38461639,CI.WRC2.--,0
deterministic_noise,24918,ok,,0.0,True,True,0.0,0.0,pass,ok,0.09640798717737198,5.935052394866943,38461639,CI.WRC2.--,0
scale2,24918,ok,,0.0,True,True,0.0,0.0,pass,ok,0.10491317199193873,5.907484769821167,38461639,CI.WVP2.--,1
deterministic_noise,24918,ok,,0.0,True,True,0.0,0.0,pass,ok,0.10461844815290533,5.907690048217773,38461639,CI.WVP2.--,1
scale2,24930,ok,,0.0,True,True,0.0,0.0,pass,ok,0.0991691475501284,6.34631085395813,38461727,CI.WRC2.--,0
deterministic_noise,24930,ok,,0.0,True,True,0.0,0.0,pass,ok,0.09942371642682701,6.577049016952515,38461727,CI.WRC2.--,0
scale2,24930,ok,,0.0,True,True,0.0,0.0,pass,ok,0.10940281115472317,7.285317659378052,38461727,CI.TOW2.--,1
deterministic_noise,24930,ok,,0.0,True,True,0.0,0.0,pass,ok,0.10976161994040012,7.13482666015625,38461727,CI.TOW2.--,1
scale2,24909,ok,,0.0,True,True,0.0,0.0,pass,ok,0.0921952688076999,6.076438069343567,38461743,CI.WRC2.--,0
deterministic_noise,24909,ok,,0.0,True,True,0.0,0.0,pass,ok,0.09202096975059249,5.843141555786133,38461743,CI.WRC2.--,0
scale2,24909,ok,,0.0,True,True,0.0,0.0,pass,ok,0.10600468725897372,6.212150573730469,38461743,CI.WVP2.--,1
deterministic_noise,24909,ok,,0.0,True,True,0.0,0.0,pass,ok,0.10553161590360105,5.994401931762695,38461743,CI.WVP2.--,1
scale2,24879,ok,,0.0,True,True,0.0,0.0,pass,ok,0.08955869753845036,6.484312534332275,38461783,CI.WRC2.--,0
deterministic_noise,24879,ok,,0.0,True,True,0.0,0.0,pass,ok,0.0892027101945132,6.468696594238281,38461783,CI.WRC2.--,0
scale2,24879,ok,,0.0,True,True,0.0,0.0,pass,ok,0.09868292626924813,6.116922974586487,38461783,CI.TOW2.--,1
deterministic_noise,24879,ok,,0.0,True,True,0.0,0.0,pass,ok,0.09863836946897209,6.266216158866882,38461783,CI.TOW2.--,1
scale2,24864,ok,,0.0,True,True,0.0,0.0,pass,ok,0.10606938030105084,6.040749549865723,38461807,CI.WVP2.--,0
deterministic_noise,24864,ok,,0.0,True,True,0.0,0.0,pass,ok,0.10569064889568835,5.866334438323975,38461807,CI.WVP2.--,0
scale2,24864,ok,,0.0,True,True,0.0,0.0,pass,ok,0.10720243002288043,6.381271004676819,38461807,CI.JRC2.--,2
deterministic_noise,24864,ok,,0.0,True,True,0.0,0.0,pass,ok,0.10758251999504864,6.223433971405029,38461807,CI.JRC2.--,2
scale2,23904,ok,,0.0,True,True,0.0,0.0,pass,ok,0.12747876718640327,7.63770604133606,38461879,CI.LRL.--,0
deterministic_noise,23904,ok,,0.0,True,True,0.0,0.0,pass,ok,0.12743080034852028,7.650303840637207,38461879,CI.LRL.--,0
scale2,23904,ok,,0.0,True,True,0.0,0.0,pass,ok,0.34923091209930135,7.280779242515564,38461879,CI.SLA.--,1
deterministic_noise,23904,ok,,0.0,True,True,0.0,0.0,pass,ok,0.34924406134086894,7.152937412261963,38461879,CI.SLA.--,1
scale2,25095,ok,,0.0,True,True,0.0,0.0,pass,ok,0.09215933503583074,7.284435033798218,38461887,CI.WRC2.--,0
deterministic_noise,25095,ok,,0.0,True,True,0.0,0.0,pass,ok,0.09062249539420009,7.192363977432251,38461887,CI.WRC2.--,0
scale2,25095,ok,,0.0,True,True,0.0,0.0,pass,ok,0.1061204030411318,6.881999969482422,38461887,CI.WVP2.--,1
deterministic_noise,25095,ok,,0.0,True,True,0.0,0.0,pass,ok,0.10574321902822703,6.446718692779541,38461887,CI.WVP2.--,1
scale2,24540,ok,,0.0,True,True,0.0,0.0,pass,ok,0.1051044154446572,6.793502330780029,38461903,CI.JRC2.--,0
deterministic_noise,24540,ok,,0.0,True,True,0.0,0.0,pass,ok,0.1069753032643348,6.863231897354126,38461903,CI.JRC2.--,0
scale2,24540,ok,,0.0,True,True,0.0,0.0,pass,ok,0.1832154504954815,7.665701150894165,38461903,CI.WNM.--,1
deterministic_noise,24540,ok,,0.0,True,True,0.0,0.0,pass,ok,0.18234505131840706,7.656195163726807,38461903,CI.WNM.--,1
scale2,24594,ok,,0.0,True,True,0.0,0.0,pass,ok,0.10907450970262289,6.717771291732788,38461991,CI.TOW2.--,0
deterministic_noise,24594,ok,,0.0,True,True,0.0,0.0,pass,ok,0.1094795698300004,6.942487001419067,38461991,CI.TOW2.--,0
scale2,24594,ok,,0.0,True,True,0.0,0.0,pass,ok,0.09780771029181778,6.676130533218384,38461991,CI.WRC2.--,1
deterministic_noise,24594,ok,,0.0,True,True,0.0,0.0,pass,ok,0.0981786500196904,6.87594747543335,38461991,CI.WRC2.--,1
scale2,24723,ok,,0.0,True,True,0.0,0.0,pass,ok,0.13834675250109285,6.727672576904297,38462111,CI.WCS2.--,0
deterministic_noise,24723,ok,,0.0,True,True,0.0,0.0,pass,ok,0.13843419554177672,6.913769721984863,38462111,CI.WCS2.--,0
scale2,24723,ok,,0.0,True,True,0.0,0.0,pass,ok,0.1077778619946912,5.160796105861664,38462111,CI.CLC.--,1
deterministic_noise,24723,ok,,0.0,True,True,0.0,0.0,pass,ok,0.10787344898562878,5.108331978321075,38462111,CI.CLC.--,1
scale2,24528,ok,,0.0,True,True,0.0,0.0,pass,ok,0.10809921938925982,5.928609728813171,38462207,CI.CLC.--,0
deterministic_noise,24528,ok,,0.0,True,True,0.0,0.0,pass,ok,0.10836837720125914,5.936825752258301,38462207,CI.CLC.--,0
scale2,24528,ok,,0.0,True,True,0.0,0.0,pass,ok,0.14147637388668954,5.9373085498809814,38462207,CI.SRT.--,1
deterministic_noise,24528,ok,,0.0,True,True,0.0,0.0,pass,ok,0.14151165285147727,6.337578535079956,38462207,CI.SRT.--,1
scale2,25050,ok,,0.0,True,True,0.0,0.0,pass,ok,0.10042739717755467,6.18322491645813,38462559,CI.CLC.--,0
deterministic_noise,25050,ok,,0.0,True,True,0.0,0.0,pass,ok,0.10079653502907604,6.324722051620483,38462559,CI.CLC.--,0
scale2,25050,ok,,0.0,True,True,0.0,0.0,pass,ok,0.10018942318856716,7.611274480819702,38462559,CI.TOW2.--,1
deterministic_noise,25050,ok,,0.0,True,True,0.0,0.0,pass,ok,0.10278809070587158,7.420752048492432,38462559,CI.TOW2.--,1
scale2,24924,ok,,0.0,True,True,0.0,0.0,pass,ok,0.09241544082760811,7.488142251968384,38462679,CI.WRC2.--,0
deterministic_noise,24924,ok,,0.0,True,True,0.0,0.0,pass,ok,0.09176120162010193,7.232877254486084,38462679,CI.WRC2.--,0
scale2,24924,ok,,0.0,True,True,0.0,0.0,pass,ok,0.10659535229206085,7.650117635726929,38462679,CI.WVP2.--,1
deterministic_noise,24924,ok,,0.0,True,True,0.0,0.0,pass,ok,0.10494444519281387,7.384364366531372,38462679,CI.WVP2.--,1
scale2,24939,ok,,0.0,True,True,0.0,0.0,pass,ok,0.10660576052032411,6.533514738082886,38462687,CI.WVP2.--,0
deterministic_noise,24939,ok,,0.0,True,True,0.0,0.0,pass,ok,0.10633864277042449,6.6218976974487305,38462687,CI.WVP2.--,0
scale2,24936,ok,,0.0,True,True,0.0,0.0,pass,ok,0.10106812814046862,6.342260122299194,38462687,CI.WRC2.--,1
deterministic_noise,24936,ok,,0.0,True,True,0.0,0.0,pass,ok,0.10139484307001112,6.439523458480835,38462687,CI.WRC2.--,1
scale2,24990,ok,,0.0,True,True,0.0,0.0,pass,ok,0.09965406113769859,6.044983625411987,38462847,CI.CLC.--,0
deterministic_noise,24990,ok,,0.0,True,True,0.0,0.0,pass,ok,0.09997680282685906,6.043558478355408,38462847,CI.CLC.--,0
scale2,24990,ok,,0.0,True,True,0.0,0.0,pass,ok,0.09837253112345934,7.567686319351196,38462847,CI.TOW2.--,1
deterministic_noise,24990,ok,,0.0,True,True,0.0,0.0,pass,ok,0.09961474221199751,7.515657663345337,38462847,CI.TOW2.--,1
scale2,25041,ok,,0.0,True,True,0.0,0.0,pass,ok,0.1117903629783541,5.8030054569244385,38462927,CI.CLC.--,0
deterministic_noise,25041,ok,,0.0,True,True,0.0,0.0,pass,ok,0.11300386092625558,5.758808255195618,38462927,CI.CLC.--,0
scale2,25041,ok,,0.0,True,True,0.0,0.0,pass,ok,0.11033429249073379,6.373077154159546,38462927,CI.TOW2.--,1
deterministic_noise,25041,ok,,0.0,True,True,0.0,0.0,pass,ok,0.11052058593486436,6.3128920793533325,38462927,CI.TOW2.--,1
scale2,24930,ok,,0.0,True,True,0.0,0.0,pass,ok,0.10531633254140615,6.637128114700317,38463007,CI.CLC.--,0
deterministic_noise,24930,ok,,0.0,True,True,0.0,0.0,pass,ok,0.10833843145519495,6.650022029876709,38463007,CI.CLC.--,0
scale2,24930,ok,,0.0,True,True,0.0,0.0,pass,ok,0.13873642100952566,5.8908233642578125,38463007,CI.SRT.--,1
deterministic_noise,24930,ok,,0.0,True,True,0.0,0.0,pass,ok,0.1388166903052479,6.232003688812256,38463007,CI.SRT.--,1
scale2,24969,ok,,0.0,True,True,0.0,0.0,pass,ok,0.10009267868008465,6.0914647579193115,38463087,CI.CLC.--,0
deterministic_noise,24969,ok,,0.0,True,True,0.0,0.0,pass,ok,0.10128898231778294,6.112153649330139,38463087,CI.CLC.--,0
scale2,24969,ok,,0.0,True,True,0.0,0.0,pass,ok,0.08913294784724712,7.1357643604278564,38463087,CI.WRC2.--,1
deterministic_noise,24969,ok,,0.0,True,True,0.0,0.0,pass,ok,0.08948508906178176,7.207041025161743,38463087,CI.WRC2.--,1
scale2,24621,ok,,0.0,True,True,0.0,0.0,pass,ok,0.1221328645478934,6.752725601196289,38463159,CI.CCC.--,0
deterministic_noise,24621,ok,,0.0,True,True,0.0,0.0,pass,ok,0.1221799508202821,7.045503377914429,38463159,CI.CCC.--,0
scale2,24621,ok,,0.0,True,True,0.0,0.0,pass,ok,0.1000825208320748,4.827260732650757,38463159,CI.CLC.--,1
deterministic_noise,24621,ok,,0.0,True,True,0.0,0.0,pass,ok,0.10009979040478356,4.877994179725647,38463159,CI.CLC.--,1
scale2,24525,ok,,0.0,True,True,0.0,0.0,pass,ok,0.11000476684421301,7.068461179733276,38463223,CI.TOW2.--,0
deterministic_noise,24525,ok,,0.0,True,True,0.0,0.0,pass,ok,0.11062807682901621,6.884175062179565,38463223,CI.TOW2.--,0
scale2,24525,ok,,0.0,True,True,0.0,0.0,pass,ok,0.10031343530863523,6.870939493179321,38463223,CI.WVP2.--,1
deterministic_noise,24525,ok,,0.0,True,True,0.0,0.0,pass,ok,0.09978057164698839,6.915424346923828,38463223,CI.WVP2.--,1
scale2,24885,ok,,0.0,True,True,0.0,0.0,pass,ok,0.10557090328074992,5.702812433242798,38463359,CI.CLC.--,0
deterministic_noise,24885,ok,,0.0,True,True,0.0,0.0,pass,ok,0.10586618050001562,5.5358394384384155,38463359,CI.CLC.--,0
scale2,24885,ok,,0.0,True,True,0.0,0.0,pass,ok,0.10416084341704845,6.406477928161621,38463359,CI.TOW2.--,1
deterministic_noise,24885,ok,,0.0,True,True,0.0,0.0,pass,ok,0.1042159665375948,6.549480199813843,38463359,CI.TOW2.--,1
scale2,24906,ok,,0.0,True,True,0.0,0.0,pass,ok,0.11052893847227097,7.051287889480591,38463495,CI.TOW2.--,0
deterministic_noise,24906,ok,,0.0,True,True,0.0,0.0,pass,ok,0.11075372993946075,7.718745470046997,38463495,CI.TOW2.--,0
scale2,24906,ok,,0.0,True,True,0.0,0.0,pass,ok,0.09770211111754179,7.085659027099609,38463495,CI.WRC2.--,1
deterministic_noise,24906,ok,,0.0,True,True,0.0,0.0,pass,ok,0.09786171186715364,6.904800891876221,38463495,CI.WRC2.--,1
scale2,25029,ok,,0.0,True,True,0.0,0.0,pass,ok,0.08973631449043751,6.360752582550049,37264364,CI.WRC2.--,0
deterministic_noise,25029,ok,,0.0,True,True,0.0,0.0,pass,ok,0.09121007286012173,6.110048890113831,37264364,CI.WRC2.--,0
scale2,25029,ok,,0.0,True,True,0.0,0.0,pass,ok,0.10731800980283879,5.99062180519104,37264364,CI.WVP2.--,1
deterministic_noise,25029,ok,,0.0,True,True,0.0,0.0,pass,ok,0.1065000262169633,6.2140350341796875,37264364,CI.WVP2.--,1
scale2,24774,ok,,0.0,True,True,0.0,0.0,pass,ok,0.10001558620569995,5.5475956201553345,38463727,CI.CLC.--,0
deterministic_noise,24774,ok,,0.0,True,True,0.0,0.0,pass,ok,0.1000713501489372,5.414183259010315,38463727,CI.CLC.--,0
scale2,24774,ok,,0.0,True,True,0.0,0.0,pass,ok,0.13121748180128634,6.465709090232849,38463727,CI.SRT.--,1
deterministic_noise,24774,ok,,0.0,True,True,0.0,0.0,pass,ok,0.13116363971494138,6.512885928153992,38463727,CI.SRT.--,1
scale2,24489,ok,,0.0,True,True,0.0,0.0,pass,ok,0.10040803832816891,5.905352354049683,38463791,CI.CLC.--,0
deterministic_noise,24489,ok,,0.0,True,True,0.0,0.0,pass,ok,0.10052949356031604,6.068358421325684,38463791,CI.CLC.--,0
scale2,24489,ok,,0.0,True,True,0.0,0.0,pass,ok,0.12172526738140732,6.9150002002716064,38463791,CI.CCC.--,1
deterministic_noise,24489,ok,,0.0,True,True,0.0,0.0,pass,ok,0.12181744107510895,6.996149301528931,38463791,CI.CCC.--,1
scale2,25077,ok,,0.0,True,True,0.0,0.0,pass,ok,0.09260570438345894,6.617262840270996,38463807,CI.WRC2.--,0
deterministic_noise,25077,ok,,0.0,True,True,0.0,0.0,pass,ok,0.09221932856598869,6.806563138961792,38463807,CI.WRC2.--,0
scale2,25077,ok,,0.0,True,True,0.0,0.0,pass,ok,0.10096725565381348,7.209622621536255,38463807,CI.TOW2.--,1
deterministic_noise,25077,ok,,0.0,True,True,0.0,0.0,pass,ok,0.10093794274143875,7.264533281326294,38463807,CI.TOW2.--,1
scale2,24786,ok,,0.0,True,True,0.0,0.0,pass,ok,0.12257787212729454,7.383204221725464,38463903,CI.CCC.--,0
deterministic_noise,24786,ok,,0.0,True,True,0.0,0.0,pass,ok,0.12301154807209969,7.373317241668701,38463903,CI.CCC.--,0
scale2,24786,ok,,0.0,True,True,0.0,0.0,pass,ok,0.11412474262760952,5.372106194496155,38463903,CI.LRL.--,1
deterministic_noise,24786,ok,,0.0,True,True,0.0,0.0,pass,ok,0.11401769769145176,5.8108601570129395,38463903,CI.LRL.--,1
scale2,24924,ok,,0.0,True,True,0.0,0.0,pass,ok,0.10393423959612846,6.901270866394043,37264444,CI.WVP2.--,1
deterministic_noise,24924,ok,,0.0,True,True,0.0,0.0,pass,ok,0.10370617732405663,6.398229598999023,37264444,CI.WVP2.--,1
scale2,24924,ok,,0.0,True,True,0.0,0.0,pass,ok,0.11366909346543252,6.571263551712036,37264444,CI.JRC2.--,2
deterministic_noise,24924,ok,,0.0,True,True,0.0,0.0,pass,ok,0.11419525393284857,6.920158863067627,37264444,CI.JRC2.--,2
scale2,24813,ok,,0.0,True,True,0.0,0.0,pass,ok,0.10406982153654099,7.493195295333862,38464047,CI.TOW2.--,0
deterministic_noise,24813,ok,,0.0,True,True,0.0,0.0,pass,ok,0.10334539413452148,7.867510080337524,38464047,CI.TOW2.--,0
scale2,24813,ok,,0.0,True,True,0.0,0.0,pass,ok,0.08954709582030773,6.90742826461792,38464047,CI.WRC2.--,1
deterministic_noise,24813,ok,,0.0,True,True,0.0,0.0,pass,ok,0.08981230203062296,6.887500524520874,38464047,CI.WRC2.--,1
scale2,24963,ok,,0.0,True,True,0.0,0.0,pass,ok,0.09954728592856554,5.823520541191101,38464383,CI.CLC.--,0
deterministic_noise,24963,ok,,0.0,True,True,0.0,0.0,pass,ok,0.10005924443976255,5.98456609249115,38464383,CI.CLC.--,0
scale2,24963,ok,,0.0,True,True,0.0,0.0,pass,ok,0.09835007321089506,7.4628846645355225,38464383,CI.TOW2.--,1
deterministic_noise,24963,ok,,0.0,True,True,0.0,0.0,pass,ok,0.09896769095212221,7.467032432556152,38464383,CI.TOW2.--,1
scale2,24630,ok,,0.0,True,True,0.0,0.0,pass,ok,0.12889110762625933,6.941227436065674,38464447,CI.CCC.--,0
deterministic_noise,24630,ok,,0.0,True,True,0.0,0.0,pass,ok,0.1291199577972293,7.235515356063843,38464447,CI.CCC.--,0
scale2,24630,ok,,0.0,True,True,0.0,0.0,pass,ok,0.12054428587543953,5.323814034461975,38464447,CI.LRL.--,2
deterministic_noise,24630,ok,,0.0,True,True,0.0,0.0,pass,ok,0.12049774696242821,5.20767867565155,38464447,CI.LRL.--,2
scale2,24336,ok,,0.0,True,True,0.0,0.0,pass,ok,0.13649657472706167,6.259844422340393,38464791,CI.CCC.--,0
deterministic_noise,24336,ok,,0.0,True,True,0.0,0.0,pass,ok,0.13658209041022928,6.2257959842681885,38464791,CI.CCC.--,0
scale2,24336,ok,,0.0,True,True,0.0,0.0,pass,ok,0.11224418200436048,5.365045130252838,38464791,CI.CLC.--,1
deterministic_noise,24336,ok,,0.0,True,True,0.0,0.0,pass,ok,0.11245353452977724,5.3078296184539795,38464791,CI.CLC.--,1
scale2,24891,ok,,0.0,True,True,0.0,0.0,pass,ok,0.09820725955069065,6.9359753131866455,38464799,CI.TOW2.--,0
deterministic_noise,24891,ok,,0.0,True,True,0.0,0.0,pass,ok,0.09892415814101696,6.81775975227356,38464799,CI.TOW2.--,0
scale2,24891,ok,,0.0,True,True,0.0,0.0,pass,ok,0.08928859722800553,6.956043720245361,38464799,CI.WRC2.--,1
deterministic_noise,24891,ok,,0.0,True,True,0.0,0.0,pass,ok,0.09008384007029235,6.742746829986572,38464799,CI.WRC2.--,1
scale2,24492,ok,,0.0,True,True,0.0,0.0,pass,ok,0.1314946456986945,6.161782503128052,38464839,CI.SRT.--,0
deterministic_noise,24492,ok,,0.0,True,True,0.0,0.0,pass,ok,0.13142764128861018,5.864302039146423,38464839,CI.SRT.--,0
scale2,24492,ok,,0.0,True,True,0.0,0.0,pass,ok,0.1001666237716563,5.537592053413391,38464839,CI.CLC.--,1
deterministic_noise,24492,ok,,0.0,True,True,0.0,0.0,pass,ok,0.10019570839358494,5.619415283203125,38464839,CI.CLC.--,1
scale2,24945,ok,,0.0,True,True,0.0,0.0,pass,ok,0.10645195795223117,6.291198015213013,38464927,CI.WVP2.--,0
deterministic_noise,24945,ok,,0.0,True,True,0.0,0.0,pass,ok,0.1061086361296475,6.314270973205566,38464927,CI.WVP2.--,0
scale2,24945,ok,,0.0,True,True,0.0,0.0,pass,ok,0.090241520665586,7.072947025299072,38464927,CI.WRC2.--,1
deterministic_noise,24945,ok,,0.0,True,True,0.0,0.0,pass,ok,0.09008621238172054,7.124319553375244,38464927,CI.WRC2.--,1
scale2,24894,ok,,0.0,True,True,0.0,0.0,pass,ok,0.09964950609719381,5.66900098323822,38464943,CI.CLC.--,0
deterministic_noise,24894,ok,,0.0,True,True,0.0,0.0,pass,ok,0.09979735087836161,5.831449627876282,38464943,CI.CLC.--,0
scale2,24894,ok,,0.0,True,True,0.0,0.0,pass,ok,0.09782149037346244,6.72989296913147,38464943,CI.TOW2.--,1
deterministic_noise,24894,ok,,0.0,True,True,0.0,0.0,pass,ok,0.09811084577813745,6.8888044357299805,38464943,CI.TOW2.--,1
scale2,24603,ok,,0.0,True,True,0.0,0.0,pass,ok,0.10022869100794196,5.726740837097168,38465063,CI.CLC.--,0
deterministic_noise,24603,ok,,0.0,True,True,0.0,0.0,pass,ok,0.10029081860557199,5.781846642494202,38465063,CI.CLC.--,0
scale2,24603,ok,,0.0,True,True,0.0,0.0,pass,ok,0.1314064400503412,6.512623071670532,38465063,CI.SRT.--,1
deterministic_noise,24603,ok,,0.0,True,True,0.0,0.0,pass,ok,0.13130104669835418,7.003247022628784,38465063,CI.SRT.--,1
scale2,25200,ok,,0.0,True,True,0.0,0.0,pass,ok,0.07257393002510071,6.421300411224365,38465239,CI.WMF.--,0
deterministic_noise,25200,ok,,0.0,True,True,0.0,0.0,pass,ok,0.07283288985490799,6.541644811630249,38465239,CI.WMF.--,0
scale2,25200,ok,,0.0,True,True,0.0,0.0,pass,ok,0.12857671733945608,7.751769304275513,38465239,CI.WCS2.--,1
deterministic_noise,25200,ok,,0.0,True,True,0.0,0.0,pass,ok,0.13068483117967844,7.553701639175415,38465239,CI.WCS2.--,1
scale2,24951,ok,,0.0,True,True,0.0,0.0,pass,ok,0.09866125322878361,7.0447022914886475,38465351,CI.WRC2.--,0
deterministic_noise,24951,ok,,0.0,True,True,0.0,0.0,pass,ok,0.09908153675496578,7.078242063522339,38465351,CI.WRC2.--,0
scale2,24951,ok,,0.0,True,True,0.0,0.0,pass,ok,0.10613248124718666,7.352704763412476,38465351,CI.TOW2.--,1
deterministic_noise,24951,ok,,0.0,True,True,0.0,0.0,pass,ok,0.10657453909516335,7.206286907196045,38465351,CI.TOW2.--,1
scale2,25197,ok,,0.0,True,True,0.0,0.0,pass,ok,0.07819016539724544,6.114997863769531,38465439,CI.WMF.--,0
deterministic_noise,25197,ok,,0.0,True,True,0.0,0.0,pass,ok,0.07867322600213811,6.034883499145508,38465439,CI.WMF.--,0
scale2,25197,ok,,0.0,True,True,0.0,0.0,pass,ok,0.08044811466243118,5.397450923919678,38465439,CI.WRV2.--,1
deterministic_noise,25197,ok,,0.0,True,True,0.0,0.0,pass,ok,0.0807898776838556,5.356535315513611,38465439,CI.WRV2.--,1
scale2,24816,ok,,0.0,True,True,0.0,0.0,pass,ok,0.10902801807969809,7.539207458496094,38465759,CI.TOW2.--,0
deterministic_noise,24816,ok,,0.0,True,True,0.0,0.0,pass,ok,0.10992947313934565,7.518683671951294,38465759,CI.TOW2.--,0
scale2,24816,ok,,0.0,True,True,0.0,0.0,pass,ok,0.10256892256438732,6.664642572402954,38465759,CI.WVP2.--,2
deterministic_noise,24816,ok,,0.0,True,True,0.0,0.0,pass,ok,0.10215137340128422,6.596335411071777,38465759,CI.WVP2.--,2
scale2,24837,ok,,0.0,True,True,0.0,0.0,pass,ok,0.1077193096280098,7.059513568878174,38465815,CI.TOW2.--,0
deterministic_noise,24837,ok,,0.0,True,True,0.0,0.0,pass,ok,0.10826079547405243,7.225908994674683,38465815,CI.TOW2.--,0
scale2,24837,ok,,0.0,True,True,0.0,0.0,pass,ok,0.09758092497941107,6.035797476768494,38465815,CI.WRC2.--,1
deterministic_noise,24837,ok,,0.0,True,True,0.0,0.0,pass,ok,0.09771265054587275,6.0837613344192505,38465815,CI.WRC2.--,1
scale2,24597,ok,,0.0,True,True,0.0,0.0,pass,ok,0.13534392998553813,6.9186389446258545,38466063,CI.CCC.--,0
deterministic_noise,24597,ok,,0.0,True,True,0.0,0.0,pass,ok,0.1355007232632488,7.020026445388794,38466063,CI.CCC.--,0
scale2,24597,ok,,0.0,True,True,0.0,0.0,pass,ok,0.1101924535469152,5.420102894306183,38466063,CI.CLC.--,1
deterministic_noise,24597,ok,,0.0,True,True,0.0,0.0,pass,ok,0.1103650871082209,5.683370232582092,38466063,CI.CLC.--,1
scale2,24981,ok,,0.0,True,True,0.0,0.0,pass,ok,0.10293194826226681,5.496592998504639,38466247,CI.CLC.--,0
deterministic_noise,24981,ok,,0.0,True,True,0.0,0.0,pass,ok,0.10350479756016284,5.537227392196655,38466247,CI.CLC.--,0
scale2,24981,ok,,0.0,True,True,0.0,0.0,pass,ok,0.1028440659865737,7.3699986934661865,38466247,CI.TOW2.--,1
deterministic_noise,24981,ok,,0.0,True,True,0.0,0.0,pass,ok,0.10282390657812357,7.384882688522339,38466247,CI.TOW2.--,1
scale2,25068,ok,,0.0,True,True,0.0,0.0,pass,ok,0.09419668989721686,7.2471702098846436,38466583,CI.WRC2.--,0
deterministic_noise,25068,ok,,0.0,True,True,0.0,0.0,pass,ok,0.09373153222259134,7.198346853256226,38466583,CI.WRC2.--,0
scale2,25068,ok,,0.0,True,True,0.0,0.0,pass,ok,0.10624185670167208,6.39081335067749,38466583,CI.WVP2.--,1
deterministic_noise,25068,ok,,0.0,True,True,0.0,0.0,pass,ok,0.10603639017790556,6.4899866580963135,38466583,CI.WVP2.--,1
scale2,24408,ok,,0.0,True,True,0.0,0.0,pass,ok,0.12218872644007206,7.64823842048645,38466847,CI.CCC.--,0
deterministic_noise,24408,ok,,0.0,True,True,0.0,0.0,pass,ok,0.12225781194865704,8.001136064529419,38466847,CI.CCC.--,0
scale2,24408,ok,,0.0,True,True,0.0,0.0,pass,ok,0.10012910387013108,6.635854005813599,38466847,CI.CLC.--,1
deterministic_noise,24408,ok,,0.0,True,True,0.0,0.0,pass,ok,0.10020521411206573,6.701434850692749,38466847,CI.CLC.--,1
scale2,24774,ok,,0.0,True,True,0.0,0.0,pass,ok,0.09991674870252609,6.276739954948425,38466855,CI.CLC.--,0
deterministic_noise,24774,ok,,0.0,True,True,0.0,0.0,pass,ok,0.10025861114263535,6.376251220703125,38466855,CI.CLC.--,0
scale2,24774,ok,,0.0,True,True,0.0,0.0,pass,ok,0.13126723823370412,7.209459543228149,38466855,CI.SRT.--,1
deterministic_noise,24774,ok,,0.0,True,True,0.0,0.0,pass,ok,0.13155534508405253,7.456400156021118,38466855,CI.SRT.--,1
scale2,24375,ok,,0.0,True,True,0.0,0.0,pass,ok,0.1314024190651253,6.081800580024719,38466959,CI.SRT.--,0
deterministic_noise,24375,ok,,0.0,True,True,0.0,0.0,pass,ok,0.13131195202004164,6.330528974533081,38466959,CI.SRT.--,0
scale2,24375,ok,,0.0,True,True,0.0,0.0,pass,ok,0.11415424477308989,6.707269191741943,38466959,CI.LRL.--,1
deterministic_noise,24375,ok,,0.0,True,True,0.0,0.0,pass,ok,0.11415558028966188,6.653333425521851,38466959,CI.LRL.--,1
scale2,25074,ok,,0.0,True,True,0.0,0.0,pass,ok,0.08936804486438632,6.095374226570129,38466983,CI.WRC2.--,0
deterministic_noise,25074,ok,,0.0,True,True,0.0,0.0,pass,ok,0.09014425473287702,6.217665672302246,38466983,CI.WRC2.--,0
scale2,25074,ok,,0.0,True,True,0.0,0.0,pass,ok,0.09990258805919439,5.5681469440460205,38466983,CI.CLC.--,1
deterministic_noise,25074,ok,,0.0,True,True,0.0,0.0,pass,ok,0.09994178719352931,5.515786409378052,38466983,CI.CLC.--,1
scale2,24876,ok,,0.0,True,True,0.0,0.0,pass,ok,0.12157882354222238,6.520222902297974,38466991,CI.CCC.--,0
deterministic_noise,24876,ok,,0.0,True,True,0.0,0.0,pass,ok,0.12163305678404868,6.305744409561157,38466991,CI.CCC.--,0
scale2,24876,ok,,0.0,True,True,0.0,0.0,pass,ok,0.11413138193893246,5.1141714453697205,38466991,CI.LRL.--,1
deterministic_noise,24876,ok,,0.0,True,True,0.0,0.0,pass,ok,0.11413151191663928,5.196565508842468,38466991,CI.LRL.--,1
scale2,25098,ok,,0.0,True,True,0.0,0.0,pass,ok,0.08951165992766619,6.189920425415039,38467303,CI.WRC2.--,0
deterministic_noise,25098,ok,,0.0,True,True,0.0,0.0,pass,ok,0.08893175702542067,6.316351652145386,38467303,CI.WRC2.--,0
scale2,25098,ok,,0.0,True,True,0.0,0.0,pass,ok,0.09985369138303213,5.906352281570435,38467303,CI.CLC.--,1
deterministic_noise,25098,ok,,0.0,True,True,0.0,0.0,pass,ok,0.09997038103756495,5.802213072776794,38467303,CI.CLC.--,1
scale2,24447,ok,,0.0,True,True,0.0,0.0,pass,ok,0.10313960607163608,5.034179866313934,38467311,CI.CLC.--,0
deterministic_noise,24447,ok,,0.0,True,True,0.0,0.0,pass,ok,0.1031970561016351,5.058473914861679,38467311,CI.CLC.--,0
scale2,24447,ok,,0.0,True,True,0.0,0.0,pass,ok,0.12618916993960738,6.063230037689209,38467311,CI.CCC.--,1
deterministic_noise,24447,ok,,0.0,True,True,0.0,0.0,pass,ok,0.12622889364138246,6.142064332962036,38467311,CI.CCC.--,1
scale2,24918,ok,,0.0,True,True,0.0,0.0,pass,ok,0.08947582496330142,6.734061241149902,38467359,CI.WRC2.--,0
deterministic_noise,24918,ok,,0.0,True,True,0.0,0.0,pass,ok,0.09007144765928388,6.582005500793457,38467359,CI.WRC2.--,0
scale2,24918,ok,,0.0,True,True,0.0,0.0,pass,ok,0.10150879295542836,7.658226728439331,38467359,CI.TOW2.--,1
deterministic_noise,24918,ok,,0.0,True,True,0.0,0.0,pass,ok,0.10339492140337825,7.529937028884888,38467359,CI.TOW2.--,1
scale2,24900,ok,,0.0,True,True,0.0,0.0,pass,ok,0.09990128874778748,7.248980522155762,38467423,CI.WRC2.--,0
deterministic_noise,24900,ok,,0.0,True,True,0.0,0.0,pass,ok,0.10045228898525238,6.444463491439819,38467423,CI.WRC2.--,0
scale2,24900,ok,,0.0,True,True,0.0,0.0,pass,ok,0.10209955368191004,6.108428239822388,38467423,CI.WVP2.--,1
deterministic_noise,24900,ok,,0.0,True,True,0.0,0.0,pass,ok,0.10184658225625753,6.533929228782654,38467423,CI.WVP2.--,1
scale2,25020,ok,,0.0,True,True,0.0,0.0,pass,ok,0.10299173815292306,5.73325777053833,38467671,CI.CLC.--,0
deterministic_noise,25020,ok,,0.0,True,True,0.0,0.0,pass,ok,0.1039376400585752,6.05895721912384,38467671,CI.CLC.--,0
scale2,25020,ok,,0.0,True,True,0.0,0.0,pass,ok,0.10275015980005264,7.486985206604004,38467671,CI.TOW2.--,1
deterministic_noise,25020,ok,,0.0,True,True,0.0,0.0,pass,ok,0.10270468890666962,7.539475440979004,38467671,CI.TOW2.--,1
scale2,24723,ok,,0.0,True,True,0.0,0.0,pass,ok,0.09987510833889246,6.5178375244140625,38468007,CI.CLC.--,0
deterministic_noise,24723,ok,,0.0,True,True,0.0,0.0,pass,ok,0.10031358804553747,6.657757997512817,38468007,CI.CLC.--,0
scale2,24723,ok,,0.0,True,True,0.0,0.0,pass,ok,0.13124038791283965,6.32705020904541,38468007,CI.SRT.--,1
deterministic_noise,24723,ok,,0.0,True,True,0.0,0.0,pass,ok,0.13110640132799745,6.768383979797363,38468007,CI.SRT.--,1
scale2,25086,ok,,0.0,True,True,0.0,0.0,pass,ok,0.09459676058031619,6.777014255523682,38468063,CI.WRC2.--,0
deterministic_noise,25086,ok,,0.0,True,True,0.0,0.0,pass,ok,0.09429587959311903,6.612251043319702,38468063,CI.WRC2.--,0
scale2,25086,ok,,0.0,True,True,0.0,0.0,pass,ok,0.10542194645677228,5.7430419921875,38468063,CI.CLC.--,1
deterministic_noise,25086,ok,,0.0,True,True,0.0,0.0,pass,ok,0.1056289588304935,5.921581149101257,38468063,CI.CLC.--,1
scale2,24855,ok,,0.0,True,True,0.0,0.0,pass,ok,0.09993913321522996,5.282846987247467,38468151,CI.CLC.--,1
deterministic_noise,24855,ok,,0.0,True,True,0.0,0.0,pass,ok,0.09997935296269134,5.405250668525696,38468151,CI.CLC.--,1
scale2,24855,ok,,0.0,True,True,0.0,0.0,pass,ok,0.09873642330057919,6.761877059936523,38468151,CI.TOW2.--,2
deterministic_noise,24855,ok,,0.0,True,True,0.0,0.0,pass,ok,0.09913416649214923,6.6480553150177,38468151,CI.TOW2.--,2
scale2,24522,ok,,0.0,True,True,0.0,0.0,pass,ok,0.1000192323117517,5.245526075363159,38468247,CI.CLC.--,0
deterministic_noise,24522,ok,,0.0,True,True,0.0,0.0,pass,ok,0.10009236546466127,5.124907314777374,38468247,CI.CLC.--,0
scale2,24522,ok,,0.0,True,True,0.0,0.0,pass,ok,0.12201385805383325,7.114068031311035,38468247,CI.CCC.--,1
deterministic_noise,24522,ok,,0.0,True,True,0.0,0.0,pass,ok,0.1221731617115438,7.294309139251709,38468247,CI.CCC.--,1
scale2,24558,ok,,0.0,True,True,0.0,0.0,pass,ok,0.12218257808126509,6.479786515235901,38468407,CI.CCC.--,0
deterministic_noise,24558,ok,,0.0,True,True,0.0,0.0,pass,ok,0.12219934142194688,6.379002094268799,38468407,CI.CCC.--,0
scale2,24558,ok,,0.0,True,True,0.0,0.0,pass,ok,0.10006029915530235,5.569476008415222,38468407,CI.CLC.--,1
deterministic_noise,24558,ok,,0.0,True,True,0.0,0.0,pass,ok,0.10007041681092232,5.534539818763733,38468407,CI.CLC.--,1
scale2,24540,ok,,0.0,True,True,0.0,0.0,pass,ok,0.1356652919203043,7.642005920410156,38468767,CI.CCC.--,0
deterministic_noise,24540,ok,,0.0,True,True,0.0,0.0,pass,ok,0.1361244972795248,7.478818655014038,38468767,CI.CCC.--,0
scale2,24540,ok,,0.0,True,True,0.0,0.0,pass,ok,0.11149709322489798,5.922680139541626,38468767,CI.CLC.--,1
deterministic_noise,24540,ok,,0.0,True,True,0.0,0.0,pass,ok,0.11163312545977533,6.117592930793762,38468767,CI.CLC.--,1
scale2,24600,ok,,0.0,True,True,0.0,0.0,pass,ok,0.10177232744172215,7.061607360839844,38469079,CI.CLC.--,0
deterministic_noise,24600,ok,,0.0,True,True,0.0,0.0,pass,ok,0.10262269852682948,6.839662551879883,38469079,CI.CLC.--,0
scale2,24600,ok,,0.0,True,True,0.0,0.0,pass,ok,0.13152551474922802,6.056918263435364,38469079,CI.SRT.--,1
deterministic_noise,24600,ok,,0.0,True,True,0.0,0.0,pass,ok,0.13161982771998737,5.945826888084412,38469079,CI.SRT.--,1
scale2,25164,ok,,0.0,True,True,0.0,0.0,pass,ok,0.09958686924073845,5.979566335678101,38469119,CI.CLC.--,0
deterministic_noise,25164,ok,,0.0,True,True,0.0,0.0,pass,ok,0.10057558619882911,5.995075702667236,38469119,CI.CLC.--,0
scale2,25164,ok,,0.0,True,True,0.0,0.0,pass,ok,0.09922070940956473,5.8580241203308105,38469119,CI.TOW2.--,1
deterministic_noise,25164,ok,,0.0,True,True,0.0,0.0,pass,ok,0.09919042745605111,5.784330129623413,38469119,CI.TOW2.--,1
scale2,25167,ok,,0.0,True,True,0.0,0.0,pass,ok,0.07664529886096716,6.350124835968018,38469271,CI.WRV2.--,0
deterministic_noise,25167,ok,,0.0,True,True,0.0,0.0,pass,ok,0.07899843994528055,5.950466156005859,38469271,CI.WRV2.--,0
scale2,25167,ok,,0.0,True,True,0.0,0.0,pass,ok,0.10049436031840742,7.052042007446289,38469271,CI.WVP2.--,3
deterministic_noise,25167,ok,,0.0,True,True,0.0,0.0,pass,ok,0.09954426647163928,6.824958801269531,38469271,CI.WVP2.--,3
scale2,25038,ok,,0.0,True,True,0.0,0.0,pass,ok,0.09963026852346957,6.355814218521118,38469415,CI.CLC.--,0
deterministic_noise,25038,ok,,0.0,True,True,0.0,0.0,pass,ok,0.10026958375237882,6.297108888626099,38469415,CI.CLC.--,0
scale2,25038,ok,,0.0,True,True,0.0,0.0,pass,ok,0.09752479149028659,7.66597056388855,38469415,CI.TOW2.--,1
deterministic_noise,25038,ok,,0.0,True,True,0.0,0.0,pass,ok,0.10156955383718014,7.7046356201171875,38469415,CI.TOW2.--,1
scale2,24552,ok,,0.0,True,True,0.0,0.0,pass,ok,0.10065830480016302,5.509521722793579,38469511,CI.CLC.--,0
deterministic_noise,24552,ok,,0.0,True,True,0.0,0.0,pass,ok,0.10092213768803049,5.521528720855713,38469511,CI.CLC.--,0
scale2,24552,ok,,0.0,True,True,0.0,0.0,pass,ok,0.1317474017268978,5.970769286155701,38469511,CI.SRT.--,1
deterministic_noise,24552,ok,,0.0,True,True,0.0,0.0,pass,ok,0.13179229997331277,5.857766509056091,38469511,CI.SRT.--,1
scale2,24624,ok,,0.0,True,True,0.0,0.0,pass,ok,0.1000682636804413,6.29725980758667,38470159,CI.CLC.--,0
deterministic_noise,24624,ok,,0.0,True,True,0.0,0.0,pass,ok,0.10020297023584135,5.8406946659088135,38470159,CI.CLC.--,0
scale2,24624,ok,,0.0,True,True,0.0,0.0,pass,ok,0.13148965104483068,6.057690501213074,38470159,CI.SRT.--,1
deterministic_noise,24624,ok,,0.0,True,True,0.0,0.0,pass,ok,0.13144777552224696,6.060627460479736,38470159,CI.SRT.--,1
scale2,24831,ok,,0.0,True,True,0.0,0.0,pass,ok,0.1130625675432384,6.739159822463989,38470415,CI.CLC.--,0
deterministic_noise,24831,ok,,0.0,True,True,0.0,0.0,pass,ok,0.11669765459373593,6.751447439193726,38470415,CI.CLC.--,0
scale2,24831,ok,,0.0,True,True,0.0,0.0,pass,ok,0.14748680300544947,6.103408098220825,38470415,CI.SRT.--,1
deterministic_noise,24831,ok,,0.0,True,True,0.0,0.0,pass,ok,0.14746843569446355,5.7561376094818115,38470415,CI.SRT.--,1
scale2,24663,ok,,0.0,True,True,0.0,0.0,pass,ok,0.1222682436928153,7.215686321258545,38470471,CI.CCC.--,0
deterministic_noise,24663,ok,,0.0,True,True,0.0,0.0,pass,ok,0.12232833448797464,7.050015449523926,38470471,CI.CCC.--,0
scale2,24663,ok,,0.0,True,True,0.0,0.0,pass,ok,0.11335725646313222,5.731047630310059,38470471,CI.LRL.--,1
deterministic_noise,24663,ok,,0.0,True,True,0.0,0.0,pass,ok,0.11335760791007488,5.64522910118103,38470471,CI.LRL.--,1
scale2,24882,ok,,0.0,True,True,0.0,0.0,pass,ok,0.1009996086359024,7.550684690475464,37264612,CI.TOW2.--,0
deterministic_noise,24882,ok,,0.0,True,True,0.0,0.0,pass,ok,0.10093257017433643,7.441197872161865,37264612,CI.TOW2.--,0
scale2,24882,ok,,0.0,True,True,0.0,0.0,pass,ok,0.10320527583280636,5.660023093223572,37264612,CI.CLC.--,1
deterministic_noise,24882,ok,,0.0,True,True,0.0,0.0,pass,ok,0.10351417481979297,5.937006711959839,37264612,CI.CLC.--,1
scale2,24954,ok,,0.0,True,True,0.0,0.0,pass,ok,0.10003225551918149,5.730323672294617,38473223,CI.CLC.--,0
deterministic_noise,24954,ok,,0.0,True,True,0.0,0.0,pass,ok,0.10022280318662524,5.764371275901794,38473223,CI.CLC.--,0
scale2,24954,ok,,0.0,True,True,0.0,0.0,pass,ok,0.09926303569227457,6.48943018913269,38473223,CI.TOW2.--,1
deterministic_noise,24954,ok,,0.0,True,True,0.0,0.0,pass,ok,0.0994929363951087,6.674072265625,38473223,CI.TOW2.--,1
scale2,24582,ok,,0.0,True,True,0.0,0.0,pass,ok,0.10035766682995018,5.346704483032227,38473839,CI.CLC.--,0
deterministic_noise,24582,ok,,0.0,True,True,0.0,0.0,pass,ok,0.10042130925285164,5.219802677631378,38473839,CI.CLC.--,0
scale2,24582,ok,,0.0,True,True,0.0,0.0,pass,ok,0.13205718266544864,5.865478038787842,38473839,CI.SRT.--,1
deterministic_noise,24582,ok,,0.0,True,True,0.0,0.0,pass,ok,0.13211906683864072,5.89641261100769,38473839,CI.SRT.--,1
scale2,24522,ok,,0.0,True,True,0.0,0.0,pass,ok,0.10356568079441786,5.8047239780426025,38473983,CI.CLC.--,0
deterministic_noise,24522,ok,,0.0,True,True,0.0,0.0,pass,ok,0.10366681683808565,5.8074880838394165,38473983,CI.CLC.--,0
scale2,24522,ok,,0.0,True,True,0.0,0.0,pass,ok,0.12633576313965023,6.256348133087158,38473983,CI.CCC.--,1
deterministic_noise,24522,ok,,0.0,True,True,0.0,0.0,pass,ok,0.1263688795734197,6.006495356559753,38473983,CI.CCC.--,1
scale2,24483,ok,,0.0,True,True,0.0,0.0,pass,ok,0.10344725789036602,5.351415038108826,38474119,CI.CLC.--,0
deterministic_noise,24483,ok,,0.0,True,True,0.0,0.0,pass,ok,0.10361462889704853,5.318541944026947,38474119,CI.CLC.--,0
scale2,24483,ok,,0.0,True,True,0.0,0.0,pass,ok,0.13588734529912472,6.533759951591492,38474119,CI.SRT.--,1
deterministic_noise,24483,ok,,0.0,True,True,0.0,0.0,pass,ok,0.1359445247799158,6.384706377983093,38474119,CI.SRT.--,1
scale2,24846,ok,,0.0,True,True,0.0,0.0,pass,ok,0.10593932843767107,6.733817100524902,38474127,CI.WVP2.--,1
deterministic_noise,24846,ok,,0.0,True,True,0.0,0.0,pass,ok,0.10548608028329909,7.02789831161499,38474127,CI.WVP2.--,1
scale2,24843,ok,,0.0,True,True,0.0,0.0,pass,ok,0.12076302478089929,6.9701502323150635,38474127,CI.JRC2.--,2
deterministic_noise,24843,ok,,0.0,True,True,0.0,0.0,pass,ok,0.12278191884979606,6.923956871032715,38474127,CI.JRC2.--,2
scale2,24714,ok,,0.0,True,True,0.0,0.0,pass,ok,0.10041003458172781,5.704277753829956,38474639,CI.CLC.--,0
deterministic_noise,24714,ok,,0.0,True,True,0.0,0.0,pass,ok,0.10063548602192895,5.681398034095764,38474639,CI.CLC.--,0
scale2,24714,ok,,0.0,True,True,0.0,0.0,pass,ok,0.13190091797150671,5.48328024148941,38474639,CI.SRT.--,1
deterministic_noise,24714,ok,,0.0,True,True,0.0,0.0,pass,ok,0.1319305335637182,5.210447669029236,38474639,CI.SRT.--,1
scale2,24933,ok,,0.0,True,True,0.0,0.0,pass,ok,0.10650611855089664,7.289947748184204,38475431,CI.CLC.--,0
deterministic_noise,24933,ok,,0.0,True,True,0.0,0.0,pass,ok,0.11024531535804272,7.347504138946533,38475431,CI.CLC.--,0
scale2,24933,ok,,0.0,True,True,0.0,0.0,pass,ok,0.10705814696848392,7.573771238327026,38475431,CI.TOW2.--,1
deterministic_noise,24933,ok,,0.0,True,True,0.0,0.0,pass,ok,0.10735556297004223,7.54763388633728,38475431,CI.TOW2.--,1
scale2,24828,ok,,0.0,True,True,0.0,0.0,pass,ok,0.12200706147996243,6.6021552085876465,38477007,CI.CCC.--,0
deterministic_noise,24828,ok,,0.0,True,True,0.0,0.0,pass,ok,0.12204530394228641,6.5043556690216064,38477007,CI.CCC.--,0
scale2,24828,ok,,0.0,True,True,0.0,0.0,pass,ok,0.11372475812095217,5.580280303955078,38477007,CI.LRL.--,1
deterministic_noise,24828,ok,,0.0,True,True,0.0,0.0,pass,ok,0.11372495701652952,5.544160842895508,38477007,CI.LRL.--,1
scale2,24897,ok,,0.0,True,True,0.0,0.0,pass,ok,0.10125719010829926,7.359808921813965,38477319,CI.TOW2.--,0
deterministic_noise,24897,ok,,0.0,True,True,0.0,0.0,pass,ok,0.10121342539787292,7.016429901123047,38477319,CI.TOW2.--,0
scale2,24897,ok,,0.0,True,True,0.0,0.0,pass,ok,0.09240107145160437,7.309089660644531,38477319,CI.WRC2.--,1
deterministic_noise,24897,ok,,0.0,True,True,0.0,0.0,pass,ok,0.09220775309950113,7.220053195953369,38477319,CI.WRC2.--,1
scale2,24885,ok,,0.0,True,True,0.0,0.0,pass,ok,0.09248545420996379,4.848786652088165,37485653,CI.WRC2.--,0
deterministic_noise,24885,ok,,0.0,True,True,0.0,0.0,pass,ok,0.0924728994286852,4.937928795814514,37485653,CI.WRC2.--,0
scale2,24885,ok,,0.0,True,True,0.0,0.0,pass,ok,0.10183970112120733,5.139271795749664,37485653,CI.TOW2.--,1
deterministic_noise,24885,ok,,0.0,True,True,0.0,0.0,pass,ok,0.1018381692119874,5.0974555015563965,37485653,CI.TOW2.--,1
scale2,25167,ok,,0.0,True,True,0.0,0.0,pass,ok,0.08966958854580298,6.419631242752075,38479239,CI.WRC2.--,0
deterministic_noise,25167,ok,,0.0,True,True,0.0,0.0,pass,ok,0.08949445921462029,6.3625054359436035,38479239,CI.WRC2.--,0
scale2,25167,ok,,0.0,True,True,0.0,0.0,pass,ok,0.10669712140224874,6.25135612487793,38479239,CI.WVP2.--,1
deterministic_noise,25167,ok,,0.0,True,True,0.0,0.0,pass,ok,0.10647741542197764,6.4585185050964355,38479239,CI.WVP2.--,1
scale2,24510,ok,,0.0,True,True,0.0,0.0,pass,ok,0.10009026201441884,5.3073243498802185,38480975,CI.CLC.--,0
deterministic_noise,24510,ok,,0.0,True,True,0.0,0.0,pass,ok,0.10011660633608699,5.266865491867065,38480975,CI.CLC.--,0
scale2,24510,ok,,0.0,True,True,0.0,0.0,pass,ok,0.12246847664937377,6.921599864959717,38480975,CI.CCC.--,1
deterministic_noise,24510,ok,,0.0,True,True,0.0,0.0,pass,ok,0.12248591566458344,7.006070852279663,38480975,CI.CCC.--,1
scale2,24801,ok,,0.0,True,True,0.0,0.0,pass,ok,0.09847897553117946,6.749420881271362,37264764,CI.WRC2.--,0
deterministic_noise,24801,ok,,0.0,True,True,0.0,0.0,pass,ok,0.09881298727123067,6.734309434890747,37264764,CI.WRC2.--,0
scale2,24801,ok,,0.0,True,True,0.0,0.0,pass,ok,0.10297680110670626,7.056560754776001,37264764,CI.WVP2.--,1
deterministic_noise,24801,ok,,0.0,True,True,0.0,0.0,pass,ok,0.10152160911820829,7.04035210609436,37264764,CI.WVP2.--,1
scale2,25059,ok,,0.0,True,True,0.0,0.0,pass,ok,0.09014488937100396,6.303152799606323,38486199,CI.WRC2.--,0
deterministic_noise,25059,ok,,0.0,True,True,0.0,0.0,pass,ok,0.08943479327717796,6.409923076629639,38486199,CI.WRC2.--,0
scale2,25059,ok,,0.0,True,True,0.0,0.0,pass,ok,0.1064854477881454,6.063182473182678,38486199,CI.WVP2.--,1
deterministic_noise,25059,ok,,0.0,True,True,0.0,0.0,pass,ok,0.10621662536868826,6.0095789432525635,38486199,CI.WVP2.--,1
scale2,25146,ok,,0.0,True,True,0.0,0.0,pass,ok,0.08959155110642314,6.257527112960815,38490007,CI.WRC2.--,0
deterministic_noise,25146,ok,,0.0,True,True,0.0,0.0,pass,ok,0.09107318939641118,6.3585121631622314,38490007,CI.WRC2.--,0
scale2,25146,ok,,0.0,True,True,0.0,0.0,pass,ok,0.10618036100640893,6.366384983062744,38490007,CI.WVP2.--,1
deterministic_noise,25146,ok,,0.0,True,True,0.0,0.0,pass,ok,0.10607261350378394,6.149669051170349,38490007,CI.WVP2.--,1
scale2,25140,ok,,0.0,True,True,0.0,0.0,pass,ok,0.07336735678836703,5.8929314613342285,37265084,CI.WMF.--,0
deterministic_noise,25140,ok,,0.0,True,True,0.0,0.0,pass,ok,0.0737023581750691,5.750715255737305,37265084,CI.WMF.--,0
scale2,25140,ok,,0.0,True,True,0.0,0.0,pass,ok,0.1283885759767145,6.967058420181274,37265084,CI.WCS2.--,1
deterministic_noise,25140,ok,,0.0,True,True,0.0,0.0,pass,ok,0.12870030873455107,6.990506887435913,37265084,CI.WCS2.--,1
scale2,25157,ok,,0.0,True,True,0.0,0.0,pass,ok,0.07690922940673772,5.158885478973389,38519143,CI.WRV2.--,0
deterministic_noise,25157,ok,,0.0,True,True,0.0,0.0,pass,ok,0.07750163202581462,5.19001317024231,38519143,CI.WRV2.--,0
scale2,25155,ok,,0.0,True,True,0.0,0.0,pass,ok,0.0820615119591821,5.53109073638916,38519143,CI.WMF.--,1
deterministic_noise,25155,ok,,0.0,True,True,0.0,0.0,pass,ok,0.08221819481696002,5.361481428146362,38519143,CI.WMF.--,1
scale2,24960,ok,,0.0,True,True,0.0,0.0,pass,ok,0.09033417771570385,6.6896586418151855,38519223,CI.WRC2.--,0
deterministic_noise,24960,ok,,0.0,True,True,0.0,0.0,pass,ok,0.09066085563972592,6.633783340454102,38519223,CI.WRC2.--,0
scale2,24960,ok,,0.0,True,True,0.0,0.0,pass,ok,0.1011544115608558,5.931983947753906,38519223,CI.CLC.--,1
deterministic_noise,24960,ok,,0.0,True,True,0.0,0.0,pass,ok,0.101451774709858,5.79877781867981,38519223,CI.CLC.--,1
scale2,24957,ok,,0.0,True,True,0.0,0.0,pass,ok,0.09393248078413308,6.86117959022522,38519231,CI.WRC2.--,0
deterministic_noise,24957,ok,,0.0,True,True,0.0,0.0,pass,ok,0.09272917243652046,6.951341390609741,38519231,CI.WRC2.--,0
scale2,24957,ok,,0.0,True,True,0.0,0.0,pass,ok,0.10271120339166373,6.124746799468994,38519231,CI.CLC.--,1
deterministic_noise,24957,ok,,0.0,True,True,0.0,0.0,pass,ok,0.10331623733509332,6.129702091217041,38519231,CI.CLC.--,1
scale2,24978,ok,,0.0,True,True,0.0,0.0,pass,ok,0.07974554575048387,5.016350746154785,37265572,CI.WRV2.--,0
deterministic_noise,24978,ok,,0.0,True,True,0.0,0.0,pass,ok,0.08019362413324416,5.120353698730469,37265572,CI.WRV2.--,0
scale2,24978,ok,,0.0,True,True,0.0,0.0,pass,ok,0.07977376389317214,5.331756830215454,37265572,CI.WMF.--,1
deterministic_noise,24978,ok,,0.0,True,True,0.0,0.0,pass,ok,0.08057934534735978,5.5003697872161865,37265572,CI.WMF.--,1
scale2,25221,ok,,0.0,True,True,0.0,0.0,pass,ok,0.08217944158241153,6.006535768508911,38522055,CI.WMF.--,0
deterministic_noise,25221,ok,,0.0,True,True,0.0,0.0,pass,ok,0.08315034257248044,6.099000930786133,38522055,CI.WMF.--,0
scale2,25221,ok,,0.0,True,True,0.0,0.0,pass,ok,0.1441238853149116,7.45316219329834,38522055,CI.WCS2.--,1
deterministic_noise,25221,ok,,0.0,True,True,0.0,0.0,pass,ok,0.14500461192801595,7.472203493118286,38522055,CI.WCS2.--,1
scale2,24840,ok,,0.0,True,True,0.0,0.0,pass,ok,0.09026096083107404,4.712963759899139,37248948,CI.DTP.--,0
deterministic_noise,24840,ok,,0.0,True,True,0.0,0.0,pass,ok,0.09016379647073336,4.930522680282593,37248948,CI.DTP.--,0
scale2,24840,ok,,0.0,True,True,0.0,0.0,pass,ok,0.16524395367014222,5.292643696069717,37248948,CI.CCA.--,1
deterministic_noise,24840,ok,,0.0,True,True,0.0,0.0,pass,ok,0.16525270024430938,5.252818405628204,37248948,CI.CCA.--,1
scale2,25152,ok,,0.0,True,True,0.0,0.0,pass,ok,0.07578759337775409,5.921078681945801,38531903,CI.WMF.--,0
deterministic_noise,25152,ok,,0.0,True,True,0.0,0.0,pass,ok,0.07640339736826718,6.082796096801758,38531903,CI.WMF.--,0
scale2,25152,ok,,0.0,True,True,0.0,0.0,pass,ok,0.08097817935049534,6.3624560832977295,38531903,CI.WRV2.--,1
deterministic_noise,25152,ok,,0.0,True,True,0.0,0.0,pass,ok,0.08116637729108334,6.334615230560303,38531903,CI.WRV2.--,1
scale2,25200,ok,,0.0,True,True,0.0,0.0,pass,ok,0.07601914799306542,5.493424654006958,38532479,CI.WMF.--,0
deterministic_noise,25200,ok,,0.0,True,True,0.0,0.0,pass,ok,0.0763851230731234,5.807027459144592,38532479,CI.WMF.--,0
scale2,25200,ok,,0.0,True,True,0.0,0.0,pass,ok,0.08213441097177565,5.567956924438477,38532479,CI.WRV2.--,1
deterministic_noise,25200,ok,,0.0,True,True,0.0,0.0,pass,ok,0.08238093531690538,5.435198187828064,38532479,CI.WRV2.--,1
scale2,24429,ok,,0.0,True,True,0.0,0.0,pass,ok,0.1476293298183009,6.943609714508057,37266364,CI.SRT.--,0
deterministic_noise,24429,ok,,0.0,True,True,0.0,0.0,pass,ok,0.14752097998280078,6.360056638717651,37266364,CI.SRT.--,0
scale2,24429,ok,,0.0,True,True,0.0,0.0,pass,ok,0.1257185605354607,6.27452540397644,37266364,CI.LRL.--,1
deterministic_noise,24429,ok,,0.0,True,True,0.0,0.0,pass,ok,0.1256401422433555,6.395573377609253,37266364,CI.LRL.--,1
scale2,24426,ok,,0.0,True,True,0.0,0.0,pass,ok,0.14029082377965096,5.922801971435547,37266380,CI.SRT.--,0
deterministic_noise,24426,ok,,0.0,True,True,0.0,0.0,pass,ok,0.14060189107840415,5.889532685279846,37266380,CI.SRT.--,0
scale2,24426,ok,,0.0,True,True,0.0,0.0,pass,ok,0.11892863677348942,5.183864653110504,37266380,CI.LRL.--,1
deterministic_noise,24426,ok,,0.0,True,True,0.0,0.0,pass,ok,0.1188749565044418,5.224209398031235,37266380,CI.LRL.--,1
scale2,24519,ok,,0.0,True,True,0.0,0.0,pass,ok,0.1006515126209706,5.804367899894714,37421757,CI.CLC.--,0
deterministic_noise,24519,ok,,0.0,True,True,0.0,0.0,pass,ok,0.10081676882691681,5.819567322731018,37421757,CI.CLC.--,0
scale2,24519,ok,,0.0,True,True,0.0,0.0,pass,ok,0.1340598352253437,6.9641029834747314,37421757,CI.SRT.--,1
deterministic_noise,24519,ok,,0.0,True,True,0.0,0.0,pass,ok,0.13336054608225822,6.63627552986145,37421757,CI.SRT.--,1
scale2,25041,ok,,0.0,True,True,0.0,0.0,pass,ok,0.083181050082203,5.340328693389893,37267164,CI.WMF.--,0
deterministic_noise,25041,ok,,0.0,True,True,0.0,0.0,pass,ok,0.08354352746391669,5.321241855621338,37267164,CI.WMF.--,0
scale2,25041,ok,,0.0,True,True,0.0,0.0,pass,ok,0.0821260170196183,5.264259099960327,37267164,CI.WRV2.--,1
deterministic_noise,25041,ok,,0.0,True,True,0.0,0.0,pass,ok,0.08253456343663856,4.983959317207336,37267164,CI.WRV2.--,1
scale2,25182,ok,,0.0,True,True,0.0,0.0,pass,ok,0.09304008446633816,6.577059984207153,38588455,CI.WRC2.--,0
deterministic_noise,25182,ok,,0.0,True,True,0.0,0.0,pass,ok,0.0939112026244402,6.244504451751709,38588455,CI.WRC2.--,0
scale2,25182,ok,,0.0,True,True,0.0,0.0,pass,ok,0.1070913429139182,5.845634698867798,38588455,CI.WVP2.--,1
deterministic_noise,25182,ok,,0.0,True,True,0.0,0.0,pass,ok,0.10701968718785793,5.949753046035767,38588455,CI.WVP2.--,1
scale2,24846,ok,,0.0,True,True,0.0,0.0,pass,ok,0.09561363817192614,6.309075355529785,37421821,CI.WRC2.--,0
deterministic_noise,24846,ok,,0.0,True,True,0.0,0.0,pass,ok,0.09508561133407056,6.532320261001587,37421821,CI.WRC2.--,0
scale2,24846,ok,,0.0,True,True,0.0,0.0,pass,ok,0.10703292093239725,6.45935583114624,37421821,CI.WVP2.--,1
deterministic_noise,24846,ok,,0.0,True,True,0.0,0.0,pass,ok,0.10583777376450598,6.439433574676514,37421821,CI.WVP2.--,1
scale2,24648,ok,,0.0,True,True,0.0,0.0,pass,ok,0.11122655030339956,6.051750421524048,38604199,CI.JRC2.--,3
deterministic_noise,24648,ok,,0.0,True,True,0.0,0.0,pass,ok,0.11174735520035028,6.310811996459961,38604199,CI.JRC2.--,3
scale2,24648,ok,,0.0,True,True,0.0,0.0,pass,ok,0.18558493097953033,5.504059314727783,38604199,CI.WNM.--,7
deterministic_noise,24648,ok,,0.0,True,True,0.0,0.0,pass,ok,0.18549998263188172,5.316817879676819,38604199,CI.WNM.--,7
scale2,22746,ok,,0.0,True,True,0.0,0.0,pass,ok,0.09144960870617069,4.717454314231873,38614159,CI.SGL.--,0
deterministic_noise,22746,ok,,0.0,True,True,0.0,0.0,pass,ok,0.09143938342458569,4.843312054872513,38614159,CI.SGL.--,0
scale2,22746,ok,,0.0,True,True,0.0,0.0,pass,ok,0.15434680093312636,5.761150121688843,38614159,CI.DRE.--,1
deterministic_noise,22746,ok,,0.0,True,True,0.0,0.0,pass,ok,0.1544526893994771,5.590265512466431,38614159,CI.DRE.--,1
scale2,24951,ok,,0.0,True,True,0.0,0.0,pass,ok,0.10073346883291379,5.582612991333008,38615791,CI.CLC.--,0
deterministic_noise,24951,ok,,0.0,True,True,0.0,0.0,pass,ok,0.10089444130426273,5.660929918289185,38615791,CI.CLC.--,0
scale2,24951,ok,,0.0,True,True,0.0,0.0,pass,ok,0.18631142849335447,5.518725037574768,38615791,CI.WNM.--,5
deterministic_noise,24951,ok,,0.0,True,True,0.0,0.0,pass,ok,0.18622359161963686,5.899213016033173,38615791,CI.WNM.--,5
scale2,23163,ok,,0.0,True,True,0.0,0.0,pass,ok,0.12575627479236573,5.658344268798828,38634351,CI.PHL.--,0
deterministic_noise,23163,ok,,0.0,True,True,0.0,0.0,pass,ok,0.12574185070116073,5.694734573364258,38634351,CI.PHL.--,0
scale2,23163,ok,,0.0,True,True,0.0,0.0,pass,ok,0.09803525762981735,4.632340244948864,38634351,CI.SMR.--,1
deterministic_noise,23163,ok,,0.0,True,True,0.0,0.0,pass,ok,0.0980383713322226,4.579174235463142,38634351,CI.SMR.--,1
scale2,25137,ok,,0.0,True,True,0.0,0.0,pass,ok,0.09538405830971897,6.297731399536133,38644991,CI.WRC2.--,0
deterministic_noise,25137,ok,,0.0,True,True,0.0,0.0,pass,ok,0.09628484700806439,6.205431699752808,38644991,CI.WRC2.--,0
scale2,25137,ok,,0.0,True,True,0.0,0.0,pass,ok,0.10702299000695348,5.967518448829651,38644991,CI.WVP2.--,1
deterministic_noise,25137,ok,,0.0,True,True,0.0,0.0,pass,ok,0.10687555698677897,6.108768701553345,38644991,CI.WVP2.--,1
scale2,25176,ok,,0.0,True,True,0.0,0.0,pass,ok,0.08920605201274157,5.831375598907471,38971248,CI.WMF.--,0
deterministic_noise,25176,ok,,0.0,True,True,0.0,0.0,pass,ok,0.09008753579109907,5.945967316627502,38971248,CI.WMF.--,0
scale2,25179,ok,,0.0,True,True,0.0,0.0,pass,ok,0.08388808404561132,5.3151326179504395,38971248,CI.WRV2.--,1
deterministic_noise,25179,ok,,0.0,True,True,0.0,0.0,pass,ok,0.0839631404960528,5.096469581127167,38971248,CI.WRV2.--,1
scale2,24534,ok,,0.0,True,True,0.0,0.0,pass,ok,0.10159230284625664,5.575911045074463,38995952,CI.CLC.--,0
deterministic_noise,24534,ok,,0.0,True,True,0.0,0.0,pass,ok,0.10162862337892875,5.631396770477295,38995952,CI.CLC.--,0
scale2,24534,ok,,0.0,True,True,0.0,0.0,pass,ok,0.1260148236178793,7.358092784881592,38995952,CI.CCC.--,1
deterministic_noise,24534,ok,,0.0,True,True,0.0,0.0,pass,ok,0.12603524833684787,7.263028621673584,38995952,CI.CCC.--,1
scale2,24963,ok,,0.0,True,True,0.0,0.0,pass,ok,0.10432554269209504,6.226022243499756,38999312,CI.WRC2.--,0
deterministic_noise,24963,ok,,0.0,True,True,0.0,0.0,pass,ok,0.10422952985391021,5.917948961257935,38999312,CI.WRC2.--,0
scale2,24963,ok,,0.0,True,True,0.0,0.0,pass,ok,0.10727181192487478,6.048797011375427,38999312,CI.WVP2.--,1
deterministic_noise,24963,ok,,0.0,True,True,0.0,0.0,pass,ok,0.10708930436521769,5.937393069267273,38999312,CI.WVP2.--,1
scale2,24897,ok,,0.0,True,True,0.0,0.0,pass,ok,0.1013648640800966,5.69175398349762,39005120,CI.CLC.--,0
deterministic_noise,24897,ok,,0.0,True,True,0.0,0.0,pass,ok,0.10161536368832458,5.760554313659668,39005120,CI.CLC.--,0
scale2,24897,ok,,0.0,True,True,0.0,0.0,pass,ok,0.09840174484997988,6.40510892868042,39005120,CI.WRC2.--,1
deterministic_noise,24897,ok,,0.0,True,True,0.0,0.0,pass,ok,0.09900809358805418,6.571024656295776,39005120,CI.WRC2.--,1
scale2,22122,ok,,0.0,True,True,0.0,0.0,pass,ok,0.1963530784305476,5.263960212469101,38820207,CI.EMS.--,0
deterministic_noise,22122,ok,,0.0,True,True,0.0,0.0,pass,ok,0.1963575029913045,5.306050926446915,38820207,CI.EMS.--,0
scale2,22122,ok,,0.0,True,True,0.0,0.0,pass,ok,0.09307219310903747,4.546361925313249,38820207,CI.SGL.--,1
deterministic_noise,22122,ok,,0.0,True,True,0.0,0.0,pass,ok,0.09307018444633286,4.541741845896468,38820207,CI.SGL.--,1
scale2,24744,ok,,0.0,True,True,0.0,0.0,pass,ok,0.14172674319706857,7.750019073486328,38238754,CI.DRE.--,0
deterministic_noise,24744,ok,,0.0,True,True,0.0,0.0,pass,ok,0.1427753905300051,7.741021633148193,38238754,CI.DRE.--,0
scale2,24743,ok,,0.0,True,True,0.0,0.0,pass,ok,0.1131860320456326,7.198761224746704,38238754,CI.SNR.--,1
deterministic_noise,24744,ok,,0.0,True,True,0.0,0.0,pass,ok,0.11072550667449832,7.138012170791626,38238754,CI.SNR.--,1
scale2,24981,ok,,0.0,True,True,0.0,0.0,pass,ok,0.06095673574600369,5.418975353240967,38247706,CI.WMF.--,0
deterministic_noise,24981,ok,,0.0,True,True,0.0,0.0,pass,ok,0.06124990002717823,5.577881097793579,38247706,CI.WMF.--,0
scale2,24981,ok,,0.0,True,True,0.0,0.0,pass,ok,0.1433711601421237,6.988385200500488,38247706,CI.WCS2.--,1
deterministic_noise,24981,ok,,0.0,True,True,0.0,0.0,pass,ok,0.14358507562428713,7.573197603225708,38247706,CI.WCS2.--,1
scale2,24954,ok,,0.0,True,True,0.0,0.0,pass,ok,0.05794388218782842,5.694933772087097,38247754,CI.WMF.--,0
deterministic_noise,24954,ok,,0.0,True,True,0.0,0.0,pass,ok,0.05836143554188311,5.740237236022949,38247754,CI.WMF.--,0
scale2,24953,ok,,0.0,True,True,0.0,0.0,pass,ok,0.07615570025518537,6.2682976722717285,38247754,CI.WRV2.--,1
deterministic_noise,24954,ok,,0.0,True,True,0.0,0.0,pass,ok,0.07629189593717456,6.018603801727295,38247754,CI.WRV2.--,1
scale2,24960,ok,,0.0,True,True,0.0,0.0,pass,ok,0.056391599704511464,5.843184232711792,38248602,CI.WMF.--,0
deterministic_noise,24960,ok,,0.0,True,True,0.0,0.0,pass,ok,0.05671865202020854,5.476156949996948,38248602,CI.WMF.--,0
scale2,24958,ok,,0.0,True,True,0.0,0.0,pass,ok,0.07601949013769627,6.217615485191345,38248602,CI.WRV2.--,1
deterministic_noise,24960,ok,,0.0,True,True,0.0,0.0,pass,ok,0.07613991759717464,5.829503774642944,38248602,CI.WRV2.--,1
scale2,25215,ok,,0.0,True,True,0.0,0.0,pass,ok,0.04546991840470582,5.170817136764526,39209360,CI.WMF.--,0
deterministic_noise,25215,ok,,0.0,True,True,0.0,0.0,pass,ok,0.046423430438153446,5.0265419483184814,39209360,CI.WMF.--,0
scale2,25215,ok,,0.0,True,True,0.0,0.0,pass,ok,0.07043013209477067,5.247971892356873,39209360,CI.WRV2.--,1
deterministic_noise,25215,ok,,0.0,True,True,0.0,0.0,pass,ok,0.07073663687333465,5.492201566696167,39209360,CI.WRV2.--,1
scale2,24747,ok,,0.0,True,True,0.0,0.0,pass,ok,0.12026498862542212,6.657517194747925,39210096,CI.CLC.--,0
deterministic_noise,24747,ok,,0.0,True,True,0.0,0.0,pass,ok,0.12194701633416116,6.762394905090332,39210096,CI.CLC.--,0
scale2,24744,ok,,0.0,True,True,0.0,0.0,pass,ok,0.10941595304757357,6.806208372116089,39210096,CI.SRT.--,1
deterministic_noise,24744,ok,,0.0,True,True,0.0,0.0,pass,ok,0.10947672557085752,6.822878837585449,39210096,CI.SRT.--,1
scale2,24915,ok,,0.0,True,True,0.0,0.0,pass,ok,0.1037521967664361,6.703512668609619,39217824,CI.CCC.--,0
deterministic_noise,24915,ok,,0.0,True,True,0.0,0.0,pass,ok,0.10382125433534384,6.764218807220459,39217824,CI.CCC.--,0
scale2,24915,ok,,0.0,True,True,0.0,0.0,pass,ok,0.13326699554454535,5.64109206199646,39217824,CI.LRL.--,1
deterministic_noise,24915,ok,,0.0,True,True,0.0,0.0,pass,ok,0.13326725841034204,5.707453548908234,39217824,CI.LRL.--,1
scale2,24954,ok,,0.0,True,True,0.0,0.0,pass,ok,0.12060032387853425,5.1517146825790405,39225152,CI.CLC.--,0
deterministic_noise,24954,ok,,0.0,True,True,0.0,0.0,pass,ok,0.12094591210006911,5.363005638122559,39225152,CI.CLC.--,0
scale2,24951,ok,,0.0,True,True,0.0,0.0,pass,ok,0.10365435690619051,6.911661863327026,39225152,CI.TOW2.--,1
deterministic_noise,24951,ok,,0.0,True,True,0.0,0.0,pass,ok,0.1040063553955406,7.174719333648682,39225152,CI.TOW2.--,1
scale2,21690,ok,,0.0,True,True,0.0,0.0,pass,ok,0.0768709646363277,4.398272812366486,39225400,CI.SCI2.--,0
deterministic_noise,21690,ok,,0.0,True,True,0.0,0.0,pass,ok,0.07688003612565808,4.431357115507126,39225400,CI.SCI2.--,0
scale2,21690,ok,,0.0,True,True,0.0,0.0,pass,ok,0.06957700732164085,4.402962386608124,39225400,CI.SDG.--,1
deterministic_noise,21690,ok,,0.0,True,True,0.0,0.0,pass,ok,0.06958779809065163,4.38159953057766,39225400,CI.SDG.--,1
scale2,22806,ok,,0.0,True,True,0.0,0.0,pass,ok,0.07003612909466028,5.046953558921814,39233472,CI.SMR.--,0
deterministic_noise,22806,ok,,0.0,True,True,0.0,0.0,pass,ok,0.07003854867070913,5.099691152572632,39233472,CI.SMR.--,0
scale2,22806,ok,,0.0,True,True,0.0,0.0,pass,ok,0.08802977646701038,5.85628354549408,39233472,CI.YEG2.--,1
deterministic_noise,22806,ok,,0.0,True,True,0.0,0.0,pass,ok,0.08789068763144314,5.854674935340881,39233472,CI.YEG2.--,1
scale2,24855,ok,,0.0,True,True,0.0,0.0,pass,ok,0.07955923536792397,6.434539794921875,39013663,CI.SLA.--,0
deterministic_noise,24855,ok,,0.0,True,True,0.0,0.0,pass,ok,0.07961949845775962,6.5121471881866455,39013663,CI.SLA.--,0
scale2,24855,ok,,0.0,True,True,0.0,0.0,pass,ok,0.1066620901110582,5.968018412590027,39013663,CI.WRC2.--,1
deterministic_noise,24855,ok,,0.0,True,True,0.0,0.0,pass,ok,0.10665306152077392,6.142675280570984,39013663,CI.WRC2.--,1
scale2,25161,ok,,0.0,True,True,0.0,0.0,pass,ok,0.12248170736711472,5.700639367103577,39021735,CI.CLC.--,0
deterministic_noise,25161,ok,,0.0,True,True,0.0,0.0,pass,ok,0.12390341993886977,5.855237722396851,39021735,CI.CLC.--,0
scale2,25158,ok,,0.0,True,True,0.0,0.0,pass,ok,0.09992496203631163,7.207457542419434,39021735,CI.TOW2.--,1
deterministic_noise,25158,ok,,0.0,True,True,0.0,0.0,pass,ok,0.10019489843398333,7.326236248016357,39021735,CI.TOW2.--,1
scale2,22785,ok,,0.0,True,True,0.0,0.0,pass,ok,0.14175645721843466,5.750439167022705,39033039,CI.EMS.--,0
deterministic_noise,22785,ok,,0.0,True,True,0.0,0.0,pass,ok,0.14186756598064676,5.96388041973114,39033039,CI.EMS.--,0
scale2,22785,ok,,0.0,True,True,0.0,0.0,pass,ok,0.12725061479432043,6.477701425552368,39033039,CI.DRE.--,1
deterministic_noise,22785,ok,,0.0,True,True,0.0,0.0,pass,ok,0.12783498760836665,6.57172155380249,39033039,CI.DRE.--,1
scale2,23106,ok,,0.0,True,True,0.0,0.0,pass,ok,0.13973953192726185,4.919541772454977,39272488,CI.EMS.--,0
deterministic_noise,23106,ok,,0.0,True,True,0.0,0.0,pass,ok,0.1397500299881358,4.974354330450296,39272488,CI.EMS.--,0
scale2,23106,ok,,0.0,True,True,0.0,0.0,pass,ok,0.10754208542857668,4.761094033718109,39272488,CI.COA.--,1
deterministic_noise,23106,ok,,0.0,True,True,0.0,0.0,pass,ok,0.10755119196619489,4.7407472133636475,39272488,CI.COA.--,1
scale2,22953,ok,,0.0,True,True,0.0,0.0,pass,ok,0.14272628197795711,5.443941831588745,39277800,CI.EMS.--,0
deterministic_noise,22953,ok,,0.0,True,True,0.0,0.0,pass,ok,0.142774587176973,5.3649508357048035,39277800,CI.EMS.--,0
scale2,22953,ok,,0.0,True,True,0.0,0.0,pass,ok,0.12524068873608485,5.981230139732361,39277800,CI.DRE.--,1
deterministic_noise,22953,ok,,0.0,True,True,0.0,0.0,pass,ok,0.1254155882052146,5.99013090133667,39277800,CI.DRE.--,1
scale2,24108,ok,,0.0,True,True,0.0,0.0,pass,ok,0.034444972887285985,4.567411303520203,39281456,CI.RRX.--,0
deterministic_noise,24108,ok,,0.0,True,True,0.0,0.0,pass,ok,0.03443640469049569,4.560429573059082,39281456,CI.RRX.--,0
scale2,24108,ok,,0.0,True,True,0.0,0.0,pass,ok,0.1281411636446137,5.389522433280945,39281456,CI.GSC.--,1
deterministic_noise,24108,ok,,0.0,True,True,0.0,0.0,pass,ok,0.12814606839674525,5.372905671596527,39281456,CI.GSC.--,1
scale2,24624,ok,,0.0,True,True,0.0,0.0,pass,ok,0.03459070093231276,4.676756024360657,39283296,CI.RRX.--,0
deterministic_noise,24624,ok,,0.0,True,True,0.0,0.0,pass,ok,0.03457015164894983,4.596197247505188,39283296,CI.RRX.--,0
scale2,24624,ok,,0.0,True,True,0.0,0.0,pass,ok,0.08419702989340294,4.690368056297302,39283296,CI.AVM.--,1
deterministic_noise,24624,ok,,0.0,True,True,0.0,0.0,pass,ok,0.08422130304097664,4.632043093442917,39283296,CI.AVM.--,1
scale2,24324,ok,,0.0,True,True,0.0,0.0,pass,ok,0.06580949458293617,5.176300883293152,39285816,CI.MAG.--,0
deterministic_noise,24324,ok,,0.0,True,True,0.0,0.0,pass,ok,0.06582743790932,5.06138277053833,39285816,CI.MAG.--,0
scale2,24324,ok,,0.0,True,True,0.0,0.0,pass,ok,0.19009370682761073,6.843418002128601,39285816,CI.BAK.--,1
deterministic_noise,24324,ok,,0.0,True,True,0.0,0.0,pass,ok,0.19026531698182225,6.913840651512146,39285816,CI.BAK.--,1
scale2,22944,ok,,0.0,True,True,0.0,0.0,pass,ok,0.14411472301071626,4.94368128105998,39287680,CI.EMS.--,0
deterministic_noise,22944,ok,,0.0,True,True,0.0,0.0,pass,ok,0.14412712533885497,5.011453587561846,39287680,CI.EMS.--,0
scale2,22944,ok,,0.0,True,True,0.0,0.0,pass,ok,0.13718022039392963,5.513795256614685,39287680,CI.DRE.--,1
deterministic_noise,22944,ok,,0.0,True,True,0.0,0.0,pass,ok,0.13728568324586377,5.375378251075745,39287680,CI.DRE.--,1
scale2,24087,ok,,0.0,True,True,0.0,0.0,pass,ok,0.03674172447063029,5.500120401382446,39296624,CI.RRX.--,0
deterministic_noise,24087,ok,,0.0,True,True,0.0,0.0,pass,ok,0.036406671395525336,5.415743350982666,39296624,CI.RRX.--,0
scale2,24087,ok,,0.0,True,True,0.0,0.0,pass,ok,0.12932924111373723,7.056217670440674,39296624,CI.GSC.--,1
deterministic_noise,24087,ok,,0.0,True,True,0.0,0.0,pass,ok,0.12937336484901607,6.90190052986145,39296624,CI.GSC.--,1
scale2,23459,ok,,0.0,True,True,0.0,0.0,pass,ok,0.15335996296198573,5.596024751663208,39083127,CI.CHI.--,0
deterministic_noise,23459,ok,,0.0,True,True,0.0,0.0,pass,ok,0.15337510559766088,5.311033755540848,39083127,CI.CHI.--,0
scale2,23460,ok,,0.0,True,True,0.0,0.0,pass,ok,0.056974757462739944,4.5582340359687805,39083127,CI.LVY.--,1
deterministic_noise,23460,ok,,0.0,True,True,0.0,0.0,pass,ok,0.05709107220172882,4.567987322807312,39083127,CI.LVY.--,1
scale2,24999,ok,,0.0,True,True,0.0,0.0,pass,ok,0.11487120343372226,7.384414911270142,39089007,CI.WRC2.--,0
deterministic_noise,24999,ok,,0.0,True,True,0.0,0.0,pass,ok,0.11373838828876615,7.40475869178772,39089007,CI.WRC2.--,0
scale2,24999,ok,,0.0,True,True,0.0,0.0,pass,ok,0.10010978416539729,7.14415717124939,39089007,CI.TOW2.--,1
deterministic_noise,24999,ok,,0.0,True,True,0.0,0.0,pass,ok,0.1003561036195606,7.330186367034912,39089007,CI.TOW2.--,1
scale2,21987,ok,,0.0,True,True,0.0,0.0,pass,ok,0.1466227871078445,5.010540938004851,39089087,CI.EMS.--,0
deterministic_noise,21987,ok,,0.0,True,True,0.0,0.0,pass,ok,0.1466283696991013,4.9788174871355295,39089087,CI.EMS.--,0
scale2,21987,ok,,0.0,True,True,0.0,0.0,pass,ok,0.14370358065934852,5.335360169410706,39089087,CI.DRE.--,1
deterministic_noise,21987,ok,,0.0,True,True,0.0,0.0,pass,ok,0.1437513820710592,5.572389364242554,39089087,CI.DRE.--,1
scale2,25215,ok,,0.0,True,True,0.0,0.0,pass,ok,0.12166896880444256,5.678007125854492,39090087,CI.CLC.--,0
deterministic_noise,25215,ok,,0.0,True,True,0.0,0.0,pass,ok,0.12333225040856632,5.7612234354019165,39090087,CI.CLC.--,0
scale2,25212,ok,,0.0,True,True,0.0,0.0,pass,ok,0.09989797812886536,7.403038501739502,39090087,CI.TOW2.--,1
deterministic_noise,25212,ok,,0.0,True,True,0.0,0.0,pass,ok,0.10008640843443573,7.374961614608765,39090087,CI.TOW2.--,1
scale2,25272,ok,,0.0,True,True,0.0,0.0,pass,ok,0.041010173968970776,5.857272148132324,38386162,CI.WMF.--,0
deterministic_noise,25272,ok,,0.0,True,True,0.0,0.0,pass,ok,0.0433574290946126,5.716351509094238,38386162,CI.WMF.--,0
scale2,25272,ok,,0.0,True,True,0.0,0.0,pass,ok,0.07488392892992124,5.723853945732117,38386162,CI.WRV2.--,1
deterministic_noise,25272,ok,,0.0,True,True,0.0,0.0,pass,ok,0.07523396756732836,5.754539489746094,38386162,CI.WRV2.--,1
scale2,25275,ok,,0.0,True,True,0.0,0.0,pass,ok,0.0431625721976161,5.83646035194397,38386410,CI.WMF.--,0
deterministic_noise,25275,ok,,0.0,True,True,0.0,0.0,pass,ok,0.04748207423835993,5.909262180328369,38386410,CI.WMF.--,0
scale2,25275,ok,,0.0,True,True,0.0,0.0,pass,ok,0.07481181342154741,6.47027325630188,38386410,CI.WRV2.--,1
deterministic_noise,25275,ok,,0.0,True,True,0.0,0.0,pass,ok,0.07529482524842024,6.376493215560913,38386410,CI.WRV2.--,1
scale2,25296,ok,,0.0,True,True,0.0,0.0,pass,ok,0.039360735565423965,6.05165958404541,38387018,CI.WMF.--,0
deterministic_noise,25296,ok,,0.0,True,True,0.0,0.0,pass,ok,0.042088575661182404,5.703022480010986,38387018,CI.WMF.--,0
scale2,25296,ok,,0.0,True,True,0.0,0.0,pass,ok,0.07598710898309946,6.64697790145874,38387018,CI.WRV2.--,1
deterministic_noise,25296,ok,,0.0,True,True,0.0,0.0,pass,ok,0.07656095083802938,6.648518323898315,38387018,CI.WRV2.--,1
scale2,24432,ok,,0.0,True,True,0.0,0.0,pass,ok,0.12215702864341438,6.281695008277893,39108583,CI.CLC.--,0
deterministic_noise,24432,ok,,0.0,True,True,0.0,0.0,pass,ok,0.12313318368978798,6.4507153034210205,39108583,CI.CLC.--,0
scale2,24429,ok,,0.0,True,True,0.0,0.0,pass,ok,0.0988054727204144,6.469088315963745,39108583,CI.SRT.--,1
deterministic_noise,24429,ok,,0.0,True,True,0.0,0.0,pass,ok,0.09885409427806735,6.559528350830078,39108583,CI.SRT.--,1
scale2,24828,ok,,0.0,True,True,0.0,0.0,pass,ok,0.0768333338201046,7.190051078796387,39111991,CI.SLA.--,0
deterministic_noise,24828,ok,,0.0,True,True,0.0,0.0,pass,ok,0.0797634907066822,7.303243637084961,39111991,CI.SLA.--,0
scale2,24828,ok,,0.0,True,True,0.0,0.0,pass,ok,0.10517708142288029,7.299768686294556,39111991,CI.WRC2.--,1
deterministic_noise,24828,ok,,0.0,True,True,0.0,0.0,pass,ok,0.10514744441024959,7.273360252380371,39111991,CI.WRC2.--,1
scale2,25254,ok,,0.0,True,True,0.0,0.0,pass,ok,0.033152095740661025,4.856093049049377,39114071,CI.WMF.--,0
deterministic_noise,25254,ok,,0.0,True,True,0.0,0.0,pass,ok,0.03340431326068938,4.937524795532227,39114071,CI.WMF.--,0
scale2,25254,ok,,0.0,True,True,0.0,0.0,pass,ok,0.07584960234817117,5.201905906200409,39114071,CI.WRV2.--,1
deterministic_noise,25254,ok,,0.0,True,True,0.0,0.0,pass,ok,0.07594547944609076,5.090491533279419,39114071,CI.WRV2.--,1
scale2,24822,ok,,0.0,True,True,0.0,0.0,pass,ok,0.11762270634062588,6.33089005947113,39116263,CI.CCC.--,0
deterministic_noise,24822,ok,,0.0,True,True,0.0,0.0,pass,ok,0.11781770433299243,6.251887321472168,39116263,CI.CCC.--,0
scale2,24822,ok,,0.0,True,True,0.0,0.0,pass,ok,0.14536861126543954,5.6408867835998535,39116263,CI.LRL.--,1
deterministic_noise,24822,ok,,0.0,True,True,0.0,0.0,pass,ok,0.14535560662625358,5.586971461772919,39116263,CI.LRL.--,1
scale2,24513,ok,,0.0,True,True,0.0,0.0,pass,ok,0.1215868762228638,5.53879052400589,39138391,CI.CLC.--,0
deterministic_noise,24513,ok,,0.0,True,True,0.0,0.0,pass,ok,0.12192780314944685,5.807189106941223,39138391,CI.CLC.--,0
scale2,24510,ok,,0.0,True,True,0.0,0.0,pass,ok,0.10587836196646094,6.100338697433472,39138391,CI.SRT.--,1
deterministic_noise,24510,ok,,0.0,True,True,0.0,0.0,pass,ok,0.10589518258348107,6.178956389427185,39138391,CI.SRT.--,1
scale2,24834,ok,,0.0,True,True,0.0,0.0,pass,ok,0.07998415362089872,6.075356960296631,39141103,CI.SLA.--,0
deterministic_noise,24834,ok,,0.0,True,True,0.0,0.0,pass,ok,0.08001007605344057,5.97188138961792,39141103,CI.SLA.--,0
scale2,24834,ok,,0.0,True,True,0.0,0.0,pass,ok,0.03580380917992443,4.321691870689392,39141103,CI.MPM.--,1
deterministic_noise,24834,ok,,0.0,True,True,0.0,0.0,pass,ok,0.03565867303404957,4.597203016281128,39141103,CI.MPM.--,1
scale2,22866,ok,,0.0,True,True,0.0,0.0,pass,ok,0.0911525548967802,4.523857265710831,39380472,CI.SGL.--,0
deterministic_noise,22866,ok,,0.0,True,True,0.0,0.0,pass,ok,0.09114743903546696,4.5592066422104836,39380472,CI.SGL.--,0
scale2,22866,ok,,0.0,True,True,0.0,0.0,pass,ok,0.1325484291446628,5.370534718036652,39380472,CI.DRE.--,1
deterministic_noise,22866,ok,,0.0,True,True,0.0,0.0,pass,ok,0.13254023336048704,5.287977576255798,39380472,CI.DRE.--,1
scale2,24411,ok,,0.0,True,True,0.0,0.0,pass,ok,0.10591573768761009,6.617694854736328,39386896,CI.CCC.--,0
deterministic_noise,24411,ok,,0.0,True,True,0.0,0.0,pass,ok,0.10595345741603523,6.656765460968018,39386896,CI.CCC.--,0
scale2,24411,ok,,0.0,True,True,0.0,0.0,pass,ok,0.11822445248253644,5.73921275138855,39386896,CI.CLC.--,1
deterministic_noise,24411,ok,,0.0,True,True,0.0,0.0,pass,ok,0.11840086872689426,5.93402886390686,39386896,CI.CLC.--,1
scale2,25203,ok,,0.0,True,True,0.0,0.0,pass,ok,0.03906242735683918,5.735773801803589,39387336,CI.WMF.--,0
deterministic_noise,25203,ok,,0.0,True,True,0.0,0.0,pass,ok,0.039408545941114426,5.358921051025391,39387336,CI.WMF.--,0
scale2,25203,ok,,0.0,True,True,0.0,0.0,pass,ok,0.12121986877173185,7.57591438293457,39387336,CI.WCS2.--,1
deterministic_noise,25203,ok,,0.0,True,True,0.0,0.0,pass,ok,0.1219450430944562,7.533444881439209,39387336,CI.WCS2.--,1
scale2,24651,ok,,0.0,True,True,0.0,0.0,pass,ok,0.08041505143046379,6.832974910736084,39395080,CI.SLA.--,0
deterministic_noise,24651,ok,,0.0,True,True,0.0,0.0,pass,ok,0.08047859743237495,6.758110046386719,39395080,CI.SLA.--,0
scale2,24651,ok,,0.0,True,True,0.0,0.0,pass,ok,0.10316008352674544,6.728647947311401,39395080,CI.WRC2.--,1
deterministic_noise,24651,ok,,0.0,True,True,0.0,0.0,pass,ok,0.10314127779565752,6.140124320983887,39395080,CI.WRC2.--,1
scale2,24666,ok,,0.0,True,True,0.0,0.0,pass,ok,0.0803276589140296,6.7619569301605225,39395096,CI.SLA.--,0
deterministic_noise,24666,ok,,0.0,True,True,0.0,0.0,pass,ok,0.08037666324526072,6.588736295700073,39395096,CI.SLA.--,0
scale2,24666,ok,,0.0,True,True,0.0,0.0,pass,ok,0.1032290454604663,5.634922623634338,39395096,CI.WRC2.--,1
deterministic_noise,24666,ok,,0.0,True,True,0.0,0.0,pass,ok,0.10322344343876466,5.473382771015167,39395096,CI.WRC2.--,1
scale2,23130,ok,,0.0,True,True,0.0,0.0,pass,ok,0.17258398265948927,5.315576553344727,39206855,CI.EMS.--,0
deterministic_noise,23130,ok,,0.0,True,True,0.0,0.0,pass,ok,0.1726006862390932,5.345444887876511,39206855,CI.EMS.--,0
scale2,23130,ok,,0.0,True,True,0.0,0.0,pass,ok,0.15932210255414248,6.2134785652160645,39206855,CI.DRE.--,1
deterministic_noise,23130,ok,,0.0,True,True,0.0,0.0,pass,ok,0.15948862861841917,6.07252836227417,39206855,CI.DRE.--,1
scale2,24579,ok,,0.0,True,True,0.0,0.0,pass,ok,0.12057455605827272,7.305330276489258,39462672,CI.CCC.--,0
deterministic_noise,24579,ok,,0.0,True,True,0.0,0.0,pass,ok,0.12063346826471388,7.622116565704346,39462672,CI.CCC.--,0
scale2,24579,ok,,0.0,True,True,0.0,0.0,pass,ok,0.11675067234318703,5.813877105712891,39462672,CI.CLC.--,1
deterministic_noise,24579,ok,,0.0,True,True,0.0,0.0,pass,ok,0.11693260085303336,5.53392219543457,39462672,CI.CLC.--,1
scale2,24600,ok,,0.0,True,True,0.0,0.0,pass,ok,0.12074266630224884,6.689297437667847,39462744,CI.CCC.--,0
deterministic_noise,24600,ok,,0.0,True,True,0.0,0.0,pass,ok,0.1207917530555278,6.569637298583984,39462744,CI.CCC.--,0
scale2,24600,ok,,0.0,True,True,0.0,0.0,pass,ok,0.11697856782120652,5.211867392063141,39462744,CI.CLC.--,1
deterministic_noise,24600,ok,,0.0,True,True,0.0,0.0,pass,ok,0.11702394785243087,5.094665825366974,39462744,CI.CLC.--,1
scale2,24723,ok,,0.0,True,True,0.0,0.0,pass,ok,0.1213817442767322,7.295538663864136,39462768,CI.CCC.--,0
deterministic_noise,24723,ok,,0.0,True,True,0.0,0.0,pass,ok,0.12147899763658643,7.507966995239258,39462768,CI.CCC.--,0
scale2,24723,ok,,0.0,True,True,0.0,0.0,pass,ok,0.1173154212301597,5.457323253154755,39462768,CI.LRL.--,1
deterministic_noise,24723,ok,,0.0,True,True,0.0,0.0,pass,ok,0.11731563287321478,5.559384703636169,39462768,CI.LRL.--,1
scale2,24795,ok,,0.0,True,True,0.0,0.0,pass,ok,0.07197338656987995,6.7482099533081055,39462920,CI.WMF.--,0
deterministic_noise,24795,ok,,0.0,True,True,0.0,0.0,pass,ok,0.07282690389547497,6.854707479476929,39462920,CI.WMF.--,0
scale2,24795,ok,,0.0,True,True,0.0,0.0,pass,ok,0.08496432192623615,7.470090866088867,39462920,CI.WRV2.--,1
deterministic_noise,24795,ok,,0.0,True,True,0.0,0.0,pass,ok,0.0867313202470541,7.0954999923706055,39462920,CI.WRV2.--,1
scale2,24624,ok,,0.0,True,True,0.0,0.0,pass,ok,0.12087745871394873,6.37888491153717,39463040,CI.CCC.--,0
deterministic_noise,24624,ok,,0.0,True,True,0.0,0.0,pass,ok,0.12090591434389353,6.502467632293701,39463040,CI.CCC.--,0
scale2,24624,ok,,0.0,True,True,0.0,0.0,pass,ok,0.11707344179740176,5.032367616891861,39463040,CI.CLC.--,1
deterministic_noise,24624,ok,,0.0,True,True,0.0,0.0,pass,ok,0.1171175810159184,4.821293160319328,39463040,CI.CLC.--,1
scale2,24765,ok,,0.0,True,True,0.0,0.0,pass,ok,0.1209373053861782,6.748677730560303,39463304,CI.CCC.--,0
deterministic_noise,24765,ok,,0.0,True,True,0.0,0.0,pass,ok,0.12097656459081918,6.906326770782471,39463304,CI.CCC.--,0
scale2,24765,ok,,0.0,True,True,0.0,0.0,pass,ok,0.11697618040489033,5.077716410160065,39463304,CI.LRL.--,1
deterministic_noise,24765,ok,,0.0,True,True,0.0,0.0,pass,ok,0.1169763567741029,5.061388969421387,39463304,CI.LRL.--,1
scale2,24747,ok,,0.0,True,True,0.0,0.0,pass,ok,0.13274280808400363,7.251221656799316,39463528,CI.CCC.--,0
deterministic_noise,24747,ok,,0.0,True,True,0.0,0.0,pass,ok,0.1331693819956854,7.285644769668579,39463528,CI.CCC.--,0
scale2,24747,ok,,0.0,True,True,0.0,0.0,pass,ok,0.1275820687878877,6.070775508880615,39463528,CI.LRL.--,1
deterministic_noise,24747,ok,,0.0,True,True,0.0,0.0,pass,ok,0.12754458631388843,5.662318468093872,39463528,CI.LRL.--,1
scale2,24552,ok,,0.0,True,True,0.0,0.0,pass,ok,0.12265180423855782,7.859647750854492,39464360,CI.CCC.--,0
deterministic_noise,24552,ok,,0.0,True,True,0.0,0.0,pass,ok,0.12284435704350471,7.967102766036987,39464360,CI.CCC.--,0
scale2,24552,ok,,0.0,True,True,0.0,0.0,pass,ok,0.11732105299597606,6.808958053588867,39464360,CI.CLC.--,1
deterministic_noise,24552,ok,,0.0,True,True,0.0,0.0,pass,ok,0.11751625553006306,6.743597507476807,39464360,CI.CLC.--,1
scale2,24558,ok,,0.0,True,True,0.0,0.0,pass,ok,0.12418783083558083,8.091891050338745,39469848,CI.CCC.--,0
deterministic_noise,24558,ok,,0.0,True,True,0.0,0.0,pass,ok,0.12601684406399727,7.923605442047119,39469848,CI.CCC.--,0
scale2,24558,ok,,0.0,True,True,0.0,0.0,pass,ok,0.11189343850128353,6.70444917678833,39469848,CI.CLC.--,1
deterministic_noise,24558,ok,,0.0,True,True,0.0,0.0,pass,ok,0.11216214229352772,6.904425859451294,39469848,CI.CLC.--,1
scale2,25008,ok,,0.0,True,True,0.0,0.0,pass,ok,0.08891261415556073,7.02621865272522,39477608,CI.WRC2.--,0
deterministic_noise,25008,ok,,0.0,True,True,0.0,0.0,pass,ok,0.08845977438613772,6.8738648891448975,39477608,CI.WRC2.--,0
scale2,25008,ok,,0.0,True,True,0.0,0.0,pass,ok,0.10851720930077136,6.468465089797974,39477608,CI.WVP2.--,1
deterministic_noise,25008,ok,,0.0,True,True,0.0,0.0,pass,ok,0.10831902711652219,6.537107229232788,39477608,CI.WVP2.--,1
scale2,25215,ok,,0.0,True,True,0.0,0.0,pass,ok,0.1507015135139227,8.182487726211548,39481424,CI.WCS2.--,0
deterministic_noise,25215,ok,,0.0,True,True,0.0,0.0,pass,ok,0.15737883187830448,8.152162075042725,39481424,CI.WCS2.--,0
scale2,25218,ok,,0.0,True,True,0.0,0.0,pass,ok,0.1114566121250391,7.384838581085205,39481424,CI.JRC2.--,1
deterministic_noise,25218,ok,,0.0,True,True,0.0,0.0,pass,ok,0.11633001081645489,7.209853887557983,39481424,CI.JRC2.--,1
scale2,22260,ok,,0.0,True,True,0.0,0.0,pass,ok,0.19279590692895,5.391469240188599,39274191,CI.EMS.--,0
deterministic_noise,22260,ok,,0.0,True,True,0.0,0.0,pass,ok,0.1928024098597234,5.178330972790718,39274191,CI.EMS.--,0
scale2,22257,ok,,0.0,True,True,0.0,0.0,pass,ok,0.0920700661081355,4.596989661455154,39274191,CI.SGL.--,1
deterministic_noise,22257,ok,,0.0,True,True,0.0,0.0,pass,ok,0.09206867896136828,4.527078961953521,39274191,CI.SGL.--,1
scale2,24924,ok,,0.0,True,True,0.0,0.0,pass,ok,0.15538072865456343,7.484109163284302,39338399,CI.RXH.--,0
deterministic_noise,24924,ok,,0.0,True,True,0.0,0.0,pass,ok,0.15362676698714495,7.867520570755005,39338399,CI.RXH.--,0
scale2,24921,ok,,0.0,True,True,0.0,0.0,pass,ok,0.1317344643175602,7.592356204986572,39338399,CI.WWF.--,1
deterministic_noise,24921,ok,,0.0,True,True,0.0,0.0,pass,ok,0.1319052390754223,7.795057058334351,39338399,CI.WWF.--,1
scale2,24939,ok,,0.0,True,True,0.0,0.0,pass,ok,0.15220544347539544,6.883935928344727,39338415,CI.RXH.--,0
deterministic_noise,24939,ok,,0.0,True,True,0.0,0.0,pass,ok,0.1518791257403791,6.921074628829956,39338415,CI.RXH.--,0
scale2,24939,ok,,0.0,True,True,0.0,0.0,pass,ok,0.13827304798178375,6.690072774887085,39338415,CI.WWF.--,1
deterministic_noise,24939,ok,,0.0,True,True,0.0,0.0,pass,ok,0.13827453297562897,6.808995723724365,39338415,CI.WWF.--,1
scale2,24966,ok,,0.0,True,True,0.0,0.0,pass,ok,0.14928624406456947,7.4155073165893555,37452101,CI.RXH.--,0
deterministic_noise,24966,ok,,0.0,True,True,0.0,0.0,pass,ok,0.14781096205115318,7.642014026641846,37452101,CI.RXH.--,0
scale2,24966,ok,,0.0,True,True,0.0,0.0,pass,ok,0.1463843658566475,7.7294299602508545,37452101,CI.WWF.--,1
deterministic_noise,24966,ok,,0.0,True,True,0.0,0.0,pass,ok,0.1464226022362709,7.720483303070068,37452101,CI.WWF.--,1
scale2,24489,ok,,0.0,True,True,0.0,0.0,pass,ok,0.1320052326482255,7.556414365768433,39587168,CI.CCC.--,0
deterministic_noise,24489,ok,,0.0,True,True,0.0,0.0,pass,ok,0.13209904424729757,7.583239555358887,39587168,CI.CCC.--,0
scale2,24489,ok,,0.0,True,True,0.0,0.0,pass,ok,0.11925943016831297,6.717655420303345,39587168,CI.CLC.--,1
deterministic_noise,24489,ok,,0.0,True,True,0.0,0.0,pass,ok,0.11953835368331056,6.688666343688965,39587168,CI.CLC.--,1
scale2,25272,ok,,0.0,True,True,0.0,0.0,pass,ok,0.12458262398286024,5.9249303340911865,39362087,CI.CLC.--,0
deterministic_noise,25272,ok,,0.0,True,True,0.0,0.0,pass,ok,0.12489199832634768,5.936094880104065,39362087,CI.CLC.--,0
scale2,25269,ok,,0.0,True,True,0.0,0.0,pass,ok,0.11781233380315825,5.907415986061096,39362087,CI.TOW2.--,1
deterministic_noise,25269,ok,,0.0,True,True,0.0,0.0,pass,ok,0.11782862414838746,5.516417860984802,39362087,CI.TOW2.--,1
scale2,25296,ok,,0.0,True,True,0.0,0.0,pass,ok,0.1398220593109727,7.797431468963623,39368535,CI.WCS2.--,0
deterministic_noise,25296,ok,,0.0,True,True,0.0,0.0,pass,ok,0.14045844599604607,7.965789794921875,39368535,CI.WCS2.--,0
scale2,25296,ok,,0.0,True,True,0.0,0.0,pass,ok,0.1330628772266209,7.379788637161255,39368535,CI.JRC2.--,1
deterministic_noise,25296,ok,,0.0,True,True,0.0,0.0,pass,ok,0.13764362735673785,7.462709665298462,39368535,CI.JRC2.--,1
scale2,24366,ok,,0.0,True,True,0.0,0.0,pass,ok,0.13798399234292447,6.713375091552734,38701098,CI.CCC.--,0
deterministic_noise,24366,ok,,0.0,True,True,0.0,0.0,pass,ok,0.13812004065039218,6.533732891082764,38701098,CI.CCC.--,0
scale2,24369,ok,,0.0,True,True,0.0,0.0,pass,ok,0.12422540027182549,5.704691112041473,38701098,CI.CLC.--,1
deterministic_noise,24369,ok,,0.0,True,True,0.0,0.0,pass,ok,0.12444321077782661,5.7224040031433105,38701098,CI.CLC.--,1
scale2,25284,ok,,0.0,True,True,0.0,0.0,pass,ok,0.11963149160146713,7.957524061203003,39640688,CI.WMD.--,0
deterministic_noise,25284,ok,,0.0,True,True,0.0,0.0,pass,ok,0.12129193544387817,7.97366189956665,39640688,CI.WMD.--,0
scale2,25284,ok,,0.0,True,True,0.0,0.0,pass,ok,0.12211551889777184,7.292668104171753,39640688,CI.RXH.--,1
deterministic_noise,25284,ok,,0.0,True,True,0.0,0.0,pass,ok,0.12197217717766762,6.47836446762085,39640688,CI.RXH.--,1
scale2,25260,ok,,0.0,True,True,0.0,0.0,pass,ok,0.12174979969859123,8.034294843673706,39641088,CI.WMD.--,0
deterministic_noise,25260,ok,,0.0,True,True,0.0,0.0,pass,ok,0.12326868250966072,7.850368499755859,39641088,CI.WMD.--,0
scale2,25260,ok,,0.0,True,True,0.0,0.0,pass,ok,0.12245857855305076,6.539618015289307,39641088,CI.RXH.--,1
deterministic_noise,25260,ok,,0.0,True,True,0.0,0.0,pass,ok,0.12224437901750207,6.256527066230774,39641088,CI.RXH.--,1
scale2,25290,ok,,0.0,True,True,0.0,0.0,pass,ok,0.11669507180340588,7.699206829071045,39641112,CI.WMD.--,0
deterministic_noise,25290,ok,,0.0,True,True,0.0,0.0,pass,ok,0.11798662389628589,7.935173273086548,39641112,CI.WMD.--,0
scale2,25290,ok,,0.0,True,True,0.0,0.0,pass,ok,0.06626721177599393,5.580213308334351,39641112,CI.IMP.--,1
deterministic_noise,25290,ok,,0.0,True,True,0.0,0.0,pass,ok,0.06630877699353732,5.684732913970947,39641112,CI.IMP.--,1
scale2,25227,ok,,0.0,True,True,0.0,0.0,pass,ok,0.12214610469527543,6.996002435684204,39641552,CI.WMD.--,0
deterministic_noise,25227,ok,,0.0,True,True,0.0,0.0,pass,ok,0.12235635775141418,6.853671073913574,39641552,CI.WMD.--,0
scale2,25227,ok,,0.0,True,True,0.0,0.0,pass,ok,0.12266617291606963,5.587535977363586,39641552,CI.RXH.--,1
deterministic_noise,25227,ok,,0.0,True,True,0.0,0.0,pass,ok,0.12254657573066652,6.14293360710144,39641552,CI.RXH.--,1
scale2,25203,ok,,0.0,True,True,0.0,0.0,pass,ok,0.12234421825269237,7.76254415512085,39641568,CI.WMD.--,0
deterministic_noise,25203,ok,,0.0,True,True,0.0,0.0,pass,ok,0.1227212026133202,7.806230783462524,39641568,CI.WMD.--,0
scale2,25203,ok,,0.0,True,True,0.0,0.0,pass,ok,0.06974091310985386,5.516759753227234,39641568,CI.IMP.--,1
deterministic_noise,25203,ok,,0.0,True,True,0.0,0.0,pass,ok,0.06992034683935344,5.4775930643081665,39641568,CI.IMP.--,1
scale2,25110,ok,,0.0,True,True,0.0,0.0,pass,ok,0.117513925768435,7.402906179428101,39641576,CI.WMD.--,0
deterministic_noise,25110,ok,,0.0,True,True,0.0,0.0,pass,ok,0.1175937345251441,7.760987281799316,39641576,CI.WMD.--,0
scale2,25110,ok,,0.0,True,True,0.0,0.0,pass,ok,0.12648039171472192,6.665338516235352,39641576,CI.RXH.--,1
deterministic_noise,25110,ok,,0.0,True,True,0.0,0.0,pass,ok,0.12622042885050178,6.651408672332764,39641576,CI.RXH.--,1
scale2,25071,ok,,0.0,True,True,0.0,0.0,pass,ok,0.11832697875797749,7.487416505813599,39641632,CI.WMD.--,0
deterministic_noise,25071,ok,,0.0,True,True,0.0,0.0,pass,ok,0.11841495893895626,7.660975217819214,39641632,CI.WMD.--,0
scale2,25071,ok,,0.0,True,True,0.0,0.0,pass,ok,0.1272824457846582,7.244174242019653,39641632,CI.RXH.--,1
deterministic_noise,25071,ok,,0.0,True,True,0.0,0.0,pass,ok,0.12703526252880692,6.974539518356323,39641632,CI.RXH.--,1
scale2,25236,ok,,0.0,True,True,0.0,0.0,pass,ok,0.12957096472382545,7.897937774658203,39641656,CI.WMD.--,0
deterministic_noise,25236,ok,,0.0,True,True,0.0,0.0,pass,ok,0.13039317354559898,8.086206436157227,39641656,CI.WMD.--,0
scale2,25236,ok,,0.0,True,True,0.0,0.0,pass,ok,0.12092757550999522,6.397076606750488,39641656,CI.RXH.--,1
deterministic_noise,25236,ok,,0.0,True,True,0.0,0.0,pass,ok,0.12072802754119039,6.304886817932129,39641656,CI.RXH.--,1
scale2,25047,ok,,0.0,True,True,0.0,0.0,pass,ok,0.11686913575977087,7.0551533699035645,39641672,CI.WMD.--,0
deterministic_noise,25047,ok,,0.0,True,True,0.0,0.0,pass,ok,0.11693011317402124,7.138888120651245,39641672,CI.WMD.--,0
scale2,25047,ok,,0.0,True,True,0.0,0.0,pass,ok,0.12476870650425553,6.788917064666748,39641672,CI.RXH.--,1
deterministic_noise,25047,ok,,0.0,True,True,0.0,0.0,pass,ok,0.12453532731160522,7.17077112197876,39641672,CI.RXH.--,1
scale2,25149,ok,,0.0,True,True,0.0,0.0,pass,ok,0.11601019371300936,7.777770519256592,39641696,CI.WMD.--,0
deterministic_noise,25149,ok,,0.0,True,True,0.0,0.0,pass,ok,0.11645812075585127,7.650178670883179,39641696,CI.WMD.--,0
scale2,25149,ok,,0.0,True,True,0.0,0.0,pass,ok,0.12528254836797714,7.097235918045044,39641696,CI.RXH.--,1
deterministic_noise,25149,ok,,0.0,True,True,0.0,0.0,pass,ok,0.12505581974983215,6.751243352890015,39641696,CI.RXH.--,1
scale2,25176,ok,,0.0,True,True,0.0,0.0,pass,ok,0.12074109632521868,7.399858236312866,39641712,CI.WMD.--,0
deterministic_noise,25176,ok,,0.0,True,True,0.0,0.0,pass,ok,0.12108263652771711,7.620545148849487,39641712,CI.WMD.--,0
scale2,25176,ok,,0.0,True,True,0.0,0.0,pass,ok,0.12287483655381948,6.445978045463562,39641712,CI.RXH.--,1
deterministic_noise,25176,ok,,0.0,True,True,0.0,0.0,pass,ok,0.12272356904577464,6.3294113874435425,39641712,CI.RXH.--,1
scale2,25239,ok,,0.0,True,True,0.0,0.0,pass,ok,0.11948106624186039,7.649205923080444,37456509,CI.WMD.--,0
deterministic_noise,25239,ok,,0.0,True,True,0.0,0.0,pass,ok,0.1196619626134634,7.692137002944946,37456509,CI.WMD.--,0
scale2,25239,ok,,0.0,True,True,0.0,0.0,pass,ok,0.06939286511624232,5.82381546497345,37456509,CI.CLI2.--,1
deterministic_noise,25239,ok,,0.0,True,True,0.0,0.0,pass,ok,0.06985681731021032,6.000701904296875,37456509,CI.CLI2.--,1
scale2,25218,ok,,0.0,True,True,0.0,0.0,pass,ok,0.1288026226684451,7.603151559829712,39641888,CI.WMD.--,0
deterministic_noise,25218,ok,,0.0,True,True,0.0,0.0,pass,ok,0.12909347284585238,7.616934537887573,39641888,CI.WMD.--,0
scale2,25218,ok,,0.0,True,True,0.0,0.0,pass,ok,0.06651180004701018,5.94610333442688,39641888,CI.CLI2.--,1
deterministic_noise,25218,ok,,0.0,True,True,0.0,0.0,pass,ok,0.06666479120030999,5.528408408164978,39641888,CI.CLI2.--,1
scale2,25167,ok,,0.0,True,True,0.0,0.0,pass,ok,0.11660823225975037,8.003324508666992,39641896,CI.WMD.--,0
deterministic_noise,25167,ok,,0.0,True,True,0.0,0.0,pass,ok,0.11719673871994019,8.048567295074463,39641896,CI.WMD.--,0
scale2,25167,ok,,0.0,True,True,0.0,0.0,pass,ok,0.06887100148014724,5.881098985671997,39641896,CI.CLI2.--,1
deterministic_noise,25167,ok,,0.0,True,True,0.0,0.0,pass,ok,0.06920522940345109,6.018221139907837,39641896,CI.CLI2.--,1
scale2,24651,ok,,0.0,True,True,0.0,0.0,pass,ok,0.13212598988320678,6.315284967422485,37456549,CI.WMD.--,0
deterministic_noise,24651,ok,,0.0,True,True,0.0,0.0,pass,ok,0.13219249120447785,6.039225220680237,37456549,CI.WMD.--,0
scale2,24651,ok,,0.0,True,True,0.0,0.0,pass,ok,0.06443933793343604,4.736130654811859,37456549,CI.CLI2.--,1
deterministic_noise,24651,ok,,0.0,True,True,0.0,0.0,pass,ok,0.06443561962805688,4.742091596126556,37456549,CI.CLI2.--,1
scale2,25176,ok,,0.0,True,True,0.0,0.0,pass,ok,0.12147658597677946,7.119679689407349,39643336,CI.WMD.--,0
deterministic_noise,25176,ok,,0.0,True,True,0.0,0.0,pass,ok,0.12170351762324572,7.037394762039185,39643336,CI.WMD.--,0
scale2,25176,ok,,0.0,True,True,0.0,0.0,pass,ok,0.06825304310768843,5.3140705823898315,39643336,CI.IMP.--,1
deterministic_noise,25176,ok,,0.0,True,True,0.0,0.0,pass,ok,0.06849384028464556,5.508069038391113,39643336,CI.IMP.--,1
scale2,25185,ok,,0.0,True,True,0.0,0.0,pass,ok,0.1247696508653462,7.227123498916626,39643344,CI.WMD.--,0
deterministic_noise,25185,ok,,0.0,True,True,0.0,0.0,pass,ok,0.12494295788928866,7.2156336307525635,39643344,CI.WMD.--,0
scale2,25185,ok,,0.0,True,True,0.0,0.0,pass,ok,0.12055780552327633,6.9960291385650635,39643344,CI.RXH.--,1
deterministic_noise,25185,ok,,0.0,True,True,0.0,0.0,pass,ok,0.12039525248110294,6.99672269821167,39643344,CI.RXH.--,1
scale2,25071,ok,,0.0,True,True,0.0,0.0,pass,ok,0.11804629536345601,7.309034109115601,39643368,CI.WMD.--,0
deterministic_noise,25071,ok,,0.0,True,True,0.0,0.0,pass,ok,0.11811305163428187,7.37010931968689,39643368,CI.WMD.--,0
scale2,25071,ok,,0.0,True,True,0.0,0.0,pass,ok,0.12767175445333123,6.568668842315674,39643368,CI.RXH.--,1
deterministic_noise,25071,ok,,0.0,True,True,0.0,0.0,pass,ok,0.127411553170532,6.768007278442383,39643368,CI.RXH.--,1
scale2,25146,ok,,0.0,True,True,0.0,0.0,pass,ok,0.12077488377690315,7.131700038909912,39645744,CI.WMD.--,0
deterministic_noise,25146,ok,,0.0,True,True,0.0,0.0,pass,ok,0.12108932808041573,7.471754550933838,39645744,CI.WMD.--,0
scale2,25146,ok,,0.0,True,True,0.0,0.0,pass,ok,0.12352637841831893,7.26305890083313,39645744,CI.RXH.--,1
deterministic_noise,25146,ok,,0.0,True,True,0.0,0.0,pass,ok,0.12324074015486985,7.109278440475464,39645744,CI.RXH.--,1
scale2,25134,ok,,0.0,True,True,0.0,0.0,pass,ok,0.117201317101717,7.803237676620483,37457525,CI.WMD.--,0
deterministic_noise,25134,ok,,0.0,True,True,0.0,0.0,pass,ok,0.1182297132909298,7.957266330718994,37457525,CI.WMD.--,0
scale2,25134,ok,,0.0,True,True,0.0,0.0,pass,ok,0.125149104045704,6.812263011932373,37457525,CI.RXH.--,1
deterministic_noise,25134,ok,,0.0,True,True,0.0,0.0,pass,ok,0.12496454711072147,6.678656578063965,37457525,CI.RXH.--,1
scale2,25107,ok,,0.0,True,True,0.0,0.0,pass,ok,0.11764493025839329,7.8104634284973145,39649048,CI.WMD.--,0
deterministic_noise,25107,ok,,0.0,True,True,0.0,0.0,pass,ok,0.11920095793902874,7.818152189254761,39649048,CI.WMD.--,0
scale2,25107,ok,,0.0,True,True,0.0,0.0,pass,ok,0.12861475863610394,7.302009344100952,39649048,CI.RXH.--,1
deterministic_noise,25107,ok,,0.0,True,True,0.0,0.0,pass,ok,0.1279999264224898,7.348238229751587,39649048,CI.RXH.--,1
scale2,25158,ok,,0.0,True,True,0.0,0.0,pass,ok,0.12572658993303776,7.862462520599365,39649056,CI.WMD.--,0
deterministic_noise,25158,ok,,0.0,True,True,0.0,0.0,pass,ok,0.12664585374295712,7.901303768157959,39649056,CI.WMD.--,0
scale2,25158,ok,,0.0,True,True,0.0,0.0,pass,ok,0.1177879124879837,7.271688938140869,39649056,CI.RXH.--,1
deterministic_noise,25158,ok,,0.0,True,True,0.0,0.0,pass,ok,0.11756794154644012,7.052938938140869,39649056,CI.RXH.--,1
scale2,24426,ok,,0.0,True,True,0.0,0.0,pass,ok,0.1478094741833047,5.897181153297424,39649656,CI.SRT.--,0
deterministic_noise,24426,ok,,0.0,True,True,0.0,0.0,pass,ok,0.14783163516403874,6.183577537536621,39649656,CI.SRT.--,0
scale2,24429,ok,,0.0,True,True,0.0,0.0,pass,ok,0.12398340436629951,5.881965637207031,39649656,CI.CLC.--,1
deterministic_noise,24429,ok,,0.0,True,True,0.0,0.0,pass,ok,0.12427619961090386,5.860421776771545,39649656,CI.CLC.--,1
scale2,24894,ok,,0.0,True,True,0.0,0.0,pass,ok,0.1276296330615878,7.839062452316284,39653920,CI.WMD.--,0
deterministic_noise,24894,ok,,0.0,True,True,0.0,0.0,pass,ok,0.12791523803025484,7.651597261428833,39653920,CI.WMD.--,0
scale2,24894,ok,,0.0,True,True,0.0,0.0,pass,ok,0.07200425385963172,5.724179267883301,39653920,CI.IMP.--,1
deterministic_noise,24894,ok,,0.0,True,True,0.0,0.0,pass,ok,0.0720243799732998,5.6860023736953735,39653920,CI.IMP.--,1
scale2,23364,ok,,0.0,True,True,0.0,0.0,pass,ok,0.19240240834187716,5.829564988613129,39666952,CI.EMS.--,0
deterministic_noise,23364,ok,,0.0,True,True,0.0,0.0,pass,ok,0.19246150471735746,5.7342623472213745,39666952,CI.EMS.--,0
scale2,23361,ok,,0.0,True,True,0.0,0.0,pass,ok,0.12785343459108844,5.61876106262207,39666952,CI.COA.--,1
deterministic_noise,23361,ok,,0.0,True,True,0.0,0.0,pass,ok,0.12791738280793652,5.582289934158325,39666952,CI.COA.--,1
scale2,22954,ok,,0.0,True,True,0.0,0.0,pass,ok,0.18076163502701093,5.398912400007248,39667304,CI.EMS.--,0
deterministic_noise,22954,ok,,0.0,True,True,0.0,0.0,pass,ok,0.18077625361911487,5.458156794309616,39667304,CI.EMS.--,0
scale2,22956,ok,,0.0,True,True,0.0,0.0,pass,ok,0.1561615066602826,6.201265931129456,39667304,CI.DRE.--,1
deterministic_noise,22956,ok,,0.0,True,True,0.0,0.0,pass,ok,0.15624174010008574,6.075883507728577,39667304,CI.DRE.--,1
scale2,25065,ok,,0.0,True,True,0.0,0.0,pass,ok,0.1542916400358081,6.605793118476868,39441199,CI.HEC.--,0
deterministic_noise,25065,ok,,0.0,True,True,0.0,0.0,pass,ok,0.1542585240676999,6.663596272468567,39441199,CI.HEC.--,0
scale2,25065,ok,,0.0,True,True,0.0,0.0,pass,ok,0.12827994833060075,5.458760857582092,39441199,CI.NBS.--,1
deterministic_noise,25065,ok,,0.0,True,True,0.0,0.0,pass,ok,0.1282981990807457,5.38124817609787,39441199,CI.NBS.--,1
scale2,25089,ok,,0.0,True,True,0.0,0.0,pass,ok,0.15417687143781222,5.777474105358124,39442343,CI.HEC.--,0
deterministic_noise,25089,ok,,0.0,True,True,0.0,0.0,pass,ok,0.15415963981649838,5.8346588015556335,39442343,CI.HEC.--,0
scale2,25089,ok,,0.0,True,True,0.0,0.0,pass,ok,0.12827204406494275,5.0725113451480865,39442343,CI.NBS.--,1
deterministic_noise,25089,ok,,0.0,True,True,0.0,0.0,pass,ok,0.12828251480823383,5.152518481016159,39442343,CI.NBS.--,1
scale2,25173,ok,,0.0,True,True,0.0,0.0,pass,ok,0.09655814524739981,6.879739284515381,39460703,CI.WRC2.--,0
deterministic_noise,25173,ok,,0.0,True,True,0.0,0.0,pass,ok,0.09643448237329721,7.156684875488281,39460703,CI.WRC2.--,0
scale2,25173,ok,,0.0,True,True,0.0,0.0,pass,ok,0.13323750346899033,6.963238716125488,39460703,CI.WCS2.--,1
deterministic_noise,25173,ok,,0.0,True,True,0.0,0.0,pass,ok,0.1339106336236,7.028628587722778,39460703,CI.WCS2.--,1
scale2,24681,ok,,0.0,True,True,0.0,0.0,pass,ok,0.04797496390528977,5.4490227699279785,39461591,CI.SYP.--,0
deterministic_noise,24681,ok,,0.0,True,True,0.0,0.0,pass,ok,0.04779821145348251,5.427443027496338,39461591,CI.SYP.--,0
scale2,24681,ok,,0.0,True,True,0.0,0.0,pass,ok,0.10809349548071623,7.099775075912476,39461591,CI.USB.00,1
deterministic_noise,24681,ok,,0.0,True,True,0.0,0.0,pass,ok,0.10809603799134493,7.032851934432983,39461591,CI.USB.00,1
scale2,24822,ok,,0.0,True,True,0.0,0.0,pass,ok,0.09925580397248268,7.711066007614136,39466903,CI.WRC2.--,0
deterministic_noise,24822,ok,,0.0,True,True,0.0,0.0,pass,ok,0.09908408299088478,7.464541912078857,39466903,CI.WRC2.--,0
scale2,24822,ok,,0.0,True,True,0.0,0.0,pass,ok,0.10057984944432974,7.231842041015625,39466903,CI.TOW2.--,1
deterministic_noise,24822,ok,,0.0,True,True,0.0,0.0,pass,ok,0.10059464816004038,7.113626956939697,39466903,CI.TOW2.--,1
scale2,25071,ok,,0.0,True,True,0.0,0.0,pass,ok,0.16662639880087227,7.225977659225464,39468407,CI.HEC.--,0
deterministic_noise,25071,ok,,0.0,True,True,0.0,0.0,pass,ok,0.1665396491298452,7.123011112213135,39468407,CI.HEC.--,0
scale2,25071,ok,,0.0,True,True,0.0,0.0,pass,ok,0.12184484547469765,5.799112796783447,39468407,CI.NBS.--,1
deterministic_noise,25071,ok,,0.0,True,True,0.0,0.0,pass,ok,0.12188352399971336,5.779549241065979,39468407,CI.NBS.--,1
scale2,25098,ok,,0.0,True,True,0.0,0.0,pass,ok,0.0684334762609069,5.823832988739014,39470639,CI.ARV.--,0
deterministic_noise,25098,ok,,0.0,True,True,0.0,0.0,pass,ok,0.06828845513700799,5.734602689743042,39470639,CI.ARV.--,0
scale2,25098,ok,,0.0,True,True,0.0,0.0,pass,ok,0.17636264226166531,5.388778507709503,39470639,CI.TJR.--,1
deterministic_noise,25098,ok,,0.0,True,True,0.0,0.0,pass,ok,0.17638475337298587,5.759613752365112,39470639,CI.TJR.--,1
scale2,24414,ok,,0.0,True,True,0.0,0.0,pass,ok,0.10830922471359372,6.280770778656006,39481463,CI.CCC.--,0
deterministic_noise,24414,ok,,0.0,True,True,0.0,0.0,pass,ok,0.10834062052890658,6.5082703828811646,39481463,CI.CCC.--,0
scale2,24414,ok,,0.0,True,True,0.0,0.0,pass,ok,0.12358351470902562,6.052081823348999,39481463,CI.CLC.--,1
deterministic_noise,24414,ok,,0.0,True,True,0.0,0.0,pass,ok,0.12376121757552028,6.213179588317871,39481463,CI.CLC.--,1
scale2,24000,ok,,0.0,True,True,0.0,0.0,pass,ok,0.0812987138342578,6.041689157485962,39485839,CI.SDG.--,0
deterministic_noise,24000,ok,,0.0,True,True,0.0,0.0,pass,ok,0.0812967817473691,5.874829292297363,39485839,CI.SDG.--,0
scale2,24000,ok,,0.0,True,True,0.0,0.0,pass,ok,0.05576855487015564,4.456651151180267,39485839,CI.OLP.--,1
deterministic_noise,24000,ok,,0.0,True,True,0.0,0.0,pass,ok,0.05573868581268471,4.55535763502121,39485839,CI.OLP.--,1
scale2,24957,ok,,0.0,True,True,0.0,0.0,pass,ok,0.10733876738231629,6.902918100357056,39487087,CI.WRC2.--,0
deterministic_noise,24957,ok,,0.0,True,True,0.0,0.0,pass,ok,0.10700598743278533,6.8009350299835205,39487087,CI.WRC2.--,0
scale2,24957,ok,,0.0,True,True,0.0,0.0,pass,ok,0.10080565605312586,7.121026515960693,39487087,CI.TOW2.--,1
deterministic_noise,24957,ok,,0.0,True,True,0.0,0.0,pass,ok,0.10113123711198568,7.034922361373901,39487087,CI.TOW2.--,1
scale2,22824,ok,,0.0,True,True,0.0,0.0,pass,ok,0.1533923674505786,7.167625665664673,39505887,CI.EMS.--,0
deterministic_noise,22824,ok,,0.0,True,True,0.0,0.0,pass,ok,0.15350260546983918,7.409740209579468,39505887,CI.EMS.--,0
scale2,22821,ok,,0.0,True,True,0.0,0.0,pass,ok,0.11797579168342054,4.939837068319321,39505887,CI.COA.--,1
deterministic_noise,22821,ok,,0.0,True,True,0.0,0.0,pass,ok,0.11799974204041064,5.001351609826088,39505887,CI.COA.--,1
scale2,24031,ok,,0.0,True,True,0.0,0.0,pass,ok,0.07427952717989683,6.067653059959412,39759376,CI.WRV2.--,1
deterministic_noise,24031,ok,,0.0,True,True,0.0,0.0,pass,ok,0.07461289037019014,6.211008071899414,39759376,CI.WRV2.--,1
scale2,24030,ok,,0.0,True,True,0.0,0.0,pass,ok,0.12257872382178903,7.172546148300171,39759376,CI.CWC.--,2
deterministic_noise,24030,ok,,0.0,True,True,0.0,0.0,pass,ok,0.12169101228937507,6.882278203964233,39759376,CI.CWC.--,2
scale2,23973,ok,,0.0,True,True,0.0,0.0,pass,ok,0.07888668007217348,6.485175132751465,39759432,CI.WRV2.--,1
deterministic_noise,23973,ok,,0.0,True,True,0.0,0.0,pass,ok,0.07905669533647597,6.181127309799194,39759432,CI.WRV2.--,1
scale2,23970,ok,,0.0,True,True,0.0,0.0,pass,ok,0.1205056537874043,7.22523045539856,39759432,CI.CWC.--,2
deterministic_noise,23970,ok,,0.0,True,True,0.0,0.0,pass,ok,0.11958903027698398,6.749392747879028,39759432,CI.CWC.--,2
scale2,24219,ok,,0.0,True,True,0.0,0.0,pass,ok,0.04646458546631038,4.5623739361763,39759456,CI.WMF.--,0
deterministic_noise,24219,ok,,0.0,True,True,0.0,0.0,pass,ok,0.046524322824552655,4.78534209728241,39759456,CI.WMF.--,0
scale2,24219,ok,,0.0,True,True,0.0,0.0,pass,ok,0.07406495208851993,5.320671081542969,39759456,CI.WRV2.--,1
deterministic_noise,24219,ok,,0.0,True,True,0.0,0.0,pass,ok,0.07413061265833676,5.291805028915405,39759456,CI.WRV2.--,1
scale2,24780,ok,,0.0,True,True,0.0,0.0,pass,ok,0.04030526569113135,4.858793020248413,39760416,CI.MPM.--,0
deterministic_noise,24780,ok,,0.0,True,True,0.0,0.0,pass,ok,0.039784221444278955,5.094596266746521,39760416,CI.MPM.--,0
scale2,24780,ok,,0.0,True,True,0.0,0.0,pass,ok,0.10728380642831326,7.162450790405273,39760416,CI.WRC2.--,1
deterministic_noise,24780,ok,,0.0,True,True,0.0,0.0,pass,ok,0.1072570402175188,7.132373094558716,39760416,CI.WRC2.--,1
scale2,24828,ok,,0.0,True,True,0.0,0.0,pass,ok,0.08247787354048342,6.752352237701416,39543967,CI.SLA.--,0
deterministic_noise,24828,ok,,0.0,True,True,0.0,0.0,pass,ok,0.08254957350436598,6.650373458862305,39543967,CI.SLA.--,0
scale2,24828,ok,,0.0,True,True,0.0,0.0,pass,ok,0.04037199332378805,5.2060534954071045,39543967,CI.MPM.--,1
deterministic_noise,24828,ok,,0.0,True,True,0.0,0.0,pass,ok,0.03993705124594271,5.21783971786499,39543967,CI.MPM.--,1
scale2,25224,ok,,0.0,True,True,0.0,0.0,pass,ok,0.06134242657572031,6.237416982650757,39546855,CI.RXH.--,0
deterministic_noise,25224,ok,,0.0,True,True,0.0,0.0,pass,ok,0.06095850374549627,6.723538398742676,39546855,CI.RXH.--,0
scale2,25219,ok,,0.0,True,True,0.0,0.0,pass,ok,0.03646117658354342,5.064862489700317,39546855,CI.CLI2.--,1
deterministic_noise,25221,ok,,0.0,True,True,0.0,0.0,pass,ok,0.03657274483703077,5.307935476303101,39546855,CI.CLI2.--,1
scale2,24708,ok,,0.0,True,True,0.0,0.0,pass,ok,0.04337870143353939,6.215583086013794,39550567,CI.WMF.--,0
deterministic_noise,24708,ok,,0.0,True,True,0.0,0.0,pass,ok,0.044460354372859,5.913532257080078,39550567,CI.WMF.--,0
scale2,24708,ok,,0.0,True,True,0.0,0.0,pass,ok,0.07665047375485301,6.566148281097412,39550567,CI.WRV2.--,1
deterministic_noise,24708,ok,,0.0,True,True,0.0,0.0,pass,ok,0.07708917977288365,6.729889869689941,39550567,CI.WRV2.--,1
scale2,24855,ok,,0.0,True,True,0.0,0.0,pass,ok,0.08333719705024123,6.847658395767212,39552143,CI.SLA.--,0
deterministic_noise,24855,ok,,0.0,True,True,0.0,0.0,pass,ok,0.08341762985310197,6.818035125732422,39552143,CI.SLA.--,0
scale2,24855,ok,,0.0,True,True,0.0,0.0,pass,ok,0.040842677699401975,5.649702072143555,39552143,CI.MPM.--,1
deterministic_noise,24855,ok,,0.0,True,True,0.0,0.0,pass,ok,0.04059803381096572,5.837032079696655,39552143,CI.MPM.--,1
scale2,24846,ok,,0.0,True,True,0.0,0.0,pass,ok,0.08785912464372814,5.831638336181641,39794648,CI.SLA.--,0
deterministic_noise,24846,ok,,0.0,True,True,0.0,0.0,pass,ok,0.0880286165047437,5.996689677238464,39794648,CI.SLA.--,0
scale2,24846,ok,,0.0,True,True,0.0,0.0,pass,ok,0.04423644230701029,5.278728723526001,39794648,CI.MPM.--,1
deterministic_noise,24846,ok,,0.0,True,True,0.0,0.0,pass,ok,0.04439858137629926,5.243024706840515,39794648,CI.MPM.--,1
scale2,24372,ok,,0.0,True,True,0.0,0.0,pass,ok,0.04543749033473432,5.259843111038208,39796240,CI.WMF.--,0
deterministic_noise,24372,ok,,0.0,True,True,0.0,0.0,pass,ok,0.04555238620378077,4.825056791305542,39796240,CI.WMF.--,0
scale2,24375,ok,,0.0,True,True,0.0,0.0,pass,ok,0.07852703041862696,4.962726593017578,39796240,CI.WRV2.--,1
deterministic_noise,24375,ok,,0.0,True,True,0.0,0.0,pass,ok,0.07855015539098531,5.0121365785598755,39796240,CI.WRV2.--,1
scale2,24477,ok,,0.0,True,True,0.0,0.0,pass,ok,0.12712209310848266,6.191304445266724,39803680,CI.CLC.--,0
deterministic_noise,24477,ok,,0.0,True,True,0.0,0.0,pass,ok,0.12768900010269135,6.17878794670105,39803680,CI.CLC.--,0
scale2,24474,ok,,0.0,True,True,0.0,0.0,pass,ok,0.11471283761784434,6.681596517562866,39803680,CI.CCC.--,1
deterministic_noise,24474,ok,,0.0,True,True,0.0,0.0,pass,ok,0.1148112309165299,6.973811149597168,39803680,CI.CCC.--,1
scale2,22839,ok,,0.0,True,True,0.0,0.0,pass,ok,0.14242614585964475,5.231116682291031,39596151,CI.DRE.--,0
deterministic_noise,22839,ok,,0.0,True,True,0.0,0.0,pass,ok,0.14241723935992923,5.236433416604996,39596151,CI.DRE.--,0
scale2,22839,ok,,0.0,True,True,0.0,0.0,pass,ok,0.1147882978693815,4.718679063022137,39596151,CI.COA.--,1
deterministic_noise,22839,ok,,0.0,True,True,0.0,0.0,pass,ok,0.11479664190846961,4.7849201038479805,39596151,CI.COA.--,1
scale2,22801,ok,,0.0,True,True,0.0,0.0,pass,ok,0.1568372906986042,5.129150867462158,39596607,CI.EMS.--,0
deterministic_noise,22801,ok,,0.0,True,True,0.0,0.0,pass,ok,0.15684462470380822,5.134439304471016,39596607,CI.EMS.--,0
scale2,22803,ok,,0.0,True,True,0.0,0.0,pass,ok,0.1536756349960342,5.7531410455703735,39596607,CI.DRE.--,1
deterministic_noise,22803,ok,,0.0,True,True,0.0,0.0,pass,ok,0.15372639463748783,5.715136885643005,39596607,CI.DRE.--,1
scale2,24702,ok,,0.0,True,True,0.0,0.0,pass,ok,0.11189417552668601,7.4561028480529785,39841832,CI.CCC.--,0
deterministic_noise,24702,ok,,0.0,True,True,0.0,0.0,pass,ok,0.11201450962107629,7.273938417434692,39841832,CI.CCC.--,0
scale2,24702,ok,,0.0,True,True,0.0,0.0,pass,ok,0.12048308784142137,5.489113986492157,39841832,CI.CLC.--,1
deterministic_noise,24702,ok,,0.0,True,True,0.0,0.0,pass,ok,0.1205675951205194,5.332345724105835,39841832,CI.CLC.--,1
scale2,24801,ok,,0.0,True,True,0.0,0.0,pass,ok,0.15992503077723086,7.285188436508179,39842872,CI.DRE.--,0
deterministic_noise,24801,ok,,0.0,True,True,0.0,0.0,pass,ok,0.16045358567498624,7.1710591316223145,39842872,CI.DRE.--,0
scale2,24798,ok,,0.0,True,True,0.0,0.0,pass,ok,0.10862142853147816,6.749778985977173,39842872,CI.SNR.--,1
deterministic_noise,24798,ok,,0.0,True,True,0.0,0.0,pass,ok,0.10820215679996181,6.726014614105225,39842872,CI.SNR.--,1
scale2,24468,ok,,0.0,True,True,0.0,0.0,pass,ok,0.12484092055819929,6.429669380187988,39843952,CI.CLC.--,0
deterministic_noise,24468,ok,,0.0,True,True,0.0,0.0,pass,ok,0.12559273303486407,6.560883045196533,39843952,CI.CLC.--,0
scale2,24465,ok,,0.0,True,True,0.0,0.0,pass,ok,0.12438636086881161,6.690936088562012,39843952,CI.CCC.--,2
deterministic_noise,24465,ok,,0.0,True,True,0.0,0.0,pass,ok,0.12452315725386143,7.073607921600342,39843952,CI.CCC.--,2
scale2,25092,ok,,0.0,True,True,0.0,0.0,pass,ok,0.12453400809317827,5.903945326805115,39846664,CI.CLC.--,0
deterministic_noise,25092,ok,,0.0,True,True,0.0,0.0,pass,ok,0.1254113493487239,5.8338702917099,39846664,CI.CLC.--,0
scale2,25089,ok,,0.0,True,True,0.0,0.0,pass,ok,0.10621947981417179,7.097400665283203,39846664,CI.TOW2.--,1
deterministic_noise,25089,ok,,0.0,True,True,0.0,0.0,pass,ok,0.10631688497960567,7.552420377731323,39846664,CI.TOW2.--,1
scale2,24483,ok,,0.0,True,True,0.0,0.0,pass,ok,0.11255770176649094,7.02905011177063,39634983,CI.CCC.--,0
deterministic_noise,24483,ok,,0.0,True,True,0.0,0.0,pass,ok,0.112617127597332,6.99213981628418,39634983,CI.CCC.--,0
scale2,24483,ok,,0.0,True,True,0.0,0.0,pass,ok,0.12006737937917933,5.831170916557312,39634983,CI.CLC.--,1
deterministic_noise,24483,ok,,0.0,True,True,0.0,0.0,pass,ok,0.12019837746629491,5.81015145778656,39634983,CI.CLC.--,1
scale2,22439,ok,,0.0,True,True,0.0,0.0,pass,ok,0.18332827484118752,5.434685528278351,39647327,CI.EMS.--,0
deterministic_noise,22439,ok,,0.0,True,True,0.0,0.0,pass,ok,0.18335289860260673,5.422541469335556,39647327,CI.EMS.--,0
scale2,22437,ok,,0.0,True,True,0.0,0.0,pass,ok,0.12371155554137658,4.964017987251282,39647327,CI.COA.--,1
deterministic_noise,22437,ok,,0.0,True,True,0.0,0.0,pass,ok,0.12371849334158469,4.752681747078896,39647327,CI.COA.--,1
scale2,21921,ok,,0.0,True,True,0.0,0.0,pass,ok,0.18643723368586507,5.448846817016602,39909592,CI.EMS.--,0
deterministic_noise,21921,ok,,0.0,True,True,0.0,0.0,pass,ok,0.18644788920937572,5.186954230070114,39909592,CI.EMS.--,0
scale2,21921,ok,,0.0,True,True,0.0,0.0,pass,ok,0.12292541136412183,4.927230715751648,39909592,CI.CDD.--,1
deterministic_noise,21921,ok,,0.0,True,True,0.0,0.0,pass,ok,0.12293516526551684,4.827568843960762,39909592,CI.CDD.--,1
scale2,25065,ok,,0.0,True,True,0.0,0.0,pass,ok,0.10057440819218755,6.960805654525757,37327652,CI.RXH.--,0
deterministic_noise,25065,ok,,0.0,True,True,0.0,0.0,pass,ok,0.10095087764784694,6.968362092971802,37327652,CI.RXH.--,0
scale2,25062,ok,,0.0,True,True,0.0,0.0,pass,ok,0.05844811489805579,5.9179933071136475,37327652,CI.CLI2.--,1
deterministic_noise,25062,ok,,0.0,True,True,0.0,0.0,pass,ok,0.05848036194220185,5.625308990478516,37327652,CI.CLI2.--,1
scale2,25002,ok,,0.0,True,True,0.0,0.0,pass,ok,0.0993380457512103,7.254403829574585,39919256,CI.RXH.--,0
deterministic_noise,25002,ok,,0.0,True,True,0.0,0.0,pass,ok,0.09931963193230331,7.320550441741943,39919256,CI.RXH.--,0
scale2,24999,ok,,0.0,True,True,0.0,0.0,pass,ok,0.05901704356074333,5.9028356075286865,39919256,CI.CLI2.--,1
deterministic_noise,24999,ok,,0.0,True,True,0.0,0.0,pass,ok,0.059348318725824356,5.9401328563690186,39919256,CI.CLI2.--,1
scale2,25032,ok,,0.0,True,True,0.0,0.0,pass,ok,0.060959911497775465,5.253463625907898,39919272,CI.CLI2.--,1
deterministic_noise,25032,ok,,0.0,True,True,0.0,0.0,pass,ok,0.061167152074631304,5.1570234298706055,39919272,CI.CLI2.--,1
scale2,25032,ok,,0.0,True,True,0.0,0.0,pass,ok,0.13516989909112453,7.302318334579468,39919272,CI.WMD.--,2
deterministic_noise,25032,ok,,0.0,True,True,0.0,0.0,pass,ok,0.1352259162813425,7.811098575592041,39919272,CI.WMD.--,2
scale2,25089,ok,,0.0,True,True,0.0,0.0,pass,ok,0.10090599581599236,7.2936928272247314,37327820,CI.RXH.--,0
deterministic_noise,25089,ok,,0.0,True,True,0.0,0.0,pass,ok,0.10127485170960426,7.6777503490448,37327820,CI.RXH.--,0
scale2,25085,ok,,0.0,True,True,0.0,0.0,pass,ok,0.061040615662932396,6.315963983535767,37327820,CI.CLI2.--,1
deterministic_noise,25086,ok,,0.0,True,True,0.0,0.0,pass,ok,0.061329977586865425,6.4043498039245605,37327820,CI.CLI2.--,1
scale2,25065,ok,,0.0,True,True,0.0,0.0,pass,ok,0.11005196534097195,7.365160703659058,39919280,CI.RXH.--,0
deterministic_noise,25065,ok,,0.0,True,True,0.0,0.0,pass,ok,0.10646616853773594,7.328665494918823,39919280,CI.RXH.--,0
scale2,25063,ok,,0.0,True,True,0.0,0.0,pass,ok,0.07202713191509247,6.389713287353516,39919280,CI.CLI2.--,1
deterministic_noise,25065,ok,,0.0,True,True,0.0,0.0,pass,ok,0.07043414795771241,6.2604005336761475,39919280,CI.CLI2.--,1
scale2,24951,ok,,0.0,True,True,0.0,0.0,pass,ok,0.06150136239739368,4.627715826034546,39919296,CI.CLI2.--,1
deterministic_noise,24953,ok,,0.0,True,True,0.0,0.0,pass,ok,0.06174400352028897,4.7614633440971375,39919296,CI.CLI2.--,1
scale2,24951,ok,,0.0,True,True,0.0,0.0,pass,ok,0.14089738295297138,6.852904558181763,39919296,CI.WMD.--,2
deterministic_noise,24951,ok,,0.0,True,True,0.0,0.0,pass,ok,0.14091532959719189,7.059614896774292,39919296,CI.WMD.--,2
scale2,24986,ok,,0.0,True,True,0.0,0.0,pass,ok,0.05864339112304151,5.412245869636536,39919408,CI.CLI2.--,0
deterministic_noise,24987,ok,,0.0,True,True,0.0,0.0,pass,ok,0.05862923921085894,5.374380826950073,39919408,CI.CLI2.--,0
scale2,24990,ok,,0.0,True,True,0.0,0.0,pass,ok,0.09870934346690774,6.70235538482666,39919408,CI.RXH.--,1
deterministic_noise,24990,ok,,0.0,True,True,0.0,0.0,pass,ok,0.09905453165993094,6.877069711685181,39919408,CI.RXH.--,1
scale2,24950,ok,,0.0,True,True,0.0,0.0,pass,ok,0.061820970731787384,5.052948832511902,39919416,CI.CLI2.--,1
deterministic_noise,24951,ok,,0.0,True,True,0.0,0.0,pass,ok,0.06221470807213336,5.129317760467529,39919416,CI.CLI2.--,1
scale2,24948,ok,,0.0,True,True,0.0,0.0,pass,ok,0.22699881905282382,5.759534001350403,39919416,CI.ERR.--,4
deterministic_noise,24948,ok,,0.0,True,True,0.0,0.0,pass,ok,0.2267633545998251,6.261388182640076,39919416,CI.ERR.--,4
scale2,25230,ok,,0.0,True,True,0.0,0.0,pass,ok,0.09949941886588931,5.892314553260803,37327332,CI.RXH.--,0
deterministic_noise,25230,ok,,0.0,True,True,0.0,0.0,pass,ok,0.09964934037998319,5.939099311828613,37327332,CI.RXH.--,0
scale2,25226,ok,,0.0,True,True,0.0,0.0,pass,ok,0.06065428326110123,4.196471095085144,37327332,CI.CLI2.--,1
deterministic_noise,25227,ok,,0.0,True,True,0.0,0.0,pass,ok,0.06066261535306694,4.195019759237766,37327332,CI.CLI2.--,1
scale2,25143,ok,,0.0,True,True,0.0,0.0,pass,ok,0.09317943756468594,6.87148904800415,39924760,CI.RXH.--,0
deterministic_noise,25143,ok,,0.0,True,True,0.0,0.0,pass,ok,0.0924829114228487,6.785743236541748,39924760,CI.RXH.--,0
scale2,25143,ok,,0.0,True,True,0.0,0.0,pass,ok,0.05016185872955248,4.560240745544434,39924760,CI.CLI2.--,1
deterministic_noise,25143,ok,,0.0,True,True,0.0,0.0,pass,ok,0.05024169973330572,4.597912788391113,39924760,CI.CLI2.--,1
scale2,25257,ok,,0.0,True,True,0.0,0.0,pass,ok,0.09904864337295294,7.450220108032227,39936208,CI.RXH.--,0
deterministic_noise,25257,ok,,0.0,True,True,0.0,0.0,pass,ok,0.09972021542489529,7.279641151428223,39936208,CI.RXH.--,0
scale2,25254,ok,,0.0,True,True,0.0,0.0,pass,ok,0.13293636217713356,7.880990743637085,39936208,CI.WWF.--,1
deterministic_noise,25254,ok,,0.0,True,True,0.0,0.0,pass,ok,0.1330760084092617,8.206729888916016,39936208,CI.WWF.--,1
scale2,25227,ok,,0.0,True,True,0.0,0.0,pass,ok,0.0994139879476279,7.0756895542144775,39936216,CI.RXH.--,0
deterministic_noise,25227,ok,,0.0,True,True,0.0,0.0,pass,ok,0.09986209427006543,7.090780735015869,39936216,CI.RXH.--,0
scale2,25226,ok,,0.0,True,True,0.0,0.0,pass,ok,0.13711611228063703,7.478922128677368,39936216,CI.WWF.--,1
deterministic_noise,25226,ok,,0.0,True,True,0.0,0.0,pass,ok,0.1371017317287624,7.397615671157837,39936216,CI.WWF.--,1
scale2,25182,ok,,0.0,True,True,0.0,0.0,pass,ok,0.10010203905403614,7.45823860168457,39936224,CI.RXH.--,0
deterministic_noise,25182,ok,,0.0,True,True,0.0,0.0,pass,ok,0.09760489873588085,7.468454122543335,39936224,CI.RXH.--,0
scale2,25182,ok,,0.0,True,True,0.0,0.0,pass,ok,0.13719308003783226,6.791431665420532,39936224,CI.WWF.--,1
deterministic_noise,25182,ok,,0.0,True,True,0.0,0.0,pass,ok,0.1371932365000248,6.956735849380493,39936224,CI.WWF.--,1
scale2,22023,ok,,0.0,True,True,0.0,0.0,pass,ok,0.17575317262981116,5.18017341196537,39709511,CI.IKP.--,0
deterministic_noise,22023,ok,,0.0,True,True,0.0,0.0,pass,ok,0.1757512873473388,5.186728902161121,39709511,CI.IKP.--,0
scale2,22023,ok,,0.0,True,True,0.0,0.0,pass,ok,0.30328120960621163,5.735127329826355,39709511,CI.CPO.--,1
deterministic_noise,22023,ok,,0.0,True,True,0.0,0.0,pass,ok,0.3032579802093096,5.966178089380264,39709511,CI.CPO.--,1
scale2,24960,ok,,0.0,True,True,0.0,0.0,pass,ok,0.08396345446817577,6.27310585975647,39711727,CI.WMF.--,0
deterministic_noise,24960,ok,,0.0,True,True,0.0,0.0,pass,ok,0.08418623288162053,6.366870641708374,39711727,CI.WMF.--,0
scale2,24960,ok,,0.0,True,True,0.0,0.0,pass,ok,0.08865405381948221,5.702936887741089,39711727,CI.WRV2.--,1
deterministic_noise,24960,ok,,0.0,True,True,0.0,0.0,pass,ok,0.0888402783748461,5.967446804046631,39711727,CI.WRV2.--,1
scale2,22605,ok,,0.0,True,True,0.0,0.0,pass,ok,0.09425534301408334,4.58124390989542,39715855,CI.SGL.--,0
deterministic_noise,22605,ok,,0.0,True,True,0.0,0.0,pass,ok,0.09425343579641776,4.604301694780588,39715855,CI.SGL.--,0
scale2,22605,ok,,0.0,True,True,0.0,0.0,pass,ok,0.1895856429473497,5.206655651330948,39715855,CI.EMS.--,1
deterministic_noise,22605,ok,,0.0,True,True,0.0,0.0,pass,ok,0.18959037767490372,5.367875754833221,39715855,CI.EMS.--,1
scale2,24324,ok,,0.0,True,True,0.0,0.0,pass,ok,0.11463727267982904,5.0859397649765015,39718407,CI.HAR.--,0
deterministic_noise,24324,ok,,0.0,True,True,0.0,0.0,pass,ok,0.1146910989045864,5.232317388057709,39718407,CI.HAR.--,0
scale2,24324,ok,,0.0,True,True,0.0,0.0,pass,ok,0.06336852558888495,5.023022413253784,39718407,CI.RRX.--,1
deterministic_noise,24324,ok,,0.0,True,True,0.0,0.0,pass,ok,0.06336098141036928,5.143950462341309,39718407,CI.RRX.--,1
scale2,25065,ok,,0.0,True,True,0.0,0.0,pass,ok,0.12069129300653003,6.087427377700806,39725271,CI.CLC.--,0
deterministic_noise,25065,ok,,0.0,True,True,0.0,0.0,pass,ok,0.12364534931839444,6.189890265464783,39725271,CI.CLC.--,0
scale2,25062,ok,,0.0,True,True,0.0,0.0,pass,ok,0.11469589686021209,6.368780612945557,39725271,CI.TOW2.--,1
deterministic_noise,25062,ok,,0.0,True,True,0.0,0.0,pass,ok,0.11480593914166093,6.289557456970215,39725271,CI.TOW2.--,1
scale2,24579,ok,,0.0,True,True,0.0,0.0,pass,ok,0.12035966356052086,6.540451288223267,39730287,CI.CLC.--,0
deterministic_noise,24579,ok,,0.0,True,True,0.0,0.0,pass,ok,0.12160373042570427,6.486260652542114,39730287,CI.CLC.--,0
scale2,24576,ok,,0.0,True,True,0.0,0.0,pass,ok,0.15349187701940536,6.487271785736084,39730287,CI.SRT.--,1
deterministic_noise,24576,ok,,0.0,True,True,0.0,0.0,pass,ok,0.15353543311357498,6.85637354850769,39730287,CI.SRT.--,1
scale2,24918,ok,,0.0,True,True,0.0,0.0,pass,ok,0.16344644781202078,7.170367240905762,39749151,CI.DRE.--,0
deterministic_noise,24918,ok,,0.0,True,True,0.0,0.0,pass,ok,0.16364357713609934,7.41187047958374,39749151,CI.DRE.--,0
scale2,24915,ok,,0.0,True,True,0.0,0.0,pass,ok,0.11684196544229053,6.162798643112183,39749151,CI.SNR.--,1
deterministic_noise,24915,ok,,0.0,True,True,0.0,0.0,pass,ok,0.11667541312635876,6.0135884284973145,39749151,CI.SNR.--,1
scale2,22407,ok,,0.0,True,True,0.0,0.0,pass,ok,0.20657373960784753,5.3720260336995125,39761199,CI.EMS.--,0
deterministic_noise,22407,ok,,0.0,True,True,0.0,0.0,pass,ok,0.2065913528604142,5.299032144248486,39761199,CI.EMS.--,0
scale2,22407,ok,,0.0,True,True,0.0,0.0,pass,ok,0.1189663231925806,4.811746772378683,39761199,CI.COA.--,1
deterministic_noise,22407,ok,,0.0,True,True,0.0,0.0,pass,ok,0.11897272164060269,4.821342762559652,39761199,CI.COA.--,1
scale2,22869,ok,,0.0,True,True,0.0,0.0,pass,ok,0.09821325341181364,5.098806619644165,39766271,CI.SGL.--,0
deterministic_noise,22869,ok,,0.0,True,True,0.0,0.0,pass,ok,0.09818551143689547,4.958421528339386,39766271,CI.SGL.--,0
scale2,22869,ok,,0.0,True,True,0.0,0.0,pass,ok,0.15635393001139164,6.476323246955872,39766271,CI.DRE.--,1
deterministic_noise,22869,ok,,0.0,True,True,0.0,0.0,pass,ok,0.1563401874154806,6.325792551040649,39766271,CI.DRE.--,1
scale2,23091,ok,,0.0,True,True,0.0,0.0,pass,ok,0.2057773170163273,5.445301681756973,40024976,CI.EMS.--,0
deterministic_noise,23091,ok,,0.0,True,True,0.0,0.0,pass,ok,0.20579868581990013,5.551876246929169,40024976,CI.EMS.--,0
scale2,23091,ok,,0.0,True,True,0.0,0.0,pass,ok,0.16569291239829909,5.871260166168213,40024976,CI.DRE.--,1
deterministic_noise,23091,ok,,0.0,True,True,0.0,0.0,pass,ok,0.16574916058925737,5.861786365509033,40024976,CI.DRE.--,1
scale2,24411,ok,,0.0,True,True,0.0,0.0,pass,ok,0.09321619174443185,6.18895697593689,40027600,CI.SGL.--,0
deterministic_noise,24411,ok,,0.0,True,True,0.0,0.0,pass,ok,0.09327552863396704,6.14187479019165,40027600,CI.SGL.--,0
scale2,24411,ok,,0.0,True,True,0.0,0.0,pass,ok,0.16141185539891012,6.642878413200378,40027600,CI.DRE.--,1
deterministic_noise,24411,ok,,0.0,True,True,0.0,0.0,pass,ok,0.16143709045718424,6.495251417160034,40027600,CI.DRE.--,1
scale2,22593,ok,,0.0,True,True,0.0,0.0,pass,ok,0.11603958877094556,4.874200984835625,40034008,CI.CLC.--,0
deterministic_noise,22593,ok,,0.0,True,True,0.0,0.0,pass,ok,0.11604511765472125,4.653719771653414,40034008,CI.CLC.--,0
scale2,22593,ok,,0.0,True,True,0.0,0.0,pass,ok,0.12901524934568442,5.482078373432159,40034008,CI.WHF.--,1
deterministic_noise,22593,ok,,0.0,True,True,0.0,0.0,pass,ok,0.12897624340257607,5.259607315063477,40034008,CI.WHF.--,1
scale2,23107,ok,,0.0,True,True,0.0,0.0,pass,ok,0.19419860655034427,5.343644231557846,40037288,CI.EMS.--,0
deterministic_noise,23107,ok,,0.0,True,True,0.0,0.0,pass,ok,0.19421304947172757,5.535565376281738,40037288,CI.EMS.--,0
scale2,23109,ok,,0.0,True,True,0.0,0.0,pass,ok,0.1645545462379232,6.1114256381988525,40037288,CI.DRE.--,1
deterministic_noise,23109,ok,,0.0,True,True,0.0,0.0,pass,ok,0.16461866104509681,5.985326409339905,40037288,CI.DRE.--,1
scale2,23109,ok,,0.0,True,True,0.0,0.0,pass,ok,0.20841050388116855,5.538989305496216,39811695,CI.EMS.--,0
deterministic_noise,23109,ok,,0.0,True,True,0.0,0.0,pass,ok,0.20844413099985104,5.675831854343414,39811695,CI.EMS.--,0
scale2,23109,ok,,0.0,True,True,0.0,0.0,pass,ok,0.1591025431844173,6.5347936153411865,39811695,CI.DRE.--,1
deterministic_noise,23109,ok,,0.0,True,True,0.0,0.0,pass,ok,0.15912057559762616,6.556535363197327,39811695,CI.DRE.--,1
scale2,24471,ok,,0.0,True,True,0.0,0.0,pass,ok,0.12236349837621674,5.716046690940857,40068112,CI.CLC.--,0
deterministic_noise,24471,ok,,0.0,True,True,0.0,0.0,pass,ok,0.12261931045213714,5.809229016304016,40068112,CI.CLC.--,0
scale2,24468,ok,,0.0,True,True,0.0,0.0,pass,ok,0.14381832670187578,6.428454399108887,40068112,CI.SRT.--,1
deterministic_noise,24468,ok,,0.0,True,True,0.0,0.0,pass,ok,0.1438404094078578,6.3790552616119385,40068112,CI.SRT.--,1
scale2,24816,ok,,0.0,True,True,0.0,0.0,pass,ok,0.07700384827330709,6.6022069454193115,39835791,CI.WMF.--,0
deterministic_noise,24816,ok,,0.0,True,True,0.0,0.0,pass,ok,0.07845846889540553,6.794362545013428,39835791,CI.WMF.--,0
scale2,24816,ok,,0.0,True,True,0.0,0.0,pass,ok,0.14821170456707478,7.478591203689575,39835791,CI.WCS2.--,1
deterministic_noise,24816,ok,,0.0,True,True,0.0,0.0,pass,ok,0.14846542291343212,7.862262010574341,39835791,CI.WCS2.--,1
scale2,21543,ok,,0.0,True,True,0.0,0.0,pass,ok,0.059505781158804893,4.602246880531311,39840559,CI.OLP.--,0
deterministic_noise,21543,ok,,0.0,True,True,0.0,0.0,pass,ok,0.05946657247841358,4.584462523460388,39840559,CI.OLP.--,0
scale2,21543,ok,,0.0,True,True,0.0,0.0,pass,ok,0.07083698299720709,4.4906880259513855,39840559,CI.SDG.--,1
deterministic_noise,21543,ok,,0.0,True,True,0.0,0.0,pass,ok,0.07084202828809794,4.324131265282631,39840559,CI.SDG.--,1
scale2,24804,ok,,0.0,True,True,0.0,0.0,pass,ok,0.07367746293311939,5.098548054695129,39843975,CI.WMF.--,0
deterministic_noise,24804,ok,,0.0,True,True,0.0,0.0,pass,ok,0.0737794065498747,4.939038157463074,39843975,CI.WMF.--,0
scale2,24807,ok,,0.0,True,True,0.0,0.0,pass,ok,0.08442459252546541,4.755615174770355,39843975,CI.WRV2.--,1
deterministic_noise,24807,ok,,0.0,True,True,0.0,0.0,pass,ok,0.08443511280347593,4.395698189735413,39843975,CI.WRV2.--,1
scale2,24513,ok,,0.0,True,True,0.0,0.0,pass,ok,0.12420434830710292,5.868258833885193,39875135,CI.CLC.--,0
deterministic_noise,24513,ok,,0.0,True,True,0.0,0.0,pass,ok,0.12468304904177785,5.911502480506897,39875135,CI.CLC.--,0
scale2,24510,ok,,0.0,True,True,0.0,0.0,pass,ok,0.12112534383777529,6.279097080230713,39875135,CI.SRT.--,1
deterministic_noise,24510,ok,,0.0,True,True,0.0,0.0,pass,ok,0.12114485760685056,6.137432336807251,39875135,CI.SRT.--,1
scale2,23607,ok,,0.0,True,True,0.0,0.0,pass,ok,0.14992106150020845,6.259432911872864,39878511,CI.DRE.--,0
deterministic_noise,23607,ok,,0.0,True,True,0.0,0.0,pass,ok,0.1500886659778189,6.091237425804138,39878511,CI.DRE.--,0
scale2,23604,ok,,0.0,True,True,0.0,0.0,pass,ok,0.1662040694791358,5.475273609161377,39878511,CI.EMS.--,1
deterministic_noise,23604,ok,,0.0,True,True,0.0,0.0,pass,ok,0.16623445905861445,5.596541523933411,39878511,CI.EMS.--,1
scale2,23619,ok,,0.0,True,True,0.0,0.0,pass,ok,0.1502410665852949,6.101791977882385,39878559,CI.DRE.--,0
deterministic_noise,23619,ok,,0.0,True,True,0.0,0.0,pass,ok,0.15037674747873098,6.170757532119751,39878559,CI.DRE.--,0
scale2,23616,ok,,0.0,True,True,0.0,0.0,pass,ok,0.11474647911381908,5.283651888370514,39878559,CI.SNR.--,1
deterministic_noise,23616,ok,,0.0,True,True,0.0,0.0,pass,ok,0.1147069951693993,5.311425507068634,39878559,CI.SNR.--,1
scale2,25227,ok,,0.0,True,True,0.0,0.0,pass,ok,0.04761203425005078,5.728999137878418,40130936,CI.WMF.--,0
deterministic_noise,25227,ok,,0.0,True,True,0.0,0.0,pass,ok,0.04887371463701129,5.659505367279053,40130936,CI.WMF.--,0
scale2,25227,ok,,0.0,True,True,0.0,0.0,pass,ok,0.07473687012679875,5.914982914924622,40130936,CI.WRV2.--,1
deterministic_noise,25227,ok,,0.0,True,True,0.0,0.0,pass,ok,0.0751556761097163,5.814874649047852,40130936,CI.WRV2.--,1
scale2,24270,ok,,0.0,True,True,0.0,0.0,pass,ok,0.039920933078974485,5.019663572311401,39901543,CI.TER2.--,0
deterministic_noise,24270,ok,,0.0,True,True,0.0,0.0,pass,ok,0.03976102964952588,4.896204948425293,39901543,CI.TER2.--,0
scale2,24270,ok,,0.0,True,True,0.0,0.0,pass,ok,0.14289497368736193,6.479543924331665,39901543,CI.TFT.--,1
deterministic_noise,24270,ok,,0.0,True,True,0.0,0.0,pass,ok,0.14273435837822035,6.772617340087891,39901543,CI.TFT.--,1
scale2,22959,ok,,0.0,True,True,0.0,0.0,pass,ok,0.09805130832683062,4.710790365934372,40195880,CI.SGL.--,0
deterministic_noise,22959,ok,,0.0,True,True,0.0,0.0,pass,ok,0.0980444116066792,4.698220834136009,40195880,CI.SGL.--,0
scale2,22959,ok,,0.0,True,True,0.0,0.0,pass,ok,0.15490497641440015,5.206680983304977,40195880,CI.EMS.--,2
deterministic_noise,22959,ok,,0.0,True,True,0.0,0.0,pass,ok,0.15491430468682665,4.9835386872291565,40195880,CI.EMS.--,2
scale2,25068,ok,,0.0,True,True,0.0,0.0,pass,ok,0.12412544526159763,5.670013904571533,39968663,CI.CLC.--,0
deterministic_noise,25068,ok,,0.0,True,True,0.0,0.0,pass,ok,0.125694265589118,5.894000291824341,39968663,CI.CLC.--,0
scale2,25065,ok,,0.0,True,True,0.0,0.0,pass,ok,0.1074523669667542,7.242148160934448,39968663,CI.TOW2.--,1
deterministic_noise,25065,ok,,0.0,True,True,0.0,0.0,pass,ok,0.1079198899678886,7.29294228553772,39968663,CI.TOW2.--,1
scale2,24402,ok,,0.0,True,True,0.0,0.0,pass,ok,0.046090658754110336,5.499726295471191,39985119,CI.RRX.--,0
deterministic_noise,24402,ok,,0.0,True,True,0.0,0.0,pass,ok,0.04601792246103287,5.785252332687378,39985119,CI.RRX.--,0
scale2,24402,ok,,0.0,True,True,0.0,0.0,pass,ok,0.11194336134940386,5.738838791847229,39985119,CI.HAR.--,1
deterministic_noise,24402,ok,,0.0,True,True,0.0,0.0,pass,ok,0.11208249907940626,6.319378733634949,39985119,CI.HAR.--,1
scale2,23028,ok,,0.0,True,True,0.0,0.0,pass,ok,0.17523529734899057,5.3395416140556335,40240528,CI.EMS.--,0
deterministic_noise,23028,ok,,0.0,True,True,0.0,0.0,pass,ok,0.17525691184710013,5.379981964826584,40240528,CI.EMS.--,0
scale2,23028,ok,,0.0,True,True,0.0,0.0,pass,ok,0.158215019851923,5.915052771568298,40240528,CI.DRE.--,1
deterministic_noise,23028,ok,,0.0,True,True,0.0,0.0,pass,ok,0.1582653932273388,5.938282370567322,40240528,CI.DRE.--,1
scale2,25068,ok,,0.0,True,True,0.0,0.0,pass,ok,0.06702047027647495,6.974383115768433,40241880,CI.IMP.--,0
deterministic_noise,25068,ok,,0.0,True,True,0.0,0.0,pass,ok,0.07027551345527172,6.8269853591918945,40241880,CI.IMP.--,0
scale2,25068,ok,,0.0,True,True,0.0,0.0,pass,ok,0.10169968684203923,7.050227403640747,40241880,CI.SNR.--,1
deterministic_noise,25068,ok,,0.0,True,True,0.0,0.0,pass,ok,0.10175908426754177,7.168001651763916,40241880,CI.SNR.--,1
scale2,25125,ok,,0.0,True,True,0.0,0.0,pass,ok,0.07304611057043076,6.962460517883301,40242720,CI.IMP.--,0
deterministic_noise,25125,ok,,0.0,True,True,0.0,0.0,pass,ok,0.0747534092515707,6.944137096405029,40242720,CI.IMP.--,0
scale2,25125,ok,,0.0,True,True,0.0,0.0,pass,ok,0.10946296842303127,6.637516498565674,40242720,CI.SNR.--,1
deterministic_noise,25125,ok,,0.0,True,True,0.0,0.0,pass,ok,0.10924892185721546,6.5825605392456055,40242720,CI.SNR.--,1
scale2,24678,ok,,0.0,True,True,0.0,0.0,pass,ok,0.13056829385459423,5.782573103904724,40017815,CI.SRT.--,0
deterministic_noise,24678,ok,,0.0,True,True,0.0,0.0,pass,ok,0.1306097526103258,6.456355333328247,40017815,CI.SRT.--,0
scale2,24681,ok,,0.0,True,True,0.0,0.0,pass,ok,0.12264334416249767,5.348297476768494,40017815,CI.CLC.--,1
deterministic_noise,24681,ok,,0.0,True,True,0.0,0.0,pass,ok,0.12287213647505268,5.438578367233276,40017815,CI.CLC.--,1
scale2,24759,ok,,0.0,True,True,0.0,0.0,pass,ok,0.5927007697755471,7.642157435417175,40036375,CI.SAL.--,0
deterministic_noise,24759,ok,,0.0,True,True,0.0,0.0,pass,ok,0.5928506351774558,7.727951407432556,40036375,CI.SAL.--,0
scale2,24759,ok,,0.0,True,True,0.0,0.0,pass,ok,0.09337177313864231,6.129601716995239,40036375,CI.SLH.--,1
deterministic_noise,24759,ok,,0.0,True,True,0.0,0.0,pass,ok,0.09335227869451046,5.937824130058289,40036375,CI.SLH.--,1
scale2,22680,ok,,0.0,True,True,0.0,0.0,pass,ok,0.18498936553078238,5.4206011444330215,40039007,CI.EMS.--,0
deterministic_noise,22680,ok,,0.0,True,True,0.0,0.0,pass,ok,0.1850026224128669,5.434069126844406,40039007,CI.EMS.--,0
scale2,22680,ok,,0.0,True,True,0.0,0.0,pass,ok,0.0972422339109471,4.534690234810114,40039007,CI.SGL.--,2
deterministic_noise,22680,ok,,0.0,True,True,0.0,0.0,pass,ok,0.0972341544838855,4.647623963654041,40039007,CI.SGL.--,2
scale2,23008,ok,,0.0,True,True,0.0,0.0,pass,ok,0.1868439359968761,5.768905758857727,40287560,CI.EMS.--,0
deterministic_noise,23008,ok,,0.0,True,True,0.0,0.0,pass,ok,0.1868743108207127,5.57467395067215,40287560,CI.EMS.--,0
scale2,23010,ok,,0.0,True,True,0.0,0.0,pass,ok,0.16416188201401383,6.733401775360107,40287560,CI.DRE.--,1
deterministic_noise,23010,ok,,0.0,True,True,0.0,0.0,pass,ok,0.16424695530440658,6.538047432899475,40287560,CI.DRE.--,1
scale2,23014,ok,,0.0,True,True,0.0,0.0,pass,ok,0.19654062754489132,5.3647216856479645,40068679,CI.EMS.--,0
deterministic_noise,23014,ok,,0.0,True,True,0.0,0.0,pass,ok,0.1965545379462128,5.3700940907001495,40068679,CI.EMS.--,0
scale2,23016,ok,,0.0,True,True,0.0,0.0,pass,ok,0.1681222096667625,6.076590180397034,40068679,CI.DRE.--,1
deterministic_noise,23016,ok,,0.0,True,True,0.0,0.0,pass,ok,0.1681812777533196,6.085083365440369,40068679,CI.DRE.--,1
scale2,24786,ok,,0.0,True,True,0.0,0.0,pass,ok,0.08118721627397463,5.56593930721283,40325048,CI.CLI2.--,1
deterministic_noise,24786,ok,,0.0,True,True,0.0,0.0,pass,ok,0.08145136601524428,5.422601938247681,40325048,CI.CLI2.--,1
scale2,24786,ok,,0.0,True,True,0.0,0.0,pass,ok,0.15425809333100915,7.773839950561523,40325048,CI.WWF.--,2
deterministic_noise,24786,ok,,0.0,True,True,0.0,0.0,pass,ok,0.15430952003225684,7.724506139755249,40325048,CI.WWF.--,2
scale2,23078,ok,,0.0,True,True,0.0,0.0,pass,ok,0.199289531505201,6.208193778991699,40334320,CI.EMS.--,0
deterministic_noise,23078,ok,,0.0,True,True,0.0,0.0,pass,ok,0.1993589242338203,6.437938213348389,40334320,CI.EMS.--,0
scale2,23079,ok,,0.0,True,True,0.0,0.0,pass,ok,0.16923493659123778,7.144282817840576,40334320,CI.DRE.--,1
deterministic_noise,23079,ok,,0.0,True,True,0.0,0.0,pass,ok,0.16948972130194306,7.075355768203735,40334320,CI.DRE.--,1
scale2,24447,ok,,0.0,True,True,0.0,0.0,pass,ok,0.08606148965191096,5.062135279178619,40103815,CI.WRV2.--,2
deterministic_noise,24447,ok,,0.0,True,True,0.0,0.0,pass,ok,0.08608129166532308,5.151913940906525,40103815,CI.WRV2.--,2
scale2,24450,ok,,0.0,True,True,0.0,0.0,pass,ok,0.11832664406392723,6.007538676261902,40103815,CI.JRC2.--,3
deterministic_noise,24450,ok,,0.0,True,True,0.0,0.0,pass,ok,0.11859894299414009,6.202359318733215,40103815,CI.JRC2.--,3
scale2,22581,ok,,0.0,True,True,0.0,0.0,pass,ok,0.20541781117208302,5.860654592514038,40355512,CI.EMS.--,0
deterministic_noise,22581,ok,,0.0,True,True,0.0,0.0,pass,ok,0.20543551514856517,5.538851976394653,40355512,CI.EMS.--,0
scale2,22581,ok,,0.0,True,True,0.0,0.0,pass,ok,0.154999738704646,5.733325839042664,40355512,CI.DRE.--,1
deterministic_noise,22581,ok,,0.0,True,True,0.0,0.0,pass,ok,0.1549864354019519,5.710402250289917,40355512,CI.DRE.--,1
scale2,24396,ok,,0.0,True,True,0.0,0.0,pass,ok,0.14220601879060268,6.153215408325195,40358328,CI.CCC.--,0
deterministic_noise,24396,ok,,0.0,True,True,0.0,0.0,pass,ok,0.1422759536653757,6.398365378379822,40358328,CI.CCC.--,0
scale2,24399,ok,,0.0,True,True,0.0,0.0,pass,ok,0.12168101093266159,5.4277520179748535,40358328,CI.CLC.--,1
deterministic_noise,24399,ok,,0.0,True,True,0.0,0.0,pass,ok,0.12180085608270019,5.565869390964508,40358328,CI.CLC.--,1
scale2,24960,ok,,0.0,True,True,0.0,0.0,pass,ok,0.12443559896200895,5.889594197273254,40131047,CI.CLC.--,0
deterministic_noise,24960,ok,,0.0,True,True,0.0,0.0,pass,ok,0.12489285040646791,6.272878527641296,40131047,CI.CLC.--,0
scale2,24957,ok,,0.0,True,True,0.0,0.0,pass,ok,0.12965568715299014,5.1485515832901,40131047,CI.SRT.--,1
deterministic_noise,24957,ok,,0.0,True,True,0.0,0.0,pass,ok,0.12966557031904813,5.36853688955307,40131047,CI.SRT.--,1
scale2,22524,ok,,0.0,True,True,0.0,0.0,pass,ok,0.1587634902971331,5.239595800638199,40142455,CI.ASP.--,0
deterministic_noise,22524,ok,,0.0,True,True,0.0,0.0,pass,ok,0.15876797618693672,5.100773274898529,40142455,CI.ASP.--,0
scale2,22524,ok,,0.0,True,True,0.0,0.0,pass,ok,0.10461533954367042,5.5656033754348755,40142455,CI.PZA.--,1
deterministic_noise,22524,ok,,0.0,True,True,0.0,0.0,pass,ok,0.10463658580556512,5.449483036994934,40142455,CI.PZA.--,1
scale2,22158,ok,,0.0,True,True,0.0,0.0,pass,ok,0.14846313955058577,5.0315204709768295,40153431,CI.EMS.--,0
deterministic_noise,22158,ok,,0.0,True,True,0.0,0.0,pass,ok,0.14846866367588518,5.071088179945946,40153431,CI.EMS.--,0
scale2,22158,ok,,0.0,True,True,0.0,0.0,pass,ok,0.11164399887820764,4.708198480308056,40153431,CI.SGL.--,1
deterministic_noise,22158,ok,,0.0,True,True,0.0,0.0,pass,ok,0.11163467262485938,4.740183420479298,40153431,CI.SGL.--,1
scale2,25137,ok,,0.0,True,True,0.0,0.0,pass,ok,0.06083532329648733,6.104014158248901,40153687,CI.JRC2.--,0
deterministic_noise,25137,ok,,0.0,True,True,0.0,0.0,pass,ok,0.06160628516227007,5.818863868713379,40153687,CI.JRC2.--,0
scale2,25134,ok,,0.0,True,True,0.0,0.0,pass,ok,0.10948249095235951,6.278025150299072,40153687,CI.WVP2.--,1
deterministic_noise,25134,ok,,0.0,True,True,0.0,0.0,pass,ok,0.10915305322851054,6.270759344100952,40153687,CI.WVP2.--,1
scale2,24804,ok,,0.0,True,True,0.0,0.0,pass,ok,0.10766607243567705,7.481491804122925,40403984,CI.TOW2.--,0
deterministic_noise,24804,ok,,0.0,True,True,0.0,0.0,pass,ok,0.10842112731188536,7.479270696640015,40403984,CI.TOW2.--,0
scale2,24807,ok,,0.0,True,True,0.0,0.0,pass,ok,0.12813326017931104,5.942908763885498,40403984,CI.CLC.--,1
deterministic_noise,24807,ok,,0.0,True,True,0.0,0.0,pass,ok,0.12934810621663928,5.894968152046204,40403984,CI.CLC.--,1
scale2,24639,ok,,0.0,True,True,0.0,0.0,pass,ok,0.14177072700113058,6.34414267539978,40165247,CI.LRL.--,0
deterministic_noise,24639,ok,,0.0,True,True,0.0,0.0,pass,ok,0.14177163783460855,6.377873063087463,40165247,CI.LRL.--,0
scale2,24639,ok,,0.0,True,True,0.0,0.0,pass,ok,0.09015957819065079,5.6899696588516235,40165247,CI.SRT.--,1
deterministic_noise,24639,ok,,0.0,True,True,0.0,0.0,pass,ok,0.09010008169570938,6.124079465866089,40165247,CI.SRT.--,1
scale2,24693,ok,,0.0,True,True,0.0,0.0,pass,ok,0.11799269774928689,6.675804138183594,40419408,CI.CCC.--,0
deterministic_noise,24693,ok,,0.0,True,True,0.0,0.0,pass,ok,0.11832342436537147,6.8407368659973145,40419408,CI.CCC.--,0
scale2,24696,ok,,0.0,True,True,0.0,0.0,pass,ok,0.1276905255508609,5.325714409351349,40419408,CI.CLC.--,1
deterministic_noise,24696,ok,,0.0,True,True,0.0,0.0,pass,ok,0.12773756514070556,5.106876790523529,40419408,CI.CLC.--,1
scale2,24705,ok,,0.0,True,True,0.0,0.0,pass,ok,0.10466160927899182,6.989524841308594,40419496,CI.CCC.--,0
deterministic_noise,24705,ok,,0.0,True,True,0.0,0.0,pass,ok,0.10474732960574329,7.004710912704468,40419496,CI.CCC.--,0
scale2,24705,ok,,0.0,True,True,0.0,0.0,pass,ok,0.12372400937601924,6.093049049377441,40419496,CI.CLC.--,1
deterministic_noise,24705,ok,,0.0,True,True,0.0,0.0,pass,ok,0.12382413865998387,5.820041537284851,40419496,CI.CLC.--,1
scale2,24567,ok,,0.0,True,True,0.0,0.0,pass,ok,0.09821447427384555,5.44383430480957,40421656,CI.SRT.--,0
deterministic_noise,24567,ok,,0.0,True,True,0.0,0.0,pass,ok,0.09823679481633008,5.334157228469849,40421656,CI.SRT.--,0
scale2,24570,ok,,0.0,True,True,0.0,0.0,pass,ok,0.12816053407732397,5.460841238498688,40421656,CI.CLC.--,1
deterministic_noise,24570,ok,,0.0,True,True,0.0,0.0,pass,ok,0.12835373205598444,5.4376620054244995,40421656,CI.CLC.--,1
scale2,24819,ok,,0.0,True,True,0.0,0.0,pass,ok,0.10922999431204516,6.764484643936157,40188871,CI.CCC.--,0
deterministic_noise,24819,ok,,0.0,True,True,0.0,0.0,pass,ok,0.10927553723740857,6.806637525558472,40188871,CI.CCC.--,0
scale2,24819,ok,,0.0,True,True,0.0,0.0,pass,ok,0.04461192665621638,5.354035139083862,40188871,CI.SEV.--,1
deterministic_noise,24819,ok,,0.0,True,True,0.0,0.0,pass,ok,0.044557076413184404,5.4987633228302,40188871,CI.SEV.--,1
scale2,23229,ok,,0.0,True,True,0.0,0.0,pass,ok,0.14143317837442737,5.248660385608673,40189967,CI.MRS.--,0
deterministic_noise,23229,ok,,0.0,True,True,0.0,0.0,pass,ok,0.14151461522851605,5.130311965942383,40189967,CI.MRS.--,0
scale2,23229,ok,,0.0,True,True,0.0,0.0,pass,ok,0.09140028760339192,5.542235732078552,40189967,CI.SLA.--,1
deterministic_noise,23229,ok,,0.0,True,True,0.0,0.0,pass,ok,0.09145196571444103,5.37559711933136,40189967,CI.SLA.--,1
scale2,24252,ok,,0.0,True,True,0.0,0.0,pass,ok,0.1069140660110861,6.91449499130249,40438576,CI.SGL.--,0
deterministic_noise,24252,ok,,0.0,True,True,0.0,0.0,pass,ok,0.10635062283836305,7.015346527099609,40438576,CI.SGL.--,0
scale2,24252,ok,,0.0,True,True,0.0,0.0,pass,ok,0.08187228662427515,5.552964925765991,40438576,CI.ELO.--,1
deterministic_noise,24252,ok,,0.0,True,True,0.0,0.0,pass,ok,0.08192953246179968,5.754895925521851,40438576,CI.ELO.--,1
scale2,24504,ok,,0.0,True,True,0.0,0.0,pass,ok,0.10696608305443078,5.91930627822876,40441936,CI.AVM.--,0
deterministic_noise,24504,ok,,0.0,True,True,0.0,0.0,pass,ok,0.10713549226056784,6.184347748756409,40441936,CI.AVM.--,0
scale2,24501,ok,,0.0,True,True,0.0,0.0,pass,ok,0.13794668577611446,7.821338891983032,40441936,CI.NBS.--,1
deterministic_noise,24501,ok,,0.0,True,True,0.0,0.0,pass,ok,0.137846352532506,7.70241904258728,40441936,CI.NBS.--,1
scale2,24639,ok,,0.0,True,True,0.0,0.0,pass,ok,0.08249918976798654,7.129230499267578,40212415,CI.ELO.--,0
deterministic_noise,24639,ok,,0.0,True,True,0.0,0.0,pass,ok,0.08292557438835502,7.1309754848480225,40212415,CI.ELO.--,0
scale2,24639,ok,,0.0,True,True,0.0,0.0,pass,ok,0.1618188265711069,7.665762424468994,40212415,CI.DRE.--,1
deterministic_noise,24639,ok,,0.0,True,True,0.0,0.0,pass,ok,0.1620177086442709,7.66814661026001,40212415,CI.DRE.--,1
scale2,24732,ok,,0.0,True,True,0.0,0.0,pass,ok,0.08532126678619534,6.709216594696045,40214159,CI.ELO.--,0
deterministic_noise,24732,ok,,0.0,True,True,0.0,0.0,pass,ok,0.08571578876581043,6.777067422866821,40214159,CI.ELO.--,0
scale2,24732,ok,,0.0,True,True,0.0,0.0,pass,ok,0.15324270135897677,7.647111177444458,40214159,CI.DRE.--,1
deterministic_noise,24732,ok,,0.0,True,True,0.0,0.0,pass,ok,0.15320727818470914,7.660247325897217,40214159,CI.DRE.--,1
scale2,24675,ok,,0.0,True,True,0.0,0.0,pass,ok,0.08341137133538723,6.647556304931641,40214511,CI.ELO.--,0
deterministic_noise,24675,ok,,0.0,True,True,0.0,0.0,pass,ok,0.08375358767807484,6.899444818496704,40214511,CI.ELO.--,0
scale2,24675,ok,,0.0,True,True,0.0,0.0,pass,ok,0.16244267881847918,7.322593927383423,40214511,CI.DRE.--,1
deterministic_noise,24675,ok,,0.0,True,True,0.0,0.0,pass,ok,0.16250214516185224,7.376874208450317,40214511,CI.DRE.--,1
scale2,24717,ok,,0.0,True,True,0.0,0.0,pass,ok,0.08738567196996883,6.5063276290893555,40214943,CI.ELO.--,0
deterministic_noise,24717,ok,,0.0,True,True,0.0,0.0,pass,ok,0.08765522128669545,6.351917266845703,40214943,CI.ELO.--,0
scale2,24720,ok,,0.0,True,True,0.0,0.0,pass,ok,0.1657590766553767,7.533096551895142,40214943,CI.DRE.--,1
deterministic_noise,24720,ok,,0.0,True,True,0.0,0.0,pass,ok,0.1659129510517232,7.441356658935547,40214943,CI.DRE.--,1
scale2,24777,ok,,0.0,True,True,0.0,0.0,pass,ok,0.08326979354023933,6.662503957748413,40215415,CI.ELO.--,0
deterministic_noise,24777,ok,,0.0,True,True,0.0,0.0,pass,ok,0.08388862386345863,6.504155874252319,40215415,CI.ELO.--,0
scale2,24777,ok,,0.0,True,True,0.0,0.0,pass,ok,0.03646991582354531,3.976710945367813,40215415,CI.SNR.--,2
deterministic_noise,24777,ok,,0.0,True,True,0.0,0.0,pass,ok,0.036468448175583035,4.036867260932922,40215415,CI.SNR.--,2
scale2,24681,ok,,0.0,True,True,0.0,0.0,pass,ok,0.08385049365460873,6.99746298789978,40215535,CI.ELO.--,0
deterministic_noise,24681,ok,,0.0,True,True,0.0,0.0,pass,ok,0.08407461829483509,7.077542304992676,40215535,CI.ELO.--,0
scale2,24681,ok,,0.0,True,True,0.0,0.0,pass,ok,0.15584464487619698,7.7194812297821045,40215535,CI.DRE.--,1
deterministic_noise,24681,ok,,0.0,True,True,0.0,0.0,pass,ok,0.15585026028566062,7.578366994857788,40215535,CI.DRE.--,1
scale2,25254,ok,,0.0,True,True,0.0,0.0,pass,ok,0.08559261076152325,6.951674461364746,40215687,CI.RXH.--,0
deterministic_noise,25254,ok,,0.0,True,True,0.0,0.0,pass,ok,0.0869059506803751,7.341642141342163,40215687,CI.RXH.--,0
scale2,25254,ok,,0.0,True,True,0.0,0.0,pass,ok,0.11549470527097583,7.29044771194458,40215687,CI.WWF.--,1
deterministic_noise,25254,ok,,0.0,True,True,0.0,0.0,pass,ok,0.11554590659216046,7.164588928222656,40215687,CI.WWF.--,1
scale2,25224,ok,,0.0,True,True,0.0,0.0,pass,ok,0.08534269873052835,6.641991853713989,40215743,CI.RXH.--,0
deterministic_noise,25224,ok,,0.0,True,True,0.0,0.0,pass,ok,0.08577961381524801,6.694308280944824,40215743,CI.RXH.--,0
scale2,25221,ok,,0.0,True,True,0.0,0.0,pass,ok,0.0514268281403929,5.5408031940460205,40215743,CI.CLI2.--,1
deterministic_noise,25221,ok,,0.0,True,True,0.0,0.0,pass,ok,0.05154532543383539,5.594914674758911,40215743,CI.CLI2.--,1
scale2,25239,ok,,0.0,True,True,0.0,0.0,pass,ok,0.08826949261128902,7.00486946105957,40215983,CI.RXH.--,0
deterministic_noise,25239,ok,,0.0,True,True,0.0,0.0,pass,ok,0.0890174824744463,6.957887887954712,40215983,CI.RXH.--,0
scale2,25236,ok,,0.0,True,True,0.0,0.0,pass,ok,0.11691400036215782,7.348081588745117,40215983,CI.WWF.--,1
deterministic_noise,25236,ok,,0.0,True,True,0.0,0.0,pass,ok,0.11688182130455971,7.0542848110198975,40215983,CI.WWF.--,1
scale2,24555,ok,,0.0,True,True,0.0,0.0,pass,ok,0.1269265259616077,5.701570689678192,40217047,CI.CLC.--,0
deterministic_noise,24555,ok,,0.0,True,True,0.0,0.0,pass,ok,0.12724793003872037,5.889308333396912,40217047,CI.CLC.--,0
scale2,24552,ok,,0.0,True,True,0.0,0.0,pass,ok,0.09709003230091184,5.47325599193573,40217047,CI.SLA.--,1
deterministic_noise,24552,ok,,0.0,True,True,0.0,0.0,pass,ok,0.09711794147733599,5.974036931991577,40217047,CI.SLA.--,1
scale2,24723,ok,,0.0,True,True,0.0,0.0,pass,ok,0.10727704840246588,7.368332386016846,40217695,CI.TOW2.--,0
deterministic_noise,24723,ok,,0.0,True,True,0.0,0.0,pass,ok,0.10782363486941904,7.224266290664673,40217695,CI.TOW2.--,0
scale2,24723,ok,,0.0,True,True,0.0,0.0,pass,ok,0.06900330446660519,6.355881214141846,40217695,CI.JRC2.--,2
deterministic_noise,24723,ok,,0.0,True,True,0.0,0.0,pass,ok,0.0714204665273428,6.8630030155181885,40217695,CI.JRC2.--,2
scale2,24732,ok,,0.0,True,True,0.0,0.0,pass,ok,0.10056051937863231,6.5292088985443115,40217951,CI.TOW2.--,0
deterministic_noise,24732,ok,,0.0,True,True,0.0,0.0,pass,ok,0.10064299497753382,6.701822757720947,40217951,CI.TOW2.--,0
scale2,24732,ok,,0.0,True,True,0.0,0.0,pass,ok,0.06780111440457404,5.859604120254517,40217951,CI.JRC2.--,2
deterministic_noise,24732,ok,,0.0,True,True,0.0,0.0,pass,ok,0.06931785098277032,6.179417848587036,40217951,CI.JRC2.--,2
scale2,23001,ok,,0.0,True,True,0.0,0.0,pass,ok,0.08187258657562779,4.48173263669014,40238455,CI.WMF.--,0
deterministic_noise,23001,ok,,0.0,True,True,0.0,0.0,pass,ok,0.08188367966067744,4.491395518183708,40238455,CI.WMF.--,0
scale2,23001,ok,,0.0,True,True,0.0,0.0,pass,ok,0.12276323851074267,5.005765736103058,40238455,CI.SPG2.--,1
deterministic_noise,23001,ok,,0.0,True,True,0.0,0.0,pass,ok,0.1227546412137599,5.154090225696564,40238455,CI.SPG2.--,1
scale2,25023,ok,,0.0,True,True,0.0,0.0,pass,ok,0.056457290425896645,6.546605110168457,40488416,CI.FSR.--,0
deterministic_noise,25023,ok,,0.0,True,True,0.0,0.0,pass,ok,0.05713350139558315,6.418572187423706,40488416,CI.FSR.--,0
scale2,25020,ok,,0.0,True,True,0.0,0.0,pass,ok,0.14414185099303722,5.899887323379517,40488416,CI.CCC.--,1
deterministic_noise,25020,ok,,0.0,True,True,0.0,0.0,pass,ok,0.1441806573420763,6.358853340148926,40488416,CI.CCC.--,1
scale2,22959,ok,,0.0,True,True,0.0,0.0,pass,ok,0.08829372504987987,4.60270693898201,40500864,CI.SGL.--,0
deterministic_noise,22959,ok,,0.0,True,True,0.0,0.0,pass,ok,0.08827914913854329,4.636401370167732,40500864,CI.SGL.--,0
scale2,22959,ok,,0.0,True,True,0.0,0.0,pass,ok,0.16496464640658814,5.458434104919434,40500864,CI.DRE.--,1
deterministic_noise,22959,ok,,0.0,True,True,0.0,0.0,pass,ok,0.16497254341084044,5.310718476772308,40500864,CI.DRE.--,1
scale2,22746,ok,,0.0,True,True,0.0,0.0,pass,ok,0.09514850742925773,4.534209948033094,39620202,CI.SGL.--,0
deterministic_noise,22746,ok,,0.0,True,True,0.0,0.0,pass,ok,0.09514495365510811,4.60339942574501,39620202,CI.SGL.--,0
scale2,22746,ok,,0.0,True,True,0.0,0.0,pass,ok,0.15619595753378235,5.407439291477203,39620202,CI.DRE.--,1
deterministic_noise,22746,ok,,0.0,True,True,0.0,0.0,pass,ok,0.15618805182748474,5.35865706205368,39620202,CI.DRE.--,1
scale2,22887,ok,,0.0,True,True,0.0,0.0,pass,ok,0.09634816918833167,4.780660718679428,39628458,CI.GOR.--,1
deterministic_noise,22887,ok,,0.0,True,True,0.0,0.0,pass,ok,0.09634229268567651,4.682110011577606,39628458,CI.GOR.--,1
scale2,22887,ok,,0.0,True,True,0.0,0.0,pass,ok,0.14292079873848706,5.175717890262604,39628458,CI.LUS.--,2
deterministic_noise,22887,ok,,0.0,True,True,0.0,0.0,pass,ok,0.14293294481467456,5.219749540090561,39628458,CI.LUS.--,2
scale2,23138,ok,,0.0,True,True,0.0,0.0,pass,ok,0.2120846162433736,5.590160980820656,40531712,CI.EMS.--,0
deterministic_noise,23138,ok,,0.0,True,True,0.0,0.0,pass,ok,0.2121009727125056,5.477159261703491,40531712,CI.EMS.--,0
scale2,23136,ok,,0.0,True,True,0.0,0.0,pass,ok,0.13559774422901683,4.807118609547615,40531712,CI.COA.--,1
deterministic_noise,23136,ok,,0.0,True,True,0.0,0.0,pass,ok,0.135603195783915,5.050759702920914,40531712,CI.COA.--,1
scale2,23139,ok,,0.0,True,True,0.0,0.0,pass,ok,0.2119536550162593,5.421543568372726,40531840,CI.EMS.--,0
deterministic_noise,23139,ok,,0.0,True,True,0.0,0.0,pass,ok,0.21197345839755144,5.6095298528671265,40531840,CI.EMS.--,0
scale2,23136,ok,,0.0,True,True,0.0,0.0,pass,ok,0.13545874275951064,4.960649106651545,40531840,CI.COA.--,1
deterministic_noise,23136,ok,,0.0,True,True,0.0,0.0,pass,ok,0.13546640656204545,4.871451284736395,40531840,CI.COA.--,1
scale2,23188,ok,,0.0,True,True,0.0,0.0,pass,ok,0.20217565674101934,5.622370064258575,39643754,CI.EMS.--,0
deterministic_noise,23188,ok,,0.0,True,True,0.0,0.0,pass,ok,0.2021971694775857,5.507011383771896,39643754,CI.EMS.--,0
scale2,23187,ok,,0.0,True,True,0.0,0.0,pass,ok,0.13643335562665015,5.043355241417885,39643754,CI.COA.--,1
deterministic_noise,23187,ok,,0.0,True,True,0.0,0.0,pass,ok,0.13645163911860436,4.9699864983558655,39643754,CI.COA.--,1
scale2,23322,ok,,0.0,True,True,0.0,0.0,pass,ok,0.2137433417228749,5.518310949206352,39643994,CI.EMS.--,0
deterministic_noise,23322,ok,,0.0,True,True,0.0,0.0,pass,ok,0.2137585155578563,5.409952342510223,39643994,CI.EMS.--,0
scale2,23322,ok,,0.0,True,True,0.0,0.0,pass,ok,0.12868032207188662,4.878602236509323,39643994,CI.COA.--,1
deterministic_noise,23322,ok,,0.0,True,True,0.0,0.0,pass,ok,0.12869363675417844,5.017000496387482,39643994,CI.COA.--,1
scale2,24969,ok,,0.0,True,True,0.0,0.0,pass,ok,0.1356118832482025,7.0883705615997314,39644162,CI.CCC.--,0
deterministic_noise,24969,ok,,0.0,True,True,0.0,0.0,pass,ok,0.1357077594147995,6.809208869934082,39644162,CI.CCC.--,0
scale2,24969,ok,,0.0,True,True,0.0,0.0,pass,ok,0.04531114303972572,5.26765501499176,39644162,CI.SEV.--,1
deterministic_noise,24969,ok,,0.0,True,True,0.0,0.0,pass,ok,0.0451380597660318,5.261023640632629,39644162,CI.SEV.--,1
scale2,25038,ok,,0.0,True,True,0.0,0.0,pass,ok,0.07081336295232177,4.4210754334926605,39645394,CI.SES.--,0
deterministic_noise,25038,ok,,0.0,True,True,0.0,0.0,pass,ok,0.07083580875769258,4.520427703857422,39645394,CI.SES.--,0
scale2,25038,ok,,0.0,True,True,0.0,0.0,pass,ok,0.055278614396229386,4.737752914428711,39645394,CI.WGR.--,1
deterministic_noise,25038,ok,,0.0,True,True,0.0,0.0,pass,ok,0.05537385097704828,4.762267231941223,39645394,CI.WGR.--,1
scale2,24741,ok,,0.0,True,True,0.0,0.0,pass,ok,0.11438406386878341,7.205698728561401,40573224,CI.TOW2.--,1
deterministic_noise,24741,ok,,0.0,True,True,0.0,0.0,pass,ok,0.11434012523386627,7.2047929763793945,40573224,CI.TOW2.--,1
scale2,24741,ok,,0.0,True,True,0.0,0.0,pass,ok,0.10260143270716071,6.572146654129028,40573224,CI.WVP2.--,2
deterministic_noise,24741,ok,,0.0,True,True,0.0,0.0,pass,ok,0.10260970750823617,6.136793732643127,40573224,CI.WVP2.--,2
scale2,22716,ok,,0.0,True,True,0.0,0.0,pass,ok,0.08931632147459823,4.505207899026573,40583304,CI.SOC.--,0
deterministic_noise,22716,ok,,0.0,True,True,0.0,0.0,pass,ok,0.08931797190280122,4.501446363516152,40583304,CI.SOC.--,0
scale2,22713,ok,,0.0,True,True,0.0,0.0,pass,ok,0.10255423994385637,4.624295070767403,40583304,CI.AVC.--,1
deterministic_noise,22713,ok,,0.0,True,True,0.0,0.0,pass,ok,0.10254539488232695,4.752702742815018,40583304,CI.AVC.--,1
scale2,25132,ok,,0.0,True,True,0.0,0.0,pass,ok,0.08763411082327366,7.258717060089111,40588312,CI.JRC2.--,0
deterministic_noise,25146,ok,,0.0,True,True,0.0,0.0,pass,ok,0.09189760498702526,7.002063512802124,40588312,CI.JRC2.--,0
scale2,25146,ok,,0.0,True,True,0.0,0.0,pass,ok,0.10621897410601377,7.0312700271606445,40588312,CI.WVP2.--,1
deterministic_noise,25146,ok,,0.0,True,True,0.0,0.0,pass,ok,0.1060262518003583,7.08686637878418,40588312,CI.WVP2.--,1
scale2,21885,ok,,0.0,True,True,0.0,0.0,pass,ok,0.1921829588827677,5.408270388841629,40590352,CI.EMS.--,0
deterministic_noise,21885,ok,,0.0,True,True,0.0,0.0,pass,ok,0.19218917115358636,5.164851859211922,40590352,CI.EMS.--,0
scale2,21882,ok,,0.0,True,True,0.0,0.0,pass,ok,0.1015390055035823,4.6896611005067825,40590352,CI.SGL.--,1
deterministic_noise,21882,ok,,0.0,True,True,0.0,0.0,pass,ok,0.10153426511533326,4.570778772234917,40590352,CI.SGL.--,1
scale2,23175,ok,,0.0,True,True,0.0,0.0,pass,ok,0.167306984832976,5.275769203901291,39714146,CI.EMS.--,0
deterministic_noise,23175,ok,,0.0,True,True,0.0,0.0,pass,ok,0.16731812519719824,5.363976538181305,39714146,CI.EMS.--,0
scale2,23178,ok,,0.0,True,True,0.0,0.0,pass,ok,0.1492883704486303,6.10944938659668,39714146,CI.DRE.--,1
deterministic_noise,23178,ok,,0.0,True,True,0.0,0.0,pass,ok,0.14934024290414527,6.309537291526794,39714146,CI.DRE.--,1
scale2,24747,ok,,0.0,True,True,0.0,0.0,pass,ok,0.10316769033670425,6.775901794433594,40451647,CI.WVP2.--,0
deterministic_noise,24747,ok,,0.0,True,True,0.0,0.0,pass,ok,0.10301927477121353,6.783653497695923,40451647,CI.WVP2.--,0
scale2,24747,ok,,0.0,True,True,0.0,0.0,pass,ok,0.05298407608643174,5.752901554107666,40451647,CI.JRC2.--,1
deterministic_noise,24747,ok,,0.0,True,True,0.0,0.0,pass,ok,0.053079263772815466,5.802269697189331,40451647,CI.JRC2.--,1
scale2,24750,ok,,0.0,True,True,0.0,0.0,pass,ok,0.1090014863293618,6.728066921234131,40451791,CI.WVP2.--,0
deterministic_noise,24750,ok,,0.0,True,True,0.0,0.0,pass,ok,0.10891334828920662,6.509023189544678,40451791,CI.WVP2.--,0
scale2,24753,ok,,0.0,True,True,0.0,0.0,pass,ok,0.05292029894189909,5.62514066696167,40451791,CI.JRC2.--,1
deterministic_noise,24753,ok,,0.0,True,True,0.0,0.0,pass,ok,0.05342220299644396,5.621788740158081,40451791,CI.JRC2.--,1
scale2,24615,ok,,0.0,True,True,0.0,0.0,pass,ok,0.04351150244474411,6.030084133148193,40452647,CI.FSR.--,0
deterministic_noise,24615,ok,,0.0,True,True,0.0,0.0,pass,ok,0.043859176337718964,6.107117652893066,40452647,CI.FSR.--,0
scale2,24615,ok,,0.0,True,True,0.0,0.0,pass,ok,0.09689501632237807,5.81656289100647,40452647,CI.SRT.--,1
deterministic_noise,24615,ok,,0.0,True,True,0.0,0.0,pass,ok,0.09684559743618593,5.797635316848755,40452647,CI.SRT.--,1
scale2,23556,ok,,0.0,True,True,0.0,0.0,pass,ok,0.10246146889403462,5.325762987136841,40663112,CI.SGL.--,0
deterministic_noise,23556,ok,,0.0,True,True,0.0,0.0,pass,ok,0.10239790705963969,5.3746203780174255,40663112,CI.SGL.--,0
scale2,23556,ok,,0.0,True,True,0.0,0.0,pass,ok,0.09064537531230599,5.70700991153717,40663112,CI.ELO.--,1
deterministic_noise,23556,ok,,0.0,True,True,0.0,0.0,pass,ok,0.09067555272486061,6.022377610206604,40663112,CI.ELO.--,1
scale2,21999,ok,,0.0,True,True,0.0,0.0,pass,ok,0.15329397510140552,5.087115481495857,40665224,CI.EMS.--,0
deterministic_noise,21999,ok,,0.0,True,True,0.0,0.0,pass,ok,0.15330196131617413,4.990655705332756,40665224,CI.EMS.--,0
scale2,21999,ok,,0.0,True,True,0.0,0.0,pass,ok,0.11217527026019525,4.700454413890839,40665224,CI.SGL.--,1
deterministic_noise,21999,ok,,0.0,True,True,0.0,0.0,pass,ok,0.11216523563780356,4.871695712208748,40665224,CI.SGL.--,1
scale2,24762,ok,,0.0,True,True,0.0,0.0,pass,ok,0.10098535101860762,7.126065254211426,40666296,CI.ELO.--,0
deterministic_noise,24762,ok,,0.0,True,True,0.0,0.0,pass,ok,0.10265221167355776,6.948764085769653,40666296,CI.ELO.--,0
scale2,24762,ok,,0.0,True,True,0.0,0.0,pass,ok,0.07321941177360713,5.93528413772583,40666296,CI.IMP.--,1
deterministic_noise,24762,ok,,0.0,True,True,0.0,0.0,pass,ok,0.07317856629379094,5.938501834869385,40666296,CI.IMP.--,1
scale2,24738,ok,,0.0,True,True,0.0,0.0,pass,ok,0.09802800556644797,6.994278430938721,40666304,CI.ELO.--,0
deterministic_noise,24738,ok,,0.0,True,True,0.0,0.0,pass,ok,0.09878443786874413,6.900777816772461,40666304,CI.ELO.--,0
scale2,24738,ok,,0.0,True,True,0.0,0.0,pass,ok,0.07060218206606805,5.46610414981842,40666304,CI.IMP.--,1
deterministic_noise,24738,ok,,0.0,True,True,0.0,0.0,pass,ok,0.07075586565770209,5.5736318826675415,40666304,CI.IMP.--,1
scale2,24669,ok,,0.0,True,True,0.0,0.0,pass,ok,0.10093017667531967,7.469112157821655,40666312,CI.ELO.--,0
deterministic_noise,24669,ok,,0.0,True,True,0.0,0.0,pass,ok,0.10268954187631607,7.264553785324097,40666312,CI.ELO.--,0
scale2,24669,ok,,0.0,True,True,0.0,0.0,pass,ok,0.07435250922571868,6.248305797576904,40666312,CI.IMP.--,1
deterministic_noise,24669,ok,,0.0,True,True,0.0,0.0,pass,ok,0.07428406283725053,6.493613243103027,40666312,CI.IMP.--,1
scale2,24738,ok,,0.0,True,True,0.0,0.0,pass,ok,0.09136660234071314,7.1792826652526855,40666328,CI.ELO.--,0
deterministic_noise,24738,ok,,0.0,True,True,0.0,0.0,pass,ok,0.09188814624212682,7.092074632644653,40666328,CI.ELO.--,0
scale2,24738,ok,,0.0,True,True,0.0,0.0,pass,ok,0.13889551325701177,7.200600624084473,40666328,CI.DRE.--,1
deterministic_noise,24738,ok,,0.0,True,True,0.0,0.0,pass,ok,0.13890153006650507,7.544080018997192,40666328,CI.DRE.--,1
scale2,24669,ok,,0.0,True,True,0.0,0.0,pass,ok,0.14787507127039135,7.468235969543457,40666376,CI.DRE.--,1
deterministic_noise,24669,ok,,0.0,True,True,0.0,0.0,pass,ok,0.14811980654485524,7.2571821212768555,40666376,CI.DRE.--,1
scale2,24666,ok,,0.0,True,True,0.0,0.0,pass,ok,0.07308621297124773,6.178746938705444,40666376,CI.IMP.--,2
deterministic_noise,24666,ok,,0.0,True,True,0.0,0.0,pass,ok,0.07305696269031614,6.211352586746216,40666376,CI.IMP.--,2
scale2,24603,ok,,0.0,True,True,0.0,0.0,pass,ok,0.14035893976688385,8.002785205841064,37623804,CI.DRE.--,0
deterministic_noise,24603,ok,,0.0,True,True,0.0,0.0,pass,ok,0.14019201695919037,7.919055223464966,37623804,CI.DRE.--,0
scale2,24603,ok,,0.0,True,True,0.0,0.0,pass,ok,0.09388080658391118,7.327240228652954,37623804,CI.ELO.--,1
deterministic_noise,24603,ok,,0.0,True,True,0.0,0.0,pass,ok,0.0950266900472343,7.512326240539551,37623804,CI.ELO.--,1
scale2,22629,ok,,0.0,True,True,0.0,0.0,pass,ok,0.0860904803575977,4.675563186407089,40673600,CI.SMR.--,0
deterministic_noise,22629,ok,,0.0,True,True,0.0,0.0,pass,ok,0.08611010256390728,4.609675973653793,40673600,CI.SMR.--,0
scale2,22629,ok,,0.0,True,True,0.0,0.0,pass,ok,0.10493544430937618,6.237378478050232,40673600,CI.PZA.--,1
deterministic_noise,22629,ok,,0.0,True,True,0.0,0.0,pass,ok,0.10505986271891743,6.372941017150879,40673600,CI.PZA.--,1
scale2,24924,ok,,0.0,True,True,0.0,0.0,pass,ok,0.1330380995059386,7.5790886878967285,40691096,CI.WHF.--,0
deterministic_noise,24924,ok,,0.0,True,True,0.0,0.0,pass,ok,0.1317997615551576,7.26736855506897,40691096,CI.WHF.--,0
scale2,24924,ok,,0.0,True,True,0.0,0.0,pass,ok,0.10127285425551236,6.181800007820129,40691096,CI.WOR.--,1
deterministic_noise,24924,ok,,0.0,True,True,0.0,0.0,pass,ok,0.10085905785672367,6.325913667678833,40691096,CI.WOR.--,1
scale2,23136,ok,,0.0,True,True,0.0,0.0,pass,ok,0.17380062831216492,5.271340273320675,40708192,CI.EMS.--,0
deterministic_noise,23136,ok,,0.0,True,True,0.0,0.0,pass,ok,0.1738117377681192,5.0902242958545685,40708192,CI.EMS.--,0
scale2,23136,ok,,0.0,True,True,0.0,0.0,pass,ok,0.15302996858372353,5.822446286678314,40708192,CI.DRE.--,1
deterministic_noise,23136,ok,,0.0,True,True,0.0,0.0,pass,ok,0.15303697661147453,5.786493241786957,40708192,CI.DRE.--,1
scale2,25062,ok,,0.0,True,True,0.0,0.0,pass,ok,0.05294072884134948,5.26336669921875,40714048,CI.WMF.--,0
deterministic_noise,25062,ok,,0.0,True,True,0.0,0.0,pass,ok,0.05320827034302056,5.602701902389526,40714048,CI.WMF.--,0
scale2,25062,ok,,0.0,True,True,0.0,0.0,pass,ok,0.07532256981357932,5.952868223190308,40714048,CI.WRV2.--,1
deterministic_noise,25062,ok,,0.0,True,True,0.0,0.0,pass,ok,0.0750149772502482,6.015499591827393,40714048,CI.WRV2.--,1
scale2,25095,ok,,0.0,True,True,0.0,0.0,pass,ok,0.05917832721024752,5.829519271850586,40714056,CI.WMF.--,0
deterministic_noise,25095,ok,,0.0,True,True,0.0,0.0,pass,ok,0.06073620077222586,6.107877731323242,40714056,CI.WMF.--,0
scale2,25098,ok,,0.0,True,True,0.0,0.0,pass,ok,0.07672819402068853,6.64393162727356,40714056,CI.WRV2.--,1
deterministic_noise,25098,ok,,0.0,True,True,0.0,0.0,pass,ok,0.07754807267338037,6.357119560241699,40714056,CI.WRV2.--,1
scale2,25041,ok,,0.0,True,True,0.0,0.0,pass,ok,0.055925795808434486,5.862082481384277,40714072,CI.WMF.--,0
deterministic_noise,25041,ok,,0.0,True,True,0.0,0.0,pass,ok,0.05634183622896671,5.465703964233398,40714072,CI.WMF.--,0
scale2,25041,ok,,0.0,True,True,0.0,0.0,pass,ok,0.07869764399947599,5.703021049499512,40714072,CI.WRV2.--,1
deterministic_noise,25041,ok,,0.0,True,True,0.0,0.0,pass,ok,0.0785853939014487,5.6363605260849,40714072,CI.WRV2.--,1
scale2,25041,ok,,0.0,True,True,0.0,0.0,pass,ok,0.053084221653989516,5.378261089324951,40714288,CI.WMF.--,0
deterministic_noise,25041,ok,,0.0,True,True,0.0,0.0,pass,ok,0.053453124142833985,5.510388016700745,40714288,CI.WMF.--,0
scale2,25041,ok,,0.0,True,True,0.0,0.0,pass,ok,0.07464551564771682,5.668891787528992,40714288,CI.WRV2.--,1
deterministic_noise,25041,ok,,0.0,True,True,0.0,0.0,pass,ok,0.07484752614982426,6.04298210144043,40714288,CI.WRV2.--,1
scale2,21681,ok,,0.0,True,True,0.0,0.0,pass,ok,0.07154222003009636,4.403757035732269,40556087,CI.OLP.--,0
deterministic_noise,21681,ok,,0.0,True,True,0.0,0.0,pass,ok,0.07151568510744255,4.461701527237892,40556087,CI.OLP.--,0
scale2,21681,ok,,0.0,True,True,0.0,0.0,pass,ok,0.049862527375807986,4.03203471750021,40556087,CI.SDG.--,1
deterministic_noise,21681,ok,,0.0,True,True,0.0,0.0,pass,ok,0.049853197211632505,3.8959430754184723,40556087,CI.SDG.--,1
scale2,21672,ok,,0.0,True,True,0.0,0.0,pass,ok,0.06572193370084278,4.5621965527534485,40556879,CI.OLP.--,0
deterministic_noise,21672,ok,,0.0,True,True,0.0,0.0,pass,ok,0.06570192708750255,4.649286687374115,40556879,CI.OLP.--,0
scale2,21672,ok,,0.0,True,True,0.0,0.0,pass,ok,0.04591737837472465,3.9607231318950653,40556879,CI.SDG.--,1
deterministic_noise,21672,ok,,0.0,True,True,0.0,0.0,pass,ok,0.04591818003973458,3.941991925239563,40556879,CI.SDG.--,1
scale2,23013,ok,,0.0,True,True,0.0,0.0,pass,ok,0.18859695974970236,5.862311005592346,40742680,CI.EMS.--,0
deterministic_noise,23013,ok,,0.0,True,True,0.0,0.0,pass,ok,0.18868141289567575,6.006231069564819,40742680,CI.EMS.--,0
scale2,23013,ok,,0.0,True,True,0.0,0.0,pass,ok,0.16165760811418295,6.698523044586182,40742680,CI.DRE.--,1
deterministic_noise,23013,ok,,0.0,True,True,0.0,0.0,pass,ok,0.16173911932855844,6.683630704879761,40742680,CI.DRE.--,1
scale2,23076,ok,,0.0,True,True,0.0,0.0,pass,ok,0.1884217744373018,5.33796788752079,40746800,CI.EMS.--,0
deterministic_noise,23076,ok,,0.0,True,True,0.0,0.0,pass,ok,0.18843462712538894,5.271694153547287,40746800,CI.EMS.--,0
scale2,23076,ok,,0.0,True,True,0.0,0.0,pass,ok,0.1676022233441472,6.397702097892761,40746800,CI.DRE.--,1
deterministic_noise,23076,ok,,0.0,True,True,0.0,0.0,pass,ok,0.16765435319393873,6.549955368041992,40746800,CI.DRE.--,1
scale2,23169,ok,,0.0,True,True,0.0,0.0,pass,ok,0.188614918384701,7.550715923309326,40746912,CI.EMS.--,0
deterministic_noise,23169,ok,,0.0,True,True,0.0,0.0,pass,ok,0.18898505112156272,7.273188829421997,40746912,CI.EMS.--,0
scale2,23169,ok,,0.0,True,True,0.0,0.0,pass,ok,0.16955174133181572,8.360485076904297,40746912,CI.DRE.--,1
deterministic_noise,23169,ok,,0.0,True,True,0.0,0.0,pass,ok,0.1703670211136341,8.420150756835938,40746912,CI.DRE.--,1
scale2,23010,ok,,0.0,True,True,0.0,0.0,pass,ok,0.18864181715252926,5.28703099489212,40746920,CI.EMS.--,0
deterministic_noise,23010,ok,,0.0,True,True,0.0,0.0,pass,ok,0.18877999407050083,5.408758819103241,40746920,CI.EMS.--,0
scale2,23010,ok,,0.0,True,True,0.0,0.0,pass,ok,0.1674302780884318,6.168229937553406,40746920,CI.DRE.--,1
deterministic_noise,23010,ok,,0.0,True,True,0.0,0.0,pass,ok,0.16751888749422505,5.8891167640686035,40746920,CI.DRE.--,1
scale2,22827,ok,,0.0,True,True,0.0,0.0,pass,ok,0.16587514942511916,5.833906173706055,37653444,CI.DRE.--,1
deterministic_noise,22827,ok,,0.0,True,True,0.0,0.0,pass,ok,0.16591236228123307,5.95193350315094,37653444,CI.DRE.--,1
scale2,22824,ok,,0.0,True,True,0.0,0.0,pass,ok,0.12208462145645171,4.986525475978851,37653444,CI.COA.--,2
deterministic_noise,22824,ok,,0.0,True,True,0.0,0.0,pass,ok,0.12228037032764405,5.578156232833862,37653444,CI.COA.--,2
scale2,23049,ok,,0.0,True,True,0.0,0.0,pass,ok,0.16599984746426344,5.514460504055023,37653452,CI.DRE.--,1
deterministic_noise,23049,ok,,0.0,True,True,0.0,0.0,pass,ok,0.1660267384722829,5.603156864643097,37653452,CI.DRE.--,1
scale2,23046,ok,,0.0,True,True,0.0,0.0,pass,ok,0.12234867818187922,5.076928466558456,37653452,CI.COA.--,2
deterministic_noise,23046,ok,,0.0,True,True,0.0,0.0,pass,ok,0.12245063774753362,5.11134260892868,37653452,CI.COA.--,2
scale2,23133,ok,,0.0,True,True,0.0,0.0,pass,ok,0.18925279503673664,5.190506353974342,40746928,CI.EMS.--,0
deterministic_noise,23133,ok,,0.0,True,True,0.0,0.0,pass,ok,0.18928603703170666,5.387873023748398,40746928,CI.EMS.--,0
scale2,23133,ok,,0.0,True,True,0.0,0.0,pass,ok,0.15970757295144722,5.619425058364868,40746928,CI.DRE.--,1
deterministic_noise,23133,ok,,0.0,True,True,0.0,0.0,pass,ok,0.15970841358648613,5.798875510692596,40746928,CI.DRE.--,1
scale2,22509,ok,,0.0,True,True,0.0,0.0,pass,ok,0.09689652054294129,4.566542766988277,37653884,CI.SGL.--,0
deterministic_noise,22509,ok,,0.0,True,True,0.0,0.0,pass,ok,0.0968521025897644,4.600825168192387,37653884,CI.SGL.--,0
scale2,22509,ok,,0.0,True,True,0.0,0.0,pass,ok,0.15955098377889954,5.583237409591675,37653884,CI.DRE.--,1
deterministic_noise,22509,ok,,0.0,True,True,0.0,0.0,pass,ok,0.15955228699021973,5.346494913101196,37653884,CI.DRE.--,1
scale2,23025,ok,,0.0,True,True,0.0,0.0,pass,ok,0.18005910783540457,5.825878143310547,40746952,CI.EMS.--,0
deterministic_noise,23025,ok,,0.0,True,True,0.0,0.0,pass,ok,0.18011700839269906,5.658270478248596,40746952,CI.EMS.--,0
scale2,23028,ok,,0.0,True,True,0.0,0.0,pass,ok,0.1677525253035128,7.446567535400391,40746952,CI.DRE.--,1
deterministic_noise,23028,ok,,0.0,True,True,0.0,0.0,pass,ok,0.16812218120321631,7.399091482162476,40746952,CI.DRE.--,1
scale2,23028,ok,,0.0,True,True,0.0,0.0,pass,ok,0.1776903605205007,5.376032575964928,40746992,CI.EMS.--,0
deterministic_noise,23028,ok,,0.0,True,True,0.0,0.0,pass,ok,0.17770297470269725,5.293704986572266,40746992,CI.EMS.--,0
scale2,23031,ok,,0.0,True,True,0.0,0.0,pass,ok,0.16744210780598223,6.14427125453949,40746992,CI.DRE.--,1
deterministic_noise,23031,ok,,0.0,True,True,0.0,0.0,pass,ok,0.16748522757552564,6.020214080810547,40746992,CI.DRE.--,1
scale2,23040,ok,,0.0,True,True,0.0,0.0,pass,ok,0.18858992058085278,5.6527197659015656,40747016,CI.EMS.--,0
deterministic_noise,23040,ok,,0.0,True,True,0.0,0.0,pass,ok,0.18862178426934406,5.640674889087677,40747016,CI.EMS.--,0
scale2,23040,ok,,0.0,True,True,0.0,0.0,pass,ok,0.16789834608789533,6.655724287033081,40747016,CI.DRE.--,1
deterministic_noise,23040,ok,,0.0,True,True,0.0,0.0,pass,ok,0.16802267322782427,6.466298699378967,40747016,CI.DRE.--,1
scale2,23175,ok,,0.0,True,True,0.0,0.0,pass,ok,0.18277844658587128,5.583122432231903,40747064,CI.EMS.--,0
deterministic_noise,23175,ok,,0.0,True,True,0.0,0.0,pass,ok,0.18280926474835724,5.658342957496643,40747064,CI.EMS.--,0
scale2,23178,ok,,0.0,True,True,0.0,0.0,pass,ok,0.16829809872433543,7.192450761795044,40747064,CI.DRE.--,1
deterministic_noise,23178,ok,,0.0,True,True,0.0,0.0,pass,ok,0.16848674090579152,6.779692649841309,40747064,CI.DRE.--,1
scale2,23073,ok,,0.0,True,True,0.0,0.0,pass,ok,0.1864206725731492,6.821898937225342,40747088,CI.EMS.--,0
deterministic_noise,23073,ok,,0.0,True,True,0.0,0.0,pass,ok,0.18658415134996176,6.804135084152222,40747088,CI.EMS.--,0
scale2,23073,ok,,0.0,True,True,0.0,0.0,pass,ok,0.15407786052674055,7.717474937438965,40747088,CI.DRE.--,1
deterministic_noise,23073,ok,,0.0,True,True,0.0,0.0,pass,ok,0.15391523856669664,7.555052995681763,40747088,CI.DRE.--,1
scale2,23184,ok,,0.0,True,True,0.0,0.0,pass,ok,0.1779751142312307,5.535816490650177,40747376,CI.EMS.--,0
deterministic_noise,23184,ok,,0.0,True,True,0.0,0.0,pass,ok,0.17799491083133034,5.540660560131073,40747376,CI.EMS.--,0
scale2,23187,ok,,0.0,True,True,0.0,0.0,pass,ok,0.1678886606823653,6.489915370941162,40747376,CI.DRE.--,1
deterministic_noise,23187,ok,,0.0,True,True,0.0,0.0,pass,ok,0.16793366824276745,6.3460365533828735,40747376,CI.DRE.--,1
scale2,23172,ok,,0.0,True,True,0.0,0.0,pass,ok,0.19038160966010764,6.535712242126465,40747544,CI.EMS.--,0
deterministic_noise,23172,ok,,0.0,True,True,0.0,0.0,pass,ok,0.19051041378406808,6.617873907089233,40747544,CI.EMS.--,0
scale2,23172,ok,,0.0,True,True,0.0,0.0,pass,ok,0.16535603068768978,8.255199670791626,40747544,CI.DRE.--,1
deterministic_noise,23172,ok,,0.0,True,True,0.0,0.0,pass,ok,0.1656107548624277,7.699462175369263,40747544,CI.DRE.--,1
scale2,23202,ok,,0.0,True,True,0.0,0.0,pass,ok,0.19002600555540994,5.747325628995895,40747552,CI.EMS.--,0
deterministic_noise,23202,ok,,0.0,True,True,0.0,0.0,pass,ok,0.19005353207467124,5.447828263044357,40747552,CI.EMS.--,0
scale2,23202,ok,,0.0,True,True,0.0,0.0,pass,ok,0.16036031901603565,6.5986775159835815,40747552,CI.DRE.--,1
deterministic_noise,23202,ok,,0.0,True,True,0.0,0.0,pass,ok,0.16036302089923993,6.749447822570801,40747552,CI.DRE.--,1
scale2,23202,ok,,0.0,True,True,0.0,0.0,pass,ok,0.19002918915066402,5.352145075798035,37653724,CI.EMS.--,0
deterministic_noise,23202,ok,,0.0,True,True,0.0,0.0,pass,ok,0.19011531754222233,5.425117671489716,37653724,CI.EMS.--,0
scale2,23202,ok,,0.0,True,True,0.0,0.0,pass,ok,0.16049759931502194,5.792156934738159,37653724,CI.DRE.--,1
deterministic_noise,23202,ok,,0.0,True,True,0.0,0.0,pass,ok,0.16049825303616672,5.873699843883514,37653724,CI.DRE.--,1
scale2,23001,ok,,0.0,True,True,0.0,0.0,pass,ok,0.19151882838923484,5.9056396484375,40582559,CI.EMS.--,0
deterministic_noise,23001,ok,,0.0,True,True,0.0,0.0,pass,ok,0.1915701477555558,5.849303245544434,40582559,CI.EMS.--,0
scale2,23001,ok,,0.0,True,True,0.0,0.0,pass,ok,0.1629360739607364,6.668583035469055,40582559,CI.DRE.--,1
deterministic_noise,23001,ok,,0.0,True,True,0.0,0.0,pass,ok,0.16295983153395355,6.6420745849609375,40582559,CI.DRE.--,1
scale2,25239,ok,,0.0,True,True,0.0,0.0,pass,ok,0.07315029762685299,6.790789365768433,40590943,CI.IMP.--,0
deterministic_noise,25239,ok,,0.0,True,True,0.0,0.0,pass,ok,0.07483365572988987,6.866867303848267,40590943,CI.IMP.--,0
scale2,25239,ok,,0.0,True,True,0.0,0.0,pass,ok,0.007904260070063174,2.8430200815200806,40590943,CI.SNR.--,1
deterministic_noise,25239,ok,,0.0,True,True,0.0,0.0,pass,ok,0.007804887252859771,2.925840377807617,40590943,CI.SNR.--,1
scale2,25182,ok,,0.0,True,True,0.0,0.0,pass,ok,0.06618664227426052,6.833412408828735,40591063,CI.IMP.--,0
deterministic_noise,25182,ok,,0.0,True,True,0.0,0.0,pass,ok,0.06982704997062683,7.029773712158203,40591063,CI.IMP.--,0
scale2,25182,ok,,0.0,True,True,0.0,0.0,pass,ok,0.008058890467509627,2.928857445716858,40591063,CI.SNR.--,1
deterministic_noise,25182,ok,,0.0,True,True,0.0,0.0,pass,ok,0.008128212066367269,2.785923421382904,40591063,CI.SNR.--,1
scale2,24804,ok,,0.0,True,True,0.0,0.0,pass,ok,0.06389280827715993,6.842698574066162,40592599,CI.FSR.--,0
deterministic_noise,24804,ok,,0.0,True,True,0.0,0.0,pass,ok,0.06428249878808856,6.665999174118042,40592599,CI.FSR.--,0
scale2,24801,ok,,0.0,True,True,0.0,0.0,pass,ok,0.14317506167571992,5.804845929145813,40592599,CI.SRT.--,1
deterministic_noise,24801,ok,,0.0,True,True,0.0,0.0,pass,ok,0.14315326896030456,5.946800947189331,40592599,CI.SRT.--,1
scale2,23027,ok,,0.0,True,True,0.0,0.0,pass,ok,0.19915051892166957,5.398354381322861,40610487,CI.EMS.--,0
deterministic_noise,23027,ok,,0.0,True,True,0.0,0.0,pass,ok,0.19916556641692296,5.472350388765335,40610487,CI.EMS.--,0
scale2,23028,ok,,0.0,True,True,0.0,0.0,pass,ok,0.17068713204935193,6.671000242233276,40610487,CI.DRE.--,1
deterministic_noise,23028,ok,,0.0,True,True,0.0,0.0,pass,ok,0.1707342783920467,6.460071444511414,40610487,CI.DRE.--,1
scale2,22956,ok,,0.0,True,True,0.0,0.0,pass,ok,0.19977027029381134,6.946223974227905,40614631,CI.EMS.--,0
deterministic_noise,22956,ok,,0.0,True,True,0.0,0.0,pass,ok,0.19997489600791596,6.8087358474731445,40614631,CI.EMS.--,0
scale2,22956,ok,,0.0,True,True,0.0,0.0,pass,ok,0.15996355190873146,7.657039403915405,40614631,CI.DRE.--,1
deterministic_noise,22956,ok,,0.0,True,True,0.0,0.0,pass,ok,0.15988386794924736,7.851230144500732,40614631,CI.DRE.--,1
scale2,22788,ok,,0.0,True,True,0.0,0.0,pass,ok,0.19997394387610257,6.559795141220093,40614639,CI.EMS.--,0
deterministic_noise,22788,ok,,0.0,True,True,0.0,0.0,pass,ok,0.20025795395486057,6.098329424858093,40614639,CI.EMS.--,0
scale2,22788,ok,,0.0,True,True,0.0,0.0,pass,ok,0.16038703732192516,7.07681941986084,40614639,CI.DRE.--,1
deterministic_noise,22788,ok,,0.0,True,True,0.0,0.0,pass,ok,0.1603540200740099,7.239569664001465,40614639,CI.DRE.--,1
scale2,22959,ok,,0.0,True,True,0.0,0.0,pass,ok,0.19854629808105528,5.815590798854828,40614647,CI.EMS.--,0
deterministic_noise,22959,ok,,0.0,True,True,0.0,0.0,pass,ok,0.19863886362873018,5.609388768672943,40614647,CI.EMS.--,0
scale2,22959,ok,,0.0,True,True,0.0,0.0,pass,ok,0.11958361750293989,5.138558864593506,40614647,CI.COA.--,1
deterministic_noise,22959,ok,,0.0,True,True,0.0,0.0,pass,ok,0.11983935946773272,5.035735011100769,40614647,CI.COA.--,1
scale2,22773,ok,,0.0,True,True,0.0,0.0,pass,ok,0.20147456786071416,5.430194705724716,37665244,CI.EMS.--,0
deterministic_noise,22773,ok,,0.0,True,True,0.0,0.0,pass,ok,0.20150100627506617,5.493137627840042,37665244,CI.EMS.--,0
scale2,22770,ok,,0.0,True,True,0.0,0.0,pass,ok,0.12459035339998081,4.936869531869888,37665244,CI.COA.--,1
deterministic_noise,22770,ok,,0.0,True,True,0.0,0.0,pass,ok,0.1246323945815675,4.784331187605858,37665244,CI.COA.--,1
scale2,22992,ok,,0.0,True,True,0.0,0.0,pass,ok,0.20055225232499652,5.438894793391228,37665252,CI.EMS.--,0
deterministic_noise,22992,ok,,0.0,True,True,0.0,0.0,pass,ok,0.2005681123409886,5.285457864403725,37665252,CI.EMS.--,0
scale2,22989,ok,,0.0,True,True,0.0,0.0,pass,ok,0.12440908556163777,4.881110921502113,37665252,CI.COA.--,1
deterministic_noise,22989,ok,,0.0,True,True,0.0,0.0,pass,ok,0.12443234915554058,4.782236322760582,37665252,CI.COA.--,1
scale2,23202,ok,,0.0,True,True,0.0,0.0,pass,ok,0.20144023999455385,7.043283939361572,40614823,CI.EMS.--,0
deterministic_noise,23202,ok,,0.0,True,True,0.0,0.0,pass,ok,0.20165727034327574,7.167761564254761,40614823,CI.EMS.--,0
scale2,23202,ok,,0.0,True,True,0.0,0.0,pass,ok,0.11079863552004099,5.961627125740051,40614823,CI.COA.--,1
deterministic_noise,23202,ok,,0.0,True,True,0.0,0.0,pass,ok,0.1107895215973258,6.179486870765686,40614823,CI.COA.--,1
scale2,24564,ok,,0.0,True,True,0.0,0.0,pass,ok,0.07124352373648435,6.871516942977905,40800256,CI.FSR.--,0
deterministic_noise,24564,ok,,0.0,True,True,0.0,0.0,pass,ok,0.07155001244973391,6.7924933433532715,40800256,CI.FSR.--,0
scale2,24561,ok,,0.0,True,True,0.0,0.0,pass,ok,0.15838477469515055,6.175880551338196,40800256,CI.SRT.--,1
deterministic_noise,24561,ok,,0.0,True,True,0.0,0.0,pass,ok,0.1583541288273409,6.031185269355774,40800256,CI.SRT.--,1
scale2,24402,ok,,0.0,True,True,0.0,0.0,pass,ok,0.06435893755406141,5.8820765018463135,40813512,CI.RRX.--,0
deterministic_noise,24402,ok,,0.0,True,True,0.0,0.0,pass,ok,0.0643075117841363,6.07363224029541,40813512,CI.RRX.--,0
scale2,24402,ok,,0.0,True,True,0.0,0.0,pass,ok,0.13972134108189493,5.64468514919281,40813512,CI.BAW.--,1
deterministic_noise,24402,ok,,0.0,True,True,0.0,0.0,pass,ok,0.13971412961836904,6.430963039398193,40813512,CI.BAW.--,1
scale2,24459,ok,,0.0,True,True,0.0,0.0,pass,ok,0.09894444968085736,5.225684463977814,40660767,CI.WMF.--,0
deterministic_noise,24459,ok,,0.0,True,True,0.0,0.0,pass,ok,0.09897907648701221,5.187524497509003,40660767,CI.WMF.--,0
scale2,24459,ok,,0.0,True,True,0.0,0.0,pass,ok,0.08546182364261767,4.743536472320557,40660767,CI.WRV2.--,1
deterministic_noise,24459,ok,,0.0,True,True,0.0,0.0,pass,ok,0.08543767183982709,4.807389140129089,40660767,CI.WRV2.--,1
scale2,23061,ok,,0.0,True,True,0.0,0.0,pass,ok,0.13676383451092988,4.853958711028099,40669943,CI.MRS.--,0
deterministic_noise,23061,ok,,0.0,True,True,0.0,0.0,pass,ok,0.13678181811701506,5.0936252772808075,40669943,CI.MRS.--,0
scale2,23055,ok,,0.0,True,True,0.0,0.0,pass,ok,0.11368307349766837,4.94107723236084,40669943,CI.SHO.--,1
deterministic_noise,23058,ok,,0.0,True,True,0.0,0.0,pass,ok,0.11368224891339196,5.0571728348731995,40669943,CI.SHO.--,1
scale2,24279,ok,,0.0,True,True,0.0,0.0,pass,ok,0.0677278945222497,6.887596368789673,40675215,CI.RRX.--,1
deterministic_noise,24279,ok,,0.0,True,True,0.0,0.0,pass,ok,0.06490889936685562,7.016432046890259,40675215,CI.RRX.--,1
scale2,24279,ok,,0.0,True,True,0.0,0.0,pass,ok,0.13284062966704369,7.673710584640503,40675215,CI.NBS.--,2
deterministic_noise,24279,ok,,0.0,True,True,0.0,0.0,pass,ok,0.13317963853478432,7.475484132766724,40675215,CI.NBS.--,2
scale2,24255,ok,,0.0,True,True,0.0,0.0,pass,ok,0.06916240556165576,6.304442405700684,40675231,CI.RRX.--,0
deterministic_noise,24255,ok,,0.0,True,True,0.0,0.0,pass,ok,0.06910301046445966,6.195164918899536,40675231,CI.RRX.--,0
scale2,24255,ok,,0.0,True,True,0.0,0.0,pass,ok,0.13404871267266572,5.683972239494324,40675231,CI.NBS.--,2
deterministic_noise,24255,ok,,0.0,True,True,0.0,0.0,pass,ok,0.13406966882757843,5.724462926387787,40675231,CI.NBS.--,2
scale2,23928,ok,,0.0,True,True,0.0,0.0,pass,ok,0.11402334738522768,6.841158390045166,40865192,CI.BAK.--,0
deterministic_noise,23928,ok,,0.0,True,True,0.0,0.0,pass,ok,0.11738998722285032,7.0765063762664795,40865192,CI.BAK.--,0
scale2,23928,ok,,0.0,True,True,0.0,0.0,pass,ok,0.24315966852009296,8.71957516670227,40865192,CI.CVW.--,1
deterministic_noise,23928,ok,,0.0,True,True,0.0,0.0,pass,ok,0.2444204967468977,8.709587812423706,40865192,CI.CVW.--,1
scale2,24042,ok,,0.0,True,True,0.0,0.0,pass,ok,0.2370958123356104,6.466717004776001,37679332,CI.CVW.--,0
deterministic_noise,24042,ok,,0.0,True,True,0.0,0.0,pass,ok,0.23718552850186825,6.916987061500549,37679332,CI.CVW.--,0
scale2,24042,ok,,0.0,True,True,0.0,0.0,pass,ok,0.10287495097145438,6.3918739557266235,37679332,CI.ABL.--,1
deterministic_noise,24042,ok,,0.0,True,True,0.0,0.0,pass,ok,0.1027716682292521,6.331243872642517,37679332,CI.ABL.--,1
scale2,23925,ok,,0.0,True,True,0.0,0.0,pass,ok,0.24455622164532542,7.547964334487915,37679660,CI.CVW.--,1
deterministic_noise,23925,ok,,0.0,True,True,0.0,0.0,pass,ok,0.2445109453983605,7.436939716339111,37679660,CI.CVW.--,1
scale2,23925,ok,,0.0,True,True,0.0,0.0,pass,ok,0.10557111166417599,6.537643194198608,37679660,CI.ABL.--,3
deterministic_noise,23925,ok,,0.0,True,True,0.0,0.0,pass,ok,0.10550092346966267,6.550283312797546,37679660,CI.ABL.--,3
scale2,24141,ok,,0.0,True,True,0.0,0.0,pass,ok,0.2371016263787169,6.29516327381134,40865216,CI.CVW.--,0
deterministic_noise,24141,ok,,0.0,True,True,0.0,0.0,pass,ok,0.23714116515475325,6.409716486930847,40865216,CI.CVW.--,0
scale2,24141,ok,,0.0,True,True,0.0,0.0,pass,ok,0.10276703326962888,6.547232627868652,40865216,CI.ABL.--,1
deterministic_noise,24141,ok,,0.0,True,True,0.0,0.0,pass,ok,0.10270462394692004,6.811833620071411,40865216,CI.ABL.--,1
scale2,24039,ok,,0.0,True,True,0.0,0.0,pass,ok,0.2436661795945838,8.268379926681519,40865232,CI.CVW.--,0
deterministic_noise,24039,ok,,0.0,True,True,0.0,0.0,pass,ok,0.24348457891028374,8.40229845046997,40865232,CI.CVW.--,0
scale2,24039,ok,,0.0,True,True,0.0,0.0,pass,ok,0.10599435633048415,6.930756568908691,40865232,CI.ABL.--,1
deterministic_noise,24039,ok,,0.0,True,True,0.0,0.0,pass,ok,0.10587129229679704,6.821135520935059,40865232,CI.ABL.--,1
scale2,23970,ok,,0.0,True,True,0.0,0.0,pass,ok,0.26235226553399116,6.639362335205078,40865248,CI.CVW.--,0
deterministic_noise,23970,ok,,0.0,True,True,0.0,0.0,pass,ok,0.26239752012770623,6.7633280754089355,40865248,CI.CVW.--,0
scale2,23970,ok,,0.0,True,True,0.0,0.0,pass,ok,0.1638861218234524,5.257988691329956,40865248,CI.TFT.--,2
deterministic_noise,23970,ok,,0.0,True,True,0.0,0.0,pass,ok,0.1638658425072208,5.275428622961044,40865248,CI.TFT.--,2
scale2,24015,ok,,0.0,True,True,0.0,0.0,pass,ok,0.25492311641573906,7.318870782852173,40865280,CI.CVW.--,0
deterministic_noise,24015,ok,,0.0,True,True,0.0,0.0,pass,ok,0.2550412602722645,7.5951666831970215,40865280,CI.CVW.--,0
scale2,24015,ok,,0.0,True,True,0.0,0.0,pass,ok,0.10923078656196594,7.098487854003906,40865280,CI.ABL.--,2
deterministic_noise,24015,ok,,0.0,True,True,0.0,0.0,pass,ok,0.1090325117111206,7.3032755851745605,40865280,CI.ABL.--,2
scale2,23091,ok,,0.0,True,True,0.0,0.0,pass,ok,0.4111224816842878,5.9903345219790936,40866368,CI.CHR.--,0
deterministic_noise,23091,ok,,0.0,True,True,0.0,0.0,pass,ok,0.4111042214826739,6.052262295037508,40866368,CI.CHR.--,0
scale2,23088,ok,,0.0,True,True,0.0,0.0,pass,ok,0.09564000208774814,4.846095025539398,40866368,CI.HRV.--,1
deterministic_noise,23088,ok,,0.0,True,True,0.0,0.0,pass,ok,0.09564970593055477,4.822225242853165,40866368,CI.HRV.--,1
scale2,23940,ok,,0.0,True,True,0.0,0.0,pass,ok,0.25908175617223606,6.482898950576782,40866688,CI.CVW.--,0
deterministic_noise,23940,ok,,0.0,True,True,0.0,0.0,pass,ok,0.25910430640215054,6.590818285942078,40866688,CI.CVW.--,0
scale2,23940,ok,,0.0,True,True,0.0,0.0,pass,ok,0.11257582111284137,6.907665252685547,40866688,CI.ABL.--,1
deterministic_noise,23940,ok,,0.0,True,True,0.0,0.0,pass,ok,0.11237583355978131,6.898501396179199,40866688,CI.ABL.--,1
scale2,23964,ok,,0.0,True,True,0.0,0.0,pass,ok,0.24412931583356112,6.387631773948669,40868176,CI.CVW.--,0
deterministic_noise,23964,ok,,0.0,True,True,0.0,0.0,pass,ok,0.2441603682236746,6.3634562492370605,40868176,CI.CVW.--,0
scale2,23964,ok,,0.0,True,True,0.0,0.0,pass,ok,0.05877923280058894,4.374714910984039,40868176,CI.ARV.--,1
deterministic_noise,23964,ok,,0.0,True,True,0.0,0.0,pass,ok,0.05877737268747296,4.293250024318695,40868176,CI.ARV.--,1
scale2,23910,ok,,0.0,True,True,0.0,0.0,pass,ok,0.2406007875688374,7.5669028759002686,40868336,CI.CVW.--,0
deterministic_noise,23910,ok,,0.0,True,True,0.0,0.0,pass,ok,0.24054408771917224,7.454859256744385,40868336,CI.CVW.--,0
scale2,23910,ok,,0.0,True,True,0.0,0.0,pass,ok,0.11452878039563075,4.93461999297142,40868336,CI.BAK.--,2
deterministic_noise,23910,ok,,0.0,True,True,0.0,0.0,pass,ok,0.11451404768740758,4.941065013408661,40868336,CI.BAK.--,2
scale2,24114,ok,,0.0,True,True,0.0,0.0,pass,ok,0.06160934088984504,4.341747939586639,40869240,CI.ARV.--,0
deterministic_noise,24114,ok,,0.0,True,True,0.0,0.0,pass,ok,0.061603108362760395,4.6512375473976135,40869240,CI.ARV.--,0
scale2,24111,ok,,0.0,True,True,0.0,0.0,pass,ok,0.26099900796543807,7.824735164642334,40869240,CI.CVW.--,1
deterministic_noise,24111,ok,,0.0,True,True,0.0,0.0,pass,ok,0.2611117820488289,8.16008734703064,40869240,CI.CVW.--,1
scale2,23916,ok,,0.0,True,True,0.0,0.0,pass,ok,0.2545675850706175,6.339522957801819,40869472,CI.CVW.--,0
deterministic_noise,23916,ok,,0.0,True,True,0.0,0.0,pass,ok,0.25458518497180194,6.546043872833252,40869472,CI.CVW.--,0
scale2,23916,ok,,0.0,True,True,0.0,0.0,pass,ok,0.12162480940605747,4.8371446542441845,40869472,CI.BAK.--,1
deterministic_noise,23916,ok,,0.0,True,True,0.0,0.0,pass,ok,0.12164119938825024,4.781247336417437,40869472,CI.BAK.--,1
scale2,25137,ok,,0.0,True,True,0.0,0.0,pass,ok,0.11919662356376648,7.393306016921997,40697215,CI.WRC2.--,0
deterministic_noise,25137,ok,,0.0,True,True,0.0,0.0,pass,ok,0.12361777573823929,7.533905982971191,40697215,CI.WRC2.--,0
scale2,25137,ok,,0.0,True,True,0.0,0.0,pass,ok,0.15786830428987741,8.243107795715332,40697215,CI.WCS2.--,1
deterministic_noise,25137,ok,,0.0,True,True,0.0,0.0,pass,ok,0.15899962838739157,8.074851512908936,40697215,CI.WCS2.--,1
scale2,24747,ok,,0.0,True,True,0.0,0.0,pass,ok,0.10168900660937652,5.936884045600891,40708311,CI.SGL.--,0
deterministic_noise,24747,ok,,0.0,True,True,0.0,0.0,pass,ok,0.10160398163134232,5.745448350906372,40708311,CI.SGL.--,0
scale2,24747,ok,,0.0,True,True,0.0,0.0,pass,ok,0.11185115482658148,6.962007999420166,40708311,CI.ELO.--,1
deterministic_noise,24747,ok,,0.0,True,True,0.0,0.0,pass,ok,0.11203532014042139,6.986876487731934,40708311,CI.ELO.--,1
scale2,24522,ok,,0.0,True,True,0.0,0.0,pass,ok,0.08931318949908018,6.549907684326172,40746391,CI.WMF.--,0
deterministic_noise,24522,ok,,0.0,True,True,0.0,0.0,pass,ok,0.08943010587245226,6.595852851867676,40746391,CI.WMF.--,0
scale2,24522,ok,,0.0,True,True,0.0,0.0,pass,ok,0.08424037811346352,7.142610788345337,40746391,CI.WRV2.--,1
deterministic_noise,24522,ok,,0.0,True,True,0.0,0.0,pass,ok,0.08457299950532615,7.031495571136475,40746391,CI.WRV2.--,1
scale2,23643,ok,,0.0,True,True,0.0,0.0,pass,ok,0.10121815069578588,6.478109359741211,40752591,CI.SLA.--,0
deterministic_noise,23643,ok,,0.0,True,True,0.0,0.0,pass,ok,0.10128358588553965,6.392975568771362,40752591,CI.SLA.--,0
scale2,23643,ok,,0.0,True,True,0.0,0.0,pass,ok,0.03204978501889855,3.845146358013153,40752591,CI.DAW.--,1
deterministic_noise,23643,ok,,0.0,True,True,0.0,0.0,pass,ok,0.032070913701318204,3.8119677901268005,40752591,CI.DAW.--,1
scale2,23439,ok,,0.0,True,True,0.0,0.0,pass,ok,0.16385126253589988,6.493992805480957,40755079,CI.DRE.--,0
deterministic_noise,23439,ok,,0.0,True,True,0.0,0.0,pass,ok,0.16391742089763284,6.452735424041748,40755079,CI.DRE.--,0
scale2,23439,ok,,0.0,True,True,0.0,0.0,pass,ok,0.19760269278776832,5.76712030172348,40755079,CI.EMS.--,1
deterministic_noise,23439,ok,,0.0,True,True,0.0,0.0,pass,ok,0.19763992374646477,5.715050578117371,40755079,CI.EMS.--,1
scale2,23457,ok,,0.0,True,True,0.0,0.0,pass,ok,0.16577780188526958,6.690485596656799,40755215,CI.DRE.--,0
deterministic_noise,23457,ok,,0.0,True,True,0.0,0.0,pass,ok,0.16584287642035633,6.5201334953308105,40755215,CI.DRE.--,0
scale2,23457,ok,,0.0,True,True,0.0,0.0,pass,ok,0.20032594319491182,5.594142407178879,40755215,CI.EMS.--,1
deterministic_noise,23457,ok,,0.0,True,True,0.0,0.0,pass,ok,0.20034346762986388,5.514423996210098,40755215,CI.EMS.--,1
scale2,23202,ok,,0.0,True,True,0.0,0.0,pass,ok,0.09922783773436095,4.64240899682045,40958104,CI.AVC.--,0
deterministic_noise,23202,ok,,0.0,True,True,0.0,0.0,pass,ok,0.09921728122935747,4.696953147649765,40958104,CI.AVC.--,0
scale2,23205,ok,,0.0,True,True,0.0,0.0,pass,ok,0.09899138695436704,4.629509285092354,40958104,CI.SOC.--,1
deterministic_noise,23205,ok,,0.0,True,True,0.0,0.0,pass,ok,0.09898955338758242,4.580640479922295,40958104,CI.SOC.--,1
scale2,24480,ok,,0.0,True,True,0.0,0.0,pass,ok,0.0863896501250565,5.2475985288619995,40965744,CI.WMF.--,0
deterministic_noise,24480,ok,,0.0,True,True,0.0,0.0,pass,ok,0.08646200923249125,5.403491497039795,40965744,CI.WMF.--,0
scale2,24480,ok,,0.0,True,True,0.0,0.0,pass,ok,0.09092510514892638,6.414081573486328,40965744,CI.WRV2.--,1
deterministic_noise,24480,ok,,0.0,True,True,0.0,0.0,pass,ok,0.09094877517782152,6.172368049621582,40965744,CI.WRV2.--,1
scale2,23331,ok,,0.0,True,True,0.0,0.0,pass,ok,0.10460409017832717,4.634771661832929,40966152,CI.AVC.--,0
deterministic_noise,23331,ok,,0.0,True,True,0.0,0.0,pass,ok,0.10459843782155076,4.684569044038653,40966152,CI.AVC.--,0
scale2,23331,ok,,0.0,True,True,0.0,0.0,pass,ok,0.07497373178193811,4.391145974397659,40966152,CI.SOC.--,1
deterministic_noise,23331,ok,,0.0,True,True,0.0,0.0,pass,ok,0.07496868864109274,4.484325781464577,40966152,CI.SOC.--,1
scale2,25200,ok,,0.0,True,True,0.0,0.0,pass,ok,0.14625026378780603,7.609442472457886,40792599,CI.WCS2.--,0
deterministic_noise,25200,ok,,0.0,True,True,0.0,0.0,pass,ok,0.14617663528770208,7.3809614181518555,40792599,CI.WCS2.--,0
scale2,25200,ok,,0.0,True,True,0.0,0.0,pass,ok,0.0799775873310864,5.976894378662109,40792599,CI.WRV2.--,1
deterministic_noise,25200,ok,,0.0,True,True,0.0,0.0,pass,ok,0.07953815860673785,5.750116348266602,40792599,CI.WRV2.--,1
scale2,21366,ok,,0.0,True,True,0.0,0.0,pass,ok,0.0739133560564369,5.002876818180084,40995120,CI.OLP.--,0
deterministic_noise,21366,ok,,0.0,True,True,0.0,0.0,pass,ok,0.07386107207275927,4.750150263309479,40995120,CI.OLP.--,0
scale2,21369,ok,,0.0,True,True,0.0,0.0,pass,ok,0.06433683441900939,4.3636787086725235,40995120,CI.SDG.--,1
deterministic_noise,21369,ok,,0.0,True,True,0.0,0.0,pass,ok,0.06433870090222626,4.2767060697078705,40995120,CI.SDG.--,1
scale2,24792,ok,,0.0,True,True,0.0,0.0,pass,ok,0.16012377734296024,6.458411335945129,40827375,CI.WNM.--,0
deterministic_noise,24792,ok,,0.0,True,True,0.0,0.0,pass,ok,0.1601678163278848,6.468661665916443,40827375,CI.WNM.--,0
scale2,24792,ok,,0.0,True,True,0.0,0.0,pass,ok,0.0741840653354302,5.698277115821838,40827375,CI.WBP.--,1
deterministic_noise,24792,ok,,0.0,True,True,0.0,0.0,pass,ok,0.07476189208682626,5.894502401351929,40827375,CI.WBP.--,1
